日期,原始开盘价,原始最高价,原始最低价,原始收盘价,昨日收盘价,成交量,成交额,换手率,振幅,复权因子,前复权收盘价,涨停价,跌停价,是否停牌_x,是否可交易_x,是否市场开市,是否有行情,是否停牌_y,是否可交易_y,复牌首日,距离上次交易日天数,是否生成次日收益标签,数据质量状态
2016-01-04,22.5,22.67,20.26,20.26,22.51,3720042.0,78243700.0,2.62,10.71,0.687562,13.93,24.76,20.26,False,True,True,True,False,True,False,,True,正常
2016-01-05,19.3,19.6,18.42,19.4,20.26,5100525.0,97226600.0,3.59,5.82,0.684021,13.27,22.29,18.23,False,True,True,True,False,True,False,1,True,正常
2016-01-06,19.39,19.78,19.13,19.7,19.4,3524016.0000000005,68659500.0,2.48,3.35,0.685279,13.5,21.34,17.46,False,True,True,True,False,True,False,1,True,正常
2016-01-07,19.38,19.38,17.73,17.73,19.7,1100658.0,19991900.0,0.77,8.38,0.676255,11.99,21.67,17.73,False,True,True,True,False,True,False,1,True,正常
2016-01-08,18.3,18.53,16.1,18.5,17.73,4665959.0,82791700.0,3.28,13.71,0.68,12.58,19.5,15.96,False,True,True,True,False,True,False,1,True,正常
2016-01-11,17.8,18.17,16.72,16.76,18.5,3175589.0,55579600.0,2.24,7.84,0.670644,11.24,20.35,16.65,False,True,True,True,False,True,False,3,True,正常
2016-01-12,16.78,17.39,15.9,16.39,16.76,2708522.0,44904200.0,1.91,8.89,0.6687,10.96,18.44,15.08,False,True,True,True,False,True,False,1,True,正常
2016-01-13,16.41,16.71,15.8,15.82,16.39,2259907.0,36999800.0,1.59,5.55,0.664981,10.52,18.03,14.75,False,True,True,True,False,True,False,1,True,正常
2016-01-14,15.49,16.4,15.15,16.3,15.82,2061467.0,32775900.0,1.45,7.9,0.668098,10.89,17.4,14.24,False,True,True,True,False,True,False,1,True,正常
2016-01-15,16.2,16.68,15.65,15.98,16.3,2397285.0,38823500.0,1.69,6.32,0.665832,10.64,17.93,14.67,False,True,True,True,False,True,False,1,True,正常
2016-01-18,15.9,16.84,15.71,16.45,15.98,2138260.0,35051400.0,1.51,7.07,0.668693,11.0,17.58,14.38,False,True,True,True,False,True,False,3,True,正常
2016-01-19,16.4,16.96,16.4,16.96,16.45,2420060.0,40507700.0,1.7,3.4,0.67217,11.4,18.1,14.8,False,True,True,True,False,True,False,1,True,正常
2016-01-20,16.8,17.21,16.56,16.62,16.96,2498915.0,41930700.0,1.76,3.83,0.669675,11.13,18.66,15.26,False,True,True,True,False,True,False,1,True,正常
2016-01-21,16.45,16.78,15.88,16.35,16.62,2208059.0,36231100.0,1.55,5.42,0.668502,10.93,18.28,14.96,False,True,True,True,False,True,False,1,True,正常
2016-01-22,16.34,16.55,16.0,16.37,16.35,1770198.0,28759700.0,1.25,3.36,0.668296,10.94,17.99,14.72,False,True,True,True,False,True,False,1,True,正常
2016-01-25,16.5,16.86,16.4,16.63,16.37,1733915.0000000002,28870100.000000004,1.22,2.81,0.669874,11.14,18.01,14.73,False,True,True,True,False,True,False,3,True,正常
2016-01-26,16.28,16.55,15.0,15.5,16.63,2572588.0,40597600.0,1.81,9.32,0.662581,10.27,18.29,14.97,False,True,True,True,False,True,False,1,True,正常
2016-01-27,15.22,15.47,14.35,15.45,15.5,2299723.0,34639400.0,1.62,7.23,0.662136,10.23,17.05,13.95,False,True,True,True,False,True,False,1,True,正常
2016-01-28,15.33,16.26,15.12,15.55,15.45,2044403.0,32126200.0,1.44,7.38,0.663023,10.31,17.0,13.9,False,True,True,True,False,True,False,1,True,正常
2016-01-29,15.21,15.95,15.21,15.82,15.55,1810028.0,28350700.0,1.27,4.76,0.664981,10.52,17.1,14.0,False,True,True,True,False,True,False,1,True,正常
2016-02-01,15.55,15.85,15.41,15.59,15.82,892666.0,13967500.0,0.63,2.78,0.663246,10.34,17.4,14.24,False,True,True,True,False,True,False,3,True,正常
2016-02-02,15.58,16.24,15.58,16.1,15.59,1623643.0,25904100.0,1.14,4.23,0.66646,10.73,17.15,14.03,False,True,True,True,False,True,False,1,True,正常
2016-02-03,15.93,16.1,15.79,16.03,16.1,1163173.0,18538300.0,0.82,1.93,0.666251,10.68,17.71,14.49,False,True,True,True,False,True,False,1,True,正常
2016-02-04,16.5,17.5,16.49,17.5,16.03,3024957.0,51001899.99999999,2.13,6.3,0.674857,11.81,17.63,14.43,False,True,True,True,False,True,False,1,True,正常
2016-02-05,16.51,17.77,16.51,17.02,17.5,2903845.0,49826600.0,2.04,7.2,0.67215,11.44,19.25,15.75,False,True,True,True,False,True,False,1,True,正常
2016-02-15,16.49,17.1,16.22,17.02,17.02,1759748.0,29398000.0,1.24,5.17,0.67215,11.44,18.72,15.32,False,True,True,True,False,True,False,10,True,正常
2016-02-16,17.0,17.59,17.0,17.43,17.02,3311555.0000000005,57480500.0,2.33,3.47,0.674699,11.76,18.72,15.32,False,True,True,True,False,True,False,1,True,正常
2016-02-17,17.35,17.35,17.0,17.29,17.43,2421469.0,41602000.0,1.7,2.01,0.6738,11.65,19.17,15.69,False,True,True,True,False,True,False,1,True,正常
2016-02-18,17.37,17.55,17.12,17.18,17.29,2566199.0,44457700.00000001,1.81,2.49,0.672875,11.56,19.02,15.56,False,True,True,True,False,True,False,1,True,正常
2016-02-19,17.1,17.48,17.03,17.28,17.18,1818553.0,31465700.0,1.28,2.62,0.673611,11.64,18.9,15.46,False,True,True,True,False,True,False,1,True,正常
2016-02-22,17.3,17.85,17.25,17.74,17.28,2787444.0,48839100.0,1.96,3.47,0.676437,12.0,19.01,15.55,False,True,True,True,False,True,False,3,True,正常
2016-02-23,17.83,18.5,17.31,18.11,17.74,4523432.0,80681400.0,3.18,6.71,0.678078,12.28,19.51,15.97,False,True,True,True,False,True,False,1,True,正常
2016-02-24,17.97,18.34,17.69,18.05,18.11,3600212.9999999995,64873600.0,2.53,3.59,0.677562,12.23,19.92,16.3,False,True,True,True,False,True,False,1,True,正常
2016-02-25,17.85,18.12,16.25,16.25,18.05,4616092.0,78690400.0,3.25,10.36,0.667692,10.85,19.86,16.24,False,True,True,True,False,True,False,1,True,正常
2016-02-26,16.3,16.59,15.8,16.38,16.25,1996924.0,32532100.0,1.41,4.86,0.668498,10.95,17.88,14.62,False,True,True,True,False,True,False,1,False,正常
2016-09-08,17.95,17.95,17.95,17.95,16.38,188758.0,3388200.0,0.07,0.0,0.679666,12.2,18.02,14.74,False,True,True,True,False,True,True,195,True,复牌首日
2016-09-09,19.75,19.75,19.75,19.75,17.95,775138.0,15309000.0,0.29,0.0,0.688101,13.59,19.74,16.16,False,True,True,True,False,True,False,1,True,正常
2016-09-12,20.0,21.73,19.79,21.0,19.75,22235738.0,464456800.0,8.42,9.82,0.692857,14.55,21.72,17.78,False,True,True,True,False,True,False,3,True,正常
2016-09-13,20.4,22.39,20.2,22.34,21.0,21900716.0,473653900.0,8.3,10.43,0.697404,15.58,23.1,18.9,False,True,True,True,False,True,False,1,True,正常
2016-09-14,21.91,21.98,20.15,20.75,22.34,13817778.0,290057500.0,5.23,8.19,0.692048,14.36,24.57,20.11,False,True,True,True,False,True,False,1,True,正常
2016-09-19,20.74,20.75,19.91,20.5,20.75,8625449.0,174453800.0,3.27,4.05,0.69122,14.17,22.83,18.68,False,True,True,True,False,True,False,5,True,正常
2016-09-20,20.39,20.56,20.06,20.5,20.5,7083828.0,143750000.0,2.68,2.44,0.69122,14.17,22.55,18.45,False,True,True,True,False,True,False,1,True,正常
2016-09-21,20.32,20.32,19.62,19.66,20.5,7863788.0,156720100.0,2.98,3.41,0.687691,13.52,22.55,18.45,False,True,True,True,False,True,False,1,True,正常
2016-09-22,19.87,19.97,19.53,19.93,19.66,6862938.0,135640900.0,2.6,2.24,0.688911,13.73,21.63,17.69,False,True,True,True,False,True,False,1,True,正常
2016-09-23,19.81,20.2,19.6,19.9,19.93,6887488.0,137401100.0,2.61,3.01,0.688442,13.7,21.92,17.94,False,True,True,True,False,True,False,1,True,正常
2016-09-26,19.97,20.2,19.04,19.17,19.9,5823829.0,115329300.0,2.21,5.83,0.685446,13.14,21.89,17.91,False,True,True,True,False,True,False,3,True,正常
2016-09-27,18.95,19.27,18.12,18.6,19.17,6689964.999999999,123916200.0,2.53,6.0,0.682796,12.7,21.09,17.25,False,True,True,True,False,True,False,1,True,正常
2016-09-28,18.74,18.8,18.2,18.23,18.6,4000547.0,73688900.0,1.52,3.23,0.681295,12.42,20.46,16.74,False,True,True,True,False,True,False,1,True,正常
2016-09-29,18.26,18.46,18.13,18.15,18.23,3414021.0,62391899.99999999,1.29,1.81,0.680992,12.36,20.05,16.41,False,True,True,True,False,True,False,1,True,正常
2016-09-30,18.15,18.27,17.96,18.02,18.15,3032841.0,54761800.0,1.15,1.71,0.680355,12.26,19.96,16.34,False,True,True,True,False,True,False,1,True,正常
2016-10-10,18.04,18.64,18.03,18.58,18.02,4276604.0,78800800.0,1.62,3.39,0.682992,12.69,19.82,16.22,False,True,True,True,False,True,False,10,True,正常
2016-10-11,18.57,18.91,18.35,18.91,18.58,5593427.0,104062600.0,2.12,3.01,0.684294,12.94,20.44,16.72,False,True,True,True,False,True,False,1,True,正常
2016-10-12,18.77,18.78,18.44,18.69,18.91,4112077.0,76475200.0,1.56,1.8,0.683253,12.77,20.8,17.02,False,True,True,True,False,True,False,1,True,正常
2016-10-13,18.6,18.87,18.57,18.8,18.69,4302084.0,80444200.0,1.63,1.61,0.684043,12.86,20.56,16.82,False,True,True,True,False,True,False,1,True,正常
2016-10-14,18.78,18.78,18.02,18.11,18.8,7744264.0,141086000.0,2.93,4.04,0.680839,12.33,20.68,16.92,False,True,True,True,False,True,False,1,True,正常
2016-10-17,18.1,18.11,17.15,17.38,18.11,8398506.0,147687500.0,3.18,5.3,0.677215,11.77,19.92,16.3,False,True,True,True,False,True,False,3,True,正常
2016-10-18,17.38,17.7,17.34,17.66,17.38,3872697.0,67911300.0,1.47,2.07,0.678369,11.98,19.12,15.64,False,True,True,True,False,True,False,1,True,正常
2016-10-19,17.7,17.75,17.49,17.68,17.66,3665135.0,64539500.0,1.39,1.47,0.678733,12.0,19.43,15.89,False,True,True,True,False,True,False,1,True,正常
2016-10-20,17.67,18.0,17.59,18.0,17.68,5082547.0,90712700.0,1.93,2.32,0.68,12.24,19.45,15.91,False,True,True,True,False,True,False,1,True,正常
2016-10-21,18.1,18.13,17.56,17.77,18.0,5601185.0,99928600.0,2.12,3.17,0.679235,12.07,19.8,16.2,False,True,True,True,False,True,False,1,True,正常
2016-10-24,17.69,18.0,17.5,17.91,17.77,4539735.0,80812800.0,1.72,2.81,0.679509,12.17,19.55,15.99,False,True,True,True,False,True,False,3,True,正常
2016-10-25,17.85,18.09,17.7,17.82,17.91,3977902.0,71032300.0,1.51,2.18,0.679012,12.1,19.7,16.12,False,True,True,True,False,True,False,1,True,正常
2016-10-26,17.93,17.97,17.54,17.75,17.82,3734381.0,66243900.0,1.41,2.41,0.678873,12.05,19.6,16.04,False,True,True,True,False,True,False,1,True,正常
2016-10-27,17.75,17.95,17.66,17.8,17.75,4154549.0,73961700.0,1.57,1.63,0.679213,12.09,19.53,15.98,False,True,True,True,False,True,False,1,True,正常
2016-10-28,17.79,17.85,17.23,17.23,17.8,4589592.0,80135600.0,1.74,3.48,0.676146,11.65,19.58,16.02,False,True,True,True,False,True,False,1,True,正常
2016-10-31,17.1,17.18,16.8,17.16,17.23,4302215.0,73198900.0,1.63,2.21,0.675991,11.6,18.95,15.51,False,True,True,True,False,True,False,3,True,正常
2016-11-01,17.18,17.32,17.02,17.26,17.16,3760470.0,64659399.99999999,1.42,1.75,0.67613,11.67,18.88,15.44,False,True,True,True,False,True,False,1,True,正常
2016-11-02,17.26,17.26,16.79,16.85,17.26,4850631.0,82266200.00000001,1.84,2.72,0.674184,11.36,18.99,15.53,False,True,True,True,False,True,False,1,True,正常
2016-11-03,16.76,17.18,16.63,17.06,16.85,4807335.0,81714400.0,1.82,3.26,0.675264,11.52,18.54,15.16,False,True,True,True,False,True,False,1,True,正常
2016-11-04,16.97,17.0,16.66,16.68,17.06,7144081.0,119549100.0,2.71,1.99,0.673261,11.23,18.77,15.35,False,True,True,True,False,True,False,1,True,正常
2016-11-07,16.72,16.86,16.57,16.79,16.68,3520117.0,58898200.0,1.33,1.74,0.673615,11.31,18.35,15.01,False,True,True,True,False,True,False,3,True,正常
2016-11-08,16.85,16.97,16.68,16.73,16.79,5971930.0,100218000.0,2.26,1.73,0.67364,11.27,18.47,15.11,False,True,True,True,False,True,False,1,True,正常
2016-11-09,16.79,16.82,16.35,16.67,16.73,5405033.0,90028700.00000001,2.05,2.81,0.673065,11.22,18.4,15.06,False,True,True,True,False,True,False,1,True,正常
2016-11-10,17.47,18.34,17.33,18.34,16.67,23070807.0,408540200.0,8.74,6.06,0.68157,12.5,18.34,15.0,False,True,True,True,False,True,False,1,True,正常
2016-11-11,18.73,19.68,18.45,19.12,18.34,35219626.0,671757100.0000001,13.34,6.71,0.685146,13.1,20.17,16.51,False,True,True,True,False,True,False,1,True,正常
2016-11-14,18.76,20.15,18.4,19.65,19.12,29911693.0,573371100.0,11.33,9.15,0.687532,13.51,21.03,17.21,False,True,True,True,False,True,False,3,True,正常
2016-11-15,19.4,20.16,19.17,19.2,19.65,22628135.0,441981800.0,8.57,5.04,0.685938,13.17,21.62,17.68,False,True,True,True,False,True,False,1,True,正常
2016-11-16,19.25,19.34,18.7,18.91,19.2,15545763.0,293575300.0,5.89,3.33,0.684294,12.94,21.12,17.28,False,True,True,True,False,True,False,1,True,正常
2016-11-17,18.7,19.08,18.58,18.62,18.91,10016810.0,188059500.0,3.79,2.64,0.683136,12.72,20.8,17.02,False,True,True,True,False,True,False,1,True,正常
2016-11-18,18.51,18.61,18.09,18.17,18.62,10906542.0,199378000.0,4.13,2.79,0.680793,12.37,20.48,16.76,False,True,True,True,False,True,False,1,True,正常
2016-11-21,18.18,18.34,18.0,18.17,18.17,7769905.0,141016600.0,2.94,1.87,0.680793,12.37,19.99,16.35,False,True,True,True,False,True,False,3,True,正常
2016-11-22,18.25,18.28,18.04,18.28,18.17,7324728.0,133021400.0,2.78,1.32,0.681619,12.46,19.99,16.35,False,True,True,True,False,True,False,1,True,正常
2016-11-23,18.29,18.29,17.81,17.86,18.28,8049692.999999999,145213700.0,3.05,2.63,0.679731,12.14,20.11,16.45,False,True,True,True,False,True,False,1,True,正常
2016-11-24,17.83,18.03,17.36,17.5,17.86,7758549.000000001,136932800.0,3.83,3.75,0.677714,11.86,19.65,16.07,False,True,True,True,False,True,False,1,True,正常
2016-11-25,17.66,17.68,17.12,17.62,17.5,5962564.0,103912000.0,2.95,3.2,0.678207,11.95,19.25,15.75,False,True,True,True,False,True,False,1,True,正常
2016-11-28,17.74,18.97,17.69,18.65,17.62,17990287.0,330822100.0,8.89,7.26,0.68311,12.74,19.38,15.86,False,True,True,True,False,True,False,3,True,正常
2016-11-29,18.41,18.6,17.94,18.01,18.65,10360381.0,188767800.0,5.12,3.54,0.680178,12.25,20.52,16.78,False,True,True,True,False,True,False,1,True,正常
2016-11-30,17.9,17.95,17.3,17.38,18.01,7115492.999999999,124301900.0,3.51,3.61,0.677215,11.77,19.81,16.21,False,True,True,True,False,True,False,1,True,正常
2016-12-01,17.4,17.55,17.22,17.44,17.38,5335500.0,92550600.0,2.64,1.9,0.677179,11.81,19.12,15.64,False,True,True,True,False,True,False,1,True,正常
2016-12-02,17.55,17.55,16.92,16.93,17.44,5739480.0,98262600.0,2.84,3.61,0.674542,11.42,19.18,15.7,False,True,True,True,False,True,False,1,True,正常
2016-12-05,16.8,16.97,16.58,16.69,16.93,3222439.0,54013700.0,1.59,2.3,0.673457,11.24,18.62,15.24,False,True,True,True,False,True,False,3,True,正常
2016-12-06,16.8,16.95,16.74,16.95,16.69,3061168.0,51613000.0,1.51,1.26,0.674926,11.44,18.36,15.02,False,True,True,True,False,True,False,1,True,正常
2016-12-07,16.96,17.03,16.78,16.95,16.95,2837442.0,47998700.0,1.4,1.47,0.674926,11.44,18.64,15.26,False,True,True,True,False,True,False,1,True,正常
2016-12-08,17.03,17.19,16.81,16.81,16.95,3279082.0,55823300.0,1.62,2.24,0.674004,11.33,18.64,15.26,False,True,True,True,False,True,False,1,True,正常
2016-12-09,16.9,17.07,16.69,17.06,16.81,3906039.0,65759799.99999999,1.93,2.26,0.675264,11.52,18.49,15.13,False,True,True,True,False,True,False,1,True,正常
2016-12-12,17.03,17.05,16.0,16.0,17.06,5043577.0,83010500.0,2.49,6.15,0.66875,10.7,18.77,15.35,False,True,True,True,False,True,False,3,True,正常
2016-12-13,16.05,16.22,15.92,16.13,16.0,3834570.0,61678400.0,1.89,1.87,0.66956,10.8,17.6,14.4,False,True,True,True,False,True,False,1,True,正常
2016-12-14,16.14,16.16,15.71,15.74,16.13,3204925.0,50931700.0,1.58,2.79,0.66709,10.5,17.74,14.52,False,True,True,True,False,True,False,1,True,正常
2016-12-15,15.78,16.09,15.72,15.96,15.74,2548364.0,40612700.0,1.26,2.35,0.668546,10.67,17.31,14.17,False,True,True,True,False,True,False,1,True,正常
2016-12-16,16.05,16.45,16.02,16.41,15.96,4382493.0,71612800.0,2.16,2.69,0.671542,11.02,17.56,14.36,False,True,True,True,False,True,False,1,True,正常
2016-12-19,16.35,16.35,16.01,16.12,16.41,2758510.0,44529600.0,1.36,2.07,0.669975,10.8,18.05,14.77,False,True,True,True,False,True,False,3,True,正常
2016-12-20,16.25,17.09,16.05,16.8,16.12,7154091.0,119251000.0,3.53,6.45,0.67381,11.32,17.73,14.51,False,True,True,True,False,True,False,1,True,正常
2016-12-21,16.74,16.87,16.59,16.85,16.8,4832490.0,80846300.0,2.39,1.67,0.674184,11.36,18.48,15.12,False,True,True,True,False,True,False,1,True,正常
2016-12-22,16.72,16.8,16.56,16.7,16.85,3006895.0,50183600.0,1.49,1.42,0.673054,11.24,18.54,15.16,False,True,True,True,False,True,False,1,True,正常
2016-12-23,16.69,16.69,16.15,16.25,16.7,3465000.0,56733100.00000001,1.71,3.23,0.670769,10.9,18.37,15.03,False,True,True,True,False,True,False,1,True,正常
2016-12-26,16.1,16.15,15.67,16.08,16.25,4038455.000000001,64529399.99999999,1.99,2.95,0.669776,10.77,17.88,14.62,False,True,True,True,False,True,False,3,True,正常
2016-12-27,16.11,16.2,16.01,16.06,16.08,2807407.0,45185300.0,1.39,1.18,0.669365,10.75,17.69,14.47,False,True,True,True,False,True,False,1,True,正常
2016-12-28,16.09,16.29,15.95,16.03,16.06,2679149.0,43095700.0,1.32,2.12,0.66937,10.73,17.67,14.45,False,True,True,True,False,True,False,1,True,正常
2016-12-29,15.89,16.15,15.81,15.97,16.03,2152218.0,34449400.0,1.06,2.12,0.668754,10.68,17.63,14.43,False,True,True,True,False,True,False,1,True,正常
2016-12-30,16.0,16.1,15.9,15.9,15.97,2220300.0,35496400.0,1.1,1.25,0.668553,10.63,17.57,14.37,False,True,True,True,False,True,False,1,True,正常
2017-01-03,15.92,16.16,15.9,16.12,15.9,2291072.0,36830700.0,1.13,1.64,0.669975,10.8,17.49,14.31,False,True,True,True,False,True,False,4,True,正常
2017-01-04,16.1,16.35,15.98,16.35,16.12,3714999.0,60190900.0,1.84,2.3,0.670948,10.97,17.73,14.51,False,True,True,True,False,True,False,1,True,正常
2017-01-05,16.37,16.48,16.21,16.26,16.35,3198031.0,52124000.0,1.58,1.65,0.670357,10.9,17.99,14.72,False,True,True,True,False,True,False,1,True,正常
2017-01-06,16.25,17.33,16.12,16.5,16.26,7581644.0,126534700.0,3.75,7.44,0.672121,11.09,17.89,14.63,False,True,True,True,False,True,False,1,True,正常
2017-01-09,16.44,16.6,16.23,16.54,16.5,3548487.9999999995,58336500.0,1.75,2.24,0.67231,11.12,18.15,14.85,False,True,True,True,False,True,False,3,True,正常
2017-01-10,16.48,16.76,16.4,16.55,16.54,3494432.0,58135200.00000001,1.73,2.18,0.672508,11.13,18.19,14.89,False,True,True,True,False,True,False,1,True,正常
2017-01-11,16.68,16.85,16.39,16.4,16.55,3910393.0,64967100.0,1.93,2.78,0.671341,11.01,18.21,14.9,False,True,True,True,False,True,False,1,True,正常
2017-01-12,16.22,16.39,16.02,16.08,16.4,2660518.0,43043300.0,1.31,2.26,0.669776,10.77,18.04,14.76,False,True,True,True,False,True,False,1,True,正常
2017-01-13,16.09,16.19,15.75,15.75,16.08,2821160.0,44948900.0,1.39,2.74,0.667302,10.51,17.69,14.47,False,True,True,True,False,True,False,1,True,正常
2017-01-16,15.72,15.82,14.31,14.81,15.75,4168478.0,62985100.0,2.06,9.59,0.66104,9.79,17.33,14.18,False,True,True,True,False,True,False,3,True,正常
2017-01-17,14.7,14.99,14.56,14.95,14.81,2259633.0,33419600.0,1.12,2.9,0.662207,9.9,16.29,13.33,False,True,True,True,False,True,False,1,True,正常
2017-01-18,14.88,15.28,14.82,14.98,14.95,2081148.0,31372200.0,1.03,3.08,0.662216,9.92,16.44,13.46,False,True,True,True,False,True,False,1,True,正常
2017-01-19,14.96,15.12,14.9,14.91,14.98,1421587.0,21353900.0,0.7,1.47,0.661972,9.87,16.48,13.48,False,True,True,True,False,True,False,1,True,正常
2017-01-20,14.91,15.23,14.81,15.1,14.91,1894532.0,28636800.0,0.94,2.82,0.662914,10.01,16.4,13.42,False,True,True,True,False,True,False,1,True,正常
2017-01-23,15.1,15.36,15.1,15.18,15.1,1966559.0,29956200.0,0.97,1.72,0.663373,10.07,16.61,13.59,False,True,True,True,False,True,False,3,True,正常
2017-01-24,15.28,15.35,15.1,15.25,15.18,1985300.0,30217100.0,0.98,1.65,0.664262,10.13,16.7,13.66,False,True,True,True,False,True,False,1,True,正常
2017-01-25,15.2,15.34,15.16,15.18,15.25,1435069.0,21859200.0,0.71,1.18,0.663373,10.07,16.78,13.72,False,True,True,True,False,True,False,1,True,正常
2017-01-26,15.13,15.24,15.11,15.2,15.18,1238451.0,18798700.0,0.61,0.86,0.663816,10.09,16.7,13.66,False,True,True,True,False,True,False,1,True,正常
2017-02-03,15.19,15.3,14.93,15.3,15.2,1628064.0,24609300.0,0.8,2.43,0.664706,10.17,16.72,13.68,False,True,True,True,False,True,False,8,True,正常
2017-02-06,15.33,15.36,15.21,15.35,15.3,2172065.0,33217800.000000004,1.07,0.98,0.664495,10.2,16.83,13.77,False,True,True,True,False,True,False,3,True,正常
2017-02-07,15.34,15.44,15.18,15.39,15.35,2548081.0,38930400.0,1.26,1.69,0.665367,10.24,16.89,13.82,False,True,True,True,False,True,False,1,True,正常
2017-02-08,16.3,16.93,16.23,16.93,15.39,11302166.0,189141600.0,5.58,4.55,0.674542,11.42,16.93,13.85,False,True,True,True,False,True,False,1,True,正常
2017-02-09,17.4,17.55,16.9,17.06,16.93,24978264.0,429079500.0,12.34,3.84,0.675264,11.52,18.62,15.24,False,True,True,True,False,True,False,1,True,正常
2017-02-10,16.83,17.5,16.48,17.08,17.06,19117335.0,325663500.0,9.44,5.98,0.675644,11.54,18.77,15.35,False,True,True,True,False,True,False,1,True,正常
2017-02-13,16.77,17.16,16.65,17.12,17.08,11593708.0,196070000.0,5.73,2.99,0.675818,11.57,18.79,15.37,False,True,True,True,False,True,False,3,True,正常
2017-02-14,16.96,17.08,16.77,16.83,17.12,6846092.999999999,115607800.0,3.38,1.81,0.673797,11.34,18.83,15.41,False,True,True,True,False,True,False,1,True,正常
2017-02-15,16.75,17.1,16.38,16.56,16.83,10135176.0,169338500.0,5.01,4.28,0.672705,11.14,18.51,15.15,False,True,True,True,False,True,False,1,True,正常
2017-02-16,16.45,16.91,16.39,16.78,16.56,7462345.0,124792000.0,3.69,3.14,0.673421,11.3,18.22,14.9,False,True,True,True,False,True,False,1,True,正常
2017-02-17,16.57,17.52,16.52,17.26,16.78,18041754.0,310586800.0,8.91,5.96,0.67613,11.67,18.46,15.1,False,True,True,True,False,True,False,1,True,正常
2017-02-20,17.31,17.77,17.15,17.3,17.26,11787029.0,204774100.0,5.82,3.59,0.676301,11.7,18.99,15.53,False,True,True,True,False,True,False,3,True,正常
2017-02-21,17.27,17.32,17.05,17.29,17.3,7308098.0,125457900.0,3.61,1.56,0.676692,11.7,19.03,15.57,False,True,True,True,False,True,False,1,True,正常
2017-02-22,17.32,17.52,17.08,17.13,17.29,6506940.0,112041200.0,3.21,2.54,0.675423,11.57,19.02,15.56,False,True,True,True,False,True,False,1,True,正常
2017-02-23,17.06,17.1,16.68,16.84,17.13,6697277.0,112672300.0,3.31,2.45,0.67399,11.35,18.84,15.42,False,True,True,True,False,True,False,1,True,正常
2017-02-24,16.8,16.96,16.67,16.85,16.84,4074009.0,68387400.0,2.01,1.72,0.674184,11.36,18.52,15.16,False,True,True,True,False,True,False,1,True,正常
2017-02-27,16.88,16.88,16.62,16.74,16.85,3439231.0,57570000.0,1.7,1.54,0.673238,11.27,18.54,15.16,False,True,True,True,False,True,False,3,True,正常
2017-02-28,16.73,16.93,16.68,16.85,16.74,2896670.0,48679000.0,1.43,1.49,0.674184,11.36,18.41,15.07,False,True,True,True,False,True,False,1,True,正常
2017-03-01,16.84,16.93,16.72,16.79,16.85,3217000.0,54123300.0,1.59,1.25,0.673615,11.31,18.54,15.16,False,True,True,True,False,True,False,1,True,正常
2017-03-02,16.76,16.79,16.4,16.4,16.79,4949086.0,82035800.0,2.44,2.32,0.671341,11.01,18.47,15.11,False,True,True,True,False,True,False,1,True,正常
2017-03-03,16.27,16.4,16.08,16.23,16.4,3576250.0,58034200.0,1.77,1.95,0.670364,10.88,18.04,14.76,False,True,True,True,False,True,False,1,True,正常
2017-03-06,16.25,16.43,16.2,16.39,16.23,2885850.0,47141700.0,1.43,1.42,0.671141,11.0,17.85,14.61,False,True,True,True,False,True,False,3,True,正常
2017-03-07,16.42,16.9,16.32,16.78,16.39,5631497.0,93947700.0,2.78,3.54,0.673421,11.3,18.03,14.75,False,True,True,True,False,True,False,1,True,正常
2017-03-08,16.71,16.72,16.53,16.54,16.78,3300701.0,54737100.0,1.63,1.13,0.67231,11.12,18.46,15.1,False,True,True,True,False,True,False,1,True,正常
2017-03-09,16.54,16.56,16.24,16.27,16.54,2564571.0,41837900.0,1.27,1.93,0.670559,10.91,18.19,14.89,False,True,True,True,False,True,False,1,True,正常
2017-03-10,16.28,16.4,16.26,16.26,16.27,1682700.0,27454300.0,0.83,0.86,0.670357,10.9,17.9,14.64,False,True,True,True,False,True,False,1,True,正常
2017-03-13,16.2,16.4,15.52,16.4,16.26,3642888.0,58614700.0,1.8,5.41,0.671341,11.01,17.89,14.63,False,True,True,True,False,True,False,3,True,正常
2017-03-14,16.33,16.45,16.16,16.16,16.4,3241300.0,52853300.0,1.6,1.77,0.670173,10.83,18.04,14.76,False,True,True,True,False,True,False,1,True,正常
2017-03-15,16.15,16.19,15.95,15.98,16.16,2819406.0,45202200.0,1.39,1.49,0.668961,10.69,17.78,14.54,False,True,True,True,False,True,False,1,True,正常
2017-03-16,15.98,16.42,15.98,16.33,15.98,4288382.0,69968600.0,2.12,2.75,0.671157,10.96,17.58,14.38,False,True,True,True,False,True,False,1,True,正常
2017-03-17,16.31,16.42,16.17,16.17,16.33,4046199.0,65979200.0,2.0,1.53,0.670377,10.84,17.96,14.7,False,True,True,True,False,True,False,1,True,正常
2017-03-20,16.25,17.43,16.24,17.2,16.17,11253471.0,190409200.0,5.56,7.36,0.676163,11.63,17.79,14.55,False,True,True,True,False,True,False,3,True,正常
2017-03-21,17.22,17.39,16.87,17.09,17.2,8923862.0,152702700.0,4.41,3.02,0.675249,11.54,18.92,15.48,False,True,True,True,False,True,False,1,True,正常
2017-03-22,17.08,17.73,16.91,17.27,17.09,15846593.0,275184600.0,7.83,4.8,0.676317,11.68,18.8,15.38,False,True,True,True,False,True,False,1,True,正常
2017-03-23,17.21,17.58,17.0,17.57,17.27,14424147.0,249870300.0,7.13,3.36,0.67786,11.91,19.0,15.54,False,True,True,True,False,True,False,1,True,正常
2017-03-24,17.65,19.18,17.65,18.48,17.57,25378781.0,467163400.0,12.54,8.71,0.682359,12.61,19.33,15.81,False,True,True,True,False,True,False,1,True,正常
2017-03-27,18.41,18.94,18.3,18.41,18.48,21172712.0,393411700.0,10.46,3.46,0.682238,12.56,20.33,16.63,False,True,True,True,False,True,False,3,True,正常
2017-03-28,18.3,18.46,17.82,18.15,18.41,12305087.0,222147600.0,6.08,3.48,0.680992,12.36,20.25,16.57,False,True,True,True,False,True,False,1,True,正常
2017-03-29,18.11,19.76,18.1,19.0,18.15,31418666.0,595743700.0,15.52,9.15,0.684737,13.01,19.96,16.34,False,True,True,True,False,True,False,1,True,正常
2017-03-30,18.77,19.56,18.41,18.59,19.0,27780878.000000004,529561700.0,13.72,6.05,0.683163,12.7,20.9,17.1,False,True,True,True,False,True,False,1,True,正常
2017-03-31,18.16,18.49,16.81,17.17,18.59,15529171.0,271582200.0,7.67,9.04,0.675597,11.6,20.45,16.73,False,True,True,True,False,True,False,1,True,正常
2017-04-05,17.13,17.63,17.06,17.5,17.17,9303323.0,162213300.0,4.6,3.32,0.677714,11.86,18.89,15.45,False,True,True,True,False,True,False,5,True,正常
2017-04-06,17.5,18.87,17.34,18.58,17.5,21132112.0,385298900.0,10.44,8.74,0.682992,12.69,19.25,15.75,False,True,True,True,False,True,False,1,True,正常
2017-04-07,18.3,18.52,17.88,18.26,18.58,13044615.0,237416900.0,6.44,3.44,0.681271,12.44,20.44,16.72,False,True,True,True,False,True,False,1,True,正常
2017-04-10,18.26,19.25,18.2,18.73,18.26,18682213.0,352919600.0,9.23,5.75,0.683396,12.8,20.09,16.43,False,True,True,True,False,True,False,3,True,正常
2017-04-11,18.8,20.06,18.8,19.6,18.73,24646746.0,481612800.0,12.17,6.73,0.687245,13.47,20.6,16.86,False,True,True,True,False,True,False,1,True,正常
2017-04-12,19.91,20.16,19.1,19.3,19.6,18436444.0,360361500.0,9.11,5.41,0.68601,13.24,21.56,17.64,False,True,True,True,False,True,False,1,True,正常
2017-04-13,19.32,20.35,19.32,20.31,19.3,23986376.0,478016300.0,11.85,5.34,0.6903,14.02,21.23,17.37,False,True,True,True,False,True,False,1,True,正常
2017-04-14,20.04,20.33,19.64,20.1,20.31,15124796.0,301931500.0,7.47,3.4,0.689552,13.86,22.34,18.28,False,True,True,True,False,True,False,1,True,正常
2017-04-17,19.9,21.29,19.56,20.39,20.1,19918368.0,408681100.0,9.84,8.61,0.690535,14.08,22.11,18.09,False,True,True,True,False,True,False,3,True,正常
2017-04-18,20.19,22.38,20.19,21.5,20.39,19626573.0,415696700.0,9.69,10.74,0.694884,14.94,22.43,18.35,False,True,True,True,False,True,False,1,True,正常
2017-04-19,21.3,21.85,20.63,21.33,21.5,18850957.0,399556000.0,9.31,5.67,0.693858,14.8,23.65,19.35,False,True,True,True,False,True,False,1,True,正常
2017-04-20,23.0,23.0,20.21,20.37,21.33,38454077.0,831749200.0,19.0,13.08,0.690722,14.07,23.46,19.2,False,True,True,True,False,True,False,1,True,正常
2017-04-21,19.51,19.97,18.33,18.33,20.37,27712472.0,516368900.0,13.69,8.05,0.681942,12.5,22.41,18.33,False,True,True,True,False,True,False,1,True,正常
2017-04-24,18.6,19.45,17.75,18.46,18.33,24559877.0,457741200.0,12.13,9.27,0.682557,12.6,20.16,16.5,False,True,True,True,False,True,False,3,True,正常
2017-04-25,18.4,18.87,17.86,18.84,18.46,19169512.0,354870899.99999994,9.47,5.47,0.684183,12.89,20.31,16.61,False,True,True,True,False,True,False,1,True,正常
2017-04-26,18.56,18.99,18.33,18.58,18.84,12626978.0,235110200.0,6.24,3.5,0.682992,12.69,20.72,16.96,False,True,True,True,False,True,False,1,True,正常
2017-04-27,18.41,20.44,18.0,19.7,18.58,29151345.0,568591500.0,14.4,13.13,0.687817,13.55,20.44,16.72,False,True,True,True,False,True,False,1,True,正常
2017-04-28,19.36,20.07,19.28,19.95,19.7,20188844.0,399052000.0,9.97,4.01,0.688722,13.74,21.67,17.73,False,True,True,True,False,True,False,1,True,正常
2017-05-02,20.03,21.52,20.03,20.57,19.95,20985639.0,434590100.0,10.37,7.47,0.691298,14.22,21.94,17.95,False,True,True,True,False,True,False,4,True,正常
2017-05-03,20.39,21.4,20.29,20.69,20.57,20859262.0,437259400.0,10.3,5.4,0.691638,14.31,22.63,18.51,False,True,True,True,False,True,False,1,False,正常
2017-05-11,18.62,18.62,18.62,18.62,20.69,1660500.0,30918500.0,0.82,0.0,0.683136,12.72,22.76,18.62,False,True,True,True,False,True,True,8,True,复牌首日
2017-05-12,17.34,19.66,17.34,18.9,18.62,27047570.0,501061200.0,13.36,12.46,0.684656,12.94,20.48,16.76,False,True,True,True,False,True,False,1,True,正常
2017-05-15,18.95,19.18,17.88,17.91,18.9,17426363.0,320653200.0,12.27,6.88,0.679509,12.17,20.79,17.01,False,True,True,True,False,True,False,3,True,正常
2017-05-16,17.9,17.9,16.45,17.7,17.91,14849885.999999998,256116300.0,10.45,8.1,0.678531,12.01,19.7,16.12,False,True,True,True,False,True,False,1,True,正常
2017-05-17,17.62,18.86,17.37,18.82,17.7,18590854.0,335401100.0,13.09,8.42,0.683847,12.87,19.47,15.93,False,True,True,True,False,True,False,1,True,正常
2017-05-18,18.47,18.98,18.3,18.38,18.82,13083207.0,242861800.0,9.21,3.61,0.682263,12.54,20.7,16.94,False,True,True,True,False,True,False,1,True,正常
2017-05-19,18.32,18.55,17.78,17.84,18.38,9343152.0,168952400.00000003,6.58,4.19,0.679372,12.12,20.22,16.54,False,True,True,True,False,True,False,1,True,正常
2017-05-22,13.53,13.56,12.26,12.51,17.84,15326182.0,196959000.0,8.3,7.29,0.880096,11.01,19.62,16.06,False,True,True,True,False,True,False,3,True,正常
2017-05-23,12.36,12.52,11.4,11.61,12.51,15072529.0,181090800.00000003,8.16,8.95,0.870801,10.11,13.76,11.26,False,True,True,True,False,True,False,1,True,正常
2017-05-24,11.4,12.27,11.0,12.09,11.61,15282451.999999998,178483300.00000003,8.28,10.94,0.875931,10.59,12.77,10.45,False,True,True,True,False,True,False,1,True,正常
2017-05-25,12.03,12.12,11.7,11.89,12.09,10008964.0,119065200.0,5.42,3.47,0.873844,10.39,13.3,10.88,False,True,True,True,False,True,False,1,True,正常
2017-05-26,11.8,11.98,11.4,11.48,11.89,11916704.0,139681400.0,6.45,4.88,0.869338,9.98,13.08,10.7,False,True,True,True,False,True,False,1,True,正常
2017-05-31,11.6,11.88,11.51,11.65,11.48,9809674.0,114509100.0,5.31,3.22,0.871245,10.15,12.63,10.33,False,True,True,True,False,True,False,5,True,正常
2017-06-01,11.54,11.6,10.91,11.0,11.65,11477697.0,129021300.0,6.22,5.92,0.863636,9.5,12.82,10.49,False,True,True,True,False,True,False,1,True,正常
2017-06-02,10.96,10.96,10.3,10.76,11.0,11025411.0,118175400.0,5.97,6.0,0.860595,9.26,12.1,9.9,False,True,True,True,False,True,False,1,True,正常
2017-06-05,10.8,11.1,10.6,10.92,10.76,7035182.000000001,76901600.0,3.81,4.65,0.862637,9.42,11.84,9.68,False,True,True,True,False,True,False,3,True,正常
2017-06-06,10.93,11.15,10.78,11.1,10.92,7667639.0,84614900.0,4.15,3.39,0.864865,9.6,12.01,9.83,False,True,True,True,False,True,False,1,True,正常
2017-06-07,11.16,11.78,11.05,11.54,11.1,14227272.0,162148700.0,7.7,6.58,0.870017,10.04,12.21,9.99,False,True,True,True,False,True,False,1,True,正常
2017-06-08,11.58,11.92,11.47,11.61,11.54,14256000.0,166468600.0,7.72,3.9,0.870801,10.11,12.69,10.39,False,True,True,True,False,True,False,1,True,正常
2017-06-09,11.41,11.7,11.3,11.44,11.61,9923826.0,113323600.0,5.37,3.45,0.868881,9.94,12.77,10.45,False,True,True,True,False,True,False,1,True,正常
2017-06-12,11.35,11.75,11.35,11.48,11.44,10324657.0,119549400.0,5.59,3.5,0.869338,9.98,12.58,10.3,False,True,True,True,False,True,False,3,True,正常
2017-06-13,11.58,11.79,11.53,11.79,11.48,10332216.0,120848500.0,5.59,2.26,0.872774,10.29,12.63,10.33,False,True,True,True,False,True,False,1,True,正常
2017-06-14,11.92,12.37,11.92,12.26,11.79,19182094.0,234478200.0,10.39,3.82,0.877651,10.76,12.97,10.61,False,True,True,True,False,True,False,1,True,正常
2017-06-15,12.2,12.2,11.9,12.12,12.26,11458847.0,138111600.0,6.2,2.45,0.876238,10.62,13.49,11.03,False,True,True,True,False,True,False,1,True,正常
2017-06-16,12.12,12.19,11.96,12.05,12.12,7779878.999999999,93792300.0,4.21,1.9,0.875519,10.55,13.33,10.91,False,True,True,True,False,True,False,1,True,正常
2017-06-19,12.08,12.25,11.98,12.14,12.05,8403760.0,101600800.0,4.55,2.24,0.876442,10.64,13.26,10.84,False,True,True,True,False,True,False,3,True,正常
2017-06-20,12.13,12.21,11.91,12.1,12.14,9171247.0,110394800.0,4.97,2.47,0.876033,10.6,13.35,10.93,False,True,True,True,False,True,False,1,True,正常
2017-06-21,12.04,12.1,11.8,11.8,12.1,9149650.0,109021800.0,4.95,2.48,0.872881,10.3,13.31,10.89,False,True,True,True,False,True,False,1,True,正常
2017-06-22,11.83,11.93,11.32,11.36,11.8,8465543.0,98953900.0,4.58,5.17,0.867958,9.86,12.98,10.62,False,True,True,True,False,True,False,1,True,正常
2017-06-23,11.35,11.45,10.99,11.28,11.36,8278288.0,92684400.0,4.48,4.05,0.867021,9.78,12.5,10.22,False,True,True,True,False,True,False,1,True,正常
2017-06-26,11.24,11.43,11.24,11.4,11.28,5635846.0,63958600.0,3.05,1.68,0.868421,9.9,12.41,10.15,False,True,True,True,False,True,False,3,True,正常
2017-06-27,11.41,11.74,11.41,11.64,11.4,7327624.000000001,85163600.0,3.97,2.89,0.871134,10.14,12.54,10.26,False,True,True,True,False,True,False,1,True,正常
2017-06-28,11.65,11.65,11.41,11.42,11.64,5565821.0,64075300.0,3.01,2.06,0.868651,9.92,12.8,10.48,False,True,True,True,False,True,False,1,True,正常
2017-06-29,11.42,11.52,11.41,11.5,11.42,4329450.0,49680400.0,2.34,0.96,0.869565,10.0,12.56,10.28,False,True,True,True,False,True,False,1,True,正常
2017-06-30,11.44,11.5,11.31,11.35,11.5,4551326.0,51670700.0,1.73,1.65,0.867841,9.85,12.65,10.35,False,True,True,True,False,True,False,1,True,正常
2017-07-03,11.38,11.53,11.32,11.5,11.35,4719613.0,53992900.0,1.79,1.85,0.869565,10.0,12.49,10.22,False,True,True,True,False,True,False,3,True,正常
2017-07-04,11.49,11.49,11.31,11.33,11.5,4592457.0,52254399.99999999,1.75,1.57,0.867608,9.83,12.65,10.35,False,True,True,True,False,True,False,1,True,正常
2017-07-05,11.32,11.32,11.03,11.3,11.33,6894374.000000001,77132900.0,2.62,2.56,0.867257,9.8,12.46,10.2,False,True,True,True,False,True,False,1,True,正常
2017-07-06,11.29,11.78,11.25,11.52,11.3,10958254.0,126243400.0,4.16,4.69,0.869792,10.02,12.43,10.17,False,True,True,True,False,True,False,1,True,正常
2017-07-07,11.45,11.47,11.31,11.39,11.52,5940483.0,67545600.0,2.26,1.39,0.868306,9.89,12.67,10.37,False,True,True,True,False,True,False,1,True,正常
2017-07-10,11.35,11.36,11.2,11.22,11.39,5459614.0,61433200.0,2.07,1.4,0.86631,9.72,12.53,10.25,False,True,True,True,False,True,False,3,True,正常
2017-07-11,11.29,12.23,11.25,11.87,11.22,24367024.0,285184600.0,9.26,8.73,0.873631,10.37,12.34,10.1,False,True,True,True,False,True,False,1,True,正常
2017-07-12,11.63,12.2,11.51,12.2,11.87,24417711.0,290259800.0,9.28,5.81,0.877049,10.7,13.06,10.68,False,True,True,True,False,True,False,1,True,正常
2017-07-13,12.1,12.55,11.96,12.38,12.2,24523841.0,302291700.0,9.32,4.84,0.878837,10.88,13.42,10.98,False,True,True,True,False,True,False,1,True,正常
2017-07-14,12.36,12.54,12.14,12.26,12.38,13622626.0,167833900.0,5.18,3.23,0.877651,10.76,13.62,11.14,False,True,True,True,False,True,False,1,True,正常
2017-07-17,12.18,12.45,11.03,11.54,12.26,14846640.0,174519800.0,5.64,11.58,0.870017,10.04,13.49,11.03,False,True,True,True,False,True,False,3,True,正常
2017-07-18,11.27,11.86,11.27,11.78,11.54,9419767.0,109731000.0,3.58,5.11,0.872666,10.28,12.69,10.39,False,True,True,True,False,True,False,1,True,正常
2017-07-19,11.68,11.96,11.6,11.9,11.78,9756295.0,115507300.0,3.71,3.06,0.87395,10.4,12.96,10.6,False,True,True,True,False,True,False,1,True,正常
2017-07-20,12.02,12.35,11.86,12.32,11.9,15749801.999999998,190905100.0,5.98,4.12,0.878247,10.82,13.09,10.71,False,True,True,True,False,True,False,1,True,正常
2017-07-21,12.2,12.47,12.03,12.08,12.32,14471635.999999998,177632300.0,5.5,3.57,0.875828,10.58,13.55,11.09,False,True,True,True,False,True,False,1,True,正常
2017-07-24,11.98,12.34,11.9,12.32,12.08,11468991.0,140119900.0,4.36,3.64,0.878247,10.82,13.29,10.87,False,True,True,True,False,True,False,3,True,正常
2017-07-25,12.2,12.43,12.08,12.18,12.32,9675813.0,118390500.0,3.68,2.84,0.876847,10.68,13.55,11.09,False,True,True,True,False,True,False,1,True,正常
2017-07-26,12.11,12.24,11.89,11.94,12.18,9294784.0,111485000.0,3.53,2.87,0.874372,10.44,13.4,10.96,False,True,True,True,False,True,False,1,True,正常
2017-07-27,11.93,12.13,11.62,11.97,11.94,9455074.0,112219900.0,3.59,4.27,0.874687,10.47,13.13,10.75,False,True,True,True,False,True,False,1,True,正常
2017-07-28,11.9,12.07,11.81,11.92,11.97,6123086.0,72996800.0,2.33,2.17,0.874161,10.42,13.17,10.77,False,True,True,True,False,True,False,1,True,正常
2017-07-31,11.9,11.96,11.66,11.68,11.92,9265729.0,109002800.0,3.52,2.52,0.871575,10.18,13.11,10.73,False,True,True,True,False,True,False,3,True,正常
2017-08-01,11.66,11.88,11.65,11.71,11.68,6542155.0,76927500.0,2.49,1.97,0.871904,10.21,12.85,10.51,False,True,True,True,False,True,False,1,True,正常
2017-08-02,11.71,11.9,11.6,11.6,11.71,8014610.000000001,94066900.0,3.05,2.56,0.87069,10.1,12.88,10.54,False,True,True,True,False,True,False,1,True,正常
2017-08-03,11.57,11.83,11.5,11.8,11.6,6510754.0,76122600.0,2.47,2.84,0.872881,10.3,12.76,10.44,False,True,True,True,False,True,False,1,True,正常
2017-08-04,11.82,11.83,11.59,11.6,11.8,5805784.0,67873200.0,2.21,2.03,0.87069,10.1,12.98,10.62,False,True,True,True,False,True,False,1,True,正常
2017-08-07,11.65,11.71,11.6,11.67,11.6,3609145.0,42043800.0,1.37,0.95,0.871465,10.17,12.76,10.44,False,True,True,True,False,True,False,3,True,正常
2017-08-08,11.68,11.73,11.53,11.7,11.67,6577114.999999999,76449700.0,2.5,1.71,0.871795,10.2,12.84,10.5,False,True,True,True,False,True,False,1,True,正常
2017-08-09,11.71,11.73,11.57,11.61,11.7,3844276.0,44671100.0,1.46,1.37,0.870801,10.11,12.87,10.53,False,True,True,True,False,True,False,1,True,正常
2017-08-10,11.62,11.69,11.38,11.43,11.61,6047747.0,69722900.0,2.3,2.67,0.868766,9.93,12.77,10.45,False,True,True,True,False,True,False,1,True,正常
2017-08-11,11.39,11.39,11.1,11.12,11.43,7383778.0,82782400.0,2.81,2.54,0.865108,9.62,12.57,10.29,False,True,True,True,False,True,False,1,True,正常
2017-08-14,11.12,11.29,11.12,11.27,11.12,3419487.0000000005,38371500.0,1.3,1.53,0.866903,9.77,12.23,10.01,False,True,True,True,False,True,False,3,True,正常
2017-08-15,11.28,11.34,11.18,11.31,11.27,3528540.0,39807400.0,1.34,1.42,0.867374,9.81,12.4,10.14,False,True,True,True,False,True,False,1,True,正常
2017-08-16,11.33,11.39,11.25,11.39,11.31,3222931.0,36524900.0,1.22,1.24,0.868306,9.89,12.44,10.18,False,True,True,True,False,True,False,1,True,正常
2017-08-17,11.38,11.57,11.35,11.47,11.39,4260017.0,48853300.0,1.62,1.93,0.869224,9.97,12.53,10.25,False,True,True,True,False,True,False,1,True,正常
2017-08-18,11.43,11.7,11.34,11.6,11.47,6940082.000000001,80308600.0,2.64,3.14,0.87069,10.1,12.62,10.32,False,True,True,True,False,True,False,1,True,正常
2017-08-21,11.69,11.75,11.54,11.67,11.6,4680537.0,54557200.0,1.78,1.81,0.871465,10.17,12.76,10.44,False,True,True,True,False,True,False,3,True,正常
2017-08-22,11.67,11.68,11.45,11.48,11.67,4541763.0,52490600.00000001,1.73,1.97,0.869338,9.98,12.84,10.5,False,True,True,True,False,True,False,1,True,正常
2017-08-23,11.85,12.55,11.85,11.94,11.48,15632225.0,187933900.0,5.94,6.1,0.874372,10.44,12.63,10.33,False,True,True,True,False,True,False,1,True,正常
2017-08-24,11.8,11.98,11.68,11.68,11.94,7735291.0,91242000.0,2.94,2.51,0.871575,10.18,13.13,10.75,False,True,True,True,False,True,False,1,True,正常
2017-08-25,11.56,11.88,11.55,11.81,11.68,6277667.0,73918100.0,2.39,2.83,0.872989,10.31,12.85,10.51,False,True,True,True,False,True,False,1,True,正常
2017-08-28,11.85,11.97,11.78,11.89,11.81,6542304.0,77699900.0,2.49,1.61,0.873844,10.39,12.99,10.63,False,True,True,True,False,True,False,3,True,正常
2017-08-29,11.88,12.08,11.84,11.97,11.89,7117006.0,85139000.0,2.7,2.02,0.874687,10.47,13.08,10.7,False,True,True,True,False,True,False,1,True,正常
2017-08-30,12.01,12.29,11.92,12.17,11.97,9640847.0,117378700.0,3.66,3.09,0.876746,10.67,13.17,10.77,False,True,True,True,False,True,False,1,True,正常
2017-08-31,12.24,12.24,12.01,12.13,12.17,6282552.0,75995800.0,2.39,1.89,0.87634,10.63,13.39,10.95,False,True,True,True,False,True,False,1,True,正常
2017-09-01,12.18,12.18,12.07,12.17,12.13,5866027.0,71064900.0,2.23,0.91,0.876746,10.67,13.34,10.92,False,True,True,True,False,True,False,1,True,正常
2017-09-04,12.29,12.3,12.13,12.21,12.17,7570511.0,92381100.0,2.88,1.4,0.87715,10.71,13.39,10.95,False,True,True,True,False,True,False,3,True,正常
2017-09-05,12.16,12.16,12.0,12.02,12.21,5586942.0,67342800.0,2.12,1.31,0.875208,10.52,13.43,10.99,False,True,True,True,False,True,False,1,True,正常
2017-09-06,12.01,12.04,11.86,12.04,12.02,5316907.0,63448500.0,2.02,1.5,0.875415,10.54,13.22,10.82,False,True,True,True,False,True,False,1,True,正常
2017-09-07,12.06,12.06,11.83,11.84,12.04,5820620.0,69527200.0,2.21,1.91,0.873311,10.34,13.24,10.84,False,True,True,True,False,True,False,1,True,正常
2017-09-08,11.84,12.01,11.84,11.99,11.84,4184497.0,50032100.0,1.59,1.44,0.874896,10.49,13.02,10.66,False,True,True,True,False,True,False,1,True,正常
2017-09-11,12.0,12.14,11.92,12.12,11.99,5733246.0,69275900.0,2.18,1.83,0.876238,10.62,13.19,10.79,False,True,True,True,False,True,False,3,True,正常
2017-09-12,12.1,12.17,11.93,11.97,12.12,6283209.0,75379500.0,2.39,1.98,0.874687,10.47,13.33,10.91,False,True,True,True,False,True,False,1,True,正常
2017-09-13,12.05,12.3,12.03,12.2,11.97,8795644.0,106821400.0,3.34,2.26,0.877049,10.7,13.17,10.77,False,True,True,True,False,True,False,1,True,正常
2017-09-14,12.15,12.55,12.05,12.54,12.2,15055803.0,185138800.0,5.72,4.1,0.880383,11.04,13.42,10.98,False,True,True,True,False,True,False,1,True,正常
2017-09-15,12.42,12.43,12.24,12.32,12.54,10288176.0,126842000.0,3.91,1.52,0.878247,10.82,13.79,11.29,False,True,True,True,False,True,False,1,True,正常
2017-09-18,12.26,12.32,12.16,12.25,12.32,5663753.0,69227500.0,2.15,1.3,0.877551,10.75,13.55,11.09,False,True,True,True,False,True,False,3,True,正常
2017-09-19,12.21,12.27,12.16,12.27,12.25,4940790.0,60299300.0,1.88,0.9,0.877751,10.77,13.48,11.02,False,True,True,True,False,True,False,1,True,正常
2017-09-20,12.27,12.28,12.17,12.25,12.27,5215164.0,63735100.0,1.98,0.9,0.877551,10.75,13.5,11.04,False,True,True,True,False,True,False,1,True,正常
2017-09-21,12.22,12.24,11.93,11.97,12.25,6202287.0,74862500.0,2.36,2.53,0.874687,10.47,13.48,11.02,False,True,True,True,False,True,False,1,True,正常
2017-09-22,12.06,12.37,12.0,12.02,11.97,7326561.0,89359599.99999999,2.78,3.09,0.875208,10.52,13.17,10.77,False,True,True,True,False,True,False,1,True,正常
2017-09-25,11.98,12.03,11.78,11.84,12.02,4200067.0,49950500.0,1.6,2.08,0.873311,10.34,13.22,10.82,False,True,True,True,False,True,False,3,True,正常
2017-09-26,11.83,11.87,11.66,11.79,11.84,2700438.0,31748000.0,1.03,1.77,0.872774,10.29,13.02,10.66,False,True,True,True,False,True,False,1,True,正常
2017-09-27,11.79,11.85,11.72,11.81,11.79,2457457.0,28962700.0,0.93,1.1,0.872989,10.31,12.97,10.61,False,True,True,True,False,True,False,1,True,正常
2017-09-28,11.81,11.85,11.7,11.7,11.81,2631568.0,30990300.000000004,1.0,1.27,0.871795,10.2,12.99,10.63,False,True,True,True,False,True,False,1,True,正常
2017-09-29,11.72,11.79,11.69,11.76,11.7,2026847.0,23817600.000000004,0.77,0.85,0.872449,10.26,12.87,10.53,False,True,True,True,False,True,False,1,True,正常
2017-10-09,11.81,11.9,11.77,11.86,11.76,3052984.0,36116800.0,1.16,1.11,0.873524,10.36,12.94,10.58,False,True,True,True,False,True,False,10,True,正常
2017-10-10,11.81,11.92,11.72,11.92,11.86,3105986.0,36748200.0,1.18,1.69,0.874161,10.42,13.05,10.67,False,True,True,True,False,True,False,1,True,正常
2017-10-11,11.9,12.25,11.83,12.06,11.92,6169174.0,74289400.0,2.34,3.52,0.875622,10.56,13.11,10.73,False,True,True,True,False,True,False,1,True,正常
2017-10-12,12.0,12.17,11.91,12.08,12.06,4292681.0,51588900.0,1.63,2.16,0.875828,10.58,13.27,10.85,False,True,True,True,False,True,False,1,True,正常
2017-10-13,12.32,12.32,12.0,12.11,12.08,3472100.0,42110800.0,1.32,2.65,0.876135,10.61,13.29,10.87,False,True,True,True,False,True,False,1,True,正常
2017-10-16,12.14,12.17,11.87,11.89,12.11,3391287.9999999995,40613500.0,1.29,2.48,0.873844,10.39,13.32,10.9,False,True,True,True,False,True,False,3,True,正常
2017-10-17,11.99,12.12,11.87,12.06,11.89,3020591.0,36187800.0,1.15,2.1,0.875622,10.56,13.08,10.7,False,True,True,True,False,True,False,1,True,正常
2017-10-18,12.09,12.2,11.92,12.0,12.06,3788683.0,45662600.0,1.44,2.32,0.875,10.5,13.27,10.85,False,True,True,True,False,True,False,1,True,正常
2017-10-19,12.06,12.1,11.6,11.61,12.0,4793581.0,56566300.0,1.82,4.17,0.870801,10.11,13.2,10.8,False,True,True,True,False,True,False,1,True,正常
2017-10-20,11.77,12.35,11.74,12.19,11.61,9395341.0,113496400.0,3.57,5.25,0.876948,10.69,12.77,10.45,False,True,True,True,False,True,False,1,True,正常
2017-10-23,12.29,12.35,12.02,12.26,12.19,11718450.0,143318200.0,4.45,2.71,0.877651,10.76,13.41,10.97,False,True,True,True,False,True,False,3,True,正常
2017-10-24,12.19,13.49,12.14,13.49,12.26,37817568.0,493611400.0,14.37,11.01,0.888807,11.99,13.49,11.03,False,True,True,True,False,True,False,1,True,正常
2017-10-25,13.3,13.65,12.92,13.22,13.49,37202384.0,492132200.0,14.14,5.41,0.886536,11.72,14.84,12.14,False,True,True,True,False,True,False,1,False,正常
2017-11-02,12.74,13.59,12.73,12.89,13.22,19825599.0,260155900.0,7.53,6.51,0.883631,11.39,14.54,11.9,False,True,True,True,False,True,True,8,True,复牌首日
2017-11-03,12.83,14.0,12.41,13.79,12.89,30562585.0,406834900.0,11.61,12.34,0.891226,12.29,14.18,11.6,False,True,True,True,False,True,False,1,True,正常
2017-11-06,13.5,13.9,13.31,13.55,13.79,20411849.0,277098400.0,7.76,4.28,0.889299,12.05,15.17,12.41,False,True,True,True,False,True,False,3,True,正常
2017-11-07,13.5,13.97,13.13,13.7,13.55,20789703.0,280911300.0,7.9,6.2,0.890511,12.2,14.9,12.2,False,True,True,True,False,True,False,1,True,正常
2017-11-08,13.59,13.96,13.31,13.39,13.7,17099557.0,232220700.0,6.5,4.74,0.887976,11.89,15.07,12.33,False,True,True,True,False,True,False,1,True,正常
2017-11-09,13.43,13.9,13.33,13.9,13.39,18830669.0,257489900.00000003,7.16,4.26,0.892086,12.4,14.73,12.05,False,True,True,True,False,True,False,1,True,正常
2017-11-10,14.0,14.35,13.8,13.82,13.9,26187494.0,367591800.0,9.95,3.96,0.891462,12.32,15.29,12.51,False,True,True,True,False,True,False,1,True,正常
2017-11-13,13.57,13.6,12.88,13.04,13.82,22913841.0,301141200.0,8.71,5.21,0.884969,11.54,15.2,12.44,False,True,True,True,False,True,False,3,True,正常
2017-11-14,13.07,13.15,12.81,13.12,13.04,11391801.0,148441400.0,4.33,2.61,0.885671,11.62,14.34,11.74,False,True,True,True,False,True,False,1,True,正常
2017-11-15,13.02,13.05,12.41,12.44,13.12,13549150.0,171637300.0,5.15,4.88,0.879421,10.94,14.43,11.81,False,True,True,True,False,True,False,1,True,正常
2017-11-16,12.35,12.42,12.1,12.28,12.44,8760320.0,107520500.0,3.33,2.57,0.87785,10.78,13.68,11.2,False,True,True,True,False,True,False,1,True,正常
2017-11-17,12.21,12.34,11.07,11.29,12.28,14096678.0,165673500.0,5.36,10.34,0.867139,9.79,13.51,11.05,False,True,True,True,False,True,False,1,True,正常
2017-11-20,11.2,11.2,10.48,10.98,11.29,9271428.0,100328300.0,3.52,6.38,0.863388,9.48,12.42,10.16,False,True,True,True,False,True,False,3,True,正常
2017-11-21,10.91,10.96,10.63,10.79,10.98,6475500.0,69913100.0,2.46,3.01,0.860982,9.29,12.08,9.88,False,True,True,True,False,True,False,1,True,正常
2017-11-22,10.8,10.93,10.73,10.9,10.79,5039840.0,54671500.0,1.92,1.85,0.862385,9.4,11.87,9.71,False,True,True,True,False,True,False,1,True,正常
2017-11-23,10.84,10.86,10.32,10.36,10.9,6242607.0,66314100.0,2.37,4.95,0.855212,8.86,11.99,9.81,False,True,True,True,False,True,False,1,True,正常
2017-11-24,10.32,10.53,10.3,10.45,10.36,3591775.0,37410500.0,1.36,2.22,0.856459,8.95,11.4,9.32,False,True,True,True,False,True,False,1,True,正常
2017-11-27,10.47,10.64,10.4,10.42,10.45,3524310.0,37056800.0,1.34,2.3,0.856046,8.92,11.5,9.4,False,True,True,True,False,True,False,3,True,正常
2017-11-28,10.46,10.65,10.42,10.57,10.42,3624522.0,38180700.0,1.38,2.21,0.858089,9.07,11.46,9.38,False,True,True,True,False,True,False,1,True,正常
2017-11-29,10.56,10.8,10.49,10.8,10.57,4418340.0,47014000.0,1.68,2.93,0.861111,9.3,11.63,9.51,False,True,True,True,False,True,False,1,True,正常
2017-11-30,10.75,10.85,10.61,10.65,10.8,3590017.0,38536700.0,1.36,2.22,0.859155,9.15,11.88,9.72,False,True,True,True,False,True,False,1,True,正常
2017-12-01,10.62,10.73,10.45,10.63,10.65,3368976.9999999995,35542000.0,1.28,2.63,0.85889,9.13,11.72,9.59,False,True,True,True,False,True,False,1,True,正常
2017-12-04,10.56,10.67,10.15,10.15,10.63,6037893.0,62804399.99999999,2.29,4.89,0.852217,8.65,11.69,9.57,False,True,True,True,False,True,False,3,True,正常
2017-12-05,10.13,10.24,9.35,9.51,10.15,7665042.999999999,74877900.0,2.91,8.77,0.842271,8.01,11.16,9.14,False,True,True,True,False,True,False,1,True,正常
2017-12-06,9.5,9.61,9.39,9.6,9.51,3829836.0,36393600.0,1.46,2.31,0.84375,8.1,10.46,8.56,False,True,True,True,False,True,False,1,True,正常
2017-12-07,9.62,9.68,9.54,9.59,9.6,2561264.0,24646000.0,0.97,1.46,0.843587,8.09,10.56,8.64,False,True,True,True,False,True,False,1,True,正常
2017-12-08,9.58,9.69,9.55,9.68,9.59,2415210.0,23295000.0,0.92,1.46,0.845041,8.18,10.55,8.63,False,True,True,True,False,True,False,1,True,正常
2017-12-11,9.7,9.97,9.7,9.91,9.68,3853354.0,37994800.0,1.46,2.79,0.848638,8.41,10.65,8.71,False,True,True,True,False,True,False,3,True,正常
2017-12-12,9.85,9.9,9.65,9.69,9.91,2879554.0,28086900.0,1.09,2.52,0.845201,8.19,10.9,8.92,False,True,True,True,False,True,False,1,True,正常
2017-12-13,9.63,9.76,9.58,9.7,9.69,2046904.0,19803100.0,0.78,1.86,0.845361,8.2,10.66,8.72,False,True,True,True,False,True,False,1,True,正常
2017-12-14,9.7,10.13,9.62,9.85,9.7,4255432.0,42114900.0,1.62,5.26,0.847716,8.35,10.67,8.73,False,True,True,True,False,True,False,1,True,正常
2017-12-15,9.78,9.86,9.64,9.73,9.85,2670784.0,25970000.0,1.01,2.23,0.845838,8.23,10.84,8.86,False,True,True,True,False,True,False,1,True,正常
2017-12-18,9.77,9.8,9.64,9.7,9.73,2181750.0,21186600.0,0.83,1.64,0.845361,8.2,10.7,8.76,False,True,True,True,False,True,False,3,True,正常
2017-12-19,9.71,9.75,9.63,9.7,9.7,2250000.0,21824900.0,0.85,1.24,0.845361,8.2,10.67,8.73,False,True,True,True,False,True,False,1,True,正常
2017-12-20,9.7,9.7,9.48,9.48,9.7,2846953.0,27249800.0,1.08,2.27,0.841772,7.98,10.67,8.73,False,True,True,True,False,True,False,1,True,正常
2017-12-21,9.53,9.54,9.31,9.48,9.48,2189855.0,20651100.0,0.83,2.43,0.841772,7.98,10.43,8.53,False,True,True,True,False,True,False,1,True,正常
2017-12-22,9.51,9.52,9.32,9.46,9.48,2345366.0,22101200.0,0.89,2.11,0.841438,7.96,10.43,8.53,False,True,True,True,False,True,False,1,True,正常
2017-12-25,9.49,9.49,9.34,9.34,9.46,1984986.0,18624100.0,0.75,1.59,0.8394,7.84,10.41,8.51,False,True,True,True,False,True,False,3,True,正常
2017-12-26,9.34,9.54,9.34,9.48,9.34,2472161.0,23377100.0,0.94,2.14,0.841772,7.98,10.27,8.41,False,True,True,True,False,True,False,1,True,正常
2017-12-27,9.48,9.5,9.36,9.38,9.48,2333500.0,21947300.0,0.89,1.48,0.840085,7.88,10.43,8.53,False,True,True,True,False,True,False,1,True,正常
2017-12-28,9.4,9.46,9.34,9.37,9.38,2151478.0,20248200.0,0.82,1.28,0.839915,7.87,10.32,8.44,False,True,True,True,False,True,False,1,True,正常
2017-12-29,9.37,9.51,9.35,9.49,9.37,2400343.0,22659900.0,0.91,1.71,0.841939,7.99,10.31,8.43,False,True,True,True,False,True,False,1,True,正常
2018-01-02,9.49,10.02,9.47,9.9,9.49,6626766.0,64716300.0,2.52,5.8,0.848485,8.4,10.44,8.54,False,True,True,True,False,True,False,4,True,正常
2018-01-03,9.9,10.23,9.8,9.9,9.9,6180950.0,61680100.0,2.35,4.34,0.848485,8.4,10.89,8.91,False,True,True,True,False,True,False,1,True,正常
2018-01-04,9.9,10.39,9.81,10.33,9.9,10017560.0,101925800.0,3.81,5.86,0.854792,8.83,10.89,8.91,False,True,True,True,False,True,False,1,True,正常
2018-01-05,10.28,10.37,10.17,10.23,10.33,5890063.0,60315500.0,2.24,1.94,0.853372,8.73,11.36,9.3,False,True,True,True,False,True,False,1,True,正常
2018-01-08,10.21,10.23,9.93,10.05,10.23,5355220.0,53612299.99999999,2.03,2.93,0.850746,8.55,11.25,9.21,False,True,True,True,False,True,False,3,True,正常
2018-01-09,9.99,10.21,9.98,10.07,10.05,3945320.0,39896500.0,1.5,2.29,0.851043,8.57,11.06,9.05,False,True,True,True,False,True,False,1,True,正常
2018-01-10,10.1,10.1,9.84,10.07,10.07,4244384.0,42306200.0,1.61,2.58,0.851043,8.57,11.08,9.06,False,True,True,True,False,True,False,1,True,正常
2018-01-11,10.04,10.07,9.91,10.0,10.07,2930157.0,29255800.0,1.11,1.59,0.85,8.5,11.08,9.06,False,True,True,True,False,True,False,1,True,正常
2018-01-12,9.92,10.17,9.92,10.03,10.0,4264562.0,42918400.0,1.62,2.5,0.850449,8.53,11.0,9.0,False,True,True,True,False,True,False,1,True,正常
2018-01-15,10.04,10.15,9.85,9.85,10.03,3434730.0000000005,34289300.0,1.31,2.99,0.847716,8.35,11.03,9.03,False,True,True,True,False,True,False,3,True,正常
2018-01-16,9.78,9.98,9.76,9.89,9.85,2766280.0,27346300.0,1.05,2.23,0.848332,8.39,10.84,8.86,False,True,True,True,False,True,False,1,True,正常
2018-01-17,9.86,10.25,9.86,10.24,9.89,7218982.000000001,72888500.0,2.74,3.94,0.853516,8.74,10.88,8.9,False,True,True,True,False,True,False,1,True,正常
2018-01-18,10.24,10.24,10.07,10.13,10.24,4719175.0,47846200.0,1.79,1.66,0.851925,8.63,11.26,9.22,False,True,True,True,False,True,False,1,True,正常
2018-01-19,10.12,10.27,10.05,10.07,10.13,4162650.0,42250300.0,1.58,2.17,0.851043,8.57,11.14,9.12,False,True,True,True,False,True,False,1,True,正常
2018-01-22,10.09,10.13,9.89,10.05,10.07,3479524.0,34808900.0,1.32,2.38,0.850746,8.55,11.08,9.06,False,True,True,True,False,True,False,3,True,正常
2018-01-23,10.08,10.16,10.0,10.06,10.05,3715653.0,37397400.0,1.41,1.59,0.850895,8.56,11.06,9.05,False,True,True,True,False,True,False,1,True,正常
2018-01-24,9.96,10.06,9.96,10.03,10.06,3989002.0,39916700.0,1.52,0.99,0.850449,8.53,11.07,9.05,False,True,True,True,False,True,False,1,True,正常
2018-01-25,10.04,10.38,9.98,10.1,10.03,6036536.0,61426500.0,2.29,3.99,0.851485,8.6,11.03,9.03,False,True,True,True,False,True,False,1,True,正常
2018-01-26,10.1,10.28,10.06,10.11,10.1,5360827.0,54534799.99999999,2.04,2.18,0.851632,8.61,11.11,9.09,False,True,True,True,False,True,False,1,True,正常
2018-01-29,10.11,10.19,9.91,9.96,10.11,4009398.000000001,40228700.0,1.52,2.77,0.849398,8.46,11.12,9.1,False,True,True,True,False,True,False,3,True,正常
2018-01-30,9.98,10.0,9.9,9.99,9.96,2561898.0,25466900.0,0.97,1.0,0.84985,8.49,10.96,8.96,False,True,True,True,False,True,False,1,True,正常
2018-01-31,10.12,10.12,9.66,9.7,9.99,5337996.0,52758800.0,2.03,4.6,0.845361,8.2,10.99,8.99,False,True,True,True,False,True,False,1,True,正常
2018-02-01,9.71,9.8,8.74,9.0,9.7,7512550.999999999,69371200.0,2.85,10.93,0.833333,7.5,10.67,8.73,False,True,True,True,False,True,False,1,True,正常
2018-02-02,8.91,8.91,8.43,8.65,9.0,9315423.0,79914400.0,3.54,5.33,0.82659,7.15,9.9,8.1,False,True,True,True,False,True,False,1,True,正常
2018-02-05,8.43,8.64,8.4,8.54,8.65,3345073.0000000005,28531600.0,1.27,2.77,0.824356,7.04,9.52,7.78,False,True,True,True,False,True,False,3,True,正常
2018-02-06,8.43,8.43,7.82,7.87,8.54,6308561.0,51423100.00000001,2.4,7.14,0.809403,6.37,9.39,7.69,False,True,True,True,False,True,False,1,True,正常
2018-02-07,8.07,8.15,7.81,8.0,7.87,3482303.0,27831900.0,1.32,4.32,0.8125,6.5,8.66,7.08,False,True,True,True,False,True,False,1,True,正常
2018-02-08,8.01,8.12,7.95,8.12,8.0,2253611.0,18200100.0,0.86,2.12,0.815271,6.62,8.8,7.2,False,True,True,True,False,True,False,1,True,正常
2018-02-09,7.92,7.97,7.71,7.91,8.12,3197430.0,25184100.0,1.21,3.2,0.810367,6.41,8.93,7.31,False,True,True,True,False,True,False,1,True,正常
2018-02-12,7.95,8.11,7.95,8.07,7.91,1797962.0,14497700.0,0.68,2.02,0.814126,6.57,8.7,7.12,False,True,True,True,False,True,False,3,True,正常
2018-02-13,8.33,8.33,8.16,8.19,8.07,2240460.0,18396600.0,0.85,2.11,0.81685,6.69,8.88,7.26,False,True,True,True,False,True,False,1,True,正常
2018-02-14,8.24,8.7,8.14,8.69,8.19,4294783.0,36165500.0,1.63,6.84,0.827388,7.19,9.01,7.37,False,True,True,True,False,True,False,1,True,正常
2018-02-22,8.78,8.79,8.63,8.68,8.69,3649884.0,31742000.0,1.39,1.84,0.827189,7.18,9.56,7.82,False,True,True,True,False,True,False,8,True,正常
2018-02-23,8.61,8.94,8.61,8.72,8.68,3958850.0,34634900.0,1.5,3.8,0.827982,7.22,9.55,7.81,False,True,True,True,False,True,False,1,True,正常
2018-02-26,8.79,9.06,8.79,8.96,8.72,5316372.0,47628800.0,2.02,3.1,0.832589,7.46,9.59,7.85,False,True,True,True,False,True,False,3,True,正常
2018-02-27,8.89,9.0,8.87,8.9,8.96,2767212.0,24692400.0,1.05,1.45,0.831461,7.4,9.86,8.06,False,True,True,True,False,True,False,1,True,正常
2018-02-28,8.88,8.89,8.71,8.85,8.9,2485331.0,21891000.0,0.94,2.02,0.830508,7.35,9.79,8.01,False,True,True,True,False,True,False,1,True,正常
2018-03-01,8.75,9.2,8.71,9.06,8.85,4355281.0,38987500.0,1.65,5.54,0.834437,7.56,9.74,7.96,False,True,True,True,False,True,False,1,True,正常
2018-03-02,8.97,9.04,8.89,8.9,9.06,2722214.0,24333400.0,1.03,1.66,0.831461,7.4,9.97,8.15,False,True,True,True,False,True,False,1,True,正常
2018-03-05,8.91,9.03,8.78,8.91,8.9,3007330.0,26714500.0,1.14,2.81,0.83165,7.41,9.79,8.01,False,True,True,True,False,True,False,3,True,正常
2018-03-06,8.9,9.04,8.82,9.04,8.91,4151701.0,37126300.0,1.58,2.47,0.834071,7.54,9.8,8.02,False,True,True,True,False,True,False,1,True,正常
2018-03-07,9.11,9.12,8.88,8.89,9.04,3492212.0000000005,31442100.0,1.33,2.65,0.831271,7.39,9.94,8.14,False,True,True,True,False,True,False,1,True,正常
2018-03-08,8.83,8.97,8.83,8.91,8.89,2295400.0,20415700.0,0.87,1.57,0.83165,7.41,9.78,8.0,False,True,True,True,False,True,False,1,True,正常
2018-03-09,8.92,9.1,8.91,9.04,8.91,4675350.0,42117100.0,1.78,2.13,0.834071,7.54,9.8,8.02,False,True,True,True,False,True,False,1,True,正常
2018-03-12,9.11,9.27,9.04,9.17,9.04,5056252.0,46265300.0,1.92,2.54,0.836423,7.67,9.94,8.14,False,True,True,True,False,True,False,3,True,正常
2018-03-13,9.17,9.75,9.06,9.33,9.17,7499438.0,69804600.0,2.85,7.52,0.839228,7.83,10.09,8.25,False,True,True,True,False,True,False,1,True,正常
2018-03-14,9.25,9.33,9.14,9.14,9.33,3592940.0,33171800.0,1.37,2.04,0.835886,7.64,10.26,8.4,False,True,True,True,False,True,False,1,True,正常
2018-03-15,9.04,9.13,8.92,9.03,9.14,4136386.0,37310800.0,1.57,2.3,0.833887,7.53,10.05,8.23,False,True,True,True,False,True,False,1,True,正常
2018-03-16,9.07,9.08,8.95,8.98,9.03,2127230.0,19218700.0,0.81,1.44,0.832962,7.48,9.93,8.13,False,True,True,True,False,True,False,1,True,正常
2018-03-19,8.98,8.99,8.85,8.85,8.98,2311000.0,20613000.0,0.88,1.56,0.830508,7.35,9.88,8.08,False,True,True,True,False,True,False,3,True,正常
2018-03-20,8.82,8.83,8.68,8.76,8.85,2565077.0,22464000.0,0.97,1.69,0.828767,7.26,9.74,7.96,False,True,True,True,False,True,False,1,True,正常
2018-03-21,8.8,8.94,8.75,8.76,8.76,3024379.0,26781800.0,1.15,2.17,0.828767,7.26,9.64,7.88,False,True,True,True,False,True,False,1,True,正常
2018-03-22,8.86,8.91,8.77,8.84,8.76,2192825.0,19401100.0,0.83,1.6,0.830317,7.34,9.64,7.88,False,True,True,True,False,True,False,1,True,正常
2018-03-23,8.6,8.6,8.05,8.18,8.84,5249217.0,43786600.0,1.99,6.22,0.816626,6.68,9.72,7.96,False,True,True,True,False,True,False,1,True,正常
2018-03-26,8.09,8.37,7.93,8.34,8.18,3748985.0,30564600.0,1.42,5.38,0.820144,6.84,9.0,7.36,False,True,True,True,False,True,False,3,True,正常
2018-03-27,8.38,8.65,8.38,8.47,8.34,3813181.0,32397000.0,1.45,3.24,0.822904,6.97,9.17,7.51,False,True,True,True,False,True,False,1,True,正常
2018-03-28,8.41,8.49,8.31,8.38,8.47,2764380.0,23221700.0,1.05,2.13,0.821002,6.88,9.32,7.62,False,True,True,True,False,True,False,1,True,正常
2018-03-29,8.44,8.51,8.37,8.49,8.38,2024587.0,17130200.0,0.77,1.67,0.823322,6.99,9.22,7.54,False,True,True,True,False,True,False,1,True,正常
2018-03-30,8.49,8.62,8.49,8.58,8.49,2557493.0,21951000.0,0.97,1.53,0.825175,7.08,9.34,7.64,False,True,True,True,False,True,False,1,True,正常
2018-04-02,8.62,8.64,8.52,8.54,8.58,2204314.0,18919900.0,0.84,1.4,0.824356,7.04,9.44,7.72,False,True,True,True,False,True,False,3,True,正常
2018-04-03,8.36,8.66,8.25,8.51,8.54,2960920.0,25047500.0,1.13,4.8,0.823737,7.01,9.39,7.69,False,True,True,True,False,True,False,1,True,正常
2018-04-04,8.5,8.88,8.5,8.71,8.51,5464934.0,47636600.0,2.08,4.47,0.827784,7.21,9.36,7.66,False,True,True,True,False,True,False,1,True,正常
2018-04-09,8.94,9.58,8.88,9.58,8.71,22455438.0,210449900.00000003,8.53,8.04,0.843424,8.08,9.58,7.84,False,True,True,True,False,True,False,5,True,正常
2018-04-10,9.79,9.79,9.36,9.46,9.58,19790023.0,189501000.0,7.52,4.49,0.841438,7.96,10.54,8.62,False,True,True,True,False,True,False,1,True,正常
2018-04-11,9.34,9.45,9.18,9.34,9.46,10020497.0,93301300.0,3.81,2.85,0.8394,7.84,10.41,8.51,False,True,True,True,False,True,False,1,True,正常
2018-04-12,9.29,9.35,9.11,9.12,9.34,6610764.0,60902299.99999999,2.51,2.57,0.835526,7.62,10.27,8.41,False,True,True,True,False,True,False,1,True,正常
2018-04-13,9.16,9.35,9.09,9.18,9.12,7091503.999999999,65245800.0,2.69,2.85,0.836601,7.68,10.03,8.21,False,True,True,True,False,True,False,1,True,正常
2018-04-16,9.74,10.1,9.53,10.1,9.18,28159540.000000004,281363300.0,10.7,6.21,0.851485,8.6,10.1,8.26,False,True,True,True,False,True,False,3,True,正常
2018-04-17,9.8,9.87,9.32,9.4,10.1,21775557.0,209171100.0,8.27,5.45,0.840426,7.9,11.11,9.09,False,True,True,True,False,True,False,1,True,正常
2018-04-18,9.39,9.39,9.01,9.31,9.4,9867797.0,90864500.0,3.75,4.04,0.838883,7.81,10.34,8.46,False,True,True,True,False,True,False,1,True,正常
2018-04-19,9.32,9.64,9.2,9.52,9.31,9651654.0,91567100.0,3.67,4.73,0.842437,8.02,10.24,8.38,False,True,True,True,False,True,False,1,True,正常
2018-04-20,9.35,9.49,9.17,9.2,9.52,6346396.0,59134799.99999999,2.41,3.36,0.836957,7.7,10.47,8.57,False,True,True,True,False,True,False,1,True,正常
2018-04-23,9.11,9.36,9.0,9.26,9.2,5068966.0,46351100.0,1.93,3.91,0.838013,7.76,10.12,8.28,False,True,True,True,False,True,False,3,True,正常
2018-04-24,9.24,9.48,9.21,9.43,9.26,5872509.0,54930800.0,2.23,2.92,0.840933,7.93,10.19,8.33,False,True,True,True,False,True,False,1,True,正常
2018-04-25,9.23,9.47,9.2,9.47,9.43,5399619.0,50527000.0,2.05,2.86,0.841605,7.97,10.37,8.49,False,True,True,True,False,True,False,1,True,正常
2018-04-26,9.52,9.52,9.27,9.33,9.47,4206894.0,39497300.0,1.6,2.64,0.839228,7.83,10.42,8.52,False,True,True,True,False,True,False,1,True,正常
2018-04-27,9.32,9.47,9.21,9.27,9.33,3625140.0,33821900.0,1.38,2.79,0.838188,7.77,10.26,8.4,False,True,True,True,False,True,False,1,True,正常
2018-05-02,9.33,9.58,9.32,9.56,9.27,5569266.0,52595900.0,2.12,2.8,0.843096,8.06,10.2,8.34,False,True,True,True,False,True,False,5,True,正常
2018-05-03,9.56,9.62,9.33,9.56,9.56,6003649.0,56929100.0,2.28,3.03,0.843096,8.06,10.52,8.6,False,True,True,True,False,True,False,1,True,正常
2018-05-04,9.42,9.66,9.37,9.48,9.56,6369954.0,60699500.0,2.42,3.03,0.85443,8.1,10.52,8.6,False,True,True,True,False,True,False,1,True,正常
2018-05-07,9.45,9.69,9.43,9.58,9.48,5964322.0,57049200.0,2.27,2.74,0.85595,8.2,10.43,8.53,False,True,True,True,False,True,False,3,True,正常
2018-05-08,9.64,9.7,9.51,9.69,9.58,7035347.0,67541800.0,2.67,1.98,0.857585,8.31,10.54,8.62,False,True,True,True,False,True,False,1,True,正常
2018-05-09,9.64,9.69,9.46,9.5,9.69,4953744.0,47315200.00000001,1.88,2.37,0.854737,8.12,10.66,8.72,False,True,True,True,False,True,False,1,True,正常
2018-05-10,9.55,9.82,9.55,9.82,9.5,9377495.0,90788100.0,3.56,2.84,0.85947,8.44,10.45,8.55,False,True,True,True,False,True,False,1,True,正常
2018-05-11,9.95,9.98,9.7,9.86,9.82,10508500.0,103361100.0,3.99,2.85,0.860041,8.48,10.8,8.84,False,True,True,True,False,True,False,1,True,正常
2018-05-14,9.65,9.79,9.52,9.54,9.86,6003320.0,57989300.0,2.28,2.74,0.855346,8.16,10.85,8.87,False,True,True,True,False,True,False,3,True,正常
2018-05-15,9.53,9.61,9.46,9.59,9.54,3630668.0,34590900.0,1.38,1.57,0.8561,8.21,10.49,8.59,False,True,True,True,False,True,False,1,True,正常
2018-05-16,9.59,9.59,9.3,9.36,9.59,4466786.0,42290700.0,1.7,3.02,0.852564,7.98,10.55,8.63,False,True,True,True,False,True,False,1,True,正常
2018-05-17,9.38,9.45,9.25,9.27,9.36,3441918.0,32138200.0,1.31,2.14,0.851133,7.89,10.3,8.42,False,True,True,True,False,True,False,1,True,正常
2018-05-18,9.29,9.35,9.23,9.34,9.27,2529395.0,23533900.0,0.96,1.29,0.852248,7.96,10.2,8.34,False,True,True,True,False,True,False,1,True,正常
2018-05-21,9.37,9.53,9.36,9.47,9.34,3758003.0,35579600.0,1.43,1.82,0.854277,8.09,10.27,8.41,False,True,True,True,False,True,False,3,True,正常
2018-05-22,9.45,9.53,9.4,9.53,9.47,3308619.9999999995,31381100.0,1.26,1.37,0.855194,8.15,10.42,8.52,False,True,True,True,False,True,False,1,True,正常
2018-05-23,9.45,9.5,9.3,9.32,9.53,3364451.9999999995,31554900.0,1.28,2.1,0.851931,7.94,10.48,8.58,False,True,True,True,False,True,False,1,True,正常
2018-05-24,9.38,9.46,9.27,9.28,9.32,2668743.0,24979300.0,1.01,2.04,0.851293,7.9,10.25,8.39,False,True,True,True,False,True,False,1,True,正常
2018-05-25,9.29,9.34,9.12,9.12,9.28,3010991.0,27741700.0,1.14,2.37,0.848684,7.74,10.21,8.35,False,True,True,True,False,True,False,1,True,正常
2018-05-28,9.1,9.2,9.01,9.05,9.12,2462290.0,22333200.0,0.94,2.08,0.847514,7.67,10.03,8.21,False,True,True,True,False,True,False,3,True,正常
2018-05-29,9.04,9.15,8.82,8.98,9.05,2730501.0,24596600.0,1.04,3.65,0.846325,7.6,9.96,8.15,False,True,True,True,False,True,False,1,True,正常
2018-05-30,8.83,8.84,8.41,8.45,8.98,4424652.0,38174400.0,1.68,4.79,0.836686,7.07,9.88,8.08,False,True,True,True,False,True,False,1,True,正常
2018-05-31,8.52,8.62,8.47,8.55,8.45,2489988.0,21277800.000000004,0.95,1.78,0.838596,7.17,9.3,7.6,False,True,True,True,False,True,False,1,True,正常
2018-06-01,8.51,8.63,8.45,8.56,8.55,2169470.0,18523500.0,0.82,2.11,0.838785,7.18,9.41,7.7,False,True,True,True,False,True,False,1,True,正常
2018-06-04,8.58,8.73,8.58,8.62,8.56,2000192.0,17303800.0,0.76,1.75,0.839907,7.24,9.42,7.7,False,True,True,True,False,True,False,3,True,正常
2018-06-05,8.67,8.71,8.58,8.7,8.62,2047220.0,17771000.0,0.78,1.51,0.841379,7.32,9.48,7.76,False,True,True,True,False,True,False,1,True,正常
2018-06-06,8.72,8.73,8.64,8.72,8.7,1718484.9999999998,14925500.0,0.65,1.03,0.841743,7.34,9.57,7.83,False,True,True,True,False,True,False,1,True,正常
2018-06-07,8.73,8.84,8.66,8.68,8.72,1757599.0000000002,15363800.000000002,0.67,2.06,0.841014,7.3,9.59,7.85,False,True,True,True,False,True,False,1,True,正常
2018-06-08,8.65,8.66,8.46,8.6,8.68,1951591.0,16678500.0,0.74,2.3,0.839535,7.22,9.55,7.81,False,True,True,True,False,True,False,1,True,正常
2018-06-11,8.59,8.66,8.48,8.58,8.6,1822590.0,15595100.0,0.69,2.09,0.839161,7.2,9.46,7.74,False,True,True,True,False,True,False,3,True,正常
2018-06-12,8.58,8.65,8.43,8.61,8.58,2192961.0,18784100.0,0.83,2.56,0.839721,7.23,9.44,7.72,False,True,True,True,False,True,False,1,True,正常
2018-06-13,8.62,8.62,8.41,8.41,8.61,1702930.0,14477800.0,0.65,2.44,0.83591,7.03,9.47,7.75,False,True,True,True,False,True,False,1,True,正常
2018-06-14,8.43,8.5,8.26,8.28,8.41,2118425.0,17727900.0,0.8,2.85,0.833333,6.9,9.25,7.57,False,True,True,True,False,True,False,1,True,正常
2018-06-15,8.34,8.34,8.0,8.13,8.28,2255885.0,18404600.0,0.86,4.11,0.830258,6.75,9.11,7.45,False,True,True,True,False,True,False,1,True,正常
2018-06-19,7.96,8.0,7.32,7.47,8.13,4612145.0,35346600.0,1.75,8.36,0.815261,6.09,8.94,7.32,False,True,True,True,False,True,False,4,True,正常
2018-06-20,7.4,7.66,7.38,7.57,7.47,2631439.0,19822000.0,1.0,3.75,0.817701,6.19,8.22,6.72,False,True,True,True,False,True,False,1,True,正常
2018-06-21,7.55,7.65,7.34,7.36,7.57,2095733.0,15741900.0,0.8,4.1,0.8125,5.98,8.33,6.81,False,True,True,True,False,True,False,1,True,正常
2018-06-22,7.46,7.51,7.36,7.5,7.36,1653061.0,12316199.999999998,0.63,2.04,0.816,6.12,8.1,6.62,False,True,True,True,False,True,False,1,True,正常
2018-06-25,7.59,7.62,7.5,7.52,7.5,1662480.0,12583500.0,0.63,1.6,0.816489,6.14,8.25,6.75,False,True,True,True,False,True,False,3,True,正常
2018-06-26,7.4,7.58,7.31,7.57,7.52,1572235.0,11743699.999999998,0.6,3.59,0.817701,6.19,8.27,6.77,False,True,True,True,False,True,False,1,True,正常
2018-06-27,7.58,7.6,7.49,7.55,7.57,1291359.0,9741400.0,0.49,1.45,0.817219,6.17,8.33,6.81,False,True,True,True,False,True,False,1,True,正常
2018-06-28,7.54,7.57,7.41,7.43,7.55,1703950.0,12773400.0,0.65,2.12,0.814266,6.05,8.3,6.8,False,True,True,True,False,True,False,1,True,正常
2018-06-29,7.43,7.62,7.38,7.57,7.43,1915190.0,14396900.0,0.73,3.23,0.817701,6.19,8.17,6.69,False,True,True,True,False,True,False,1,True,正常
2018-07-02,7.58,7.58,7.38,7.45,7.57,2214961.0,16613699.999999998,0.84,2.64,0.814765,6.07,8.33,6.81,False,True,True,True,False,True,False,3,True,正常
2018-07-03,7.45,7.54,7.35,7.52,7.45,1642668.9999999998,12248500.0,0.62,2.55,0.816489,6.14,8.2,6.7,False,True,True,True,False,True,False,1,True,正常
2018-07-04,7.46,7.54,7.41,7.44,7.52,1348094.0,10077600.0,0.51,1.73,0.814516,6.06,8.27,6.77,False,True,True,True,False,True,False,1,True,正常
2018-07-05,7.45,7.48,7.19,7.22,7.44,2056311.0,15050600.0,0.78,3.9,0.808864,5.84,8.18,6.7,False,True,True,True,False,True,False,1,True,正常
2018-07-06,7.26,7.3,6.82,7.18,7.22,2434190.0,17384800.0,0.92,6.65,0.807799,5.8,7.94,6.5,False,True,True,True,False,True,False,1,True,正常
2018-07-09,7.19,7.42,7.19,7.35,7.18,1570807.0,11515300.0,0.6,3.2,0.812245,5.97,7.9,6.46,False,True,True,True,False,True,False,3,True,正常
2018-07-10,7.35,7.48,7.35,7.46,7.35,2114300.0,15705400.0,0.8,1.77,0.815013,6.08,8.09,6.62,False,True,True,True,False,True,False,1,True,正常
2018-07-11,7.38,7.39,7.21,7.32,7.46,1818106.0,13280800.0,0.69,2.41,0.811475,5.94,8.21,6.71,False,True,True,True,False,True,False,1,True,正常
2018-07-12,7.32,7.49,7.32,7.46,7.32,2005699.0,14940900.0,0.76,2.32,0.815013,6.08,8.05,6.59,False,True,True,True,False,True,False,1,True,正常
2018-07-13,7.52,7.6,7.4,7.55,7.46,2086180.0,15710000.0,0.79,2.68,0.817219,6.17,8.21,6.71,False,True,True,True,False,True,False,1,True,正常
2018-07-16,7.53,7.58,7.47,7.55,7.55,1403260.0,10548300.0,0.53,1.46,0.817219,6.17,8.3,6.8,False,True,True,True,False,True,False,3,True,正常
2018-07-17,7.56,8.28,7.53,7.86,7.55,6278625.0,49479100.0,2.39,9.93,0.824427,6.48,8.3,6.8,False,True,True,True,False,True,False,1,True,正常
2018-07-18,7.83,7.97,7.68,7.82,7.86,3486362.0000000005,27225000.0,1.32,3.69,0.823529,6.44,8.65,7.07,False,True,True,True,False,True,False,1,True,正常
2018-07-19,7.75,7.85,7.62,7.65,7.82,1981429.0,15290000.0,0.75,2.94,0.819608,6.27,8.6,7.04,False,True,True,True,False,True,False,1,True,正常
2018-07-20,7.65,7.82,7.62,7.78,7.65,2018493.0,15602200.0,0.77,2.61,0.822622,6.4,8.42,6.89,False,True,True,True,False,True,False,1,True,正常
2018-07-23,7.74,7.99,7.7,7.95,7.78,2980902.0,23518900.0,1.13,3.73,0.826415,6.57,8.56,7.0,False,True,True,True,False,True,False,3,True,正常
2018-07-24,7.88,8.1,7.88,8.1,7.95,4046819.0,32494200.0,1.54,2.77,0.82963,6.72,8.75,7.16,False,True,True,True,False,True,False,1,True,正常
2018-07-25,8.06,8.08,7.95,8.0,8.1,2736905.0,21881900.0,1.04,1.6,0.8275,6.62,8.91,7.29,False,True,True,True,False,True,False,1,True,正常
2018-07-26,8.0,8.13,7.93,8.05,8.0,3114997.0,25001800.0,1.18,2.5,0.828571,6.67,8.8,7.2,False,True,True,True,False,True,False,1,True,正常
2018-07-27,8.01,8.02,7.93,7.97,8.05,1986080.0,15832300.0,0.75,1.12,0.826851,6.59,8.86,7.25,False,True,True,True,False,True,False,1,True,正常
2018-07-30,7.96,8.02,7.77,7.84,7.97,2172041.0,17178100.0,0.83,3.14,0.82398,6.46,8.77,7.17,False,True,True,True,False,True,False,3,True,正常
2018-07-31,7.8,7.96,7.79,7.93,7.84,1902559.0,15027300.0,0.72,2.17,0.825977,6.55,8.62,7.06,False,True,True,True,False,True,False,1,True,正常
2018-08-01,7.91,8.22,7.91,7.95,7.93,4156884.0,33626500.0,1.58,3.91,0.826415,6.57,8.72,7.14,False,True,True,True,False,True,False,1,True,正常
2018-08-02,7.91,8.0,7.49,7.7,7.95,3390210.0,26231300.0,1.29,6.42,0.820779,6.32,8.75,7.16,False,True,True,True,False,True,False,1,True,正常
2018-08-03,7.84,8.25,7.7,8.0,7.7,7298633.0,58961300.0,2.77,7.14,0.8275,6.62,8.47,6.93,False,True,True,True,False,True,False,1,True,正常
2018-08-06,7.95,8.07,7.69,7.82,8.0,4734049.0,37224300.0,1.8,4.75,0.823529,6.44,8.8,7.2,False,True,True,True,False,True,False,3,True,正常
2018-08-07,7.72,8.2,7.62,8.09,7.82,5309126.0,42074700.0,2.02,7.42,0.829419,6.71,8.6,7.04,False,True,True,True,False,True,False,1,True,正常
2018-08-08,8.02,8.09,7.9,8.05,8.09,3546651.9999999995,28415000.0,1.35,2.35,0.828571,6.67,8.9,7.28,False,True,True,True,False,True,False,1,True,正常
2018-08-09,8.02,8.35,8.01,8.3,8.05,7275122.0,60012900.0,2.76,4.22,0.833735,6.92,8.86,7.25,False,True,True,True,False,True,False,1,True,正常
2018-08-10,8.26,8.32,8.17,8.31,8.3,4471070.0,36921700.0,1.7,1.81,0.833935,6.93,9.13,7.47,False,True,True,True,False,True,False,1,True,正常
2018-08-13,8.21,8.32,8.08,8.31,8.31,3570783.9999999995,29357400.0,1.36,2.89,0.833935,6.93,9.14,7.48,False,True,True,True,False,True,False,3,True,正常
2018-08-14,8.3,8.54,8.23,8.49,8.31,6233980.0,52548300.0,2.37,3.73,0.837456,7.11,9.14,7.48,False,True,True,True,False,True,False,1,True,正常
2018-08-15,8.39,8.39,8.07,8.11,8.49,6415950.0,52602000.0,2.44,3.77,0.82984,6.73,9.34,7.64,False,True,True,True,False,True,False,1,True,正常
2018-08-16,8.01,8.17,7.89,8.13,8.11,3393890.0,27357000.0,1.29,3.45,0.830258,6.75,8.92,7.3,False,True,True,True,False,True,False,1,True,正常
2018-08-17,8.26,8.44,7.9,7.9,8.13,3689147.0,30086300.0,1.4,6.64,0.825316,6.52,8.94,7.32,False,True,True,True,False,True,False,1,True,正常
2018-08-20,7.72,7.93,7.66,7.88,7.9,2805721.0,21876700.0,1.07,3.42,0.824873,6.5,8.69,7.11,False,True,True,True,False,True,False,3,True,正常
2018-08-21,7.86,8.04,7.85,8.02,7.88,2332347.0,18532200.0,0.89,2.41,0.82793,6.64,8.67,7.09,False,True,True,True,False,True,False,1,True,正常
2018-08-22,8.0,8.0,7.87,7.89,8.02,1375590.0,10897300.0,0.52,1.62,0.825095,6.51,8.82,7.22,False,True,True,True,False,True,False,1,True,正常
2018-08-23,7.93,7.96,7.81,7.89,7.89,1878991.0,14835700.0,0.71,1.9,0.825095,6.51,8.68,7.1,False,True,True,True,False,True,False,1,True,正常
2018-08-24,7.98,8.0,7.91,7.98,7.89,1917720.0,15244300.0,0.73,1.14,0.827068,6.6,8.68,7.1,False,True,True,True,False,True,False,1,True,正常
2018-08-27,8.08,8.16,8.02,8.12,7.98,2782658.0,22545400.0,1.06,1.75,0.830049,6.74,8.78,7.18,False,True,True,True,False,True,False,3,True,正常
2018-08-28,8.13,8.15,8.05,8.14,8.12,2113841.0,17130300.0,0.8,1.23,0.830467,6.76,8.93,7.31,False,True,True,True,False,True,False,1,True,正常
2018-08-29,8.14,8.15,8.06,8.1,8.14,1047780.0,8480100.0,0.4,1.11,0.82963,6.72,8.95,7.33,False,True,True,True,False,True,False,1,True,正常
2018-08-30,8.1,8.9,8.09,8.37,8.1,11550271.0,98098300.0,4.39,10.0,0.835125,6.99,8.91,7.29,False,True,True,True,False,True,False,1,True,正常
2018-08-31,8.4,8.64,8.25,8.59,8.37,8187995.0,69547200.0,3.11,4.66,0.839348,7.21,9.21,7.53,False,True,True,True,False,True,False,1,True,正常
2018-09-03,8.49,8.54,8.3,8.49,8.59,4268011.0,35919600.0,1.62,2.79,0.837456,7.11,9.45,7.73,False,True,True,True,False,True,False,3,True,正常
2018-09-04,8.47,8.62,8.4,8.51,8.49,4161713.0,35438900.0,1.58,2.59,0.837838,7.13,9.34,7.64,False,True,True,True,False,True,False,1,True,正常
2018-09-05,8.42,8.45,8.25,8.27,8.51,3751649.0,31245200.0,1.43,2.35,0.833132,6.89,9.36,7.66,False,True,True,True,False,True,False,1,True,正常
2018-09-06,8.2,8.37,8.08,8.15,8.27,3210333.0,26268300.0,1.22,3.51,0.830675,6.77,9.1,7.44,False,True,True,True,False,True,False,1,True,正常
2018-09-07,8.17,8.35,8.06,8.25,8.15,3295774.0,27052700.0,1.25,3.56,0.832727,6.87,8.97,7.34,False,True,True,True,False,True,False,1,True,正常
2018-09-10,8.25,8.39,8.16,8.27,8.25,3207043.0,26593000.0,1.22,2.79,0.833132,6.89,9.08,7.42,False,True,True,True,False,True,False,3,True,正常
2018-09-11,8.24,8.38,8.2,8.37,8.27,2717069.0,22549500.0,1.03,2.18,0.835125,6.99,9.1,7.44,False,True,True,True,False,True,False,1,True,正常
2018-09-12,8.36,8.38,8.19,8.2,8.37,2718913.0,22428300.0,1.03,2.27,0.831707,6.82,9.21,7.53,False,True,True,True,False,True,False,1,True,正常
2018-09-13,8.2,8.28,8.02,8.15,8.2,3010159.0,24530900.0,1.14,3.17,0.830675,6.77,9.02,7.38,False,True,True,True,False,True,False,1,True,正常
2018-09-14,8.15,8.18,8.06,8.06,8.15,1913450.0,15522300.0,0.73,1.47,0.828784,6.68,8.97,7.34,False,True,True,True,False,True,False,1,True,正常
2018-09-17,8.05,8.05,7.72,7.81,8.06,2567701.0,20247800.0,0.98,4.09,0.823303,6.43,8.87,7.25,False,True,True,True,False,True,False,3,True,正常
2018-09-18,7.79,7.92,7.74,7.9,7.81,2039450.0,15949100.0,0.77,2.3,0.825316,6.52,8.59,7.03,False,True,True,True,False,True,False,1,True,正常
2018-09-19,7.86,8.34,7.86,8.18,7.9,4174889.0,33763300.0,1.59,6.08,0.831296,6.8,8.69,7.11,False,True,True,True,False,True,False,1,True,正常
2018-09-20,8.17,8.2,8.08,8.08,8.18,3156699.0,25699700.0,1.2,1.47,0.829208,6.7,9.0,7.36,False,True,True,True,False,True,False,1,True,正常
2018-09-21,8.14,8.18,8.07,8.16,8.08,2206639.0,17955800.0,0.84,1.36,0.830882,6.78,8.89,7.27,False,True,True,True,False,True,False,1,False,正常
2018-09-25,8.13,8.16,8.07,8.13,8.16,1314220.0,10663200.0,0.5,1.1,0.830258,6.75,8.98,7.34,False,True,True,True,False,True,True,4,True,复牌首日
2018-09-26,8.13,8.18,8.07,8.08,8.13,2389457.0,19413600.0,0.91,1.35,0.829208,6.7,8.94,7.32,False,True,True,True,False,True,False,1,True,正常
2018-09-27,8.11,8.13,7.95,7.96,8.08,1956900.0,15722700.0,0.74,2.23,0.826633,6.58,8.89,7.27,False,True,True,True,False,True,False,1,True,正常
2018-09-28,7.98,8.09,7.95,8.08,7.96,1488920.0,11988599.999999998,0.57,1.76,0.829208,6.7,8.76,7.16,False,True,True,True,False,True,False,1,False,正常
2018-10-08,7.93,7.99,7.8,7.82,8.08,1865516.0,14721500.0,0.71,2.35,0.823529,6.44,8.89,7.27,False,True,True,True,False,True,True,10,True,复牌首日
2018-10-09,7.87,7.98,7.77,7.83,7.82,1376092.0,10820600.0,0.52,2.69,0.823755,6.45,8.6,7.04,False,True,True,True,False,True,False,1,True,正常
2018-10-10,7.83,7.9,7.76,7.85,7.83,1239530.0,9688600.0,0.47,1.79,0.824204,6.47,8.61,7.05,False,True,True,True,False,True,False,1,True,正常
2018-10-11,7.64,7.68,7.07,7.1,7.85,4498580.0,33057700.0,1.71,7.77,0.805634,5.72,8.64,7.06,False,True,True,True,False,True,False,1,True,正常
2018-10-12,7.15,7.15,6.71,7.08,7.1,3167820.0,22106500.0,1.2,6.2,0.805085,5.7,7.81,6.39,False,True,True,True,False,True,False,1,True,正常
2018-10-15,7.05,7.18,7.02,7.04,7.08,1329849.0,9450800.0,0.51,2.26,0.803977,5.66,7.79,6.37,False,True,True,True,False,True,False,3,True,正常
2018-10-16,7.03,7.1,6.8,6.9,7.04,1334860.0,9278300.0,0.51,4.26,0.8,5.52,7.74,6.34,False,True,True,True,False,True,False,1,True,正常
2018-10-17,7.01,7.08,6.85,6.99,6.9,1176080.0,8183800.0,0.45,3.33,0.802575,5.61,7.59,6.21,False,True,True,True,False,True,False,1,True,正常
2018-10-18,6.93,7.02,6.82,6.92,6.99,1335833.0,9264400.0,0.51,2.86,0.800578,5.54,7.69,6.29,False,True,True,True,False,True,False,1,True,正常
2018-10-19,6.86,7.02,6.72,7.0,6.92,1448033.0,10004900.0,0.55,4.34,0.802857,5.62,7.61,6.23,False,True,True,True,False,True,False,1,True,正常
2018-10-22,7.01,7.39,7.01,7.26,7.0,2828720.0,20341600.0,1.07,5.43,0.809917,5.88,7.7,6.3,False,True,True,True,False,True,False,3,True,正常
2018-10-23,7.27,7.3,7.14,7.19,7.26,1748089.0,12612600.0,0.66,2.2,0.808067,5.81,7.99,6.53,False,True,True,True,False,True,False,1,True,正常
2018-10-24,7.16,7.26,7.15,7.17,7.19,1271360.0,9152100.0,0.48,1.53,0.807531,5.79,7.91,6.47,False,True,True,True,False,True,False,1,True,正常
2018-10-25,6.98,7.2,6.88,7.19,7.17,1879701.0,13309500.0,0.71,4.46,0.808067,5.81,7.89,6.45,False,True,True,True,False,True,False,1,True,正常
2018-10-26,7.26,7.3,7.14,7.16,7.19,1268910.0,9152000.0,0.48,2.23,0.807263,5.78,7.91,6.47,False,True,True,True,False,True,False,1,True,正常
2018-10-29,7.19,7.19,7.04,7.05,7.16,1058990.0,7512100.0,0.4,2.09,0.804255,5.67,7.88,6.44,False,True,True,True,False,True,False,3,True,正常
2018-10-30,7.02,7.15,6.99,7.11,7.05,1782904.0,12607000.0,0.68,2.27,0.805907,5.73,7.76,6.34,False,True,True,True,False,True,False,1,True,正常
2018-10-31,7.16,7.39,7.14,7.37,7.11,3209638.0,23437900.0,1.22,3.52,0.812754,5.99,7.82,6.4,False,True,True,True,False,True,False,1,True,正常
2018-11-01,7.39,7.5,7.3,7.31,7.37,3250950.0,23985900.0,1.24,2.71,0.811218,5.93,8.11,6.63,False,True,True,True,False,True,False,1,True,正常
2018-11-02,7.38,7.47,7.35,7.45,7.31,3026920.0,22446300.0,1.15,1.64,0.814765,6.07,8.04,6.58,False,True,True,True,False,True,False,1,True,正常
2018-11-05,7.41,7.59,7.41,7.5,7.45,2736174.0,20537300.0,1.04,2.42,0.816,6.12,8.2,6.7,False,True,True,True,False,True,False,3,True,正常
2018-11-06,7.54,7.59,7.43,7.56,7.5,2356410.0,17734700.0,0.9,2.13,0.81746,6.18,8.25,6.75,False,True,True,True,False,True,False,1,True,正常
2018-11-07,7.6,7.63,7.47,7.5,7.56,2283310.0,17232900.0,0.87,2.12,0.816,6.12,8.32,6.8,False,True,True,True,False,True,False,1,True,正常
2018-11-08,7.55,7.94,7.52,7.72,7.5,5427443.0,41799900.0,2.06,5.6,0.821244,6.34,8.25,6.75,False,True,True,True,False,True,False,1,True,正常
2018-11-09,7.68,7.68,7.59,7.61,7.72,2814210.0,21472200.0,1.07,1.17,0.81866,6.23,8.49,6.95,False,True,True,True,False,True,False,1,True,正常
2018-11-12,7.78,7.85,7.67,7.82,7.61,3540630.0000000005,27514200.0,1.35,2.37,0.823529,6.44,8.37,6.85,False,True,True,True,False,True,False,3,True,正常
2018-11-13,7.71,8.18,7.71,8.13,7.82,6885942.0,55447400.0,2.62,6.01,0.830258,6.75,8.6,7.04,False,True,True,True,False,True,False,1,True,正常
2018-11-14,8.01,8.25,8.01,8.1,8.13,4890284.0,39732200.0,1.86,2.95,0.82963,6.72,8.94,7.32,False,True,True,True,False,True,False,1,True,正常
2018-11-15,8.1,8.21,8.06,8.2,8.1,3753195.0,30528800.0,1.43,1.85,0.831707,6.82,8.91,7.29,False,True,True,True,False,True,False,1,True,正常
2018-11-16,8.16,8.26,8.12,8.26,8.2,4145406.0,34026500.0,1.58,1.71,0.83293,6.88,9.02,7.38,False,True,True,True,False,True,False,1,True,正常
2018-11-19,8.24,8.34,8.12,8.29,8.26,4585680.0,37687100.0,1.74,2.66,0.833534,6.91,9.09,7.43,False,True,True,True,False,True,False,3,True,正常
2018-11-20,8.16,8.31,8.07,8.07,8.29,4237770.0,34662400.0,1.61,2.9,0.828996,6.69,9.12,7.46,False,True,True,True,False,True,False,1,True,正常
2018-11-21,7.99,8.8,7.99,8.36,8.07,8217553.999999999,69310900.0,3.12,10.04,0.834928,6.98,8.88,7.26,False,True,True,True,False,True,False,1,True,正常
2018-11-22,8.41,8.46,8.23,8.39,8.36,4045284.0,33799800.0,1.54,2.75,0.835518,7.01,9.2,7.52,False,True,True,True,False,True,False,1,True,正常
2018-11-23,8.43,8.48,8.0,8.21,8.39,5054350.0,41654500.0,1.92,5.72,0.831912,6.83,9.23,7.55,False,True,True,True,False,True,False,1,True,正常
2018-11-26,8.19,8.73,8.16,8.36,8.21,6414030.0,54376500.0,2.44,6.94,0.834928,6.98,9.03,7.39,False,True,True,True,False,True,False,3,True,正常
2018-11-27,8.38,8.54,8.25,8.37,8.36,3834010.0,32032900.0,1.46,3.47,0.835125,6.99,9.2,7.52,False,True,True,True,False,True,False,1,True,正常
2018-11-28,8.37,8.52,8.25,8.5,8.37,3953408.0,33080200.0,1.5,3.23,0.837647,7.12,9.21,7.53,False,True,True,True,False,True,False,1,True,正常
2018-11-29,8.57,8.85,8.28,8.3,8.5,7916272.0,68060600.0,3.01,6.71,0.833735,6.92,9.35,7.65,False,True,True,True,False,True,False,1,True,正常
2018-11-30,8.21,8.39,8.08,8.36,8.3,5184781.0,42522700.00000001,1.97,3.73,0.834928,6.98,9.13,7.47,False,True,True,True,False,True,False,1,True,正常
2018-12-03,8.59,8.65,8.4,8.59,8.36,5775464.0,49394200.0,2.19,2.99,0.839348,7.21,9.2,7.52,False,True,True,True,False,True,False,3,True,正常
2018-12-04,8.62,9.45,8.58,9.33,8.59,19210006.0,174620700.0,7.3,10.13,0.85209,7.95,9.45,7.73,False,True,True,True,False,True,False,1,True,正常
2018-12-05,8.98,9.23,8.91,8.99,9.33,10132556.0,91681400.0,3.85,3.43,0.846496,7.61,10.26,8.4,False,True,True,True,False,True,False,1,True,正常
2018-12-06,9.01,9.16,8.89,9.04,8.99,7679142.0,69314500.0,2.92,3.0,0.847345,7.66,9.89,8.09,False,True,True,True,False,True,False,1,True,正常
2018-12-07,9.02,9.11,8.64,8.93,9.04,8602007.0,76129000.0,3.27,5.2,0.845465,7.55,9.94,8.14,False,True,True,True,False,True,False,1,True,正常
2018-12-10,8.88,8.88,8.04,8.32,8.93,10983567.0,91789400.0,4.17,9.41,0.834135,6.94,9.82,8.04,False,True,True,True,False,True,False,3,True,正常
2018-12-11,8.16,8.24,7.79,7.9,8.32,11480787.0,90985900.0,4.36,5.41,0.825316,6.52,9.15,7.49,False,True,True,True,False,True,False,1,True,正常
2018-12-12,7.91,7.92,7.69,7.72,7.9,6347986.0,49293700.0,2.41,2.91,0.821244,6.34,8.69,7.11,False,True,True,True,False,True,False,1,True,正常
2018-12-13,7.73,7.84,7.7,7.76,7.72,4545503.0,35322600.0,1.73,1.81,0.822165,6.38,8.49,6.95,False,True,True,True,False,True,False,1,True,正常
2018-12-14,7.85,7.94,7.76,7.78,7.76,5641502.0,44299399.99999999,2.14,2.32,0.822622,6.4,8.54,6.98,False,True,True,True,False,True,False,1,True,正常
2018-12-17,7.7,7.7,7.42,7.62,7.78,5370986.0,40332600.0,2.04,3.6,0.818898,6.24,8.56,7.0,False,True,True,True,False,True,False,3,True,正常
2018-12-18,7.53,7.57,7.39,7.49,7.62,4632595.0,34663500.0,1.76,2.36,0.815754,6.11,8.38,6.86,False,True,True,True,False,True,False,1,True,正常
2018-12-19,7.58,7.6,7.34,7.38,7.49,3720133.0,27600400.0,1.41,3.47,0.813008,6.0,8.24,6.74,False,True,True,True,False,True,False,1,True,正常
2018-12-20,7.37,7.39,7.28,7.39,7.38,2995960.0,21986600.0,1.14,1.49,0.813261,6.01,8.12,6.64,False,True,True,True,False,True,False,1,True,正常
2018-12-21,7.37,7.37,7.3,7.36,7.39,2463763.0,18056600.0,0.94,0.95,0.8125,5.98,8.13,6.65,False,True,True,True,False,True,False,1,True,正常
2018-12-24,7.35,7.45,7.32,7.41,7.36,2467732.0,18255900.0,0.94,1.77,0.813765,6.03,8.1,6.62,False,True,True,True,False,True,False,3,True,正常
2018-12-25,7.31,7.31,7.08,7.25,7.41,3139340.0,22603900.0,1.19,3.1,0.809655,5.87,8.15,6.67,False,True,True,True,False,True,False,1,True,正常
2018-12-26,7.19,7.27,7.11,7.19,7.25,1979900.0,14231500.0,0.75,2.21,0.808067,5.81,7.98,6.52,False,True,True,True,False,True,False,1,True,正常
2018-12-27,7.28,7.28,7.05,7.06,7.19,2359028.0,16936700.0,0.9,3.2,0.804533,5.68,7.91,6.47,False,True,True,True,False,True,False,1,True,正常
2018-12-28,7.13,7.13,6.99,7.04,7.06,1917888.0,13539800.0,0.73,1.98,0.803977,5.66,7.77,6.35,False,True,True,True,False,True,False,1,False,正常
2019-01-02,7.05,7.11,7.02,7.09,7.04,1599869.0,11286700.0,0.61,1.28,0.80536,5.71,7.74,6.34,False,True,True,True,False,True,True,5,True,复牌首日
2019-01-03,7.07,7.17,7.05,7.13,7.09,1978460.0,14107800.0,0.75,1.69,0.806452,5.75,7.8,6.38,False,True,True,True,False,True,False,1,True,正常
2019-01-04,7.14,7.33,7.08,7.32,7.13,3041350.0,22005000.0,1.16,3.51,0.811475,5.94,7.84,6.42,False,True,True,True,False,True,False,1,True,正常
2019-01-07,7.36,7.48,7.34,7.38,7.32,3170722.0,23507500.0,1.2,1.91,0.813008,6.0,8.05,6.59,False,True,True,True,False,True,False,3,True,正常
2019-01-08,7.45,7.67,7.28,7.45,7.38,4978661.0,37354800.0,1.89,5.28,0.814765,6.07,8.12,6.64,False,True,True,True,False,True,False,1,True,正常
2019-01-09,7.45,7.5,7.37,7.37,7.45,3935541.000000001,29298800.0,1.5,1.74,0.812754,5.99,8.2,6.7,False,True,True,True,False,True,False,1,True,正常
2019-01-10,7.36,7.42,7.3,7.3,7.37,1972097.0,14513300.0,0.75,1.63,0.810959,5.92,8.11,6.63,False,True,True,True,False,True,False,1,True,正常
2019-01-11,7.36,7.38,7.28,7.37,7.3,1608015.0,11798300.0,0.61,1.37,0.812754,5.99,8.03,6.57,False,True,True,True,False,True,False,1,True,正常
2019-01-14,7.58,7.58,7.31,7.34,7.37,2751826.0,20400800.0,1.05,3.66,0.811989,5.96,8.11,6.63,False,True,True,True,False,True,False,3,True,正常
2019-01-15,7.31,7.38,7.28,7.35,7.34,1972305.0,14469400.0,0.75,1.36,0.812245,5.97,8.07,6.61,False,True,True,True,False,True,False,1,True,正常
2019-01-16,7.37,7.55,7.35,7.43,7.35,2539416.0,18859900.0,0.96,2.72,0.814266,6.05,8.09,6.62,False,True,True,True,False,True,False,1,True,正常
2019-01-17,7.36,7.43,7.33,7.35,7.43,2241058.0,16503400.0,0.85,1.35,0.812245,5.97,8.17,6.69,False,True,True,True,False,True,False,1,True,正常
2019-01-18,7.35,7.51,7.32,7.47,7.35,3739355.000000001,27926400.0,1.42,2.59,0.815261,6.09,8.09,6.62,False,True,True,True,False,True,False,1,True,正常
2019-01-21,7.48,7.53,7.44,7.46,7.47,2060509.0,15436199.999999998,0.78,1.2,0.815013,6.08,8.22,6.72,False,True,True,True,False,True,False,3,True,正常
2019-01-22,7.46,7.47,7.35,7.37,7.46,1562050.0,11537600.0,0.59,1.61,0.812754,5.99,8.21,6.71,False,True,True,True,False,True,False,1,True,正常
2019-01-23,7.36,7.41,7.31,7.38,7.37,1230050.0,9063100.0,0.47,1.36,0.813008,6.0,8.11,6.63,False,True,True,True,False,True,False,1,True,正常
2019-01-24,7.38,7.42,7.35,7.36,7.38,1418651.0,10468699.999999998,0.54,0.95,0.8125,5.98,8.12,6.64,False,True,True,True,False,True,False,1,True,正常
2019-01-25,7.4,7.4,7.3,7.3,7.36,1490733.0,10967800.0,0.57,1.36,0.810959,5.92,8.1,6.62,False,True,True,True,False,True,False,1,True,正常
2019-01-28,7.33,7.37,7.17,7.24,7.3,1838536.0,13371500.0,0.7,2.74,0.809392,5.86,8.03,6.57,False,True,True,True,False,True,False,3,True,正常
2019-01-29,7.24,7.24,7.0,7.11,7.24,1878960.0,13354300.0,0.71,3.31,0.805907,5.73,7.96,6.52,False,True,True,True,False,True,False,1,True,正常
2019-01-30,7.11,7.2,7.07,7.09,7.11,1480780.0,10558500.0,0.56,1.83,0.80536,5.71,7.82,6.4,False,True,True,True,False,True,False,1,True,正常
2019-01-31,7.08,7.16,6.92,6.96,7.09,2011007.0,14155900.0,0.76,3.39,0.801724,5.58,7.8,6.38,False,True,True,True,False,True,False,1,True,正常
2019-02-01,6.94,7.21,6.93,7.2,6.96,1563380.0,11125800.0,0.59,4.02,0.808333,5.82,7.66,6.26,False,True,True,True,False,True,False,1,False,正常
2019-02-11,7.25,7.31,7.16,7.3,7.2,1814443.0,13161400.000000002,0.69,2.08,0.810959,5.92,7.92,6.48,False,True,True,True,False,True,True,10,True,复牌首日
2019-02-12,7.27,7.41,7.26,7.39,7.3,2073530.0,15246600.0,0.79,2.05,0.813261,6.01,8.03,6.57,False,True,True,True,False,True,False,1,True,正常
2019-02-13,7.43,7.49,7.35,7.48,7.39,3627852.0,26914200.0,1.38,1.89,0.815508,6.1,8.13,6.65,False,True,True,True,False,True,False,1,True,正常
2019-02-14,7.4,7.57,7.4,7.5,7.48,4834091.0,36257300.0,1.84,2.27,0.816,6.12,8.23,6.73,False,True,True,True,False,True,False,1,True,正常
2019-02-15,7.49,7.56,7.44,7.47,7.5,3155960.0,23699400.0,1.2,1.6,0.815261,6.09,8.25,6.75,False,True,True,True,False,True,False,1,True,正常
2019-02-18,7.49,7.64,7.49,7.63,7.47,4979949.0,37770200.0,1.89,2.01,0.819135,6.25,8.22,6.72,False,True,True,True,False,True,False,3,True,正常
2019-02-19,7.68,8.03,7.68,7.83,7.63,9360561.0,73503400.0,3.56,4.59,0.823755,6.45,8.39,6.87,False,True,True,True,False,True,False,1,True,正常
2019-02-20,7.77,7.8,7.65,7.73,7.83,3969547.0,30580000.0,1.51,1.92,0.821475,6.35,8.61,7.05,False,True,True,True,False,True,False,1,True,正常
2019-02-21,7.7,7.78,7.59,7.64,7.73,4171326.0,32075800.0,1.59,2.46,0.819372,6.26,8.5,6.96,False,True,True,True,False,True,False,1,True,正常
2019-02-22,7.62,7.71,7.55,7.71,7.64,3632917.0,27761200.0,1.38,2.09,0.821012,6.33,8.4,6.88,False,True,True,True,False,True,False,1,True,正常
2019-02-25,7.79,8.06,7.76,8.04,7.71,10062669.0,79538100.0,3.82,3.89,0.828358,6.66,8.48,6.94,False,True,True,True,False,True,False,3,True,正常
2019-02-26,8.1,8.28,7.98,8.09,8.04,10314966.0,84096299.99999999,3.92,3.73,0.829419,6.71,8.84,7.24,False,True,True,True,False,True,False,1,True,正常
2019-02-27,8.04,8.18,7.94,8.03,8.09,6467501.0,52242100.0,2.46,2.97,0.828144,6.65,8.9,7.28,False,True,True,True,False,True,False,1,True,正常
2019-02-28,8.07,8.13,7.99,8.1,8.03,6040605.0,48696200.0,2.3,1.74,0.82963,6.72,8.83,7.23,False,True,True,True,False,True,False,1,True,正常
2019-03-01,8.07,8.12,7.99,8.08,8.1,3697293.0,29746900.0,1.4,1.6,0.829208,6.7,8.91,7.29,False,True,True,True,False,True,False,1,True,正常
2019-03-04,8.13,8.3,8.07,8.09,8.08,8151747.0,66733900.0,3.1,2.85,0.829419,6.71,8.89,7.27,False,True,True,True,False,True,False,3,True,正常
2019-03-05,8.07,8.29,8.03,8.29,8.09,6712619.0,54924500.0,2.55,3.21,0.833534,6.91,8.9,7.28,False,True,True,True,False,True,False,1,True,正常
2019-03-06,8.31,8.42,8.18,8.37,8.29,8118042.0,67467600.0,3.08,2.9,0.835125,6.99,9.12,7.46,False,True,True,True,False,True,False,1,True,正常
2019-03-07,8.34,8.65,8.31,8.53,8.37,9631484.0,82021500.0,3.66,4.06,0.838218,7.15,9.21,7.53,False,True,True,True,False,True,False,1,True,正常
2019-03-08,8.43,8.43,7.9,8.0,8.53,9477654.0,77733900.0,3.6,6.21,0.8275,6.62,9.38,7.68,False,True,True,True,False,True,False,1,True,正常
2019-03-11,8.01,8.39,8.0,8.38,8.0,8621484.0,71210100.0,3.28,4.88,0.835322,7.0,8.8,7.2,False,True,True,True,False,True,False,3,True,正常
2019-03-12,8.47,8.92,8.39,8.7,8.38,13451373.000000002,115734500.0,5.11,6.32,0.841379,7.32,9.22,7.54,False,True,True,True,False,True,False,1,True,正常
2019-03-13,8.63,8.66,8.36,8.43,8.7,9577758.0,81648800.0,3.64,3.45,0.836299,7.05,9.57,7.83,False,True,True,True,False,True,False,1,True,正常
2019-03-14,8.35,8.49,8.13,8.38,8.43,6889324.000000001,57038200.0,2.62,4.27,0.835322,7.0,9.27,7.59,False,True,True,True,False,True,False,1,True,正常
2019-03-15,8.38,8.78,8.36,8.73,8.38,10317055.0,88240800.0,3.92,5.01,0.841924,7.35,9.22,7.54,False,True,True,True,False,True,False,1,True,正常
2019-03-18,8.73,9.08,8.57,9.0,8.73,13557415.0,119733500.0,5.15,5.84,0.846667,7.62,9.6,7.86,False,True,True,True,False,True,False,3,True,正常
2019-03-19,8.94,9.01,8.78,8.8,9.0,10827460.0,95881900.0,4.11,2.56,0.843182,7.42,9.9,8.1,False,True,True,True,False,True,False,1,True,正常
2019-03-20,8.83,9.0,8.69,8.93,8.8,11343498.0,100375900.0,4.31,3.52,0.845465,7.55,9.68,7.92,False,True,True,True,False,True,False,1,True,正常
2019-03-21,8.93,9.35,8.81,9.16,8.93,20038192.0,181200400.0,7.61,6.05,0.849345,7.78,9.82,8.04,False,True,True,True,False,True,False,1,True,正常
2019-03-22,9.06,9.35,8.85,9.18,9.16,15903682.999999998,145527500.0,6.04,5.46,0.849673,7.8,10.08,8.24,False,True,True,True,False,True,False,1,True,正常
2019-03-25,9.0,9.0,8.71,8.84,9.18,10606312.0,94479200.0,4.03,3.16,0.843891,7.46,10.1,8.26,False,True,True,True,False,True,False,3,True,正常
2019-03-26,8.88,9.18,8.58,8.86,8.84,14153317.000000002,125402300.0,5.38,6.79,0.844244,7.48,9.72,7.96,False,True,True,True,False,True,False,1,True,正常
2019-03-27,8.9,9.29,8.81,9.19,8.86,19209915.0,174822300.0,7.3,5.42,0.849837,7.81,9.75,7.97,False,True,True,True,False,True,False,1,True,正常
2019-03-28,9.05,9.6,8.98,9.43,9.19,26614297.0,248305000.0,10.11,6.75,0.853659,8.05,10.11,8.27,False,True,True,True,False,True,False,1,True,正常
2019-03-29,9.19,9.5,9.11,9.38,9.43,17827133.0,165683200.0,6.77,4.14,0.852878,8.0,10.37,8.49,False,True,True,True,False,True,False,1,True,正常
2019-04-01,9.33,9.74,9.26,9.6,9.38,19658151.0,186525000.0,7.47,5.12,0.85625,8.22,10.32,8.44,False,True,True,True,False,True,False,3,True,正常
2019-04-02,9.56,9.64,9.34,9.45,9.6,17180318.0,162767800.0,6.53,3.13,0.853968,8.07,10.56,8.64,False,True,True,True,False,True,False,1,True,正常
2019-04-03,9.44,9.57,9.3,9.5,9.45,10580754.0,100193600.0,4.02,2.86,0.854737,8.12,10.4,8.5,False,True,True,True,False,True,False,1,True,正常
2019-04-04,9.47,9.74,9.41,9.44,9.5,12893907.0,123083700.0,4.9,3.47,0.853814,8.06,10.45,8.55,False,True,True,True,False,True,False,1,True,正常
2019-04-08,9.44,9.48,9.11,9.28,9.44,10734784.0,99664100.0,4.08,3.92,0.851293,7.9,10.38,8.5,False,True,True,True,False,True,False,4,True,正常
2019-04-09,9.26,9.41,9.13,9.32,9.28,7360942.0,68464300.0,2.8,3.02,0.851931,7.94,10.21,8.35,False,True,True,True,False,True,False,1,True,正常
2019-04-10,9.32,9.7,9.16,9.7,9.32,14212365.0,134556600.0,5.4,5.79,0.857732,8.32,10.25,8.39,False,True,True,True,False,True,False,1,True,正常
2019-04-11,9.8,10.67,9.71,10.41,9.7,40143828.0,419983400.0,15.25,9.9,0.867435,9.03,10.67,8.73,False,True,True,True,False,True,False,1,True,正常
2019-04-12,10.01,10.45,9.91,10.38,10.41,17978283.0,182197300.0,6.83,5.19,0.867052,9.0,11.45,9.37,False,True,True,True,False,True,False,1,True,正常
2019-04-15,10.46,10.94,10.15,10.19,10.38,20350741.0,216070300.0,7.73,7.61,0.864573,8.81,11.42,9.34,False,True,True,True,False,True,False,3,True,正常
2019-04-16,10.14,10.66,10.1,10.53,10.19,13021671.0,135804900.0,4.95,5.5,0.868946,9.15,11.21,9.17,False,True,True,True,False,True,False,1,True,正常
2019-04-17,10.55,10.98,10.42,10.98,10.53,16169669.0,174437100.0,6.14,5.32,0.874317,9.6,11.58,9.48,False,True,True,True,False,True,False,1,True,正常
2019-04-18,11.09,11.5,10.81,10.97,10.98,13920367.000000002,154534600.0,5.29,6.28,0.874202,9.59,12.08,9.88,False,True,True,True,False,True,False,1,True,正常
2019-04-19,10.83,11.07,10.52,11.01,10.97,14713424.0,158241700.0,5.59,5.01,0.874659,9.63,12.07,9.87,False,True,True,True,False,True,False,1,True,正常
2019-04-22,11.14,11.18,10.6,10.68,11.01,10645511.0,115357900.0,4.05,5.27,0.870787,9.3,12.11,9.91,False,True,True,True,False,True,False,3,True,正常
2019-04-23,10.61,10.78,10.31,10.4,10.68,8972443.0,94042500.0,3.41,4.4,0.867308,9.02,11.75,9.61,False,True,True,True,False,True,False,1,True,正常
2019-04-24,10.57,10.62,10.34,10.6,10.4,6636589.999999999,69603600.0,2.52,2.69,0.869811,9.22,11.44,9.36,False,True,True,True,False,True,False,1,True,正常
2019-04-25,10.57,10.57,9.6,9.88,10.6,14079384.0,140982300.0,5.35,9.15,0.860324,8.5,11.66,9.54,False,True,True,True,False,True,False,1,True,正常
2019-04-26,9.78,10.05,9.6,9.65,9.88,11529405.0,113245500.0,4.38,4.55,0.856995,8.27,10.87,8.89,False,True,True,True,False,True,False,1,True,正常
2019-04-29,9.75,9.75,8.79,8.88,9.65,11879103.0,109034000.0,4.51,9.95,0.844595,7.5,10.62,8.68,False,True,True,True,False,True,False,3,True,正常
2019-04-30,9.0,9.54,9.0,9.51,8.88,12298618.0,114906800.0,4.67,6.08,0.85489,8.13,9.77,7.99,False,True,True,True,False,True,False,1,True,正常
2019-05-06,9.14,9.3,8.78,8.86,9.51,12971835.0,116655000.0,4.93,5.47,0.844244,7.48,10.46,8.56,False,True,True,True,False,True,False,6,True,正常
2019-05-07,9.03,9.13,8.39,8.74,8.86,9507821.0,83204100.0,3.61,8.35,0.842105,7.36,9.75,7.97,False,True,True,True,False,True,False,1,True,正常
2019-05-08,8.51,8.69,8.42,8.48,8.74,7335897.0,62637600.0,2.79,3.09,0.837264,7.1,9.61,7.87,False,True,True,True,False,True,False,1,True,正常
2019-05-09,8.44,8.55,8.3,8.54,8.48,5621562.0,47456600.0,2.14,2.95,0.838407,7.16,9.33,7.63,False,True,True,True,False,True,False,1,True,正常
2019-05-10,8.58,8.88,8.39,8.85,8.54,9130621.0,79376200.0,3.47,5.74,0.844068,7.47,9.39,7.69,False,True,True,True,False,True,False,1,True,正常
2019-05-13,8.75,8.84,8.65,8.68,8.85,3745261.0,32693100.0,1.42,2.15,0.841014,7.3,9.74,7.96,False,True,True,True,False,True,False,3,True,正常
2019-05-14,8.56,8.77,8.5,8.63,8.68,4842836.0,41842900.0,1.84,3.11,0.840093,7.25,9.55,7.81,False,True,True,True,False,True,False,1,True,正常
2019-05-15,8.7,9.11,8.66,8.95,8.63,9024494.0,79932800.0,3.43,5.21,0.84581,7.57,9.49,7.77,False,True,True,True,False,True,False,1,True,正常
2019-05-16,8.84,8.96,8.78,8.89,8.95,6903556.0,61048200.0,2.62,2.01,0.844769,7.51,9.85,8.06,False,True,True,True,False,True,False,1,True,正常
2019-05-17,8.88,8.95,8.25,8.44,8.89,8533620.0,73884000.0,3.24,7.87,0.836493,7.06,9.78,8.0,False,True,True,True,False,True,False,1,True,正常
2019-05-20,8.42,8.42,8.06,8.3,8.44,5182970.0,42640300.0,1.97,4.27,0.833735,6.92,9.28,7.6,False,True,True,True,False,True,False,3,True,正常
2019-05-21,8.31,8.52,8.22,8.49,8.3,4798636.0,40511400.0,1.82,3.61,0.837456,7.11,9.13,7.47,False,True,True,True,False,True,False,1,True,正常
2019-05-22,8.57,8.59,8.3,8.38,8.49,3406055.0000000005,28735400.0,1.29,3.42,0.835322,7.0,9.34,7.64,False,True,True,True,False,True,False,1,True,正常
2019-05-23,8.36,8.47,8.26,8.32,8.38,2574120.0,21531900.0,0.98,2.51,0.834135,6.94,9.22,7.54,False,True,True,True,False,True,False,1,True,正常
2019-05-24,8.3,8.35,8.18,8.3,8.32,2788700.0,23021000.0,1.06,2.04,0.833735,6.92,9.15,7.49,False,True,True,True,False,True,False,1,True,正常
2019-05-27,8.31,8.51,8.17,8.51,8.3,3809660.0,32010700.0,1.45,4.1,0.837838,7.13,9.13,7.47,False,True,True,True,False,True,False,3,True,正常
2019-05-28,8.51,8.71,8.45,8.68,8.51,5910745.0,50940500.0,2.25,3.06,0.841014,7.3,9.36,7.66,False,True,True,True,False,True,False,1,True,正常
2019-05-29,8.67,8.75,8.57,8.61,8.68,3299494.9999999995,28507700.0,1.25,2.07,0.839721,7.23,9.55,7.81,False,True,True,True,False,True,False,1,True,正常
2019-05-30,8.6,8.6,8.4,8.49,8.61,3070858.0,26018600.0,1.17,2.32,0.837456,7.11,9.47,7.75,False,True,True,True,False,True,False,1,True,正常
2019-05-31,8.52,8.58,8.41,8.54,8.49,2816360.0,24006800.0,1.07,2.0,0.838407,7.16,9.34,7.64,False,True,True,True,False,True,False,1,True,正常
2019-06-03,8.58,8.85,8.55,8.58,8.54,6532380.0,56782700.00000001,2.48,3.51,0.839161,7.2,9.39,7.69,False,True,True,True,False,True,False,3,True,正常
2019-06-04,8.62,8.74,8.38,8.55,8.58,6229908.0,53355600.00000001,2.37,4.2,0.838596,7.17,9.44,7.72,False,True,True,True,False,True,False,1,True,正常
2019-06-05,8.6,8.62,8.3,8.31,8.55,4887150.0,41155400.0,1.86,3.74,0.833935,6.93,9.41,7.7,False,True,True,True,False,True,False,1,True,正常
2019-06-06,8.36,8.38,8.16,8.19,8.31,2880440.0,23712800.000000004,1.09,2.65,0.831502,6.81,9.14,7.48,False,True,True,True,False,True,False,1,True,正常
2019-06-10,8.1,8.24,8.03,8.21,8.19,2036460.0,16625100.0,0.77,2.56,0.845311,6.94,9.01,7.37,False,True,True,True,False,True,False,4,True,正常
2019-06-11,8.2,8.66,8.15,8.58,8.21,5753451.0,48757700.00000001,2.19,6.21,0.851981,7.31,9.03,7.39,False,True,True,True,False,True,False,1,True,正常
2019-06-12,8.52,8.63,8.42,8.56,8.58,5005446.0,42821000.0,1.9,2.45,0.851636,7.29,9.44,7.72,False,True,True,True,False,True,False,1,True,正常
2019-06-13,8.66,8.78,8.55,8.65,8.56,5083306.0,44112900.0,1.93,2.69,0.853179,7.38,9.42,7.7,False,True,True,True,False,True,False,1,True,正常
2019-06-14,8.71,8.74,8.47,8.5,8.65,3070890.0,26348500.0,1.17,3.12,0.850588,7.23,9.52,7.78,False,True,True,True,False,True,False,1,True,正常
2019-06-17,8.47,8.62,8.45,8.58,8.5,1934820.0,16557300.0,0.74,2.0,0.851981,7.31,9.35,7.65,False,True,True,True,False,True,False,3,True,正常
2019-06-18,8.55,8.79,8.51,8.7,8.58,3128359.0,27154300.0,1.19,3.26,0.854023,7.43,9.44,7.72,False,True,True,True,False,True,False,1,True,正常
2019-06-19,8.8,8.92,8.79,8.84,8.7,5723606.0,50586100.0,2.17,1.49,0.856335,7.57,9.57,7.83,False,True,True,True,False,True,False,1,True,正常
2019-06-20,8.83,8.95,8.79,8.87,8.84,7741650.999999999,68725200.0,2.94,1.81,0.856821,7.6,9.72,7.96,False,True,True,True,False,True,False,1,True,正常
2019-06-21,8.87,8.98,8.77,8.81,8.87,6241479.0,55309300.0,2.37,2.37,0.855846,7.54,9.76,7.98,False,True,True,True,False,True,False,1,True,正常
2019-06-24,8.83,8.85,8.76,8.79,8.81,3157642.0,27786200.0,1.2,1.02,0.855518,7.52,9.69,7.93,False,True,True,True,False,True,False,3,True,正常
2019-06-25,8.8,8.81,8.67,8.71,8.79,3567672.0,31143800.0,1.36,1.59,0.854191,7.44,9.67,7.91,False,True,True,True,False,True,False,1,True,正常
2019-06-26,8.71,8.84,8.67,8.78,8.71,1769474.0000000002,15521900.0,0.67,1.95,0.855353,7.51,9.58,7.84,False,True,True,True,False,True,False,1,True,正常
2019-06-27,8.77,8.81,8.72,8.77,8.78,3314837.9999999995,29044400.0,1.26,1.03,0.855188,7.5,9.66,7.9,False,True,True,True,False,True,False,1,True,正常
2019-06-28,8.77,9.05,8.59,9.0,8.77,8007270.0,71039900.0,3.04,5.25,0.858889,7.73,9.65,7.89,False,True,True,True,False,True,False,1,True,正常
2019-07-01,9.09,9.36,8.95,9.16,9.0,11233812.0,102024500.0,4.27,4.56,0.861354,7.89,9.9,8.1,False,True,True,True,False,True,False,3,True,正常
2019-07-02,9.0,9.07,8.93,9.0,9.16,6333249.0,56967000.0,2.41,1.53,0.858889,7.73,10.08,8.24,False,True,True,True,False,True,False,1,True,正常
2019-07-03,8.96,9.0,8.86,8.9,9.0,3256358.0,29044900.0,1.24,1.56,0.857303,7.63,9.9,8.1,False,True,True,True,False,True,False,1,True,正常
2019-07-04,8.88,8.98,8.82,8.87,8.9,2894669.0,25697000.0,1.1,1.8,0.856821,7.6,9.79,8.01,False,True,True,True,False,True,False,1,True,正常
2019-07-05,8.88,9.02,8.85,8.95,8.87,3148519.0,28182800.000000004,1.2,1.92,0.858101,7.68,9.76,7.98,False,True,True,True,False,True,False,1,True,正常
2019-07-08,8.89,8.91,8.51,8.61,8.95,3990490.0,34550200.0,1.52,4.47,0.852497,7.34,9.85,8.06,False,True,True,True,False,True,False,3,True,正常
2019-07-09,8.62,8.79,8.55,8.64,8.61,2435870.0,21016000.0,0.93,2.79,0.853009,7.37,9.47,7.75,False,True,True,True,False,True,False,1,True,正常
2019-07-10,8.64,8.65,8.41,8.43,8.64,2515759.0,21388000.0,0.96,2.78,0.849348,7.16,9.5,7.78,False,True,True,True,False,True,False,1,True,正常
2019-07-11,8.45,8.62,8.43,8.46,8.43,1964650.0,16754100.0,0.75,2.25,0.849882,7.19,9.27,7.59,False,True,True,True,False,True,False,1,True,正常
2019-07-12,8.48,8.51,8.39,8.51,8.46,1953140.0,16544000.0,0.74,1.42,0.850764,7.24,9.31,7.61,False,True,True,True,False,True,False,1,True,正常
2019-07-15,8.51,8.58,8.36,8.57,8.51,2469420.0,20986300.0,0.94,2.59,0.851809,7.3,9.36,7.66,False,True,True,True,False,True,False,3,True,正常
2019-07-16,8.56,8.63,8.47,8.57,8.57,1800830.0,15411300.000000002,0.68,1.87,0.851809,7.3,9.43,7.71,False,True,True,True,False,True,False,1,True,正常
2019-07-17,8.57,8.62,8.5,8.58,8.57,2144814.0,18368300.0,0.82,1.4,0.851981,7.31,9.43,7.71,False,True,True,True,False,True,False,1,True,正常
2019-07-18,8.55,8.55,8.37,8.37,8.58,2017220.0,17004700.0,0.77,2.1,0.848268,7.1,9.44,7.72,False,True,True,True,False,True,False,1,True,正常
2019-07-19,8.4,8.61,8.39,8.61,8.37,2500189.0,21242900.0,0.95,2.63,0.852497,7.34,9.21,7.53,False,True,True,True,False,True,False,1,True,正常
2019-07-22,8.5,8.62,8.42,8.46,8.61,2322308.0,19746500.0,0.88,2.32,0.849882,7.19,9.47,7.75,False,True,True,True,False,True,False,3,True,正常
2019-07-23,8.46,8.6,8.42,8.6,8.46,1932671.0,16457400.0,0.73,2.13,0.852326,7.33,9.31,7.61,False,True,True,True,False,True,False,1,True,正常
2019-07-24,8.62,9.1,8.62,8.93,8.6,7441875.999999999,66237600.0,2.83,5.58,0.857783,7.66,9.46,7.74,False,True,True,True,False,True,False,1,True,正常
2019-07-25,8.9,9.02,8.86,9.02,8.93,4887580.0,43831200.0,1.86,1.79,0.859202,7.75,9.82,8.04,False,True,True,True,False,True,False,1,True,正常
2019-07-26,9.03,9.8,8.97,9.33,9.02,9592477.0,88817400.0,3.64,9.2,0.86388,8.06,9.92,8.12,False,True,True,True,False,True,False,1,True,正常
2019-07-29,9.34,9.35,9.11,9.3,9.33,4676827.0,43047900.0,1.78,2.57,0.863441,8.03,10.26,8.4,False,True,True,True,False,True,False,3,True,正常
2019-07-30,9.36,9.58,9.21,9.38,9.3,4873820.0,45752000.0,1.85,3.98,0.864606,8.11,10.23,8.37,False,True,True,True,False,True,False,1,True,正常
2019-07-31,9.4,9.4,9.09,9.15,9.38,5721364.0,52562200.0,2.17,3.3,0.861202,7.88,10.32,8.44,False,True,True,True,False,True,False,1,True,正常
2019-08-01,9.12,9.32,9.05,9.18,9.15,4524117.0,41611800.0,1.72,2.95,0.861656,7.91,10.07,8.24,False,True,True,True,False,True,False,1,True,正常
2019-08-02,9.03,9.2,8.93,9.11,9.18,4142529.0,37640000.0,1.57,2.94,0.860593,7.84,10.1,8.26,False,True,True,True,False,True,False,1,True,正常
2019-08-05,9.11,9.2,8.97,8.99,9.11,3765661.0,34179500.0,1.43,2.52,0.858732,7.72,10.02,8.2,False,True,True,True,False,True,False,3,True,正常
2019-08-06,8.81,8.86,8.42,8.79,8.99,5390089.0,46850100.0,2.05,4.89,0.855518,7.52,9.89,8.09,False,True,True,True,False,True,False,1,True,正常
2019-08-07,8.79,8.88,8.55,8.58,8.79,2821541.0,24516400.0,1.07,3.75,0.851981,7.31,9.67,7.91,False,True,True,True,False,True,False,1,True,正常
2019-08-08,8.61,8.71,8.6,8.63,8.58,2288359.0,19802800.0,0.87,1.28,0.852839,7.36,9.44,7.72,False,True,True,True,False,True,False,1,True,正常
2019-08-09,8.65,8.72,8.48,8.52,8.63,2214360.0,19020200.0,0.84,2.78,0.850939,7.25,9.49,7.77,False,True,True,True,False,True,False,1,True,正常
2019-08-12,8.54,8.67,8.5,8.66,8.52,1729561.0,14876099.999999998,0.66,2.0,0.853349,7.39,9.37,7.67,False,True,True,True,False,True,False,3,True,正常
2019-08-13,8.6,8.67,8.49,8.53,8.66,2250770.0,19261400.0,0.86,2.08,0.851114,7.26,9.53,7.79,False,True,True,True,False,True,False,1,True,正常
2019-08-14,8.63,8.72,8.52,8.58,8.53,2768830.0,23897100.0,1.05,2.34,0.851981,7.31,9.38,7.68,False,True,True,True,False,True,False,1,True,正常
2019-08-15,8.31,8.82,8.24,8.74,8.58,7651074.000000001,66052600.0,2.91,6.76,0.854691,7.47,9.44,7.72,False,True,True,True,False,True,False,1,True,正常
2019-08-16,9.03,9.2,8.86,9.09,8.74,11178548.0,100743700.0,4.25,3.89,0.860286,7.82,9.61,7.87,False,True,True,True,False,True,False,1,True,正常
2019-08-19,9.13,9.14,8.92,9.11,9.09,9115007.0,82521400.0,3.46,2.42,0.860593,7.84,10.0,8.18,False,True,True,True,False,True,False,3,True,正常
2019-08-20,9.1,9.36,9.05,9.32,9.11,9866243.0,90956500.0,3.75,3.4,0.863734,8.05,10.02,8.2,False,True,True,True,False,True,False,1,True,正常
2019-08-21,9.26,9.49,9.21,9.25,9.32,6713355.0,62560000.0,2.55,3.0,0.862703,7.98,10.25,8.39,False,True,True,True,False,True,False,1,True,正常
2019-08-22,9.27,9.32,9.14,9.21,9.25,4501731.0,41440800.0,1.71,1.95,0.862106,7.94,10.18,8.33,False,True,True,True,False,True,False,1,True,正常
2019-08-23,9.23,9.39,9.17,9.37,9.21,6757084.0,62715900.0,2.57,2.39,0.864461,8.1,10.13,8.29,False,True,True,True,False,True,False,1,True,正常
2019-08-26,9.17,10.08,9.17,9.58,9.37,20175951.0,195003300.00000003,7.67,9.71,0.867432,8.31,10.31,8.43,False,True,True,True,False,True,False,3,True,正常
2019-08-27,9.85,9.95,9.57,9.57,9.58,17749018.0,172948800.0,6.74,3.97,0.867294,8.3,10.54,8.62,False,True,True,True,False,True,False,1,True,正常
2019-08-28,9.53,9.55,9.11,9.16,9.57,11194924.0,103830700.0,4.25,4.6,0.861354,7.89,10.53,8.61,False,True,True,True,False,True,False,1,True,正常
2019-08-29,9.17,9.25,9.0,9.07,9.16,6331843.0,57554000.0,2.41,2.73,0.859978,7.8,10.08,8.24,False,True,True,True,False,True,False,1,True,正常
2019-08-30,9.09,9.13,9.01,9.01,9.07,5245572.0,47540100.0,1.99,1.32,0.859046,7.74,9.98,8.16,False,True,True,True,False,True,False,1,True,正常
2019-09-02,9.04,9.16,8.9,9.1,9.01,5242872.0,47530800.0,1.99,2.89,0.86044,7.83,9.91,8.11,False,True,True,True,False,True,False,3,True,正常
2019-09-03,9.09,9.09,8.96,9.06,9.1,4570688.0,41256899.99999999,1.74,1.43,0.859823,7.79,10.01,8.19,False,True,True,True,False,True,False,1,True,正常
2019-09-04,9.05,9.16,9.01,9.16,9.06,5159697.0,47016300.0,1.96,1.66,0.861354,7.89,9.97,8.15,False,True,True,True,False,True,False,1,True,正常
2019-09-05,9.2,9.35,9.16,9.28,9.16,8385497.0,77713900.0,3.19,2.07,0.863147,8.01,10.08,8.24,False,True,True,True,False,True,False,1,True,正常
2019-09-06,9.3,9.55,9.25,9.52,9.28,8706768.0,81926299.99999999,3.31,3.23,0.866597,8.25,10.21,8.35,False,True,True,True,False,True,False,1,True,正常
2019-09-09,9.55,9.59,9.4,9.51,9.52,7731739.999999999,73240400.0,2.94,2.0,0.866456,8.24,10.47,8.57,False,True,True,True,False,True,False,3,True,正常
2019-09-10,9.5,9.5,9.33,9.41,9.51,4731060.0,44446500.0,1.8,1.79,0.865037,8.14,10.46,8.56,False,True,True,True,False,True,False,1,True,正常
2019-09-11,9.43,9.46,9.36,9.41,9.41,3644361.0,34320200.0,1.38,1.06,0.865037,8.14,10.35,8.47,False,True,True,True,False,True,False,1,True,正常
2019-09-12,9.43,9.44,9.35,9.42,9.41,3299162.0000000005,31035400.0,1.25,0.96,0.86518,8.15,10.35,8.47,False,True,True,True,False,True,False,1,True,正常
2019-09-16,9.47,9.5,9.36,9.38,9.42,3519897.0,33167900.0,1.34,1.49,0.864606,8.11,10.36,8.48,False,True,True,True,False,True,False,4,True,正常
2019-09-17,9.35,9.35,9.07,9.09,9.38,4974443.0,45577600.0,1.89,2.99,0.860286,7.82,10.32,8.44,False,True,True,True,False,True,False,1,True,正常
2019-09-18,9.11,9.15,9.04,9.06,9.09,2535461.0,23042300.0,0.96,1.21,0.859823,7.79,10.0,8.18,False,True,True,True,False,True,False,1,True,正常
2019-09-19,9.11,9.24,9.02,9.2,9.06,3375594.0,30966000.0,1.28,2.43,0.861957,7.93,9.97,8.15,False,True,True,True,False,True,False,1,True,正常
2019-09-20,9.23,9.41,9.2,9.31,9.2,4693054.0,43711600.0,1.78,2.28,0.863588,8.04,10.12,8.28,False,True,True,True,False,True,False,1,True,正常
2019-09-23,9.32,9.34,9.03,9.08,9.31,3687668.0,33614900.0,1.4,3.33,0.860132,7.81,10.24,8.38,False,True,True,True,False,True,False,3,True,正常
2019-09-24,9.13,9.13,9.05,9.06,9.08,2084114.0,18949000.0,0.79,0.88,0.859823,7.79,9.99,8.17,False,True,True,True,False,True,False,1,True,正常
2019-09-25,9.03,9.04,8.82,8.83,9.06,3075352.0,27456200.0,1.17,2.43,0.856172,7.56,9.97,8.15,False,True,True,True,False,True,False,1,True,正常
2019-09-26,8.92,8.92,8.65,8.67,8.83,2464810.0,21585300.000000004,0.94,3.06,0.853518,7.4,9.71,7.95,False,True,True,True,False,True,False,1,True,正常
2019-09-27,8.78,8.78,8.69,8.72,8.67,1034450.0,9039300.0,0.39,1.04,0.854358,7.45,9.54,7.8,False,True,True,True,False,True,False,1,True,正常
2019-09-30,8.75,8.78,8.65,8.74,8.72,1519165.0,13256900.0,0.58,1.49,0.854691,7.47,9.59,7.85,False,True,True,True,False,True,False,3,True,正常
2019-10-08,8.84,8.84,8.69,8.7,8.74,1424349.0,12464800.0,0.54,1.72,0.854023,7.43,9.61,7.87,False,True,True,True,False,True,False,8,True,正常
2019-10-09,8.65,8.76,8.51,8.75,8.7,1355124.0,11743400.0,0.51,2.87,0.854857,7.48,9.57,7.83,False,True,True,True,False,True,False,1,True,正常
2019-10-10,8.75,8.85,8.72,8.85,8.75,1559130.0,13736099.999999998,0.59,1.49,0.856497,7.58,9.62,7.88,False,True,True,True,False,True,False,1,True,正常
2019-10-11,8.87,8.93,8.83,8.91,8.85,1992601.0,17700100.0,0.76,1.13,0.857464,7.64,9.74,7.96,False,True,True,True,False,True,False,1,True,正常
2019-10-14,8.98,9.11,8.94,9.01,8.91,2933730.0,26463700.0,1.11,1.91,0.859046,7.74,9.8,8.02,False,True,True,True,False,True,False,3,True,正常
2019-10-15,8.95,9.02,8.91,8.96,9.01,1793518.9999999998,16044400.0,0.68,1.22,0.858259,7.69,9.91,8.11,False,True,True,True,False,True,False,1,True,正常
2019-10-16,8.97,9.0,8.86,8.87,8.96,1480298.0,13204800.0,0.56,1.56,0.856821,7.6,9.86,8.06,False,True,True,True,False,True,False,1,True,正常
2019-10-17,9.1,9.3,8.98,9.01,8.87,7092980.0,64928000.0,2.7,3.61,0.859046,7.74,9.76,7.98,False,True,True,True,False,True,False,1,True,正常
2019-10-18,8.84,8.91,8.68,8.71,9.01,4301450.0,37745100.0,1.63,2.55,0.854191,7.44,9.91,8.11,False,True,True,True,False,True,False,1,True,正常
2019-10-21,8.71,8.73,8.56,8.69,8.71,2039010.0,17622000.0,0.77,1.95,0.853855,7.42,9.58,7.84,False,True,True,True,False,True,False,3,True,正常
2019-10-22,8.71,8.82,8.68,8.81,8.69,1827327.0,15998500.0,0.69,1.61,0.855846,7.54,9.56,7.82,False,True,True,True,False,True,False,1,True,正常
2019-10-23,8.78,8.87,8.69,8.69,8.81,1800800.0,15816500.0,0.68,2.04,0.853855,7.42,9.69,7.93,False,True,True,True,False,True,False,1,True,正常
2019-10-24,8.7,8.77,8.64,8.72,8.69,1136532.0,9885700.0,0.43,1.5,0.854358,7.45,9.56,7.82,False,True,True,True,False,True,False,1,True,正常
2019-10-25,8.75,8.82,8.68,8.81,8.72,1564692.0,13687800.0,0.59,1.61,0.855846,7.54,9.59,7.85,False,True,True,True,False,True,False,1,True,正常
2019-10-28,8.87,8.95,8.81,8.88,8.81,3165913.0,28151600.0,1.2,1.59,0.856982,7.61,9.69,7.93,False,True,True,True,False,True,False,3,True,正常
2019-10-29,8.97,8.97,8.68,8.75,8.88,2851177.0,25004000.0,1.08,3.27,0.854857,7.48,9.77,7.99,False,True,True,True,False,True,False,1,True,正常
2019-10-30,8.74,8.77,8.64,8.67,8.75,1463680.0,12704700.0,0.56,1.49,0.853518,7.4,9.62,7.88,False,True,True,True,False,True,False,1,True,正常
2019-10-31,8.66,8.74,8.58,8.58,8.67,1600120.0,13849300.0,0.61,1.85,0.851981,7.31,9.54,7.8,False,True,True,True,False,True,False,1,True,正常
2019-11-01,8.58,8.72,8.54,8.72,8.58,1565489.0,13558400.0,0.59,2.1,0.854358,7.45,9.44,7.72,False,True,True,True,False,True,False,1,True,正常
2019-11-04,8.65,8.8,8.65,8.8,8.72,2232429.0,19443800.0,0.85,1.72,0.855682,7.53,9.59,7.85,False,True,True,True,False,True,False,3,True,正常
2019-11-05,8.83,9.25,8.8,9.13,8.8,11293870.0,102210400.0,4.29,5.11,0.860898,7.86,9.68,7.92,False,True,True,True,False,True,False,1,True,正常
2019-11-06,9.0,9.01,8.81,8.85,9.13,5832880.0,51828600.0,2.22,2.19,0.856497,7.58,10.04,8.22,False,True,True,True,False,True,False,1,True,正常
2019-11-07,8.8,8.86,8.73,8.78,8.85,2507580.0,22031900.0,0.95,1.47,0.855353,7.51,9.74,7.96,False,True,True,True,False,True,False,1,True,正常
2019-11-08,8.85,8.85,8.72,8.74,8.78,2019212.0,17729300.0,0.77,1.48,0.854691,7.47,9.66,7.9,False,True,True,True,False,True,False,1,True,正常
2019-11-11,8.74,8.74,8.55,8.55,8.74,3016160.0,25950300.000000004,1.15,2.17,0.851462,7.28,9.61,7.87,False,True,True,True,False,True,False,3,True,正常
2019-11-12,8.56,8.61,8.51,8.59,8.55,1520852.0,13006900.0,0.58,1.17,0.852154,7.32,9.41,7.7,False,True,True,True,False,True,False,1,True,正常
2019-11-13,8.56,8.65,8.52,8.64,8.59,2110893.0,18096200.0,0.8,1.51,0.853009,7.37,9.45,7.73,False,True,True,True,False,True,False,1,True,正常
2019-11-14,8.67,8.67,8.58,8.62,8.64,1432930.0,12360100.0,0.54,1.04,0.852668,7.35,9.5,7.78,False,True,True,True,False,True,False,1,True,正常
2019-11-15,8.6,8.65,8.51,8.54,8.62,1139274.0,9761400.0,0.43,1.62,0.851288,7.27,9.48,7.76,False,True,True,True,False,True,False,1,True,正常
2019-11-18,8.54,8.59,8.51,8.57,8.54,952163.0,8144700.0,0.36,0.94,0.851809,7.3,9.39,7.69,False,True,True,True,False,True,False,3,True,正常
2019-11-19,8.62,8.62,8.5,8.6,8.57,1365394.0,11691400.000000002,0.52,1.4,0.852326,7.33,9.43,7.71,False,True,True,True,False,True,False,1,True,正常
2019-11-20,8.59,8.6,8.51,8.53,8.6,1104742.0,9439900.0,0.42,1.05,0.851114,7.26,9.46,7.74,False,True,True,True,False,True,False,1,True,正常
2019-11-21,8.53,8.53,8.3,8.37,8.53,2484459.0,20854000.0,0.94,2.7,0.848268,7.1,9.38,7.68,False,True,True,True,False,True,False,1,True,正常
2019-11-22,8.35,8.44,8.18,8.2,8.37,2748961.0,22772300.0,1.04,3.11,0.845122,6.93,9.21,7.53,False,True,True,True,False,True,False,1,True,正常
2019-11-25,8.1,8.28,8.07,8.11,8.2,3702572.0,30179400.0,1.41,2.56,0.843403,6.84,9.02,7.38,False,True,True,True,False,True,False,3,True,正常
2019-11-26,8.12,8.17,8.08,8.1,8.11,1603360.0,13015800.0,0.61,1.11,0.84321,6.83,8.92,7.3,False,True,True,True,False,True,False,1,True,正常
2019-11-27,8.1,8.13,8.07,8.1,8.1,1323608.0,10720100.0,0.5,0.74,0.84321,6.83,8.91,7.29,False,True,True,True,False,True,False,1,True,正常
2019-11-28,8.5,8.5,8.35,8.44,8.1,7168155.0,60284799.99999999,2.72,1.85,0.849526,7.17,8.91,7.29,False,True,True,True,False,True,False,1,True,正常
2019-11-29,8.3,8.82,8.21,8.81,8.44,9988923.0,85636500.0,3.8,7.23,0.855846,7.54,9.28,7.6,False,True,True,True,False,True,False,1,True,正常
2019-12-02,8.75,8.8,8.6,8.61,8.81,2451292.0,21204500.0,0.93,2.27,0.852497,7.34,9.69,7.93,False,True,True,True,False,True,False,3,True,正常
2019-12-03,8.58,8.62,8.5,8.6,8.61,1675430.0,14332400.0,0.64,1.39,0.852326,7.33,9.47,7.75,False,True,True,True,False,True,False,1,True,正常
2019-12-04,8.58,8.62,8.5,8.61,8.6,2014610.0,17276100.0,0.77,1.4,0.852497,7.34,9.46,7.74,False,True,True,True,False,True,False,1,True,正常
2019-12-05,8.64,8.68,8.55,8.57,8.61,1641440.0000000002,14095600.0,0.62,1.51,0.851809,7.3,9.47,7.75,False,True,True,True,False,True,False,1,True,正常
2019-12-06,8.58,8.61,8.5,8.56,8.57,1803846.0,15431900.0,0.69,1.28,0.851636,7.29,9.43,7.71,False,True,True,True,False,True,False,1,True,正常
2019-12-09,8.57,8.64,8.5,8.57,8.56,2176852.0,18606200.0,0.83,1.64,0.851809,7.3,9.42,7.7,False,True,True,True,False,True,False,3,True,正常
2019-12-10,8.52,8.53,8.33,8.34,8.57,2818097.0,23649200.0,1.07,2.33,0.847722,7.07,9.43,7.71,False,True,True,True,False,True,False,1,True,正常
2019-12-11,8.36,8.37,8.27,8.31,8.34,1592730.0,13258900.000000002,0.61,1.2,0.847172,7.04,9.17,7.51,False,True,True,True,False,True,False,1,True,正常
2019-12-12,8.36,8.37,8.29,8.32,8.31,1268468.0,10566500.0,0.36,0.96,0.847356,7.05,9.14,7.48,False,True,True,True,False,True,False,1,True,正常
2019-12-13,8.37,8.48,8.35,8.43,8.32,2229983.0,18802700.0,0.63,1.56,0.849348,7.16,9.15,7.49,False,True,True,True,False,True,False,1,True,正常
2019-12-16,8.42,8.55,8.42,8.54,8.43,1809955.0,15399400.0,0.51,1.54,0.851288,7.27,9.27,7.59,False,True,True,True,False,True,False,3,True,正常
2019-12-17,8.51,8.69,8.51,8.63,8.54,2482490.0,21435200.0,0.7,2.11,0.852839,7.36,9.39,7.69,False,True,True,True,False,True,False,1,True,正常
2019-12-18,8.65,8.7,8.58,8.61,8.63,2071540.0,17882400.0,0.58,1.39,0.852497,7.34,9.49,7.77,False,True,True,True,False,True,False,1,True,正常
2019-12-19,8.61,8.65,8.57,8.63,8.61,1520533.0,13094100.0,0.43,0.93,0.852839,7.36,9.47,7.75,False,True,True,True,False,True,False,1,True,正常
2019-12-20,8.64,8.78,8.62,8.66,8.63,2662120.0,23184700.0,0.76,1.85,0.853349,7.39,9.49,7.77,False,True,True,True,False,True,False,1,True,正常
2019-12-23,8.67,8.69,8.42,8.44,8.66,1978567.0,16910400.0,0.57,3.12,0.849526,7.17,9.53,7.79,False,True,True,True,False,True,False,3,True,正常
2019-12-24,8.47,8.53,8.45,8.53,8.44,919660.0,7818099.999999999,0.26,0.95,0.851114,7.26,9.28,7.6,False,True,True,True,False,True,False,1,True,正常
2019-12-25,8.53,8.57,8.44,8.56,8.53,1688420.0,14319500.0,0.48,1.52,0.851636,7.29,9.38,7.68,False,True,True,True,False,True,False,1,True,正常
2019-12-26,8.5,8.55,8.46,8.5,8.56,1621603.0,13771099.999999998,0.47,1.05,0.850588,7.23,9.42,7.7,False,True,True,True,False,True,False,1,True,正常
2019-12-27,8.51,8.54,8.47,8.49,8.5,1919088.0,16341700.0,0.55,0.82,0.850412,7.22,9.35,7.65,False,True,True,True,False,True,False,1,True,正常
2019-12-30,8.48,8.66,8.38,8.64,8.49,2723090.0,23258900.0,0.46,3.3,0.853009,7.37,9.34,7.64,False,True,True,True,False,True,False,3,True,正常
2019-12-31,8.61,8.95,8.61,8.95,8.64,5486277.0,48311000.0,0.92,3.94,0.858101,7.68,9.5,7.78,False,True,True,True,False,True,False,1,True,正常
2020-01-02,8.95,9.01,8.86,8.94,8.95,3224678.0,28850500.0,0.54,1.68,0.857942,7.67,9.85,8.06,False,True,True,True,False,True,False,2,True,正常
2020-01-03,8.95,9.1,8.93,8.95,8.94,2826561.0,25442600.000000004,0.47,1.9,0.858101,7.68,9.83,8.05,False,True,True,True,False,True,False,1,True,正常
2020-01-06,8.86,8.98,8.82,8.88,8.95,3238664.0,28843900.0,0.54,1.79,0.856982,7.61,9.85,8.06,False,True,True,True,False,True,False,3,True,正常
2020-01-07,8.89,9.03,8.88,8.93,8.88,2482997.0,22181300.0,0.42,1.69,0.857783,7.66,9.77,7.99,False,True,True,True,False,True,False,1,True,正常
2020-01-08,8.93,8.98,8.76,8.76,8.93,3410431.0,30252200.0,0.57,2.46,0.855023,7.49,9.82,8.04,False,True,True,True,False,True,False,1,True,正常
2020-01-09,8.85,8.92,8.82,8.89,8.76,2205790.0,19581700.0,0.37,1.14,0.857143,7.62,9.64,7.88,False,True,True,True,False,True,False,1,True,正常
2020-01-10,8.96,8.98,8.87,8.97,8.89,2592811.0,23169800.0,0.43,1.24,0.858417,7.7,9.78,8.0,False,True,True,True,False,True,False,1,True,正常
2020-01-13,8.94,9.14,8.9,9.07,8.97,3577347.0,32385400.0,0.6,2.68,0.859978,7.8,9.87,8.07,False,True,True,True,False,True,False,3,True,正常
2020-01-14,9.08,9.12,9.0,9.03,9.07,2687290.0,24314700.0,0.45,1.32,0.859358,7.76,9.98,8.16,False,True,True,True,False,True,False,1,True,正常
2020-01-15,9.03,9.04,8.91,8.95,9.03,1993100.0,17861300.0,0.33,1.44,0.858101,7.68,9.93,8.13,False,True,True,True,False,True,False,1,True,正常
2020-01-16,8.99,9.03,8.89,8.91,8.95,1690124.0000000002,15122100.0,0.28,1.56,0.857464,7.64,9.85,8.06,False,True,True,True,False,True,False,1,True,正常
2020-01-17,8.89,8.97,8.83,8.86,8.91,1729397.0,15350700.0,0.29,1.57,0.856659,7.59,9.8,8.02,False,True,True,True,False,True,False,1,True,正常
2020-01-20,8.82,8.93,8.82,8.92,8.86,1712570.0,15211800.0,0.29,1.24,0.857623,7.65,9.75,7.97,False,True,True,True,False,True,False,3,True,正常
2020-01-21,8.92,8.96,8.71,8.71,8.92,2983200.0,26156100.0,0.5,2.8,0.854191,7.44,9.81,8.03,False,True,True,True,False,True,False,1,True,正常
2020-01-22,8.66,8.78,8.6,8.75,8.71,1793718.0,15596900.0,0.3,2.07,0.854857,7.48,9.58,7.84,False,True,True,True,False,True,False,1,True,正常
2020-01-23,8.74,8.74,8.48,8.57,8.75,2778437.0,23858100.0,0.47,2.97,0.851809,7.3,9.62,7.88,False,True,True,True,False,True,False,1,True,正常
2020-02-03,7.72,7.94,7.71,7.71,8.57,7956442.999999999,61483300.0,1.33,2.68,0.835279,6.44,9.43,7.71,False,True,True,True,False,True,False,11,True,正常
2020-02-04,7.71,8.0,7.68,7.88,7.71,5125411.0,40323900.0,0.86,4.15,0.838832,6.61,8.48,6.94,False,True,True,True,False,True,False,1,True,正常
2020-02-05,7.92,8.07,7.81,7.96,7.88,3436490.0,27390900.0,0.58,3.3,0.840452,6.69,8.67,7.09,False,True,True,True,False,True,False,1,True,正常
2020-02-06,7.98,8.04,7.85,7.98,7.96,4087832.0,32418700.0,0.69,2.39,0.840852,6.71,8.76,7.16,False,True,True,True,False,True,False,1,True,正常
2020-02-07,7.95,8.03,7.88,7.98,7.98,3059571.0,24329300.0,0.51,1.88,0.840852,6.71,8.78,7.18,False,True,True,True,False,True,False,1,True,正常
2020-02-10,7.95,8.39,7.89,8.37,7.98,5905853.0,48260300.0,0.99,6.27,0.848268,7.1,8.78,7.18,False,True,True,True,False,True,False,3,True,正常
2020-02-11,8.35,8.47,8.18,8.25,8.37,4708644.0,39102400.0,0.79,3.46,0.846061,6.98,9.21,7.53,False,True,True,True,False,True,False,1,True,正常
2020-02-12,8.25,8.31,8.2,8.25,8.25,2274664.0,18755700.0,0.38,1.33,0.846061,6.98,9.08,7.42,False,True,True,True,False,True,False,1,True,正常
2020-02-13,8.28,8.28,8.09,8.11,8.25,3086559.0,25168400.0,0.52,2.3,0.843403,6.84,9.08,7.42,False,True,True,True,False,True,False,1,True,正常
2020-02-14,8.13,8.18,8.07,8.1,8.11,2036740.0,16507400.0,0.34,1.36,0.84321,6.83,8.92,7.3,False,True,True,True,False,True,False,1,True,正常
2020-02-17,8.08,8.35,8.08,8.3,8.1,3184079.0,26292200.0,0.53,3.33,0.846988,7.03,8.91,7.29,False,True,True,True,False,True,False,3,True,正常
2020-02-18,8.31,8.33,8.21,8.3,8.3,3402257.0,28134000.0,0.57,1.45,0.846988,7.03,9.13,7.47,False,True,True,True,False,True,False,1,True,正常
2020-02-19,8.31,8.32,8.23,8.23,8.3,2690858.0,22251400.0,0.45,1.08,0.845687,6.96,9.13,7.47,False,True,True,True,False,True,False,1,True,正常
2020-02-20,8.27,8.45,8.23,8.39,8.23,4205631.0,35140700.0,0.71,2.67,0.848629,7.12,9.05,7.41,False,True,True,True,False,True,False,1,True,正常
2020-02-21,8.37,8.49,8.33,8.38,8.39,3486537.0000000005,29273200.0,0.58,1.91,0.848449,7.11,9.23,7.55,False,True,True,True,False,True,False,1,True,正常
2020-02-24,8.36,8.37,8.22,8.31,8.38,3096561.0,25641300.0,0.52,1.79,0.847172,7.04,9.22,7.54,False,True,True,True,False,True,False,3,True,正常
2020-02-25,8.18,8.2,8.02,8.12,8.31,7201010.000000001,58300900.0,1.21,2.17,0.843596,6.85,9.14,7.48,False,True,True,True,False,True,False,1,True,正常
2020-02-26,8.03,8.3,7.96,8.19,8.12,5144010.0,41880400.0,0.86,4.19,0.844933,6.92,8.93,7.31,False,True,True,True,False,True,False,1,True,正常
2020-02-27,8.19,8.4,8.13,8.4,8.19,6104354.0,50536100.0,1.02,3.3,0.84881,7.13,9.01,7.37,False,True,True,True,False,True,False,1,True,正常
2020-02-28,8.2,8.27,8.07,8.1,8.4,3482069.9999999995,28426200.0,0.58,2.38,0.84321,6.83,9.24,7.56,False,True,True,True,False,True,False,1,True,正常
2020-03-02,8.12,8.34,8.12,8.28,8.1,4691648.0,38737000.0,0.79,2.72,0.846618,7.01,8.91,7.29,False,True,True,True,False,True,False,3,True,正常
2020-03-03,8.33,8.65,8.25,8.5,8.28,9251735.0,78608400.0,1.55,4.83,0.850588,7.23,9.11,7.45,False,True,True,True,False,True,False,1,True,正常
2020-03-04,8.4,8.63,8.33,8.6,8.5,7930017.999999999,67443500.0,1.33,3.53,0.852326,7.33,9.35,7.65,False,True,True,True,False,True,False,1,True,正常
2020-03-05,8.6,8.71,8.53,8.62,8.6,5942796.0,51285300.0,1.0,2.09,0.852668,7.35,9.46,7.74,False,True,True,True,False,True,False,1,True,正常
2020-03-06,8.53,8.68,8.46,8.62,8.62,5198270.0,44549200.0,0.87,2.55,0.852668,7.35,9.48,7.76,False,True,True,True,False,True,False,1,True,正常
2020-03-09,8.49,8.68,8.39,8.39,8.62,3965466.000000001,33737100.0,0.66,3.36,0.848629,7.12,9.48,7.76,False,True,True,True,False,True,False,3,True,正常
2020-03-10,8.44,9.23,8.36,9.12,8.39,25389503.0,228240400.0,4.26,10.37,0.860746,7.85,9.23,7.55,False,True,True,True,False,True,False,1,True,正常
2020-03-11,9.0,9.22,8.86,9.06,9.12,9094945.0,82251200.00000001,1.53,3.95,0.859823,7.79,10.03,8.21,False,True,True,True,False,True,False,1,True,正常
2020-03-12,8.88,9.15,8.7,9.06,9.06,8971330.0,80390200.0,1.5,4.97,0.859823,7.79,9.97,8.15,False,True,True,True,False,True,False,1,True,正常
2020-03-13,8.72,9.07,8.68,8.97,9.06,6739238.0,59975300.0,1.13,4.3,0.858417,7.7,9.97,8.15,False,True,True,True,False,True,False,1,True,正常
2020-03-16,9.11,9.15,8.69,8.72,8.97,7037225.999999999,62754799.99999999,1.18,5.13,0.854358,7.45,9.87,8.07,False,True,True,True,False,True,False,3,True,正常
2020-03-17,8.7,8.85,8.4,8.6,8.72,3896323.000000001,33585800.0,0.65,5.16,0.852326,7.33,9.59,7.85,False,True,True,True,False,True,False,1,True,正常
2020-03-18,8.7,8.78,8.35,8.43,8.6,4028000.0,34579200.0,0.32,5.0,0.849348,7.16,9.46,7.74,False,True,True,True,False,True,False,1,True,正常
2020-03-19,8.38,8.48,8.14,8.43,8.43,4667688.0,38875500.0,0.37,4.03,0.849348,7.16,9.27,7.59,False,True,True,True,False,True,False,1,True,正常
2020-03-20,8.48,8.74,8.28,8.73,8.43,5858781.0,49684000.0,0.46,5.46,0.854525,7.46,9.27,7.59,False,True,True,True,False,True,False,1,True,正常
2020-03-23,8.56,9.08,8.49,8.78,8.73,6274310.0,55678400.0,0.5,6.76,0.855353,7.51,9.6,7.86,False,True,True,True,False,True,False,3,True,正常
2020-03-24,8.93,9.01,8.84,8.94,8.78,4050770.0,36140700.0,0.32,1.94,0.857942,7.67,9.66,7.9,False,True,True,True,False,True,False,1,True,正常
2020-03-25,9.05,9.23,8.98,9.12,8.94,6607323.0,60413600.0,0.52,2.8,0.860746,7.85,9.83,8.05,False,True,True,True,False,True,False,1,True,正常
2020-03-26,9.12,9.36,8.99,9.36,9.12,7708852.0,71318700.0,0.61,4.06,0.864316,8.09,10.03,8.21,False,True,True,True,False,True,False,1,True,正常
2020-03-27,9.37,9.48,9.22,9.28,9.36,4989583.0,46659300.0,0.39,2.78,0.863147,8.01,10.3,8.42,False,True,True,True,False,True,False,1,True,正常
2020-03-30,9.14,9.3,9.0,9.13,9.28,3934525.0,35999000.0,0.31,3.23,0.860898,7.86,10.21,8.35,False,True,True,True,False,True,False,3,True,正常
2020-03-31,9.23,9.29,9.02,9.07,9.13,3046836.0,27850000.0,0.24,2.96,0.859978,7.8,10.04,8.22,False,True,True,True,False,True,False,1,True,正常
2020-04-01,9.07,9.13,8.93,8.99,9.07,3426573.0000000005,30961200.0,0.27,2.21,0.858732,7.72,9.98,8.16,False,True,True,True,False,True,False,1,True,正常
2020-04-02,8.92,9.09,8.9,9.08,8.99,2170325.0,19551800.0,0.17,2.11,0.860132,7.81,9.89,8.09,False,True,True,True,False,True,False,1,True,正常
2020-04-03,9.08,9.18,8.99,9.15,9.08,2389080.0,21678200.0,0.19,2.09,0.861202,7.88,9.99,8.17,False,True,True,True,False,True,False,1,True,正常
2020-04-07,9.22,9.68,9.18,9.45,9.15,5080711.0,47757900.0,0.4,5.46,0.865608,8.18,10.07,8.24,False,True,True,True,False,True,False,4,True,正常
2020-04-08,9.34,9.44,9.21,9.27,9.45,3729921.0,34615900.0,0.29,2.43,0.862999,8.0,10.4,8.5,False,True,True,True,False,True,False,1,True,正常
2020-04-09,9.32,9.32,9.21,9.29,9.27,1981220.0,18352500.0,0.16,1.19,0.863294,8.02,10.2,8.34,False,True,True,True,False,True,False,1,True,正常
2020-04-10,9.28,9.69,9.25,9.62,9.29,6588338.0,62379000.0,0.52,4.74,0.867983,8.35,10.22,8.36,False,True,True,True,False,True,False,1,True,正常
2020-04-13,9.58,9.58,9.43,9.52,9.62,2646124.0,25107800.000000004,0.21,1.56,0.866597,8.25,10.58,8.66,False,True,True,True,False,True,False,3,True,正常
2020-04-14,9.46,9.96,9.46,9.91,9.52,6532038.0,63763300.0,0.52,5.25,0.871847,8.64,10.47,8.57,False,True,True,True,False,True,False,1,True,正常
2020-04-15,9.94,9.97,9.58,9.63,9.91,11368413.0,110239100.0,0.9,3.94,0.86812,8.36,10.9,8.92,False,True,True,True,False,True,False,1,True,正常
2020-04-16,9.5,9.55,9.25,9.49,9.63,4204760.0,39686000.0,0.33,3.12,0.866175,8.22,10.59,8.67,False,True,True,True,False,True,False,1,True,正常
2020-04-17,9.57,9.78,9.37,9.62,9.49,4215688.0,40289700.0,0.33,4.32,0.867983,8.35,10.44,8.54,False,True,True,True,False,True,False,1,True,正常
2020-04-20,9.61,9.87,9.44,9.48,9.62,3465023.0000000005,33142800.000000004,0.27,4.47,0.866034,8.21,10.58,8.66,False,True,True,True,False,True,False,3,True,正常
2020-04-21,9.5,9.85,9.4,9.7,9.48,5977979.0,57735400.0,0.47,4.75,0.869072,8.43,10.43,8.53,False,True,True,True,False,True,False,1,True,正常
2020-04-22,9.68,9.84,9.6,9.81,9.7,5070576.0,49494500.0,0.4,2.47,0.87054,8.54,10.67,8.73,False,True,True,True,False,True,False,1,True,正常
2020-04-23,9.91,10.0,9.62,9.62,9.81,3915389.0,38325500.0,0.31,3.87,0.867983,8.35,10.79,8.83,False,True,True,True,False,True,False,1,True,正常
2020-04-24,9.67,9.7,9.45,9.52,9.62,2232680.0,21325300.000000004,0.18,2.6,0.866597,8.25,10.58,8.66,False,True,True,True,False,True,False,1,True,正常
2020-04-27,9.54,9.83,9.54,9.79,9.52,5023057.0,48844500.0,0.4,3.05,0.870276,8.52,10.47,8.57,False,True,True,True,False,True,False,3,True,正常
2020-04-28,9.74,10.0,9.58,9.82,9.79,9446113.0,93104900.0,0.75,4.29,0.870672,8.55,10.77,8.81,False,True,True,True,False,True,False,1,True,正常
2020-04-29,9.75,9.79,9.59,9.68,9.82,7422270.0,71984000.0,0.59,2.04,0.868802,8.41,10.8,8.84,False,True,True,True,False,True,False,1,True,正常
2020-04-30,9.66,9.96,9.66,9.87,9.68,7115734.0,70118500.0,0.56,3.1,0.871327,8.6,10.65,8.71,False,True,True,True,False,True,False,1,True,正常
2020-05-06,9.87,9.87,9.65,9.73,9.87,5491550.0,53325100.0,0.43,2.23,0.869476,8.46,10.86,8.88,False,True,True,True,False,True,False,6,True,正常
2020-05-07,9.7,9.75,9.62,9.73,9.73,4738690.0,45983000.0,0.37,1.34,0.869476,8.46,10.7,8.76,False,True,True,True,False,True,False,1,True,正常
2020-05-08,9.72,9.74,9.58,9.59,9.73,4707092.0,45470500.0,0.37,1.64,0.86757,8.32,10.7,8.76,False,True,True,True,False,True,False,1,True,正常
2020-05-11,9.65,9.73,9.59,9.68,9.59,3276050.0,31703200.0,0.26,1.46,0.868802,8.41,10.55,8.63,False,True,True,True,False,True,False,3,True,正常
2020-05-12,9.67,9.68,9.24,9.4,9.68,6793700.0,63922600.0,0.54,4.55,0.864894,8.13,10.65,8.71,False,True,True,True,False,True,False,1,True,正常
2020-05-13,9.4,9.59,9.26,9.49,9.4,5935986.0,56172100.0,0.47,3.51,0.866175,8.22,10.34,8.46,False,True,True,True,False,True,False,1,True,正常
2020-05-14,9.48,9.54,9.1,9.19,9.49,6938091.0,64282299.99999999,0.55,4.64,0.861806,7.92,10.44,8.54,False,True,True,True,False,True,False,1,True,正常
2020-05-15,9.26,9.34,9.19,9.19,9.19,3886232.0,36038800.0,0.31,1.63,0.861806,7.92,10.11,8.27,False,True,True,True,False,True,False,1,True,正常
2020-05-18,10.11,10.11,9.5,9.81,9.19,35771096.0,356894500.0,2.82,6.64,0.87054,8.54,10.11,8.27,False,True,True,True,False,True,False,3,True,正常
2020-05-19,9.58,9.58,9.18,9.29,9.81,22799937.0,213360600.0,1.8,4.08,0.863294,8.02,10.79,8.83,False,True,True,True,False,True,False,1,True,正常
2020-05-20,9.18,9.36,9.05,9.25,9.29,10610060.0,97476500.0,0.84,3.34,0.862703,7.98,10.22,8.36,False,True,True,True,False,True,False,1,True,正常
2020-05-21,9.25,9.25,8.95,8.98,9.25,7178605.0,65102400.0,0.57,3.24,0.858575,7.71,10.18,8.33,False,True,True,True,False,True,False,1,True,正常
2020-05-22,8.97,9.11,8.91,9.0,8.98,4880513.0,44012900.0,0.39,2.23,0.858889,7.73,9.88,8.08,False,True,True,True,False,True,False,1,True,正常
2020-05-25,8.99,9.04,8.71,8.73,9.0,4685900.0,41347299.99999999,0.37,3.67,0.854525,7.46,9.9,8.1,False,True,True,True,False,True,False,3,True,正常
2020-05-26,8.76,8.97,8.68,8.91,8.73,5792890.0,51138200.0,0.46,3.32,0.857464,7.64,9.6,7.86,False,True,True,True,False,True,False,1,True,正常
2020-05-27,8.87,9.03,8.86,9.01,8.91,3653441.000000001,32674600.0,0.29,1.91,0.859046,7.74,9.8,8.02,False,True,True,True,False,True,False,1,True,正常
2020-05-28,8.98,9.12,8.9,9.1,9.01,3648875.0,32954300.0,0.29,2.44,0.86044,7.83,9.91,8.11,False,True,True,True,False,True,False,1,True,正常
2020-05-29,9.1,9.16,9.04,9.08,9.1,3266850.0,29680600.0,0.26,1.32,0.860132,7.81,10.01,8.19,False,True,True,True,False,True,False,1,True,正常
2020-06-01,9.08,9.39,9.06,9.32,9.08,7718397.0,71366300.0,0.61,3.63,0.863734,8.05,9.99,8.17,False,True,True,True,False,True,False,3,True,正常
2020-06-02,9.56,9.94,9.4,9.79,9.32,13527760.999999998,130812500.0,1.07,5.79,0.870276,8.52,10.25,8.39,False,True,True,True,False,True,False,1,True,正常
2020-06-03,9.72,10.06,9.7,9.81,9.79,13099265.0,129975900.0,1.03,3.68,0.87054,8.54,10.77,8.81,False,True,True,True,False,True,False,1,True,正常
2020-06-04,10.01,10.03,9.76,9.83,9.81,6835157.000000001,67221300.0,0.54,2.75,0.870804,8.56,10.79,8.83,False,True,True,True,False,True,False,1,True,正常
2020-06-05,9.86,9.96,9.72,9.8,9.83,3355512.9999999995,32910300.000000004,0.26,2.44,0.870408,8.53,10.81,8.85,False,True,True,True,False,True,False,1,True,正常
2020-06-08,9.96,10.78,9.85,10.48,9.8,19742458.0,206959400.0,1.56,9.49,0.878817,9.21,10.78,8.82,False,True,True,True,False,True,False,3,True,正常
2020-06-09,10.6,10.6,10.24,10.3,10.48,10405532.0,108076300.0,0.82,3.44,0.876699,9.03,11.53,9.43,False,True,True,True,False,True,False,1,True,正常
2020-06-10,10.38,10.46,10.2,10.39,10.3,4516944.0,46713100.00000001,0.36,2.52,0.877767,9.12,11.33,9.27,False,True,True,True,False,True,False,1,True,正常
2020-06-11,10.36,10.49,10.24,10.25,10.39,3884259.0,40145400.0,0.31,2.41,0.876098,8.98,11.43,9.35,False,True,True,True,False,True,False,1,True,正常
2020-06-12,10.03,10.34,10.01,10.2,10.25,5894524.0,59918500.0,0.47,3.22,0.87549,8.93,11.28,9.22,False,True,True,True,False,True,False,1,True,正常
2020-06-15,10.19,10.34,10.1,10.1,10.2,4799708.0,48923200.0,0.38,2.35,0.874257,8.83,11.22,9.18,False,True,True,True,False,True,False,3,True,正常
2020-06-16,10.11,10.55,10.01,10.32,10.1,7947399.000000001,81860400.0,0.63,5.35,0.893411,9.22,11.11,9.09,False,True,True,True,False,True,False,1,True,正常
2020-06-17,10.37,10.41,10.17,10.4,10.32,3644861.0,37519500.0,0.29,2.33,0.894231,9.3,11.35,9.29,False,True,True,True,False,True,False,1,True,正常
2020-06-18,10.4,10.76,10.35,10.63,10.4,5845716.0,62017700.00000001,0.46,3.94,0.896519,9.53,11.44,9.36,False,True,True,True,False,True,False,1,True,正常
2020-06-19,10.66,10.88,10.61,10.68,10.63,5975182.0,64025300.0,0.47,2.54,0.897004,9.58,11.69,9.57,False,True,True,True,False,True,False,1,True,正常
2020-06-22,10.62,10.76,10.54,10.6,10.68,5073586.0,53995400.0,0.4,2.06,0.896226,9.5,11.75,9.61,False,True,True,True,False,True,False,3,True,正常
2020-06-23,10.61,11.12,10.54,11.04,10.6,6986266.0,76200100.0,0.55,5.47,0.900362,9.94,11.66,9.54,False,True,True,True,False,True,False,1,True,正常
2020-06-24,10.99,11.06,10.83,10.9,11.04,3981415.0,43475400.0,0.31,2.08,0.899083,9.8,12.14,9.94,False,True,True,True,False,True,False,1,True,正常
2020-06-29,10.86,11.11,10.69,10.83,10.9,8745595.0,95222200.0,0.69,3.85,0.89843,9.73,11.99,9.81,False,True,True,True,False,True,False,5,True,正常
2020-06-30,10.91,11.1,10.63,10.74,10.83,8104757.000000001,88002900.00000001,0.64,4.34,0.897579,9.64,11.91,9.75,False,True,True,True,False,True,False,1,True,正常
2020-07-01,10.79,10.94,10.55,10.67,10.74,7348700.999999999,78591700.0,0.58,3.63,0.896907,9.57,11.81,9.67,False,True,True,True,False,True,False,1,True,正常
2020-07-02,10.8,11.44,10.8,10.95,10.67,17613716.0,195488400.0,1.39,6.0,0.899543,9.85,11.74,9.6,False,True,True,True,False,True,False,1,True,正常
2020-07-03,10.9,11.24,10.73,11.14,10.95,9156470.0,100699800.0,0.72,4.66,0.901257,10.04,12.04,9.86,False,True,True,True,False,True,False,1,True,正常
2020-07-06,11.2,11.48,11.13,11.38,11.14,11689481.0,132556000.0,0.92,3.14,0.903339,10.28,12.25,10.03,False,True,True,True,False,True,False,3,True,正常
2020-07-07,11.47,11.47,11.16,11.2,11.38,10067575.0,113815100.0,0.79,2.72,0.901786,10.1,12.52,10.24,False,True,True,True,False,True,False,1,True,正常
2020-07-08,11.17,11.77,11.11,11.58,11.2,11257674.0,129538000.0,0.89,5.89,0.905009,10.48,12.32,10.08,False,True,True,True,False,True,False,1,True,正常
2020-07-09,11.59,12.35,11.58,12.28,11.58,11672997.0,140053000.0,0.92,6.65,0.910423,11.18,12.74,10.42,False,True,True,True,False,True,False,1,True,正常
2020-07-10,12.1,12.44,11.93,12.07,12.28,7972744.0,96706000.0,0.63,4.15,0.908865,10.97,13.51,11.05,False,True,True,True,False,True,False,1,True,正常
2020-07-13,12.11,12.36,11.95,12.31,12.07,7720691.0,94002300.0,0.61,3.4,0.910642,11.21,13.28,10.86,False,True,True,True,False,True,False,3,True,正常
2020-07-14,12.28,12.28,11.68,11.89,12.31,10814939.0,128995300.0,0.85,4.87,0.907485,10.79,13.54,11.08,False,True,True,True,False,True,False,1,True,正常
2020-07-15,11.94,12.19,11.7,11.91,11.89,9682600.0,115921900.0,0.76,4.12,0.907641,10.81,13.08,10.7,False,True,True,True,False,True,False,1,True,正常
2020-07-16,11.9,12.14,11.35,11.45,11.91,11638352.0,136832800.0,0.92,6.63,0.90393,10.35,13.1,10.72,False,True,True,True,False,True,False,1,True,正常
2020-07-17,11.68,12.15,11.63,11.77,11.45,6827011.0,80771500.0,0.54,4.54,0.906542,10.67,12.6,10.3,False,True,True,True,False,True,False,1,True,正常
2020-07-20,11.85,12.48,11.8,12.25,11.77,10035391.0,121984400.0,0.79,5.78,0.910204,11.15,12.95,10.59,False,True,True,True,False,True,False,3,True,正常
2020-07-21,12.25,12.25,11.98,12.03,12.25,7785889.0,93824700.0,0.61,2.2,0.908562,10.93,13.48,11.02,False,True,True,True,False,True,False,1,True,正常
2020-07-22,12.03,12.07,11.94,11.95,12.03,5045806.0,60574799.99999999,0.4,1.08,0.90795,10.85,13.23,10.83,False,True,True,True,False,True,False,1,True,正常
2020-07-23,11.85,12.11,11.65,11.98,11.95,6781414.999999999,80708800.0,0.54,3.85,0.90818,10.88,13.14,10.76,False,True,True,True,False,True,False,1,True,正常
2020-07-24,11.97,12.22,11.66,11.7,11.98,6169203.0,73572300.0,0.49,4.67,0.905983,10.6,13.18,10.78,False,True,True,True,False,True,False,1,True,正常
2020-07-27,11.79,11.89,11.35,11.56,11.7,5639188.0,65377299.99999999,0.45,4.62,0.904844,10.46,12.87,10.53,False,True,True,True,False,True,False,3,True,正常
2020-07-28,11.68,12.72,11.68,12.4,11.56,13064841.0,161085100.0,1.03,9.0,0.91129,11.3,12.72,10.4,False,True,True,True,False,True,False,1,True,正常
2020-07-29,12.3,12.39,12.0,12.18,12.4,14113870.000000002,171459000.0,1.11,3.15,0.909688,11.08,13.64,11.16,False,True,True,True,False,True,False,1,True,正常
2020-07-30,12.13,12.13,11.8,11.9,12.18,7485598.0,89263600.0,0.59,2.71,0.907563,10.8,13.4,10.96,False,True,True,True,False,True,False,1,True,正常
2020-07-31,11.97,12.08,11.81,12.01,11.9,6328427.0,75644400.0,0.5,2.27,0.90841,10.91,13.09,10.71,False,True,True,True,False,True,False,1,True,正常
2020-08-03,12.02,12.18,11.92,12.1,12.01,7733872.0,93297300.0,0.61,2.16,0.909091,11.0,13.21,10.81,False,True,True,True,False,True,False,3,True,正常
2020-08-04,12.1,12.23,12.0,12.08,12.1,7866869.0,95381000.0,0.62,1.9,0.90894,10.98,13.31,10.89,False,True,True,True,False,True,False,1,True,正常
2020-08-05,12.12,12.18,11.9,12.03,12.08,4877515.0,58632000.0,0.38,2.32,0.908562,10.93,13.29,10.87,False,True,True,True,False,True,False,1,True,正常
2020-08-06,12.28,12.6,12.0,12.1,12.03,10321312.0,126363500.0,0.81,4.99,0.909091,11.0,13.23,10.83,False,True,True,True,False,True,False,1,True,正常
2020-08-07,12.05,12.15,11.79,11.86,12.1,5124844.0,60988100.00000001,0.4,2.98,0.907251,10.76,13.31,10.89,False,True,True,True,False,True,False,1,True,正常
2020-08-10,11.86,12.2,11.62,12.03,11.86,7238685.000000001,86215600.0,0.57,4.89,0.908562,10.93,13.05,10.67,False,True,True,True,False,True,False,3,True,正常
2020-08-11,12.01,12.11,11.85,11.96,12.03,3913278.0,46899300.0,0.31,2.16,0.908027,10.86,13.23,10.83,False,True,True,True,False,True,False,1,True,正常
2020-08-12,11.88,12.14,11.73,12.07,11.96,6456807.0,77304600.0,0.51,3.43,0.908865,10.97,13.16,10.76,False,True,True,True,False,True,False,1,True,正常
2020-08-13,12.1,12.23,12.03,12.15,12.07,10012724.0,121623400.0,0.79,1.66,0.909465,11.05,13.28,10.86,False,True,True,True,False,True,False,1,True,正常
2020-08-14,12.15,12.5,12.13,12.36,12.15,12164587.0,150379500.0,0.96,3.05,0.911003,11.26,13.37,10.94,False,True,True,True,False,True,False,1,True,正常
2020-08-17,12.45,13.3,12.42,12.62,12.36,26413100.0,338224800.00000006,2.08,7.12,0.912837,11.52,13.6,11.12,False,True,True,True,False,True,False,3,True,正常
2020-08-18,12.76,13.09,12.35,12.97,12.62,17711420.0,224969800.0,1.4,5.86,0.915189,11.87,13.88,11.36,False,True,True,True,False,True,False,1,True,正常
2020-08-19,13.0,13.55,12.97,12.97,12.97,17650042.0,233321300.0,1.39,4.47,0.915189,11.87,14.27,11.67,False,True,True,True,False,True,False,1,True,正常
2020-08-20,12.74,12.74,11.73,11.82,12.97,23465008.0,285390900.0,1.85,7.79,0.906937,10.72,14.27,11.67,False,True,True,True,False,True,False,1,True,正常
2020-08-21,11.87,12.0,11.62,11.81,11.82,8507638.0,100386700.0,0.67,3.21,0.906859,10.71,13.0,10.64,False,True,True,True,False,True,False,1,True,正常
2020-08-24,11.8,11.88,11.66,11.74,11.81,5142556.0,60433000.0,0.41,1.86,0.906303,10.64,12.99,10.63,False,True,True,True,False,True,False,3,True,正常
2020-08-25,11.78,11.96,11.46,11.82,11.74,9789088.0,114903600.0,0.77,4.26,0.906937,10.72,12.91,10.57,False,True,True,True,False,True,False,1,True,正常
2020-08-26,11.71,11.79,10.8,11.25,11.82,18123087.0,203046800.0,1.43,8.38,0.902222,10.15,13.0,10.64,False,True,True,True,False,True,False,1,True,正常
2020-08-27,11.22,11.22,10.7,10.81,11.25,9586841.0,104013900.0,0.76,4.62,0.898242,9.71,12.38,10.12,False,True,True,True,False,True,False,1,True,正常
2020-08-28,10.83,11.17,10.74,11.11,10.81,7596453.0,83551600.0,0.6,3.98,0.90099,10.01,11.89,9.73,False,True,True,True,False,True,False,1,True,正常
2020-08-31,11.1,11.1,10.8,10.85,11.11,8303370.0,90704500.0,0.66,2.7,0.898618,9.75,12.22,10.0,False,True,True,True,False,True,False,3,True,正常
2020-09-01,10.87,10.88,10.65,10.69,10.85,7287950.999999999,78067400.0,0.58,2.12,0.8971,9.59,11.94,9.76,False,True,True,True,False,True,False,1,True,正常
2020-09-02,10.74,10.83,10.55,10.65,10.69,5470530.0,58334600.0,0.43,2.62,0.896714,9.55,11.76,9.62,False,True,True,True,False,True,False,1,True,正常
2020-09-03,10.62,10.77,10.56,10.66,10.65,4600441.0,49030300.0,0.36,1.97,0.896811,9.56,11.72,9.59,False,True,True,True,False,True,False,1,True,正常
2020-09-04,10.52,10.55,10.28,10.52,10.66,4789281.0,49869100.0,0.38,2.53,0.895437,9.42,11.73,9.59,False,True,True,True,False,True,False,1,True,正常
2020-09-07,10.63,11.02,10.63,10.88,10.52,9761117.0,105716800.0,0.77,3.71,0.898897,9.78,11.57,9.47,False,True,True,True,False,True,False,3,True,正常
2020-09-08,10.89,11.29,10.7,11.28,10.88,10541228.0,116507600.0,0.83,5.42,0.902482,10.18,11.97,9.79,False,True,True,True,False,True,False,1,True,正常
2020-09-09,11.19,11.39,11.05,11.14,11.28,6647324.000000001,74541100.0,0.52,3.01,0.901257,10.04,12.41,10.15,False,True,True,True,False,True,False,1,True,正常
2020-09-10,11.23,11.34,10.95,10.96,11.14,6016861.0,67111500.0,0.47,3.5,0.899635,9.86,12.25,10.03,False,True,True,True,False,True,False,1,True,正常
2020-09-11,10.91,10.95,10.69,10.84,10.96,4893421.0,52840000.0,0.39,2.37,0.898524,9.74,12.06,9.86,False,True,True,True,False,True,False,1,True,正常
2020-09-14,10.84,11.07,10.75,11.02,10.84,4343677.0,47242800.0,0.34,2.95,0.900181,9.92,11.92,9.76,False,True,True,True,False,True,False,3,True,正常
2020-09-15,11.0,11.38,10.93,11.25,11.02,5252465.0,59040000.0,0.41,4.08,0.902222,10.15,12.12,9.92,False,True,True,True,False,True,False,1,True,正常
2020-09-16,11.2,11.26,11.03,11.14,11.25,2778942.0,31001500.0,0.22,2.04,0.901257,10.04,12.38,10.12,False,True,True,True,False,True,False,1,True,正常
2020-09-17,11.12,11.16,10.88,10.94,11.14,3148153.0,34549000.0,0.25,2.51,0.899452,9.84,12.25,10.03,False,True,True,True,False,True,False,1,True,正常
2020-09-18,10.96,11.15,10.82,11.05,10.94,4780256.0,52599200.0,0.38,3.02,0.900452,9.95,12.03,9.85,False,True,True,True,False,True,False,1,True,正常
2020-09-21,11.23,11.23,10.9,10.91,11.05,6342880.0,69761200.0,0.5,2.99,0.899175,9.81,12.16,9.94,False,True,True,True,False,True,False,3,True,正常
2020-09-22,10.89,10.89,10.63,10.67,10.91,5682506.0,60922400.0,0.45,2.38,0.896907,9.57,12.0,9.82,False,True,True,True,False,True,False,1,True,正常
2020-09-23,10.6,10.73,10.58,10.6,10.67,3265964.0,34738000.0,0.26,1.41,0.896226,9.5,11.74,9.6,False,True,True,True,False,True,False,1,True,正常
2020-09-24,10.54,10.6,10.08,10.08,10.6,8516826.0,87215900.0,0.67,4.91,0.890873,8.98,11.66,9.54,False,True,True,True,False,True,False,1,True,正常
2020-09-25,10.18,10.22,9.8,9.94,10.08,5646664.0,56387299.99999999,0.45,4.17,0.889336,8.84,11.09,9.07,False,True,True,True,False,True,False,1,True,正常
2020-09-28,9.96,10.09,9.92,10.02,9.94,3407950.0,34074000.0,0.27,1.71,0.89022,8.92,10.93,8.95,False,True,True,True,False,True,False,3,True,正常
2020-09-29,10.01,10.06,9.82,9.89,10.02,4620400.0,45938400.0,0.36,2.4,0.888777,8.79,11.02,9.02,False,True,True,True,False,True,False,1,True,正常
2020-09-30,9.87,10.29,9.73,9.73,9.89,8911152.0,88348300.0,0.7,5.66,0.886948,8.63,10.88,8.9,False,True,True,True,False,True,False,1,True,正常
2020-10-09,9.86,10.4,9.86,10.1,9.73,11701426.0,118719100.0,0.92,5.55,0.891089,9.0,10.7,8.76,False,True,True,True,False,True,False,9,True,正常
2020-10-12,10.17,10.39,10.16,10.33,10.1,8128747.0,83537600.0,0.64,2.28,0.893514,9.23,11.11,9.09,False,True,True,True,False,True,False,3,True,正常
2020-10-13,10.41,10.47,10.26,10.43,10.33,4261230.0,44275400.0,0.34,2.03,0.894535,9.33,11.36,9.3,False,True,True,True,False,True,False,1,True,正常
2020-10-14,10.43,10.63,10.34,10.56,10.43,6554647.0,69096300.0,0.52,2.78,0.895833,9.46,11.47,9.39,False,True,True,True,False,True,False,1,True,正常
2020-10-15,10.68,10.82,10.5,10.74,10.56,6047046.0,64725900.0,0.48,3.03,0.897579,9.64,11.62,9.5,False,True,True,True,False,True,False,1,True,正常
2020-10-16,10.79,10.79,10.5,10.56,10.74,3218210.0,34098400.0,0.25,2.7,0.895833,9.46,11.81,9.67,False,True,True,True,False,True,False,1,True,正常
2020-10-19,10.6,10.76,10.53,10.55,10.56,2648660.0,28144400.0,0.21,2.18,0.895735,9.45,11.62,9.5,False,True,True,True,False,True,False,3,True,正常
2020-10-20,10.55,10.71,10.42,10.69,10.55,2409620.0,25594700.0,0.19,2.75,0.8971,9.59,11.61,9.5,False,True,True,True,False,True,False,1,True,正常
2020-10-21,10.71,10.71,10.39,10.49,10.69,4074519.0,42757200.0,0.32,2.99,0.895138,9.39,11.76,9.62,False,True,True,True,False,True,False,1,True,正常
2020-10-22,10.49,10.5,10.28,10.37,10.49,2836161.0,29407700.0,0.22,2.1,0.893925,9.27,11.54,9.44,False,True,True,True,False,True,False,1,True,正常
2020-10-23,10.38,10.4,10.05,10.07,10.37,3884716.000000001,39571200.0,0.31,3.38,0.890765,8.97,11.41,9.33,False,True,True,True,False,True,False,1,True,正常
2020-10-26,10.06,10.06,9.85,10.04,10.07,3569432.0,35596100.0,0.28,2.09,0.890438,8.94,11.08,9.06,False,True,True,True,False,True,False,3,True,正常
2020-10-27,9.98,10.2,9.94,10.17,10.04,3262481.0,32843300.0,0.26,2.59,0.891839,9.07,11.04,9.04,False,True,True,True,False,True,False,1,True,正常
2020-10-28,10.32,10.51,10.22,10.36,10.17,6025906.0,62293300.0,0.48,2.85,0.893822,9.26,11.19,9.15,False,True,True,True,False,True,False,1,True,正常
2020-10-29,10.2,10.3,10.08,10.27,10.36,4820556.0,49257500.0,0.38,2.12,0.892892,9.17,11.4,9.32,False,True,True,True,False,True,False,1,True,正常
2020-10-30,10.29,10.29,9.95,10.0,10.27,5736261.0,57812400.0,0.45,3.31,0.89,8.9,11.3,9.24,False,True,True,True,False,True,False,1,True,正常
2020-11-02,10.0,10.54,9.93,10.5,10.0,6786747.0,69867400.0,0.54,6.1,0.895238,9.4,11.0,9.0,False,True,True,True,False,True,False,3,True,正常
2020-11-03,10.5,10.74,10.41,10.55,10.5,5728537.0,60701000.0,0.45,3.14,0.895735,9.45,11.55,9.45,False,True,True,True,False,True,False,1,True,正常
2020-11-04,10.55,10.6,10.34,10.4,10.55,3878468.0,40493200.0,0.31,2.46,0.894231,9.3,11.61,9.5,False,True,True,True,False,True,False,1,True,正常
2020-11-05,10.52,10.69,10.4,10.65,10.4,3496658.0,36912000.0,0.28,2.79,0.896714,9.55,11.44,9.36,False,True,True,True,False,True,False,1,True,正常
2020-11-06,10.7,10.79,10.44,10.59,10.65,4335356.0,45886800.0,0.34,3.29,0.896128,9.49,11.72,9.59,False,True,True,True,False,True,False,1,True,正常
2020-11-09,10.74,11.17,10.67,11.03,10.59,8334992.999999999,91172500.0,0.66,4.72,0.900272,9.93,11.65,9.53,False,True,True,True,False,True,False,3,True,正常
2020-11-10,11.12,11.28,11.02,11.1,11.03,9192120.0,102437400.0,0.73,2.36,0.900901,10.0,12.13,9.93,False,True,True,True,False,True,False,1,True,正常
2020-11-11,11.11,11.34,11.06,11.17,11.1,6934346.000000001,77705100.0,0.55,2.52,0.901522,10.07,12.21,9.99,False,True,True,True,False,True,False,1,True,正常
2020-11-12,11.45,11.78,11.0,11.2,11.17,14752904.999999998,167416600.0,1.16,6.98,0.901786,10.1,12.29,10.05,False,True,True,True,False,True,False,1,True,正常
2020-11-13,11.05,11.29,10.79,11.22,11.2,8277135.000000001,91162700.0,0.65,4.46,0.901961,10.12,12.32,10.08,False,True,True,True,False,True,False,1,True,正常
2020-11-16,12.34,12.34,11.53,11.76,11.22,45255878.0,543283100.0,3.57,7.22,0.906463,10.66,12.34,10.1,False,True,True,True,False,True,False,3,True,正常
2020-11-17,11.84,12.88,11.58,12.71,11.76,47916743.0,592340500.0,3.78,11.05,0.913454,11.61,12.94,10.58,False,True,True,True,False,True,False,1,True,正常
2020-11-18,12.34,12.62,12.02,12.09,12.71,26630946.000000004,325863600.0,2.1,4.72,0.909016,10.99,13.98,11.44,False,True,True,True,False,True,False,1,True,正常
2020-11-19,12.09,12.09,11.48,11.57,12.09,17628995.0,204892900.0,1.39,5.05,0.904927,10.47,13.3,10.88,False,True,True,True,False,True,False,1,True,正常
2020-11-20,11.6,12.0,11.33,11.8,11.57,15730822.0,183809800.0,1.24,5.79,0.90678,10.7,12.73,10.41,False,True,True,True,False,True,False,1,True,正常
2020-11-23,11.74,12.08,11.63,11.73,11.8,14516990.0,171811400.0,1.15,3.81,0.906223,10.63,12.98,10.62,False,True,True,True,False,True,False,3,True,正常
2020-11-24,11.77,12.07,11.52,11.83,11.73,13232791.0,155657000.0,1.04,4.69,0.907016,10.73,12.9,10.56,False,True,True,True,False,True,False,1,True,正常
2020-11-25,11.87,11.95,11.45,11.47,11.83,8611200.0,100377800.0,0.68,4.23,0.904098,10.37,13.01,10.65,False,True,True,True,False,True,False,1,True,正常
2020-11-26,11.5,11.95,11.44,11.86,11.47,13523832.0,158487300.0,1.07,4.45,0.907251,10.76,12.62,10.32,False,True,True,True,False,True,False,1,True,正常
2020-11-27,11.78,11.88,11.59,11.61,11.86,8116919.0,94664300.0,0.64,2.45,0.905254,10.51,13.05,10.67,False,True,True,True,False,True,False,1,True,正常
2020-11-30,11.62,11.71,11.46,11.52,11.61,7882673.0,91120100.0,0.62,2.15,0.904514,10.42,12.77,10.45,False,True,True,True,False,True,False,3,True,正常
2020-12-01,11.45,11.53,11.23,11.5,11.52,8550624.0,97242800.0,0.68,2.6,0.904348,10.4,12.67,10.37,False,True,True,True,False,True,False,1,True,正常
2020-12-02,11.53,11.74,11.49,11.55,11.5,7556474.000000001,87661299.99999999,0.6,2.17,0.904762,10.45,12.65,10.35,False,True,True,True,False,True,False,1,True,正常
2020-12-03,11.54,11.62,11.38,11.46,11.55,4884345.0,55944399.99999999,0.39,2.08,0.904014,10.36,12.71,10.4,False,True,True,True,False,True,False,1,True,正常
2020-12-04,11.4,11.4,11.14,11.17,11.46,8157112.0,91814200.0,0.64,2.27,0.901522,10.07,12.61,10.31,False,True,True,True,False,True,False,1,True,正常
2020-12-07,11.19,11.19,10.78,10.84,11.17,9314404.0,101881800.0,0.74,3.67,0.898524,9.74,12.29,10.05,False,True,True,True,False,True,False,3,True,正常
2020-12-08,10.98,10.99,10.58,10.61,10.84,9952366.0,106258200.0,0.79,3.78,0.896324,9.51,11.92,9.76,False,True,True,True,False,True,False,1,True,正常
2020-12-09,10.68,10.68,10.38,10.42,10.61,5677499.0,59625600.00000001,0.45,2.83,0.894434,9.32,11.67,9.55,False,True,True,True,False,True,False,1,True,正常
2020-12-10,10.37,10.54,10.33,10.38,10.42,4156382.0,43371600.0,0.33,2.02,0.894027,9.28,11.46,9.38,False,True,True,True,False,True,False,1,True,正常
2020-12-11,10.28,10.43,10.11,10.22,10.38,5731569.0,58611400.0,0.45,3.08,0.892368,9.12,11.42,9.34,False,True,True,True,False,True,False,1,True,正常
2020-12-14,10.3,10.54,10.24,10.51,10.22,5185557.0,53963400.0,0.41,2.94,0.895338,9.41,11.24,9.2,False,True,True,True,False,True,False,3,True,正常
2020-12-15,10.52,10.54,10.38,10.5,10.51,3103630.0,32434700.0,0.25,1.52,0.895238,9.4,11.56,9.46,False,True,True,True,False,True,False,1,True,正常
2020-12-16,10.58,10.58,10.34,10.35,10.5,3409406.0,35475400.0,0.27,2.29,0.89372,9.25,11.55,9.45,False,True,True,True,False,True,False,1,True,正常
2020-12-17,10.4,10.64,10.28,10.59,10.35,5189115.0,54455800.0,0.41,3.48,0.896128,9.49,11.38,9.32,False,True,True,True,False,True,False,1,True,正常
2020-12-18,10.53,10.58,10.36,10.4,10.59,5617921.0,58683700.0,0.44,2.08,0.894231,9.3,11.65,9.53,False,True,True,True,False,True,False,1,True,正常
2020-12-21,10.4,10.4,10.21,10.26,10.4,6849670.0,70423300.0,0.54,1.83,0.892788,9.16,11.44,9.36,False,True,True,True,False,True,False,3,True,正常
2020-12-22,10.23,10.35,10.12,10.12,10.26,5436283.0,55544700.0,0.43,2.24,0.891304,9.02,11.29,9.23,False,True,True,True,False,True,False,1,True,正常
2020-12-23,10.13,10.3,10.07,10.18,10.12,3690751.0,37545500.0,0.29,2.27,0.891945,9.08,11.13,9.11,False,True,True,True,False,True,False,1,True,正常
2020-12-24,10.2,10.25,9.94,9.96,10.18,5769466.0,58124600.0,0.46,3.05,0.889558,8.86,11.2,9.16,False,True,True,True,False,True,False,1,True,正常
2020-12-25,9.94,10.1,9.83,10.03,9.96,4015092.0,40079100.0,0.32,2.71,0.890329,8.93,10.96,8.96,False,True,True,True,False,True,False,1,True,正常
2020-12-28,10.05,10.06,9.85,9.85,10.03,3966027.0,39367600.0,0.31,2.09,0.888325,8.75,11.03,9.03,False,True,True,True,False,True,False,3,True,正常
2020-12-29,9.92,10.28,9.8,10.09,9.85,7197347.0,72397500.0,0.57,4.87,0.890981,8.99,10.84,8.86,False,True,True,True,False,True,False,1,True,正常
2020-12-30,9.97,10.22,9.95,10.02,10.09,4718837.0,47440800.0,0.37,2.68,0.89022,8.92,11.1,9.08,False,True,True,True,False,True,False,1,True,正常
2020-12-31,10.14,10.62,10.08,10.5,10.02,11127468.0,115492800.0,0.88,5.39,0.895238,9.4,11.02,9.02,False,True,True,True,False,True,False,1,True,正常
2021-01-04,10.41,10.54,10.35,10.46,10.5,9513304.0,99197400.0,0.75,1.81,0.894837,9.36,11.55,9.45,False,True,True,True,False,True,False,4,True,正常
2021-01-05,10.42,10.67,10.33,10.58,10.46,11531927.0,121588000.0,0.91,3.25,0.89603,9.48,11.51,9.41,False,True,True,True,False,True,False,1,True,正常
2021-01-06,10.5,10.53,10.35,10.39,10.58,5768583.0,60107000.0,0.46,1.7,0.894129,9.29,11.64,9.52,False,True,True,True,False,True,False,1,True,正常
2021-01-07,10.36,10.51,10.12,10.18,10.39,5557647.0,57215600.00000001,0.44,3.75,0.891945,9.08,11.43,9.35,False,True,True,True,False,True,False,1,True,正常
2021-01-08,10.26,10.27,10.06,10.17,10.18,5619605.0,57148000.0,0.44,2.06,0.891839,9.07,11.2,9.16,False,True,True,True,False,True,False,1,True,正常
2021-01-11,10.17,10.21,9.85,9.86,10.17,7785710.000000001,77520800.0,0.61,3.54,0.888438,8.76,11.19,9.15,False,True,True,True,False,True,False,3,True,正常
2021-01-12,9.87,10.05,9.81,9.94,9.86,5617744.0,55691700.0,0.44,2.43,0.889336,8.84,10.85,8.87,False,True,True,True,False,True,False,1,True,正常
2021-01-13,9.94,9.98,9.75,9.79,9.94,6729425.999999999,66054900.0,0.53,2.31,0.88764,8.69,10.93,8.95,False,True,True,True,False,True,False,1,True,正常
2021-01-14,9.79,9.96,9.78,9.86,9.79,4267550.0,42116000.0,0.34,1.84,0.888438,8.76,10.77,8.81,False,True,True,True,False,True,False,1,True,正常
2021-01-15,9.95,9.95,9.81,9.89,9.86,3000180.0,29622700.0,0.24,1.42,0.888777,8.79,10.85,8.87,False,True,True,True,False,True,False,1,True,正常
2021-01-18,9.89,10.09,9.88,10.02,9.89,4483455.0,44669100.0,0.35,2.12,0.89022,8.92,10.88,8.9,False,True,True,True,False,True,False,3,True,正常
2021-01-19,10.01,10.09,9.88,9.95,10.02,4143978.0,41265700.0,0.33,2.1,0.889447,8.85,11.02,9.02,False,True,True,True,False,True,False,1,True,正常
2021-01-20,9.94,9.95,9.75,9.81,9.95,4366973.0,42945500.0,0.34,2.01,0.88787,8.71,10.94,8.96,False,True,True,True,False,True,False,1,True,正常
2021-01-21,9.8,9.9,9.77,9.84,9.81,3477057.0,34206200.0,0.27,1.33,0.888211,8.74,10.79,8.83,False,True,True,True,False,True,False,1,True,正常
2021-01-22,9.86,9.97,9.71,9.89,9.84,4851732.0,47741100.0,0.38,2.64,0.888777,8.79,10.82,8.86,False,True,True,True,False,True,False,1,True,正常
2021-01-25,9.95,9.97,9.76,9.78,9.89,3685302.0,36257000.0,0.29,2.12,0.887526,8.68,10.88,8.9,False,True,True,True,False,True,False,3,True,正常
2021-01-26,9.78,9.78,9.46,9.51,9.78,5433693.0,52313700.0,0.43,3.27,0.884332,8.41,10.76,8.8,False,True,True,True,False,True,False,1,True,正常
2021-01-27,9.4,9.5,9.29,9.3,9.51,6391236.0,59934300.0,0.5,2.21,0.88172,8.2,10.46,8.56,False,True,True,True,False,True,False,1,True,正常
2021-01-28,9.26,9.26,8.97,9.05,9.3,6662249.000000001,60286500.0,0.53,3.12,0.878453,7.95,10.23,8.37,False,True,True,True,False,True,False,1,True,正常
2021-01-29,9.12,9.15,8.88,8.9,9.05,5041530.0,45224300.0,0.4,2.98,0.876404,7.8,9.96,8.15,False,True,True,True,False,True,False,1,True,正常
2021-02-01,8.9,8.98,8.77,8.9,8.9,5259370.0,46479500.0,0.42,2.36,0.876404,7.8,9.79,8.01,False,True,True,True,False,True,False,3,True,正常
2021-02-02,8.91,8.95,8.71,8.74,8.9,6749231.0,59408700.0,0.53,2.7,0.874142,7.64,9.79,8.01,False,True,True,True,False,True,False,1,True,正常
2021-02-03,8.74,8.75,8.5,8.57,8.74,7214370.0,61870300.0,0.57,2.86,0.871645,7.47,9.61,7.87,False,True,True,True,False,True,False,1,True,正常
2021-02-04,8.57,8.59,8.18,8.3,8.57,7834432.000000001,65176500.0,0.62,4.78,0.86747,7.2,9.43,7.71,False,True,True,True,False,True,False,1,True,正常
2021-02-05,8.39,8.62,8.36,8.41,8.3,7145983.0,60619799.99999999,0.56,3.13,0.869203,7.31,9.13,7.47,False,True,True,True,False,True,False,1,True,正常
2021-02-08,8.47,8.77,8.47,8.54,8.41,8998414.0,77465000.0,0.71,3.57,0.871194,7.44,9.25,7.57,False,True,True,True,False,True,False,3,True,正常
2021-02-09,8.53,8.72,8.47,8.7,8.54,4699950.0,40524600.0,0.37,2.93,0.873563,7.6,9.39,7.69,False,True,True,True,False,True,False,1,True,正常
2021-02-10,8.7,8.85,8.62,8.8,8.7,4562360.0,39915400.0,0.36,2.64,0.875,7.7,9.57,7.83,False,True,True,True,False,True,False,1,True,正常
2021-02-18,9.08,9.68,9.08,9.68,8.8,11609810.0,110697500.0,0.92,6.82,0.886364,8.58,9.68,7.92,False,True,True,True,False,True,False,8,True,正常
2021-02-19,10.0,10.29,9.78,9.89,9.68,22706838.0,226189300.0,1.79,5.27,0.888777,8.79,10.65,8.71,False,True,True,True,False,True,False,1,True,正常
2021-02-22,9.89,10.22,9.69,9.9,9.89,15832291.0,158247800.0,1.25,5.36,0.888889,8.8,10.88,8.9,False,True,True,True,False,True,False,3,True,正常
2021-02-23,9.79,10.1,9.79,10.03,9.9,9742345.0,97098800.0,0.77,3.13,0.890329,8.93,10.89,8.91,False,True,True,True,False,True,False,1,True,正常
2021-02-24,10.09,10.3,9.91,9.99,10.03,11965119.0,120639500.0,0.94,3.89,0.88989,8.89,11.03,9.03,False,True,True,True,False,True,False,1,True,正常
2021-02-25,10.1,10.1,9.75,9.81,9.99,8450110.0,83470600.0,0.67,3.5,0.88787,8.71,10.99,8.99,False,True,True,True,False,True,False,1,True,正常
2021-02-26,9.75,9.78,9.62,9.65,9.81,6386026.0,61862299.99999999,0.5,1.63,0.88601,8.55,10.79,8.83,False,True,True,True,False,True,False,1,True,正常
2021-03-01,9.73,10.07,9.7,10.07,9.65,8443124.0,83834700.0,0.67,3.83,0.890765,8.97,10.62,8.68,False,True,True,True,False,True,False,3,True,正常
2021-03-02,10.11,10.12,9.87,9.94,10.07,5184192.0,51575600.00000001,0.41,2.48,0.889336,8.84,11.08,9.06,False,True,True,True,False,True,False,1,True,正常
2021-03-03,9.93,10.03,9.83,9.99,9.94,4433754.0,44087200.0,0.35,2.01,0.88989,8.89,10.93,8.95,False,True,True,True,False,True,False,1,True,正常
2021-03-04,9.99,10.58,9.99,10.33,9.99,16598235.999999998,171432200.0,1.31,5.91,0.893514,9.23,10.99,8.99,False,True,True,True,False,True,False,1,True,正常
2021-03-05,10.39,10.7,10.21,10.39,10.33,12683502.0,132375400.0,1.0,4.74,0.894129,9.29,11.36,9.3,False,True,True,True,False,True,False,1,True,正常
2021-03-08,10.66,11.33,10.56,10.94,10.39,21965324.0,241190400.0,1.73,7.41,0.899452,9.84,11.43,9.35,False,True,True,True,False,True,False,3,True,正常
2021-03-09,10.88,11.46,10.45,10.55,10.94,29485658.0,325295000.0,2.33,9.23,0.895735,9.45,12.03,9.85,False,True,True,True,False,True,False,1,True,正常
2021-03-10,10.34,10.34,9.86,10.07,10.55,15843574.0,160018000.0,1.25,4.55,0.890765,8.97,11.61,9.5,False,True,True,True,False,True,False,1,True,正常
2021-03-11,10.0,10.75,9.95,10.48,10.07,15289896.0,159505600.0,1.21,7.94,0.895038,9.38,11.08,9.06,False,True,True,True,False,True,False,1,True,正常
2021-03-12,10.58,10.58,10.31,10.44,10.48,7587610.000000001,78992900.0,0.6,2.58,0.894636,9.34,11.53,9.43,False,True,True,True,False,True,False,1,True,正常
2021-03-15,10.37,10.6,10.16,10.34,10.44,10666005.0,110846100.0,0.84,4.21,0.893617,9.24,11.48,9.4,False,True,True,True,False,True,False,3,True,正常
2021-03-16,10.37,11.06,10.21,10.66,10.34,16635301.0,177887500.0,1.31,8.22,0.896811,9.56,11.37,9.31,False,True,True,True,False,True,False,1,True,正常
2021-03-17,10.65,10.78,10.5,10.68,10.66,8989495.0,95510800.0,0.71,2.63,0.897004,9.58,11.73,9.59,False,True,True,True,False,True,False,1,True,正常
2021-03-18,10.6,10.7,10.44,10.5,10.68,7409280.0,78062200.0,0.58,2.43,0.895238,9.4,11.75,9.61,False,True,True,True,False,True,False,1,True,正常
2021-03-19,10.44,10.57,10.33,10.39,10.5,6634459.0,69224000.0,0.52,2.29,0.894129,9.29,11.55,9.45,False,True,True,True,False,True,False,1,True,正常
2021-03-22,10.35,10.51,10.31,10.48,10.39,5658725.0,58883400.0,0.45,1.92,0.895038,9.38,11.43,9.35,False,True,True,True,False,True,False,3,True,正常
2021-03-23,10.55,10.88,10.26,10.37,10.48,14280060.999999998,150602700.0,1.13,5.92,0.893925,9.27,11.53,9.43,False,True,True,True,False,True,False,1,True,正常
2021-03-24,10.21,10.24,9.9,9.93,10.37,11268580.0,112576800.0,0.89,3.28,0.889225,8.83,11.41,9.33,False,True,True,True,False,True,False,1,True,正常
2021-03-25,9.88,9.93,9.59,9.81,9.93,7160977.0,69803800.0,0.57,3.42,0.88787,8.71,10.92,8.94,False,True,True,True,False,True,False,1,True,正常
2021-03-26,9.75,9.89,9.72,9.84,9.81,4517106.0,44368600.0,0.36,1.73,0.888211,8.74,10.79,8.83,False,True,True,True,False,True,False,1,True,正常
2021-03-29,9.93,9.93,9.76,9.91,9.84,3759020.0,37032100.0,0.3,1.73,0.889001,8.81,10.82,8.86,False,True,True,True,False,True,False,3,True,正常
2021-03-30,9.87,9.98,9.8,9.91,9.91,4498774.0,44496100.0,0.36,1.82,0.889001,8.81,10.9,8.92,False,True,True,True,False,True,False,1,True,正常
2021-03-31,10.1,10.81,10.1,10.62,9.91,22249873.0,233764700.0,1.76,7.16,0.896422,9.52,10.9,8.92,False,True,True,True,False,True,False,1,True,正常
2021-04-01,10.45,10.66,10.39,10.56,10.62,10059581.0,105811100.0,0.79,2.54,0.895833,9.46,11.68,9.56,False,True,True,True,False,True,False,1,True,正常
2021-04-02,10.51,10.56,10.25,10.36,10.56,9312759.0,96820800.0,0.74,2.94,0.893822,9.26,11.62,9.5,False,True,True,True,False,True,False,1,True,正常
2021-04-06,10.32,10.47,10.26,10.33,10.36,5254704.0,54408200.0,0.41,2.03,0.893514,9.23,11.4,9.32,False,True,True,True,False,True,False,4,True,正常
2021-04-07,10.52,10.77,10.31,10.35,10.33,12135042.0,126770200.0,0.96,4.45,0.89372,9.25,11.36,9.3,False,True,True,True,False,True,False,1,True,正常
2021-04-08,10.27,10.3,10.07,10.26,10.35,8220337.0,83707600.0,0.65,2.22,0.892788,9.16,11.38,9.32,False,True,True,True,False,True,False,1,True,正常
2021-04-09,10.24,10.34,10.13,10.15,10.26,5648917.0,57647700.00000001,0.45,2.05,0.891626,9.05,11.29,9.23,False,True,True,True,False,True,False,1,True,正常
2021-04-12,10.15,10.24,10.1,10.16,10.15,5327286.0,54144100.0,0.42,1.38,0.891732,9.06,11.16,9.14,False,True,True,True,False,True,False,3,True,正常
2021-04-13,10.12,10.14,9.9,10.02,10.16,5845684.0,58543200.0,0.46,2.36,0.89022,8.92,11.18,9.14,False,True,True,True,False,True,False,1,True,正常
2021-04-14,9.99,10.11,9.97,10.08,10.02,3944175.0,39624200.0,0.31,1.4,0.890873,8.98,11.02,9.02,False,True,True,True,False,True,False,1,True,正常
2021-04-15,10.0,10.42,9.92,10.3,10.08,11934109.0,122192000.0,0.94,4.96,0.893204,9.2,11.09,9.07,False,True,True,True,False,True,False,1,True,正常
2021-04-16,10.26,10.44,10.2,10.36,10.3,11432358.0,117923100.0,0.9,2.33,0.893822,9.26,11.33,9.27,False,True,True,True,False,True,False,1,True,正常
2021-04-19,10.3,10.48,10.24,10.39,10.36,9419837.0,97567800.0,0.74,2.32,0.894129,9.29,11.4,9.32,False,True,True,True,False,True,False,3,True,正常
2021-04-20,10.39,10.58,10.3,10.49,10.39,9216616.0,96414000.0,0.73,2.69,0.895138,9.39,11.43,9.35,False,True,True,True,False,True,False,1,True,正常
2021-04-21,10.48,10.53,10.21,10.34,10.49,8184907.000000001,84630000.0,0.65,3.05,0.893617,9.24,11.54,9.44,False,True,True,True,False,True,False,1,True,正常
2021-04-22,10.34,10.41,10.25,10.37,10.34,5527752.0,57024600.0,0.44,1.55,0.893925,9.27,11.37,9.31,False,True,True,True,False,True,False,1,True,正常
2021-04-23,10.35,10.35,10.0,10.03,10.37,8458425.0,85488200.0,0.67,3.38,0.890329,8.93,11.41,9.33,False,True,True,True,False,True,False,1,True,正常
2021-04-26,10.17,10.22,10.05,10.1,10.03,6405990.0,64920800.0,0.51,1.69,0.891089,9.0,11.03,9.03,False,True,True,True,False,True,False,3,True,正常
2021-04-27,9.82,9.85,9.09,9.14,10.1,22975393.0,212853300.00000003,1.81,7.52,0.87965,8.04,11.11,9.09,False,True,True,True,False,True,False,1,True,正常
2021-04-28,9.1,9.19,8.94,9.13,9.14,8818322.0,79856900.0,0.7,2.74,0.879518,8.03,10.05,8.23,False,True,True,True,False,True,False,1,True,正常
2021-04-29,9.06,9.08,8.95,8.96,9.13,7114003.0,63966200.0,0.56,1.42,0.877232,7.86,10.04,8.22,False,True,True,True,False,True,False,1,True,正常
2021-04-30,8.97,9.01,8.88,8.91,8.96,4050346.0,36108200.0,0.32,1.45,0.876543,7.81,9.86,8.06,False,True,True,True,False,True,False,1,True,正常
2021-05-06,8.9,9.05,8.82,8.91,8.91,6523055.0,58076600.0,0.51,2.58,0.876543,7.81,9.8,8.02,False,True,True,True,False,True,False,6,True,正常
2021-05-07,8.94,8.98,8.86,8.9,8.91,4488088.0,40026900.0,0.35,1.35,0.876404,7.8,9.8,8.02,False,True,True,True,False,True,False,1,True,正常
2021-05-10,8.85,8.93,8.79,8.92,8.9,3660188.0,32492400.0,0.29,1.57,0.876682,7.82,9.79,8.01,False,True,True,True,False,True,False,3,True,正常
2021-05-11,8.9,8.93,8.67,8.78,8.92,7470662.0,65367400.0,0.59,2.91,0.874715,7.68,9.81,8.03,False,True,True,True,False,True,False,1,True,正常
2021-05-12,8.8,8.93,8.76,8.93,8.78,4193930.000000001,37182700.0,0.33,1.94,0.87682,7.83,9.66,7.9,False,True,True,True,False,True,False,1,True,正常
2021-05-13,8.96,9.0,8.78,8.83,8.93,5646227.0,50146899.99999999,0.45,2.46,0.875425,7.73,9.82,8.04,False,True,True,True,False,True,False,1,True,正常
2021-05-14,8.85,8.93,8.79,8.93,8.83,4402970.0,39050700.0,0.35,1.59,0.87682,7.83,9.71,7.95,False,True,True,True,False,True,False,1,True,正常
2021-05-17,8.95,8.99,8.88,8.93,8.93,4794422.0,42808400.0,0.38,1.23,0.87682,7.83,9.82,8.04,False,True,True,True,False,True,False,3,True,正常
2021-05-18,8.89,8.89,8.72,8.82,8.93,4710831.0,41356000.0,0.37,1.9,0.875283,7.72,9.82,8.04,False,True,True,True,False,True,False,1,True,正常
2021-05-19,8.78,8.78,8.72,8.76,8.82,3143060.0,27473200.0,0.25,0.68,0.874429,7.66,9.7,7.94,False,True,True,True,False,True,False,1,True,正常
2021-05-20,8.73,9.09,8.68,8.94,8.76,8047714.999999999,71669300.0,0.64,4.68,0.876957,7.84,9.64,7.88,False,True,True,True,False,True,False,1,True,正常
2021-05-21,8.88,8.94,8.82,8.9,8.94,3761740.0,33392500.0,0.3,1.34,0.876404,7.8,9.83,8.05,False,True,True,True,False,True,False,1,True,正常
2021-05-24,8.9,8.9,8.15,8.76,8.9,4787445.0,41819700.0,0.38,8.43,0.874429,7.66,9.79,8.01,False,True,True,True,False,True,False,3,True,正常
2021-05-25,8.78,8.79,8.62,8.7,8.76,5560727.0,48231400.0,0.44,1.94,0.873563,7.6,9.64,7.88,False,True,True,True,False,True,False,1,True,正常
2021-05-26,8.73,8.89,8.66,8.86,8.7,5305343.0,46689700.0,0.42,2.64,0.875847,7.76,9.57,7.83,False,True,True,True,False,True,False,1,True,正常
2021-05-27,8.82,9.0,8.77,8.79,8.86,7209492.999999999,63610800.0,0.57,2.6,0.874858,7.69,9.75,7.97,False,True,True,True,False,True,False,1,True,正常
2021-05-28,8.79,8.8,8.7,8.71,8.79,4809995.0,41980000.0,0.38,1.14,0.873708,7.61,9.67,7.91,False,True,True,True,False,True,False,1,True,正常
2021-05-31,8.71,8.79,8.65,8.72,8.71,6102591.0,53115000.0,0.48,1.61,0.873853,7.62,9.58,7.84,False,True,True,True,False,True,False,3,True,正常
2021-06-01,8.52,8.54,8.4,8.47,8.72,8216375.999999999,69351200.0,0.65,1.61,0.892562,7.56,9.59,7.85,False,True,True,True,False,True,False,1,True,正常
2021-06-02,8.46,8.46,8.33,8.33,8.47,4862687.0,40640000.0,0.38,1.53,0.890756,7.42,9.32,7.62,False,True,True,True,False,True,False,1,True,正常
2021-06-03,8.34,8.39,8.3,8.34,8.33,4839545.0,40402500.0,0.38,1.08,0.890887,7.43,9.16,7.5,False,True,True,True,False,True,False,1,True,正常
2021-06-04,8.35,8.38,8.3,8.32,8.34,3863230.000000001,32200900.0,0.31,0.96,0.890625,7.41,9.17,7.51,False,True,True,True,False,True,False,1,True,正常
2021-06-07,8.32,8.34,8.27,8.3,8.32,4414778.0,36663100.0,0.35,0.84,0.890361,7.39,9.15,7.49,False,True,True,True,False,True,False,3,True,正常
2021-06-08,8.3,8.36,8.27,8.34,8.3,2970302.0,24669100.0,0.23,1.08,0.890887,7.43,9.13,7.47,False,True,True,True,False,True,False,1,True,正常
2021-06-09,8.34,8.39,8.3,8.37,8.34,2725950.0,22766300.0,0.22,1.08,0.891278,7.46,9.17,7.51,False,True,True,True,False,True,False,1,True,正常
2021-06-10,8.38,8.41,8.33,8.39,8.37,2786232.0,23338200.0,0.22,0.96,0.891538,7.48,9.21,7.53,False,True,True,True,False,True,False,1,True,正常
2021-06-11,8.39,8.41,8.31,8.33,8.39,2623400.0,21942400.0,0.21,1.19,0.890756,7.42,9.23,7.55,False,True,True,True,False,True,False,1,True,正常
2021-06-15,8.33,8.34,8.19,8.21,8.33,3020170.0,24838100.0,0.24,1.8,0.88916,7.3,9.16,7.5,False,True,True,True,False,True,False,4,True,正常
2021-06-16,8.21,8.21,8.1,8.11,8.21,3083390.0,25075700.0,0.24,1.34,0.887793,7.2,9.03,7.39,False,True,True,True,False,True,False,1,True,正常
2021-06-17,8.11,8.15,8.05,8.07,8.11,2691000.0,21813900.0,0.21,1.23,0.887237,7.16,8.92,7.3,False,True,True,True,False,True,False,1,True,正常
2021-06-18,8.07,8.11,8.02,8.09,8.07,2303810.0,18584500.0,0.18,1.12,0.887515,7.18,8.88,7.26,False,True,True,True,False,True,False,1,True,正常
2021-06-21,8.11,8.14,8.02,8.06,8.09,3936196.0,31793000.0,0.31,1.48,0.887097,7.15,8.9,7.28,False,True,True,True,False,True,False,3,True,正常
2021-06-22,8.05,8.3,8.05,8.18,8.06,5007159.0,41054900.0,0.4,3.1,0.888753,7.27,8.87,7.25,False,True,True,True,False,True,False,1,True,正常
2021-06-23,8.21,8.23,8.15,8.21,8.18,2963420.0,24297100.0,0.23,0.98,0.88916,7.3,9.0,7.36,False,True,True,True,False,True,False,1,True,正常
2021-06-24,8.24,8.27,8.17,8.25,8.21,2887280.0,23728100.0,0.23,1.22,0.889697,7.34,9.03,7.39,False,True,True,True,False,True,False,1,True,正常
2021-06-25,8.41,8.54,8.38,8.52,8.25,11400511.0,96685700.0,0.9,1.94,0.893192,7.61,9.08,7.42,False,True,True,True,False,True,False,1,True,正常
2021-06-28,8.55,8.67,8.55,8.66,8.52,10428007.0,89836700.0,0.82,1.41,0.894919,7.75,9.37,7.67,False,True,True,True,False,True,False,3,True,正常
2021-06-29,8.51,8.51,8.27,8.29,8.66,8316578.0,69319900.0,0.66,2.77,0.890229,7.38,9.53,7.79,False,True,True,True,False,True,False,1,True,正常
2021-06-30,8.27,8.31,8.21,8.3,8.29,2606477.0,21551900.0,0.21,1.21,0.890361,7.39,9.12,7.46,False,True,True,True,False,True,False,1,True,正常
2021-07-01,8.3,8.32,8.2,8.2,8.3,2869301.0,23652500.0,0.23,1.45,0.889024,7.29,9.13,7.47,False,True,True,True,False,True,False,1,True,正常
2021-07-02,8.2,8.28,8.1,8.12,8.2,3210134.0,26241800.0,0.25,2.2,0.887931,7.21,9.02,7.38,False,True,True,True,False,True,False,1,True,正常
2021-07-05,8.1,8.18,8.08,8.14,8.12,2306531.0,18749100.0,0.18,1.23,0.888206,7.23,8.93,7.31,False,True,True,True,False,True,False,3,True,正常
2021-07-06,8.12,8.17,8.08,8.16,8.14,2210142.0,17979900.0,0.17,1.11,0.88848,7.25,8.95,7.33,False,True,True,True,False,True,False,1,True,正常
2021-07-07,8.13,8.21,8.13,8.18,8.16,1912570.0,15639800.0,0.15,0.98,0.888753,7.27,8.98,7.34,False,True,True,True,False,True,False,1,True,正常
2021-07-08,8.18,8.19,8.1,8.11,8.18,2768238.0,22492400.0,0.22,1.1,0.887793,7.2,9.0,7.36,False,True,True,True,False,True,False,1,True,正常
2021-07-09,8.12,8.27,8.09,8.25,8.11,3027446.0,24714700.0,0.24,2.22,0.889697,7.34,8.92,7.3,False,True,True,True,False,True,False,1,True,正常
2021-07-12,8.31,8.38,8.25,8.27,8.25,3633032.0,30121000.0,0.29,1.58,0.889964,7.36,9.08,7.42,False,True,True,True,False,True,False,3,True,正常
2021-07-13,8.28,8.29,8.21,8.27,8.27,2469540.0,20364500.0,0.19,0.97,0.889964,7.36,9.1,7.44,False,True,True,True,False,True,False,1,True,正常
2021-07-14,8.26,8.27,8.17,8.18,8.27,2869804.0,23545100.000000004,0.23,1.21,0.888753,7.27,9.1,7.44,False,True,True,True,False,True,False,1,True,正常
2021-07-15,8.17,8.18,8.08,8.18,8.18,2457824.0,19980000.0,0.19,1.22,0.888753,7.27,9.0,7.36,False,True,True,True,False,True,False,1,True,正常
2021-07-16,8.16,8.2,8.12,8.17,8.18,1953140.0,15932300.0,0.15,0.98,0.888617,7.26,9.0,7.36,False,True,True,True,False,True,False,1,True,正常
2021-07-19,8.15,8.22,8.13,8.2,8.17,1906200.0,15570400.0,0.15,1.1,0.889024,7.29,8.99,7.35,False,True,True,True,False,True,False,3,True,正常
2021-07-20,8.18,8.18,8.13,8.16,8.2,1742270.0,14188800.000000002,0.14,0.61,0.88848,7.25,9.02,7.38,False,True,True,True,False,True,False,1,True,正常
2021-07-21,8.14,8.22,8.14,8.18,8.16,2618975.0,21423500.0,0.21,0.98,0.888753,7.27,8.98,7.34,False,True,True,True,False,True,False,1,True,正常
2021-07-22,8.19,8.29,8.14,8.29,8.18,5671838.0,46655700.0,0.45,1.83,0.890229,7.38,9.0,7.36,False,True,True,True,False,True,False,1,True,正常
2021-07-23,8.29,8.37,8.21,8.34,8.29,7077992.999999999,58650900.0,0.56,1.93,0.890887,7.43,9.12,7.46,False,True,True,True,False,True,False,1,True,正常
2021-07-26,8.34,8.34,8.09,8.14,8.34,5394158.0,44194399.99999999,0.43,3.0,0.888206,7.23,9.17,7.51,False,True,True,True,False,True,False,3,True,正常
2021-07-27,8.13,8.16,7.97,7.98,8.14,4566310.0,36776500.0,0.36,2.33,0.885965,7.07,8.95,7.33,False,True,True,True,False,True,False,1,True,正常
2021-07-28,7.98,7.98,7.63,7.71,7.98,4824127.0,37341800.0,0.38,4.39,0.881971,6.8,8.78,7.18,False,True,True,True,False,True,False,1,True,正常
2021-07-29,7.75,7.83,7.71,7.74,7.71,2166346.0,16824600.0,0.17,1.56,0.882429,6.83,8.48,6.94,False,True,True,True,False,True,False,1,True,正常
2021-07-30,7.73,7.73,7.62,7.68,7.74,3524605.0000000005,27010900.0,0.28,1.42,0.88151,6.77,8.51,6.97,False,True,True,True,False,True,False,1,True,正常
2021-08-02,7.63,7.78,7.45,7.72,7.68,5593349.0,42573800.0,0.44,4.3,0.882124,6.81,8.45,6.91,False,True,True,True,False,True,False,3,True,正常
2021-08-03,7.73,7.85,7.68,7.78,7.72,3478051.9999999995,27033700.0,0.27,2.2,0.883033,6.87,8.49,6.95,False,True,True,True,False,True,False,1,True,正常
2021-08-04,7.8,7.8,7.65,7.68,7.78,3749819.0,28843000.0,0.3,1.93,0.88151,6.77,8.56,7.0,False,True,True,True,False,True,False,1,True,正常
2021-08-05,7.66,7.68,7.55,7.59,7.68,4693414.0,35733400.0,0.37,1.69,0.880105,6.68,8.45,6.91,False,True,True,True,False,True,False,1,True,正常
2021-08-06,7.59,7.62,7.53,7.57,7.59,2462495.0,18606500.0,0.19,1.19,0.879789,6.66,8.35,6.83,False,True,True,True,False,True,False,1,True,正常
2021-08-09,7.52,7.68,7.51,7.68,7.57,2839455.0,21607200.0,0.22,2.25,0.88151,6.77,8.33,6.81,False,True,True,True,False,True,False,3,True,正常
2021-08-10,7.65,7.67,7.61,7.64,7.68,2771720.0,21161800.0,0.22,0.78,0.88089,6.73,8.45,6.91,False,True,True,True,False,True,False,1,True,正常
2021-08-11,7.68,7.75,7.65,7.72,7.64,3234773.0,24954800.0,0.26,1.31,0.882124,6.81,8.4,6.88,False,True,True,True,False,True,False,1,True,正常
2021-08-12,7.72,7.76,7.68,7.73,7.72,2756360.0,21312100.0,0.22,1.04,0.882277,6.82,8.49,6.95,False,True,True,True,False,True,False,1,True,正常
2021-08-13,7.73,7.8,7.7,7.74,7.73,3065330.0,23731600.0,0.24,1.29,0.882429,6.83,8.5,6.96,False,True,True,True,False,True,False,1,True,正常
2021-08-16,7.71,7.79,7.66,7.78,7.74,2922990.0,22628400.0,0.23,1.68,0.883033,6.87,8.51,6.97,False,True,True,True,False,True,False,3,True,正常
2021-08-17,7.77,7.78,7.59,7.6,7.78,3606910.0,27736500.0,0.28,2.44,0.880263,6.69,8.56,7.0,False,True,True,True,False,True,False,1,True,正常
2021-08-18,7.58,7.64,7.56,7.63,7.6,2290657.0,17419100.0,0.18,1.05,0.880734,6.72,8.36,6.84,False,True,True,True,False,True,False,1,True,正常
2021-08-19,7.62,7.62,7.57,7.59,7.63,2095341.0,15906700.0,0.17,0.66,0.880105,6.68,8.39,6.87,False,True,True,True,False,True,False,1,True,正常
2021-08-20,7.59,7.6,7.49,7.54,7.59,3217367.0,24181400.0,0.25,1.45,0.87931,6.63,8.35,6.83,False,True,True,True,False,True,False,1,True,正常
2021-08-23,7.55,7.65,7.55,7.64,7.54,2379800.0,18063100.0,0.19,1.33,0.88089,6.73,8.29,6.79,False,True,True,True,False,True,False,3,True,正常
2021-08-24,7.61,7.68,7.6,7.66,7.64,3429622.0,26225500.0,0.27,1.05,0.881201,6.75,8.4,6.88,False,True,True,True,False,True,False,1,True,正常
2021-08-25,7.64,7.69,7.6,7.68,7.66,2810223.0,21478100.0,0.22,1.17,0.88151,6.77,8.43,6.89,False,True,True,True,False,True,False,1,True,正常
2021-08-26,7.66,7.79,7.63,7.72,7.68,4523977.0,35027700.0,0.36,2.08,0.882124,6.81,8.45,6.91,False,True,True,True,False,True,False,1,True,正常
2021-08-27,7.72,7.85,7.71,7.84,7.72,5185375.0,40370700.0,0.41,1.81,0.883929,6.93,8.49,6.95,False,True,True,True,False,True,False,1,True,正常
2021-08-30,7.93,7.93,7.72,7.74,7.84,4981060.0,38856600.0,0.39,2.68,0.882429,6.83,8.62,7.06,False,True,True,True,False,True,False,3,True,正常
2021-08-31,7.72,7.79,7.72,7.79,7.74,2745154.0,21296000.0,0.22,0.9,0.883184,6.88,8.51,6.97,False,True,True,True,False,True,False,1,True,正常
2021-09-01,7.79,8.23,7.79,8.18,7.79,11462215.0,91868200.0,0.9,5.65,0.888753,7.27,8.57,7.01,False,True,True,True,False,True,False,1,True,正常
2021-09-02,8.32,8.32,8.06,8.19,8.18,10718141.0,87718000.0,0.85,3.18,0.888889,7.28,9.0,7.36,False,True,True,True,False,True,False,1,True,正常
2021-09-03,8.3,8.48,8.21,8.28,8.19,13374804.999999998,111439500.0,1.06,3.3,0.890097,7.37,9.01,7.37,False,True,True,True,False,True,False,1,True,正常
2021-09-06,8.23,8.29,8.13,8.22,8.28,7841973.0,64406899.99999999,0.62,1.93,0.889294,7.31,9.11,7.45,False,True,True,True,False,True,False,3,True,正常
2021-09-07,8.24,8.35,8.23,8.28,8.22,5803879.0,48037700.00000001,0.46,1.46,0.890097,7.37,9.04,7.4,False,True,True,True,False,True,False,1,True,正常
2021-09-08,8.26,8.32,8.21,8.3,8.28,6734108.0,55772000.0,0.53,1.33,0.890361,7.39,9.11,7.45,False,True,True,True,False,True,False,1,True,正常
2021-09-09,8.28,8.65,8.26,8.63,8.3,15670401.999999998,133425800.0,1.24,4.7,0.894554,7.72,9.13,7.47,False,True,True,True,False,True,False,1,True,正常
2021-09-10,8.63,8.69,8.4,8.48,8.63,9425327.0,80577900.0,0.74,3.36,0.892689,7.57,9.49,7.77,False,True,True,True,False,True,False,1,True,正常
2021-09-13,8.58,8.73,8.52,8.62,8.48,8857106.0,76627200.0,0.7,2.48,0.894432,7.71,9.33,7.63,False,True,True,True,False,True,False,3,True,正常
2021-09-14,8.6,8.69,8.38,8.43,8.62,7817664.0,66487500.0,0.62,3.6,0.892052,7.52,9.48,7.76,False,True,True,True,False,True,False,1,True,正常
2021-09-15,8.39,8.54,8.32,8.46,8.43,4113060.0,34775200.0,0.32,2.61,0.892435,7.55,9.27,7.59,False,True,True,True,False,True,False,1,True,正常
2021-09-16,8.42,8.54,8.26,8.29,8.46,5671580.0,47552299.99999999,0.45,3.31,0.890229,7.38,9.31,7.61,False,True,True,True,False,True,False,1,True,正常
2021-09-17,8.28,8.33,8.12,8.24,8.29,4953090.0,40695800.0,0.39,2.53,0.889563,7.33,9.12,7.46,False,True,True,True,False,True,False,1,True,正常
2021-09-22,8.12,8.45,8.04,8.39,8.24,5209155.0,43268200.0,0.41,4.98,0.891538,7.48,9.06,7.42,False,True,True,True,False,True,False,5,True,正常
2021-09-23,8.44,8.5,8.31,8.37,8.39,4404517.0,36875800.0,0.35,2.26,0.891278,7.46,9.23,7.55,False,True,True,True,False,True,False,1,True,正常
2021-09-24,8.33,8.4,8.13,8.18,8.37,5107712.0,42123300.0,0.4,3.23,0.888753,7.27,9.21,7.53,False,True,True,True,False,True,False,1,True,正常
2021-09-27,8.18,8.22,7.92,7.98,8.18,4694330.0,37768800.0,0.37,3.67,0.885965,7.07,9.0,7.36,False,True,True,True,False,True,False,3,True,正常
2021-09-28,7.97,8.15,7.95,8.13,7.98,2694541.0,21750800.0,0.21,2.51,0.888069,7.22,8.78,7.18,False,True,True,True,False,True,False,1,True,正常
2021-09-29,8.08,8.18,8.0,8.01,8.13,3344019.9999999995,27005600.0,0.26,2.21,0.886392,7.1,8.94,7.32,False,True,True,True,False,True,False,1,True,正常
2021-09-30,8.03,8.15,8.0,8.03,8.01,1793040.0000000002,14436400.000000002,0.14,1.87,0.886675,7.12,8.81,7.21,False,True,True,True,False,True,False,1,True,正常
2021-10-08,8.14,8.16,8.08,8.15,8.03,2385779.0,19389300.0,0.19,1.0,0.888344,7.24,8.83,7.23,False,True,True,True,False,True,False,8,True,正常
2021-10-11,8.17,8.21,8.1,8.15,8.15,2355508.0,19173600.0,0.19,1.35,0.888344,7.24,8.97,7.34,False,True,True,True,False,True,False,3,True,正常
2021-10-12,8.13,8.13,8.02,8.05,8.15,2618430.0,21094000.0,0.21,1.35,0.886957,7.14,8.97,7.34,False,True,True,True,False,True,False,1,True,正常
2021-10-13,8.09,8.19,8.03,8.16,8.05,2327493.0,18852000.0,0.18,1.99,0.88848,7.25,8.86,7.25,False,True,True,True,False,True,False,1,True,正常
2021-10-14,8.16,8.16,8.07,8.12,8.16,1181779.0,9591900.0,0.09,1.1,0.887931,7.21,8.98,7.34,False,True,True,True,False,True,False,1,True,正常
2021-10-15,8.16,8.19,8.07,8.07,8.12,2287759.0,18551800.0,0.18,1.48,0.887237,7.16,8.93,7.31,False,True,True,True,False,True,False,1,True,正常
2021-10-18,8.07,8.13,8.05,8.1,8.07,1887608.0,15264500.0,0.15,0.99,0.887654,7.19,8.88,7.26,False,True,True,True,False,True,False,3,True,正常
2021-10-19,8.07,8.15,8.07,8.1,8.1,1489539.0,12059200.0,0.12,0.99,0.887654,7.19,8.91,7.29,False,True,True,True,False,True,False,1,True,正常
2021-10-20,8.1,8.11,8.03,8.05,8.1,1574650.0,12689500.0,0.12,0.99,0.886957,7.14,8.91,7.29,False,True,True,True,False,True,False,1,True,正常
2021-10-21,8.04,8.07,7.94,7.94,8.05,2372200.0,19006000.0,0.19,1.61,0.88539,7.03,8.86,7.25,False,True,True,True,False,True,False,1,True,正常
2021-10-22,7.98,7.99,7.76,7.79,7.94,3223003.0,25238200.0,0.25,2.9,0.883184,6.88,8.73,7.15,False,True,True,True,False,True,False,1,True,正常
2021-10-25,7.81,7.82,7.68,7.77,7.79,1261330.0,9796900.0,0.1,1.8,0.882883,6.86,8.57,7.01,False,True,True,True,False,True,False,3,True,正常
2021-10-26,7.78,7.83,7.73,7.76,7.77,1299863.0,10097700.0,0.1,1.29,0.882732,6.85,8.55,6.99,False,True,True,True,False,True,False,1,True,正常
2021-10-27,7.76,7.76,7.65,7.68,7.76,2104723.0,16178900.000000002,0.17,1.42,0.88151,6.77,8.54,6.98,False,True,True,True,False,True,False,1,True,正常
2021-10-28,7.63,7.65,7.37,7.39,7.68,5339941.0,39848900.0,0.42,3.65,0.876861,6.48,8.45,6.91,False,True,True,True,False,True,False,1,True,正常
2021-10-29,7.4,7.47,7.36,7.45,7.39,2900284.0,21504700.0,0.23,1.49,0.877852,6.54,8.13,6.65,False,True,True,True,False,True,False,1,True,正常
2021-11-01,7.45,7.5,7.39,7.48,7.45,2038386.0,15212400.0,0.16,1.48,0.878342,6.57,8.2,6.7,False,True,True,True,False,True,False,3,True,正常
2021-11-02,7.49,7.5,7.3,7.37,7.48,2107310.0,15565800.0,0.17,2.67,0.876526,6.46,8.23,6.73,False,True,True,True,False,True,False,1,True,正常
2021-11-03,7.33,7.44,7.32,7.42,7.37,1444638.0,10682700.0,0.11,1.63,0.877358,6.51,8.11,6.63,False,True,True,True,False,True,False,1,True,正常
2021-11-04,7.63,7.75,7.5,7.55,7.42,4388065.0,33299100.0,0.35,3.37,0.87947,6.64,8.16,6.68,False,True,True,True,False,True,False,1,True,正常
2021-11-05,7.56,7.63,7.5,7.54,7.55,2476713.0,18709100.0,0.2,1.72,0.87931,6.63,8.3,6.8,False,True,True,True,False,True,False,1,True,正常
2021-11-08,7.54,7.59,7.52,7.57,7.54,2445132.0,18506600.0,0.19,0.93,0.879789,6.66,8.29,6.79,False,True,True,True,False,True,False,3,True,正常
2021-11-09,7.58,7.58,7.51,7.54,7.57,1725114.0,12986400.000000002,0.14,0.92,0.87931,6.63,8.33,6.81,False,True,True,True,False,True,False,1,True,正常
2021-11-10,7.54,7.55,7.42,7.52,7.54,2742063.0,20507800.000000004,0.22,1.72,0.878989,6.61,8.29,6.79,False,True,True,True,False,True,False,1,True,正常
2021-11-11,7.52,7.62,7.5,7.62,7.52,3211810.0,24290000.0,0.25,1.6,0.880577,6.71,8.27,6.77,False,True,True,True,False,True,False,1,True,正常
2021-11-12,7.62,7.62,7.51,7.59,7.62,2412290.0,18235400.0,0.19,1.44,0.880105,6.68,8.38,6.86,False,True,True,True,False,True,False,1,True,正常
2021-11-15,7.65,7.8,7.62,7.78,7.59,4934354.0,38127400.0,0.39,2.37,0.883033,6.87,8.35,6.83,False,True,True,True,False,True,False,3,True,正常
2021-11-16,7.78,7.79,7.71,7.73,7.78,2503247.0,19386500.0,0.2,1.03,0.882277,6.82,8.56,7.0,False,True,True,True,False,True,False,1,True,正常
2021-11-17,7.78,7.78,7.7,7.74,7.73,1820300.0,14070900.0,0.14,1.03,0.882429,6.83,8.5,6.96,False,True,True,True,False,True,False,1,True,正常
2021-11-18,7.73,7.74,7.66,7.69,7.74,2108310.0,16204400.0,0.17,1.03,0.881664,6.78,8.51,6.97,False,True,True,True,False,True,False,1,True,正常
2021-11-19,7.81,7.89,7.65,7.88,7.69,4862435.0,37875900.0,0.38,3.12,0.884518,6.97,8.46,6.92,False,True,True,True,False,True,False,1,True,正常
2021-11-22,7.89,8.09,7.82,7.95,7.88,8041257.000000001,63869500.0,0.63,3.43,0.885535,7.04,8.67,7.09,False,True,True,True,False,True,False,3,True,正常
2021-11-23,7.85,7.9,7.78,7.86,7.95,4752294.0,37264900.0,0.38,1.51,0.884224,6.95,8.75,7.16,False,True,True,True,False,True,False,1,True,正常
2021-11-24,7.87,7.89,7.81,7.82,7.86,2278764.0,17861300.0,0.18,1.02,0.883632,6.91,8.65,7.07,False,True,True,True,False,True,False,1,True,正常
2021-11-25,7.81,7.85,7.79,7.81,7.82,1908347.0,14905600.0,0.15,0.77,0.883483,6.9,8.6,7.04,False,True,True,True,False,True,False,1,True,正常
2021-11-26,7.81,7.81,7.74,7.76,7.81,1950001.0,15149100.0,0.15,0.9,0.882732,6.85,8.59,7.03,False,True,True,True,False,True,False,1,True,正常
2021-11-29,7.68,7.68,7.58,7.64,7.76,3043330.0,23186300.0,0.24,1.29,0.88089,6.73,8.54,6.98,False,True,True,True,False,True,False,3,True,正常
2021-11-30,7.69,7.7,7.63,7.68,7.64,1966524.0,15076000.0,0.16,0.92,0.88151,6.77,8.4,6.88,False,True,True,True,False,True,False,1,True,正常
2021-12-01,7.65,7.75,7.65,7.74,7.68,2207352.0,17050400.0,0.17,1.3,0.882429,6.83,8.45,6.91,False,True,True,True,False,True,False,1,True,正常
2021-12-02,7.74,7.86,7.51,7.77,7.74,3832921.0,29822500.0,0.3,4.52,0.882883,6.86,8.51,6.97,False,True,True,True,False,True,False,1,True,正常
2021-12-03,7.9,8.3,7.9,8.0,7.77,11286748.0,91152900.0,0.89,5.15,0.88625,7.09,8.55,6.99,False,True,True,True,False,True,False,1,True,正常
2021-12-06,7.97,8.01,7.81,7.82,8.0,6185843.0,48948900.0,0.49,2.5,0.883632,6.91,8.8,7.2,False,True,True,True,False,True,False,3,True,正常
2021-12-07,7.85,7.91,7.79,7.9,7.82,3334916.0000000005,26209700.0,0.26,1.53,0.88481,6.99,8.6,7.04,False,True,True,True,False,True,False,1,True,正常
2021-12-08,7.9,7.94,7.82,7.89,7.9,2539050.0,19981500.0,0.2,1.52,0.884664,6.98,8.69,7.11,False,True,True,True,False,True,False,1,True,正常
2021-12-09,7.89,7.94,7.86,7.9,7.89,2634200.0,20826800.0,0.21,1.01,0.88481,6.99,8.68,7.1,False,True,True,True,False,True,False,1,True,正常
2021-12-10,7.91,7.91,7.84,7.86,7.9,2322880.0,18263900.0,0.18,0.89,0.884224,6.95,8.69,7.11,False,True,True,True,False,True,False,1,True,正常
2021-12-13,7.88,7.92,7.79,7.84,7.86,3182880.0,24941000.0,0.25,1.65,0.883929,6.93,8.65,7.07,False,True,True,True,False,True,False,3,True,正常
2021-12-14,7.85,7.94,7.8,7.92,7.84,4105890.0,32398500.0,0.32,1.79,0.885101,7.01,8.62,7.06,False,True,True,True,False,True,False,1,True,正常
2021-12-15,8.14,8.21,8.01,8.14,7.92,12314675.0,99899800.0,0.97,2.53,0.888206,7.23,8.71,7.13,False,True,True,True,False,True,False,1,True,正常
2021-12-16,8.05,8.25,7.97,8.13,8.14,6978303.0,56475300.0,0.55,3.44,0.888069,7.22,8.95,7.33,False,True,True,True,False,True,False,1,True,正常
2021-12-17,8.15,8.18,8.04,8.07,8.13,3815285.0,30919700.0,0.3,1.72,0.887237,7.16,8.94,7.32,False,True,True,True,False,True,False,1,True,正常
2021-12-20,8.15,8.15,7.94,8.08,8.07,5237074.0,42064700.0,0.41,2.6,0.887376,7.17,8.88,7.26,False,True,True,True,False,True,False,3,True,正常
2021-12-21,8.06,8.15,8.03,8.13,8.08,4516900.0,36633300.0,0.36,1.49,0.888069,7.22,8.89,7.27,False,True,True,True,False,True,False,1,True,正常
2021-12-22,8.18,8.18,8.05,8.08,8.13,3293250.0,26663500.0,0.26,1.6,0.887376,7.17,8.94,7.32,False,True,True,True,False,True,False,1,True,正常
2021-12-23,8.05,8.11,7.96,8.0,8.08,4005760.0,32117100.0,0.32,1.86,0.88625,7.09,8.89,7.27,False,True,True,True,False,True,False,1,True,正常
2021-12-24,8.01,8.08,7.93,7.98,8.0,3365930.0000000005,26843900.0,0.27,1.88,0.885965,7.07,8.8,7.2,False,True,True,True,False,True,False,1,True,正常
2021-12-27,7.99,8.03,7.93,8.01,7.98,2332403.0,18641300.0,0.18,1.25,0.886392,7.1,8.78,7.18,False,True,True,True,False,True,False,3,True,正常
2021-12-28,8.03,8.06,7.93,8.05,8.01,3632653.0,29091100.0,0.29,1.62,0.886957,7.14,8.81,7.21,False,True,True,True,False,True,False,1,True,正常
2021-12-29,8.07,8.14,8.03,8.06,8.05,4422110.0,35769600.0,0.35,1.37,0.887097,7.15,8.86,7.25,False,True,True,True,False,True,False,1,True,正常
2021-12-30,8.1,8.12,8.03,8.05,8.06,4549240.0,36737700.0,0.36,1.12,0.886957,7.14,8.87,7.25,False,True,True,True,False,True,False,1,True,正常
2021-12-31,8.07,8.1,8.0,8.04,8.05,4828400.0,38842200.0,0.38,1.24,0.886816,7.13,8.86,7.25,False,True,True,True,False,True,False,1,True,正常
2022-01-04,8.1,8.28,8.1,8.24,8.04,9858854.0,81103200.0,0.78,2.24,0.889563,7.33,8.84,7.24,False,True,True,True,False,True,False,4,True,正常
2022-01-05,8.2,8.4,8.15,8.18,8.24,9149909.0,75683900.0,0.72,3.03,0.888753,7.27,9.06,7.42,False,True,True,True,False,True,False,1,True,正常
2022-01-06,8.19,8.26,8.15,8.19,8.18,5617637.0,46109000.0,0.44,1.34,0.888889,7.28,9.0,7.36,False,True,True,True,False,True,False,1,True,正常
2022-01-07,8.22,8.28,8.15,8.22,8.19,6248493.0,51392299.99999999,0.49,1.59,0.889294,7.31,9.01,7.37,False,True,True,True,False,True,False,1,True,正常
2022-01-10,8.25,8.25,8.12,8.23,8.22,4251351.0,34781100.0,0.34,1.58,0.889429,7.32,9.04,7.4,False,True,True,True,False,True,False,3,True,正常
2022-01-11,8.23,8.39,8.16,8.3,8.23,5600020.0,46360200.00000001,0.44,2.79,0.890361,7.39,9.05,7.41,False,True,True,True,False,True,False,1,True,正常
2022-01-12,8.28,8.32,8.22,8.26,8.3,4005300.0,33049800.0,0.32,1.2,0.889831,7.35,9.13,7.47,False,True,True,True,False,True,False,1,True,正常
2022-01-13,8.22,8.28,8.16,8.17,8.26,4722442.0,38844100.0,0.37,1.45,0.888617,7.26,9.09,7.43,False,True,True,True,False,True,False,1,True,正常
2022-01-14,8.17,8.18,8.0,8.02,8.17,5814639.0,47039600.0,0.46,2.2,0.886534,7.11,8.99,7.35,False,True,True,True,False,True,False,1,True,正常
2022-01-17,7.99,8.08,7.99,8.02,8.02,4223427.0,33887400.0,0.33,1.12,0.886534,7.11,8.82,7.22,False,True,True,True,False,True,False,3,True,正常
2022-01-18,8.0,8.09,7.98,8.03,8.02,2719349.0,21808600.0,0.21,1.37,0.886675,7.12,8.82,7.22,False,True,True,True,False,True,False,1,True,正常
2022-01-19,8.02,8.07,7.99,8.01,8.03,2527236.0,20280200.0,0.2,1.0,0.886392,7.1,8.83,7.23,False,True,True,True,False,True,False,1,True,正常
2022-01-20,8.01,8.04,7.91,7.94,8.01,3193725.0,25449900.0,0.25,1.62,0.88539,7.03,8.81,7.21,False,True,True,True,False,True,False,1,True,正常
2022-01-21,7.93,7.94,7.7,7.74,7.94,5830247.0,45435200.00000001,0.46,3.02,0.882429,6.83,8.73,7.15,False,True,True,True,False,True,False,1,True,正常
2022-01-24,7.7,7.78,7.61,7.64,7.74,5226853.0,40149400.0,0.41,2.2,0.88089,6.73,8.51,6.97,False,True,True,True,False,True,False,3,True,正常
2022-01-25,7.66,7.69,7.37,7.38,7.64,8183853.0,61222400.0,0.65,4.19,0.876694,6.47,8.4,6.88,False,True,True,True,False,True,False,1,True,正常
2022-01-26,7.42,7.46,7.36,7.43,7.38,4026497.0,29867100.0,0.32,1.36,0.877524,6.52,8.12,6.64,False,True,True,True,False,True,False,1,True,正常
2022-01-27,7.45,7.53,7.4,7.51,7.43,6155470.0,45966300.0,0.49,1.75,0.878828,6.6,8.17,6.69,False,True,True,True,False,True,False,1,True,正常
2022-01-28,7.51,7.83,7.48,7.79,7.51,10387670.0,80120700.0,0.82,4.66,0.883184,6.88,8.26,6.76,False,True,True,True,False,True,False,1,True,正常
2022-02-07,7.84,8.15,7.83,8.12,7.79,12051986.0,96866300.0,0.95,4.11,0.887931,7.21,8.57,7.01,False,True,True,True,False,True,False,10,True,正常
2022-02-08,8.08,8.33,8.06,8.29,8.12,11632663.0,95920000.0,0.92,3.33,0.890229,7.38,8.93,7.31,False,True,True,True,False,True,False,1,True,正常
2022-02-09,8.31,8.32,8.2,8.25,8.29,5656802.0,46669300.0,0.45,1.45,0.889697,7.34,9.12,7.46,False,True,True,True,False,True,False,1,True,正常
2022-02-10,8.3,8.39,8.16,8.37,8.25,9207381.0,76647700.0,0.73,2.79,0.891278,7.46,9.08,7.42,False,True,True,True,False,True,False,1,True,正常
2022-02-11,8.3,8.45,8.2,8.32,8.37,7775100.0,64761600.0,0.61,2.99,0.890625,7.41,9.21,7.53,False,True,True,True,False,True,False,1,True,正常
2022-02-14,8.33,8.38,8.09,8.14,8.32,6995312.0,57141300.0,0.55,3.49,0.888206,7.23,9.15,7.49,False,True,True,True,False,True,False,3,True,正常
2022-02-15,8.14,8.18,7.96,8.01,8.14,5257700.0,42215000.0,0.41,2.7,0.886392,7.1,8.95,7.33,False,True,True,True,False,True,False,1,True,正常
2022-02-16,8.04,8.11,8.0,8.04,8.01,3974358.0,31966000.0,0.31,1.37,0.886816,7.13,8.81,7.21,False,True,True,True,False,True,False,1,True,正常
2022-02-17,8.04,8.1,7.94,7.97,8.04,4426437.0,35430400.0,0.35,1.99,0.885822,7.06,8.84,7.24,False,True,True,True,False,True,False,1,True,正常
2022-02-18,7.95,8.09,7.9,8.09,7.97,4172931.0,33530000.0,0.33,2.38,0.887515,7.18,8.77,7.17,False,True,True,True,False,True,False,1,True,正常
2022-02-21,8.07,8.17,8.01,8.13,8.09,4323063.0,35013700.0,0.34,1.98,0.888069,7.22,8.9,7.28,False,True,True,True,False,True,False,3,True,正常
2022-02-22,8.09,8.12,7.97,8.01,8.13,4179125.0,33552500.0,0.33,1.85,0.886392,7.1,8.94,7.32,False,True,True,True,False,True,False,1,True,正常
2022-02-23,8.04,8.04,7.99,8.01,8.01,3351660.0,26850200.0,0.26,0.62,0.886392,7.1,8.81,7.21,False,True,True,True,False,True,False,1,True,正常
2022-02-24,7.99,8.0,7.65,7.75,8.01,7272147.0,56819100.0,0.57,4.37,0.882581,6.84,8.81,7.21,False,True,True,True,False,True,False,1,True,正常
2022-02-25,7.79,7.94,7.79,7.86,7.75,4947315.0,38953000.0,0.39,1.94,0.884224,6.95,8.52,6.98,False,True,True,True,False,True,False,1,True,正常
2022-02-28,7.96,8.08,7.8,7.87,7.86,4395539.0,34656800.0,0.35,3.56,0.884371,6.96,8.65,7.07,False,True,True,True,False,True,False,3,True,正常
2022-03-01,7.85,8.05,7.83,7.89,7.87,5728032.0,45291899.99999999,0.45,2.8,0.884664,6.98,8.66,7.08,False,True,True,True,False,True,False,1,True,正常
2022-03-02,7.81,8.2,7.79,8.14,7.89,13658185.0,110444000.0,1.08,5.2,0.888206,7.23,8.68,7.1,False,True,True,True,False,True,False,1,True,正常
2022-03-03,8.16,8.34,8.11,8.33,8.14,13676579.0,112867800.0,1.08,2.83,0.890756,7.42,8.95,7.33,False,True,True,True,False,True,False,1,True,正常
2022-03-04,8.28,8.28,8.05,8.06,8.33,9459986.0,76704400.0,0.75,2.76,0.887097,7.15,9.16,7.5,False,True,True,True,False,True,False,1,True,正常
2022-03-07,8.02,8.1,7.85,7.86,8.06,7159836.0,56778400.0,0.56,3.1,0.884224,6.95,8.87,7.25,False,True,True,True,False,True,False,3,True,正常
2022-03-08,7.86,7.89,7.53,7.56,7.86,7447970.0,57178300.0,0.59,4.58,0.87963,6.65,8.65,7.07,False,True,True,True,False,True,False,1,True,正常
2022-03-09,7.59,7.68,7.1,7.35,7.56,10060953.0,74257500.0,0.79,7.67,0.87619,6.44,8.32,6.8,False,True,True,True,False,True,False,1,True,正常
2022-03-10,7.45,7.49,7.36,7.42,7.35,5484994.0,40697800.0,0.43,1.77,0.877358,6.51,8.09,6.62,False,True,True,True,False,True,False,1,True,正常
2022-03-11,7.37,7.54,7.15,7.52,7.42,5219176.0,38523800.0,0.41,5.26,0.878989,6.61,8.16,6.68,False,True,True,True,False,True,False,1,True,正常
2022-03-14,7.57,7.65,7.39,7.42,7.52,4882738.0,36779200.0,0.38,3.46,0.877358,6.51,8.27,6.77,False,True,True,True,False,True,False,3,True,正常
2022-03-15,7.36,7.38,7.02,7.04,7.42,6404387.0,46028000.0,0.5,4.85,0.870739,6.13,8.16,6.68,False,True,True,True,False,True,False,1,True,正常
2022-03-16,7.11,7.2,6.87,7.2,7.04,5234369.0,37022600.0,0.41,4.69,0.873611,6.29,7.74,6.34,False,True,True,True,False,True,False,1,True,正常
2022-03-17,7.26,7.28,7.16,7.2,7.2,4301699.0,31067600.000000004,0.34,1.67,0.873611,6.29,7.92,6.48,False,True,True,True,False,True,False,1,True,正常
2022-03-18,7.16,7.32,7.12,7.3,7.2,3682890.0,26769200.0,0.29,2.78,0.875342,6.39,7.92,6.48,False,True,True,True,False,True,False,1,True,正常
2022-03-21,7.45,7.91,7.45,7.71,7.3,12484872.0,96169600.0,0.98,6.3,0.881971,6.8,8.03,6.57,False,True,True,True,False,True,False,3,True,正常
2022-03-22,7.64,7.67,7.49,7.51,7.71,6976497.0,52720700.0,0.55,2.33,0.878828,6.6,8.48,6.94,False,True,True,True,False,True,False,1,True,正常
2022-03-23,7.54,7.56,7.42,7.5,7.51,3417118.0,25625800.0,0.27,1.86,0.878667,6.59,8.26,6.76,False,True,True,True,False,True,False,1,True,正常
2022-03-24,8.25,8.25,7.77,7.78,7.5,31367093.0,254160600.0,2.47,6.4,0.883033,6.87,8.25,6.75,False,True,True,True,False,True,False,1,True,正常
2022-03-25,7.46,7.68,7.38,7.45,7.78,19555563.0,146697400.0,1.54,3.86,0.877852,6.54,8.56,7.0,False,True,True,True,False,True,False,1,True,正常
2022-03-28,7.41,7.54,7.28,7.48,7.45,8960661.0,66503700.0,0.71,3.49,0.878342,6.57,8.2,6.7,False,True,True,True,False,True,False,3,True,正常
2022-03-29,7.47,7.5,7.37,7.4,7.48,4904978.0,36377900.0,0.39,1.74,0.877027,6.49,8.23,6.73,False,True,True,True,False,True,False,1,True,正常
2022-03-30,7.45,7.45,7.35,7.42,7.4,5523178.0,40883700.0,0.44,1.35,0.877358,6.51,8.14,6.66,False,True,True,True,False,True,False,1,True,正常
2022-03-31,7.45,7.55,7.38,7.49,7.42,6127320.0,45875900.0,0.48,2.29,0.878505,6.58,8.16,6.68,False,True,True,True,False,True,False,1,True,正常
2022-04-01,7.42,7.71,7.42,7.7,7.49,10158600.0,77560500.0,0.8,3.87,0.881818,6.79,8.24,6.74,False,True,True,True,False,True,False,1,True,正常
2022-04-06,7.68,7.83,7.64,7.81,7.7,7791700.0,60394300.0,0.61,2.47,0.883483,6.9,8.47,6.93,False,True,True,True,False,True,False,5,True,正常
2022-04-07,7.74,8.59,7.62,8.59,7.81,12818100.0,102042000.0,1.01,12.42,0.894063,7.68,8.59,7.03,False,True,True,True,False,True,False,1,True,正常
2022-04-08,8.82,9.45,8.34,9.45,8.59,77515400.0,695288300.0,6.11,12.92,0.903704,8.54,9.45,7.73,False,True,True,True,False,True,False,1,True,正常
2022-04-11,9.05,10.4,8.96,10.4,9.45,103938200.0,1058112000.0,8.19,15.24,0.9125,9.49,10.4,8.5,False,True,True,True,False,True,False,3,True,正常
2022-04-12,10.55,11.44,9.96,11.44,10.4,148296300.0,1601846600.0,11.69,14.23,0.920455,10.53,11.44,9.36,False,True,True,True,False,True,False,1,True,正常
2022-04-13,12.58,12.58,10.83,11.85,11.44,192706200.0,2396196000.0,15.19,15.3,0.923207,10.94,12.58,10.3,False,True,True,True,False,True,False,1,True,正常
2022-04-14,10.67,10.67,10.67,10.67,11.85,11004300.0,117415900.0,0.87,0.0,0.914714,9.76,13.04,10.66,False,True,True,True,False,True,False,1,True,正常
2022-04-15,9.6,9.6,9.6,9.6,10.67,5366200.0,51515500.0,0.41,0.0,0.905208,8.69,11.74,9.6,False,True,True,True,False,True,False,1,True,正常
2022-04-18,8.64,9.26,8.64,8.86,9.6,193543500.0,1687084600.0,14.61,6.46,0.897291,7.95,10.56,8.64,False,True,True,True,False,True,False,3,True,正常
2022-04-19,8.49,8.59,8.23,8.27,8.86,115588000.0,969187500.0,8.73,4.06,0.889964,7.36,9.75,7.97,False,True,True,True,False,True,False,1,True,正常
2022-04-20,8.21,8.63,8.09,8.39,8.27,106548800.0,886307200.0,8.05,6.53,0.891538,7.48,9.1,7.44,False,True,True,True,False,True,False,1,True,正常
2022-04-21,8.2,8.21,7.64,7.67,8.39,83341100.0,661080300.0,6.29,6.79,0.881356,6.76,9.23,7.55,False,True,True,True,False,True,False,1,True,正常
2022-04-22,7.69,8.09,7.66,7.88,7.67,69888200.0,551148200.0,5.28,5.61,0.884518,6.97,8.44,6.9,False,True,True,True,False,True,False,1,True,正常
2022-04-25,7.69,7.8,7.2,7.23,7.88,58730900.0,441489700.0,4.43,7.61,0.874136,6.32,8.67,7.09,False,True,True,True,False,True,False,3,True,正常
2022-04-26,7.31,7.45,7.05,7.16,7.23,48430900.0,350894800.00000006,3.66,5.53,0.872905,6.25,7.95,6.51,False,True,True,True,False,True,False,1,True,正常
2022-04-27,7.2,7.55,7.2,7.54,7.16,58066200.0,427354200.0,4.38,4.89,0.87931,6.63,7.88,6.44,False,True,True,True,False,True,False,1,True,正常
2022-04-28,7.53,7.65,7.1,7.36,7.54,64909500.0,477341400.0,4.9,7.29,0.876359,6.45,8.29,6.79,False,True,True,True,False,True,False,1,True,正常
2022-04-29,7.36,7.57,7.28,7.49,7.36,52364100.0,389855900.0,3.95,3.94,0.878505,6.58,8.1,6.62,False,True,True,True,False,True,False,1,True,正常
2022-05-05,7.49,7.98,7.43,7.89,7.49,71341900.0,549048100.0,5.39,7.34,0.884664,6.98,8.24,6.74,False,True,True,True,False,True,False,6,True,正常
2022-05-06,7.62,7.8,7.53,7.63,7.89,48925200.0,373971200.0,3.69,3.42,0.880734,6.72,8.68,7.1,False,True,True,True,False,True,False,1,True,正常
2022-05-09,7.56,7.72,7.51,7.67,7.63,31762400.0,242878600.0,2.4,2.75,0.881356,6.76,8.39,6.87,False,True,True,True,False,True,False,3,True,正常
2022-05-10,7.52,8.06,7.48,7.84,7.67,54722500.0,425289000.0,3.87,7.56,0.883929,6.93,8.44,6.9,False,True,True,True,False,True,False,1,True,正常
2022-05-11,7.8,8.1,7.77,7.9,7.84,65159800.0,514880500.0,4.6,4.21,0.88481,6.99,8.62,7.06,False,True,True,True,False,True,False,1,True,正常
2022-05-12,7.8,8.06,7.77,7.98,7.9,54525600.0,433479300.0,3.85,3.67,0.885965,7.07,8.69,7.11,False,True,True,True,False,True,False,1,True,正常
2022-05-13,7.98,8.13,7.9,8.01,7.98,46535000.0,373265400.0,3.28,2.88,0.886392,7.1,8.78,7.18,False,True,True,True,False,True,False,1,True,正常
2022-05-16,8.01,8.08,7.85,7.96,8.01,39252500.0,312209500.0,2.77,2.87,0.885678,7.05,8.81,7.21,False,True,True,True,False,True,False,3,True,正常
2022-05-17,7.96,7.96,7.5,7.71,7.96,47942900.0,368062600.0,3.38,5.78,0.881971,6.8,8.76,7.16,False,True,True,True,False,True,False,1,True,正常
2022-05-18,7.75,7.8,7.62,7.71,7.71,31283500.0,241875800.00000003,2.21,2.33,0.881971,6.8,8.48,6.94,False,True,True,True,False,True,False,1,True,正常
2022-05-19,7.52,7.67,7.5,7.65,7.71,27485500.0,208603600.0,1.94,2.2,0.881046,6.74,8.48,6.94,False,True,True,True,False,True,False,1,True,正常
2022-05-20,7.53,7.63,7.51,7.59,7.65,28260800.0,213893900.0,1.99,1.57,0.903821,6.86,8.42,6.89,False,True,True,True,False,True,False,1,True,正常
2022-05-23,7.69,8.13,7.64,7.92,7.59,64783000.0,513372200.0,4.57,6.46,0.907828,7.19,8.35,6.83,False,True,True,True,False,True,False,3,True,正常
2022-05-24,7.92,8.03,7.6,7.62,7.92,47606200.0,372528600.0,3.36,5.43,0.904199,6.89,8.71,7.13,False,True,True,True,False,True,False,1,True,正常
2022-05-25,7.75,8.38,7.71,8.38,7.62,99165600.0,816152200.0,7.0,8.79,0.912888,7.65,8.38,6.86,False,True,True,True,False,True,False,1,True,正常
2022-05-26,8.46,8.46,8.13,8.17,8.38,101230300.0,838757800.0,7.14,3.94,0.910649,7.44,9.22,7.54,False,True,True,True,False,True,False,1,True,正常
2022-05-27,8.34,8.36,8.12,8.22,8.17,57763200.0,475275700.0,4.08,2.94,0.911192,7.49,8.99,7.35,False,True,True,True,False,True,False,1,True,正常
2022-05-30,8.16,8.27,8.08,8.2,8.22,39564200.0,322931100.0,2.79,2.31,0.910976,7.47,9.04,7.4,False,True,True,True,False,True,False,3,True,正常
2022-05-31,8.16,8.35,8.12,8.26,8.2,48491400.0,400588800.0,3.42,2.8,0.911622,7.53,9.02,7.38,False,True,True,True,False,True,False,1,True,正常
2022-06-01,8.25,8.57,8.16,8.21,8.26,55192300.0,460604100.00000006,3.9,4.96,0.911084,7.48,9.09,7.43,False,True,True,True,False,True,False,1,True,正常
2022-06-02,8.17,8.22,8.06,8.08,8.21,37289100.0,302506100.0,2.63,1.95,0.909653,7.35,9.03,7.39,False,True,True,True,False,True,False,1,True,正常
2022-06-06,8.11,8.14,7.97,8.14,8.08,32482000.0,262119700.0,2.29,2.1,0.910319,7.41,8.89,7.27,False,True,True,True,False,True,False,4,True,正常
2022-06-07,8.12,8.86,8.11,8.63,8.14,93729400.0,790372800.0,6.61,9.21,0.915411,7.9,8.95,7.33,False,True,True,True,False,True,False,1,True,正常
2022-06-08,8.56,8.56,8.16,8.33,8.63,59532900.0,496635100.0,4.2,4.63,0.912365,7.6,9.49,7.77,False,True,True,True,False,True,False,1,True,正常
2022-06-09,8.33,8.33,8.11,8.22,8.33,33698300.0,276712700.0,2.38,2.64,0.911192,7.49,9.16,7.5,False,True,True,True,False,True,False,1,True,正常
2022-06-10,8.28,8.42,8.15,8.31,8.22,34993400.0,290564900.0,2.47,3.28,0.912154,7.58,9.04,7.4,False,True,True,True,False,True,False,1,True,正常
2022-06-13,8.2,8.38,8.08,8.22,8.31,32622000.0,266984800.0,2.3,3.61,0.911192,7.49,9.14,7.48,False,True,True,True,False,True,False,3,True,正常
2022-06-14,8.25,8.43,8.2,8.41,8.22,44743100.0,372898100.0,3.16,2.8,0.913199,7.68,9.04,7.4,False,True,True,True,False,True,False,1,True,正常
2022-06-15,8.45,8.53,8.3,8.31,8.41,41835800.0,350560199.99999994,2.95,2.73,0.912154,7.58,9.25,7.57,False,True,True,True,False,True,False,1,True,正常
2022-06-16,8.3,8.31,8.18,8.23,8.31,25612400.0,210585500.0,1.81,1.56,0.9113,7.5,9.14,7.48,False,True,True,True,False,True,False,1,True,正常
2022-06-17,8.18,8.21,8.09,8.16,8.23,24398400.0,198677600.0,1.72,1.46,0.910539,7.43,9.05,7.41,False,True,True,True,False,True,False,1,True,正常
2022-06-20,8.13,8.19,8.09,8.17,8.16,17187500.0,139940100.0,1.21,1.23,0.910649,7.44,8.98,7.34,False,True,True,True,False,True,False,3,True,正常
2022-06-21,8.18,8.19,8.01,8.04,8.17,25066500.0,202820800.00000003,1.77,2.2,0.909204,7.31,8.99,7.35,False,True,True,True,False,True,False,1,True,正常
2022-06-22,8.02,8.06,7.79,7.8,8.04,28122400.0,222967300.0,1.98,3.36,0.90641,7.07,8.84,7.24,False,True,True,True,False,True,False,1,True,正常
2022-06-23,7.76,7.88,7.7,7.85,7.8,20978900.0,163460400.0,1.48,2.31,0.907006,7.12,8.58,7.02,False,True,True,True,False,True,False,1,True,正常
2022-06-24,7.85,7.87,7.76,7.79,7.85,18682300.0,145718900.0,1.32,1.4,0.90629,7.06,8.64,7.06,False,True,True,True,False,True,False,1,True,正常
2022-06-27,7.8,7.9,7.78,7.83,7.79,16393400.0,128451000.0,1.16,1.54,0.906769,7.1,8.57,7.01,False,True,True,True,False,True,False,3,True,正常
2022-06-28,7.83,7.91,7.8,7.9,7.83,18241400.0,143492500.0,1.29,1.4,0.907595,7.17,8.61,7.05,False,True,True,True,False,True,False,1,True,正常
2022-06-29,7.87,7.94,7.73,7.73,7.9,19410600.0,151656200.0,1.37,2.66,0.905563,7.0,8.69,7.11,False,True,True,True,False,True,False,1,True,正常
2022-06-30,7.74,7.81,7.73,7.76,7.73,11828700.0,91827200.0,0.83,1.03,0.905928,7.03,8.5,6.96,False,True,True,True,False,True,False,1,True,正常
2022-07-01,7.76,7.77,7.66,7.68,7.76,13856400.0,106587600.0,0.98,1.42,0.904948,6.95,8.54,6.98,False,True,True,True,False,True,False,1,True,正常
2022-07-04,7.73,7.97,7.69,7.9,7.68,23142100.0,181645300.0,1.64,3.65,0.907595,7.17,8.45,6.91,False,True,True,True,False,True,False,3,True,正常
2022-07-05,7.9,8.07,7.85,7.98,7.9,25041100.0,199571900.0,1.78,2.78,0.908521,7.25,8.69,7.11,False,True,True,True,False,True,False,1,True,正常
2022-07-06,7.95,7.96,7.74,7.75,7.98,18968100.0,148199500.0,1.35,2.76,0.905806,7.02,8.78,7.18,False,True,True,True,False,True,False,1,True,正常
2022-07-07,7.77,7.81,7.71,7.76,7.75,11520700.0,89526500.0,0.82,1.29,0.905928,7.03,8.52,6.98,False,True,True,True,False,True,False,1,True,正常
2022-07-08,7.76,7.84,7.72,7.78,7.76,10732800.0,83509599.99999999,0.76,1.55,0.90617,7.05,8.54,6.98,False,True,True,True,False,True,False,1,True,正常
2022-07-11,7.8,7.86,7.69,7.77,7.78,11554700.0,89449700.0,0.82,2.19,0.906049,7.04,8.56,7.0,False,True,True,True,False,True,False,3,True,正常
2022-07-12,7.75,7.95,7.72,7.84,7.77,15573300.0,122234100.0,1.11,2.96,0.906888,7.11,8.55,6.99,False,True,True,True,False,True,False,1,True,正常
2022-07-13,7.85,8.04,7.84,8.02,7.84,25396700.0,202364700.0,1.8,2.55,0.908978,7.29,8.62,7.06,False,True,True,True,False,True,False,1,True,正常
2022-07-14,8.0,8.01,7.89,7.93,8.02,15393800.0,122118300.0,1.09,1.5,0.907945,7.2,8.82,7.22,False,True,True,True,False,True,False,1,True,正常
2022-07-15,7.91,7.92,7.68,7.68,7.93,17617700.0,137041400.0,1.25,3.03,0.904948,6.95,8.72,7.14,False,True,True,True,False,True,False,1,True,正常
2022-07-18,7.66,7.83,7.66,7.8,7.68,11740100.0,91258600.0,0.83,2.21,0.90641,7.07,8.45,6.91,False,True,True,True,False,True,False,3,True,正常
2022-07-19,7.79,7.85,7.74,7.82,7.8,12214900.0,95252300.0,0.87,1.41,0.90665,7.09,8.58,7.02,False,True,True,True,False,True,False,1,True,正常
2022-07-20,7.83,7.93,7.8,7.9,7.82,15775600.0,124006400.0,1.12,1.66,0.907595,7.17,8.6,7.04,False,True,True,True,False,True,False,1,True,正常
2022-07-21,7.93,7.95,7.83,7.83,7.9,12434800.0,98040100.0,0.88,1.52,0.906769,7.1,8.69,7.11,False,True,True,True,False,True,False,1,True,正常
2022-07-22,7.81,7.94,7.78,7.84,7.83,14515400.0,114178800.0,1.03,2.04,0.906888,7.11,8.61,7.05,False,True,True,True,False,True,False,1,True,正常
2022-07-25,7.88,8.11,7.85,8.0,7.84,27102800.0,217131400.0,1.93,3.32,0.90875,7.27,8.62,7.06,False,True,True,True,False,True,False,3,True,正常
2022-07-26,8.0,8.07,7.92,8.03,8.0,16624100.0,132699400.0,1.18,1.88,0.909091,7.3,8.8,7.2,False,True,True,True,False,True,False,1,True,正常
2022-07-27,7.98,8.02,7.92,7.96,8.03,11231300.0,89321200.00000001,0.8,1.25,0.908291,7.23,8.83,7.23,False,True,True,True,False,True,False,1,True,正常
2022-07-28,7.98,8.01,7.94,7.96,7.96,11918100.0,95038100.0,0.85,0.88,0.908291,7.23,8.76,7.16,False,True,True,True,False,True,False,1,True,正常
2022-07-29,7.97,7.98,7.83,7.85,7.96,12536200.0,98931700.0,0.89,1.88,0.907006,7.12,8.76,7.16,False,True,True,True,False,True,False,1,True,正常
2022-08-01,7.82,7.89,7.8,7.85,7.85,9760900.0,76505000.0,0.69,1.15,0.907006,7.12,8.64,7.06,False,True,True,True,False,True,False,3,True,正常
2022-08-02,7.75,7.75,7.36,7.41,7.85,26510000.0,198089700.0,1.88,4.97,0.901484,6.68,8.64,7.06,False,True,True,True,False,True,False,1,True,正常
2022-08-03,7.37,7.52,7.3,7.33,7.41,13507800.0,100076500.0,0.96,2.97,0.900409,6.6,8.15,6.67,False,True,True,True,False,True,False,1,True,正常
2022-08-04,7.35,7.41,7.28,7.4,7.33,9462400.0,69478900.0,0.67,1.77,0.901351,6.67,8.06,6.6,False,True,True,True,False,True,False,1,True,正常
2022-08-05,7.4,7.46,7.35,7.46,7.4,8467100.0,62684700.0,0.6,1.49,0.902145,6.73,8.14,6.66,False,True,True,True,False,True,False,1,True,正常
2022-08-08,7.43,7.5,7.42,7.49,7.46,6134700.0,45789399.99999999,0.44,1.07,0.902537,6.76,8.21,6.71,False,True,True,True,False,True,False,3,True,正常
2022-08-09,7.45,7.47,7.41,7.43,7.49,6393900.0,47530700.0,0.45,0.8,0.90175,6.7,8.24,6.74,False,True,True,True,False,True,False,1,True,正常
2022-08-10,7.4,7.41,7.33,7.36,7.43,6624200.0,48797800.0,0.47,1.08,0.900815,6.63,8.17,6.69,False,True,True,True,False,True,False,1,True,正常
2022-08-11,7.4,7.5,7.39,7.49,7.36,9743100.0,72703200.0,0.69,1.49,0.902537,6.76,8.1,6.62,False,True,True,True,False,True,False,1,True,正常
2022-08-12,7.49,7.6,7.46,7.54,7.49,8805600.0,66422100.0,0.63,1.87,0.903183,6.81,8.24,6.74,False,True,True,True,False,True,False,1,True,正常
2022-08-15,7.55,7.58,7.47,7.5,7.54,7377000.0,55375700.0,0.52,1.46,0.902667,6.77,8.29,6.79,False,True,True,True,False,True,False,3,True,正常
2022-08-16,7.51,7.58,7.5,7.54,7.5,5516300.0,41565100.0,0.39,1.07,0.903183,6.81,8.25,6.75,False,True,True,True,False,True,False,1,True,正常
2022-08-17,7.55,7.57,7.5,7.57,7.54,6466300.0,48737800.0,0.46,0.93,0.903567,6.84,8.29,6.79,False,True,True,True,False,True,False,1,True,正常
2022-08-18,7.57,7.57,7.46,7.47,7.57,6827700.0,51143400.0,0.48,1.45,0.902276,6.74,8.33,6.81,False,True,True,True,False,True,False,1,True,正常
2022-08-19,7.48,7.51,7.44,7.45,7.47,6535800.0,48862299.99999999,0.46,0.94,0.902013,6.72,8.22,6.72,False,True,True,True,False,True,False,1,True,正常
2022-08-22,7.46,7.64,7.44,7.59,7.45,12574100.0,95138200.0,0.89,2.68,0.903821,6.86,8.2,6.7,False,True,True,True,False,True,False,3,True,正常
2022-08-23,7.6,7.75,7.55,7.68,7.59,14695200.0,112699600.0,1.04,2.64,0.904948,6.95,8.35,6.83,False,True,True,True,False,True,False,1,True,正常
2022-08-24,7.69,7.75,7.54,7.57,7.68,13351100.0,101914400.0,0.95,2.73,0.903567,6.84,8.45,6.91,False,True,True,True,False,True,False,1,True,正常
2022-08-25,7.58,7.92,7.53,7.92,7.57,35940400.0,280475700.0,2.55,5.15,0.907828,7.19,8.33,6.81,False,True,True,True,False,True,False,1,True,正常
2022-08-26,7.98,8.02,7.77,7.8,7.92,20213000.0,158526600.0,1.44,3.16,0.90641,7.07,8.71,7.13,False,True,True,True,False,True,False,1,True,正常
2022-08-29,7.74,7.8,7.65,7.8,7.8,10871300.0,83907400.0,0.77,1.92,0.90641,7.07,8.58,7.02,False,True,True,True,False,True,False,3,True,正常
2022-08-30,7.77,7.95,7.75,7.88,7.8,16662700.0,131216700.0,1.18,2.56,0.90736,7.15,8.58,7.02,False,True,True,True,False,True,False,1,True,正常
2022-08-31,7.83,7.83,7.64,7.69,7.88,15879000.0,122657300.0,1.13,2.41,0.905072,6.96,8.67,7.09,False,True,True,True,False,True,False,1,True,正常
2022-09-01,7.73,7.77,7.66,7.67,7.69,10036900.0,77448700.0,0.71,1.43,0.904824,6.94,8.46,6.92,False,True,True,True,False,True,False,1,True,正常
2022-09-02,7.69,7.81,7.66,7.71,7.67,10651400.0,82287000.0,0.76,1.96,0.905318,6.98,8.44,6.9,False,True,True,True,False,True,False,1,True,正常
2022-09-05,7.73,7.92,7.71,7.89,7.71,19354200.0,151680700.0,1.37,2.72,0.907478,7.16,8.48,6.94,False,True,True,True,False,True,False,3,True,正常
2022-09-06,8.0,8.06,7.82,7.91,7.89,17982000.0,142298600.0,1.28,3.04,0.907712,7.18,8.68,7.1,False,True,True,True,False,True,False,1,True,正常
2022-09-07,7.89,7.9,7.79,7.82,7.91,12848000.0,100568100.0,0.91,1.39,0.90665,7.09,8.7,7.12,False,True,True,True,False,True,False,1,True,正常
2022-09-08,7.84,7.92,7.79,7.88,7.82,13617800.0,107133000.0,0.97,1.66,0.90736,7.15,8.6,7.04,False,True,True,True,False,True,False,1,True,正常
2022-09-09,7.88,7.97,7.84,7.84,7.88,12064600.0,95151900.0,0.86,1.65,0.906888,7.11,8.67,7.09,False,True,True,True,False,True,False,1,True,正常
2022-09-13,7.84,7.95,7.8,7.81,7.84,12313100.0,96741100.0,0.87,1.91,0.90653,7.08,8.62,7.06,False,True,True,True,False,True,False,4,True,正常
2022-09-14,7.7,7.98,7.67,7.82,7.81,17696300.0,138730800.0,1.26,3.97,0.90665,7.09,8.59,7.03,False,True,True,True,False,True,False,1,True,正常
2022-09-15,7.85,7.92,7.6,7.71,7.82,17735000.0,137733900.0,1.26,4.09,0.905318,6.98,8.6,7.04,False,True,True,True,False,True,False,1,True,正常
2022-09-16,7.77,7.77,7.46,7.47,7.71,17631100.0,133302800.0,1.25,4.02,0.902276,6.74,8.48,6.94,False,True,True,True,False,True,False,1,True,正常
2022-09-19,7.49,7.54,7.36,7.4,7.47,9586000.0,71228800.0,0.68,2.41,0.901351,6.67,8.22,6.72,False,True,True,True,False,True,False,3,True,正常
2022-09-20,7.43,7.54,7.41,7.43,7.4,7345900.0,54756600.0,0.52,1.76,0.90175,6.7,8.14,6.66,False,True,True,True,False,True,False,1,True,正常
2022-09-21,7.42,7.63,7.32,7.59,7.43,14269800.0,107452700.0,1.01,4.17,0.903821,6.86,8.17,6.69,False,True,True,True,False,True,False,1,True,正常
2022-09-22,7.57,7.68,7.54,7.55,7.59,9605200.0,72960000.0,0.68,1.84,0.903311,6.82,8.35,6.83,False,True,True,True,False,True,False,1,True,正常
2022-09-23,7.53,7.61,7.41,7.46,7.55,8686100.0,64966899.99999999,0.62,2.65,0.902145,6.73,8.3,6.8,False,True,True,True,False,True,False,1,True,正常
2022-09-26,7.39,7.4,7.09,7.1,7.46,16053200.0,115965800.0,1.14,4.16,0.897183,6.37,8.21,6.71,False,True,True,True,False,True,False,3,True,正常
2022-09-27,7.14,7.23,7.01,7.21,7.1,8690500.0,61987600.0,0.62,3.1,0.898752,6.48,7.81,6.39,False,True,True,True,False,True,False,1,True,正常
2022-09-28,7.23,7.24,7.09,7.11,7.21,6475700.0,46332299.99999999,0.46,2.08,0.897328,6.38,7.93,6.49,False,True,True,True,False,True,False,1,True,正常
2022-09-29,7.15,7.19,6.95,7.0,7.11,7776800.0,54879900.0,0.55,3.38,0.895714,6.27,7.82,6.4,False,True,True,True,False,True,False,1,True,正常
2022-09-30,7.02,7.07,6.98,7.03,7.0,5608600.0,39425300.0,0.4,1.29,0.896159,6.3,7.7,6.3,False,True,True,True,False,True,False,1,True,正常
2022-10-10,7.03,7.08,6.92,6.95,7.03,6947600.0,48680300.0,0.49,2.28,0.894964,6.22,7.73,6.33,False,True,True,True,False,True,False,10,True,正常
2022-10-11,6.99,7.0,6.81,6.93,6.95,6257800.0,43210400.0,0.44,2.73,0.894661,6.2,7.64,6.26,False,True,True,True,False,True,False,1,True,正常
2022-10-12,6.94,7.02,6.8,7.02,6.93,8089600.0,55807500.0,0.57,3.17,0.896011,6.29,7.62,6.24,False,True,True,True,False,True,False,1,True,正常
2022-10-13,7.0,7.06,6.93,7.01,7.02,7637600.0,53427500.0,0.54,1.85,0.895863,6.28,7.72,6.32,False,True,True,True,False,True,False,1,True,正常
2022-10-14,7.03,7.18,7.03,7.17,7.01,9174300.0,65456000.0,0.65,2.14,0.898187,6.44,7.71,6.31,False,True,True,True,False,True,False,1,True,正常
2022-10-17,7.15,7.35,7.11,7.28,7.17,9965400.0,72278100.0,0.71,3.35,0.899725,6.55,7.89,6.45,False,True,True,True,False,True,False,3,True,正常
2022-10-18,7.26,7.32,7.22,7.27,7.28,6293400.0,45704399.99999999,0.45,1.37,0.899587,6.54,8.01,6.55,False,True,True,True,False,True,False,1,True,正常
2022-10-19,7.25,7.93,7.24,7.57,7.27,35153600.0,267118900.0,2.5,9.49,0.903567,6.84,8.0,6.54,False,True,True,True,False,True,False,1,True,正常
2022-10-20,7.43,7.55,7.18,7.19,7.57,21746300.0,159624100.0,1.54,4.89,0.89847,6.46,8.33,6.81,False,True,True,True,False,True,False,1,True,正常
2022-10-21,7.23,7.24,7.16,7.17,7.19,10025500.0,72215800.0,0.71,1.11,0.898187,6.44,7.91,6.47,False,True,True,True,False,True,False,1,True,正常
2022-10-24,7.23,7.35,7.02,7.08,7.17,10699100.0,76697800.0,0.76,4.6,0.896893,6.35,7.89,6.45,False,True,True,True,False,True,False,3,True,正常
2022-10-25,7.11,7.36,7.01,7.27,7.08,14896100.0,107726100.0,1.06,4.94,0.899587,6.54,7.79,6.37,False,True,True,True,False,True,False,1,True,正常
2022-10-26,7.26,7.36,7.22,7.34,7.27,12333400.0,90002099.99999999,0.88,1.93,0.900545,6.61,8.0,6.54,False,True,True,True,False,True,False,1,True,正常
2022-10-27,7.3,7.39,7.26,7.29,7.34,10220100.0,74822500.0,0.73,1.77,0.899863,6.56,8.07,6.61,False,True,True,True,False,True,False,1,True,正常
2022-10-28,7.27,7.28,7.07,7.13,7.29,10015600.0,71892000.0,0.71,2.88,0.897616,6.4,8.02,6.56,False,True,True,True,False,True,False,1,True,正常
2022-10-31,7.13,7.17,7.07,7.1,7.13,7591500.0,54040800.0,0.54,1.4,0.897183,6.37,7.84,6.42,False,True,True,True,False,True,False,3,True,正常
2022-11-01,7.1,7.2,7.07,7.19,7.1,10488500.0,74912900.0,0.74,1.83,0.89847,6.46,7.81,6.39,False,True,True,True,False,True,False,1,True,正常
2022-11-02,7.23,7.35,7.19,7.3,7.19,13497700.0,98176300.0,0.96,2.23,0.9,6.57,7.91,6.47,False,True,True,True,False,True,False,1,True,正常
2022-11-03,7.29,7.56,7.25,7.45,7.3,21850000.0,163112300.0,1.55,4.25,0.902013,6.72,8.03,6.57,False,True,True,True,False,True,False,1,True,正常
2022-11-04,7.37,7.59,7.37,7.57,7.45,16891000.0,126833800.0,1.2,2.95,0.903567,6.84,8.2,6.7,False,True,True,True,False,True,False,1,True,正常
2022-11-07,7.5,7.63,7.5,7.57,7.57,11291800.0,85458100.0,0.8,1.72,0.903567,6.84,8.33,6.81,False,True,True,True,False,True,False,3,True,正常
2022-11-08,7.58,7.73,7.53,7.55,7.57,10814100.0,82196000.0,0.77,2.64,0.903311,6.82,8.33,6.81,False,True,True,True,False,True,False,1,True,正常
2022-11-09,7.57,7.58,7.51,7.52,7.55,6259100.0,47209600.0,0.44,0.93,0.902926,6.79,8.3,6.8,False,True,True,True,False,True,False,1,True,正常
2022-11-10,7.51,7.6,7.45,7.56,7.52,7611100.0,57246800.0,0.54,1.99,0.903439,6.83,8.27,6.77,False,True,True,True,False,True,False,1,True,正常
2022-11-11,7.67,7.73,7.57,7.69,7.56,13783500.0,105523000.0,0.98,2.12,0.905072,6.96,8.32,6.8,False,True,True,True,False,True,False,1,True,正常
2022-11-14,7.75,7.75,7.58,7.62,7.69,9531700.0,72975300.0,0.68,2.21,0.904199,6.89,8.46,6.92,False,True,True,True,False,True,False,3,True,正常
2022-11-15,7.59,7.65,7.56,7.64,7.62,8469700.0,64499700.0,0.6,1.18,0.90445,6.91,8.38,6.86,False,True,True,True,False,True,False,1,True,正常
2022-11-16,7.63,7.69,7.57,7.58,7.64,7906100.0,60279900.0,0.56,1.57,0.903694,6.85,8.4,6.88,False,True,True,True,False,True,False,1,True,正常
2022-11-17,7.58,7.69,7.53,7.63,7.58,8660200.0,65821800.0,0.62,2.11,0.904325,6.9,8.34,6.82,False,True,True,True,False,True,False,1,True,正常
2022-11-18,7.66,7.66,7.52,7.53,7.63,8079500.0,61214700.0,0.57,1.83,0.903054,6.8,8.39,6.87,False,True,True,True,False,True,False,1,True,正常
2022-11-21,7.5,7.5,7.38,7.44,7.53,8773500.0,65167700.00000001,0.62,1.59,0.901882,6.71,8.28,6.78,False,True,True,True,False,True,False,3,True,正常
2022-11-22,7.47,7.62,7.44,7.52,7.44,10913200.0,82162300.0,0.78,2.42,0.902926,6.79,8.18,6.7,False,True,True,True,False,True,False,1,True,正常
2022-11-23,7.51,7.61,7.49,7.53,7.52,9077000.0,68455300.0,0.64,1.6,0.903054,6.8,8.27,6.77,False,True,True,True,False,True,False,1,True,正常
2022-11-24,7.56,7.57,7.44,7.48,7.53,6018000.0,45101200.0,0.43,1.73,0.902406,6.75,8.28,6.78,False,True,True,True,False,True,False,1,True,正常
2022-11-25,7.46,7.57,7.45,7.55,7.48,9067300.0,68309700.0,0.64,1.6,0.903311,6.82,8.23,6.73,False,True,True,True,False,True,False,1,True,正常
2022-11-28,7.46,7.52,7.34,7.5,7.55,9304400.0,69239800.0,0.66,2.38,0.902667,6.77,8.3,6.8,False,True,True,True,False,True,False,3,True,正常
2022-11-29,7.51,7.64,7.51,7.63,7.5,12695300.0,96419500.0,0.9,1.73,0.904325,6.9,8.25,6.75,False,True,True,True,False,True,False,1,True,正常
2022-11-30,7.6,7.67,7.59,7.61,7.63,7644600.0,58283300.0,0.54,1.05,0.904074,6.88,8.39,6.87,False,True,True,True,False,True,False,1,True,正常
2022-12-01,7.65,7.69,7.59,7.64,7.61,9019900.0,68831300.0,0.64,1.31,0.90445,6.91,8.37,6.85,False,True,True,True,False,True,False,1,True,正常
2022-12-02,7.64,7.66,7.54,7.57,7.64,9049000.0,68591900.0,0.64,1.57,0.903567,6.84,8.4,6.88,False,True,True,True,False,True,False,1,True,正常
2022-12-05,7.6,7.81,7.6,7.79,7.57,19136900.0,148105700.0,1.36,2.77,0.90629,7.06,8.33,6.81,False,True,True,True,False,True,False,3,True,正常
2022-12-06,7.77,7.82,7.71,7.75,7.79,9139700.0,70901600.0,0.65,1.41,0.905806,7.02,8.57,7.01,False,True,True,True,False,True,False,1,True,正常
2022-12-07,7.76,7.9,7.71,7.77,7.75,12690900.0,98794600.0,0.9,2.45,0.906049,7.04,8.52,6.98,False,True,True,True,False,True,False,1,True,正常
2022-12-08,7.79,7.98,7.75,7.85,7.77,21584600.0,169895700.0,1.53,2.96,0.907006,7.12,8.55,6.99,False,True,True,True,False,True,False,1,True,正常
2022-12-09,7.84,7.87,7.67,7.72,7.85,13892700.0,107525200.0,0.99,2.55,0.90544,6.99,8.64,7.06,False,True,True,True,False,True,False,1,True,正常
2022-12-12,7.7,7.78,7.63,7.64,7.72,9465700.0,72746100.0,0.67,1.94,0.90445,6.91,8.49,6.95,False,True,True,True,False,True,False,3,True,正常
2022-12-13,7.65,7.78,7.65,7.72,7.64,8430300.0,65176899.99999999,0.6,1.7,0.90544,6.99,8.4,6.88,False,True,True,True,False,True,False,1,True,正常
2022-12-14,7.72,7.76,7.66,7.67,7.72,5910400.0,45479300.0,0.42,1.3,0.904824,6.94,8.49,6.95,False,True,True,True,False,True,False,1,True,正常
2022-12-15,7.67,7.7,7.55,7.55,7.67,7550700.0,57373500.0,0.54,1.96,0.903311,6.82,8.44,6.9,False,True,True,True,False,True,False,1,True,正常
2022-12-16,7.5,7.6,7.47,7.58,7.55,6292700.0,47460300.0,0.45,1.72,0.903694,6.85,8.3,6.8,False,True,True,True,False,True,False,1,True,正常
2022-12-19,7.6,7.62,7.33,7.37,7.58,8701700.0,64710700.0,0.62,3.83,0.90095,6.64,8.34,6.82,False,True,True,True,False,True,False,3,True,正常
2022-12-20,7.32,7.4,7.28,7.33,7.37,5373600.0,39453900.0,0.38,1.63,0.900409,6.6,8.11,6.63,False,True,True,True,False,True,False,1,True,正常
2022-12-21,7.36,7.39,7.29,7.33,7.33,4771600.0,34993300.0,0.34,1.36,0.900409,6.6,8.06,6.6,False,True,True,True,False,True,False,1,True,正常
2022-12-22,7.35,7.38,7.19,7.23,7.33,5908600.0,43044900.0,0.42,2.59,0.899032,6.5,8.06,6.6,False,True,True,True,False,True,False,1,True,正常
2022-12-23,7.21,7.3,7.19,7.26,7.23,4804400.0,34911200.0,0.34,1.52,0.899449,6.53,7.95,6.51,False,True,True,True,False,True,False,1,True,正常
2022-12-26,7.29,7.33,7.23,7.29,7.26,4307900.0,31431800.0,0.31,1.38,0.899863,6.56,7.99,6.53,False,True,True,True,False,True,False,3,True,正常
2022-12-27,7.33,7.53,7.31,7.47,7.29,10695000.0,79814200.0,0.76,3.02,0.902276,6.74,8.02,6.56,False,True,True,True,False,True,False,1,True,正常
2022-12-28,7.48,7.48,7.37,7.39,7.47,5627200.0,41725200.00000001,0.4,1.47,0.901218,6.66,8.22,6.72,False,True,True,True,False,True,False,1,True,正常
2022-12-29,7.36,7.4,7.25,7.26,7.39,6638600.0,48437700.00000001,0.47,2.03,0.899449,6.53,8.13,6.65,False,True,True,True,False,True,False,1,True,正常
2022-12-30,7.26,7.39,7.26,7.39,7.26,5353400.0,39228000.0,0.38,1.79,0.901218,6.66,7.99,6.53,False,True,True,True,False,True,False,1,True,正常
2023-01-03,7.35,7.38,7.24,7.36,7.39,10351200.0,75585900.0,0.74,1.89,0.900815,6.63,8.13,6.65,False,True,True,True,False,True,False,4,True,正常
2023-01-04,7.33,7.37,7.29,7.33,7.36,6964000.0,51055900.0,0.49,1.09,0.900409,6.6,8.1,6.62,False,True,True,True,False,True,False,1,True,正常
2023-01-05,7.37,7.49,7.33,7.4,7.33,11552200.0,85453300.0,0.82,2.18,0.901351,6.67,8.06,6.6,False,True,True,True,False,True,False,1,True,正常
2023-01-06,7.38,7.38,7.28,7.3,7.4,8558100.0,62682800.0,0.61,1.35,0.9,6.57,8.14,6.66,False,True,True,True,False,True,False,1,True,正常
2023-01-09,7.31,7.34,7.3,7.3,7.3,5958400.0,43572299.99999999,0.42,0.55,0.9,6.57,8.03,6.57,False,True,True,True,False,True,False,3,True,正常
2023-01-10,7.3,7.31,7.23,7.25,7.3,5445800.0,39498300.0,0.39,1.1,0.89931,6.52,8.03,6.57,False,True,True,True,False,True,False,1,True,正常
2023-01-11,7.25,7.27,7.22,7.23,7.25,4241100.0,30738200.0,0.3,0.69,0.899032,6.5,7.98,6.52,False,True,True,True,False,True,False,1,True,正常
2023-01-12,7.25,7.26,7.21,7.26,7.23,5105400.0,36917600.0,0.36,0.69,0.899449,6.53,7.95,6.51,False,True,True,True,False,True,False,1,True,正常
2023-01-13,7.24,7.32,7.24,7.32,7.26,5308200.0,38665700.0,0.38,1.1,0.900273,6.59,7.99,6.53,False,True,True,True,False,True,False,1,True,正常
2023-01-16,7.32,7.38,7.3,7.36,7.32,7596200.0,55853200.0,0.54,1.09,0.900815,6.63,8.05,6.59,False,True,True,True,False,True,False,3,True,正常
2023-01-17,7.36,7.38,7.32,7.35,7.36,3342500.0,24533000.0,0.24,0.82,0.90068,6.62,8.1,6.62,False,True,True,True,False,True,False,1,True,正常
2023-01-18,7.36,7.38,7.34,7.35,7.35,4704800.0,34618800.0,0.33,0.54,0.90068,6.62,8.09,6.62,False,True,True,True,False,True,False,1,True,正常
2023-01-19,7.36,7.4,7.33,7.4,7.35,4886900.0,36067400.0,0.35,0.95,0.901351,6.67,8.09,6.62,False,True,True,True,False,True,False,1,True,正常
2023-01-20,7.41,7.49,7.39,7.47,7.4,8700700.0,64856100.0,0.62,1.35,0.902276,6.74,8.14,6.66,False,True,True,True,False,True,False,1,True,正常
2023-01-30,7.48,7.6,7.48,7.49,7.47,9191800.0,69050800.0,0.65,1.61,0.902537,6.76,8.22,6.72,False,True,True,True,False,True,False,10,True,正常
2023-01-31,7.46,7.54,7.45,7.54,7.49,6088200.0,45783400.0,0.43,1.2,0.903183,6.81,8.24,6.74,False,True,True,True,False,True,False,1,True,正常
2023-02-01,7.6,7.61,7.53,7.58,7.54,8459200.0,63958900.0,0.6,1.06,0.903694,6.85,8.29,6.79,False,True,True,True,False,True,False,1,True,正常
2023-02-02,7.6,7.61,7.54,7.57,7.58,6758200.0,51196200.0,0.48,0.92,0.903567,6.84,8.34,6.82,False,True,True,True,False,True,False,1,True,正常
2023-02-03,7.57,7.57,7.47,7.53,7.57,8211400.0,61681500.0,0.58,1.32,0.903054,6.8,8.33,6.81,False,True,True,True,False,True,False,1,True,正常
2023-02-06,7.51,7.65,7.48,7.57,7.53,9893300.0,75161900.0,0.7,2.26,0.903567,6.84,8.28,6.78,False,True,True,True,False,True,False,3,True,正常
2023-02-07,7.57,7.63,7.55,7.59,7.57,6072400.0,46014500.0,0.43,1.06,0.903821,6.86,8.33,6.81,False,True,True,True,False,True,False,1,True,正常
2023-02-08,7.6,7.62,7.52,7.54,7.59,4922700.0,37217500.0,0.35,1.32,0.903183,6.81,8.35,6.83,False,True,True,True,False,True,False,1,True,正常
2023-02-09,7.54,7.62,7.53,7.61,7.54,5751300.0,43659900.0,0.41,1.19,0.904074,6.88,8.29,6.79,False,True,True,True,False,True,False,1,True,正常
2023-02-10,7.62,7.67,7.59,7.64,7.61,7727300.0,58997400.0,0.55,1.05,0.90445,6.91,8.37,6.85,False,True,True,True,False,True,False,1,True,正常
2023-02-13,7.67,7.68,7.61,7.67,7.64,8123300.0,62213300.0,0.58,0.92,0.904824,6.94,8.4,6.88,False,True,True,True,False,True,False,3,True,正常
2023-02-14,7.69,7.7,7.62,7.65,7.67,6789900.0,51946100.0,0.48,1.04,0.904575,6.92,8.44,6.9,False,True,True,True,False,True,False,1,True,正常
2023-02-15,7.68,7.68,7.56,7.57,7.65,9758400.0,74059900.0,0.69,1.57,0.903567,6.84,8.42,6.89,False,True,True,True,False,True,False,1,True,正常
2023-02-16,7.59,7.63,7.44,7.48,7.57,11060000.0,83506400.0,0.78,2.51,0.902406,6.75,8.33,6.81,False,True,True,True,False,True,False,1,True,正常
2023-02-17,7.49,7.57,7.48,7.51,7.48,5806800.0,43658800.0,0.41,1.2,0.902796,6.78,8.23,6.73,False,True,True,True,False,True,False,1,True,正常
2023-02-20,7.51,7.62,7.48,7.61,7.51,6988200.0,52853900.0,0.5,1.86,0.904074,6.88,8.26,6.76,False,True,True,True,False,True,False,3,True,正常
2023-02-21,7.63,7.69,7.6,7.67,7.61,8362600.0,64026300.0,0.59,1.18,0.904824,6.94,8.37,6.85,False,True,True,True,False,True,False,1,True,正常
2023-02-22,7.65,7.68,7.61,7.68,7.67,7870100.0,60219799.99999999,0.56,0.91,0.904948,6.95,8.44,6.9,False,True,True,True,False,True,False,1,True,正常
2023-02-23,7.69,7.69,7.62,7.66,7.68,5730300.0,43849799.99999999,0.41,0.91,0.9047,6.93,8.45,6.91,False,True,True,True,False,True,False,1,True,正常
2023-02-24,7.68,7.71,7.62,7.66,7.66,4833700.0,36989800.0,0.34,1.17,0.9047,6.93,8.43,6.89,False,True,True,True,False,True,False,1,True,正常
2023-02-27,7.66,7.66,7.57,7.61,7.66,5895000.0,44882700.00000001,0.42,1.17,0.904074,6.88,8.43,6.89,False,True,True,True,False,True,False,3,True,正常
2023-02-28,7.59,7.67,7.59,7.67,7.61,6927900.0,52801500.0,0.49,1.05,0.904824,6.94,8.37,6.85,False,True,True,True,False,True,False,1,True,正常
2023-03-01,7.67,7.7,7.64,7.69,7.67,6913800.0,53070800.0,0.49,0.78,0.905072,6.96,8.44,6.9,False,True,True,True,False,True,False,1,True,正常
2023-03-02,7.7,7.8,7.67,7.79,7.69,14047100.0,109143700.0,1.0,1.69,0.90629,7.06,8.46,6.92,False,True,True,True,False,True,False,1,True,正常
2023-03-03,7.82,7.82,7.75,7.8,7.79,8702800.0,67774400.0,0.62,0.9,0.90641,7.07,8.57,7.01,False,True,True,True,False,True,False,1,True,正常
2023-03-06,7.84,7.85,7.75,7.78,7.8,8623100.0,67103000.0,0.61,1.28,0.90617,7.05,8.58,7.02,False,True,True,True,False,True,False,3,True,正常
2023-03-07,7.78,7.82,7.65,7.67,7.78,10255200.0,79200800.0,0.73,2.19,0.904824,6.94,8.56,7.0,False,True,True,True,False,True,False,1,True,正常
2023-03-08,7.66,7.75,7.65,7.74,7.67,5640700.0,43486600.0,0.4,1.3,0.905685,7.01,8.44,6.9,False,True,True,True,False,True,False,1,True,正常
2023-03-09,7.77,7.8,7.71,7.73,7.74,6844000.0,53001300.0,0.49,1.16,0.905563,7.0,8.51,6.97,False,True,True,True,False,True,False,1,True,正常
2023-03-10,7.71,7.73,7.57,7.58,7.73,8222400.0,62811100.0,0.58,2.07,0.903694,6.85,8.5,6.96,False,True,True,True,False,True,False,1,True,正常
2023-03-13,7.61,7.67,7.57,7.66,7.58,6637000.0,50610800.0,0.47,1.32,0.9047,6.93,8.34,6.82,False,True,True,True,False,True,False,3,True,正常
2023-03-14,7.7,7.95,7.66,7.74,7.66,21439200.0,167172599.99999997,1.52,3.79,0.905685,7.01,8.43,6.89,False,True,True,True,False,True,False,1,True,正常
2023-03-15,7.76,8.05,7.73,8.0,7.74,33011300.0,261097800.0,2.34,4.13,0.90875,7.27,8.51,6.97,False,True,True,True,False,True,False,1,True,正常
2023-03-16,7.96,8.09,7.87,7.89,8.0,26998900.0,215182300.0,1.92,2.75,0.907478,7.16,8.8,7.2,False,True,True,True,False,True,False,1,True,正常
2023-03-17,7.92,8.0,7.89,7.91,7.89,15889800.0,126114500.0,1.13,1.39,0.907712,7.18,8.68,7.1,False,True,True,True,False,True,False,1,True,正常
2023-03-20,7.95,8.05,7.79,7.82,7.91,16422700.0,129566100.0,1.17,3.29,0.90665,7.09,8.7,7.12,False,True,True,True,False,True,False,3,True,正常
2023-03-21,7.82,7.9,7.79,7.84,7.82,9900900.0,77667400.0,0.7,1.41,0.906888,7.11,8.6,7.04,False,True,True,True,False,True,False,1,True,正常
2023-03-22,7.87,7.87,7.77,7.8,7.84,9270600.0,72360800.0,0.66,1.28,0.90641,7.07,8.62,7.06,False,True,True,True,False,True,False,1,True,正常
2023-03-23,7.81,7.81,7.67,7.72,7.8,12508600.0,96459800.0,0.89,1.79,0.90544,6.99,8.58,7.02,False,True,True,True,False,True,False,1,True,正常
2023-03-24,7.73,7.74,7.66,7.69,7.72,8343300.0,64149600.0,0.59,1.04,0.905072,6.96,8.49,6.95,False,True,True,True,False,True,False,1,True,正常
2023-03-27,7.68,7.73,7.58,7.59,7.69,11408600.0,86924700.0,0.81,1.95,0.903821,6.86,8.46,6.92,False,True,True,True,False,True,False,3,True,正常
2023-03-28,7.61,7.61,7.51,7.54,7.59,8121000.0,61269300.0,0.58,1.32,0.903183,6.81,8.35,6.83,False,True,True,True,False,True,False,1,True,正常
2023-03-29,7.53,7.56,7.45,7.47,7.54,8627200.0,64682600.0,0.61,1.46,0.902276,6.74,8.29,6.79,False,True,True,True,False,True,False,1,True,正常
2023-03-30,7.45,7.53,7.44,7.52,7.47,7146600.0,53523600.0,0.51,1.2,0.902926,6.79,8.22,6.72,False,True,True,True,False,True,False,1,True,正常
2023-03-31,7.49,7.57,7.49,7.56,7.52,7185700.0,54113500.0,0.51,1.06,0.903439,6.83,8.27,6.77,False,True,True,True,False,True,False,1,True,正常
2023-04-03,7.54,7.69,7.5,7.64,7.56,9950600.0,75766200.0,0.71,2.51,0.90445,6.91,8.32,6.8,False,True,True,True,False,True,False,3,True,正常
2023-04-04,7.63,8.17,7.6,7.89,7.64,44348500.0,351617500.0,3.15,7.46,0.907478,7.16,8.4,6.88,False,True,True,True,False,True,False,1,True,正常
2023-04-06,7.95,7.98,7.82,7.89,7.89,16607000.0,131118500.0,1.18,2.03,0.907478,7.16,8.68,7.1,False,True,True,True,False,True,False,2,True,正常
2023-04-07,7.92,8.05,7.87,7.92,7.89,14705900.0,116882800.0,1.04,2.28,0.907828,7.19,8.68,7.1,False,True,True,True,False,True,False,1,True,正常
2023-04-10,7.85,7.92,7.78,7.78,7.92,8903800.0,69817500.0,0.63,1.77,0.90617,7.05,8.71,7.13,False,True,True,True,False,True,False,3,True,正常
2023-04-11,7.84,8.05,7.71,8.02,7.78,18643800.0,147637000.0,1.32,4.37,0.908978,7.29,8.56,7.0,False,True,True,True,False,True,False,1,True,正常
2023-04-12,8.04,8.18,8.03,8.08,8.02,19719100.0,159776900.0,1.4,1.87,0.909653,7.35,8.82,7.22,False,True,True,True,False,True,False,1,True,正常
2023-04-13,8.06,8.16,7.97,8.01,8.08,12107200.0,97265100.0,0.86,2.35,0.908864,7.28,8.89,7.27,False,True,True,True,False,True,False,1,True,正常
2023-04-14,8.08,8.18,8.0,8.13,8.01,17171500.0,139186600.0,1.22,2.25,0.910209,7.4,8.81,7.21,False,True,True,True,False,True,False,1,True,正常
2023-04-17,8.14,8.36,8.07,8.34,8.13,33276300.0,274570300.0,2.36,3.57,0.91247,7.61,8.94,7.32,False,True,True,True,False,True,False,3,True,正常
2023-04-18,8.31,9.03,8.27,8.6,8.34,51061800.0,443014800.00000006,3.62,9.11,0.915116,7.87,9.17,7.51,False,True,True,True,False,True,False,1,True,正常
2023-04-19,8.59,8.69,8.48,8.55,8.6,29232500.0,250580400.0,2.07,2.44,0.91462,7.82,9.46,7.74,False,True,True,True,False,True,False,1,True,正常
2023-04-20,8.53,8.75,8.48,8.64,8.55,27801500.0,238957000.0,1.97,3.16,0.915509,7.91,9.41,7.7,False,True,True,True,False,True,False,1,True,正常
2023-04-21,8.64,8.7,8.42,8.47,8.64,25424300.0,217359800.0,1.8,3.24,0.913813,7.74,9.5,7.78,False,True,True,True,False,True,False,1,True,正常
2023-04-24,8.48,8.55,8.31,8.37,8.47,21362300.0,179716000.0,1.52,2.83,0.912784,7.64,9.32,7.62,False,True,True,True,False,True,False,3,True,正常
2023-04-25,8.35,8.49,8.17,8.32,8.37,22584400.0,187948300.00000003,1.6,3.82,0.91226,7.59,9.21,7.53,False,True,True,True,False,True,False,1,True,正常
2023-04-26,8.32,8.38,8.2,8.33,8.32,15207000.0,126477600.0,1.08,2.16,0.912365,7.6,9.15,7.49,False,True,True,True,False,True,False,1,True,正常
2023-04-27,8.34,8.45,8.16,8.37,8.33,23294900.0,193214000.0,1.65,3.48,0.912784,7.64,9.16,7.5,False,True,True,True,False,True,False,1,True,正常
2023-04-28,8.42,8.58,8.36,8.57,8.37,19073400.0,162213700.0,1.35,2.63,0.914819,7.84,9.21,7.53,False,True,True,True,False,True,False,1,True,正常
2023-05-04,8.6,8.99,8.54,8.93,8.57,39600400.0,348930199.99999994,2.81,5.25,0.918253,8.2,9.43,7.71,False,True,True,True,False,True,False,6,True,正常
2023-05-05,8.99,9.38,8.69,8.88,8.93,38077200.0,338707000.0,2.7,7.73,0.917793,8.15,9.82,8.04,False,True,True,True,False,True,False,1,True,正常
2023-05-08,9.06,9.36,8.85,8.95,8.88,47060800.0,427393100.0,3.34,5.74,0.918436,8.22,9.77,7.99,False,True,True,True,False,True,False,3,True,正常
2023-05-09,8.94,9.17,8.82,8.84,8.95,42680800.0,383412800.0,3.03,3.91,0.917421,8.11,9.85,8.06,False,True,True,True,False,True,False,1,True,正常
2023-05-10,8.83,8.92,8.64,8.73,8.84,23258400.0,203646600.0,1.65,3.17,0.91638,8.0,9.72,7.96,False,True,True,True,False,True,False,1,True,正常
2023-05-11,8.77,8.85,8.7,8.7,8.73,11155500.0,97575600.0,0.79,1.72,0.916092,7.97,9.6,7.86,False,True,True,True,False,True,False,1,True,正常
2023-05-12,8.73,8.77,8.6,8.6,8.7,12715800.0,110138000.0,0.9,1.95,0.915116,7.87,9.57,7.83,False,True,True,True,False,True,False,1,True,正常
2023-05-15,8.62,8.65,8.25,8.56,8.6,22851700.0,192807200.0,1.62,4.65,0.91472,7.83,9.46,7.74,False,True,True,True,False,True,False,3,True,正常
2023-05-16,8.6,8.73,8.4,8.44,8.56,13353100.0,113918400.0,0.95,3.86,0.913507,7.71,9.42,7.7,False,True,True,True,False,True,False,1,True,正常
2023-05-17,8.28,8.4,8.11,8.36,8.44,11667400.0,96560000.0,0.83,3.44,0.934211,7.81,9.28,7.6,False,True,True,True,False,True,False,1,True,正常
2023-05-18,8.38,8.41,8.1,8.16,8.36,16047100.0,132013400.0,1.14,3.71,0.932598,7.61,9.2,7.52,False,True,True,True,False,True,False,1,True,正常
2023-05-19,8.16,8.18,7.91,7.97,8.16,14724400.0,117757900.0,1.04,3.31,0.930991,7.42,8.98,7.34,False,True,True,True,False,True,False,1,True,正常
2023-05-22,8.02,8.1,7.84,7.87,7.97,14035100.0,111340400.0,1.0,3.26,0.930114,7.32,8.77,7.17,False,True,True,True,False,True,False,3,True,正常
2023-05-23,7.85,7.94,7.82,7.83,7.87,9497600.0,74833500.0,0.67,1.52,0.929757,7.28,8.66,7.08,False,True,True,True,False,True,False,1,True,正常
2023-05-24,7.83,7.88,7.7,7.73,7.83,13705100.0,106373800.0,0.97,2.3,0.928849,7.18,8.61,7.05,False,True,True,True,False,True,False,1,True,正常
2023-05-25,7.71,7.77,7.65,7.73,7.73,9055400.0,69828400.0,0.64,1.55,0.928849,7.18,8.5,6.96,False,True,True,True,False,True,False,1,True,正常
2023-05-26,7.71,7.83,7.65,7.81,7.73,7782400.0,60279000.0,0.55,2.33,0.929577,7.26,8.5,6.96,False,True,True,True,False,True,False,1,True,正常
2023-05-29,7.8,7.89,7.77,7.78,7.81,9357400.0,73203000.0,0.66,1.54,0.929306,7.23,8.59,7.03,False,True,True,True,False,True,False,3,True,正常
2023-05-30,7.78,7.95,7.71,7.92,7.78,11466100.0,90380600.0,0.81,3.08,0.930556,7.37,8.56,7.0,False,True,True,True,False,True,False,1,True,正常
2023-05-31,7.88,8.02,7.86,8.01,7.92,11250600.0,89523300.0,0.8,2.02,0.931336,7.46,8.71,7.13,False,True,True,True,False,True,False,1,True,正常
2023-06-01,7.97,8.05,7.89,7.92,8.01,11144600.0,88749400.0,0.79,2.0,0.930556,7.37,8.81,7.21,False,True,True,True,False,True,False,1,True,正常
2023-06-02,7.91,8.02,7.91,7.95,7.92,7745600.0,61793200.0,0.55,1.39,0.930818,7.4,8.71,7.13,False,True,True,True,False,True,False,1,True,正常
2023-06-05,7.97,7.99,7.83,7.87,7.95,6942000.0,54783800.0,0.49,2.01,0.930114,7.32,8.75,7.16,False,True,True,True,False,True,False,3,True,正常
2023-06-06,7.89,7.9,7.72,7.73,7.87,8320400.0,64928500.0,0.59,2.29,0.928849,7.18,8.66,7.08,False,True,True,True,False,True,False,1,True,正常
2023-06-07,7.75,7.99,7.73,7.97,7.73,10932400.0,86324400.0,0.78,3.36,0.930991,7.42,8.5,6.96,False,True,True,True,False,True,False,1,True,正常
2023-06-08,7.97,8.06,7.9,8.02,7.97,9229700.0,73735100.0,0.65,2.01,0.931421,7.47,8.77,7.17,False,True,True,True,False,True,False,1,True,正常
2023-06-09,8.01,8.09,7.96,7.96,8.02,6600700.0,52878500.0,0.47,1.62,0.930905,7.41,8.82,7.22,False,True,True,True,False,True,False,1,True,正常
2023-06-12,7.96,7.96,7.76,7.83,7.96,12065800.0,94413900.0,0.86,2.51,0.929757,7.28,8.76,7.16,False,True,True,True,False,True,False,3,True,正常
2023-06-13,7.85,7.86,7.74,7.81,7.83,9350900.0,72864800.0,0.66,1.53,0.929577,7.26,8.61,7.05,False,True,True,True,False,True,False,1,True,正常
2023-06-14,7.84,7.9,7.81,7.84,7.81,7907700.0,62050500.0,0.56,1.15,0.929847,7.29,8.59,7.03,False,True,True,True,False,True,False,1,True,正常
2023-06-15,7.84,7.9,7.77,7.84,7.84,7714900.0,60432800.0,0.55,1.66,0.929847,7.29,8.62,7.06,False,True,True,True,False,True,False,1,True,正常
2023-06-16,7.84,7.93,7.82,7.88,7.84,11279200.0,89013400.0,0.8,1.4,0.930203,7.33,8.62,7.06,False,True,True,True,False,True,False,1,True,正常
2023-06-19,7.88,7.88,7.69,7.7,7.88,10635400.0,82471299.99999999,0.75,2.41,0.928571,7.15,8.67,7.09,False,True,True,True,False,True,False,3,True,正常
2023-06-20,7.67,7.71,7.41,7.42,7.7,17722800.0,132853500.0,1.26,3.9,0.925876,6.87,8.47,6.93,False,True,True,True,False,True,False,1,True,正常
2023-06-21,7.41,7.5,7.41,7.43,7.42,8592800.0,63997299.99999999,0.61,1.21,0.925976,6.88,8.16,6.68,False,True,True,True,False,True,False,1,True,正常
2023-06-26,7.4,7.43,7.29,7.36,7.43,8973400.0,66086700.0,0.64,1.88,0.925272,6.81,8.17,6.69,False,True,True,True,False,True,False,5,True,正常
2023-06-27,7.4,7.56,7.37,7.54,7.36,8405200.0,63116300.0,0.6,2.58,0.927056,6.99,8.1,6.62,False,True,True,True,False,True,False,1,True,正常
2023-06-28,7.56,7.62,7.44,7.6,7.54,6643000.0,50045900.0,0.47,2.39,0.927632,7.05,8.29,6.79,False,True,True,True,False,True,False,1,True,正常
2023-06-29,7.57,7.59,7.53,7.55,7.6,4320600.0,32641300.0,0.31,0.79,0.927152,7.0,8.36,6.84,False,True,True,True,False,True,False,1,True,正常
2023-06-30,7.56,7.62,7.52,7.6,7.55,5550000.0,42061500.0,0.39,1.32,0.927632,7.05,8.3,6.8,False,True,True,True,False,True,False,1,True,正常
2023-07-03,7.6,7.68,7.58,7.67,7.6,6258300.0,47822500.0,0.44,1.32,0.928292,7.12,8.36,6.84,False,True,True,True,False,True,False,3,True,正常
2023-07-04,7.65,7.67,7.59,7.62,7.67,6876800.0,52408100.00000001,0.49,1.04,0.927822,7.07,8.44,6.9,False,True,True,True,False,True,False,1,True,正常
2023-07-05,7.64,7.72,7.6,7.66,7.62,7853700.0,60300500.0,0.56,1.57,0.928198,7.11,8.38,6.86,False,True,True,True,False,True,False,1,True,正常
2023-07-06,7.64,7.74,7.64,7.7,7.66,5653000.0,43532500.0,0.4,1.31,0.928571,7.15,8.43,6.89,False,True,True,True,False,True,False,1,True,正常
2023-07-07,7.67,7.77,7.67,7.75,7.7,5801200.0,44802600.0,0.41,1.3,0.929032,7.2,8.47,6.93,False,True,True,True,False,True,False,1,True,正常
2023-07-10,7.77,7.81,7.72,7.79,7.75,6550900.0,50921800.0,0.46,1.16,0.929397,7.24,8.52,6.98,False,True,True,True,False,True,False,3,True,正常
2023-07-11,7.82,7.84,7.75,7.83,7.79,4792700.0,37417900.0,0.34,1.16,0.929757,7.28,8.57,7.01,False,True,True,True,False,True,False,1,True,正常
2023-07-12,7.82,7.82,7.67,7.69,7.83,6984200.0,53985900.0,0.5,1.92,0.928479,7.14,8.61,7.05,False,True,True,True,False,True,False,1,True,正常
2023-07-13,7.71,7.94,7.7,7.83,7.69,11600100.0,90886500.0,0.82,3.12,0.929757,7.28,8.46,6.92,False,True,True,True,False,True,False,1,True,正常
2023-07-14,7.77,7.91,7.74,7.85,7.83,8519200.0,66705500.0,0.6,2.17,0.929936,7.3,8.61,7.05,False,True,True,True,False,True,False,1,True,正常
2023-07-17,7.8,7.87,7.78,7.87,7.85,4403300.0,34437700.0,0.31,1.15,0.930114,7.32,8.64,7.06,False,True,True,True,False,True,False,3,True,正常
2023-07-18,7.93,8.12,7.88,8.05,7.87,14678800.0,117500500.0,1.04,3.05,0.931677,7.5,8.66,7.08,False,True,True,True,False,True,False,1,True,正常
2023-07-19,8.05,8.19,8.03,8.17,8.05,11024800.0,89751000.0,0.78,1.99,0.932681,7.62,8.86,7.25,False,True,True,True,False,True,False,1,True,正常
2023-07-20,8.2,8.22,8.03,8.04,8.17,9407900.0,76241800.0,0.67,2.33,0.931592,7.49,8.99,7.35,False,True,True,True,False,True,False,1,True,正常
2023-07-21,8.06,8.14,8.02,8.1,8.04,8038900.0,65125300.0,0.57,1.49,0.932099,7.55,8.84,7.24,False,True,True,True,False,True,False,1,True,正常
2023-07-24,8.11,8.17,8.06,8.14,8.1,5815700.0,47270900.0,0.41,1.36,0.932432,7.59,8.91,7.29,False,True,True,True,False,True,False,3,True,正常
2023-07-25,8.15,8.2,8.09,8.12,8.14,7657300.0,62283000.0,0.54,1.35,0.932266,7.57,8.95,7.33,False,True,True,True,False,True,False,1,True,正常
2023-07-26,8.1,8.14,8.06,8.11,8.12,6288800.0,50885400.0,0.45,0.99,0.932182,7.56,8.93,7.31,False,True,True,True,False,True,False,1,True,正常
2023-07-27,8.1,8.15,8.05,8.07,8.11,5784900.0,46833000.0,0.41,1.23,0.931846,7.52,8.92,7.3,False,True,True,True,False,True,False,1,True,正常
2023-07-28,8.09,8.19,8.06,8.17,8.07,8488800.0,69055300.0,0.6,1.61,0.932681,7.62,8.88,7.26,False,True,True,True,False,True,False,1,True,正常
2023-07-31,8.17,8.23,8.15,8.21,8.17,8832900.0,72302600.0,0.63,0.98,0.933009,7.66,8.99,7.35,False,True,True,True,False,True,False,3,True,正常
2023-08-01,8.2,8.34,8.2,8.26,8.21,9210200.0,76144300.0,0.65,1.71,0.933414,7.71,9.03,7.39,False,True,True,True,False,True,False,1,True,正常
2023-08-02,8.26,8.3,8.19,8.25,8.26,7041900.0,58039200.0,0.5,1.33,0.933333,7.7,9.09,7.43,False,True,True,True,False,True,False,1,True,正常
2023-08-03,8.2,8.29,8.13,8.18,8.25,6936000.0,56705900.0,0.49,1.94,0.932763,7.63,9.08,7.42,False,True,True,True,False,True,False,1,True,正常
2023-08-04,8.26,8.27,8.1,8.12,8.18,7785500.0,63537200.0,0.55,2.08,0.932266,7.57,9.0,7.36,False,True,True,True,False,True,False,1,True,正常
2023-08-07,8.12,8.14,7.98,8.02,8.12,10430400.0,83790000.0,0.74,1.97,0.931421,7.47,8.93,7.31,False,True,True,True,False,True,False,3,True,正常
2023-08-08,8.01,8.05,7.93,8.04,8.02,5886300.0,47082700.00000001,0.42,1.5,0.931592,7.49,8.82,7.22,False,True,True,True,False,True,False,1,True,正常
2023-08-09,8.02,8.02,7.96,7.98,8.04,4239600.0,33877500.0,0.3,0.75,0.931078,7.43,8.84,7.24,False,True,True,True,False,True,False,1,True,正常
2023-08-10,8.06,8.15,7.99,8.12,7.98,6476100.0,52382000.0,0.46,2.01,0.932266,7.57,8.78,7.18,False,True,True,True,False,True,False,1,True,正常
2023-08-11,8.11,8.12,7.92,7.93,8.12,6797200.0,54344200.0,0.48,2.46,0.930643,7.38,8.93,7.31,False,True,True,True,False,True,False,1,True,正常
2023-08-14,7.9,8.05,7.86,8.02,7.93,6724200.0,53564399.99999999,0.48,2.4,0.931421,7.47,8.72,7.14,False,True,True,True,False,True,False,3,True,正常
2023-08-15,8.03,8.06,7.95,8.04,8.02,5796400.0,46433100.00000001,0.41,1.37,0.931592,7.49,8.82,7.22,False,True,True,True,False,True,False,1,True,正常
2023-08-16,7.99,8.04,7.94,7.96,8.04,5339800.0,42658500.0,0.38,1.24,0.930905,7.41,8.84,7.24,False,True,True,True,False,True,False,1,True,正常
2023-08-17,7.96,8.03,7.9,8.02,7.96,6588600.0,52391000.0,0.47,1.63,0.931421,7.47,8.76,7.16,False,True,True,True,False,True,False,1,True,正常
2023-08-18,8.04,8.15,8.01,8.01,8.02,7896100.0,63778400.0,0.56,1.75,0.931336,7.46,8.82,7.22,False,True,True,True,False,True,False,1,True,正常
2023-08-21,8.04,8.1,7.91,7.92,8.01,7659600.0,61110900.0,0.54,2.37,0.930556,7.37,8.81,7.21,False,True,True,True,False,True,False,3,True,正常
2023-08-22,7.95,7.97,7.82,7.91,7.92,6671500.0,52680900.0,0.47,1.89,0.930468,7.36,8.71,7.13,False,True,True,True,False,True,False,1,True,正常
2023-08-23,7.9,7.97,7.83,7.85,7.91,5282500.0,41696200.0,0.37,1.77,0.929936,7.3,8.7,7.12,False,True,True,True,False,True,False,1,True,正常
2023-08-24,7.85,7.9,7.7,7.72,7.85,8135400.0,63249300.0,0.58,2.55,0.928756,7.17,8.64,7.06,False,True,True,True,False,True,False,1,True,正常
2023-08-25,7.73,7.88,7.67,7.76,7.72,8127400.0,63315600.00000001,0.58,2.72,0.929124,7.21,8.49,6.95,False,True,True,True,False,True,False,1,True,正常
2023-08-28,8.15,8.17,7.88,7.9,7.76,11553100.0,92384700.0,0.82,3.74,0.93038,7.35,8.54,6.98,False,True,True,True,False,True,False,3,True,正常
2023-08-29,7.93,8.02,7.88,7.94,7.9,12108700.0,96245500.0,0.86,1.77,0.93073,7.39,8.69,7.11,False,True,True,True,False,True,False,1,True,正常
2023-08-30,7.92,7.95,7.7,7.73,7.94,15189000.0,118593100.0,1.08,3.15,0.928849,7.18,8.73,7.15,False,True,True,True,False,True,False,1,True,正常
2023-08-31,7.77,7.85,7.73,7.8,7.73,9248400.0,72043300.0,0.66,1.55,0.929487,7.25,8.5,6.96,False,True,True,True,False,True,False,1,True,正常
2023-09-01,7.79,7.96,7.77,7.89,7.8,11152400.0,87868900.0,0.79,2.44,0.930292,7.34,8.58,7.02,False,True,True,True,False,True,False,1,True,正常
2023-09-04,7.91,8.08,7.89,8.05,7.89,13011800.0,104265900.0,0.92,2.41,0.931677,7.5,8.68,7.1,False,True,True,True,False,True,False,3,True,正常
2023-09-05,8.04,8.08,7.96,8.03,8.05,8939700.0,71648200.0,0.63,1.49,0.931507,7.48,8.86,7.25,False,True,True,True,False,True,False,1,True,正常
2023-09-06,7.98,8.0,7.9,7.94,8.03,6657900.0,52792200.0,0.47,1.25,0.93073,7.39,8.83,7.23,False,True,True,True,False,True,False,1,True,正常
2023-09-07,7.95,8.04,7.89,7.89,7.94,8073900.0,64145400.0,0.57,1.89,0.930292,7.34,8.73,7.15,False,True,True,True,False,True,False,1,True,正常
2023-09-08,7.88,7.96,7.85,7.92,7.89,6094100.0,48278000.0,0.43,1.39,0.930556,7.37,8.68,7.1,False,True,True,True,False,True,False,1,True,正常
2023-09-11,7.93,7.99,7.85,7.97,7.92,9521300.0,75469000.0,0.68,1.77,0.930991,7.42,8.71,7.13,False,True,True,True,False,True,False,3,True,正常
2023-09-12,7.99,8.12,7.96,8.02,7.97,10394300.0,83676800.0,0.74,2.01,0.931421,7.47,8.77,7.17,False,True,True,True,False,True,False,1,True,正常
2023-09-13,8.01,8.08,7.98,8.02,8.02,8490600.0,68165300.0,0.6,1.25,0.931421,7.47,8.82,7.22,False,True,True,True,False,True,False,1,True,正常
2023-09-14,8.04,8.1,8.0,8.07,8.02,10970700.0,88410600.0,0.78,1.25,0.931846,7.52,8.82,7.22,False,True,True,True,False,True,False,1,True,正常
2023-09-15,8.06,8.13,7.99,8.04,8.07,12211000.0,98478600.0,0.87,1.73,0.931592,7.49,8.88,7.26,False,True,True,True,False,True,False,1,True,正常
2023-09-18,8.05,8.06,7.86,7.97,8.04,13095600.0,103972500.0,0.93,2.49,0.930991,7.42,8.84,7.24,False,True,True,True,False,True,False,3,True,正常
2023-09-19,7.95,8.06,7.91,8.05,7.97,12843000.0,103021500.0,0.91,1.88,0.931677,7.5,8.77,7.17,False,True,True,True,False,True,False,1,True,正常
2023-09-20,8.05,8.08,7.96,7.97,8.05,7545300.0,60503700.0,0.54,1.49,0.930991,7.42,8.86,7.25,False,True,True,True,False,True,False,1,True,正常
2023-09-21,8.02,8.08,7.94,7.96,7.97,8310600.0,66427900.0,0.59,1.76,0.930905,7.41,8.77,7.17,False,True,True,True,False,True,False,1,True,正常
2023-09-22,7.97,8.0,7.86,7.94,7.96,11038800.0,87329400.0,0.78,1.76,0.93073,7.39,8.76,7.16,False,True,True,True,False,True,False,1,True,正常
2023-09-25,7.92,8.0,7.85,7.94,7.94,8679500.0,68983900.0,0.62,1.89,0.93073,7.39,8.73,7.15,False,True,True,True,False,True,False,3,True,正常
2023-09-26,7.93,8.02,7.89,7.94,7.94,6931900.0,55150600.00000001,0.49,1.64,0.93073,7.39,8.73,7.15,False,True,True,True,False,True,False,1,True,正常
2023-09-27,7.98,7.98,7.85,7.85,7.94,8571700.0,67675200.0,0.61,1.64,0.929936,7.3,8.73,7.15,False,True,True,True,False,True,False,1,True,正常
2023-09-28,7.87,7.9,7.83,7.87,7.85,6241000.0,49054900.0,0.44,0.89,0.930114,7.32,8.64,7.06,False,True,True,True,False,True,False,1,True,正常
2023-10-09,7.87,7.9,7.76,7.8,7.87,7971000.0,62214100.0,0.57,1.78,0.929487,7.25,8.66,7.08,False,True,True,True,False,True,False,11,True,正常
2023-10-10,7.8,7.83,7.41,7.47,7.8,25798700.0,194565100.0,1.83,5.38,0.926372,6.92,8.58,7.02,False,True,True,True,False,True,False,1,True,正常
2023-10-11,7.5,7.52,7.4,7.43,7.47,12069300.0,89759200.0,0.86,1.61,0.925976,6.88,8.22,6.72,False,True,True,True,False,True,False,1,True,正常
2023-10-12,7.45,7.62,7.45,7.58,7.43,13140800.0,99467200.0,0.93,2.29,0.927441,7.03,8.17,6.69,False,True,True,True,False,True,False,1,True,正常
2023-10-13,7.55,7.61,7.52,7.54,7.58,7104500.0,53764600.0,0.5,1.19,0.927056,6.99,8.34,6.82,False,True,True,True,False,True,False,1,True,正常
2023-10-16,7.55,7.6,7.52,7.59,7.54,6193900.0,46874600.0,0.44,1.06,0.927536,7.04,8.29,6.79,False,True,True,True,False,True,False,3,True,正常
2023-10-17,7.6,7.68,7.58,7.65,7.59,6471800.0,49472800.0,0.46,1.32,0.928105,7.1,8.35,6.83,False,True,True,True,False,True,False,1,True,正常
2023-10-18,7.62,7.66,7.48,7.5,7.65,7759200.0,58535000.0,0.55,2.35,0.926667,6.95,8.42,6.89,False,True,True,True,False,True,False,1,True,正常
2023-10-19,7.48,7.52,7.39,7.4,7.5,7611600.0,56662700.00000001,0.54,1.73,0.925676,6.85,8.25,6.75,False,True,True,True,False,True,False,1,True,正常
2023-10-20,7.37,7.45,7.35,7.38,7.4,5313000.0,39337400.0,0.38,1.35,0.925474,6.83,8.14,6.66,False,True,True,True,False,True,False,1,True,正常
2023-10-23,7.36,7.38,7.15,7.2,7.38,9986000.0,72149200.0,0.71,3.12,0.923611,6.65,8.12,6.64,False,True,True,True,False,True,False,3,True,正常
2023-10-24,7.23,7.32,7.2,7.29,7.2,7121400.0,51720600.00000001,0.51,1.67,0.924554,6.74,7.92,6.48,False,True,True,True,False,True,False,1,True,正常
2023-10-25,7.32,7.41,7.31,7.39,7.29,6259900.0,46200100.0,0.44,1.37,0.925575,6.84,8.02,6.56,False,True,True,True,False,True,False,1,True,正常
2023-10-26,7.33,7.53,7.33,7.52,7.39,7447300.0,55481400.0,0.53,2.71,0.926862,6.97,8.13,6.65,False,True,True,True,False,True,False,1,True,正常
2023-10-27,7.46,7.54,7.43,7.51,7.52,11055000.0,82909300.0,0.78,1.46,0.926764,6.96,8.27,6.77,False,True,True,True,False,True,False,1,True,正常
2023-10-30,7.46,7.51,7.41,7.43,7.51,10868200.0,80863900.0,0.77,1.33,0.925976,6.88,8.26,6.76,False,True,True,True,False,True,False,3,True,正常
2023-10-31,7.42,7.46,7.36,7.39,7.43,6695500.0,49493900.0,0.47,1.35,0.925575,6.84,8.17,6.69,False,True,True,True,False,True,False,1,True,正常
2023-11-01,7.4,7.42,7.37,7.4,7.39,5449300.0,40282700.0,0.39,0.68,0.925676,6.85,8.13,6.65,False,True,True,True,False,True,False,1,True,正常
2023-11-02,7.4,7.43,7.35,7.35,7.4,5885800.0,43480500.0,0.42,1.08,0.92517,6.8,8.14,6.66,False,True,True,True,False,True,False,1,True,正常
2023-11-03,7.38,7.44,7.37,7.4,7.35,6564600.0,48612400.0,0.47,0.95,0.925676,6.85,8.09,6.62,False,True,True,True,False,True,False,1,True,正常
2023-11-06,7.4,7.45,7.38,7.44,7.4,9387200.0,69647400.0,0.67,0.95,0.926075,6.89,8.14,6.66,False,True,True,True,False,True,False,3,True,正常
2023-11-07,7.43,7.43,7.36,7.4,7.44,7475500.0,55269700.0,0.53,0.94,0.925676,6.85,8.18,6.7,False,True,True,True,False,True,False,1,True,正常
2023-11-08,7.41,7.41,7.35,7.37,7.4,6610100.0,48767200.0,0.47,0.81,0.925373,6.82,8.14,6.66,False,True,True,True,False,True,False,1,True,正常
2023-11-09,7.36,7.4,7.34,7.34,7.37,7256000.0,53433300.0,0.51,0.81,0.925068,6.79,8.11,6.63,False,True,True,True,False,True,False,1,True,正常
2023-11-10,7.33,7.35,7.24,7.32,7.34,9730700.0,70943900.0,0.69,1.5,0.924863,6.77,8.07,6.61,False,True,True,True,False,True,False,1,True,正常
2023-11-13,7.33,7.42,7.31,7.38,7.32,8819400.0,64873000.0,0.63,1.5,0.925474,6.83,8.05,6.59,False,True,True,True,False,True,False,3,True,正常
2023-11-14,7.4,7.43,7.36,7.4,7.38,6911900.0,51115800.0,0.49,0.95,0.925676,6.85,8.12,6.64,False,True,True,True,False,True,False,1,True,正常
2023-11-15,7.44,7.44,7.38,7.39,7.4,6778200.0,50171000.0,0.48,0.81,0.925575,6.84,8.14,6.66,False,True,True,True,False,True,False,1,True,正常
2023-11-16,7.4,7.42,7.36,7.38,7.39,7497700.0,55380300.0,0.53,0.81,0.925474,6.83,8.13,6.65,False,True,True,True,False,True,False,1,True,正常
2023-11-17,7.36,7.38,7.31,7.35,7.38,6396100.0,46926600.0,0.45,0.95,0.92517,6.8,8.12,6.64,False,True,True,True,False,True,False,1,True,正常
2023-11-20,7.37,7.38,7.32,7.37,7.35,4507200.0,33140200.0,0.32,0.82,0.925373,6.82,8.09,6.62,False,True,True,True,False,True,False,3,True,正常
2023-11-21,7.38,7.46,7.37,7.42,7.37,11105600.0,82495500.0,0.79,1.22,0.925876,6.87,8.11,6.63,False,True,True,True,False,True,False,1,True,正常
2023-11-22,7.4,7.45,7.38,7.41,7.42,6316900.0,46911400.0,0.45,0.94,0.925776,6.86,8.16,6.68,False,True,True,True,False,True,False,1,True,正常
2023-11-23,7.4,7.46,7.39,7.46,7.41,5180600.0,38508800.0,0.37,0.94,0.926273,6.91,8.15,6.67,False,True,True,True,False,True,False,1,True,正常
2023-11-24,7.46,7.49,7.43,7.48,7.46,7977900.0,59544000.0,0.57,0.8,0.926471,6.93,8.21,6.71,False,True,True,True,False,True,False,1,True,正常
2023-11-27,7.47,7.5,7.39,7.44,7.48,7684300.0,57045500.0,0.55,1.47,0.926075,6.89,8.23,6.73,False,True,True,True,False,True,False,3,True,正常
2023-11-28,7.43,7.52,7.41,7.51,7.44,6639100.0,49581800.0,0.47,1.48,0.926764,6.96,8.18,6.7,False,True,True,True,False,True,False,1,True,正常
2023-11-29,7.5,7.54,7.45,7.49,7.51,5017900.0,37575200.0,0.36,1.2,0.926569,6.94,8.26,6.76,False,True,True,True,False,True,False,1,True,正常
2023-11-30,7.5,7.59,7.46,7.52,7.49,9753400.0,73394400.0,0.69,1.74,0.926862,6.97,8.24,6.74,False,True,True,True,False,True,False,1,True,正常
2023-12-01,7.52,7.61,7.51,7.6,7.52,9962400.0,75495900.0,0.71,1.33,0.927632,7.05,8.27,6.77,False,True,True,True,False,True,False,1,True,正常
2023-12-04,7.62,7.71,7.6,7.68,7.6,12011500.0,92110900.0,0.85,1.45,0.928385,7.13,8.36,6.84,False,True,True,True,False,True,False,3,True,正常
2023-12-05,7.68,7.68,7.59,7.59,7.68,9233300.0,70516900.0,0.65,1.17,0.927536,7.04,8.45,6.91,False,True,True,True,False,True,False,1,True,正常
2023-12-06,7.59,7.74,7.51,7.67,7.59,12428400.0,94806200.0,0.88,3.03,0.928292,7.12,8.35,6.83,False,True,True,True,False,True,False,1,True,正常
2023-12-07,7.6,7.76,7.6,7.71,7.67,12241200.0,93854200.0,0.87,2.09,0.928664,7.16,8.44,6.9,False,True,True,True,False,True,False,1,True,正常
2023-12-08,7.7,7.84,7.56,7.66,7.71,30574700.0,235119900.00000003,2.17,3.63,0.928198,7.11,8.48,6.94,False,True,True,True,False,True,False,1,True,正常
2023-12-11,7.6,7.7,7.45,7.69,7.66,15285300.0,116317900.0,1.08,3.26,0.928479,7.14,8.43,6.89,False,True,True,True,False,True,False,3,True,正常
2023-12-12,7.73,7.8,7.61,7.8,7.69,17937400.0,138396400.0,1.27,2.47,0.929487,7.25,8.46,6.92,False,True,True,True,False,True,False,1,True,正常
2023-12-13,7.78,7.82,7.66,7.66,7.8,15596600.0,120281500.0,1.11,2.05,0.928198,7.11,8.58,7.02,False,True,True,True,False,True,False,1,True,正常
2023-12-14,7.68,7.8,7.58,7.73,7.66,19001800.0,146386300.0,1.35,2.87,0.928849,7.18,8.43,6.89,False,True,True,True,False,True,False,1,True,正常
2023-12-15,7.82,7.84,7.62,7.64,7.73,15002300.0,115198600.0,1.06,2.85,0.92801,7.09,8.5,6.96,False,True,True,True,False,True,False,1,True,正常
2023-12-18,7.63,7.76,7.61,7.67,7.64,13405500.0,103076200.0,0.95,1.96,0.928292,7.12,8.4,6.88,False,True,True,True,False,True,False,3,True,正常
2023-12-19,7.67,7.71,7.54,7.61,7.67,9575900.0,72811900.0,0.68,2.22,0.927727,7.06,8.44,6.9,False,True,True,True,False,True,False,1,True,正常
2023-12-20,7.61,7.66,7.54,7.55,7.61,6583700.0,49956000.0,0.47,1.58,0.927152,7.0,8.37,6.85,False,True,True,True,False,True,False,1,True,正常
2023-12-21,7.52,7.6,7.45,7.58,7.55,7569600.0,56954799.99999999,0.54,1.99,0.927441,7.03,8.3,6.8,False,True,True,True,False,True,False,1,True,正常
2023-12-22,7.59,7.68,7.52,7.56,7.58,7721400.0,58673200.0,0.55,2.11,0.927249,7.01,8.34,6.82,False,True,True,True,False,True,False,1,True,正常
2023-12-25,7.54,7.54,7.44,7.47,7.56,7021800.0,52500000.0,0.5,1.32,0.926372,6.92,8.32,6.8,False,True,True,True,False,True,False,3,True,正常
2023-12-26,7.48,7.53,7.45,7.46,7.47,5974600.0,44675900.0,0.42,1.07,0.926273,6.91,8.22,6.72,False,True,True,True,False,True,False,1,True,正常
2023-12-27,7.45,7.5,7.41,7.47,7.46,5035400.0,37539500.0,0.36,1.21,0.926372,6.92,8.21,6.71,False,True,True,True,False,True,False,1,True,正常
2023-12-28,7.47,7.55,7.42,7.53,7.47,7910200.0,59321300.0,0.56,1.74,0.926959,6.98,8.22,6.72,False,True,True,True,False,True,False,1,True,正常
2023-12-29,7.5,7.54,7.49,7.51,7.53,7983800.0,60010400.0,0.57,0.66,0.926764,6.96,8.28,6.78,False,True,True,True,False,True,False,1,True,正常
2024-01-02,7.52,7.64,7.5,7.58,7.51,8988800.0,68170600.0,0.64,1.86,0.927441,7.03,8.26,6.76,False,True,True,True,False,True,False,4,True,正常
2024-01-03,7.59,7.64,7.55,7.6,7.58,5084700.0,38625200.0,0.36,1.19,0.927632,7.05,8.34,6.82,False,True,True,True,False,True,False,1,True,正常
2024-01-04,7.61,7.68,7.58,7.63,7.6,6447500.0,49192299.99999999,0.46,1.32,0.927916,7.08,8.36,6.84,False,True,True,True,False,True,False,1,True,正常
2024-01-05,7.63,7.8,7.61,7.71,7.63,19024400.0,147229900.0,1.35,2.49,0.928664,7.16,8.39,6.87,False,True,True,True,False,True,False,1,True,正常
2024-01-08,7.7,7.71,7.47,7.49,7.71,11446900.0,86586800.0,0.81,3.11,0.926569,6.94,8.48,6.94,False,True,True,True,False,True,False,3,True,正常
2024-01-09,7.44,7.63,7.41,7.59,7.49,8879500.0,66980500.0,0.63,2.94,0.927536,7.04,8.24,6.74,False,True,True,True,False,True,False,1,True,正常
2024-01-10,7.55,7.63,7.53,7.57,7.59,5298500.0,40197600.0,0.38,1.32,0.927345,7.02,8.35,6.83,False,True,True,True,False,True,False,1,True,正常
2024-01-11,7.51,7.69,7.51,7.62,7.57,8843900.0,67493700.0,0.63,2.38,0.927822,7.07,8.33,6.81,False,True,True,True,False,True,False,1,True,正常
2024-01-12,7.62,7.72,7.61,7.7,7.62,8214300.0,63161600.0,0.58,1.44,0.928571,7.15,8.38,6.86,False,True,True,True,False,True,False,1,True,正常
2024-01-15,7.66,7.77,7.66,7.75,7.7,7541400.0,58361400.0,0.53,1.43,0.929032,7.2,8.47,6.93,False,True,True,True,False,True,False,3,True,正常
2024-01-16,7.75,7.75,7.64,7.71,7.75,5930900.0,45598600.0,0.42,1.42,0.928664,7.16,8.52,6.98,False,True,True,True,False,True,False,1,True,正常
2024-01-17,7.7,7.75,7.61,7.61,7.71,5862300.0,45065900.0,0.42,1.82,0.927727,7.06,8.48,6.94,False,True,True,True,False,True,False,1,True,正常
2024-01-18,7.58,7.58,7.25,7.46,7.61,15752800.0,116433900.0,1.12,4.34,0.926273,6.91,8.37,6.85,False,True,True,True,False,True,False,1,True,正常
2024-01-19,7.41,7.47,7.33,7.38,7.46,8061100.0,59674900.0,0.57,1.88,0.925474,6.83,8.21,6.71,False,True,True,True,False,True,False,1,True,正常
2024-01-22,7.36,7.38,6.95,7.02,7.38,13709200.0,98080000.0,0.97,5.83,0.921652,6.47,8.12,6.64,False,True,True,True,False,True,False,3,True,正常
2024-01-23,7.05,7.08,6.85,7.03,7.02,10215800.0,71153600.0,0.72,3.28,0.921764,6.48,7.72,6.32,False,True,True,True,False,True,False,1,True,正常
2024-01-24,7.04,7.28,7.0,7.28,7.03,11400300.0,81478300.0,0.81,3.98,0.924451,6.73,7.73,6.33,False,True,True,True,False,True,False,1,True,正常
2024-01-25,7.28,7.51,7.24,7.5,7.28,10900700.0,80940500.0,0.77,3.71,0.926667,6.95,8.01,6.55,False,True,True,True,False,True,False,1,True,正常
2024-01-26,7.49,7.82,7.42,7.67,7.5,18908900.0,144636000.0,1.34,5.33,0.928292,7.12,8.25,6.75,False,True,True,True,False,True,False,1,True,正常
2024-01-29,7.67,7.73,7.55,7.58,7.67,14821200.0,113344100.0,1.05,2.35,0.927441,7.03,8.44,6.9,False,True,True,True,False,True,False,3,True,正常
2024-01-30,7.55,7.66,7.41,7.42,7.58,11187400.0,84624599.99999999,0.79,3.3,0.925876,6.87,8.34,6.82,False,True,True,True,False,True,False,1,True,正常
2024-01-31,7.42,7.55,7.29,7.34,7.42,10679300.0,79090800.0,0.76,3.5,0.925068,6.79,8.16,6.68,False,True,True,True,False,True,False,1,True,正常
2024-02-01,7.31,7.41,7.18,7.25,7.34,11213900.0,81739900.0,0.79,3.13,0.924138,6.7,8.07,6.61,False,True,True,True,False,True,False,1,True,正常
2024-02-02,7.25,7.34,6.95,7.1,7.25,11073300.0,79250300.0,0.78,5.38,0.922535,6.55,7.98,6.52,False,True,True,True,False,True,False,1,True,正常
2024-02-05,7.1,7.18,6.72,6.89,7.1,17273500.0,119754700.0,1.22,6.48,0.920174,6.34,7.81,6.39,False,True,True,True,False,True,False,3,True,正常
2024-02-06,6.85,7.29,6.75,7.21,6.89,18762900.0,131928200.0,1.33,7.84,0.923717,6.66,7.58,6.2,False,True,True,True,False,True,False,1,True,正常
2024-02-07,7.18,7.44,7.14,7.43,7.21,18326600.0,134659400.0,1.3,4.16,0.925976,6.88,7.93,6.49,False,True,True,True,False,True,False,1,True,正常
2024-02-08,7.43,7.68,7.4,7.51,7.43,18140000.0,137434600.0,1.29,3.77,0.926764,6.96,8.17,6.69,False,True,True,True,False,True,False,1,True,正常
2024-02-19,7.59,7.6,7.43,7.48,7.51,13139000.0,98366400.0,0.93,2.26,0.926471,6.93,8.26,6.76,False,True,True,True,False,True,False,11,True,正常
2024-02-20,7.48,7.51,7.4,7.48,7.48,8525700.0,63709799.99999999,0.6,1.47,0.926471,6.93,8.23,6.73,False,True,True,True,False,True,False,1,True,正常
2024-02-21,7.48,7.63,7.43,7.51,7.48,10776600.0,81431700.0,0.76,2.67,0.926764,6.96,8.23,6.73,False,True,True,True,False,True,False,1,True,正常
2024-02-22,7.49,7.54,7.42,7.47,7.51,10187900.0,75983900.0,0.72,1.6,0.926372,6.92,8.26,6.76,False,True,True,True,False,True,False,1,True,正常
2024-02-23,7.48,7.61,7.45,7.59,7.47,12400800.0,93419700.0,0.88,2.14,0.927536,7.04,8.22,6.72,False,True,True,True,False,True,False,1,True,正常
2024-02-26,7.63,7.69,7.49,7.53,7.59,10633800.0,80533600.0,0.75,2.64,0.926959,6.98,8.35,6.83,False,True,True,True,False,True,False,3,True,正常
2024-02-27,7.51,7.59,7.48,7.58,7.53,11153500.0,84118000.0,0.79,1.46,0.927441,7.03,8.28,6.78,False,True,True,True,False,True,False,1,True,正常
2024-02-28,7.57,7.63,7.48,7.5,7.58,13614300.0,103154300.0,0.96,1.98,0.926667,6.95,8.34,6.82,False,True,True,True,False,True,False,1,True,正常
2024-02-29,7.47,7.57,7.46,7.57,7.5,9921100.0,74613500.0,0.7,1.47,0.927345,7.02,8.25,6.75,False,True,True,True,False,True,False,1,True,正常
2024-03-01,7.56,7.64,7.52,7.62,7.57,12274500.0,93085400.0,0.87,1.59,0.927822,7.07,8.33,6.81,False,True,True,True,False,True,False,1,True,正常
2024-03-04,7.6,7.65,7.55,7.6,7.62,7414400.0,56225000.0,0.53,1.31,0.927632,7.05,8.38,6.86,False,True,True,True,False,True,False,3,True,正常
2024-03-05,7.58,7.63,7.55,7.62,7.6,9265500.0,70444600.0,0.66,1.05,0.927822,7.07,8.36,6.84,False,True,True,True,False,True,False,1,True,正常
2024-03-06,7.61,7.71,7.51,7.7,7.62,16902200.0,128619000.0,1.2,2.62,0.928571,7.15,8.38,6.86,False,True,True,True,False,True,False,1,True,正常
2024-03-07,7.71,7.77,7.65,7.66,7.7,11196100.0,86216900.0,0.79,1.56,0.928198,7.11,8.47,6.93,False,True,True,True,False,True,False,1,True,正常
2024-03-08,7.66,7.92,7.65,7.92,7.66,16145000.0,125985900.0,1.14,3.52,0.930556,7.37,8.43,6.89,False,True,True,True,False,True,False,1,True,正常
2024-03-11,7.94,8.03,7.82,7.91,7.92,15979400.0,126235600.0,1.13,2.65,0.930468,7.36,8.71,7.13,False,True,True,True,False,True,False,3,True,正常
2024-03-12,7.92,7.94,7.79,7.87,7.91,12192500.0,95770300.0,0.86,1.9,0.930114,7.32,8.7,7.12,False,True,True,True,False,True,False,1,True,正常
2024-03-13,7.86,7.9,7.76,7.82,7.87,8783800.0,68711000.0,0.62,1.78,0.929668,7.27,8.66,7.08,False,True,True,True,False,True,False,1,True,正常
2024-03-14,7.84,7.95,7.82,7.93,7.82,13957400.0,110163500.0,0.99,1.66,0.930643,7.38,8.6,7.04,False,True,True,True,False,True,False,1,True,正常
2024-03-15,7.9,7.95,7.86,7.91,7.93,8531500.0,67401600.0,0.6,1.13,0.930468,7.36,8.72,7.14,False,True,True,True,False,True,False,1,True,正常
2024-03-18,7.91,8.01,7.89,7.96,7.91,9858200.0,78278000.0,0.7,1.52,0.930905,7.41,8.7,7.12,False,True,True,True,False,True,False,3,True,正常
2024-03-19,7.95,7.95,7.82,7.82,7.96,9611600.0,75633600.0,0.68,1.63,0.929668,7.27,8.76,7.16,False,True,True,True,False,True,False,1,True,正常
2024-03-20,7.85,7.88,7.81,7.87,7.82,7786600.0,61089799.99999999,0.55,0.9,0.930114,7.32,8.6,7.04,False,True,True,True,False,True,False,1,True,正常
2024-03-21,7.9,7.9,7.84,7.88,7.87,6717400.0,52892299.99999999,0.48,0.76,0.930203,7.33,8.66,7.08,False,True,True,True,False,True,False,1,True,正常
2024-03-22,7.85,7.88,7.75,7.78,7.88,7864000.0,61284799.99999999,0.56,1.65,0.929306,7.23,8.67,7.09,False,True,True,True,False,True,False,1,True,正常
2024-03-25,7.78,7.93,7.77,7.79,7.78,8624600.0,67600900.0,0.61,2.06,0.929397,7.24,8.56,7.0,False,True,True,True,False,True,False,3,True,正常
2024-03-26,7.79,7.89,7.77,7.89,7.79,8100600.0,63387400.0,0.57,1.54,0.930292,7.34,8.57,7.01,False,True,True,True,False,True,False,1,True,正常
2024-03-27,7.86,7.91,7.78,7.78,7.89,8784000.0,68856300.0,0.62,1.65,0.929306,7.23,8.68,7.1,False,True,True,True,False,True,False,1,True,正常
2024-03-28,7.7,7.86,7.69,7.81,7.78,10446400.0,81167100.0,0.74,2.19,0.929577,7.26,8.56,7.0,False,True,True,True,False,True,False,1,True,正常
2024-03-29,7.81,7.93,7.78,7.93,7.81,9380900.0,73696900.0,0.66,1.92,0.930643,7.38,8.59,7.03,False,True,True,True,False,True,False,1,True,正常
2024-04-01,7.92,8.06,7.9,8.03,7.93,10619000.0,84947000.0,0.75,2.02,0.931507,7.48,8.72,7.14,False,True,True,True,False,True,False,3,True,正常
2024-04-02,8.04,8.24,8.02,8.2,8.03,18074700.0,147431400.0,1.28,2.74,0.932927,7.65,8.83,7.23,False,True,True,True,False,True,False,1,True,正常
2024-04-03,8.21,8.28,8.11,8.19,8.2,13191800.0,107824500.0,0.93,2.07,0.932845,7.64,9.02,7.38,False,True,True,True,False,True,False,1,True,正常
2024-04-08,8.19,8.27,8.12,8.17,8.19,11492500.0,94257900.0,0.81,1.83,0.932681,7.62,9.01,7.37,False,True,True,True,False,True,False,5,True,正常
2024-04-09,8.18,8.21,8.1,8.16,8.17,10125500.0,82426900.0,0.72,1.35,0.932598,7.61,8.99,7.35,False,True,True,True,False,True,False,1,True,正常
2024-04-10,8.14,8.19,8.04,8.1,8.16,7986000.0,64822900.0,0.57,1.84,0.932099,7.55,8.98,7.34,False,True,True,True,False,True,False,1,True,正常
2024-04-11,8.1,8.25,8.07,8.21,8.1,9976600.0,81747300.0,0.71,2.22,0.933009,7.66,8.91,7.29,False,True,True,True,False,True,False,1,True,正常
2024-04-12,8.21,8.32,8.2,8.24,8.21,13775900.0,113805200.0,0.98,1.46,0.933252,7.69,9.03,7.39,False,True,True,True,False,True,False,1,True,正常
2024-04-15,8.21,8.37,8.1,8.29,8.24,14500200.0,119793200.0,1.03,3.28,0.933655,7.74,9.06,7.42,False,True,True,True,False,True,False,3,True,正常
2024-04-16,8.28,8.37,8.08,8.08,8.29,15335400.0,125522300.0,1.09,3.5,0.931931,7.53,9.12,7.46,False,True,True,True,False,True,False,1,True,正常
2024-04-17,8.08,8.33,8.08,8.33,8.08,19042400.0,156173000.0,1.35,3.09,0.933974,7.78,8.89,7.27,False,True,True,True,False,True,False,1,True,正常
2024-04-18,8.33,8.4,8.18,8.23,8.33,16191000.0,133982400.0,1.15,2.64,0.933171,7.68,9.16,7.5,False,True,True,True,False,True,False,1,True,正常
2024-04-19,8.16,8.38,8.15,8.28,8.23,10778100.0,89288200.0,0.76,2.79,0.933575,7.73,9.05,7.41,False,True,True,True,False,True,False,1,True,正常
2024-04-22,8.3,8.35,8.18,8.24,8.28,11743100.0,96878300.0,0.83,2.05,0.933252,7.69,9.11,7.45,False,True,True,True,False,True,False,3,True,正常
2024-04-23,8.19,8.25,8.07,8.08,8.24,9353200.0,76073500.0,0.66,2.18,0.931931,7.53,9.06,7.42,False,True,True,True,False,True,False,1,True,正常
2024-04-24,8.08,8.15,8.02,8.12,8.08,8355900.0,67629600.0,0.59,1.61,0.932266,7.57,8.89,7.27,False,True,True,True,False,True,False,1,True,正常
2024-04-25,8.1,8.25,8.06,8.22,8.12,9666300.0,79218400.0,0.68,2.34,0.93309,7.67,8.93,7.31,False,True,True,True,False,True,False,1,True,正常
2024-04-26,8.15,8.25,8.02,8.12,8.22,14192400.0,115032400.0,1.01,2.8,0.932266,7.57,9.04,7.4,False,True,True,True,False,True,False,1,True,正常
2024-04-29,8.08,8.11,7.95,8.05,8.12,15826500.0,126943800.0,1.12,1.97,0.931677,7.5,8.93,7.31,False,True,True,True,False,True,False,3,True,正常
2024-04-30,8.03,8.14,8.01,8.08,8.05,21854700.0,176617100.0,1.55,1.61,0.931931,7.53,8.86,7.25,False,True,True,True,False,True,False,1,True,正常
2024-05-06,8.18,8.36,8.16,8.33,8.08,22831800.0,188771600.0,1.62,2.48,0.933974,7.78,8.89,7.27,False,True,True,True,False,True,False,6,True,正常
2024-05-07,8.33,8.34,8.19,8.23,8.33,14345300.0,118040300.0,1.02,1.8,0.933171,7.68,9.16,7.5,False,True,True,True,False,True,False,1,True,正常
2024-05-08,8.24,8.28,8.1,8.11,8.23,11916000.0,97517000.0,0.84,2.19,0.932182,7.56,9.05,7.41,False,True,True,True,False,True,False,1,True,正常
2024-05-09,8.12,8.28,8.09,8.27,8.11,14970900.0,123092600.0,1.06,2.34,0.933495,7.72,8.92,7.3,False,True,True,True,False,True,False,1,True,正常
2024-05-10,8.27,8.31,8.21,8.23,8.27,9440200.0,77799900.0,0.67,1.21,0.933171,7.68,9.1,7.44,False,True,True,True,False,True,False,1,True,正常
2024-05-13,8.2,8.3,8.1,8.28,8.23,14441300.0,118574300.0,1.02,2.43,0.933575,7.73,9.05,7.41,False,True,True,True,False,True,False,3,True,正常
2024-05-14,8.28,8.28,8.17,8.18,8.28,11442600.0,94052400.0,0.81,1.33,0.932763,7.63,9.11,7.45,False,True,True,True,False,True,False,1,True,正常
2024-05-15,8.19,8.2,8.12,8.12,8.18,6888600.0,56134600.0,0.49,0.98,0.932266,7.57,9.0,7.36,False,True,True,True,False,True,False,1,True,正常
2024-05-16,8.12,8.18,8.03,8.05,8.12,11423400.0,92342700.0,0.81,1.85,0.931677,7.5,8.93,7.31,False,True,True,True,False,True,False,1,True,正常
2024-05-17,8.06,8.1,7.98,8.08,8.05,9560500.0,76749800.0,0.68,1.49,0.931931,7.53,8.86,7.25,False,True,True,True,False,True,False,1,True,正常
2024-05-20,8.05,8.15,8.03,8.13,8.08,10753200.0,87061200.00000001,0.76,1.49,0.932349,7.58,8.89,7.27,False,True,True,True,False,True,False,3,True,正常
2024-05-21,8.13,8.15,8.05,8.1,8.13,7897200.0,64021500.0,0.56,1.23,0.932099,7.55,8.94,7.32,False,True,True,True,False,True,False,1,True,正常
2024-05-22,8.11,8.13,8.02,8.04,8.1,5715000.0,46068300.0,0.4,1.36,0.931592,7.49,8.91,7.29,False,True,True,True,False,True,False,1,True,正常
2024-05-23,8.02,8.03,7.89,7.93,8.04,10617700.0,84359300.0,0.75,1.74,0.930643,7.38,8.84,7.24,False,True,True,True,False,True,False,1,True,正常
2024-05-24,7.93,8.06,7.93,7.98,7.93,7882200.0,63079100.0,0.56,1.64,0.931078,7.43,8.72,7.14,False,True,True,True,False,True,False,1,True,正常
2024-05-27,7.98,8.14,7.98,8.14,7.98,15651300.0,126257900.0,1.11,2.01,0.932432,7.59,8.78,7.18,False,True,True,True,False,True,False,3,True,正常
2024-05-28,8.13,8.17,8.03,8.05,8.14,9215400.0,74680800.0,0.65,1.72,0.931677,7.5,8.95,7.33,False,True,True,True,False,True,False,1,True,正常
2024-05-29,8.05,8.1,7.98,8.02,8.05,7343000.0,59058000.0,0.52,1.49,0.931421,7.47,8.86,7.25,False,True,True,True,False,True,False,1,True,正常
2024-05-30,8.01,8.08,7.99,8.01,8.02,5483400.0,44043300.0,0.39,1.12,0.931336,7.46,8.82,7.22,False,True,True,True,False,True,False,1,True,正常
2024-05-31,8.0,8.03,7.95,7.99,8.01,5547900.0,44307100.0,0.39,1.0,0.931164,7.44,8.81,7.21,False,True,True,True,False,True,False,1,True,正常
2024-06-03,7.93,7.96,7.82,7.91,7.99,10765700.0,85012200.0,0.76,1.75,0.930468,7.36,8.79,7.19,False,True,True,True,False,True,False,3,True,正常
2024-06-04,7.9,7.96,7.88,7.92,7.91,7499500.0,59404700.0,0.53,1.01,0.930556,7.37,8.7,7.12,False,True,True,True,False,True,False,1,True,正常
2024-06-05,7.91,7.93,7.84,7.86,7.92,9850800.0,77681800.0,0.7,1.14,0.930025,7.31,8.71,7.13,False,True,True,True,False,True,False,1,True,正常
2024-06-06,7.74,7.74,7.53,7.55,7.86,11951600.0,91017400.0,0.85,2.67,0.952318,7.19,8.65,7.07,False,True,True,True,False,True,False,1,True,正常
2024-06-07,7.55,7.81,7.55,7.8,7.55,14287200.0,110031100.0,1.01,3.44,0.953846,7.44,8.3,6.8,False,True,True,True,False,True,False,1,True,正常
2024-06-11,7.78,7.82,7.57,7.65,7.8,12221600.0,93277500.0,0.87,3.21,0.952941,7.29,8.58,7.02,False,True,True,True,False,True,False,4,True,正常
2024-06-12,7.6,7.64,7.56,7.59,7.65,8232800.0,62525700.0,0.58,1.05,0.952569,7.23,8.42,6.89,False,True,True,True,False,True,False,1,True,正常
2024-06-13,7.6,7.6,7.49,7.5,7.59,8786000.0,66070900.0,0.62,1.45,0.952,7.14,8.35,6.83,False,True,True,True,False,True,False,1,True,正常
2024-06-14,7.49,7.54,7.44,7.51,7.5,9521700.0,71397600.0,0.67,1.33,0.952064,7.15,8.25,6.75,False,True,True,True,False,True,False,1,True,正常
2024-06-17,7.48,7.54,7.43,7.48,7.51,6691500.0,50059600.0,0.47,1.46,0.951872,7.12,8.26,6.76,False,True,True,True,False,True,False,3,True,正常
2024-06-18,7.46,7.54,7.46,7.54,7.48,5662500.0,42542700.00000001,0.4,1.07,0.952255,7.18,8.23,6.73,False,True,True,True,False,True,False,1,True,正常
2024-06-19,7.55,7.59,7.51,7.51,7.54,5751200.0,43414300.0,0.41,1.06,0.952064,7.15,8.29,6.79,False,True,True,True,False,True,False,1,True,正常
2024-06-20,7.5,7.53,7.42,7.44,7.51,5534600.0,41278400.0,0.39,1.46,0.951613,7.08,8.26,6.76,False,True,True,True,False,True,False,1,True,正常
2024-06-21,7.45,7.53,7.42,7.46,7.44,4700500.0,35157200.0,0.33,1.48,0.951743,7.1,8.18,6.7,False,True,True,True,False,True,False,1,True,正常
2024-06-24,7.41,7.45,7.23,7.31,7.46,7692100.0,56315000.0,0.54,2.95,0.950752,6.95,8.21,6.71,False,True,True,True,False,True,False,3,True,正常
2024-06-25,7.32,7.42,7.3,7.37,7.31,6551900.0,48245800.0,0.46,1.64,0.951153,7.01,8.04,6.58,False,True,True,True,False,True,False,1,True,正常
2024-06-26,7.36,7.5,7.31,7.48,7.37,6461100.0,47796800.0,0.46,2.58,0.951872,7.12,8.11,6.63,False,True,True,True,False,True,False,1,True,正常
2024-06-27,7.44,7.49,7.33,7.34,7.48,5849000.0,43168600.0,0.41,2.14,0.950954,6.98,8.23,6.73,False,True,True,True,False,True,False,1,True,正常
2024-06-28,7.41,7.62,7.32,7.44,7.34,12679800.0,94874900.0,0.9,4.09,0.951613,7.08,8.07,6.61,False,True,True,True,False,True,False,1,True,正常
2024-07-01,7.39,7.54,7.2,7.51,7.44,14103800.0,104121900.0,1.0,4.57,0.952064,7.15,8.18,6.7,False,True,True,True,False,True,False,3,True,正常
2024-07-02,7.46,7.58,7.46,7.54,7.51,8167100.0,61526300.0,0.58,1.6,0.952255,7.18,8.26,6.76,False,True,True,True,False,True,False,1,True,正常
2024-07-03,7.54,7.59,7.52,7.54,7.54,6200400.0,46845400.0,0.44,0.93,0.952255,7.18,8.29,6.79,False,True,True,True,False,True,False,1,True,正常
2024-07-04,7.51,7.57,7.45,7.5,7.54,6101300.0,45850400.0,0.43,1.59,0.952,7.14,8.29,6.79,False,True,True,True,False,True,False,1,True,正常
2024-07-05,7.48,7.52,7.42,7.44,7.5,6435300.0,48096100.0,0.46,1.33,0.951613,7.08,8.25,6.75,False,True,True,True,False,True,False,1,True,正常
2024-07-08,7.45,7.46,7.26,7.28,7.44,6979400.0,51163800.0,0.49,2.69,0.950549,6.92,8.18,6.7,False,True,True,True,False,True,False,3,True,正常
2024-07-09,7.25,7.43,7.21,7.4,7.28,6738900.0,49375600.00000001,0.48,3.02,0.951351,7.04,8.01,6.55,False,True,True,True,False,True,False,1,True,正常
2024-07-10,7.36,7.45,7.32,7.33,7.4,5303300.0,39164700.0,0.38,1.76,0.950887,6.97,8.14,6.66,False,True,True,True,False,True,False,1,True,正常
2024-07-11,7.42,7.47,7.37,7.45,7.33,8038600.0,59675400.0,0.57,1.36,0.951678,7.09,8.06,6.6,False,True,True,True,False,True,False,1,True,正常
2024-07-12,7.46,7.47,7.4,7.45,7.45,4104300.0,30524000.0,0.29,0.94,0.951678,7.09,8.2,6.7,False,True,True,True,False,True,False,1,True,正常
2024-07-15,7.45,7.5,7.34,7.48,7.45,7301100.0,54310800.0,0.52,2.15,0.951872,7.12,8.2,6.7,False,True,True,True,False,True,False,3,True,正常
2024-07-16,7.45,7.48,7.36,7.38,7.48,5796900.0,43001600.0,0.41,1.6,0.95122,7.02,8.23,6.73,False,True,True,True,False,True,False,1,True,正常
2024-07-17,7.37,7.41,7.33,7.37,7.38,6227900.0,45834500.0,0.44,1.08,0.951153,7.01,8.12,6.64,False,True,True,True,False,True,False,1,True,正常
2024-07-18,7.33,7.44,7.28,7.43,7.37,5428200.0,39964800.0,0.38,2.17,0.951548,7.07,8.11,6.63,False,True,True,True,False,True,False,1,True,正常
2024-07-19,7.42,7.46,7.37,7.45,7.43,4717300.0,35007000.0,0.33,1.21,0.951678,7.09,8.17,6.69,False,True,True,True,False,True,False,1,True,正常
2024-07-22,7.45,7.46,7.37,7.44,7.45,6413200.0,47585300.0,0.45,1.21,0.951613,7.08,8.2,6.7,False,True,True,True,False,True,False,3,True,正常
2024-07-23,7.44,7.54,7.38,7.39,7.44,10270700.0,76833000.0,0.73,2.15,0.951286,7.03,8.18,6.7,False,True,True,True,False,True,False,1,True,正常
2024-07-24,7.41,7.53,7.35,7.48,7.39,10201600.0,76172500.0,0.72,2.44,0.951872,7.12,8.13,6.65,False,True,True,True,False,True,False,1,True,正常
2024-07-25,7.49,7.6,7.47,7.53,7.48,9676700.0,72877900.0,0.69,1.74,0.952191,7.17,8.23,6.73,False,True,True,True,False,True,False,1,True,正常
2024-07-26,7.54,7.58,7.46,7.5,7.53,8327800.0,62542299.99999999,0.59,1.59,0.952,7.14,8.28,6.78,False,True,True,True,False,True,False,1,True,正常
2024-07-29,7.52,7.57,7.48,7.54,7.5,5935600.0,44725800.0,0.42,1.2,0.952255,7.18,8.25,6.75,False,True,True,True,False,True,False,3,True,正常
2024-07-30,7.54,7.65,7.5,7.61,7.54,9753000.0,73927500.0,0.69,1.99,0.952694,7.25,8.29,6.79,False,True,True,True,False,True,False,1,True,正常
2024-07-31,7.61,7.73,7.59,7.66,7.61,11898200.0,91234900.0,0.84,1.84,0.953003,7.3,8.37,6.85,False,True,True,True,False,True,False,1,True,正常
2024-08-01,7.67,7.76,7.61,7.72,7.66,11148700.0,85930500.0,0.79,1.96,0.953368,7.36,8.43,6.89,False,True,True,True,False,True,False,1,True,正常
2024-08-02,7.69,7.83,7.68,7.78,7.72,8641400.0,67060200.00000001,0.61,1.94,0.953728,7.42,8.49,6.95,False,True,True,True,False,True,False,1,True,正常
2024-08-05,7.72,7.83,7.69,7.7,7.78,8810800.0,68332700.0,0.62,1.8,0.953247,7.34,8.56,7.0,False,True,True,True,False,True,False,3,True,正常
2024-08-06,7.72,7.78,7.6,7.69,7.7,8723700.0,67059000.0,0.62,2.34,0.953186,7.33,8.47,6.93,False,True,True,True,False,True,False,1,True,正常
2024-08-07,7.67,7.71,7.64,7.65,7.69,5006000.0,38412300.0,0.35,0.91,0.952941,7.29,8.46,6.92,False,True,True,True,False,True,False,1,True,正常
2024-08-08,7.65,7.74,7.6,7.71,7.65,6294400.0,48356600.0,0.45,1.83,0.953307,7.35,8.42,6.89,False,True,True,True,False,True,False,1,True,正常
2024-08-09,7.71,7.73,7.65,7.68,7.71,4451500.0,34254300.0,0.32,1.04,0.953125,7.32,8.48,6.94,False,True,True,True,False,True,False,1,True,正常
2024-08-12,7.62,7.81,7.62,7.76,7.68,8588400.0,66425600.00000001,0.61,2.47,0.953608,7.4,8.45,6.91,False,True,True,True,False,True,False,3,True,正常
2024-08-13,7.74,7.88,7.72,7.79,7.76,6692300.0,52122700.00000001,0.47,2.06,0.953787,7.43,8.54,6.98,False,True,True,True,False,True,False,1,True,正常
2024-08-14,7.78,7.89,7.76,7.8,7.79,7334000.0,57529200.0,0.52,1.67,0.953846,7.44,8.57,7.01,False,True,True,True,False,True,False,1,True,正常
2024-08-15,7.78,7.9,7.76,7.89,7.8,7794500.0,61244200.0,0.55,1.79,0.954373,7.53,8.58,7.02,False,True,True,True,False,True,False,1,True,正常
2024-08-16,7.89,8.0,7.85,7.85,7.89,9852100.0,78105400.0,0.7,1.9,0.95414,7.49,8.68,7.1,False,True,True,True,False,True,False,1,True,正常
2024-08-19,7.84,8.02,7.83,8.0,7.85,10666100.0,85038900.0,0.76,2.42,0.955,7.64,8.64,7.06,False,True,True,True,False,True,False,3,True,正常
2024-08-20,7.98,8.02,7.85,7.88,8.0,9240800.0,73114700.0,0.65,2.12,0.954315,7.52,8.8,7.2,False,True,True,True,False,True,False,1,True,正常
2024-08-21,7.84,7.88,7.77,7.82,7.88,7170300.0,56057400.0,0.51,1.4,0.953964,7.46,8.67,7.09,False,True,True,True,False,True,False,1,True,正常
2024-08-22,7.81,7.93,7.79,7.87,7.82,6360300.0,50087299.99999999,0.45,1.79,0.954257,7.51,8.6,7.04,False,True,True,True,False,True,False,1,True,正常
2024-08-23,7.86,7.9,7.76,7.83,7.87,6036200.0,47204100.0,0.43,1.78,0.954023,7.47,8.66,7.08,False,True,True,True,False,True,False,1,True,正常
2024-08-26,7.63,7.68,7.22,7.25,7.83,31060800.0,228597900.0,2.2,5.87,0.950345,6.89,8.61,7.05,False,True,True,True,False,True,False,3,True,正常
2024-08-27,7.22,7.34,7.21,7.25,7.25,14557300.0,105721000.0,1.03,1.79,0.950345,6.89,7.98,6.52,False,True,True,True,False,True,False,1,True,正常
2024-08-28,7.22,7.3,7.19,7.23,7.25,6606700.0,47848800.0,0.47,1.52,0.950207,6.87,7.98,6.52,False,True,True,True,False,True,False,1,True,正常
2024-08-29,7.2,7.21,7.06,7.14,7.23,11651700.0,82857099.99999999,0.83,2.07,0.94958,6.78,7.95,6.51,False,True,True,True,False,True,False,1,True,正常
2024-08-30,7.13,7.23,7.11,7.14,7.14,11377000.0,81556800.0,0.81,1.68,0.94958,6.78,7.85,6.43,False,True,True,True,False,True,False,1,True,正常
2024-09-02,7.12,7.23,7.1,7.16,7.14,11452600.0,82102400.0,0.81,1.82,0.949721,6.8,7.85,6.43,False,True,True,True,False,True,False,3,True,正常
2024-09-03,7.18,7.19,7.08,7.13,7.16,9677800.0,68946200.0,0.69,1.54,0.949509,6.77,7.88,6.44,False,True,True,True,False,True,False,1,True,正常
2024-09-04,7.11,7.15,7.08,7.09,7.13,5545200.0,39446300.0,0.39,0.98,0.949224,6.73,7.84,6.42,False,True,True,True,False,True,False,1,True,正常
2024-09-05,7.11,7.13,7.07,7.11,7.09,6642800.0,47134799.99999999,0.47,0.85,0.949367,6.75,7.8,6.38,False,True,True,True,False,True,False,1,True,正常
2024-09-06,7.11,7.14,7.07,7.08,7.11,7098700.0,50427200.0,0.5,0.98,0.949153,6.72,7.82,6.4,False,True,True,True,False,True,False,1,True,正常
2024-09-09,7.06,7.06,6.97,7.01,7.08,7509100.0,52597299.99999999,0.53,1.27,0.948645,6.65,7.79,6.37,False,True,True,True,False,True,False,3,True,正常
2024-09-10,7.0,7.04,6.88,6.97,7.01,7361600.0,51085500.0,0.52,2.28,0.94835,6.61,7.71,6.31,False,True,True,True,False,True,False,1,True,正常
2024-09-11,6.94,6.94,6.77,6.8,6.97,10024200.0,68461000.0,0.71,2.44,0.947059,6.44,7.67,6.27,False,True,True,True,False,True,False,1,True,正常
2024-09-12,6.81,6.93,6.8,6.89,6.8,6946300.0,47791800.0,0.49,1.91,0.94775,6.53,7.48,6.12,False,True,True,True,False,True,False,1,True,正常
2024-09-13,6.89,6.96,6.87,6.88,6.89,4645400.0,32099900.0,0.33,1.31,0.947674,6.52,7.58,6.2,False,True,True,True,False,True,False,1,True,正常
2024-09-18,6.89,6.95,6.81,6.95,6.88,4249800.0,29254500.0,0.3,2.03,0.948201,6.59,7.57,6.19,False,True,True,True,False,True,False,5,True,正常
2024-09-19,6.97,7.04,6.89,6.99,6.95,6678500.0,46579600.0,0.47,2.16,0.948498,6.63,7.64,6.26,False,True,True,True,False,True,False,1,True,正常
2024-09-20,7.01,7.02,6.93,6.99,6.99,4676300.0,32638500.0,0.33,1.29,0.948498,6.63,7.69,6.29,False,True,True,True,False,True,False,1,True,正常
2024-09-23,6.99,7.07,6.97,7.06,6.99,3923500.0,27642200.0,0.28,1.43,0.949008,6.7,7.69,6.29,False,True,True,True,False,True,False,3,True,正常
2024-09-24,7.08,7.21,7.07,7.21,7.06,11473900.0,82206000.0,0.81,1.98,0.950069,6.85,7.77,6.35,False,True,True,True,False,True,False,1,True,正常
2024-09-25,7.27,7.38,7.2,7.2,7.21,12408800.0,90322800.0,0.88,2.5,0.95,6.84,7.93,6.49,False,True,True,True,False,True,False,1,True,正常
2024-09-26,7.23,7.38,7.18,7.38,7.2,11483900.0,83552800.0,0.81,2.78,0.95122,7.02,7.92,6.48,False,True,True,True,False,True,False,1,True,正常
2024-09-27,7.49,7.68,7.4,7.66,7.38,17387200.0,130927800.0,1.23,3.79,0.953003,7.3,8.12,6.64,False,True,True,True,False,True,False,1,True,正常
2024-09-30,7.88,8.31,7.76,8.22,7.66,36554900.0,294012500.0,2.59,7.18,0.956204,7.86,8.43,6.89,False,True,True,True,False,True,False,3,True,正常
2024-10-08,9.0,9.0,8.08,8.42,8.22,37812700.0,320858000.0,2.68,11.19,0.957245,8.06,9.04,7.4,False,True,True,True,False,True,False,8,True,正常
2024-10-09,8.2,8.29,7.8,7.8,8.42,23974200.0,192464500.0,1.7,5.82,0.953846,7.44,9.26,7.58,False,True,True,True,False,True,False,1,True,正常
2024-10-10,7.85,8.09,7.75,7.94,7.8,17143100.0,136382500.0,1.21,4.36,0.95466,7.58,8.58,7.02,False,True,True,True,False,True,False,1,True,正常
2024-10-11,7.98,8.0,7.74,7.82,7.94,12271300.0,96577400.0,0.87,3.27,0.953964,7.46,8.73,7.15,False,True,True,True,False,True,False,1,True,正常
2024-10-14,7.84,8.04,7.82,7.94,7.82,13609400.0,107820400.0,0.96,2.81,0.95466,7.58,8.6,7.04,False,True,True,True,False,True,False,3,True,正常
2024-10-15,7.96,7.97,7.74,7.76,7.94,12208600.0,95910100.0,0.86,2.9,0.953608,7.4,8.73,7.15,False,True,True,True,False,True,False,1,True,正常
2024-10-16,7.71,8.11,7.56,8.0,7.76,18207900.0,144519000.0,1.29,7.09,0.955,7.64,8.54,6.98,False,True,True,True,False,True,False,1,True,正常
2024-10-17,8.03,8.08,7.77,7.81,8.0,13946600.0,109968400.0,0.99,3.88,0.953905,7.45,8.8,7.2,False,True,True,True,False,True,False,1,True,正常
2024-10-18,7.81,8.0,7.71,7.9,7.81,15660100.0,122948800.0,1.11,3.71,0.95443,7.54,8.59,7.03,False,True,True,True,False,True,False,1,True,正常
2024-10-21,7.95,7.96,7.84,7.89,7.9,11615100.0,91715100.0,0.82,1.52,0.954373,7.53,8.69,7.11,False,True,True,True,False,True,False,3,True,正常
2024-10-22,7.9,8.02,7.85,8.0,7.89,14088900.0,111793500.0,1.0,2.15,0.955,7.64,8.68,7.1,False,True,True,True,False,True,False,1,True,正常
2024-10-23,8.0,8.06,7.96,8.02,8.0,12027900.0,96331500.0,0.85,1.25,0.955112,7.66,8.8,7.2,False,True,True,True,False,True,False,1,True,正常
2024-10-24,8.0,8.01,7.91,7.97,8.02,6189300.0,49255500.0,0.44,1.25,0.954831,7.61,8.82,7.22,False,True,True,True,False,True,False,1,True,正常
2024-10-25,8.03,8.13,8.0,8.07,7.97,11559000.0,93016200.0,0.82,1.63,0.95539,7.71,8.77,7.17,False,True,True,True,False,True,False,1,True,正常
2024-10-28,8.11,8.14,8.0,8.14,8.07,12646500.0,102291100.0,0.9,1.73,0.955774,7.78,8.88,7.26,False,True,True,True,False,True,False,3,True,正常
2024-10-29,8.2,8.21,7.96,7.98,8.14,18730600.0,151068900.0,1.33,3.07,0.954887,7.62,8.95,7.33,False,True,True,True,False,True,False,1,True,正常
2024-10-30,7.94,8.04,7.84,7.91,7.98,14103200.0,111940600.0,1.0,2.51,0.954488,7.55,8.78,7.18,False,True,True,True,False,True,False,1,True,正常
2024-10-31,7.99,8.04,7.9,8.01,7.91,13212600.0,105600000.0,0.94,1.77,0.955056,7.65,8.7,7.12,False,True,True,True,False,True,False,1,True,正常
2024-11-01,7.94,8.06,7.93,7.96,8.01,13147800.0,104974700.0,0.93,1.62,0.954774,7.6,8.81,7.21,False,True,True,True,False,True,False,1,True,正常
2024-11-04,7.91,7.97,7.82,7.93,7.96,16145300.0,127176600.0,1.14,1.88,0.954603,7.57,8.76,7.16,False,True,True,True,False,True,False,3,True,正常
2024-11-05,7.92,8.05,7.87,8.05,7.93,22175200.0,176523800.0,1.57,2.27,0.95528,7.69,8.72,7.14,False,True,True,True,False,True,False,1,True,正常
2024-11-06,8.06,8.07,7.96,8.03,8.05,15746600.0,126293400.0,1.12,1.37,0.955168,7.67,8.86,7.25,False,True,True,True,False,True,False,1,True,正常
2024-11-07,8.0,8.22,7.98,8.2,8.03,23026400.0,187511300.0,1.63,2.99,0.956098,7.84,8.83,7.23,False,True,True,True,False,True,False,1,True,正常
2024-11-08,8.28,8.29,8.05,8.16,8.2,20747400.0,169101699.99999997,1.47,2.93,0.955882,7.8,9.02,7.38,False,True,True,True,False,True,False,1,True,正常
2024-11-11,8.09,8.4,8.06,8.32,8.16,27400200.0,226050000.0,1.94,4.17,0.956731,7.96,8.98,7.34,False,True,True,True,False,True,False,3,True,正常
2024-11-12,8.33,8.45,8.22,8.3,8.32,25339000.0,211299400.0,1.8,2.76,0.956627,7.94,9.15,7.49,False,True,True,True,False,True,False,1,True,正常
2024-11-13,8.26,8.29,8.01,8.1,8.3,40717900.0,330388900.0,2.31,3.37,0.955556,7.74,9.13,7.47,False,True,True,True,False,True,False,1,True,正常
2024-11-14,8.08,8.14,7.93,7.94,8.1,28482600.0,229283600.0,2.02,2.59,0.95466,7.58,8.91,7.29,False,True,True,True,False,True,False,1,True,正常
2024-11-15,7.91,7.98,7.82,7.83,7.94,22651400.0,179452400.00000003,1.6,2.02,0.954023,7.47,8.73,7.15,False,True,True,True,False,True,False,1,True,正常
2024-11-18,7.88,7.99,7.82,7.83,7.83,31094400.0,246703900.0,2.2,2.17,0.954023,7.47,8.61,7.05,False,True,True,True,False,True,False,3,True,正常
2024-11-19,7.85,7.91,7.76,7.86,7.83,23862100.0,186890500.0,1.69,1.92,0.954198,7.5,8.61,7.05,False,True,True,True,False,True,False,1,True,正常
2024-11-20,7.86,7.93,7.82,7.88,7.86,23115600.0,181981600.0,1.64,1.4,0.954315,7.52,8.65,7.07,False,True,True,True,False,True,False,1,True,正常
2024-11-21,7.88,7.89,7.8,7.83,7.88,17045900.0,133489100.0,0.97,1.14,0.954023,7.47,8.67,7.09,False,True,True,True,False,True,False,1,True,正常
2024-11-22,7.72,7.73,7.5,7.52,7.83,23323500.0,178157500.0,1.32,2.94,0.972074,7.31,8.61,7.05,False,True,True,True,False,True,False,1,True,正常
2024-11-25,7.52,7.59,7.45,7.49,7.52,17935900.0,134908500.0,1.02,1.86,0.971963,7.28,8.27,6.77,False,True,True,True,False,True,False,3,True,正常
2024-11-26,7.5,7.6,7.48,7.53,7.49,13414700.0,101198400.0,0.76,1.6,0.972112,7.32,8.24,6.74,False,True,True,True,False,True,False,1,True,正常
2024-11-27,7.52,7.6,7.4,7.6,7.53,16069200.0,120386600.0,0.91,2.66,0.972368,7.39,8.28,6.78,False,True,True,True,False,True,False,1,True,正常
2024-11-28,7.59,7.77,7.57,7.68,7.6,22213800.0,170745200.0,1.26,2.63,0.972656,7.47,8.36,6.84,False,True,True,True,False,True,False,1,True,正常
2024-11-29,7.68,7.73,7.65,7.68,7.68,17773600.0,136694000.0,1.01,1.04,0.972656,7.47,8.45,6.91,False,True,True,True,False,True,False,1,True,正常
2024-12-02,7.68,7.78,7.67,7.76,7.68,15836200.0,122295500.0,0.9,1.43,0.972938,7.55,8.45,6.91,False,True,True,True,False,True,False,3,True,正常
2024-12-03,7.78,7.79,7.7,7.78,7.76,17803000.0,137934700.0,1.01,1.16,0.973008,7.57,8.54,6.98,False,True,True,True,False,True,False,1,True,正常
2024-12-04,7.78,7.78,7.69,7.73,7.78,12790100.0,99067600.0,0.73,1.16,0.972833,7.52,8.56,7.0,False,True,True,True,False,True,False,1,True,正常
2024-12-05,7.72,7.74,7.64,7.67,7.73,12708400.0,97558500.0,0.72,1.29,0.972621,7.46,8.5,6.96,False,True,True,True,False,True,False,1,True,正常
2024-12-06,7.65,7.79,7.65,7.78,7.67,16760000.0,129564600.0,0.95,1.83,0.973008,7.57,8.44,6.9,False,True,True,True,False,True,False,1,True,正常
2024-12-09,7.8,7.91,7.75,7.8,7.78,21198100.0,165914400.0,1.2,2.06,0.973077,7.59,8.56,7.0,False,True,True,True,False,True,False,3,True,正常
2024-12-10,7.95,7.96,7.77,7.79,7.8,24374400.0,191499200.0,1.38,2.44,0.973042,7.58,8.58,7.02,False,True,True,True,False,True,False,1,True,正常
2024-12-11,7.78,7.88,7.77,7.84,7.79,14464900.0,113377800.0,0.82,1.41,0.973214,7.63,8.57,7.01,False,True,True,True,False,True,False,1,True,正常
2024-12-12,7.84,7.9,7.8,7.89,7.84,16307400.0,128146000.0,0.93,1.28,0.973384,7.68,8.62,7.06,False,True,True,True,False,True,False,1,True,正常
2024-12-13,7.87,7.87,7.66,7.66,7.89,27728100.0,214529600.0,1.57,2.66,0.972585,7.45,8.68,7.1,False,True,True,True,False,True,False,1,True,正常
2024-12-16,7.68,7.75,7.65,7.68,7.66,17893200.0,137721200.0,1.02,1.31,0.972656,7.47,8.43,6.89,False,True,True,True,False,True,False,3,True,正常
2024-12-17,7.67,7.72,7.54,7.58,7.68,21541000.0,163814200.0,1.22,2.34,0.972296,7.37,8.45,6.91,False,True,True,True,False,True,False,1,True,正常
2024-12-18,7.62,7.66,7.58,7.61,7.58,14092700.0,107329700.0,0.8,1.06,0.972405,7.4,8.34,6.82,False,True,True,True,False,True,False,1,True,正常
2024-12-19,7.58,7.65,7.52,7.65,7.61,13452500.0,102125000.0,0.76,1.71,0.972549,7.44,8.37,6.85,False,True,True,True,False,True,False,1,True,正常
2024-12-20,7.63,7.66,7.58,7.6,7.65,10904500.0,82971400.0,0.62,1.05,0.972368,7.39,8.42,6.89,False,True,True,True,False,True,False,1,True,正常
2024-12-23,7.61,7.65,7.54,7.55,7.6,11978900.0,90976700.0,0.68,1.45,0.972185,7.34,8.36,6.84,False,True,True,True,False,True,False,3,True,正常
2024-12-24,7.55,7.7,7.54,7.69,7.55,15956100.0,122137300.0,0.91,2.12,0.972692,7.48,8.3,6.8,False,True,True,True,False,True,False,1,True,正常
2024-12-25,7.69,7.72,7.64,7.68,7.69,9867200.0,75707500.0,0.56,1.04,0.972656,7.47,8.46,6.92,False,True,True,True,False,True,False,1,True,正常
2024-12-26,7.69,7.7,7.62,7.63,7.68,9417300.0,72051500.0,0.53,1.04,0.972477,7.42,8.45,6.91,False,True,True,True,False,True,False,1,True,正常
2024-12-27,7.64,7.7,7.62,7.7,7.63,14266000.0,109283200.0,0.81,1.05,0.972727,7.49,8.39,6.87,False,True,True,True,False,True,False,1,True,正常
2024-12-30,7.69,7.79,7.67,7.78,7.7,17185600.0,132812200.0,0.98,1.56,0.973008,7.57,8.47,6.93,False,True,True,True,False,True,False,3,True,正常
2024-12-31,7.79,7.97,7.78,7.88,7.78,44513100.0,350945000.0,2.53,2.44,0.97335,7.67,8.56,7.0,False,True,True,True,False,True,False,1,True,正常
2025-01-02,7.88,8.29,7.87,8.05,7.88,65759200.0,533361900.0,3.73,5.33,0.973913,7.84,8.67,7.09,False,True,True,True,False,True,False,2,True,正常
2025-01-03,8.2,8.25,7.91,7.95,8.05,45681600.0,368260000.0,2.59,4.22,0.973585,7.74,8.86,7.25,False,True,True,True,False,True,False,1,True,正常
2025-01-06,7.9,8.22,7.81,8.08,7.95,46888900.0,378904300.0,2.66,5.16,0.97401,7.87,8.75,7.16,False,True,True,True,False,True,False,3,True,正常
2025-01-07,8.09,8.21,8.0,8.13,8.08,32891000.0,266966300.0,1.87,2.6,0.97417,7.92,8.89,7.27,False,True,True,True,False,True,False,1,True,正常
2025-01-08,8.1,8.33,8.0,8.09,8.13,44051200.0,360469100.00000006,2.5,4.06,0.974042,7.88,8.94,7.32,False,True,True,True,False,True,False,1,True,正常
2025-01-09,8.03,8.25,7.94,8.18,8.09,39941000.0,324410000.0,2.27,3.83,0.974328,7.97,8.9,7.28,False,True,True,True,False,True,False,1,True,正常
2025-01-10,8.17,8.4,8.11,8.29,8.18,53863200.0,445757700.0,3.06,3.55,0.974668,8.08,9.0,7.36,False,True,True,True,False,True,False,1,True,正常
2025-01-13,8.27,8.45,8.08,8.35,8.29,44675700.0,369904600.0,2.54,4.46,0.97485,8.14,9.12,7.46,False,True,True,True,False,True,False,3,True,正常
2025-01-14,8.28,8.58,8.27,8.55,8.35,49050600.0,414839700.0,2.78,3.71,0.975439,8.34,9.18,7.52,False,True,True,True,False,True,False,1,True,正常
2025-01-15,8.5,8.65,8.4,8.43,8.55,41067300.0,349623300.0,2.33,2.92,0.975089,8.22,9.41,7.7,False,True,True,True,False,True,False,1,True,正常
2025-01-16,8.43,8.58,8.27,8.55,8.43,52286900.0,439685800.0,2.97,3.68,0.975439,8.34,9.27,7.59,False,True,True,True,False,True,False,1,True,正常
2025-01-17,8.46,8.74,8.35,8.58,8.55,46771900.0,400701000.0,2.66,4.56,0.975524,8.37,9.41,7.7,False,True,True,True,False,True,False,1,True,正常
2025-01-20,8.56,8.62,8.45,8.48,8.58,31074900.0,265359800.0,1.76,1.98,0.975236,8.27,9.44,7.72,False,True,True,True,False,True,False,3,True,正常
2025-01-21,8.49,8.51,8.39,8.42,8.48,16883400.0,142321200.0,0.96,1.42,0.975059,8.21,9.33,7.63,False,True,True,True,False,True,False,1,True,正常
2025-01-22,8.4,8.42,8.23,8.28,8.42,20349600.0,168988600.0,1.16,2.26,0.974638,8.07,9.26,7.58,False,True,True,True,False,True,False,1,True,正常
2025-01-23,8.33,8.51,8.27,8.45,8.28,23414100.0,196630500.0,1.33,2.9,0.975148,8.24,9.11,7.45,False,True,True,True,False,True,False,1,True,正常
2025-01-24,8.39,8.48,8.21,8.43,8.45,24800900.0,206636500.0,1.41,3.2,0.975089,8.22,9.3,7.6,False,True,True,True,False,True,False,1,True,正常
2025-01-27,8.45,8.67,8.41,8.53,8.43,26490800.0,227289600.0,1.5,3.08,0.975381,8.32,9.27,7.59,False,True,True,True,False,True,False,3,True,正常
2025-02-05,8.64,8.66,8.39,8.46,8.53,19597300.0,166849700.0,1.11,3.17,0.975177,8.25,9.38,7.68,False,True,True,True,False,True,False,9,True,正常
2025-02-06,8.43,8.45,8.32,8.38,8.46,19697000.0,165098500.0,1.12,1.54,0.97494,8.17,9.31,7.61,False,True,True,True,False,True,False,1,True,正常
2025-02-07,8.38,8.56,8.34,8.53,8.38,22857400.0,193951300.0,1.3,2.63,0.975381,8.32,9.22,7.54,False,True,True,True,False,True,False,1,True,正常
2025-02-10,8.53,8.54,8.27,8.34,8.53,29077800.0,242703000.0,1.65,3.17,0.97482,8.13,9.38,7.68,False,True,True,True,False,True,False,3,True,正常
2025-02-11,8.34,8.64,8.3,8.5,8.34,30149000.0,257154100.0,1.71,4.08,0.975294,8.29,9.17,7.51,False,True,True,True,False,True,False,1,True,正常
2025-02-12,8.48,8.52,8.35,8.43,8.5,15285900.0,128515100.0,0.87,2.0,0.975089,8.22,9.35,7.65,False,True,True,True,False,True,False,1,True,正常
2025-02-13,8.43,8.5,8.34,8.35,8.43,16806400.0,141275300.0,0.95,1.9,0.97485,8.14,9.27,7.59,False,True,True,True,False,True,False,1,True,正常
2025-02-14,8.32,8.36,8.17,8.22,8.35,22512700.0,185302800.0,1.28,2.28,0.974453,8.01,9.18,7.52,False,True,True,True,False,True,False,1,True,正常
2025-02-17,8.21,8.26,8.08,8.25,8.22,18067000.0,147647700.0,1.03,2.19,0.974545,8.04,9.04,7.4,False,True,True,True,False,True,False,3,True,正常
2025-02-18,8.25,8.3,8.11,8.17,8.25,13399800.0,110243200.0,0.76,2.3,0.974296,7.96,9.08,7.42,False,True,True,True,False,True,False,1,True,正常
2025-02-19,8.18,8.19,8.08,8.14,8.17,12858500.0,104428600.0,0.73,1.35,0.974201,7.93,8.99,7.35,False,True,True,True,False,True,False,1,True,正常
2025-02-20,8.14,8.14,8.06,8.07,8.14,11345000.0,91789800.0,0.64,0.98,0.973978,7.86,8.95,7.33,False,True,True,True,False,True,False,1,True,正常
2025-02-21,8.1,8.13,8.03,8.11,8.07,12417100.0,100392100.0,0.71,1.24,0.974106,7.9,8.88,7.26,False,True,True,True,False,True,False,1,True,正常
2025-02-24,8.1,8.25,8.06,8.17,8.11,17837300.0,145998700.0,1.01,2.34,0.974296,7.96,8.92,7.3,False,True,True,True,False,True,False,3,True,正常
2025-02-25,8.17,8.17,8.01,8.02,8.17,20300200.0,163516100.0,1.15,1.96,0.973815,7.81,8.99,7.35,False,True,True,True,False,True,False,1,True,正常
2025-02-26,8.04,8.12,8.03,8.1,8.02,14255700.0,115126700.0,0.81,1.12,0.974074,7.89,8.82,7.22,False,True,True,True,False,True,False,1,True,正常
2025-02-27,8.1,8.16,8.06,8.15,8.1,12164100.0,98753200.0,0.69,1.23,0.974233,7.94,8.91,7.29,False,True,True,True,False,True,False,1,True,正常
2025-02-28,8.15,8.16,8.03,8.06,8.15,12993600.0,105134500.0,0.74,1.6,0.973945,7.85,8.97,7.34,False,True,True,True,False,True,False,1,True,正常
2025-03-03,8.05,8.12,8.0,8.07,8.06,16273800.0,131006700.0,0.92,1.49,0.973978,7.86,8.87,7.25,False,True,True,True,False,True,False,3,True,正常
2025-03-04,8.05,8.22,8.03,8.14,8.07,16642700.0,135413000.0,0.94,2.35,0.974201,7.93,8.88,7.26,False,True,True,True,False,True,False,1,True,正常
2025-03-05,8.15,8.27,8.11,8.18,8.14,15736600.0,128896300.0,0.89,1.97,0.974328,7.97,8.95,7.33,False,True,True,True,False,True,False,1,True,正常
2025-03-06,8.18,8.19,8.09,8.17,8.18,18277500.0,148472200.0,1.04,1.22,0.974296,7.96,9.0,7.36,False,True,True,True,False,True,False,1,True,正常
2025-03-07,8.15,8.39,8.13,8.25,8.17,22084000.0,182461800.0,1.25,3.18,0.974545,8.04,8.99,7.35,False,True,True,True,False,True,False,1,True,正常
2025-03-10,8.24,8.46,8.21,8.41,8.25,22326800.0,186931000.0,1.27,3.03,0.97503,8.2,9.08,7.42,False,True,True,True,False,True,False,3,True,正常
2025-03-11,8.37,8.4,8.31,8.36,8.41,11532500.0,96313700.0,0.65,1.07,0.97488,8.15,9.25,7.57,False,True,True,True,False,True,False,1,True,正常
2025-03-12,8.37,8.39,8.21,8.25,8.36,16916700.0,139823000.0,0.96,2.15,0.974545,8.04,9.2,7.52,False,True,True,True,False,True,False,1,True,正常
2025-03-13,8.25,8.32,8.16,8.22,8.25,14400400.0,118609900.0,0.82,1.94,0.974453,8.01,9.08,7.42,False,True,True,True,False,True,False,1,True,正常
2025-03-14,8.24,8.3,8.2,8.28,8.22,18749600.0,154923200.0,1.06,1.22,0.974638,8.07,9.04,7.4,False,True,True,True,False,True,False,1,True,正常
2025-03-17,8.3,8.43,8.28,8.34,8.28,16118400.0,134735700.0,0.92,1.81,0.97482,8.13,9.11,7.45,False,True,True,True,False,True,False,3,True,正常
2025-03-18,8.35,8.56,8.27,8.47,8.34,41196800.0,347913300.0,2.34,3.48,0.975207,8.26,9.17,7.51,False,True,True,True,False,True,False,1,True,正常
2025-03-19,8.46,8.57,8.33,8.51,8.47,35807600.0,302337800.0,2.03,2.83,0.975323,8.3,9.32,7.62,False,True,True,True,False,True,False,1,True,正常
2025-03-20,8.52,8.67,8.42,8.45,8.51,19844800.0,168962900.0,1.13,2.94,0.975148,8.24,9.36,7.66,False,True,True,True,False,True,False,1,True,正常
2025-03-21,8.41,8.51,8.35,8.4,8.45,15317300.0,129123800.0,0.87,1.89,0.975,8.19,9.3,7.6,False,True,True,True,False,True,False,1,True,正常
2025-03-24,8.43,8.46,8.29,8.44,8.4,20973000.0,175689100.0,1.19,2.02,0.975118,8.23,9.24,7.56,False,True,True,True,False,True,False,3,True,正常
2025-03-25,8.43,8.66,8.41,8.55,8.44,26970600.0,230819100.0,1.53,2.96,0.975439,8.34,9.28,7.6,False,True,True,True,False,True,False,1,True,正常
2025-03-26,8.55,9.0,8.5,8.76,8.55,61818900.0,540590100.0,3.51,5.85,0.976027,8.55,9.41,7.7,False,True,True,True,False,True,False,1,True,正常
2025-03-27,8.65,8.87,8.63,8.68,8.76,36945500.0,322609200.0,2.1,2.74,0.975806,8.47,9.64,7.88,False,True,True,True,False,True,False,1,True,正常
2025-03-28,8.68,8.68,8.45,8.49,8.68,23457000.0,200225400.0,1.33,2.65,0.975265,8.28,9.55,7.81,False,True,True,True,False,True,False,1,True,正常
2025-03-31,8.49,8.55,8.38,8.48,8.49,15752200.0,133401700.0,0.89,2.0,0.975236,8.27,9.34,7.64,False,True,True,True,False,True,False,3,True,正常
2025-04-01,8.5,8.65,8.42,8.63,8.48,17004500.0,145706000.0,0.97,2.71,0.975666,8.42,9.33,7.63,False,True,True,True,False,True,False,1,True,正常
2025-04-02,8.63,8.73,8.53,8.6,8.63,17327300.0,148903300.0,0.98,2.32,0.975581,8.39,9.49,7.77,False,True,True,True,False,True,False,1,True,正常
2025-04-03,8.51,9.11,8.49,9.08,8.6,56838400.0,507343800.0,3.23,7.21,0.976872,8.87,9.46,7.74,False,True,True,True,False,True,False,1,True,正常
2025-04-07,8.6,8.79,8.17,8.17,9.08,59904700.0,504093500.0,3.4,6.83,0.974296,7.96,9.99,8.17,False,True,True,True,False,True,False,4,True,正常
2025-04-08,8.16,8.51,8.14,8.44,8.17,44539400.0,371632500.0,2.53,4.53,0.975118,8.23,8.99,7.35,False,True,True,True,False,True,False,1,True,正常
2025-04-09,8.36,9.28,8.02,9.28,8.44,76265900.0,661640700.0000001,4.33,14.93,0.977371,9.07,9.28,7.6,False,True,True,True,False,True,False,1,True,正常
2025-04-10,9.98,10.21,9.4,9.53,9.28,208599400.0,2044450000.0,11.84,8.73,0.977964,9.32,10.21,8.35,False,True,True,True,False,True,False,1,True,正常
2025-04-11,10.28,10.48,9.73,10.48,9.53,278898400.0,2861595600.0,15.83,7.87,0.979962,10.27,10.48,8.58,False,True,True,True,False,True,False,1,True,正常
2025-04-14,10.11,11.5,9.99,10.8,10.48,344170600.0,3662427700.0,19.54,14.41,0.980556,10.59,11.53,9.43,False,True,True,True,False,True,False,3,True,正常
2025-04-15,
10.59,10.68,9.72,9.72,10.8,224285900.0,2261184200.0,12.59,8.89,0.978395,9.51,11.88,9.72,False,True,True,True,False,True,False,1,True,正常
2025-04-16,9.37,10.17,9.19,9.46,9.72,188046300.0,1812777900.0,10.39,10.08,0.977801,9.25,10.69,8.75,False,True,True,True,False,True,False,1,True,正常
2025-04-17,9.45,9.57,9.09,9.19,9.46,156446900.0,1451400500.0,8.64,5.07,0.977149,8.98,10.41,8.51,False,True,True,True,False,True,False,1,True,正常
2025-04-18,9.13,9.22,8.75,8.75,9.19,124205400.0,1104649000.0,6.86,5.11,0.976,8.54,10.11,8.27,False,True,True,True,False,True,False,1,True,正常
2025-04-21,8.68,8.87,8.67,8.72,8.75,80449800.0,702900600.0,4.45,2.29,0.975917,8.51,9.62,7.88,False,True,True,True,False,True,False,3,True,正常
2025-04-22,8.81,9.33,8.8,9.27,8.72,166923200.0,1515140100.0,9.22,6.08,0.977346,9.06,9.59,7.85,False,True,True,True,False,True,False,1,True,正常
2025-04-23,9.08,9.33,9.01,9.06,9.27,111538600.0,1019298500.0,6.16,3.45,0.976821,8.85,10.2,8.34,False,True,True,True,False,True,False,1,True,正常
2025-04-24,9.01,9.2,8.85,9.02,9.06,68536200.0,617491500.0,3.79,3.86,0.976718,8.81,9.97,8.15,False,True,True,True,False,True,False,1,True,正常
2025-04-25,8.98,9.04,8.8,8.89,9.02,59096300.0,525686200.0,3.27,2.66,0.976378,8.68,9.92,8.12,False,True,True,True,False,True,False,1,True,正常
2025-04-28,8.89,9.06,8.75,8.84,8.89,46605600.0,413894500.0,2.58,3.49,0.976244,8.63,9.78,8.0,False,True,True,True,False,True,False,3,True,正常
2025-04-29,8.7,8.91,8.61,8.69,8.84,57602900.0,506131900.0,3.18,3.39,0.975834,8.48,9.72,7.96,False,True,True,True,False,True,False,1,True,正常
2025-04-30,8.69,8.74,8.44,8.45,8.69,68871600.0,589331700.0,3.81,3.45,0.975148,8.24,9.56,7.82,False,True,True,True,False,True,False,1,True,正常
2025-05-06,8.49,8.61,8.45,8.6,8.45,43054400.0,367349600.0,2.38,1.89,0.975581,8.39,9.3,7.6,False,True,True,True,False,True,False,6,True,正常
2025-05-07,8.65,8.79,8.59,8.67,8.6,44823000.0,389023500.0,2.48,2.33,0.975779,8.46,9.46,7.74,False,True,True,True,False,True,False,1,True,正常
2025-05-08,8.65,8.69,8.59,8.64,8.67,29994300.0,259561000.0,1.66,1.15,0.975694,8.43,9.54,7.8,False,True,True,True,False,True,False,1,True,正常
2025-05-09,8.66,8.68,8.47,8.52,8.64,32926700.0,281538000.0,1.82,2.43,0.975352,8.31,9.5,7.78,False,True,True,True,False,True,False,1,True,正常
2025-05-12,8.55,8.6,8.45,8.51,8.52,33847900.0,288047300.0,1.87,1.76,0.975323,8.3,9.37,7.67,False,True,True,True,False,True,False,3,True,正常
2025-05-13,8.6,9.04,8.6,8.97,8.51,112756900.0,992183100.0,6.23,5.17,0.976589,8.76,9.36,7.66,False,True,True,True,False,True,False,1,True,正常
2025-05-14,8.89,9.25,8.77,9.19,8.97,125777900.0,1138102100.0,6.95,5.35,0.977149,8.98,9.87,8.07,False,True,True,True,False,True,False,1,True,正常
2025-05-15,9.21,9.47,8.89,8.89,9.19,101886400.0,932874000.0,5.63,6.31,0.976378,8.68,10.11,8.27,False,True,True,True,False,True,False,1,True,正常
2025-05-16,8.8,8.93,8.66,8.74,8.89,63655600.0,556612300.0,3.52,3.04,0.975973,8.53,9.78,8.0,False,True,True,True,False,True,False,1,True,正常
2025-05-19,8.7,9.2,8.69,9.02,8.74,80395300.0,725800600.0,4.44,5.84,0.976718,8.81,9.61,7.87,False,True,True,True,False,True,False,3,True,正常
2025-05-20,9.0,9.02,8.74,8.77,9.02,62394600.0,548615500.0,3.45,3.1,0.976055,8.56,9.92,8.12,False,True,True,True,False,True,False,1,True,正常
2025-05-21,8.7,9.65,8.66,9.17,8.77,134705700.0,1236345300.0,7.44,11.29,0.977099,8.96,9.65,7.89,False,True,True,True,False,True,False,1,True,正常
2025-05-22,9.11,9.49,9.05,9.32,9.17,136411600.0,1260016700.0,7.54,4.8,0.977468,9.11,10.09,8.25,False,True,True,True,False,True,False,1,True,正常
2025-05-23,9.21,9.22,8.85,8.86,9.32,90499300.0,815050200.0,5.0,3.97,0.976298,8.65,10.25,8.39,False,True,True,True,False,True,False,1,True,正常
2025-05-26,8.85,8.92,8.77,8.92,8.86,40924500.0,362072500.0,2.26,1.69,0.976457,8.71,9.75,7.97,False,True,True,True,False,True,False,3,True,正常
2025-05-27,8.88,8.9,8.81,8.84,8.92,31510900.0,278625500.0,1.74,1.01,0.976244,8.63,9.81,8.03,False,True,True,True,False,True,False,1,True,正常
2025-05-28,8.8,8.81,8.53,8.56,8.84,49177000.0,424521100.0,2.72,3.17,0.981308,8.4,9.72,7.96,False,True,True,True,False,True,False,1,True,正常
2025-05-29,8.5,8.69,8.48,8.62,8.56,32843200.0,282893100.0,1.81,2.45,0.981439,8.46,9.42,7.7,False,True,True,True,False,True,False,1,True,正常
2025-05-30,8.59,8.8,8.58,8.66,8.62,35237300.0,306026900.0,1.95,2.55,0.981524,8.5,9.48,7.76,False,True,True,True,False,True,False,1,True,正常
2025-06-03,8.61,8.74,8.58,8.67,8.66,23819400.0,206716200.0,1.32,1.85,0.981546,8.51,9.53,7.79,False,True,True,True,False,True,False,4,True,正常
2025-06-04,8.66,8.69,8.58,8.68,8.67,23495600.0,202926300.0,1.3,1.27,0.981567,8.52,9.54,7.8,False,True,True,True,False,True,False,1,True,正常
2025-06-05,8.67,8.7,8.58,8.6,8.68,23163100.0,199583300.00000003,1.28,1.38,0.981395,8.44,9.55,7.81,False,True,True,True,False,True,False,1,True,正常
2025-06-06,8.62,8.79,8.58,8.69,8.6,30473800.0,264552100.0,1.68,2.44,0.981588,8.53,9.46,7.74,False,True,True,True,False,True,False,1,True,正常
2025-06-09,8.65,8.72,8.62,8.67,8.69,27753300.0,240641300.0,1.53,1.15,0.981546,8.51,9.56,7.82,False,True,True,True,False,True,False,3,True,正常
2025-06-10,8.64,8.98,8.6,8.86,8.67,69036800.0,604740000.0,3.81,4.38,0.981941,8.7,9.54,7.8,False,True,True,True,False,True,False,1,True,正常
2025-06-11,8.78,8.88,8.68,8.78,8.86,49301600.0,431945300.0,2.72,2.26,0.981777,8.62,9.75,7.97,False,True,True,True,False,True,False,1,True,正常
2025-06-12,8.72,8.74,8.65,8.66,8.78,30299300.0,262888400.0,1.67,1.03,0.981524,8.5,9.66,7.9,False,True,True,True,False,True,False,1,True,正常
2025-06-13,8.64,8.7,8.57,8.63,8.66,39488200.0,340090199.99999994,2.18,1.5,0.98146,8.47,9.53,7.79,False,True,True,True,False,True,False,1,True,正常
2025-06-16,8.58,8.63,8.54,8.61,8.63,16300000.0,140168600.0,0.9,1.04,0.981417,8.45,9.49,7.77,False,True,True,True,False,True,False,3,True,正常
2025-06-17,8.6,8.61,8.55,8.58,8.61,17022800.0,145970200.0,0.94,0.7,0.981352,8.42,9.47,7.75,False,True,True,True,False,True,False,1,True,正常
2025-06-18,8.56,8.61,8.33,8.35,8.58,33878800.0,286136700.0,1.87,3.26,0.980838,8.19,9.44,7.72,False,True,True,True,False,True,False,1,True,正常
2025-06-19,8.34,8.34,8.12,8.14,8.35,32223800.0,264501700.0,1.78,2.63,0.980344,7.98,9.18,7.52,False,True,True,True,False,True,False,1,True,正常
2025-06-20,8.15,8.22,8.15,8.19,8.14,16915800.0,138483200.0,0.93,0.86,0.980464,8.03,8.95,7.33,False,True,True,True,False,True,False,1,True,正常
2025-06-23,8.27,8.43,8.23,8.39,8.19,28610900.0,238598100.0,1.58,2.44,0.98093,8.23,9.01,7.37,False,True,True,True,False,True,False,3,True,正常
2025-06-24,8.28,8.35,8.2,8.3,8.39,25654600.0,212624400.0,1.42,1.79,0.980723,8.14,9.23,7.55,False,True,True,True,False,True,False,1,True,正常
2025-06-25,8.3,8.35,8.27,8.34,8.3,18495100.0,153766100.0,1.02,0.96,0.980815,8.18,9.13,7.47,False,True,True,True,False,True,False,1,True,正常
2025-06-26,8.32,8.34,8.25,8.26,8.34,19221800.0,159243800.0,1.06,1.08,0.98063,8.1,9.17,7.51,False,True,True,True,False,True,False,1,True,正常
2025-06-27,8.27,8.31,8.25,8.26,8.26,14391600.0,119058900.0,0.8,0.73,0.98063,8.1,9.09,7.43,False,True,True,True,False,True,False,1,True,正常
2025-06-30,8.26,8.27,8.23,8.25,8.26,14213600.0,117244700.0,0.79,0.48,0.980606,8.09,9.09,7.43,False,True,True,True,False,True,False,3,True,正常
2025-07-01,8.26,8.33,8.24,8.3,8.25,16856300.0,139468100.0,0.91,1.09,0.980723,8.14,9.08,7.42,False,True,True,True,False,True,False,1,True,正常
2025-07-02,8.33,8.38,8.28,8.3,8.3,20149500.0,167480700.0,1.09,1.2,0.980723,8.14,9.13,7.47,False,True,True,True,False,True,False,1,True,正常
2025-07-03,8.31,8.32,8.23,8.27,8.3,15695500.0,129686300.0,0.85,1.08,0.980653,8.11,9.13,7.47,False,True,True,True,False,True,False,1,True,正常
2025-07-04,8.29,8.34,8.28,8.3,8.27,17227600.0,143059700.0,0.93,0.73,0.980723,8.14,9.1,7.44,False,True,True,True,False,True,False,1,True,正常
2025-07-07,8.27,8.28,8.18,8.21,8.3,20565300.0,169257500.0,1.11,1.2,0.980512,8.05,9.13,7.47,False,True,True,True,False,True,False,3,True,正常
2025-07-08,8.21,8.24,8.16,8.22,8.21,20018700.0,164210600.0,1.08,0.97,0.980535,8.06,9.03,7.39,False,True,True,True,False,True,False,1,True,正常
2025-07-09,8.21,8.23,8.15,8.16,8.22,25820500.0,211457300.0,1.39,0.97,0.980392,8.0,9.04,7.4,False,True,True,True,False,True,False,1,True,正常
2025-07-10,8.16,8.24,8.14,8.22,8.16,19223400.0,157292700.0,1.04,1.23,0.980535,8.06,8.98,7.34,False,True,True,True,False,True,False,1,True,正常
2025-07-11,8.22,8.26,8.19,8.22,8.22,19320900.0,158926000.0,1.04,0.85,0.980535,8.06,9.04,7.4,False,True,True,True,False,True,False,1,True,正常
2025-07-14,8.22,8.25,8.21,8.23,8.22,12310800.0,101329300.0,0.66,0.49,0.980559,8.07,9.04,7.4,False,True,True,True,False,True,False,3,True,正常
2025-07-15,8.22,8.24,8.13,8.15,8.23,26457400.0,216006800.0,1.43,1.34,0.980368,7.99,9.05,7.41,False,True,True,True,False,True,False,1,True,正常
2025-07-16,8.14,8.19,8.13,8.17,8.15,11205800.0,91435200.0,0.6,0.74,0.980416,8.01,8.97,7.34,False,True,True,True,False,True,False,1,True,正常
2025-07-17,8.17,8.18,8.13,8.16,8.17,10869200.0,88593100.0,0.59,0.61,0.980392,8.0,8.99,7.35,False,True,True,True,False,True,False,1,True,正常
2025-07-18,8.17,8.19,8.15,8.17,8.16,11099600.0,90626600.0,0.6,0.49,0.980416,8.01,8.98,7.34,False,True,True,True,False,True,False,1,True,正常
2025-07-21,8.17,8.26,8.17,8.26,8.17,26691500.0,219620700.0,1.44,1.1,0.98063,8.1,8.99,7.35,False,True,True,True,False,True,False,3,True,正常
2025-07-22,8.26,8.41,8.25,8.4,8.26,42725900.0,356310800.0,2.31,1.94,0.980952,8.24,9.09,7.43,False,True,True,True,False,True,False,1,True,正常
2025-07-23,8.41,8.43,8.32,8.34,8.4,28439600.0,238326900.0,1.53,1.31,0.980815,8.18,9.24,7.56,False,True,True,True,False,True,False,1,True,正常
2025-07-24,8.33,8.48,8.31,8.48,8.34,28649900.0,241160700.0,1.55,2.04,0.981132,8.32,9.17,7.51,False,True,True,True,False,True,False,1,True,正常
2025-07-25,8.48,8.48,8.39,8.39,8.48,23933200.0,201678000.0,1.29,1.06,0.98093,8.23,9.33,7.63,False,True,True,True,False,True,False,1,True,正常
2025-07-28,8.4,8.41,8.3,8.32,8.39,18630100.0,155267600.0,1.01,1.31,0.980769,8.16,9.23,7.55,False,True,True,True,False,True,False,3,True,正常
2025-07-29,8.32,8.34,8.24,8.29,8.32,17700900.0,146515700.0,0.96,1.2,0.9807,8.13,9.15,7.49,False,True,True,True,False,True,False,1,True,正常
2025-07-30,8.28,8.38,8.27,8.3,8.29,19080200.0,159063600.0,1.03,1.33,0.980723,8.14,9.12,7.46,False,True,True,True,False,True,False,1,True,正常
2025-07-31,8.3,8.3,8.15,8.16,8.3,26297000.0,215721900.0,1.42,1.81,0.980392,8.0,9.13,7.47,False,True,True,True,False,True,False,1,True,正常
2025-08-01,8.16,8.2,8.14,8.17,8.16,10608300.0,86660700.0,0.57,0.74,0.980416,8.01,8.98,7.34,False,True,True,True,False,True,False,1,True,正常
2025-08-04,8.15,8.18,8.11,8.18,8.17,9444100.0,77036600.0,0.51,0.86,0.98044,8.02,8.99,7.35,False,True,True,True,False,True,False,3,True,正常
2025-08-05,8.19,8.23,8.18,8.22,8.18,9996900.0,82055800.0,0.54,0.61,0.980535,8.06,9.0,7.36,False,True,True,True,False,True,False,1,True,正常
2025-08-06,8.22,8.26,8.17,8.25,8.22,13700100.0,112644700.0,0.74,1.09,0.980606,8.09,9.04,7.4,False,True,True,True,False,True,False,1,True,正常
2025-08-07,8.25,8.25,8.21,8.23,8.25,11202900.0,92143100.0,0.6,0.48,0.980559,8.07,9.08,7.42,False,True,True,True,False,True,False,1,True,正常
2025-08-08,8.23,8.28,8.2,8.27,8.23,13684700.0,112877200.0,0.74,0.97,0.980653,8.11,9.05,7.41,False,True,True,True,False,True,False,1,True,正常
2025-08-11,8.28,8.34,8.27,8.32,8.27,16260900.0,135109800.0,0.88,0.85,0.980769,8.16,9.1,7.44,False,True,True,True,False,True,False,3,True,正常
2025-08-12,8.32,8.37,8.28,8.34,8.32,21504500.0,179204100.0,1.16,1.08,0.980815,8.18,9.15,7.49,False,True,True,True,False,True,False,1,True,正常
2025-08-13,8.33,8.34,8.27,8.29,8.34,17339200.0,143764900.0,0.94,0.84,0.9807,8.13,9.17,7.51,False,True,True,True,False,True,False,1,True,正常
2025-08-14,8.3,8.32,8.22,8.23,8.29,17881500.0,147963700.0,0.96,1.21,0.980559,8.07,9.12,7.46,False,True,True,True,False,True,False,1,True,正常
2025-08-15,8.22,8.29,8.2,8.28,8.23,16203800.0,133641600.0,0.87,1.09,0.980676,8.12,9.05,7.41,False,True,True,True,False,True,False,1,True,正常
2025-08-18,8.28,8.34,8.27,8.29,8.28,25430900.0,211191000.0,1.37,0.85,0.9807,8.13,9.11,7.45,False,True,True,True,False,True,False,3,True,正常
2025-08-19,8.3,8.35,8.28,8.33,8.29,17903300.0,148812800.0,0.97,0.84,0.980792,8.17,9.12,7.46,False,True,True,True,False,True,False,1,True,正常
2025-08-20,8.31,8.32,8.27,8.32,8.33,16795900.0,139275000.0,0.91,0.6,0.980769,8.16,9.16,7.5,False,True,True,True,False,True,False,1,True,正常
2025-08-21,8.33,8.4,8.31,8.38,8.32,26102900.0,218378300.00000003,1.41,1.08,0.980907,8.22,9.15,7.49,False,True,True,True,False,True,False,1,True,正常
2025-08-22,8.37,8.38,8.3,8.38,8.38,24016500.0,200197400.00000003,1.3,0.95,0.980907,8.22,9.22,7.54,False,True,True,True,False,True,False,1,True,正常
2025-08-25,8.49,8.61,8.45,8.59,8.38,55290700.0,473070000.0,2.98,1.91,0.981374,8.43,9.22,7.54,False,True,True,True,False,True,False,3,True,正常
2025-08-26,8.59,8.62,8.51,8.53,8.59,28387000.0,243083700.0,1.53,1.28,0.981243,8.37,9.45,7.73,False,True,True,True,False,True,False,1,True,正常
2025-08-27,8.54,8.56,8.35,8.36,8.53,34785400.0,294149800.0,1.88,2.46,0.980861,8.2,9.38,7.68,False,True,True,True,False,True,False,1,True,正常
2025-08-28,8.37,8.43,8.27,8.41,8.36,30419700.0,254302100.0,1.64,1.91,0.980975,8.25,9.2,7.52,False,True,True,True,False,True,False,1,True,正常
2025-08-29,8.39,8.48,8.36,8.41,8.41,26633100.0,224942700.0,1.44,1.43,0.980975,8.25,9.25,7.57,False,True,True,True,False,True,False,1,True,正常
2025-09-01,8.52,8.61,8.48,8.57,8.41,32303100.0,276377900.0,1.74,1.55,0.98133,8.41,9.25,7.57,False,True,True,True,False,True,False,3,True,正常
2025-09-02,8.58,8.71,8.5,8.63,8.57,39149200.0,337151300.0,2.11,2.45,0.98146,8.47,9.43,7.71,False,True,True,True,False,True,False,1,True,正常
2025-09-03,8.6,8.63,8.41,8.44,8.63,23672800.0,200921400.0,1.28,2.55,0.981043,8.28,9.49,7.77,False,True,True,True,False,True,False,1,True,正常
2025-09-04,8.44,8.66,8.39,8.62,8.44,34893900.0,297696100.0,1.88,3.2,0.981439,8.46,9.28,7.6,False,True,True,True,False,True,False,1,True,正常
2025-09-05,8.58,8.64,8.53,8.63,8.62,30389900.0,260871000.0,1.64,1.28,0.98146,8.47,9.48,7.76,False,True,True,True,False,True,False,1,True,正常
2025-09-08,8.63,8.79,8.61,8.77,8.63,38104500.0,332934100.00000006,2.06,2.09,0.981756,8.61,9.49,7.77,False,True,True,True,False,True,False,3,True,正常
2025-09-09,8.84,9.04,8.7,9.04,8.77,81894300.0,731001700.0,4.42,3.88,0.982301,8.88,9.65,7.89,False,True,True,True,False,True,False,1,True,正常
2025-09-10,8.93,8.98,8.81,8.85,9.04,42048400.0,372900100.0,2.27,1.88,0.981921,8.69,9.94,8.14,False,True,True,True,False,True,False,1,True,正常
2025-09-11,8.83,8.89,8.73,8.88,8.85,33941300.0,298618000.0,1.83,1.81,0.981982,8.72,9.74,7.96,False,True,True,True,False,True,False,1,True,正常
2025-09-12,8.89,8.95,8.78,8.81,8.88,27659400.0,244472800.0,1.49,1.91,0.981839,8.65,9.77,7.99,False,True,True,True,False,True,False,1,True,正常
2025-09-15,8.85,8.94,8.77,8.82,8.81,23255100.0,205031100.0,1.25,1.93,0.981859,8.66,9.69,7.93,False,True,True,True,False,True,False,3,True,正常
2025-09-16,8.77,8.83,8.68,8.75,8.82,25261600.0,220688800.0,1.36,1.7,0.981714,8.59,9.7,7.94,False,True,True,True,False,True,False,1,True,正常
2025-09-17,8.75,8.79,8.66,8.73,8.75,20620500.0,179819300.0,1.11,1.49,0.981672,8.57,9.62,7.88,False,True,True,True,False,True,False,1,True,正常
2025-09-18,8.73,8.74,8.53,8.57,8.73,27713100.0,239489100.0,1.5,2.41,0.98133,8.41,9.6,7.86,False,True,True,True,False,True,False,1,True,正常
2025-09-19,8.62,8.71,8.57,8.66,8.57,18717500.0,161556400.0,1.01,1.63,0.981524,8.5,9.43,7.71,False,True,True,True,False,True,False,1,True,正常
2025-09-22,8.68,8.69,8.52,8.54,8.66,17968500.0,154086800.0,0.97,1.96,0.981265,8.38,9.53,7.79,False,True,True,True,False,True,False,3,True,正常
2025-09-23,8.5,8.62,8.46,8.56,8.54,22874100.0,195380200.0,1.23,1.87,0.981308,8.4,9.39,7.69,False,True,True,True,False,True,False,1,True,正常
2025-09-24,8.51,8.65,8.47,8.62,8.56,19045900.0,163393300.0,1.03,2.1,0.981439,8.46,9.42,7.7,False,True,True,True,False,True,False,1,True,正常
2025-09-25,8.6,8.61,8.42,8.46,8.62,22145700.0,187944000.0,1.19,2.2,0.981087,8.3,9.48,7.76,False,True,True,True,False,True,False,1,True,正常
2025-09-26,8.43,8.5,8.41,8.47,8.46,12453200.0,105346900.0,0.67,1.06,0.98111,8.31,9.31,7.61,False,True,True,True,False,True,False,1,True,正常
2025-09-29,8.43,8.5,8.42,8.49,8.47,13251400.0,112217200.0,0.71,0.94,0.981154,8.33,9.32,7.62,False,True,True,True,False,True,False,3,True,正常
2025-09-30,8.5,8.53,8.41,8.42,8.49,16513500.0,139315600.0,0.89,1.41,0.980998,8.26,9.34,7.64,False,True,True,True,False,True,False,1,True,正常
2025-10-09,8.43,8.55,8.41,8.55,8.42,17791400.0,151201300.0,0.96,1.66,0.981287,8.39,9.26,7.58,False,True,True,True,False,True,False,9,True,正常
2025-10-10,8.55,8.65,8.52,8.62,8.55,18734600.0,161101400.0,1.01,1.52,0.981439,8.46,9.41,7.7,False,True,True,True,False,True,False,1,True,正常
2025-10-13,8.48,8.8,8.46,8.78,8.62,39830500.0,345126600.00000006,2.15,3.94,0.981777,8.62,9.48,7.76,False,True,True,True,False,True,False,3,True,正常
2025-10-14,8.79,8.94,8.7,8.83,8.78,46382300.0,410034300.0,2.5,2.73,0.98188,8.67,9.66,7.9,False,True,True,True,False,True,False,1,True,正常
2025-10-15,8.8,8.85,8.7,8.76,8.83,24018800.0,210148100.0,1.3,1.7,0.981735,8.6,9.71,7.95,False,True,True,True,False,True,False,1,True,正常
2025-10-16,8.76,8.8,8.7,8.76,8.76,20309900.0,177682599.99999997,1.1,1.14,0.981735,8.6,9.64,7.88,False,True,True,True,False,True,False,1,True,正常
2025-10-17,8.75,8.86,8.71,8.74,8.76,23103100.0,202640800.00000003,1.25,1.71,0.981693,8.58,9.64,7.88,False,True,True,True,False,True,False,1,True,正常
2025-10-20,8.76,8.92,8.73,8.87,8.74,29813400.0,263736000.0,1.61,2.17,0.981962,8.71,9.61,7.87,False,True,True,True,False,True,False,3,True,正常
2025-10-21,8.84,8.94,8.78,8.91,8.87,24032600.0,213694900.00000003,1.3,1.8,0.982043,8.75,9.76,7.98,False,True,True,True,False,True,False,1,True,正常
2025-10-22,8.84,8.96,8.8,8.85,8.91,22724500.0,201604700.0,1.23,1.8,0.99096,8.77,9.8,8.02,False,True,True,True,False,True,False,1,True,正常
2025-10-23,8.83,9.03,8.83,8.98,8.85,30722400.0,275580400.0,1.66,2.26,0.991091,8.9,9.74,7.96,False,True,True,True,False,True,False,1,True,正常
2025-10-24,8.97,9.08,8.85,9.02,8.98,33852200.0,303607800.0,1.83,2.56,0.991131,8.94,9.88,8.08,False,True,True,True,False,True,False,1,True,正常
2025-10-27,9.01,9.1,8.94,9.06,9.02,27564000.0,249035200.0,1.49,1.77,0.99117,8.98,9.92,8.12,False,True,True,True,False,True,False,3,True,正常
2025-10-28,9.02,9.05,8.74,8.89,9.06,41626300.0,370579600.0,2.25,3.42,0.991001,8.81,9.97,8.15,False,True,True,True,False,True,False,1,True,正常
2025-10-29,8.91,8.93,8.72,8.82,8.89,26597200.0,233865600.0,1.44,2.36,0.99093,8.74,9.78,8.0,False,True,True,True,False,True,False,1,True,正常
2025-10-30,8.82,8.91,8.77,8.79,8.82,21266300.0,187985000.0,1.15,1.59,0.990899,8.71,9.7,7.94,False,True,True,True,False,True,False,1,True,正常
2025-10-31,8.8,8.86,8.71,8.76,8.79,19452300.0,170468200.0,1.05,1.71,0.990868,8.68,9.67,7.91,False,True,True,True,False,True,False,1,True,正常
2025-11-03,8.74,8.84,8.74,8.83,8.76,14937400.0,131573700.0,0.81,1.14,0.99094,8.75,9.64,7.88,False,True,True,True,False,True,False,3,True,正常
2025-11-04,8.9,9.09,8.89,8.95,8.83,34019600.0,305998500.0,1.84,2.27,0.991061,8.87,9.71,7.95,False,True,True,True,False,True,False,1,True,正常
2025-11-05,8.89,8.96,8.86,8.92,8.95,15211800.0,135590500.0,0.82,1.12,0.991031,8.84,9.85,8.06,False,True,True,True,False,True,False,1,True,正常
2025-11-06,8.93,9.03,8.9,9.01,8.92,17801100.0,160252000.0,0.96,1.46,0.991121,8.93,9.81,8.03,False,True,True,True,False,True,False,1,True,正常
2025-11-07,9.03,9.09,8.93,8.96,9.01,16675700.0,150207600.0,0.9,1.78,0.991071,8.88,9.91,8.11,False,True,True,True,False,True,False,1,True,正常
2025-11-10,8.94,9.02,8.91,8.99,8.96,15164500.0,135879300.0,0.82,1.23,0.991101,8.91,9.86,8.06,False,True,True,True,False,True,False,3,True,正常
2025-11-11,8.99,9.03,8.93,8.98,8.99,13000800.0,116901300.0,0.7,1.11,0.991091,8.9,9.89,8.09,False,True,True,True,False,True,False,1,True,正常
2025-11-12,9.0,9.05,8.9,8.91,8.98,15705900.0,140783700.0,0.85,1.67,0.991021,8.83,9.88,8.08,False,True,True,True,False,True,False,1,True,正常
2025-11-13,8.91,8.99,8.9,8.96,8.91,14669900.0,131291900.0,0.73,1.01,0.991071,8.88,9.8,8.02,False,True,True,True,False,True,False,1,True,正常
2025-11-14,8.95,9.43,8.94,9.17,8.96,46737200.0,432137800.0,2.33,5.47,0.991276,9.09,9.86,8.06,False,True,True,True,False,True,False,1,True,正常
2025-11-17,9.15,9.23,9.02,9.06,9.17,24048400.0,218378800.0,1.2,2.29,0.99117,8.98,10.09,8.25,False,True,True,True,False,True,False,3,True,正常
2025-11-18,9.04,9.1,8.87,8.89,9.06,20328900.0,182140300.0,1.01,2.54,0.991001,8.81,9.97,8.15,False,True,True,True,False,True,False,1,True,正常
2025-11-19,8.93,8.95,8.76,8.84,8.89,16187300.0,142906800.0,0.81,2.14,0.99095,8.76,9.78,8.0,False,True,True,True,False,True,False,1,True,正常
2025-11-20,8.85,8.89,8.78,8.79,8.84,12923100.0,114129100.0,0.64,1.24,0.990899,8.71,9.72,7.96,False,True,True,True,False,True,False,1,True,正常
2025-11-21,8.77,8.85,8.68,8.68,8.79,26858100.0,235446900.0,1.34,1.93,0.990783,8.6,9.67,7.91,False,True,True,True,False,True,False,1,True,正常
2025-11-24,8.7,8.75,8.59,8.65,8.68,18194000.0,157572200.0,0.91,1.84,0.990751,8.57,9.55,7.81,False,True,True,True,False,True,False,3,True,正常
2025-11-25,8.68,8.75,8.63,8.75,8.65,16160000.0,140636000.0,0.8,1.39,0.990857,8.67,9.52,7.78,False,True,True,True,False,True,False,1,True,正常
2025-11-26,8.71,8.84,8.71,8.74,8.75,12624700.0,110941700.0,0.63,1.49,0.990847,8.66,9.62,7.88,False,True,True,True,False,True,False,1,True,正常
2025-11-27,8.76,8.77,8.66,8.67,8.74,10708800.0,93184800.0,0.53,1.26,0.990773,8.59,9.61,7.87,False,True,True,True,False,True,False,1,True,正常
2025-11-28,8.67,8.76,8.62,8.75,8.67,9508200.0,82670600.0,0.47,1.61,0.990857,8.67,9.54,7.8,False,True,True,True,False,True,False,1,True,正常
2025-12-01,8.79,9.02,8.78,9.0,8.75,21992800.0,196223000.0,1.09,2.74,0.991111,8.92,9.62,7.88,False,True,True,True,False,True,False,3,True,正常
2025-12-02,9.02,9.15,8.98,9.1,9.0,20815700.0,188797800.0,1.04,1.89,0.991209,9.02,9.9,8.1,False,True,True,True,False,True,False,1,True,正常
2025-12-03,9.12,9.16,9.01,9.04,9.1,20115200.0,183013400.0,1.0,1.65,0.99115,8.96,10.01,8.19,False,True,True,True,False,True,False,1,True,正常
2025-12-04,9.05,9.1,8.96,9.01,9.04,14150800.0,127582000.0,0.7,1.55,0.991121,8.93,9.94,8.14,False,True,True,True,False,True,False,1,True,正常
2025-12-05,9.0,9.02,8.86,8.99,9.01,14766200.0,132088400.0,0.73,1.78,0.991101,8.91,9.91,8.11,False,True,True,True,False,True,False,1,True,正常
2025-12-08,8.99,9.03,8.92,8.96,8.99,11079500.0,99303600.0,0.55,1.22,0.991071,8.88,9.89,8.09,False,True,True,True,False,True,False,3,True,正常
2025-12-09,8.98,8.99,8.86,8.87,8.96,10735000.0,95598400.0,0.53,1.45,0.990981,8.79,9.86,8.06,False,True,True,True,False,True,False,1,True,正常
2025-12-10,8.86,9.06,8.85,9.04,8.87,13970800.0,125159300.0,0.7,2.37,0.99115,8.96,9.76,7.98,False,True,True,True,False,True,False,1,True,正常
2025-12-11,9.02,9.04,8.86,8.87,9.04,13318700.0,118780900.0,0.66,1.99,0.990981,8.79,9.94,8.14,False,True,True,True,False,True,False,1,True,正常
2025-12-12,8.87,8.91,8.82,8.83,8.87,14417500.0,127687000.0,0.72,1.01,0.99094,8.75,9.76,7.98,False,True,True,True,False,True,False,1,True,正常
2025-12-15,8.83,8.99,8.8,8.95,8.83,14614700.0,130571800.0,0.73,2.15,0.991061,8.87,9.71,7.95,False,True,True,True,False,True,False,3,True,正常
2025-12-16,8.95,8.98,8.78,8.85,8.95,14929700.0,131940100.0,0.74,2.23,0.99096,8.77,9.85,8.06,False,True,True,True,False,True,False,1,True,正常
2025-12-17,8.85,8.92,8.77,8.88,8.85,14323400.0,126387400.0,0.71,1.69,0.990991,8.8,9.74,7.96,False,True,True,True,False,True,False,1,True,正常
2025-12-18,8.85,9.03,8.82,8.96,8.88,16871200.0,151071700.0,0.84,2.36,0.991071,8.88,9.77,7.99,False,True,True,True,False,True,False,1,True,正常
2025-12-19,8.96,9.17,8.92,9.12,8.96,19172300.0,173947200.0,0.95,2.79,0.991228,9.04,9.86,8.06,False,True,True,True,False,True,False,1,True,正常
2025-12-22,9.19,9.68,9.17,9.52,9.12,54084300.0,512258500.0,2.69,5.59,0.991597,9.44,10.03,8.21,False,True,True,True,False,True,False,3,True,正常
2025-12-23,9.54,10.08,9.47,9.55,9.52,58965300.0,568891700.0,2.93,6.41,0.991623,9.47,10.47,8.57,False,True,True,True,False,True,False,1,True,正常
2025-12-24,9.48,9.96,9.46,9.75,9.55,48138100.0,470737900.0,2.4,5.24,0.991795,9.67,10.5,8.6,False,True,True,True,False,True,False,1,True,正常
2025-12-25,10.56,10.65,9.96,10.17,9.75,117263700.0,1205380400.0,5.84,7.08,0.992134,10.09,10.73,8.78,False,True,True,True,False,True,False,1,True,正常
2025-12-26,10.28,11.07,10.23,10.42,10.17,134413100.0,1428447100.0,6.69,8.26,0.992322,10.34,11.19,9.15,False,True,True,True,False,True,False,1,True,正常
2025-12-29,10.31,10.38,9.59,9.61,10.42,102008900.0,999304500.0,5.08,7.58,0.991675,9.53,11.46,9.38,False,True,True,True,False,True,False,3,True,正常
2025-12-30,9.59,9.65,9.27,9.3,9.61,70566300.0,660494000.0,3.51,3.95,0.991398,9.22,10.57,8.65,False,True,True,True,False,True,False,1,True,正常
2025-12-31,9.31,9.69,9.27,9.38,9.3,53468200.0,504401600.00000006,2.66,4.52,0.991471,9.3,10.23,8.37,False,True,True,True,False,True,False,1,True,正常
2026-01-05,9.43,9.43,9.27,9.36,9.38,41669100.0,389050800.0,2.07,1.71,0.991453,9.28,10.32,8.44,False,True,True,True,False,True,False,5,True,正常
2026-01-06,9.33,9.48,9.29,9.44,9.36,41692600.0,390440500.0,2.07,2.03,0.991525,9.36,10.3,8.42,False,True,True,True,False,True,False,1,True,正常
2026-01-07,9.48,9.94,9.35,9.72,9.44,69907400.0,673124000.0,3.48,6.25,0.99177,9.64,10.38,8.5,False,True,True,True,False,True,False,1,True,正常
2026-01-08,9.63,9.63,9.49,9.53,9.72,41634600.0,397273700.0,2.07,1.44,0.991605,9.45,10.69,8.75,False,True,True,True,False,True,False,1,True,正常
2026-01-09,9.55,9.57,9.44,9.51,9.53,33948200.0,322475900.0,1.69,1.36,0.991588,9.43,10.48,8.58,False,True,True,True,False,True,False,1,True,正常
2026-01-12,9.48,9.56,9.43,9.53,9.51,39206600.0,371947900.0,1.95,1.37,0.991605,9.45,10.46,8.56,False,True,True,True,False,True,False,3,True,正常
2026-01-13,9.47,9.48,9.29,9.31,9.53,45869600.0,430363800.0,2.28,1.99,0.991407,9.23,10.48,8.58,False,True,True,True,False,True,False,1,True,正常
2026-01-14,9.42,9.48,9.27,9.36,9.31,43216300.0,406308400.0,2.15,2.26,0.991453,9.28,10.24,8.38,False,True,True,True,False,True,False,1,True,正常
2026-01-15,9.29,9.48,9.29,9.37,9.36,26369400.0,247937300.0,1.31,2.03,0.991462,9.29,10.3,8.42,False,True,True,True,False,True,False,1,True,正常
2026-01-16,9.38,9.72,9.36,9.65,9.37,61899900.0,592477100.0,3.08,3.84,0.99171,9.57,10.31,8.43,False,True,True,True,False,True,False,1,True,正常
2026-01-19,9.61,9.92,9.56,9.84,9.65,53656800.0,525137300.00000006,2.67,3.73,0.99187,9.76,10.62,8.68,False,True,True,True,False,True,False,3,True,正常
2026-01-20,9.82,10.07,9.72,9.86,9.84,41301700.0,407552800.0,2.06,3.56,0.991886,9.78,10.82,8.86,False,True,True,True,False,True,False,1,True,正常
2026-01-21,9.84,9.84,9.67,9.77,9.86,28337000.0,276719700.0,1.41,1.72,0.991812,9.69,10.85,8.87,False,True,True,True,False,True,False,1,True,正常
2026-01-22,9.77,9.84,9.72,9.81,9.77,23581600.0,230722300.0,1.17,1.23,0.991845,9.73,10.75,8.79,False,True,True,True,False,True,False,1,True,正常
2026-01-23,9.79,9.83,9.66,9.74,9.81,39356400.0,383102300.00000006,1.96,1.73,0.991786,9.66,10.79,8.83,False,True,True,True,False,True,False,1,True,正常
2026-01-26,9.7,9.93,9.54,9.75,9.74,54177400.0,527175700.0,2.64,4.0,0.991795,9.67,10.71,8.77,False,True,True,True,False,True,False,3,True,正常
2026-01-27,9.74,9.95,9.67,9.86,9.75,43981300.0,432819400.0,2.14,2.87,0.991886,9.78,10.73,8.78,False,True,True,True,False,True,False,1,True,正常
2026-01-28,9.86,10.16,9.85,9.93,9.86,59737900.0,595623100.0,2.91,3.14,0.991944,9.85,10.85,8.87,False,True,True,True,False,True,False,1,True,正常
2026-01-29,9.89,10.07,9.82,9.9,9.93,50323500.0,498975800.0,2.45,2.52,0.991919,9.82,10.92,8.94,False,True,True,True,False,True,False,1,True,正常
2026-01-30,9.89,9.98,9.65,9.78,9.9,42788700.0,418268900.0,2.09,3.33,0.99182,9.7,10.89,8.91,False,True,True,True,False,True,False,1,True,正常
2026-02-02,9.75,9.82,9.48,9.48,9.78,42953100.0,414261700.0,2.09,3.48,0.991561,9.4,10.76,8.8,False,True,True,True,False,True,False,3,True,正常
2026-02-03,9.56,9.77,9.55,9.73,9.48,44140800.0,426056100.0,2.15,2.32,0.991778,9.65,10.43,8.53,False,True,True,True,False,True,False,1,True,正常
2026-02-04,9.74,9.94,9.68,9.87,9.73,40504300.0,398826900.0,1.98,2.67,0.991895,9.79,10.7,8.76,False,True,True,True,False,True,False,1,True,正常
2026-02-05,9.84,9.87,9.73,9.77,9.87,25631200.0,250862900.0,1.25,1.42,0.991812,9.69,10.86,8.88,False,True,True,True,False,True,False,1,True,正常
2026-02-06,9.71,9.77,9.6,9.66,9.77,30462100.0,294752800.0,1.49,1.74,0.991718,9.58,10.75,8.79,False,True,True,True,False,True,False,1,True,正常
2026-02-09,9.73,9.8,9.64,9.71,9.66,29746600.0,288806000.0,1.45,1.66,0.991761,9.63,10.63,8.69,False,True,True,True,False,True,False,3,True,正常
2026-02-10,9.7,9.91,9.57,9.89,9.71,49334700.0,481695100.0,2.41,3.5,0.991911,9.81,10.68,8.74,False,True,True,True,False,True,False,1,True,正常
2026-02-11,9.94,10.88,9.94,10.46,9.89,149390600.0,1579476700.0000002,7.28,9.5,0.992352,10.38,10.88,8.9,False,True,True,True,False,True,False,1,True,正常
2026-02-12,10.47,10.55,10.33,10.34,10.46,73029900.0,761472700.0,3.56,2.1,0.992263,10.26,11.51,9.41,False,True,True,True,False,True,False,1,True,正常
2026-02-13,10.38,10.44,10.08,10.1,10.34,49664800.0,505528400.0,2.42,3.48,0.992079,10.02,11.37,9.31,False,True,True,True,False,True,False,1,True,正常
2026-02-24,10.23,10.54,10.2,10.39,10.1,53448100.0,555798200.0,2.61,3.37,0.9923,10.31,11.11,9.09,False,True,True,True,False,True,False,11,True,正常
2026-02-25,10.4,10.77,10.4,10.6,10.39,59021800.0,625181600.0,2.88,3.56,0.992453,10.52,11.43,9.35,False,True,True,True,False,True,False,1,True,正常
2026-02-26,10.57,10.85,10.52,10.77,10.6,51303800.0,549970900.0,2.5,3.11,0.992572,10.69,11.66,9.54,False,True,True,True,False,True,False,1,True,正常
2026-02-27,10.85,11.53,10.79,11.41,10.77,88961700.0,1002279400.0,4.34,6.87,0.992989,11.33,11.85,9.69,False,True,True,True,False,True,False,1,True,正常
2026-03-02,11.5,11.51,11.01,11.34,11.41,108625000.0,1219667500.0,5.04,4.38,0.992945,11.26,12.55,10.27,False,True,True,True,False,True,False,3,True,正常
2026-03-03,11.4,11.66,10.92,10.99,11.34,94891600.0,1061840200.0,4.4,6.53,0.992721,10.91,12.47,10.21,False,True,True,True,False,True,False,1,True,正常
2026-03-04,10.93,11.14,10.68,11.06,10.99,54374200.0,597648600.0,2.52,4.19,0.992767,10.98,12.09,9.89,False,True,True,True,False,True,False,1,True,正常
2026-03-05,11.2,11.4,11.05,11.2,11.06,61048700.0,685250200.0,2.83,3.16,0.992857,11.12,12.17,9.95,False,True,True,True,False,True,False,1,True,正常
2026-03-06,11.17,11.43,11.04,11.35,11.2,45981900.0,518688300.0,2.13,3.48,0.992952,11.27,12.32,10.08,False,True,True,True,False,True,False,1,True,正常
2026-03-09,11.2,11.28,10.81,11.05,11.35,62858900.0,691160600.0,2.91,4.14,0.99276,10.97,12.49,10.22,False,True,True,True,False,True,False,3,True,正常
2026-03-10,11.14,11.75,11.1,11.56,11.05,64521200.0,737677000.0,2.99,5.88,0.99308,11.48,12.16,9.94,False,True,True,True,False,True,False,1,True,正常
2026-03-11,11.5,11.61,11.4,11.55,11.56,37350000.0,429955400.0,1.73,1.82,0.993074,11.47,12.72,10.4,False,True,True,True,False,True,False,1,True,正常
2026-03-12,11.52,11.58,11.35,11.56,11.55,36574700.0,419806700.0,1.7,1.99,0.99308,11.48,12.71,10.4,False,True,True,True,False,True,False,1,True,正常
2026-03-13,11.56,11.6,11.16,11.19,11.56,53300900.0,606047900.0,2.47,3.81,0.992851,11.11,12.72,10.4,False,True,True,True,False,True,False,1,True,正常
2026-03-16,11.26,11.43,11.18,11.32,11.19,36614400.0,414081800.0,1.7,2.23,0.992933,11.24,12.31,10.07,False,True,True,True,False,True,False,3,True,正常
2026-03-17,11.36,11.39,11.01,11.05,11.32,34246800.0,382487400.0,1.59,3.36,0.99276,10.97,12.45,10.19,False,True,True,True,False,True,False,1,True,正常
2026-03-18,11.05,11.08,10.73,10.95,11.05,48057900.0,522077000.0,2.23,3.17,0.992694,10.87,12.16,9.94,False,True,True,True,False,True,False,1,True,正常
2026-03-19,10.84,10.92,10.74,10.77,10.95,26896200.0,290715900.0,1.25,1.64,0.992572,10.69,12.04,9.86,False,True,True,True,False,True,False,1,True,正常
2026-03-20,10.87,10.96,10.58,10.6,10.77,38250700.0,411874900.0,1.77,3.53,0.992453,10.52,11.85,9.69,False,True,True,True,False,True,False,1,True,正常
2026-03-23,10.3,10.54,10.16,10.24,10.6,51577700.0,532114400.0,2.39,3.58,0.992188,10.16,11.66,9.54,False,True,True,True,False,True,False,3,True,正常
2026-03-24,10.44,10.75,10.29,10.75,10.24,56994300.0,600578600.0,2.64,4.49,0.992558,10.67,11.26,9.22,False,True,True,True,False,True,False,1,True,正常
2026-03-25,10.8,11.04,10.73,10.97,10.75,31645200.0,346115500.0,1.47,2.88,0.992707,10.89,11.82,9.68,False,True,True,True,False,True,False,1,True,正常
2026-03-26,10.94,11.02,10.81,10.87,10.97,25092900.0,273969600.0,1.16,1.91,0.99264,10.79,12.07,9.87,False,True,True,True,False,True,False,1,True,正常
2026-03-27,10.75,10.93,10.73,10.88,10.87,23251400.0,251883700.0,1.08,1.84,0.992647,10.8,11.96,9.78,False,True,True,True,False,True,False,1,True,正常
2026-03-30,10.78,10.97,10.61,10.94,10.88,27004800.0,291842100.0,1.25,3.31,0.992687,10.86,11.97,9.79,False,True,True,True,False,True,False,3,True,正常
2026-03-31,10.86,10.99,10.77,10.79,10.94,28676300.0,311217000.0,1.33,2.01,0.992586,10.71,12.03,9.85,False,True,True,True,False,True,False,1,True,正常
2026-04-01,10.96,11.18,10.56,10.65,10.79,43155400.0,466179100.00000006,2.0,5.75,0.992488,10.57,11.87,9.71,False,True,True,True,False,True,False,1,True,正常
2026-04-02,10.61,10.71,10.46,10.53,10.65,23644500.0,249536500.0,1.1,2.35,0.992403,10.45,11.72,9.59,False,True,True,True,False,True,False,1,True,正常
2026-04-03,10.58,10.68,10.3,10.32,10.53,24103200.0,250994000.0,1.12,3.61,0.992248,10.24,11.58,9.48,False,True,True,True,False,True,False,1,True,正常
2026-04-07,10.33,10.39,10.11,10.21,10.32,23895100.0,244090400.0,1.11,2.71,0.992165,10.13,11.35,9.29,False,True,True,True,False,True,False,4,True,正常
2026-04-08,10.5,10.78,10.41,10.78,10.21,36413200.0,387797100.0,1.69,3.62,0.992579,10.7,11.23,9.19,False,True,True,True,False,True,False,1,True,正常
2026-04-09,10.66,10.75,10.48,10.68,10.78,26275600.0,279119600.0,1.22,2.5,0.992509,10.6,11.86,9.7,False,True,True,True,False,True,False,1,True,正常
2026-04-10,10.78,11.08,10.75,10.82,10.68,36671800.0,401305200.0,1.7,3.09,0.992606,10.74,11.75,9.61,False,True,True,True,False,True,False,1,True,正常
2026-04-13,10.78,10.81,10.53,10.56,10.82,31610500.0,336112100.0,1.47,2.59,0.992424,10.48,11.9,9.74,False,True,True,True,False,True,False,3,True,正常
2026-04-14,10.69,10.76,10.63,10.71,10.56,23578600.0,252328600.0,1.09,1.23,0.99253,10.63,11.62,9.5,False,True,True,True,False,True,False,1,True,正常
2026-04-15,10.77,10.86,10.5,10.54,10.71,26275100.0,279355400.0,1.22,3.36,0.99241,10.46,11.78,9.64,False,True,True,True,False,True,False,1,True,正常
2026-04-16,10.53,10.77,10.52,10.73,10.54,25991700.0,277762400.0,1.21,2.37,0.992544,10.65,11.59,9.49,False,True,True,True,False,True,False,1,True,正常
2026-04-17,10.73,10.85,10.56,10.78,10.73,27100800.0,290326900.0,1.26,2.7,0.992579,10.7,11.8,9.66,False,True,True,True,False,True,False,1,True,正常
2026-04-20,10.76,11.03,10.72,11.0,10.78,34704900.0,379442600.0,1.61,2.88,0.992727,10.92,11.86,9.7,False,True,True,True,False,True,False,3,True,正常
2026-04-21,10.98,11.06,10.89,10.93,11.0,16971500.0,185694300.0,0.79,1.55,0.992681,10.85,12.1,9.9,False,True,True,True,False,True,False,1,True,正常
2026-04-22,10.93,11.02,10.88,10.91,10.93,18578100.0,203221900.0,0.86,1.28,0.992667,10.83,12.02,9.84,False,True,True,True,False,True,False,1,True,正常
2026-04-23,10.88,11.1,10.8,10.96,10.91,27861400.0,305286800.0,1.29,2.75,0.992701,10.88,12.0,9.82,False,True,True,True,False,True,False,1,True,正常
2026-04-24,10.93,10.99,10.81,10.88,10.96,19877400.0,216600300.0,0.92,1.64,0.992647,10.8,12.06,9.86,False,True,True,True,False,True,False,1,True,正常
2026-04-27,10.87,10.97,10.81,10.84,10.88,19827000.0,215595200.0,0.92,1.47,0.99262,10.76,11.97,9.79,False,True,True,True,False,True,False,3,True,正常
2026-04-28,10.93,11.2,10.9,11.14,10.84,42482300.0,471535000.0,1.97,2.77,0.992819,11.06,11.92,9.76,False,True,True,True,False,True,False,1,True,正常
2026-04-29,11.16,11.38,11.11,11.3,11.14,34662400.0,389953900.0,1.61,2.42,0.99292,11.22,12.25,10.03,False,True,True,True,False,True,False,1,True,正常
2026-04-30,11.35,11.63,11.24,11.56,11.3,46057700.0,526675600.0,2.14,3.45,0.99308,11.48,12.43,10.17,False,True,True,True,False,True,False,1,True,正常
2026-05-06,11.62,12.2,11.34,12.14,11.56,78382900.0,934731200.0,3.63,7.44,0.99341,12.06,12.72,10.4,False,True,True,True,False,True,False,6,True,正常
2026-05-07,12.01,12.73,11.99,12.43,12.14,70339900.0,873165200.0,3.26,6.1,0.993564,12.35,13.35,10.93,False,True,True,True,False,True,False,1,True,正常
2026-05-08,12.36,13.67,12.35,13.67,12.43,101099200.0,1369663200.0,4.69,10.62,0.994148,13.59,13.67,11.19,False,True,True,True,False,True,False,1,True,正常
2026-05-11,13.7,13.7,12.68,12.75,13.67,155951300.0,2030658700.0,7.23,7.46,0.993725,12.67,15.04,12.3,False,True,True,True,False,True,False,3,True,正常
2026-05-12,12.77,13.3,12.44,12.58,12.75,97462300.0,1247574500.0,4.52,6.75,0.993641,12.5,14.02,11.48,False,True,True,True,False,True,False,1,True,正常
2026-05-13,12.51,12.69,12.42,12.52,12.58,58104800.0,727104500.0,2.69,2.15,0.99361,12.44,13.84,11.32,False,True,True,True,False,True,False,1,True,正常
2026-05-14,12.49,12.72,12.21,12.21,12.52,55759900.0,691391900.0,2.59,4.07,0.993448,12.13,13.77,11.27,False,True,True,True,False,True,False,1,True,正常
2026-05-15,12.19,12.28,11.96,12.01,12.21,54150000.0,654830100.0,2.51,2.62,0.993339,11.93,13.43,10.99,False,True,True,True,False,True,False,1,True,正常
2026-05-18,12.03,12.35,11.94,12.33,12.01,46013600.0,562834600.0,2.13,3.41,0.993512,12.25,13.21,10.81,False,True,True,True,False,True,False,3,True,正常
2026-05-19,12.34,13.04,12.33,12.85,12.33,66773100.0,855839500.0,3.1,5.76,0.993774,12.77,13.56,11.1,False,True,True,True,False,True,False,1,True,正常
2026-05-20,12.7,12.77,12.39,12.55,12.85,45809500.0,574887900.0,2.12,2.96,0.993625,12.47,14.14,11.56,False,True,True,True,False,True,False,1,True,正常
2026-05-21,12.63,12.93,12.45,12.56,12.55,55484600.0,706148200.0000001,2.57,3.82,0.993631,12.48,13.81,11.3,False,True,True,True,False,True,False,1,True,正常
2026-05-22,12.64,12.72,12.21,12.38,12.56,45269700.0,559029100.0,2.1,4.06,0.993538,12.3,13.82,11.3,False,True,True,True,False,True,False,1,True,正常
2026-05-25,12.3,13.12,12.17,12.89,12.38,67581900.0,858059000.0,3.13,7.67,0.993794,12.81,13.62,11.14,False,True,True,True,False,True,False,3,True,正常
2026-05-26,12.88,13.44,12.81,13.25,12.89,71934500.0,951764300.0,3.34,4.89,0.993962,13.17,14.18,11.6,False,True,True,True,False,True,False,1,True,正常
2026-05-27,13.26,14.18,13.17,13.45,13.25,91939000.0,1258955400.0,4.26,7.62,1.0,13.45,14.58,11.92,False,True,True,True,False,True,False,1,True,正常
2026-05-28,13.69,14.24,13.15,13.36,13.45,70989200.0,953743400.0,3.29,8.1,1.0,13.36,14.8,12.1,False,True,True,True,False,True,False,1,True,正常
2026-05-29,13.38,14.14,12.83,13.57,13.36,97317900.0,1324944300.0,4.51,9.81,1.0,13.57,14.7,12.02,False,True,True,True,False,True,False,1,True,正常
2026-06-01,13.51,13.73,13.0,13.22,13.57,68751900.0,909803100.0,3.19,5.38,1.0,13.22,14.93,12.21,False,True,True,True,False,True,False,3,True,正常
2026-06-02,13.21,14.28,13.02,14.05,13.22,108324900.0,1485539600.0,5.02,9.53,1.0,14.05,14.54,11.9,False,True,True,True,False,True,False,1,True,正常
2026-06-03,14.06,15.46,13.99,14.91,14.05,152511400.0,2250426700.0,7.07,10.46,1.0,14.91,15.46,12.65,False,True,True,True,False,True,False,1,True,正常
2026-06-04,14.87,15.3,13.42,13.42,14.91,164612400.0,2327123600.0,7.63,12.61,1.0,13.42,16.4,13.42,False,True,True,True,False,True,False,1,True,正常
2026-06-05,13.24,13.25,12.38,12.52,13.42,120984000.0,1529734500.0,5.61,6.48,1.0,12.52,14.76,12.08,False,True,True,True,False,True,False,1,True,正常
2026-06-08,12.26,12.58,11.96,12.1,12.52,78612700.0,957846600.0,3.64,4.95,1.0,12.1,13.77,11.27,False,True,True,True,False,True,False,3,True,正常
2026-06-09,12.23,12.3,11.88,12.02,12.1,54741800.0,659151700.0,2.54,3.47,1.0,12.02,13.31,10.89,False,True,True,True,False,True,False,1,True,正常
2026-06-10,11.89,12.02,11.4,11.52,12.02,60316400.0,702028700.0,2.8,5.16,1.0,11.52,13.22,10.82,False,True,True,True,False,True,False,1,True,正常
2026-06-11,11.42,11.5,11.14,11.21,11.52,45322300.0,510896000.0,2.1,3.12,1.0,11.21,12.67,10.37,False,True,True,True,False,True,False,1,True,正常
2026-06-12,11.39,11.56,11.2,11.23,11.21,42513700.0,481727800.0,1.97,3.21,1.0,11.23,12.33,10.09,False,True,True,True,False,True,False,1,True,正常
2026-06-15,11.44,11.77,11.4,11.66,11.23,49277800.0,573187100.0,2.28,3.29,1.0,11.66,12.35,10.11,False,True,True,True,False,True,False,3,True,正常
2026-06-16,11.66,11.92,11.5,11.71,11.66,39870200.0,468267500.0,1.85,3.6,1.0,11.71,12.83,10.49,False,True,True,True,False,True,False,1,True,正常
2026-06-17,11.62,12.12,11.56,12.0,11.71,51051800.0,607826000.0,2.37,4.78,1.0,12.0,12.88,10.54,False,True,True,True,False,True,False,1,True,正常
2026-06-18,11.95,12.04,11.32,11.48,12.0,57292900.0,664630300.0,2.66,6.0,1.0,11.48,13.2,10.8,False,True,True,True,False,True,False,1,True,正常
2026-06-22,11.38,11.6,10.97,11.45,11.48,53722600.0,601477200.0,2.49,5.49,1.0,11.45,12.63,10.33,False,True,True,True,False,True,False,4,True,正常
2026-06-23,11.53,11.95,11.5,11.69,11.45,44078900.0,518527500.0,2.04,3.93,1.0,11.69,12.6,10.3,False,True,True,True,False,True,False,1,True,正常
2026-06-24,11.67,11.73,11.29,11.33,11.69,31058000.0,355157900.0,1.44,3.76,1.0,11.33,12.86,10.52,False,True,True,True,False,True,False,1,True,正常
2026-06-25,11.21,11.23,10.83,10.83,11.33,56824900.0,623201600.0,2.63,3.53,1.0,10.83,12.46,10.2,False,True,True,True,False,True,False,1,True,正常
2026-06-26,10.83,11.02,10.67,10.67,10.83,35878400.0,388391200.0,1.66,3.23,1.0,10.67,11.91,9.75,False,True,True,True,False,True,False,1,True,正常
2026-06-29,10.61,10.7,10.21,10.53,10.67,41542500.0,432575200.0,1.93,4.59,1.0,10.53,11.74,9.6,False,True,True,True,False,True,False,3,True,正常
2026-06-30,10.51,10.75,10.29,10.73,10.53,27973700.0,294624700.0,1.3,4.37,1.0,10.73,11.58,9.48,False,True,True,True,False,True,False,1,True,正常
2026-07-01,10.63,11.19,10.5,11.07,10.73,40812600.0,443981800.0,1.89,6.43,1.0,11.07,11.8,9.66,False,True,True,True,False,True,False,1,True,正常
2026-07-02,11.08,11.35,11.02,11.17,11.07,37006900.0,414135500.0,1.72,2.98,1.0,11.17,12.18,9.96,False,True,True,True,False,True,False,1,True,正常
2026-07-03,11.08,11.4,11.07,11.26,11.17,28191700.0,317670400.0,1.31,2.95,1.0,11.26,12.29,10.05,False,True,True,True,False,True,False,1,True,正常
2026-07-06,11.16,11.53,11.1,11.47,11.26,28928100.0,329383700.0,1.34,3.82,1.0,11.47,12.39,10.13,False,True,True,True,False,True,False,3,True,正常
2026-07-07,11.47,11.51,10.93,10.95,11.47,31387400.0,348566400.0,1.46,5.06,1.0,10.95,12.62,10.32,False,True,True,True,False,True,False,1,True,正常
2026-07-08,10.98,11.53,10.92,11.11,10.95,30904500.0,346849500.0,1.43,5.57,1.0,11.11,12.04,9.86,False,True,True,True,False,True,False,1,True,正常
2026-07-09,10.92,11.12,10.75,11.05,11.11,26464000.0,290109300.0,1.23,3.33,1.0,11.05,12.22,10.0,False,True,True,True,False,True,False,1,True,正常
2026-07-10,10.95,11.3,10.88,11.16,11.05,28693800.0,319527000.0,1.33,3.8,1.0,11.16,12.16,9.94,False,True,True,True,False,True,False,1,True,正常
2026-07-13,11.08,11.16,10.8,10.86,11.16,29117200.0,317253800.0,1.35,3.23,1.0,10.86,12.28,10.04,False,True,True,True,False,True,False,3,True,正常
2026-07-14,10.78,11.24,10.77,11.21,10.86,30365900.0,334629300.0,1.41,4.33,1.0,11.21,11.95,9.77,False,True,True,True,False,True,False,1,True,正常
2026-07-15,11.17,11.38,11.09,11.29,11.21,21968800.0,247550900.0,1.02,2.59,1.0,11.29,12.33,10.09,False,True,True,True,False,True,False,1,True,正常
2026-07-16,11.15,11.28,10.99,11.0,11.29,22820000.0,253072900.0,1.06,2.57,1.0,11.0,12.42,10.16,False,True,True,True,False,True,False,1,True,正常
2026-07-17,10.98,11.14,10.75,10.82,11.0,28103600.0,307496200.0,1.3,3.55,1.0,10.82,12.1,9.9,False,True,True,True,False,True,False,1,True,正常
2026-07-20,10.83,11.08,10.81,10.96,10.82,25575500.0,280308100.0,1.19,2.5,1.0,10.96,11.9,9.74,False,True,True,True,False,True,False,3,True,正常
2026-07-21,10.94,11.17,10.8,11.15,10.96,30055500.0,330890800.0,1.39,3.38,1.0,11.15,12.06,9.86,False,True,True,True,False,True,False,1,True,正常
2026-07-22,11.15,11.93,11.11,11.65,11.15,62888000.0,731618400.0,2.92,7.35,1.0,11.65,12.26,10.04,False,True,True,True,False,True,False,1,True,正常
2026-07-23,11.64,12.1,11.6,12.1,11.65,51770700.0,615924200.0,2.4,4.29,1.0,12.1,12.82,10.49,False,True,True,True,False,True,False,1,True,正常
2026-07-24,12.0,12.11,11.7,11.72,12.1,39646300.0,470292600.0,1.84,3.39,1.0,11.72,13.31,10.89,False,True,True,True,False,True,False,1,True,正常
2026-07-27,11.79,12.58,11.79,12.45,11.72,52816900.0,649407200.0,2.45,6.74,1.0,12.45,12.89,10.55,False,True,True,True,False,True,False,3,True,正常
2026-07-28,12.28,12.43,12.18,12.29,12.45,35266600.0,433990100.0,1.64,2.01,1.0,12.29,13.7,11.2,False,True,True,True,False,True,False,1,True,正常
2026-07-29,12.33,12.45,12.01,12.32,12.29,33266400.0,407251000.0,1.54,3.58,1.0,12.32,13.52,11.06,False,True,True,True,False,True,False,1,True,正常
2026-07-30,12.29,12.6,12.17,12.51,12.32,43502200.0,539231600.0,2.02,3.49,1.0,12.51,13.55,11.09,False,True,True,True,False,True,False,1,True,正常
2026-07-31,12.2,12.62,12.16,12.41,12.51,43483400.0,539985900.0,2.02,3.68,1.0,12.41,13.76,11.26,False,True,True,True,False,True,False,1,True,正常
2026-08-03,12.4,12.98,12.32,12.78,12.41,57207000.0,728978900.0,2.65,5.32,1.0,12.78,13.65,11.17,False,True,True,True,False,True,False,3,True,正常
2026-08-04,12.78,12.88,12.45,12.63,12.78,43919700.0,552932200.0,2.04,3.36,1.0,12.63,14.06,11.5,False,True,True,True,False,True,False,1,True,正常
2026-08-05,12.51,13.05,12.37,12.91,12.63,56427100.0,719640200.0,2.62,5.38,1.0,12.91,13.89,11.37,False,True,True,True,False,True,False,1,True,正常
2026-08-06,12.84,12.89,12.5,12.52,12.91,42399600.0,535280800.0,1.97,3.02,1.0,12.52,14.2,11.62,False,True,True,True,False,True,False,1,True,正常
2026-08-07,12.48,12.58,12.25,12.52,12.52,35367000.0,439330100.0,1.64,2.64,1.0,12.52,13.77,11.27,False,True,True,True,False,True,False,1,True,正常
2026-08-10,12.54,13.54,12.41,13.28,12.52,76262400.0,990687200.0,3.54,9.03,1.0,13.28,13.77,11.27,False,True,True,True,False,True,False,3,True,正常
2026-08-11,13.24,13.44,13.03,13.15,13.28,45797400.0,605931900.0,2.12,3.09,1.0,13.15,14.61,11.95,False,True,True,True,False,True,False,1,True,正常
2026-08-12,13.3,13.38,12.91,13.02,13.15,45144200.0,592424500.0,2.09,3.57,1.0,13.02,14.47,11.84,False,True,True,True,False,True,False,1,True,正常
2026-08-13,12.94,13.09,12.55,12.6,13.02,46238300.0,593034500.0,2.14,4.15,1.0,12.6,14.32,11.72,False,True,True,True,False,True,False,1,True,正常
2026-08-14,12.56,12.66,11.34,11.34,12.6,95803000.0,1119251500.0,4.44,10.48,1.0,11.34,13.86,11.34,False,True,True,True,False,True,False,1,True,正常
2026-08-17,11.1,11.16,10.55,10.97,11.34,62551200.0,680502800.0,2.9,5.38,1.0,10.97,12.47,10.21,False,True,True,True,False,True,False,3,True,正常
2026-08-18,10.9,11.33,10.86,11.17,10.97,42731100.0,475854600.0,1.98,4.28,1.0,11.17,12.07,9.87,False,True,True,True,False,True,False,1,True,正常
2026-08-19,11.18,11.21,10.74,10.75,11.17,40955100.0,444843000.0,1.9,4.21,1.0,10.75,12.29,10.05,False,True,True,True,False,True,False,1,False,正常

