日期,是否市场开市,是否有行情,是否停牌,是否可交易,复牌首日,距离上次交易日天数,是否生成次日收益标签,数据质量状态
2016-01-04,True,True,False,True,False,,True,正常
2016-01-05,True,True,False,True,False,1,True,正常
2016-01-06,True,True,False,True,False,1,True,正常
2016-01-07,True,True,False,True,False,1,True,正常
2016-01-08,True,True,False,True,False,1,True,正常
2016-01-11,True,True,False,True,False,3,True,正常
2016-01-12,True,True,False,True,False,1,True,正常
2016-01-13,True,True,False,True,False,1,True,正常
2016-01-14,True,True,False,True,False,1,True,正常
2016-01-15,True,True,False,True,False,1,True,正常
2016-01-18,True,True,False,True,False,3,True,正常
2016-01-19,True,True,False,True,False,1,True,正常
2016-01-20,True,True,False,True,False,1,True,正常
2016-01-21,True,True,False,True,False,1,True,正常
2016-01-22,True,True,False,True,False,1,True,正常
2016-01-25,True,True,False,True,False,3,True,正常
2016-01-26,True,True,False,True,False,1,True,正常
2016-01-27,True,True,False,True,False,1,True,正常
2016-01-28,True,True,False,True,False,1,True,正常
2016-01-29,True,True,False,True,False,1,True,正常
2016-02-01,True,True,False,True,False,3,True,正常
2016-02-02,True,True,False,True,False,1,True,正常
2016-02-03,True,True,False,True,False,1,True,正常
2016-02-04,True,True,False,True,False,1,True,正常
2016-02-05,True,True,False,True,False,1,True,正常
2016-02-15,True,True,False,True,False,10,True,正常
2016-02-16,True,True,False,True,False,1,True,正常
2016-02-17,True,True,False,True,False,1,True,正常
2016-02-18,True,True,False,True,False,1,True,正常
2016-02-19,True,True,False,True,False,1,True,正常
2016-02-22,True,True,False,True,False,3,True,正常
2016-02-23,True,True,False,True,False,1,True,正常
2016-02-24,True,True,False,True,False,1,True,正常
2016-02-25,True,True,False,True,False,1,True,正常
2016-02-26,True,True,False,True,False,1,False,正常
2016-02-29,True,False,,False,False,3,False,市场开市但无行情
2016-03-01,True,False,,False,False,4,False,市场开市但无行情
2016-03-02,True,False,,False,False,5,False,市场开市但无行情
2016-03-03,True,False,,False,False,6,False,市场开市但无行情
2016-03-04,True,False,,False,False,7,False,市场开市但无行情
2016-03-07,True,False,,False,False,10,False,市场开市但无行情
2016-03-08,True,False,,False,False,11,False,市场开市但无行情
2016-03-09,True,False,,False,False,12,False,市场开市但无行情
2016-03-10,True,False,,False,False,13,False,市场开市但无行情
2016-03-11,True,False,,False,False,14,False,市场开市但无行情
2016-03-14,True,False,,False,False,17,False,市场开市但无行情
2016-03-15,True,False,,False,False,18,False,市场开市但无行情
2016-03-16,True,False,,False,False,19,False,市场开市但无行情
2016-03-17,True,False,,False,False,20,False,市场开市但无行情
2016-03-18,True,False,,False,False,21,False,市场开市但无行情
2016-03-21,True,False,,False,False,24,False,市场开市但无行情
2016-03-22,True,False,,False,False,25,False,市场开市但无行情
2016-03-23,True,False,,False,False,26,False,市场开市但无行情
2016-03-24,True,False,,False,False,27,False,市场开市但无行情
2016-03-25,True,False,,False,False,28,False,市场开市但无行情
2016-03-28,True,False,,False,False,31,False,市场开市但无行情
2016-03-29,True,False,,False,False,32,False,市场开市但无行情
2016-03-30,True,False,,False,False,33,False,市场开市但无行情
2016-03-31,True,False,,False,False,34,False,市场开市但无行情
2016-04-01,True,False,,False,False,35,False,市场开市但无行情
2016-04-05,True,False,,False,False,39,False,市场开市但无行情
2016-04-06,True,False,,False,False,40,False,市场开市但无行情
2016-04-07,True,False,,False,False,41,False,市场开市但无行情
2016-04-08,True,False,,False,False,42,False,市场开市但无行情
2016-04-11,True,False,,False,False,45,False,市场开市但无行情
2016-04-12,True,False,,False,False,46,False,市场开市但无行情
2016-04-13,True,False,,False,False,47,False,市场开市但无行情
2016-04-14,True,False,,False,False,48,False,市场开市但无行情
2016-04-15,True,False,,False,False,49,False,市场开市但无行情
2016-04-18,True,False,,False,False,52,False,市场开市但无行情
2016-04-19,True,False,,False,False,53,False,市场开市但无行情
2016-04-20,True,False,,False,False,54,False,市场开市但无行情
2016-04-21,True,False,,False,False,55,False,市场开市但无行情
2016-04-22,True,False,,False,False,56,False,市场开市但无行情
2016-04-25,True,False,,False,False,59,False,市场开市但无行情
2016-04-26,True,False,,False,False,60,False,市场开市但无行情
2016-04-27,True,False,,False,False,61,False,市场开市但无行情
2016-04-28,True,False,,False,False,62,False,市场开市但无行情
2016-04-29,True,False,,False,False,63,False,市场开市但无行情
2016-05-03,True,False,,False,False,67,False,市场开市但无行情
2016-05-04,True,False,,False,False,68,False,市场开市但无行情
2016-05-05,True,False,,False,False,69,False,市场开市但无行情
2016-05-06,True,False,,False,False,70,False,市场开市但无行情
2016-05-09,True,False,,False,False,73,False,市场开市但无行情
2016-05-10,True,False,,False,False,74,False,市场开市但无行情
2016-05-11,True,False,,False,False,75,False,市场开市但无行情
2016-05-12,True,False,,False,False,76,False,市场开市但无行情
2016-05-13,True,False,,False,False,77,False,市场开市但无行情
2016-05-16,True,False,,False,False,80,False,市场开市但无行情
2016-05-17,True,False,,False,False,81,False,市场开市但无行情
2016-05-18,True,False,,False,False,82,False,市场开市但无行情
2016-05-19,True,False,,False,False,83,False,市场开市但无行情
2016-05-20,True,False,,False,False,84,False,市场开市但无行情
2016-05-23,True,False,,False,False,87,False,市场开市但无行情
2016-05-24,True,False,,False,False,88,False,市场开市但无行情
2016-05-25,True,False,,False,False,89,False,市场开市但无行情
2016-05-26,True,False,,False,False,90,False,市场开市但无行情
2016-05-27,True,False,,False,False,91,False,市场开市但无行情
2016-05-30,True,False,,False,False,94,False,市场开市但无行情
2016-05-31,True,False,,False,False,95,False,市场开市但无行情
2016-06-01,True,False,,False,False,96,False,市场开市但无行情
2016-06-02,True,False,,False,False,97,False,市场开市但无行情
2016-06-03,True,False,,False,False,98,False,市场开市但无行情
2016-06-06,True,False,,False,False,101,False,市场开市但无行情
2016-06-07,True,False,,False,False,102,False,市场开市但无行情
2016-06-08,True,False,,False,False,103,False,市场开市但无行情
2016-06-13,True,False,,False,False,108,False,市场开市但无行情
2016-06-14,True,False,,False,False,109,False,市场开市但无行情
2016-06-15,True,False,,False,False,110,False,市场开市但无行情
2016-06-16,True,False,,False,False,111,False,市场开市但无行情
2016-06-17,True,False,,False,False,112,False,市场开市但无行情
2016-06-20,True,False,,False,False,115,False,市场开市但无行情
2016-06-21,True,False,,False,False,116,False,市场开市但无行情
2016-06-22,True,False,,False,False,117,False,市场开市但无行情
2016-06-23,True,False,,False,False,118,False,市场开市但无行情
2016-06-24,True,False,,False,False,119,False,市场开市但无行情
2016-06-27,True,False,,False,False,122,False,市场开市但无行情
2016-06-28,True,False,,False,False,123,False,市场开市但无行情
2016-06-29,True,False,,False,False,124,False,市场开市但无行情
2016-06-30,True,False,,False,False,125,False,市场开市但无行情
2016-07-01,True,False,,False,False,126,False,市场开市但无行情
2016-07-04,True,False,,False,False,129,False,市场开市但无行情
2016-07-05,True,False,,False,False,130,False,市场开市但无行情
2016-07-06,True,False,,False,False,131,False,市场开市但无行情
2016-07-07,True,False,,False,False,132,False,市场开市但无行情
2016-07-08,True,False,,False,False,133,False,市场开市但无行情
2016-07-11,True,False,,False,False,136,False,市场开市但无行情
2016-07-12,True,False,,False,False,137,False,市场开市但无行情
2016-07-13,True,False,,False,False,138,False,市场开市但无行情
2016-07-14,True,False,,False,False,139,False,市场开市但无行情
2016-07-15,True,False,,False,False,140,False,市场开市但无行情
2016-07-18,True,False,,False,False,143,False,市场开市但无行情
2016-07-19,True,False,,False,False,144,False,市场开市但无行情
2016-07-20,True,False,,False,False,145,False,市场开市但无行情
2016-07-21,True,False,,False,False,146,False,市场开市但无行情
2016-07-22,True,False,,False,False,147,False,市场开市但无行情
2016-07-25,True,False,,False,False,150,False,市场开市但无行情
2016-07-26,True,False,,False,False,151,False,市场开市但无行情
2016-07-27,True,False,,False,False,152,False,市场开市但无行情
2016-07-28,True,False,,False,False,153,False,市场开市但无行情
2016-07-29,True,False,,False,False,154,False,市场开市但无行情
2016-08-01,True,False,,False,False,157,False,市场开市但无行情
2016-08-02,True,False,,False,False,158,False,市场开市但无行情
2016-08-03,True,False,,False,False,159,False,市场开市但无行情
2016-08-04,True,False,,False,False,160,False,市场开市但无行情
2016-08-05,True,False,,False,False,161,False,市场开市但无行情
2016-08-08,True,False,,False,False,164,False,市场开市但无行情
2016-08-09,True,False,,False,False,165,False,市场开市但无行情
2016-08-10,True,False,,False,False,166,False,市场开市但无行情
2016-08-11,True,False,,False,False,167,False,市场开市但无行情
2016-08-12,True,False,,False,False,168,False,市场开市但无行情
2016-08-15,True,False,,False,False,171,False,市场开市但无行情
2016-08-16,True,False,,False,False,172,False,市场开市但无行情
2016-08-17,True,False,,False,False,173,False,市场开市但无行情
2016-08-18,True,False,,False,False,174,False,市场开市但无行情
2016-08-19,True,False,,False,False,175,False,市场开市但无行情
2016-08-22,True,False,,False,False,178,False,市场开市但无行情
2016-08-23,True,False,,False,False,179,False,市场开市但无行情
2016-08-24,True,False,,False,False,180,False,市场开市但无行情
2016-08-25,True,False,,False,False,181,False,市场开市但无行情
2016-08-26,True,False,,False,False,182,False,市场开市但无行情
2016-08-29,True,False,,False,False,185,False,市场开市但无行情
2016-08-30,True,False,,False,False,186,False,市场开市但无行情
2016-08-31,True,False,,False,False,187,False,市场开市但无行情
2016-09-01,True,False,,False,False,188,False,市场开市但无行情
2016-09-02,True,False,,False,False,189,False,市场开市但无行情
2016-09-05,True,False,,False,False,192,False,市场开市但无行情
2016-09-06,True,False,,False,False,193,False,市场开市但无行情
2016-09-07,True,False,,False,False,194,False,市场开市但无行情
2016-09-08,True,True,False,True,True,195,True,复牌首日
2016-09-09,True,True,False,True,False,1,True,正常
2016-09-12,True,True,False,True,False,3,True,正常
2016-09-13,True,True,False,True,False,1,True,正常
2016-09-14,True,True,False,True,False,1,True,正常
2016-09-19,True,True,False,True,False,5,True,正常
2016-09-20,True,True,False,True,False,1,True,正常
2016-09-21,True,True,False,True,False,1,True,正常
2016-09-22,True,True,False,True,False,1,True,正常
2016-09-23,True,True,False,True,False,1,True,正常
2016-09-26,True,True,False,True,False,3,True,正常
2016-09-27,True,True,False,True,False,1,True,正常
2016-09-28,True,True,False,True,False,1,True,正常
2016-09-29,True,True,False,True,False,1,True,正常
2016-09-30,True,True,False,True,False,1,True,正常
2016-10-10,True,True,False,True,False,10,True,正常
2016-10-11,True,True,False,True,False,1,True,正常
2016-10-12,True,True,False,True,False,1,True,正常
2016-10-13,True,True,False,True,False,1,True,正常
2016-10-14,True,True,False,True,False,1,True,正常
2016-10-17,True,True,False,True,False,3,True,正常
2016-10-18,True,True,False,True,False,1,True,正常
2016-10-19,True,True,False,True,False,1,True,正常
2016-10-20,True,True,False,True,False,1,True,正常
2016-10-21,True,True,False,True,False,1,True,正常
2016-10-24,True,True,False,True,False,3,True,正常
2016-10-25,True,True,False,True,False,1,True,正常
2016-10-26,True,True,False,True,False,1,True,正常
2016-10-27,True,True,False,True,False,1,True,正常
2016-10-28,True,True,False,True,False,1,True,正常
2016-10-31,True,True,False,True,False,3,True,正常
2016-11-01,True,True,False,True,False,1,True,正常
2016-11-02,True,True,False,True,False,1,True,正常
2016-11-03,True,True,False,True,False,1,True,正常
2016-11-04,True,True,False,True,False,1,True,正常
2016-11-07,True,True,False,True,False,3,True,正常
2016-11-08,True,True,False,True,False,1,True,正常
2016-11-09,True,True,False,True,False,1,True,正常
2016-11-10,True,True,False,True,False,1,True,正常
2016-11-11,True,True,False,True,False,1,True,正常
2016-11-14,True,True,False,True,False,3,True,正常
2016-11-15,True,True,False,True,False,1,True,正常
2016-11-16,True,True,False,True,False,1,True,正常
2016-11-17,True,True,False,True,False,1,True,正常
2016-11-18,True,True,False,True,False,1,True,正常
2016-11-21,True,True,False,True,False,3,True,正常
2016-11-22,True,True,False,True,False,1,True,正常
2016-11-23,True,True,False,True,False,1,True,正常
2016-11-24,True,True,False,True,False,1,True,正常
2016-11-25,True,True,False,True,False,1,True,正常
2016-11-28,True,True,False,True,False,3,True,正常
2016-11-29,True,True,False,True,False,1,True,正常
2016-11-30,True,True,False,True,False,1,True,正常
2016-12-01,True,True,False,True,False,1,True,正常
2016-12-02,True,True,False,True,False,1,True,正常
2016-12-05,True,True,False,True,False,3,True,正常
2016-12-06,True,True,False,True,False,1,True,正常
2016-12-07,True,True,False,True,False,1,True,正常
2016-12-08,True,True,False,True,False,1,True,正常
2016-12-09,True,True,False,True,False,1,True,正常
2016-12-12,True,True,False,True,False,3,True,正常
2016-12-13,True,True,False,True,False,1,True,正常
2016-12-14,True,True,False,True,False,1,True,正常
2016-12-15,True,True,False,True,False,1,True,正常
2016-12-16,True,True,False,True,False,1,True,正常
2016-12-19,True,True,False,True,False,3,True,正常
2016-12-20,True,True,False,True,False,1,True,正常
2016-12-21,True,True,False,True,False,1,True,正常
2016-12-22,True,True,False,True,False,1,True,正常
2016-12-23,True,True,False,True,False,1,True,正常
2016-12-26,True,True,False,True,False,3,True,正常
2016-12-27,True,True,False,True,False,1,True,正常
2016-12-28,True,True,False,True,False,1,True,正常
2016-12-29,True,True,False,True,False,1,True,正常
2016-12-30,True,True,False,True,False,1,True,正常
2017-01-03,True,True,False,True,False,4,True,正常
2017-01-04,True,True,False,True,False,1,True,正常
2017-01-05,True,True,False,True,False,1,True,正常
2017-01-06,True,True,False,True,False,1,True,正常
2017-01-09,True,True,False,True,False,3,True,正常
2017-01-10,True,True,False,True,False,1,True,正常
2017-01-11,True,True,False,True,False,1,True,正常
2017-01-12,True,True,False,True,False,1,True,正常
2017-01-13,True,True,False,True,False,1,True,正常
2017-01-16,True,True,False,True,False,3,True,正常
2017-01-17,True,True,False,True,False,1,True,正常
2017-01-18,True,True,False,True,False,1,True,正常
2017-01-19,True,True,False,True,False,1,True,正常
2017-01-20,True,True,False,True,False,1,True,正常
2017-01-23,True,True,False,True,False,3,True,正常
2017-01-24,True,True,False,True,False,1,True,正常
2017-01-25,True,True,False,True,False,1,True,正常
2017-01-26,True,True,False,True,False,1,True,正常
2017-02-03,True,True,False,True,False,8,True,正常
2017-02-06,True,True,False,True,False,3,True,正常
2017-02-07,True,True,False,True,False,1,True,正常
2017-02-08,True,True,False,True,False,1,True,正常
2017-02-09,True,True,False,True,False,1,True,正常
2017-02-10,True,True,False,True,False,1,True,正常
2017-02-13,True,True,False,True,False,3,True,正常
2017-02-14,True,True,False,True,False,1,True,正常
2017-02-15,True,True,False,True,False,1,True,正常
2017-02-16,True,True,False,True,False,1,True,正常
2017-02-17,True,True,False,True,False,1,True,正常
2017-02-20,True,True,False,True,False,3,True,正常
2017-02-21,True,True,False,True,False,1,True,正常
2017-02-22,True,True,False,True,False,1,True,正常
2017-02-23,True,True,False,True,False,1,True,正常
2017-02-24,True,True,False,True,False,1,True,正常
2017-02-27,True,True,False,True,False,3,True,正常
2017-02-28,True,True,False,True,False,1,True,正常
2017-03-01,True,True,False,True,False,1,True,正常
2017-03-02,True,True,False,True,False,1,True,正常
2017-03-03,True,True,False,True,False,1,True,正常
2017-03-06,True,True,False,True,False,3,True,正常
2017-03-07,True,True,False,True,False,1,True,正常
2017-03-08,True,True,False,True,False,1,True,正常
2017-03-09,True,True,False,True,False,1,True,正常
2017-03-10,True,True,False,True,False,1,True,正常
2017-03-13,True,True,False,True,False,3,True,正常
2017-03-14,True,True,False,True,False,1,True,正常
2017-03-15,True,True,False,True,False,1,True,正常
2017-03-16,True,True,False,True,False,1,True,正常
2017-03-17,True,True,False,True,False,1,True,正常
2017-03-20,True,True,False,True,False,3,True,正常
2017-03-21,True,True,False,True,False,1,True,正常
2017-03-22,True,True,False,True,False,1,True,正常
2017-03-23,True,True,False,True,False,1,True,正常
2017-03-24,True,True,False,True,False,1,True,正常
2017-03-27,True,True,False,True,False,3,True,正常
2017-03-28,True,True,False,True,False,1,True,正常
2017-03-29,True,True,False,True,False,1,True,正常
2017-03-30,True,True,False,True,False,1,True,正常
2017-03-31,True,True,False,True,False,1,True,正常
2017-04-05,True,True,False,True,False,5,True,正常
2017-04-06,True,True,False,True,False,1,True,正常
2017-04-07,True,True,False,True,False,1,True,正常
2017-04-10,True,True,False,True,False,3,True,正常
2017-04-11,True,True,False,True,False,1,True,正常
2017-04-12,True,True,False,True,False,1,True,正常
2017-04-13,True,True,False,True,False,1,True,正常
2017-04-14,True,True,False,True,False,1,True,正常
2017-04-17,True,True,False,True,False,3,True,正常
2017-04-18,True,True,False,True,False,1,True,正常
2017-04-19,True,True,False,True,False,1,True,正常
2017-04-20,True,True,False,True,False,1,True,正常
2017-04-21,True,True,False,True,False,1,True,正常
2017-04-24,True,True,False,True,False,3,True,正常
2017-04-25,True,True,False,True,False,1,True,正常
2017-04-26,True,True,False,True,False,1,True,正常
2017-04-27,True,True,False,True,False,1,True,正常
2017-04-28,True,True,False,True,False,1,True,正常
2017-05-02,True,True,False,True,False,4,True,正常
2017-05-03,True,True,False,True,False,1,False,正常
2017-05-04,True,False,,False,False,1,False,市场开市但无行情
2017-05-05,True,False,,False,False,2,False,市场开市但无行情
2017-05-08,True,False,,False,False,5,False,市场开市但无行情
2017-05-09,True,False,,False,False,6,False,市场开市但无行情
2017-05-10,True,False,,False,False,7,False,市场开市但无行情
2017-05-11,True,True,False,True,True,8,True,复牌首日
2017-05-12,True,True,False,True,False,1,True,正常
2017-05-15,True,True,False,True,False,3,True,正常
2017-05-16,True,True,False,True,False,1,True,正常
2017-05-17,True,True,False,True,False,1,True,正常
2017-05-18,True,True,False,True,False,1,True,正常
2017-05-19,True,True,False,True,False,1,True,正常
2017-05-22,True,True,False,True,False,3,True,正常
2017-05-23,True,True,False,True,False,1,True,正常
2017-05-24,True,True,False,True,False,1,True,正常
2017-05-25,True,True,False,True,False,1,True,正常
2017-05-26,True,True,False,True,False,1,True,正常
2017-05-31,True,True,False,True,False,5,True,正常
2017-06-01,True,True,False,True,False,1,True,正常
2017-06-02,True,True,False,True,False,1,True,正常
2017-06-05,True,True,False,True,False,3,True,正常
2017-06-06,True,True,False,True,False,1,True,正常
2017-06-07,True,True,False,True,False,1,True,正常
2017-06-08,True,True,False,True,False,1,True,正常
2017-06-09,True,True,False,True,False,1,True,正常
2017-06-12,True,True,False,True,False,3,True,正常
2017-06-13,True,True,False,True,False,1,True,正常
2017-06-14,True,True,False,True,False,1,True,正常
2017-06-15,True,True,False,True,False,1,True,正常
2017-06-16,True,True,False,True,False,1,True,正常
2017-06-19,True,True,False,True,False,3,True,正常
2017-06-20,True,True,False,True,False,1,True,正常
2017-06-21,True,True,False,True,False,1,True,正常
2017-06-22,True,True,False,True,False,1,True,正常
2017-06-23,True,True,False,True,False,1,True,正常
2017-06-26,True,True,False,True,False,3,True,正常
2017-06-27,True,True,False,True,False,1,True,正常
2017-06-28,True,True,False,True,False,1,True,正常
2017-06-29,True,True,False,True,False,1,True,正常
2017-06-30,True,True,False,True,False,1,True,正常
2017-07-03,True,True,False,True,False,3,True,正常
2017-07-04,True,True,False,True,False,1,True,正常
2017-07-05,True,True,False,True,False,1,True,正常
2017-07-06,True,True,False,True,False,1,True,正常
2017-07-07,True,True,False,True,False,1,True,正常
2017-07-10,True,True,False,True,False,3,True,正常
2017-07-11,True,True,False,True,False,1,True,正常
2017-07-12,True,True,False,True,False,1,True,正常
2017-07-13,True,True,False,True,False,1,True,正常
2017-07-14,True,True,False,True,False,1,True,正常
2017-07-17,True,True,False,True,False,3,True,正常
2017-07-18,True,True,False,True,False,1,True,正常
2017-07-19,True,True,False,True,False,1,True,正常
2017-07-20,True,True,False,True,False,1,True,正常
2017-07-21,True,True,False,True,False,1,True,正常
2017-07-24,True,True,False,True,False,3,True,正常
2017-07-25,True,True,False,True,False,1,True,正常
2017-07-26,True,True,False,True,False,1,True,正常
2017-07-27,True,True,False,True,False,1,True,正常
2017-07-28,True,True,False,True,False,1,True,正常
2017-07-31,True,True,False,True,False,3,True,正常
2017-08-01,True,True,False,True,False,1,True,正常
2017-08-02,True,True,False,True,False,1,True,正常
2017-08-03,True,True,False,True,False,1,True,正常
2017-08-04,True,True,False,True,False,1,True,正常
2017-08-07,True,True,False,True,False,3,True,正常
2017-08-08,True,True,False,True,False,1,True,正常
2017-08-09,True,True,False,True,False,1,True,正常
2017-08-10,True,True,False,True,False,1,True,正常
2017-08-11,True,True,False,True,False,1,True,正常
2017-08-14,True,True,False,True,False,3,True,正常
2017-08-15,True,True,False,True,False,1,True,正常
2017-08-16,True,True,False,True,False,1,True,正常
2017-08-17,True,True,False,True,False,1,True,正常
2017-08-18,True,True,False,True,False,1,True,正常
2017-08-21,True,True,False,True,False,3,True,正常
2017-08-22,True,True,False,True,False,1,True,正常
2017-08-23,True,True,False,True,False,1,True,正常
2017-08-24,True,True,False,True,False,1,True,正常
2017-08-25,True,True,False,True,False,1,True,正常
2017-08-28,True,True,False,True,False,3,True,正常
2017-08-29,True,True,False,True,False,1,True,正常
2017-08-30,True,True,False,True,False,1,True,正常
2017-08-31,True,True,False,True,False,1,True,正常
2017-09-01,True,True,False,True,False,1,True,正常
2017-09-04,True,True,False,True,False,3,True,正常
2017-09-05,True,True,False,True,False,1,True,正常
2017-09-06,True,True,False,True,False,1,True,正常
2017-09-07,True,True,False,True,False,1,True,正常
2017-09-08,True,True,False,True,False,1,True,正常
2017-09-11,True,True,False,True,False,3,True,正常
2017-09-12,True,True,False,True,False,1,True,正常
2017-09-13,True,True,False,True,False,1,True,正常
2017-09-14,True,True,False,True,False,1,True,正常
2017-09-15,True,True,False,True,False,1,True,正常
2017-09-18,True,True,False,True,False,3,True,正常
2017-09-19,True,True,False,True,False,1,True,正常
2017-09-20,True,True,False,True,False,1,True,正常
2017-09-21,True,True,False,True,False,1,True,正常
2017-09-22,True,True,False,True,False,1,True,正常
2017-09-25,True,True,False,True,False,3,True,正常
2017-09-26,True,True,False,True,False,1,True,正常
2017-09-27,True,True,False,True,False,1,True,正常
2017-09-28,True,True,False,True,False,1,True,正常
2017-09-29,True,True,False,True,False,1,True,正常
2017-10-09,True,True,False,True,False,10,True,正常
2017-10-10,True,True,False,True,False,1,True,正常
2017-10-11,True,True,False,True,False,1,True,正常
2017-10-12,True,True,False,True,False,1,True,正常
2017-10-13,True,True,False,True,False,1,True,正常
2017-10-16,True,True,False,True,False,3,True,正常
2017-10-17,True,True,False,True,False,1,True,正常
2017-10-18,True,True,False,True,False,1,True,正常
2017-10-19,True,True,False,True,False,1,True,正常
2017-10-20,True,True,False,True,False,1,True,正常
2017-10-23,True,True,False,True,False,3,True,正常
2017-10-24,True,True,False,True,False,1,True,正常
2017-10-25,True,True,False,True,False,1,False,正常
2017-10-26,True,False,,False,False,1,False,市场开市但无行情
2017-10-27,True,False,,False,False,2,False,市场开市但无行情
2017-10-30,True,False,,False,False,5,False,市场开市但无行情
2017-10-31,True,False,,False,False,6,False,市场开市但无行情
2017-11-01,True,False,,False,False,7,False,市场开市但无行情
2017-11-02,True,True,False,True,True,8,True,复牌首日
2017-11-03,True,True,False,True,False,1,True,正常
2017-11-06,True,True,False,True,False,3,True,正常
2017-11-07,True,True,False,True,False,1,True,正常
2017-11-08,True,True,False,True,False,1,True,正常
2017-11-09,True,True,False,True,False,1,True,正常
2017-11-10,True,True,False,True,False,1,True,正常
2017-11-13,True,True,False,True,False,3,True,正常
2017-11-14,True,True,False,True,False,1,True,正常
2017-11-15,True,True,False,True,False,1,True,正常
2017-11-16,True,True,False,True,False,1,True,正常
2017-11-17,True,True,False,True,False,1,True,正常
2017-11-20,True,True,False,True,False,3,True,正常
2017-11-21,True,True,False,True,False,1,True,正常
2017-11-22,True,True,False,True,False,1,True,正常
2017-11-23,True,True,False,True,False,1,True,正常
2017-11-24,True,True,False,True,False,1,True,正常
2017-11-27,True,True,False,True,False,3,True,正常
2017-11-28,True,True,False,True,False,1,True,正常
2017-11-29,True,True,False,True,False,1,True,正常
2017-11-30,True,True,False,True,False,1,True,正常
2017-12-01,True,True,False,True,False,1,True,正常
2017-12-04,True,True,False,True,False,3,True,正常
2017-12-05,True,True,False,True,False,1,True,正常
2017-12-06,True,True,False,True,False,1,True,正常
2017-12-07,True,True,False,True,False,1,True,正常
2017-12-08,True,True,False,True,False,1,True,正常
2017-12-11,True,True,False,True,False,3,True,正常
2017-12-12,True,True,False,True,False,1,True,正常
2017-12-13,True,True,False,True,False,1,True,正常
2017-12-14,True,True,False,True,False,1,True,正常
2017-12-15,True,True,False,True,False,1,True,正常
2017-12-18,True,True,False,True,False,3,True,正常
2017-12-19,True,True,False,True,False,1,True,正常
2017-12-20,True,True,False,True,False,1,True,正常
2017-12-21,True,True,False,True,False,1,True,正常
2017-12-22,True,True,False,True,False,1,True,正常
2017-12-25,True,True,False,True,False,3,True,正常
2017-12-26,True,True,False,True,False,1,True,正常
2017-12-27,True,True,False,True,False,1,True,正常
2017-12-28,True,True,False,True,False,1,True,正常
2017-12-29,True,True,False,True,False,1,True,正常
2018-01-02,True,True,False,True,False,4,True,正常
2018-01-03,True,True,False,True,False,1,True,正常
2018-01-04,True,True,False,True,False,1,True,正常
2018-01-05,True,True,False,True,False,1,True,正常
2018-01-08,True,True,False,True,False,3,True,正常
2018-01-09,True,True,False,True,False,1,True,正常
2018-01-10,True,True,False,True,False,1,True,正常
2018-01-11,True,True,False,True,False,1,True,正常
2018-01-12,True,True,False,True,False,1,True,正常
2018-01-15,True,True,False,True,False,3,True,正常
2018-01-16,True,True,False,True,False,1,True,正常
2018-01-17,True,True,False,True,False,1,True,正常
2018-01-18,True,True,False,True,False,1,True,正常
2018-01-19,True,True,False,True,False,1,True,正常
2018-01-22,True,True,False,True,False,3,True,正常
2018-01-23,True,True,False,True,False,1,True,正常
2018-01-24,True,True,False,True,False,1,True,正常
2018-01-25,True,True,False,True,False,1,True,正常
2018-01-26,True,True,False,True,False,1,True,正常
2018-01-29,True,True,False,True,False,3,True,正常
2018-01-30,True,True,False,True,False,1,True,正常
2018-01-31,True,True,False,True,False,1,True,正常
2018-02-01,True,True,False,True,False,1,True,正常
2018-02-02,True,True,False,True,False,1,True,正常
2018-02-05,True,True,False,True,False,3,True,正常
2018-02-06,True,True,False,True,False,1,True,正常
2018-02-07,True,True,False,True,False,1,True,正常
2018-02-08,True,True,False,True,False,1,True,正常
2018-02-09,True,True,False,True,False,1,True,正常
2018-02-12,True,True,False,True,False,3,True,正常
2018-02-13,True,True,False,True,False,1,True,正常
2018-02-14,True,True,False,True,False,1,True,正常
2018-02-22,True,True,False,True,False,8,True,正常
2018-02-23,True,True,False,True,False,1,True,正常
2018-02-26,True,True,False,True,False,3,True,正常
2018-02-27,True,True,False,True,False,1,True,正常
2018-02-28,True,True,False,True,False,1,True,正常
2018-03-01,True,True,False,True,False,1,True,正常
2018-03-02,True,True,False,True,False,1,True,正常
2018-03-05,True,True,False,True,False,3,True,正常
2018-03-06,True,True,False,True,False,1,True,正常
2018-03-07,True,True,False,True,False,1,True,正常
2018-03-08,True,True,False,True,False,1,True,正常
2018-03-09,True,True,False,True,False,1,True,正常
2018-03-12,True,True,False,True,False,3,True,正常
2018-03-13,True,True,False,True,False,1,True,正常
2018-03-14,True,True,False,True,False,1,True,正常
2018-03-15,True,True,False,True,False,1,True,正常
2018-03-16,True,True,False,True,False,1,True,正常
2018-03-19,True,True,False,True,False,3,True,正常
2018-03-20,True,True,False,True,False,1,True,正常
2018-03-21,True,True,False,True,False,1,True,正常
2018-03-22,True,True,False,True,False,1,True,正常
2018-03-23,True,True,False,True,False,1,True,正常
2018-03-26,True,True,False,True,False,3,True,正常
2018-03-27,True,True,False,True,False,1,True,正常
2018-03-28,True,True,False,True,False,1,True,正常
2018-03-29,True,True,False,True,False,1,True,正常
2018-03-30,True,True,False,True,False,1,True,正常
2018-04-02,True,True,False,True,False,3,True,正常
2018-04-03,True,True,False,True,False,1,True,正常
2018-04-04,True,True,False,True,False,1,True,正常
2018-04-09,True,True,False,True,False,5,True,正常
2018-04-10,True,True,False,True,False,1,True,正常
2018-04-11,True,True,False,True,False,1,True,正常
2018-04-12,True,True,False,True,False,1,True,正常
2018-04-13,True,True,False,True,False,1,True,正常
2018-04-16,True,True,False,True,False,3,True,正常
2018-04-17,True,True,False,True,False,1,True,正常
2018-04-18,True,True,False,True,False,1,True,正常
2018-04-19,True,True,False,True,False,1,True,正常
2018-04-20,True,True,False,True,False,1,True,正常
2018-04-23,True,True,False,True,False,3,True,正常
2018-04-24,True,True,False,True,False,1,True,正常
2018-04-25,True,True,False,True,False,1,True,正常
2018-04-26,True,True,False,True,False,1,True,正常
2018-04-27,True,True,False,True,False,1,True,正常
2018-05-02,True,True,False,True,False,5,True,正常
2018-05-03,True,True,False,True,False,1,True,正常
2018-05-04,True,True,False,True,False,1,True,正常
2018-05-07,True,True,False,True,False,3,True,正常
2018-05-08,True,True,False,True,False,1,True,正常
2018-05-09,True,True,False,True,False,1,True,正常
2018-05-10,True,True,False,True,False,1,True,正常
2018-05-11,True,True,False,True,False,1,True,正常
2018-05-14,True,True,False,True,False,3,True,正常
2018-05-15,True,True,False,True,False,1,True,正常
2018-05-16,True,True,False,True,False,1,True,正常
2018-05-17,True,True,False,True,False,1,True,正常
2018-05-18,True,True,False,True,False,1,True,正常
2018-05-21,True,True,False,True,False,3,True,正常
2018-05-22,True,True,False,True,False,1,True,正常
2018-05-23,True,True,False,True,False,1,True,正常
2018-05-24,True,True,False,True,False,1,True,正常
2018-05-25,True,True,False,True,False,1,True,正常
2018-05-28,True,True,False,True,False,3,True,正常
2018-05-29,True,True,False,True,False,1,True,正常
2018-05-30,True,True,False,True,False,1,True,正常
2018-05-31,True,True,False,True,False,1,True,正常
2018-06-01,True,True,False,True,False,1,True,正常
2018-06-04,True,True,False,True,False,3,True,正常
2018-06-05,True,True,False,True,False,1,True,正常
2018-06-06,True,True,False,True,False,1,True,正常
2018-06-07,True,True,False,True,False,1,True,正常
2018-06-08,True,True,False,True,False,1,True,正常
2018-06-11,True,True,False,True,False,3,True,正常
2018-06-12,True,True,False,True,False,1,True,正常
2018-06-13,True,True,False,True,False,1,True,正常
2018-06-14,True,True,False,True,False,1,True,正常
2018-06-15,True,True,False,True,False,1,True,正常
2018-06-19,True,True,False,True,False,4,True,正常
2018-06-20,True,True,False,True,False,1,True,正常
2018-06-21,True,True,False,True,False,1,True,正常
2018-06-22,True,True,False,True,False,1,True,正常
2018-06-25,True,True,False,True,False,3,True,正常
2018-06-26,True,True,False,True,False,1,True,正常
2018-06-27,True,True,False,True,False,1,True,正常
2018-06-28,True,True,False,True,False,1,True,正常
2018-06-29,True,True,False,True,False,1,True,正常
2018-07-02,True,True,False,True,False,3,True,正常
2018-07-03,True,True,False,True,False,1,True,正常
2018-07-04,True,True,False,True,False,1,True,正常
2018-07-05,True,True,False,True,False,1,True,正常
2018-07-06,True,True,False,True,False,1,True,正常
2018-07-09,True,True,False,True,False,3,True,正常
2018-07-10,True,True,False,True,False,1,True,正常
2018-07-11,True,True,False,True,False,1,True,正常
2018-07-12,True,True,False,True,False,1,True,正常
2018-07-13,True,True,False,True,False,1,True,正常
2018-07-16,True,True,False,True,False,3,True,正常
2018-07-17,True,True,False,True,False,1,True,正常
2018-07-18,True,True,False,True,False,1,True,正常
2018-07-19,True,True,False,True,False,1,True,正常
2018-07-20,True,True,False,True,False,1,True,正常
2018-07-23,True,True,False,True,False,3,True,正常
2018-07-24,True,True,False,True,False,1,True,正常
2018-07-25,True,True,False,True,False,1,True,正常
2018-07-26,True,True,False,True,False,1,True,正常
2018-07-27,True,True,False,True,False,1,True,正常
2018-07-30,True,True,False,True,False,3,True,正常
2018-07-31,True,True,False,True,False,1,True,正常
2018-08-01,True,True,False,True,False,1,True,正常
2018-08-02,True,True,False,True,False,1,True,正常
2018-08-03,True,True,False,True,False,1,True,正常
2018-08-06,True,True,False,True,False,3,True,正常
2018-08-07,True,True,False,True,False,1,True,正常
2018-08-08,True,True,False,True,False,1,True,正常
2018-08-09,True,True,False,True,False,1,True,正常
2018-08-10,True,True,False,True,False,1,True,正常
2018-08-13,True,True,False,True,False,3,True,正常
2018-08-14,True,True,False,True,False,1,True,正常
2018-08-15,True,True,False,True,False,1,True,正常
2018-08-16,True,True,False,True,False,1,True,正常
2018-08-17,True,True,False,True,False,1,True,正常
2018-08-20,True,True,False,True,False,3,True,正常
2018-08-21,True,True,False,True,False,1,True,正常
2018-08-22,True,True,False,True,False,1,True,正常
2018-08-23,True,True,False,True,False,1,True,正常
2018-08-24,True,True,False,True,False,1,True,正常
2018-08-27,True,True,False,True,False,3,True,正常
2018-08-28,True,True,False,True,False,1,True,正常
2018-08-29,True,True,False,True,False,1,True,正常
2018-08-30,True,True,False,True,False,1,True,正常
2018-08-31,True,True,False,True,False,1,True,正常
2018-09-03,True,True,False,True,False,3,True,正常
2018-09-04,True,True,False,True,False,1,True,正常
2018-09-05,True,True,False,True,False,1,True,正常
2018-09-06,True,True,False,True,False,1,True,正常
2018-09-07,True,True,False,True,False,1,True,正常
2018-09-10,True,True,False,True,False,3,True,正常
2018-09-11,True,True,False,True,False,1,True,正常
2018-09-12,True,True,False,True,False,1,True,正常
2018-09-13,True,True,False,True,False,1,True,正常
2018-09-14,True,True,False,True,False,1,True,正常
2018-09-17,True,True,False,True,False,3,True,正常
2018-09-18,True,True,False,True,False,1,True,正常
2018-09-19,True,True,False,True,False,1,True,正常
2018-09-20,True,True,False,True,False,1,True,正常
2018-09-21,True,True,False,True,False,1,False,正常
2018-09-24,True,False,,False,False,3,False,市场开市但无行情
2018-09-25,True,True,False,True,True,4,True,复牌首日
2018-09-26,True,True,False,True,False,1,True,正常
2018-09-27,True,True,False,True,False,1,True,正常
2018-09-28,True,True,False,True,False,1,False,正常
2018-10-01,True,False,,False,False,3,False,市场开市但无行情
2018-10-08,True,True,False,True,True,10,True,复牌首日
2018-10-09,True,True,False,True,False,1,True,正常
2018-10-10,True,True,False,True,False,1,True,正常
2018-10-11,True,True,False,True,False,1,True,正常
2018-10-12,True,True,False,True,False,1,True,正常
2018-10-15,True,True,False,True,False,3,True,正常
2018-10-16,True,True,False,True,False,1,True,正常
2018-10-17,True,True,False,True,False,1,True,正常
2018-10-18,True,True,False,True,False,1,True,正常
2018-10-19,True,True,False,True,False,1,True,正常
2018-10-22,True,True,False,True,False,3,True,正常
2018-10-23,True,True,False,True,False,1,True,正常
2018-10-24,True,True,False,True,False,1,True,正常
2018-10-25,True,True,False,True,False,1,True,正常
2018-10-26,True,True,False,True,False,1,True,正常
2018-10-29,True,True,False,True,False,3,True,正常
2018-10-30,True,True,False,True,False,1,True,正常
2018-10-31,True,True,False,True,False,1,True,正常
2018-11-01,True,True,False,True,False,1,True,正常
2018-11-02,True,True,False,True,False,1,True,正常
2018-11-05,True,True,False,True,False,3,True,正常
2018-11-06,True,True,False,True,False,1,True,正常
2018-11-07,True,True,False,True,False,1,True,正常
2018-11-08,True,True,False,True,False,1,True,正常
2018-11-09,True,True,False,True,False,1,True,正常
2018-11-12,True,True,False,True,False,3,True,正常
2018-11-13,True,True,False,True,False,1,True,正常
2018-11-14,True,True,False,True,False,1,True,正常
2018-11-15,True,True,False,True,False,1,True,正常
2018-11-16,True,True,False,True,False,1,True,正常
2018-11-19,True,True,False,True,False,3,True,正常
2018-11-20,True,True,False,True,False,1,True,正常
2018-11-21,True,True,False,True,False,1,True,正常
2018-11-22,True,True,False,True,False,1,True,正常
2018-11-23,True,True,False,True,False,1,True,正常
2018-11-26,True,True,False,True,False,3,True,正常
2018-11-27,True,True,False,True,False,1,True,正常
2018-11-28,True,True,False,True,False,1,True,正常
2018-11-29,True,True,False,True,False,1,True,正常
2018-11-30,True,True,False,True,False,1,True,正常
2018-12-03,True,True,False,True,False,3,True,正常
2018-12-04,True,True,False,True,False,1,True,正常
2018-12-05,True,True,False,True,False,1,True,正常
2018-12-06,True,True,False,True,False,1,True,正常
2018-12-07,True,True,False,True,False,1,True,正常
2018-12-10,True,True,False,True,False,3,True,正常
2018-12-11,True,True,False,True,False,1,True,正常
2018-12-12,True,True,False,True,False,1,True,正常
2018-12-13,True,True,False,True,False,1,True,正常
2018-12-14,True,True,False,True,False,1,True,正常
2018-12-17,True,True,False,True,False,3,True,正常
2018-12-18,True,True,False,True,False,1,True,正常
2018-12-19,True,True,False,True,False,1,True,正常
2018-12-20,True,True,False,True,False,1,True,正常
2018-12-21,True,True,False,True,False,1,True,正常
2018-12-24,True,True,False,True,False,3,True,正常
2018-12-25,True,True,False,True,False,1,True,正常
2018-12-26,True,True,False,True,False,1,True,正常
2018-12-27,True,True,False,True,False,1,True,正常
2018-12-28,True,True,False,True,False,1,False,正常
2018-12-31,True,False,,False,False,3,False,市场开市但无行情
2019-01-02,True,True,False,True,True,5,True,复牌首日
2019-01-03,True,True,False,True,False,1,True,正常
2019-01-04,True,True,False,True,False,1,True,正常
2019-01-07,True,True,False,True,False,3,True,正常
2019-01-08,True,True,False,True,False,1,True,正常
2019-01-09,True,True,False,True,False,1,True,正常
2019-01-10,True,True,False,True,False,1,True,正常
2019-01-11,True,True,False,True,False,1,True,正常
2019-01-14,True,True,False,True,False,3,True,正常
2019-01-15,True,True,False,True,False,1,True,正常
2019-01-16,True,True,False,True,False,1,True,正常
2019-01-17,True,True,False,True,False,1,True,正常
2019-01-18,True,True,False,True,False,1,True,正常
2019-01-21,True,True,False,True,False,3,True,正常
2019-01-22,True,True,False,True,False,1,True,正常
2019-01-23,True,True,False,True,False,1,True,正常
2019-01-24,True,True,False,True,False,1,True,正常
2019-01-25,True,True,False,True,False,1,True,正常
2019-01-28,True,True,False,True,False,3,True,正常
2019-01-29,True,True,False,True,False,1,True,正常
2019-01-30,True,True,False,True,False,1,True,正常
2019-01-31,True,True,False,True,False,1,True,正常
2019-02-01,True,True,False,True,False,1,False,正常
2019-02-04,True,False,,False,False,3,False,市场开市但无行情
2019-02-05,True,False,,False,False,4,False,市场开市但无行情
2019-02-06,True,False,,False,False,5,False,市场开市但无行情
2019-02-11,True,True,False,True,True,10,True,复牌首日
2019-02-12,True,True,False,True,False,1,True,正常
2019-02-13,True,True,False,True,False,1,True,正常
2019-02-14,True,True,False,True,False,1,True,正常
2019-02-15,True,True,False,True,False,1,True,正常
2019-02-18,True,True,False,True,False,3,True,正常
2019-02-19,True,True,False,True,False,1,True,正常
2019-02-20,True,True,False,True,False,1,True,正常
2019-02-21,True,True,False,True,False,1,True,正常
2019-02-22,True,True,False,True,False,1,True,正常
2019-02-25,True,True,False,True,False,3,True,正常
2019-02-26,True,True,False,True,False,1,True,正常
2019-02-27,True,True,False,True,False,1,True,正常
2019-02-28,True,True,False,True,False,1,True,正常
2019-03-01,True,True,False,True,False,1,True,正常
2019-03-04,True,True,False,True,False,3,True,正常
2019-03-05,True,True,False,True,False,1,True,正常
2019-03-06,True,True,False,True,False,1,True,正常
2019-03-07,True,True,False,True,False,1,True,正常
2019-03-08,True,True,False,True,False,1,True,正常
2019-03-11,True,True,False,True,False,3,True,正常
2019-03-12,True,True,False,True,False,1,True,正常
2019-03-13,True,True,False,True,False,1,True,正常
2019-03-14,True,True,False,True,False,1,True,正常
2019-03-15,True,True,False,True,False,1,True,正常
2019-03-18,True,True,False,True,False,3,True,正常
2019-03-19,True,True,False,True,False,1,True,正常
2019-03-20,True,True,False,True,False,1,True,正常
2019-03-21,True,True,False,True,False,1,True,正常
2019-03-22,True,True,False,True,False,1,True,正常
2019-03-25,True,True,False,True,False,3,True,正常
2019-03-26,True,True,False,True,False,1,True,正常
2019-03-27,True,True,False,True,False,1,True,正常
2019-03-28,True,True,False,True,False,1,True,正常
2019-03-29,True,True,False,True,False,1,True,正常
2019-04-01,True,True,False,True,False,3,True,正常
2019-04-02,True,True,False,True,False,1,True,正常
2019-04-03,True,True,False,True,False,1,True,正常
2019-04-04,True,True,False,True,False,1,True,正常
2019-04-08,True,True,False,True,False,4,True,正常
2019-04-09,True,True,False,True,False,1,True,正常
2019-04-10,True,True,False,True,False,1,True,正常
2019-04-11,True,True,False,True,False,1,True,正常
2019-04-12,True,True,False,True,False,1,True,正常
2019-04-15,True,True,False,True,False,3,True,正常
2019-04-16,True,True,False,True,False,1,True,正常
2019-04-17,True,True,False,True,False,1,True,正常
2019-04-18,True,True,False,True,False,1,True,正常
2019-04-19,True,True,False,True,False,1,True,正常
2019-04-22,True,True,False,True,False,3,True,正常
2019-04-23,True,True,False,True,False,1,True,正常
2019-04-24,True,True,False,True,False,1,True,正常
2019-04-25,True,True,False,True,False,1,True,正常
2019-04-26,True,True,False,True,False,1,True,正常
2019-04-29,True,True,False,True,False,3,True,正常
2019-04-30,True,True,False,True,False,1,True,正常
2019-05-06,True,True,False,True,False,6,True,正常
2019-05-07,True,True,False,True,False,1,True,正常
2019-05-08,True,True,False,True,False,1,True,正常
2019-05-09,True,True,False,True,False,1,True,正常
2019-05-10,True,True,False,True,False,1,True,正常
2019-05-13,True,True,False,True,False,3,True,正常
2019-05-14,True,True,False,True,False,1,True,正常
2019-05-15,True,True,False,True,False,1,True,正常
2019-05-16,True,True,False,True,False,1,True,正常
2019-05-17,True,True,False,True,False,1,True,正常
2019-05-20,True,True,False,True,False,3,True,正常
2019-05-21,True,True,False,True,False,1,True,正常
2019-05-22,True,True,False,True,False,1,True,正常
2019-05-23,True,True,False,True,False,1,True,正常
2019-05-24,True,True,False,True,False,1,True,正常
2019-05-27,True,True,False,True,False,3,True,正常
2019-05-28,True,True,False,True,False,1,True,正常
2019-05-29,True,True,False,True,False,1,True,正常
2019-05-30,True,True,False,True,False,1,True,正常
2019-05-31,True,True,False,True,False,1,True,正常
2019-06-03,True,True,False,True,False,3,True,正常
2019-06-04,True,True,False,True,False,1,True,正常
2019-06-05,True,True,False,True,False,1,True,正常
2019-06-06,True,True,False,True,False,1,True,正常
2019-06-10,True,True,False,True,False,4,True,正常
2019-06-11,True,True,False,True,False,1,True,正常
2019-06-12,True,True,False,True,False,1,True,正常
2019-06-13,True,True,False,True,False,1,True,正常
2019-06-14,True,True,False,True,False,1,True,正常
2019-06-17,True,True,False,True,False,3,True,正常
2019-06-18,True,True,False,True,False,1,True,正常
2019-06-19,True,True,False,True,False,1,True,正常
2019-06-20,True,True,False,True,False,1,True,正常
2019-06-21,True,True,False,True,False,1,True,正常
2019-06-24,True,True,False,True,False,3,True,正常
2019-06-25,True,True,False,True,False,1,True,正常
2019-06-26,True,True,False,True,False,1,True,正常
2019-06-27,True,True,False,True,False,1,True,正常
2019-06-28,True,True,False,True,False,1,True,正常
2019-07-01,True,True,False,True,False,3,True,正常
2019-07-02,True,True,False,True,False,1,True,正常
2019-07-03,True,True,False,True,False,1,True,正常
2019-07-04,True,True,False,True,False,1,True,正常
2019-07-05,True,True,False,True,False,1,True,正常
2019-07-08,True,True,False,True,False,3,True,正常
2019-07-09,True,True,False,True,False,1,True,正常
2019-07-10,True,True,False,True,False,1,True,正常
2019-07-11,True,True,False,True,False,1,True,正常
2019-07-12,True,True,False,True,False,1,True,正常
2019-07-15,True,True,False,True,False,3,True,正常
2019-07-16,True,True,False,True,False,1,True,正常
2019-07-17,True,True,False,True,False,1,True,正常
2019-07-18,True,True,False,True,False,1,True,正常
2019-07-19,True,True,False,True,False,1,True,正常
2019-07-22,True,True,False,True,False,3,True,正常
2019-07-23,True,True,False,True,False,1,True,正常
2019-07-24,True,True,False,True,False,1,True,正常
2019-07-25,True,True,False,True,False,1,True,正常
2019-07-26,True,True,False,True,False,1,True,正常
2019-07-29,True,True,False,True,False,3,True,正常
2019-07-30,True,True,False,True,False,1,True,正常
2019-07-31,True,True,False,True,False,1,True,正常
2019-08-01,True,True,False,True,False,1,True,正常
2019-08-02,True,True,False,True,False,1,True,正常
2019-08-05,True,True,False,True,False,3,True,正常
2019-08-06,True,True,False,True,False,1,True,正常
2019-08-07,True,True,False,True,False,1,True,正常
2019-08-08,True,True,False,True,False,1,True,正常
2019-08-09,True,True,False,True,False,1,True,正常
2019-08-12,True,True,False,True,False,3,True,正常
2019-08-13,True,True,False,True,False,1,True,正常
2019-08-14,True,True,False,True,False,1,True,正常
2019-08-15,True,True,False,True,False,1,True,正常
2019-08-16,True,True,False,True,False,1,True,正常
2019-08-19,True,True,False,True,False,3,True,正常
2019-08-20,True,True,False,True,False,1,True,正常
2019-08-21,True,True,False,True,False,1,True,正常
2019-08-22,True,True,False,True,False,1,True,正常
2019-08-23,True,True,False,True,False,1,True,正常
2019-08-26,True,True,False,True,False,3,True,正常
2019-08-27,True,True,False,True,False,1,True,正常
2019-08-28,True,True,False,True,False,1,True,正常
2019-08-29,True,True,False,True,False,1,True,正常
2019-08-30,True,True,False,True,False,1,True,正常
2019-09-02,True,True,False,True,False,3,True,正常
2019-09-03,True,True,False,True,False,1,True,正常
2019-09-04,True,True,False,True,False,1,True,正常
2019-09-05,True,True,False,True,False,1,True,正常
2019-09-06,True,True,False,True,False,1,True,正常
2019-09-09,True,True,False,True,False,3,True,正常
2019-09-10,True,True,False,True,False,1,True,正常
2019-09-11,True,True,False,True,False,1,True,正常
2019-09-12,True,True,False,True,False,1,True,正常
2019-09-16,True,True,False,True,False,4,True,正常
2019-09-17,True,True,False,True,False,1,True,正常
2019-09-18,True,True,False,True,False,1,True,正常
2019-09-19,True,True,False,True,False,1,True,正常
2019-09-20,True,True,False,True,False,1,True,正常
2019-09-23,True,True,False,True,False,3,True,正常
2019-09-24,True,True,False,True,False,1,True,正常
2019-09-25,True,True,False,True,False,1,True,正常
2019-09-26,True,True,False,True,False,1,True,正常
2019-09-27,True,True,False,True,False,1,True,正常
2019-09-30,True,True,False,True,False,3,True,正常
2019-10-08,True,True,False,True,False,8,True,正常
2019-10-09,True,True,False,True,False,1,True,正常
2019-10-10,True,True,False,True,False,1,True,正常
2019-10-11,True,True,False,True,False,1,True,正常
2019-10-14,True,True,False,True,False,3,True,正常
2019-10-15,True,True,False,True,False,1,True,正常
2019-10-16,True,True,False,True,False,1,True,正常
2019-10-17,True,True,False,True,False,1,True,正常
2019-10-18,True,True,False,True,False,1,True,正常
2019-10-21,True,True,False,True,False,3,True,正常
2019-10-22,True,True,False,True,False,1,True,正常
2019-10-23,True,True,False,True,False,1,True,正常
2019-10-24,True,True,False,True,False,1,True,正常
2019-10-25,True,True,False,True,False,1,True,正常
2019-10-28,True,True,False,True,False,3,True,正常
2019-10-29,True,True,False,True,False,1,True,正常
2019-10-30,True,True,False,True,False,1,True,正常
2019-10-31,True,True,False,True,False,1,True,正常
2019-11-01,True,True,False,True,False,1,True,正常
2019-11-04,True,True,False,True,False,3,True,正常
2019-11-05,True,True,False,True,False,1,True,正常
2019-11-06,True,True,False,True,False,1,True,正常
2019-11-07,True,True,False,True,False,1,True,正常
2019-11-08,True,True,False,True,False,1,True,正常
2019-11-11,True,True,False,True,False,3,True,正常
2019-11-12,True,True,False,True,False,1,True,正常
2019-11-13,True,True,False,True,False,1,True,正常
2019-11-14,True,True,False,True,False,1,True,正常
2019-11-15,True,True,False,True,False,1,True,正常
2019-11-18,True,True,False,True,False,3,True,正常
2019-11-19,True,True,False,True,False,1,True,正常
2019-11-20,True,True,False,True,False,1,True,正常
2019-11-21,True,True,False,True,False,1,True,正常
2019-11-22,True,True,False,True,False,1,True,正常
2019-11-25,True,True,False,True,False,3,True,正常
2019-11-26,True,True,False,True,False,1,True,正常
2019-11-27,True,True,False,True,False,1,True,正常
2019-11-28,True,True,False,True,False,1,True,正常
2019-11-29,True,True,False,True,False,1,True,正常
2019-12-02,True,True,False,True,False,3,True,正常
2019-12-03,True,True,False,True,False,1,True,正常
2019-12-04,True,True,False,True,False,1,True,正常
2019-12-05,True,True,False,True,False,1,True,正常
2019-12-06,True,True,False,True,False,1,True,正常
2019-12-09,True,True,False,True,False,3,True,正常
2019-12-10,True,True,False,True,False,1,True,正常
2019-12-11,True,True,False,True,False,1,True,正常
2019-12-12,True,True,False,True,False,1,True,正常
2019-12-13,True,True,False,True,False,1,True,正常
2019-12-16,True,True,False,True,False,3,True,正常
2019-12-17,True,True,False,True,False,1,True,正常
2019-12-18,True,True,False,True,False,1,True,正常
2019-12-19,True,True,False,True,False,1,True,正常
2019-12-20,True,True,False,True,False,1,True,正常
2019-12-23,True,True,False,True,False,3,True,正常
2019-12-24,True,True,False,True,False,1,True,正常
2019-12-25,True,True,False,True,False,1,True,正常
2019-12-26,True,True,False,True,False,1,True,正常
2019-12-27,True,True,False,True,False,1,True,正常
2019-12-30,True,True,False,True,False,3,True,正常
2019-12-31,True,True,False,True,False,1,True,正常
2020-01-02,True,True,False,True,False,2,True,正常
2020-01-03,True,True,False,True,False,1,True,正常
2020-01-06,True,True,False,True,False,3,True,正常
2020-01-07,True,True,False,True,False,1,True,正常
2020-01-08,True,True,False,True,False,1,True,正常
2020-01-09,True,True,False,True,False,1,True,正常
2020-01-10,True,True,False,True,False,1,True,正常
2020-01-13,True,True,False,True,False,3,True,正常
2020-01-14,True,True,False,True,False,1,True,正常
2020-01-15,True,True,False,True,False,1,True,正常
2020-01-16,True,True,False,True,False,1,True,正常
2020-01-17,True,True,False,True,False,1,True,正常
2020-01-20,True,True,False,True,False,3,True,正常
2020-01-21,True,True,False,True,False,1,True,正常
2020-01-22,True,True,False,True,False,1,True,正常
2020-01-23,True,True,False,True,False,1,True,正常
2020-02-03,True,True,False,True,False,11,True,正常
2020-02-04,True,True,False,True,False,1,True,正常
2020-02-05,True,True,False,True,False,1,True,正常
2020-02-06,True,True,False,True,False,1,True,正常
2020-02-07,True,True,False,True,False,1,True,正常
2020-02-10,True,True,False,True,False,3,True,正常
2020-02-11,True,True,False,True,False,1,True,正常
2020-02-12,True,True,False,True,False,1,True,正常
2020-02-13,True,True,False,True,False,1,True,正常
2020-02-14,True,True,False,True,False,1,True,正常
2020-02-17,True,True,False,True,False,3,True,正常
2020-02-18,True,True,False,True,False,1,True,正常
2020-02-19,True,True,False,True,False,1,True,正常
2020-02-20,True,True,False,True,False,1,True,正常
2020-02-21,True,True,False,True,False,1,True,正常
2020-02-24,True,True,False,True,False,3,True,正常
2020-02-25,True,True,False,True,False,1,True,正常
2020-02-26,True,True,False,True,False,1,True,正常
2020-02-27,True,True,False,True,False,1,True,正常
2020-02-28,True,True,False,True,False,1,True,正常
2020-03-02,True,True,False,True,False,3,True,正常
2020-03-03,True,True,False,True,False,1,True,正常
2020-03-04,True,True,False,True,False,1,True,正常
2020-03-05,True,True,False,True,False,1,True,正常
2020-03-06,True,True,False,True,False,1,True,正常
2020-03-09,True,True,False,True,False,3,True,正常
2020-03-10,True,True,False,True,False,1,True,正常
2020-03-11,True,True,False,True,False,1,True,正常
2020-03-12,True,True,False,True,False,1,True,正常
2020-03-13,True,True,False,True,False,1,True,正常
2020-03-16,True,True,False,True,False,3,True,正常
2020-03-17,True,True,False,True,False,1,True,正常
2020-03-18,True,True,False,True,False,1,True,正常
2020-03-19,True,True,False,True,False,1,True,正常
2020-03-20,True,True,False,True,False,1,True,正常
2020-03-23,True,True,False,True,False,3,True,正常
2020-03-24,True,True,False,True,False,1,True,正常
2020-03-25,True,True,False,True,False,1,True,正常
2020-03-26,True,True,False,True,False,1,True,正常
2020-03-27,True,True,False,True,False,1,True,正常
2020-03-30,True,True,False,True,False,3,True,正常
2020-03-31,True,True,False,True,False,1,True,正常
2020-04-01,True,True,False,True,False,1,True,正常
2020-04-02,True,True,False,True,False,1,True,正常
2020-04-03,True,True,False,True,False,1,True,正常
2020-04-07,True,True,False,True,False,4,True,正常
2020-04-08,True,True,False,True,False,1,True,正常
2020-04-09,True,True,False,True,False,1,True,正常
2020-04-10,True,True,False,True,False,1,True,正常
2020-04-13,True,True,False,True,False,3,True,正常
2020-04-14,True,True,False,True,False,1,True,正常
2020-04-15,True,True,False,True,False,1,True,正常
2020-04-16,True,True,False,True,False,1,True,正常
2020-04-17,True,True,False,True,False,1,True,正常
2020-04-20,True,True,False,True,False,3,True,正常
2020-04-21,True,True,False,True,False,1,True,正常
2020-04-22,True,True,False,True,False,1,True,正常
2020-04-23,True,True,False,True,False,1,True,正常
2020-04-24,True,True,False,True,False,1,True,正常
2020-04-27,True,True,False,True,False,3,True,正常
2020-04-28,True,True,False,True,False,1,True,正常
2020-04-29,True,True,False,True,False,1,True,正常
2020-04-30,True,True,False,True,False,1,True,正常
2020-05-06,True,True,False,True,False,6,True,正常
2020-05-07,True,True,False,True,False,1,True,正常
2020-05-08,True,True,False,True,False,1,True,正常
2020-05-11,True,True,False,True,False,3,True,正常
2020-05-12,True,True,False,True,False,1,True,正常
2020-05-13,True,True,False,True,False,1,True,正常
2020-05-14,True,True,False,True,False,1,True,正常
2020-05-15,True,True,False,True,False,1,True,正常
2020-05-18,True,True,False,True,False,3,True,正常
2020-05-19,True,True,False,True,False,1,True,正常
2020-05-20,True,True,False,True,False,1,True,正常
2020-05-21,True,True,False,True,False,1,True,正常
2020-05-22,True,True,False,True,False,1,True,正常
2020-05-25,True,True,False,True,False,3,True,正常
2020-05-26,True,True,False,True,False,1,True,正常
2020-05-27,True,True,False,True,False,1,True,正常
2020-05-28,True,True,False,True,False,1,True,正常
2020-05-29,True,True,False,True,False,1,True,正常
2020-06-01,True,True,False,True,False,3,True,正常
2020-06-02,True,True,False,True,False,1,True,正常
2020-06-03,True,True,False,True,False,1,True,正常
2020-06-04,True,True,False,True,False,1,True,正常
2020-06-05,True,True,False,True,False,1,True,正常
2020-06-08,True,True,False,True,False,3,True,正常
2020-06-09,True,True,False,True,False,1,True,正常
2020-06-10,True,True,False,True,False,1,True,正常
2020-06-11,True,True,False,True,False,1,True,正常
2020-06-12,True,True,False,True,False,1,True,正常
2020-06-15,True,True,False,True,False,3,True,正常
2020-06-16,True,True,False,True,False,1,True,正常
2020-06-17,True,True,False,True,False,1,True,正常
2020-06-18,True,True,False,True,False,1,True,正常
2020-06-19,True,True,False,True,False,1,True,正常
2020-06-22,True,True,False,True,False,3,True,正常
2020-06-23,True,True,False,True,False,1,True,正常
2020-06-24,True,True,False,True,False,1,True,正常
2020-06-29,True,True,False,True,False,5,True,正常
2020-06-30,True,True,False,True,False,1,True,正常
2020-07-01,True,True,False,True,False,1,True,正常
2020-07-02,True,True,False,True,False,1,True,正常
2020-07-03,True,True,False,True,False,1,True,正常
2020-07-06,True,True,False,True,False,3,True,正常
2020-07-07,True,True,False,True,False,1,True,正常
2020-07-08,True,True,False,True,False,1,True,正常
2020-07-09,True,True,False,True,False,1,True,正常
2020-07-10,True,True,False,True,False,1,True,正常
2020-07-13,True,True,False,True,False,3,True,正常
2020-07-14,True,True,False,True,False,1,True,正常
2020-07-15,True,True,False,True,False,1,True,正常
2020-07-16,True,True,False,True,False,1,True,正常
2020-07-17,True,True,False,True,False,1,True,正常
2020-07-20,True,True,False,True,False,3,True,正常
2020-07-21,True,True,False,True,False,1,True,正常
2020-07-22,True,True,False,True,False,1,True,正常
2020-07-23,True,True,False,True,False,1,True,正常
2020-07-24,True,True,False,True,False,1,True,正常
2020-07-27,True,True,False,True,False,3,True,正常
2020-07-28,True,True,False,True,False,1,True,正常
2020-07-29,True,True,False,True,False,1,True,正常
2020-07-30,True,True,False,True,False,1,True,正常
2020-07-31,True,True,False,True,False,1,True,正常
2020-08-03,True,True,False,True,False,3,True,正常
2020-08-04,True,True,False,True,False,1,True,正常
2020-08-05,True,True,False,True,False,1,True,正常
2020-08-06,True,True,False,True,False,1,True,正常
2020-08-07,True,True,False,True,False,1,True,正常
2020-08-10,True,True,False,True,False,3,True,正常
2020-08-11,True,True,False,True,False,1,True,正常
2020-08-12,True,True,False,True,False,1,True,正常
2020-08-13,True,True,False,True,False,1,True,正常
2020-08-14,True,True,False,True,False,1,True,正常
2020-08-17,True,True,False,True,False,3,True,正常
2020-08-18,True,True,False,True,False,1,True,正常
2020-08-19,True,True,False,True,False,1,True,正常
2020-08-20,True,True,False,True,False,1,True,正常
2020-08-21,True,True,False,True,False,1,True,正常
2020-08-24,True,True,False,True,False,3,True,正常
2020-08-25,True,True,False,True,False,1,True,正常
2020-08-26,True,True,False,True,False,1,True,正常
2020-08-27,True,True,False,True,False,1,True,正常
2020-08-28,True,True,False,True,False,1,True,正常
2020-08-31,True,True,False,True,False,3,True,正常
2020-09-01,True,True,False,True,False,1,True,正常
2020-09-02,True,True,False,True,False,1,True,正常
2020-09-03,True,True,False,True,False,1,True,正常
2020-09-04,True,True,False,True,False,1,True,正常
2020-09-07,True,True,False,True,False,3,True,正常
2020-09-08,True,True,False,True,False,1,True,正常
2020-09-09,True,True,False,True,False,1,True,正常
2020-09-10,True,True,False,True,False,1,True,正常
2020-09-11,True,True,False,True,False,1,True,正常
2020-09-14,True,True,False,True,False,3,True,正常
2020-09-15,True,True,False,True,False,1,True,正常
2020-09-16,True,True,False,True,False,1,True,正常
2020-09-17,True,True,False,True,False,1,True,正常
2020-09-18,True,True,False,True,False,1,True,正常
2020-09-21,True,True,False,True,False,3,True,正常
2020-09-22,True,True,False,True,False,1,True,正常
2020-09-23,True,True,False,True,False,1,True,正常
2020-09-24,True,True,False,True,False,1,True,正常
2020-09-25,True,True,False,True,False,1,True,正常
2020-09-28,True,True,False,True,False,3,True,正常
2020-09-29,True,True,False,True,False,1,True,正常
2020-09-30,True,True,False,True,False,1,True,正常
2020-10-09,True,True,False,True,False,9,True,正常
2020-10-12,True,True,False,True,False,3,True,正常
2020-10-13,True,True,False,True,False,1,True,正常
2020-10-14,True,True,False,True,False,1,True,正常
2020-10-15,True,True,False,True,False,1,True,正常
2020-10-16,True,True,False,True,False,1,True,正常
2020-10-19,True,True,False,True,False,3,True,正常
2020-10-20,True,True,False,True,False,1,True,正常
2020-10-21,True,True,False,True,False,1,True,正常
2020-10-22,True,True,False,True,False,1,True,正常
2020-10-23,True,True,False,True,False,1,True,正常
2020-10-26,True,True,False,True,False,3,True,正常
2020-10-27,True,True,False,True,False,1,True,正常
2020-10-28,True,True,False,True,False,1,True,正常
2020-10-29,True,True,False,True,False,1,True,正常
2020-10-30,True,True,False,True,False,1,True,正常
2020-11-02,True,True,False,True,False,3,True,正常
2020-11-03,True,True,False,True,False,1,True,正常
2020-11-04,True,True,False,True,False,1,True,正常
2020-11-05,True,True,False,True,False,1,True,正常
2020-11-06,True,True,False,True,False,1,True,正常
2020-11-09,True,True,False,True,False,3,True,正常
2020-11-10,True,True,False,True,False,1,True,正常
2020-11-11,True,True,False,True,False,1,True,正常
2020-11-12,True,True,False,True,False,1,True,正常
2020-11-13,True,True,False,True,False,1,True,正常
2020-11-16,True,True,False,True,False,3,True,正常
2020-11-17,True,True,False,True,False,1,True,正常
2020-11-18,True,True,False,True,False,1,True,正常
2020-11-19,True,True,False,True,False,1,True,正常
2020-11-20,True,True,False,True,False,1,True,正常
2020-11-23,True,True,False,True,False,3,True,正常
2020-11-24,True,True,False,True,False,1,True,正常
2020-11-25,True,True,False,True,False,1,True,正常
2020-11-26,True,True,False,True,False,1,True,正常
2020-11-27,True,True,False,True,False,1,True,正常
2020-11-30,True,True,False,True,False,3,True,正常
2020-12-01,True,True,False,True,False,1,True,正常
2020-12-02,True,True,False,True,False,1,True,正常
2020-12-03,True,True,False,True,False,1,True,正常
2020-12-04,True,True,False,True,False,1,True,正常
2020-12-07,True,True,False,True,False,3,True,正常
2020-12-08,True,True,False,True,False,1,True,正常
2020-12-09,True,True,False,True,False,1,True,正常
2020-12-10,True,True,False,True,False,1,True,正常
2020-12-11,True,True,False,True,False,1,True,正常
2020-12-14,True,True,False,True,False,3,True,正常
2020-12-15,True,True,False,True,False,1,True,正常
2020-12-16,True,True,False,True,False,1,True,正常
2020-12-17,True,True,False,True,False,1,True,正常
2020-12-18,True,True,False,True,False,1,True,正常
2020-12-21,True,True,False,True,False,3,True,正常
2020-12-22,True,True,False,True,False,1,True,正常
2020-12-23,True,True,False,True,False,1,True,正常
2020-12-24,True,True,False,True,False,1,True,正常
2020-12-25,True,True,False,True,False,1,True,正常
2020-12-28,True,True,False,True,False,3,True,正常
2020-12-29,True,True,False,True,False,1,True,正常
2020-12-30,True,True,False,True,False,1,True,正常
2020-12-31,True,True,False,True,False,1,True,正常
2021-01-04,True,True,False,True,False,4,True,正常
2021-01-05,True,True,False,True,False,1,True,正常
2021-01-06,True,True,False,True,False,1,True,正常
2021-01-07,True,True,False,True,False,1,True,正常
2021-01-08,True,True,False,True,False,1,True,正常
2021-01-11,True,True,False,True,False,3,True,正常
2021-01-12,True,True,False,True,False,1,True,正常
2021-01-13,True,True,False,True,False,1,True,正常
2021-01-14,True,True,False,True,False,1,True,正常
2021-01-15,True,True,False,True,False,1,True,正常
2021-01-18,True,True,False,True,False,3,True,正常
2021-01-19,True,True,False,True,False,1,True,正常
2021-01-20,True,True,False,True,False,1,True,正常
2021-01-21,True,True,False,True,False,1,True,正常
2021-01-22,True,True,False,True,False,1,True,正常
2021-01-25,True,True,False,True,False,3,True,正常
2021-01-26,True,True,False,True,False,1,True,正常
2021-01-27,True,True,False,True,False,1,True,正常
2021-01-28,True,True,False,True,False,1,True,正常
2021-01-29,True,True,False,True,False,1,True,正常
2021-02-01,True,True,False,True,False,3,True,正常
2021-02-02,True,True,False,True,False,1,True,正常
2021-02-03,True,True,False,True,False,1,True,正常
2021-02-04,True,True,False,True,False,1,True,正常
2021-02-05,True,True,False,True,False,1,True,正常
2021-02-08,True,True,False,True,False,3,True,正常
2021-02-09,True,True,False,True,False,1,True,正常
2021-02-10,True,True,False,True,False,1,True,正常
2021-02-18,True,True,False,True,False,8,True,正常
2021-02-19,True,True,False,True,False,1,True,正常
2021-02-22,True,True,False,True,False,3,True,正常
2021-02-23,True,True,False,True,False,1,True,正常
2021-02-24,True,True,False,True,False,1,True,正常
2021-02-25,True,True,False,True,False,1,True,正常
2021-02-26,True,True,False,True,False,1,True,正常
2021-03-01,True,True,False,True,False,3,True,正常
2021-03-02,True,True,False,True,False,1,True,正常
2021-03-03,True,True,False,True,False,1,True,正常
2021-03-04,True,True,False,True,False,1,True,正常
2021-03-05,True,True,False,True,False,1,True,正常
2021-03-08,True,True,False,True,False,3,True,正常
2021-03-09,True,True,False,True,False,1,True,正常
2021-03-10,True,True,False,True,False,1,True,正常
2021-03-11,True,True,False,True,False,1,True,正常
2021-03-12,True,True,False,True,False,1,True,正常
2021-03-15,True,True,False,True,False,3,True,正常
2021-03-16,True,True,False,True,False,1,True,正常
2021-03-17,True,True,False,True,False,1,True,正常
2021-03-18,True,True,False,True,False,1,True,正常
2021-03-19,True,True,False,True,False,1,True,正常
2021-03-22,True,True,False,True,False,3,True,正常
2021-03-23,True,True,False,True,False,1,True,正常
2021-03-24,True,True,False,True,False,1,True,正常
2021-03-25,True,True,False,True,False,1,True,正常
2021-03-26,True,True,False,True,False,1,True,正常
2021-03-29,True,True,False,True,False,3,True,正常
2021-03-30,True,True,False,True,False,1,True,正常
2021-03-31,True,True,False,True,False,1,True,正常
2021-04-01,True,True,False,True,False,1,True,正常
2021-04-02,True,True,False,True,False,1,True,正常
2021-04-06,True,True,False,True,False,4,True,正常
2021-04-07,True,True,False,True,False,1,True,正常
2021-04-08,True,True,False,True,False,1,True,正常
2021-04-09,True,True,False,True,False,1,True,正常
2021-04-12,True,True,False,True,False,3,True,正常
2021-04-13,True,True,False,True,False,1,True,正常
2021-04-14,True,True,False,True,False,1,True,正常
2021-04-15,True,True,False,True,False,1,True,正常
2021-04-16,True,True,False,True,False,1,True,正常
2021-04-19,True,True,False,True,False,3,True,正常
2021-04-20,True,True,False,True,False,1,True,正常
2021-04-21,True,True,False,True,False,1,True,正常
2021-04-22,True,True,False,True,False,1,True,正常
2021-04-23,True,True,False,True,False,1,True,正常
2021-04-26,True,True,False,True,False,3,True,正常
2021-04-27,True,True,False,True,False,1,True,正常
2021-04-28,True,True,False,True,False,1,True,正常
2021-04-29,True,True,False,True,False,1,True,正常
2021-04-30,True,True,False,True,False,1,True,正常
2021-05-06,True,True,False,True,False,6,True,正常
2021-05-07,True,True,False,True,False,1,True,正常
2021-05-10,True,True,False,True,False,3,True,正常
2021-05-11,True,True,False,True,False,1,True,正常
2021-05-12,True,True,False,True,False,1,True,正常
2021-05-13,True,True,False,True,False,1,True,正常
2021-05-14,True,True,False,True,False,1,True,正常
2021-05-17,True,True,False,True,False,3,True,正常
2021-05-18,True,True,False,True,False,1,True,正常
2021-05-19,True,True,False,True,False,1,True,正常
2021-05-20,True,True,False,True,False,1,True,正常
2021-05-21,True,True,False,True,False,1,True,正常
2021-05-24,True,True,False,True,False,3,True,正常
2021-05-25,True,True,False,True,False,1,True,正常
2021-05-26,True,True,False,True,False,1,True,正常
2021-05-27,True,True,False,True,False,1,True,正常
2021-05-28,True,True,False,True,False,1,True,正常
2021-05-31,True,True,False,True,False,3,True,正常
2021-06-01,True,True,False,True,False,1,True,正常
2021-06-02,True,True,False,True,False,1,True,正常
2021-06-03,True,True,False,True,False,1,True,正常
2021-06-04,True,True,False,True,False,1,True,正常
2021-06-07,True,True,False,True,False,3,True,正常
2021-06-08,True,True,False,True,False,1,True,正常
2021-06-09,True,True,False,True,False,1,True,正常
2021-06-10,True,True,False,True,False,1,True,正常
2021-06-11,True,True,False,True,False,1,True,正常
2021-06-15,True,True,False,True,False,4,True,正常
2021-06-16,True,True,False,True,False,1,True,正常
2021-06-17,True,True,False,True,False,1,True,正常
2021-06-18,True,True,False,True,False,1,True,正常
2021-06-21,True,True,False,True,False,3,True,正常
2021-06-22,True,True,False,True,False,1,True,正常
2021-06-23,True,True,False,True,False,1,True,正常
2021-06-24,True,True,False,True,False,1,True,正常
2021-06-25,True,True,False,True,False,1,True,正常
2021-06-28,True,True,False,True,False,3,True,正常
2021-06-29,True,True,False,True,False,1,True,正常
2021-06-30,True,True,False,True,False,1,True,正常
2021-07-01,True,True,False,True,False,1,True,正常
2021-07-02,True,True,False,True,False,1,True,正常
2021-07-05,True,True,False,True,False,3,True,正常
2021-07-06,True,True,False,True,False,1,True,正常
2021-07-07,True,True,False,True,False,1,True,正常
2021-07-08,True,True,False,True,False,1,True,正常
2021-07-09,True,True,False,True,False,1,True,正常
2021-07-12,True,True,False,True,False,3,True,正常
2021-07-13,True,True,False,True,False,1,True,正常
2021-07-14,True,True,False,True,False,1,True,正常
2021-07-15,True,True,False,True,False,1,True,正常
2021-07-16,True,True,False,True,False,1,True,正常
2021-07-19,True,True,False,True,False,3,True,正常
2021-07-20,True,True,False,True,False,1,True,正常
2021-07-21,True,True,False,True,False,1,True,正常
2021-07-22,True,True,False,True,False,1,True,正常
2021-07-23,True,True,False,True,False,1,True,正常
2021-07-26,True,True,False,True,False,3,True,正常
2021-07-27,True,True,False,True,False,1,True,正常
2021-07-28,True,True,False,True,False,1,True,正常
2021-07-29,True,True,False,True,False,1,True,正常
2021-07-30,True,True,False,True,False,1,True,正常
2021-08-02,True,True,False,True,False,3,True,正常
2021-08-03,True,True,False,True,False,1,True,正常
2021-08-04,True,True,False,True,False,1,True,正常
2021-08-05,True,True,False,True,False,1,True,正常
2021-08-06,True,True,False,True,False,1,True,正常
2021-08-09,True,True,False,True,False,3,True,正常
2021-08-10,True,True,False,True,False,1,True,正常
2021-08-11,True,True,False,True,False,1,True,正常
2021-08-12,True,True,False,True,False,1,True,正常
2021-08-13,True,True,False,True,False,1,True,正常
2021-08-16,True,True,False,True,False,3,True,正常
2021-08-17,True,True,False,True,False,1,True,正常
2021-08-18,True,True,False,True,False,1,True,正常
2021-08-19,True,True,False,True,False,1,True,正常
2021-08-20,True,True,False,True,False,1,True,正常
2021-08-23,True,True,False,True,False,3,True,正常
2021-08-24,True,True,False,True,False,1,True,正常
2021-08-25,True,True,False,True,False,1,True,正常
2021-08-26,True,True,False,True,False,1,True,正常
2021-08-27,True,True,False,True,False,1,True,正常
2021-08-30,True,True,False,True,False,3,True,正常
2021-08-31,True,True,False,True,False,1,True,正常
2021-09-01,True,True,False,True,False,1,True,正常
2021-09-02,True,True,False,True,False,1,True,正常
2021-09-03,True,True,False,True,False,1,True,正常
2021-09-06,True,True,False,True,False,3,True,正常
2021-09-07,True,True,False,True,False,1,True,正常
2021-09-08,True,True,False,True,False,1,True,正常
2021-09-09,True,True,False,True,False,1,True,正常
2021-09-10,True,True,False,True,False,1,True,正常
2021-09-13,True,True,False,True,False,3,True,正常
2021-09-14,True,True,False,True,False,1,True,正常
2021-09-15,True,True,False,True,False,1,True,正常
2021-09-16,True,True,False,True,False,1,True,正常
2021-09-17,True,True,False,True,False,1,True,正常
2021-09-22,True,True,False,True,False,5,True,正常
2021-09-23,True,True,False,True,False,1,True,正常
2021-09-24,True,True,False,True,False,1,True,正常
2021-09-27,True,True,False,True,False,3,True,正常
2021-09-28,True,True,False,True,False,1,True,正常
2021-09-29,True,True,False,True,False,1,True,正常
2021-09-30,True,True,False,True,False,1,True,正常
2021-10-08,True,True,False,True,False,8,True,正常
2021-10-11,True,True,False,True,False,3,True,正常
2021-10-12,True,True,False,True,False,1,True,正常
2021-10-13,True,True,False,True,False,1,True,正常
2021-10-14,True,True,False,True,False,1,True,正常
2021-10-15,True,True,False,True,False,1,True,正常
2021-10-18,True,True,False,True,False,3,True,正常
2021-10-19,True,True,False,True,False,1,True,正常
2021-10-20,True,True,False,True,False,1,True,正常
2021-10-21,True,True,False,True,False,1,True,正常
2021-10-22,True,True,False,True,False,1,True,正常
2021-10-25,True,True,False,True,False,3,True,正常
2021-10-26,True,True,False,True,False,1,True,正常
2021-10-27,True,True,False,True,False,1,True,正常
2021-10-28,True,True,False,True,False,1,True,正常
2021-10-29,True,True,False,True,False,1,True,正常
2021-11-01,True,True,False,True,False,3,True,正常
2021-11-02,True,True,False,True,False,1,True,正常
2021-11-03,True,True,False,True,False,1,True,正常
2021-11-04,True,True,False,True,False,1,True,正常
2021-11-05,True,True,False,True,False,1,True,正常
2021-11-08,True,True,False,True,False,3,True,正常
2021-11-09,True,True,False,True,False,1,True,正常
2021-11-10,True,True,False,True,False,1,True,正常
2021-11-11,True,True,False,True,False,1,True,正常
2021-11-12,True,True,False,True,False,1,True,正常
2021-11-15,True,True,False,True,False,3,True,正常
2021-11-16,True,True,False,True,False,1,True,正常
2021-11-17,True,True,False,True,False,1,True,正常
2021-11-18,True,True,False,True,False,1,True,正常
2021-11-19,True,True,False,True,False,1,True,正常
2021-11-22,True,True,False,True,False,3,True,正常
2021-11-23,True,True,False,True,False,1,True,正常
2021-11-24,True,True,False,True,False,1,True,正常
2021-11-25,True,True,False,True,False,1,True,正常
2021-11-26,True,True,False,True,False,1,True,正常
2021-11-29,True,True,False,True,False,3,True,正常
2021-11-30,True,True,False,True,False,1,True,正常
2021-12-01,True,True,False,True,False,1,True,正常
2021-12-02,True,True,False,True,False,1,True,正常
2021-12-03,True,True,False,True,False,1,True,正常
2021-12-06,True,True,False,True,False,3,True,正常
2021-12-07,True,True,False,True,False,1,True,正常
2021-12-08,True,True,False,True,False,1,True,正常
2021-12-09,True,True,False,True,False,1,True,正常
2021-12-10,True,True,False,True,False,1,True,正常
2021-12-13,True,True,False,True,False,3,True,正常
2021-12-14,True,True,False,True,False,1,True,正常
2021-12-15,True,True,False,True,False,1,True,正常
2021-12-16,True,True,False,True,False,1,True,正常
2021-12-17,True,True,False,True,False,1,True,正常
2021-12-20,True,True,False,True,False,3,True,正常
2021-12-21,True,True,False,True,False,1,True,正常
2021-12-22,True,True,False,True,False,1,True,正常
2021-12-23,True,True,False,True,False,1,True,正常
2021-12-24,True,True,False,True,False,1,True,正常
2021-12-27,True,True,False,True,False,3,True,正常
2021-12-28,True,True,False,True,False,1,True,正常
2021-12-29,True,True,False,True,False,1,True,正常
2021-12-30,True,True,False,True,False,1,True,正常
2021-12-31,True,True,False,True,False,1,True,正常
2022-01-04,True,True,False,True,False,4,True,正常
2022-01-05,True,True,False,True,False,1,True,正常
2022-01-06,True,True,False,True,False,1,True,正常
2022-01-07,True,True,False,True,False,1,True,正常
2022-01-10,True,True,False,True,False,3,True,正常
2022-01-11,True,True,False,True,False,1,True,正常
2022-01-12,True,True,False,True,False,1,True,正常
2022-01-13,True,True,False,True,False,1,True,正常
2022-01-14,True,True,False,True,False,1,True,正常
2022-01-17,True,True,False,True,False,3,True,正常
2022-01-18,True,True,False,True,False,1,True,正常
2022-01-19,True,True,False,True,False,1,True,正常
2022-01-20,True,True,False,True,False,1,True,正常
2022-01-21,True,True,False,True,False,1,True,正常
2022-01-24,True,True,False,True,False,3,True,正常
2022-01-25,True,True,False,True,False,1,True,正常
2022-01-26,True,True,False,True,False,1,True,正常
2022-01-27,True,True,False,True,False,1,True,正常
2022-01-28,True,True,False,True,False,1,True,正常
2022-02-07,True,True,False,True,False,10,True,正常
2022-02-08,True,True,False,True,False,1,True,正常
2022-02-09,True,True,False,True,False,1,True,正常
2022-02-10,True,True,False,True,False,1,True,正常
2022-02-11,True,True,False,True,False,1,True,正常
2022-02-14,True,True,False,True,False,3,True,正常
2022-02-15,True,True,False,True,False,1,True,正常
2022-02-16,True,True,False,True,False,1,True,正常
2022-02-17,True,True,False,True,False,1,True,正常
2022-02-18,True,True,False,True,False,1,True,正常
2022-02-21,True,True,False,True,False,3,True,正常
2022-02-22,True,True,False,True,False,1,True,正常
2022-02-23,True,True,False,True,False,1,True,正常
2022-02-24,True,True,False,True,False,1,True,正常
2022-02-25,True,True,False,True,False,1,True,正常
2022-02-28,True,True,False,True,False,3,True,正常
2022-03-01,True,True,False,True,False,1,True,正常
2022-03-02,True,True,False,True,False,1,True,正常
2022-03-03,True,True,False,True,False,1,True,正常
2022-03-04,True,True,False,True,False,1,True,正常
2022-03-07,True,True,False,True,False,3,True,正常
2022-03-08,True,True,False,True,False,1,True,正常
2022-03-09,True,True,False,True,False,1,True,正常
2022-03-10,True,True,False,True,False,1,True,正常
2022-03-11,True,True,False,True,False,1,True,正常
2022-03-14,True,True,False,True,False,3,True,正常
2022-03-15,True,True,False,True,False,1,True,正常
2022-03-16,True,True,False,True,False,1,True,正常
2022-03-17,True,True,False,True,False,1,True,正常
2022-03-18,True,True,False,True,False,1,True,正常
2022-03-21,True,True,False,True,False,3,True,正常
2022-03-22,True,True,False,True,False,1,True,正常
2022-03-23,True,True,False,True,False,1,True,正常
2022-03-24,True,True,False,True,False,1,True,正常
2022-03-25,True,True,False,True,False,1,True,正常
2022-03-28,True,True,False,True,False,3,True,正常
2022-03-29,True,True,False,True,False,1,True,正常
2022-03-30,True,True,False,True,False,1,True,正常
2022-03-31,True,True,False,True,False,1,True,正常
2022-04-01,True,True,False,True,False,1,True,正常
2022-04-06,True,True,False,True,False,5,True,正常
2022-04-07,True,True,False,True,False,1,True,正常
2022-04-08,True,True,False,True,False,1,True,正常
2022-04-11,True,True,False,True,False,3,True,正常
2022-04-12,True,True,False,True,False,1,True,正常
2022-04-13,True,True,False,True,False,1,True,正常
2022-04-14,True,True,False,True,False,1,True,正常
2022-04-15,True,True,False,True,False,1,True,正常
2022-04-18,True,True,False,True,False,3,True,正常
2022-04-19,True,True,False,True,False,1,True,正常
2022-04-20,True,True,False,True,False,1,True,正常
2022-04-21,True,True,False,True,False,1,True,正常
2022-04-22,True,True,False,True,False,1,True,正常
2022-04-25,True,True,False,True,False,3,True,正常
2022-04-26,True,True,False,True,False,1,True,正常
2022-04-27,True,True,False,True,False,1,True,正常
2022-04-28,True,True,False,True,False,1,True,正常
2022-04-29,True,True,False,True,False,1,True,正常
2022-05-05,True,True,False,True,False,6,True,正常
2022-05-06,True,True,False,True,False,1,True,正常
2022-05-09,True,True,False,True,False,3,True,正常
2022-05-10,True,True,False,True,False,1,True,正常
2022-05-11,True,True,False,True,False,1,True,正常
2022-05-12,True,True,False,True,False,1,True,正常
2022-05-13,True,True,False,True,False,1,True,正常
2022-05-16,True,True,False,True,False,3,True,正常
2022-05-17,True,True,False,True,False,1,True,正常
2022-05-18,True,True,False,True,False,1,True,正常
2022-05-19,True,True,False,True,False,1,True,正常
2022-05-20,True,True,False,True,False,1,True,正常
2022-05-23,True,True,False,True,False,3,True,正常
2022-05-24,True,True,False,True,False,1,True,正常
2022-05-25,True,True,False,True,False,1,True,正常
2022-05-26,True,True,False,True,False,1,True,正常
2022-05-27,True,True,False,True,False,1,True,正常
2022-05-30,True,True,False,True,False,3,True,正常
2022-05-31,True,True,False,True,False,1,True,正常
2022-06-01,True,True,False,True,False,1,True,正常
2022-06-02,True,True,False,True,False,1,True,正常
2022-06-06,True,True,False,True,False,4,True,正常
2022-06-07,True,True,False,True,False,1,True,正常
2022-06-08,True,True,False,True,False,1,True,正常
2022-06-09,True,True,False,True,False,1,True,正常
2022-06-10,True,True,False,True,False,1,True,正常
2022-06-13,True,True,False,True,False,3,True,正常
2022-06-14,True,True,False,True,False,1,True,正常
2022-06-15,True,True,False,True,False,1,True,正常
2022-06-16,True,True,False,True,False,1,True,正常
2022-06-17,True,True,False,True,False,1,True,正常
2022-06-20,True,True,False,True,False,3,True,正常
2022-06-21,True,True,False,True,False,1,True,正常
2022-06-22,True,True,False,True,False,1,True,正常
2022-06-23,True,True,False,True,False,1,True,正常
2022-06-24,True,True,False,True,False,1,True,正常
2022-06-27,True,True,False,True,False,3,True,正常
2022-06-28,True,True,False,True,False,1,True,正常
2022-06-29,True,True,False,True,False,1,True,正常
2022-06-30,True,True,False,True,False,1,True,正常
2022-07-01,True,True,False,True,False,1,True,正常
2022-07-04,True,True,False,True,False,3,True,正常
2022-07-05,True,True,False,True,False,1,True,正常
2022-07-06,True,True,False,True,False,1,True,正常
2022-07-07,True,True,False,True,False,1,True,正常
2022-07-08,True,True,False,True,False,1,True,正常
2022-07-11,True,True,False,True,False,3,True,正常
2022-07-12,True,True,False,True,False,1,True,正常
2022-07-13,True,True,False,True,False,1,True,正常
2022-07-14,True,True,False,True,False,1,True,正常
2022-07-15,True,True,False,True,False,1,True,正常
2022-07-18,True,True,False,True,False,3,True,正常
2022-07-19,True,True,False,True,False,1,True,正常
2022-07-20,True,True,False,True,False,1,True,正常
2022-07-21,True,True,False,True,False,1,True,正常
2022-07-22,True,True,False,True,False,1,True,正常
2022-07-25,True,True,False,True,False,3,True,正常
2022-07-26,True,True,False,True,False,1,True,正常
2022-07-27,True,True,False,True,False,1,True,正常
2022-07-28,True,True,False,True,False,1,True,正常
2022-07-29,True,True,False,True,False,1,True,正常
2022-08-01,True,True,False,True,False,3,True,正常
2022-08-02,True,True,False,True,False,1,True,正常
2022-08-03,True,True,False,True,False,1,True,正常
2022-08-04,True,True,False,True,False,1,True,正常
2022-08-05,True,True,False,True,False,1,True,正常
2022-08-08,True,True,False,True,False,3,True,正常
2022-08-09,True,True,False,True,False,1,True,正常
2022-08-10,True,True,False,True,False,1,True,正常
2022-08-11,True,True,False,True,False,1,True,正常
2022-08-12,True,True,False,True,False,1,True,正常
2022-08-15,True,True,False,True,False,3,True,正常
2022-08-16,True,True,False,True,False,1,True,正常
2022-08-17,True,True,False,True,False,1,True,正常
2022-08-18,True,True,False,True,False,1,True,正常
2022-08-19,True,True,False,True,False,1,True,正常
2022-08-22,True,True,False,True,False,3,True,正常
2022-08-23,True,True,False,True,False,1,True,正常
2022-08-24,True,True,False,True,False,1,True,正常
2022-08-25,True,True,False,True,False,1,True,正常
2022-08-26,True,True,False,True,False,1,True,正常
2022-08-29,True,True,False,True,False,3,True,正常
2022-08-30,True,True,False,True,False,1,True,正常
2022-08-31,True,True,False,True,False,1,True,正常
2022-09-01,True,True,False,True,False,1,True,正常
2022-09-02,True,True,False,True,False,1,True,正常
2022-09-05,True,True,False,True,False,3,True,正常
2022-09-06,True,True,False,True,False,1,True,正常
2022-09-07,True,True,False,True,False,1,True,正常
2022-09-08,True,True,False,True,False,1,True,正常
2022-09-09,True,True,False,True,False,1,True,正常
2022-09-13,True,True,False,True,False,4,True,正常
2022-09-14,True,True,False,True,False,1,True,正常
2022-09-15,True,True,False,True,False,1,True,正常
2022-09-16,True,True,False,True,False,1,True,正常
2022-09-19,True,True,False,True,False,3,True,正常
2022-09-20,True,True,False,True,False,1,True,正常
2022-09-21,True,True,False,True,False,1,True,正常
2022-09-22,True,True,False,True,False,1,True,正常
2022-09-23,True,True,False,True,False,1,True,正常
2022-09-26,True,True,False,True,False,3,True,正常
2022-09-27,True,True,False,True,False,1,True,正常
2022-09-28,True,True,False,True,False,1,True,正常
2022-09-29,True,True,False,True,False,1,True,正常
2022-09-30,True,True,False,True,False,1,True,正常
2022-10-10,True,True,False,True,False,10,True,正常
2022-10-11,True,True,False,True,False,1,True,正常
2022-10-12,True,True,False,True,False,1,True,正常
2022-10-13,True,True,False,True,False,1,True,正常
2022-10-14,True,True,False,True,False,1,True,正常
2022-10-17,True,True,False,True,False,3,True,正常
2022-10-18,True,True,False,True,False,1,True,正常
2022-10-19,True,True,False,True,False,1,True,正常
2022-10-20,True,True,False,True,False,1,True,正常
2022-10-21,True,True,False,True,False,1,True,正常
2022-10-24,True,True,False,True,False,3,True,正常
2022-10-25,True,True,False,True,False,1,True,正常
2022-10-26,True,True,False,True,False,1,True,正常
2022-10-27,True,True,False,True,False,1,True,正常
2022-10-28,True,True,False,True,False,1,True,正常
2022-10-31,True,True,False,True,False,3,True,正常
2022-11-01,True,True,False,True,False,1,True,正常
2022-11-02,True,True,False,True,False,1,True,正常
2022-11-03,True,True,False,True,False,1,True,正常
2022-11-04,True,True,False,True,False,1,True,正常
2022-11-07,True,True,False,True,False,3,True,正常
2022-11-08,True,True,False,True,False,1,True,正常
2022-11-09,True,True,False,True,False,1,True,正常
2022-11-10,True,True,False,True,False,1,True,正常
2022-11-11,True,True,False,True,False,1,True,正常
2022-11-14,True,True,False,True,False,3,True,正常
2022-11-15,True,True,False,True,False,1,True,正常
2022-11-16,True,True,False,True,False,1,True,正常
2022-11-17,True,True,False,True,False,1,True,正常
2022-11-18,True,True,False,True,False,1,True,正常
2022-11-21,True,True,False,True,False,3,True,正常
2022-11-22,True,True,False,True,False,1,True,正常
2022-11-23,True,True,False,True,False,1,True,正常
2022-11-24,True,True,False,True,False,1,True,正常
2022-11-25,True,True,False,True,False,1,True,正常
2022-11-28,True,True,False,True,False,3,True,正常
2022-11-29,True,True,False,True,False,1,True,正常
2022-11-30,True,True,False,True,False,1,True,正常
2022-12-01,True,True,False,True,False,1,True,正常
2022-12-02,True,True,False,True,False,1,True,正常
2022-12-05,True,True,False,True,False,3,True,正常
2022-12-06,True,True,False,True,False,1,True,正常
2022-12-07,True,True,False,True,False,1,True,正常
2022-12-08,True,True,False,True,False,1,True,正常
2022-12-09,True,True,False,True,False,1,True,正常
2022-12-12,True,True,False,True,False,3,True,正常
2022-12-13,True,True,False,True,False,1,True,正常
2022-12-14,True,True,False,True,False,1,True,正常
2022-12-15,True,True,False,True,False,1,True,正常
2022-12-16,True,True,False,True,False,1,True,正常
2022-12-19,True,True,False,True,False,3,True,正常
2022-12-20,True,True,False,True,False,1,True,正常
2022-12-21,True,True,False,True,False,1,True,正常
2022-12-22,True,True,False,True,False,1,True,正常
2022-12-23,True,True,False,True,False,1,True,正常
2022-12-26,True,True,False,True,False,3,True,正常
2022-12-27,True,True,False,True,False,1,True,正常
2022-12-28,True,True,False,True,False,1,True,正常
2022-12-29,True,True,False,True,False,1,True,正常
2022-12-30,True,True,False,True,False,1,True,正常
2023-01-03,True,True,False,True,False,4,True,正常
2023-01-04,True,True,False,True,False,1,True,正常
2023-01-05,True,True,False,True,False,1,True,正常
2023-01-06,True,True,False,True,False,1,True,正常
2023-01-09,True,True,False,True,False,3,True,正常
2023-01-10,True,True,False,True,False,1,True,正常
2023-01-11,True,True,False,True,False,1,True,正常
2023-01-12,True,True,False,True,False,1,True,正常
2023-01-13,True,True,False,True,False,1,True,正常
2023-01-16,True,True,False,True,False,3,True,正常
2023-01-17,True,True,False,True,False,1,True,正常
2023-01-18,True,True,False,True,False,1,True,正常
2023-01-19,True,True,False,True,False,1,True,正常
2023-01-20,True,True,False,True,False,1,True,正常
2023-01-30,True,True,False,True,False,10,True,正常
2023-01-31,True,True,False,True,False,1,True,正常
2023-02-01,True,True,False,True,False,1,True,正常
2023-02-02,True,True,False,True,False,1,True,正常
2023-02-03,True,True,False,True,False,1,True,正常
2023-02-06,True,True,False,True,False,3,True,正常
2023-02-07,True,True,False,True,False,1,True,正常
2023-02-08,True,True,False,True,False,1,True,正常
2023-02-09,True,True,False,True,False,1,True,正常
2023-02-10,True,True,False,True,False,1,True,正常
2023-02-13,True,True,False,True,False,3,True,正常
2023-02-14,True,True,False,True,False,1,True,正常
2023-02-15,True,True,False,True,False,1,True,正常
2023-02-16,True,True,False,True,False,1,True,正常
2023-02-17,True,True,False,True,False,1,True,正常
2023-02-20,True,True,False,True,False,3,True,正常
2023-02-21,True,True,False,True,False,1,True,正常
2023-02-22,True,True,False,True,False,1,True,正常
2023-02-23,True,True,False,True,False,1,True,正常
2023-02-24,True,True,False,True,False,1,True,正常
2023-02-27,True,True,False,True,False,3,True,正常
2023-02-28,True,True,False,True,False,1,True,正常
2023-03-01,True,True,False,True,False,1,True,正常
2023-03-02,True,True,False,True,False,1,True,正常
2023-03-03,True,True,False,True,False,1,True,正常
2023-03-06,True,True,False,True,False,3,True,正常
2023-03-07,True,True,False,True,False,1,True,正常
2023-03-08,True,True,False,True,False,1,True,正常
2023-03-09,True,True,False,True,False,1,True,正常
2023-03-10,True,True,False,True,False,1,True,正常
2023-03-13,True,True,False,True,False,3,True,正常
2023-03-14,True,True,False,True,False,1,True,正常
2023-03-15,True,True,False,True,False,1,True,正常
2023-03-16,True,True,False,True,False,1,True,正常
2023-03-17,True,True,False,True,False,1,True,正常
2023-03-20,True,True,False,True,False,3,True,正常
2023-03-21,True,True,False,True,False,1,True,正常
2023-03-22,True,True,False,True,False,1,True,正常
2023-03-23,True,True,False,True,False,1,True,正常
2023-03-24,True,True,False,True,False,1,True,正常
2023-03-27,True,True,False,True,False,3,True,正常
2023-03-28,True,True,False,True,False,1,True,正常
2023-03-29,True,True,False,True,False,1,True,正常
2023-03-30,True,True,False,True,False,1,True,正常
2023-03-31,True,True,False,True,False,1,True,正常
2023-04-03,True,True,False,True,False,3,True,正常
2023-04-04,True,True,False,True,False,1,True,正常
2023-04-06,True,True,False,True,False,2,True,正常
2023-04-07,True,True,False,True,False,1,True,正常
2023-04-10,True,True,False,True,False,3,True,正常
2023-04-11,True,True,False,True,False,1,True,正常
2023-04-12,True,True,False,True,False,1,True,正常
2023-04-13,True,True,False,True,False,1,True,正常
2023-04-14,True,True,False,True,False,1,True,正常
2023-04-17,True,True,False,True,False,3,True,正常
2023-04-18,True,True,False,True,False,1,True,正常
2023-04-19,True,True,False,True,False,1,True,正常
2023-04-20,True,True,False,True,False,1,True,正常
2023-04-21,True,True,False,True,False,1,True,正常
2023-04-24,True,True,False,True,False,3,True,正常
2023-04-25,True,True,False,True,False,1,True,正常
2023-04-26,True,True,False,True,False,1,True,正常
2023-04-27,True,True,False,True,False,1,True,正常
2023-04-28,True,True,False,True,False,1,True,正常
2023-05-04,True,True,False,True,False,6,True,正常
2023-05-05,True,True,False,True,False,1,True,正常
2023-05-08,True,True,False,True,False,3,True,正常
2023-05-09,True,True,False,True,False,1,True,正常
2023-05-10,True,True,False,True,False,1,True,正常
2023-05-11,True,True,False,True,False,1,True,正常
2023-05-12,True,True,False,True,False,1,True,正常
2023-05-15,True,True,False,True,False,3,True,正常
2023-05-16,True,True,False,True,False,1,True,正常
2023-05-17,True,True,False,True,False,1,True,正常
2023-05-18,True,True,False,True,False,1,True,正常
2023-05-19,True,True,False,True,False,1,True,正常
2023-05-22,True,True,False,True,False,3,True,正常
2023-05-23,True,True,False,True,False,1,True,正常
2023-05-24,True,True,False,True,False,1,True,正常
2023-05-25,True,True,False,True,False,1,True,正常
2023-05-26,True,True,False,True,False,1,True,正常
2023-05-29,True,True,False,True,False,3,True,正常
2023-05-30,True,True,False,True,False,1,True,正常
2023-05-31,True,True,False,True,False,1,True,正常
2023-06-01,True,True,False,True,False,1,True,正常
2023-06-02,True,True,False,True,False,1,True,正常
2023-06-05,True,True,False,True,False,3,True,正常
2023-06-06,True,True,False,True,False,1,True,正常
2023-06-07,True,True,False,True,False,1,True,正常
2023-06-08,True,True,False,True,False,1,True,正常
2023-06-09,True,True,False,True,False,1,True,正常
2023-06-12,True,True,False,True,False,3,True,正常
2023-06-13,True,True,False,True,False,1,True,正常
2023-06-14,True,True,False,True,False,1,True,正常
2023-06-15,True,True,False,True,False,1,True,正常
2023-06-16,True,True,False,True,False,1,True,正常
2023-06-19,True,True,False,True,False,3,True,正常
2023-06-20,True,True,False,True,False,1,True,正常
2023-06-21,True,True,False,True,False,1,True,正常
2023-06-26,True,True,False,True,False,5,True,正常
2023-06-27,True,True,False,True,False,1,True,正常
2023-06-28,True,True,False,True,False,1,True,正常
2023-06-29,True,True,False,True,False,1,True,正常
2023-06-30,True,True,False,True,False,1,True,正常
2023-07-03,True,True,False,True,False,3,True,正常
2023-07-04,True,True,False,True,False,1,True,正常
2023-07-05,True,True,False,True,False,1,True,正常
2023-07-06,True,True,False,True,False,1,True,正常
2023-07-07,True,True,False,True,False,1,True,正常
2023-07-10,True,True,False,True,False,3,True,正常
2023-07-11,True,True,False,True,False,1,True,正常
2023-07-12,True,True,False,True,False,1,True,正常
2023-07-13,True,True,False,True,False,1,True,正常
2023-07-14,True,True,False,True,False,1,True,正常
2023-07-17,True,True,False,True,False,3,True,正常
2023-07-18,True,True,False,True,False,1,True,正常
2023-07-19,True,True,False,True,False,1,True,正常
2023-07-20,True,True,False,True,False,1,True,正常
2023-07-21,True,True,False,True,False,1,True,正常
2023-07-24,True,True,False,True,False,3,True,正常
2023-07-25,True,True,False,True,False,1,True,正常
2023-07-26,True,True,False,True,False,1,True,正常
2023-07-27,True,True,False,True,False,1,True,正常
2023-07-28,True,True,False,True,False,1,True,正常
2023-07-31,True,True,False,True,False,3,True,正常
2023-08-01,True,True,False,True,False,1,True,正常
2023-08-02,True,True,False,True,False,1,True,正常
2023-08-03,True,True,False,True,False,1,True,正常
2023-08-04,True,True,False,True,False,1,True,正常
2023-08-07,True,True,False,True,False,3,True,正常
2023-08-08,True,True,False,True,False,1,True,正常
2023-08-09,True,True,False,True,False,1,True,正常
2023-08-10,True,True,False,True,False,1,True,正常
2023-08-11,True,True,False,True,False,1,True,正常
2023-08-14,True,True,False,True,False,3,True,正常
2023-08-15,True,True,False,True,False,1,True,正常
2023-08-16,True,True,False,True,False,1,True,正常
2023-08-17,True,True,False,True,False,1,True,正常
2023-08-18,True,True,False,True,False,1,True,正常
2023-08-21,True,True,False,True,False,3,True,正常
2023-08-22,True,True,False,True,False,1,True,正常
2023-08-23,True,True,False,True,False,1,True,正常
2023-08-24,True,True,False,True,False,1,True,正常
2023-08-25,True,True,False,True,False,1,True,正常
2023-08-28,True,True,False,True,False,3,True,正常
2023-08-29,True,True,False,True,False,1,True,正常
2023-08-30,True,True,False,True,False,1,True,正常
2023-08-31,True,True,False,True,False,1,True,正常
2023-09-01,True,True,False,True,False,1,True,正常
2023-09-04,True,True,False,True,False,3,True,正常
2023-09-05,True,True,False,True,False,1,True,正常
2023-09-06,True,True,False,True,False,1,True,正常
2023-09-07,True,True,False,True,False,1,True,正常
2023-09-08,True,True,False,True,False,1,True,正常
2023-09-11,True,True,False,True,False,3,True,正常
2023-09-12,True,True,False,True,False,1,True,正常
2023-09-13,True,True,False,True,False,1,True,正常
2023-09-14,True,True,False,True,False,1,True,正常
2023-09-15,True,True,False,True,False,1,True,正常
2023-09-18,True,True,False,True,False,3,True,正常
2023-09-19,True,True,False,True,False,1,True,正常
2023-09-20,True,True,False,True,False,1,True,正常
2023-09-21,True,True,False,True,False,1,True,正常
2023-09-22,True,True,False,True,False,1,True,正常
2023-09-25,True,True,False,True,False,3,True,正常
2023-09-26,True,True,False,True,False,1,True,正常
2023-09-27,True,True,False,True,False,1,True,正常
2023-09-28,True,True,False,True,False,1,True,正常
2023-10-09,True,True,False,True,False,11,True,正常
2023-10-10,True,True,False,True,False,1,True,正常
2023-10-11,True,True,False,True,False,1,True,正常
2023-10-12,True,True,False,True,False,1,True,正常
2023-10-13,True,True,False,True,False,1,True,正常
2023-10-16,True,True,False,True,False,3,True,正常
2023-10-17,True,True,False,True,False,1,True,正常
2023-10-18,True,True,False,True,False,1,True,正常
2023-10-19,True,True,False,True,False,1,True,正常
2023-10-20,True,True,False,True,False,1,True,正常
2023-10-23,True,True,False,True,False,3,True,正常
2023-10-24,True,True,False,True,False,1,True,正常
2023-10-25,True,True,False,True,False,1,True,正常
2023-10-26,True,True,False,True,False,1,True,正常
2023-10-27,True,True,False,True,False,1,True,正常
2023-10-30,True,True,False,True,False,3,True,正常
2023-10-31,True,True,False,True,False,1,True,正常
2023-11-01,True,True,False,True,False,1,True,正常
2023-11-02,True,True,False,True,False,1,True,正常
2023-11-03,True,True,False,True,False,1,True,正常
2023-11-06,True,True,False,True,False,3,True,正常
2023-11-07,True,True,False,True,False,1,True,正常
2023-11-08,True,True,False,True,False,1,True,正常
2023-11-09,True,True,False,True,False,1,True,正常
2023-11-10,True,True,False,True,False,1,True,正常
2023-11-13,True,True,False,True,False,3,True,正常
2023-11-14,True,True,False,True,False,1,True,正常
2023-11-15,True,True,False,True,False,1,True,正常
2023-11-16,True,True,False,True,False,1,True,正常
2023-11-17,True,True,False,True,False,1,True,正常
2023-11-20,True,True,False,True,False,3,True,正常
2023-11-21,True,True,False,True,False,1,True,正常
2023-11-22,True,True,False,True,False,1,True,正常
2023-11-23,True,True,False,True,False,1,True,正常
2023-11-24,True,True,False,True,False,1,True,正常
2023-11-27,True,True,False,True,False,3,True,正常
2023-11-28,True,True,False,True,False,1,True,正常
2023-11-29,True,True,False,True,False,1,True,正常
2023-11-30,True,True,False,True,False,1,True,正常
2023-12-01,True,True,False,True,False,1,True,正常
2023-12-04,True,True,False,True,False,3,True,正常
2023-12-05,True,True,False,True,False,1,True,正常
2023-12-06,True,True,False,True,False,1,True,正常
2023-12-07,True,True,False,True,False,1,True,正常
2023-12-08,True,True,False,True,False,1,True,正常
2023-12-11,True,True,False,True,False,3,True,正常
2023-12-12,True,True,False,True,False,1,True,正常
2023-12-13,True,True,False,True,False,1,True,正常
2023-12-14,True,True,False,True,False,1,True,正常
2023-12-15,True,True,False,True,False,1,True,正常
2023-12-18,True,True,False,True,False,3,True,正常
2023-12-19,True,True,False,True,False,1,True,正常
2023-12-20,True,True,False,True,False,1,True,正常
2023-12-21,True,True,False,True,False,1,True,正常
2023-12-22,True,True,False,True,False,1,True,正常
2023-12-25,True,True,False,True,False,3,True,正常
2023-12-26,True,True,False,True,False,1,True,正常
2023-12-27,True,True,False,True,False,1,True,正常
2023-12-28,True,True,False,True,False,1,True,正常
2023-12-29,True,True,False,True,False,1,True,正常
2024-01-02,True,True,False,True,False,4,True,正常
2024-01-03,True,True,False,True,False,1,True,正常
2024-01-04,True,True,False,True,False,1,True,正常
2024-01-05,True,True,False,True,False,1,True,正常
2024-01-08,True,True,False,True,False,3,True,正常
2024-01-09,True,True,False,True,False,1,True,正常
2024-01-10,True,True,False,True,False,1,True,正常
2024-01-11,True,True,False,True,False,1,True,正常
2024-01-12,True,True,False,True,False,1,True,正常
2024-01-15,True,True,False,True,False,3,True,正常
2024-01-16,True,True,False,True,False,1,True,正常
2024-01-17,True,True,False,True,False,1,True,正常
2024-01-18,True,True,False,True,False,1,True,正常
2024-01-19,True,True,False,True,False,1,True,正常
2024-01-22,True,True,False,True,False,3,True,正常
2024-01-23,True,True,False,True,False,1,True,正常
2024-01-24,True,True,False,True,False,1,True,正常
2024-01-25,True,True,False,True,False,1,True,正常
2024-01-26,True,True,False,True,False,1,True,正常
2024-01-29,True,True,False,True,False,3,True,正常
2024-01-30,True,True,False,True,False,1,True,正常
2024-01-31,True,True,False,True,False,1,True,正常
2024-02-01,True,True,False,True,False,1,True,正常
2024-02-02,True,True,False,True,False,1,True,正常
2024-02-05,True,True,False,True,False,3,True,正常
2024-02-06,True,True,False,True,False,1,True,正常
2024-02-07,True,True,False,True,False,1,True,正常
2024-02-08,True,True,False,True,False,1,True,正常
2024-02-19,True,True,False,True,False,11,True,正常
2024-02-20,True,True,False,True,False,1,True,正常
2024-02-21,True,True,False,True,False,1,True,正常
2024-02-22,True,True,False,True,False,1,True,正常
2024-02-23,True,True,False,True,False,1,True,正常
2024-02-26,True,True,False,True,False,3,True,正常
2024-02-27,True,True,False,True,False,1,True,正常
2024-02-28,True,True,False,True,False,1,True,正常
2024-02-29,True,True,False,True,False,1,True,正常
2024-03-01,True,True,False,True,False,1,True,正常
2024-03-04,True,True,False,True,False,3,True,正常
2024-03-05,True,True,False,True,False,1,True,正常
2024-03-06,True,True,False,True,False,1,True,正常
2024-03-07,True,True,False,True,False,1,True,正常
2024-03-08,True,True,False,True,False,1,True,正常
2024-03-11,True,True,False,True,False,3,True,正常
2024-03-12,True,True,False,True,False,1,True,正常
2024-03-13,True,True,False,True,False,1,True,正常
2024-03-14,True,True,False,True,False,1,True,正常
2024-03-15,True,True,False,True,False,1,True,正常
2024-03-18,True,True,False,True,False,3,True,正常
2024-03-19,True,True,False,True,False,1,True,正常
2024-03-20,True,True,False,True,False,1,True,正常
2024-03-21,True,True,False,True,False,1,True,正常
2024-03-22,True,True,False,True,False,1,True,正常
2024-03-25,True,True,False,True,False,3,True,正常
2024-03-26,True,True,False,True,False,1,True,正常
2024-03-27,True,True,False,True,False,1,True,正常
2024-03-28,True,True,False,True,False,1,True,正常
2024-03-29,True,True,False,True,False,1,True,正常
2024-04-01,True,True,False,True,False,3,True,正常
2024-04-02,True,True,False,True,False,1,True,正常
2024-04-03,True,True,False,True,False,1,True,正常
2024-04-08,True,True,False,True,False,5,True,正常
2024-04-09,True,True,False,True,False,1,True,正常
2024-04-10,True,True,False,True,False,1,True,正常
2024-04-11,True,True,False,True,False,1,True,正常
2024-04-12,True,True,False,True,False,1,True,正常
2024-04-15,True,True,False,True,False,3,True,正常
2024-04-16,True,True,False,True,False,1,True,正常
2024-04-17,True,True,False,True,False,1,True,正常
2024-04-18,True,True,False,True,False,1,True,正常
2024-04-19,True,True,False,True,False,1,True,正常
2024-04-22,True,True,False,True,False,3,True,正常
2024-04-23,True,True,False,True,False,1,True,正常
2024-04-24,True,True,False,True,False,1,True,正常
2024-04-25,True,True,False,True,False,1,True,正常
2024-04-26,True,True,False,True,False,1,True,正常
2024-04-29,True,True,False,True,False,3,True,正常
2024-04-30,True,True,False,True,False,1,True,正常
2024-05-06,True,True,False,True,False,6,True,正常
2024-05-07,True,True,False,True,False,1,True,正常
2024-05-08,True,True,False,True,False,1,True,正常
2024-05-09,True,True,False,True,False,1,True,正常
2024-05-10,True,True,False,True,False,1,True,正常
2024-05-13,True,True,False,True,False,3,True,正常
2024-05-14,True,True,False,True,False,1,True,正常
2024-05-15,True,True,False,True,False,1,True,正常
2024-05-16,True,True,False,True,False,1,True,正常
2024-05-17,True,True,False,True,False,1,True,正常
2024-05-20,True,True,False,True,False,3,True,正常
2024-05-21,True,True,False,True,False,1,True,正常
2024-05-22,True,True,False,True,False,1,True,正常
2024-05-23,True,True,False,True,False,1,True,正常
2024-05-24,True,True,False,True,False,1,True,正常
2024-05-27,True,True,False,True,False,3,True,正常
2024-05-28,True,True,False,True,False,1,True,正常
2024-05-29,True,True,False,True,False,1,True,正常
2024-05-30,True,True,False,True,False,1,True,正常
2024-05-31,True,True,False,True,False,1,True,正常
2024-06-03,True,True,False,True,False,3,True,正常
2024-06-04,True,True,False,True,False,1,True,正常
2024-06-05,True,True,False,True,False,1,True,正常
2024-06-06,True,True,False,True,False,1,True,正常
2024-06-07,True,True,False,True,False,1,True,正常
2024-06-11,True,True,False,True,False,4,True,正常
2024-06-12,True,True,False,True,False,1,True,正常
2024-06-13,True,True,False,True,False,1,True,正常
2024-06-14,True,True,False,True,False,1,True,正常
2024-06-17,True,True,False,True,False,3,True,正常
2024-06-18,True,True,False,True,False,1,True,正常
2024-06-19,True,True,False,True,False,1,True,正常
2024-06-20,True,True,False,True,False,1,True,正常
2024-06-21,True,True,False,True,False,1,True,正常
2024-06-24,True,True,False,True,False,3,True,正常
2024-06-25,True,True,False,True,False,1,True,正常
2024-06-26,True,True,False,True,False,1,True,正常
2024-06-27,True,True,False,True,False,1,True,正常
2024-06-28,True,True,False,True,False,1,True,正常
2024-07-01,True,True,False,True,False,3,True,正常
2024-07-02,True,True,False,True,False,1,True,正常
2024-07-03,True,True,False,True,False,1,True,正常
2024-07-04,True,True,False,True,False,1,True,正常
2024-07-05,True,True,False,True,False,1,True,正常
2024-07-08,True,True,False,True,False,3,True,正常
2024-07-09,True,True,False,True,False,1,True,正常
2024-07-10,True,True,False,True,False,1,True,正常
2024-07-11,True,True,False,True,False,1,True,正常
2024-07-12,True,True,False,True,False,1,True,正常
2024-07-15,True,True,False,True,False,3,True,正常
2024-07-16,True,True,False,True,False,1,True,正常
2024-07-17,True,True,False,True,False,1,True,正常
2024-07-18,True,True,False,True,False,1,True,正常
2024-07-19,True,True,False,True,False,1,True,正常
2024-07-22,True,True,False,True,False,3,True,正常
2024-07-23,True,True,False,True,False,1,True,正常
2024-07-24,True,True,False,True,False,1,True,正常
2024-07-25,True,True,False,True,False,1,True,正常
2024-07-26,True,True,False,True,False,1,True,正常
2024-07-29,True,True,False,True,False,3,True,正常
2024-07-30,True,True,False,True,False,1,True,正常
2024-07-31,True,True,False,True,False,1,True,正常
2024-08-01,True,True,False,True,False,1,True,正常
2024-08-02,True,True,False,True,False,1,True,正常
2024-08-05,True,True,False,True,False,3,True,正常
2024-08-06,True,True,False,True,False,1,True,正常
2024-08-07,True,True,False,True,False,1,True,正常
2024-08-08,True,True,False,True,False,1,True,正常
2024-08-09,True,True,False,True,False,1,True,正常
2024-08-12,True,True,False,True,False,3,True,正常
2024-08-13,True,True,False,True,False,1,True,正常
2024-08-14,True,True,False,True,False,1,True,正常
2024-08-15,True,True,False,True,False,1,True,正常
2024-08-16,True,True,False,True,False,1,True,正常
2024-08-19,True,True,False,True,False,3,True,正常
2024-08-20,True,True,False,True,False,1,True,正常
2024-08-21,True,True,False,True,False,1,True,正常
2024-08-22,True,True,False,True,False,1,True,正常
2024-08-23,True,True,False,True,False,1,True,正常
2024-08-26,True,True,False,True,False,3,True,正常
2024-08-27,True,True,False,True,False,1,True,正常
2024-08-28,True,True,False,True,False,1,True,正常
2024-08-29,True,True,False,True,False,1,True,正常
2024-08-30,True,True,False,True,False,1,True,正常
2024-09-02,True,True,False,True,False,3,True,正常
2024-09-03,True,True,False,True,False,1,True,正常
2024-09-04,True,True,False,True,False,1,True,正常
2024-09-05,True,True,False,True,False,1,True,正常
2024-09-06,True,True,False,True,False,1,True,正常
2024-09-09,True,True,False,True,False,3,True,正常
2024-09-10,True,True,False,True,False,1,True,正常
2024-09-11,True,True,False,True,False,1,True,正常
2024-09-12,True,True,False,True,False,1,True,正常
2024-09-13,True,True,False,True,False,1,True,正常
2024-09-18,True,True,False,True,False,5,True,正常
2024-09-19,True,True,False,True,False,1,True,正常
2024-09-20,True,True,False,True,False,1,True,正常
2024-09-23,True,True,False,True,False,3,True,正常
2024-09-24,True,True,False,True,False,1,True,正常
2024-09-25,True,True,False,True,False,1,True,正常
2024-09-26,True,True,False,True,False,1,True,正常
2024-09-27,True,True,False,True,False,1,True,正常
2024-09-30,True,True,False,True,False,3,True,正常
2024-10-08,True,True,False,True,False,8,True,正常
2024-10-09,True,True,False,True,False,1,True,正常
2024-10-10,True,True,False,True,False,1,True,正常
2024-10-11,True,True,False,True,False,1,True,正常
2024-10-14,True,True,False,True,False,3,True,正常
2024-10-15,True,True,False,True,False,1,True,正常
2024-10-16,True,True,False,True,False,1,True,正常
2024-10-17,True,True,False,True,False,1,True,正常
2024-10-18,True,True,False,True,False,1,True,正常
2024-10-21,True,True,False,True,False,3,True,正常
2024-10-22,True,True,False,True,False,1,True,正常
2024-10-23,True,True,False,True,False,1,True,正常
2024-10-24,True,True,False,True,False,1,True,正常
2024-10-25,True,True,False,True,False,1,True,正常
2024-10-28,True,True,False,True,False,3,True,正常
2024-10-29,True,True,False,True,False,1,True,正常
2024-10-30,True,True,False,True,False,1,True,正常
2024-10-31,True,True,False,True,False,1,True,正常
2024-11-01,True,True,False,True,False,1,True,正常
2024-11-04,True,True,False,True,False,3,True,正常
2024-11-05,True,True,False,True,False,1,True,正常
2024-11-06,True,True,False,True,False,1,True,正常
2024-11-07,True,True,False,True,False,1,True,正常
2024-11-08,True,True,False,True,False,1,True,正常
2024-11-11,True,True,False,True,False,3,True,正常
2024-11-12,True,True,False,True,False,1,True,正常
2024-11-13,True,True,False,True,False,1,True,正常
2024-11-14,True,True,False,True,False,1,True,正常
2024-11-15,True,True,False,True,False,1,True,正常
2024-11-18,True,True,False,True,False,3,True,正常
2024-11-19,True,True,False,True,False,1,True,正常
2024-11-20,True,True,False,True,False,1,True,正常
2024-11-21,True,True,False,True,False,1,True,正常
2024-11-22,True,True,False,True,False,1,True,正常
2024-11-25,True,True,False,True,False,3,True,正常
2024-11-26,True,True,False,True,False,1,True,正常
2024-11-27,True,True,False,True,False,1,True,正常
2024-11-28,True,True,False,True,False,1,True,正常
2024-11-29,True,True,False,True,False,1,True,正常
2024-12-02,True,True,False,True,False,3,True,正常
2024-12-03,True,True,False,True,False,1,True,正常
2024-12-04,True,True,False,True,False,1,True,正常
2024-12-05,True,True,False,True,False,1,True,正常
2024-12-06,True,True,False,True,False,1,True,正常
2024-12-09,True,True,False,True,False,3,True,正常
2024-12-10,True,True,False,True,False,1,True,正常
2024-12-11,True,True,False,True,False,1,True,正常
2024-12-12,True,True,False,True,False,1,True,正常
2024-12-13,True,True,False,True,False,1,True,正常
2024-12-16,True,True,False,True,False,3,True,正常
2024-12-17,True,True,False,True,False,1,True,正常
2024-12-18,True,True,False,True,False,1,True,正常
2024-12-19,True,True,False,True,False,1,True,正常
2024-12-20,True,True,False,True,False,1,True,正常
2024-12-23,True,True,False,True,False,3,True,正常
2024-12-24,True,True,False,True,False,1,True,正常
2024-12-25,True,True,False,True,False,1,True,正常
2024-12-26,True,True,False,True,False,1,True,正常
2024-12-27,True,True,False,True,False,1,True,正常
2024-12-30,True,True,False,True,False,3,True,正常
2024-12-31,True,True,False,True,False,1,True,正常
2025-01-02,True,True,False,True,False,2,True,正常
2025-01-03,True,True,False,True,False,1,True,正常
2025-01-06,True,True,False,True,False,3,True,正常
2025-01-07,True,True,False,True,False,1,True,正常
2025-01-08,True,True,False,True,False,1,True,正常
2025-01-09,True,True,False,True,False,1,True,正常
2025-01-10,True,True,False,True,False,1,True,正常
2025-01-13,True,True,False,True,False,3,True,正常
2025-01-14,True,True,False,True,False,1,True,正常
2025-01-15,True,True,False,True,False,1,True,正常
2025-01-16,True,True,False,True,False,1,True,正常
2025-01-17,True,True,False,True,False,1,True,正常
2025-01-20,True,True,False,True,False,3,True,正常
2025-01-21,True,True,False,True,False,1,True,正常
2025-01-22,True,True,False,True,False,1,True,正常
2025-01-23,True,True,False,True,False,1,True,正常
2025-01-24,True,True,False,True,False,1,True,正常
2025-01-27,True,True,False,True,False,3,True,正常
2025-02-05,True,True,False,True,False,9,True,正常
2025-02-06,True,True,False,True,False,1,True,正常
2025-02-07,True,True,False,True,False,1,True,正常
2025-02-10,True,True,False,True,False,3,True,正常
2025-02-11,True,True,False,True,False,1,True,正常
2025-02-12,True,True,False,True,False,1,True,正常
2025-02-13,True,True,False,True,False,1,True,正常
2025-02-14,True,True,False,True,False,1,True,正常
2025-02-17,True,True,False,True,False,3,True,正常
2025-02-18,True,True,False,True,False,1,True,正常
2025-02-19,True,True,False,True,False,1,True,正常
2025-02-20,True,True,False,True,False,1,True,正常
2025-02-21,True,True,False,True,False,1,True,正常
2025-02-24,True,True,False,True,False,3,True,正常
2025-02-25,True,True,False,True,False,1,True,正常
2025-02-26,True,True,False,True,False,1,True,正常
2025-02-27,True,True,False,True,False,1,True,正常
2025-02-28,True,True,False,True,False,1,True,正常
2025-03-03,True,True,False,True,False,3,True,正常
2025-03-04,True,True,False,True,False,1,True,正常
2025-03-05,True,True,False,True,False,1,True,正常
2025-03-06,True,True,False,True,False,1,True,正常
2025-03-07,True,True,False,True,False,1,True,正常
2025-03-10,True,True,False,True,False,3,True,正常
2025-03-11,True,True,False,True,False,1,True,正常
2025-03-12,True,True,False,True,False,1,True,正常
2025-03-13,True,True,False,True,False,1,True,正常
2025-03-14,True,True,False,True,False,1,True,正常
2025-03-17,True,True,False,True,False,3,True,正常
2025-03-18,True,True,False,True,False,1,True,正常
2025-03-19,True,True,False,True,False,1,True,正常
2025-03-20,True,True,False,True,False,1,True,正常
2025-03-21,True,True,False,True,False,1,True,正常
2025-03-24,True,True,False,True,False,3,True,正常
2025-03-25,True,True,False,True,False,1,True,正常
2025-03-26,True,True,False,True,False,1,True,正常
2025-03-27,True,True,False,True,False,1,True,正常
2025-03-28,True,True,False,True,False,1,True,正常
2025-03-31,True,True,False,True,False,3,True,正常
2025-04-01,True,True,False,True,False,1,True,正常
2025-04-02,True,True,False,True,False,1,True,正常
2025-04-03,True,True,False,True,False,1,True,正常
2025-04-07,True,True,False,True,False,4,True,正常
2025-04-08,True,True,False,True,False,1,True,正常
2025-04-09,True,True,False,True,False,1,True,正常
2025-04-10,True,True,False,True,False,1,True,正常
2025-04-11,True,True,False,True,False,1,True,正常
2025-04-14,True,True,False,True,False,3,True,正常
2025-04-15,True,True,False,True,False,1,True,正常
2025-04-16,True,True,False,True,False,1,True,正常
2025-04-17,True,True,False,True,False,1,True,正常
2025-04-18,True,True,False,True,False,1,True,正常
2025-04-21,True,True,False,True,False,3,True,正常
2025-04-22,True,True,False,True,False,1,True,正常
2025-04-23,True,True,False,True,False,1,True,正常
2025-04-24,True,True,False,True,False,1,True,正常
2025-04-25,True,True,False,True,False,1,True,正常
2025-04-28,True,True,False,True,False,3,True,正常
2025-04-29,True,True,False,True,False,1,True,正常
2025-04-30,True,True,False,True,False,1,True,正常
2025-05-06,True,True,False,True,False,6,True,正常
2025-05-07,True,True,False,True,False,1,True,正常
2025-05-08,True,True,False,True,False,1,True,正常
2025-05-09,True,True,False,True,False,1,True,正常
2025-05-12,True,True,False,True,False,3,True,正常
2025-05-13,True,True,False,True,False,1,True,正常
2025-05-14,True,True,False,True,False,1,True,正常
2025-05-15,True,True,False,True,False,1,True,正常
2025-05-16,True,True,False,True,False,1,True,正常
2025-05-19,True,True,False,True,False,3,True,正常
2025-05-20,True,True,False,True,False,1,True,正常
2025-05-21,True,True,False,True,False,1,True,正常
2025-05-22,True,True,False,True,False,1,True,正常
2025-05-23,True,True,False,True,False,1,True,正常
2025-05-26,True,True,False,True,False,3,True,正常
2025-05-27,True,True,False,True,False,1,True,正常
2025-05-28,True,True,False,True,False,1,True,正常
2025-05-29,True,True,False,True,False,1,True,正常
2025-05-30,True,True,False,True,False,1,True,正常
2025-06-03,True,True,False,True,False,4,True,正常
2025-06-04,True,True,False,True,False,1,True,正常
2025-06-05,True,True,False,True,False,1,True,正常
2025-06-06,True,True,False,True,False,1,True,正常
2025-06-09,True,True,False,True,False,3,True,正常
2025-06-10,True,True,False,True,False,1,True,正常
2025-06-11,True,True,False,True,False,1,True,正常
2025-06-12,True,True,False,True,False,1,True,正常
2025-06-13,True,True,False,True,False,1,True,正常
2025-06-16,True,True,False,True,False,3,True,正常
2025-06-17,True,True,False,True,False,1,True,正常
2025-06-18,True,True,False,True,False,1,True,正常
2025-06-19,True,True,False,True,False,1,True,正常
2025-06-20,True,True,False,True,False,1,True,正常
2025-06-23,True,True,False,True,False,3,True,正常
2025-06-24,True,True,False,True,False,1,True,正常
2025-06-25,True,True,False,True,False,1,True,正常
2025-06-26,True,True,False,True,False,1,True,正常
2025-06-27,True,True,False,True,False,1,True,正常
2025-06-30,True,True,False,True,False,3,True,正常
2025-07-01,True,True,False,True,False,1,True,正常
2025-07-02,True,True,False,True,False,1,True,正常
2025-07-03,True,True,False,True,False,1,True,正常
2025-07-04,True,True,False,True,False,1,True,正常
2025-07-07,True,True,False,True,False,3,True,正常
2025-07-08,True,True,False,True,False,1,True,正常
2025-07-09,True,True,False,True,False,1,True,正常
2025-07-10,True,True,False,True,False,1,True,正常
2025-07-11,True,True,False,True,False,1,True,正常
2025-07-14,True,True,False,True,False,3,True,正常
2025-07-15,True,True,False,True,False,1,True,正常
2025-07-16,True,True,False,True,False,1,True,正常
2025-07-17,True,True,False,True,False,1,True,正常
2025-07-18,True,True,False,True,False,1,True,正常
2025-07-21,True,True,False,True,False,3,True,正常
2025-07-22,True,True,False,True,False,1,True,正常
2025-07-23,True,True,False,True,False,1,True,正常
2025-07-24,True,True,False,True,False,1,True,正常
2025-07-25,True,True,False,True,False,1,True,正常
2025-07-28,True,True,False,True,False,3,True,正常
2025-07-29,True,True,False,True,False,1,True,正常
2025-07-30,True,True,False,True,False,1,True,正常
2025-07-31,True,True,False,True,False,1,True,正常
2025-08-01,True,True,False,True,False,1,True,正常
2025-08-04,True,True,False,True,False,3,True,正常
2025-08-05,True,True,False,True,False,1,True,正常
2025-08-06,True,True,False,True,False,1,True,正常
2025-08-07,True,True,False,True,False,1,True,正常
2025-08-08,True,True,False,True,False,1,True,正常
2025-08-11,True,True,False,True,False,3,True,正常
2025-08-12,True,True,False,True,False,1,True,正常
2025-08-13,True,True,False,True,False,1,True,正常
2025-08-14,True,True,False,True,False,1,True,正常
2025-08-15,True,True,False,True,False,1,True,正常
2025-08-18,True,True,False,True,False,3,True,正常
2025-08-19,True,True,False,True,False,1,True,正常
2025-08-20,True,True,False,True,False,1,True,正常
2025-08-21,True,True,False,True,False,1,True,正常
2025-08-22,True,True,False,True,False,1,True,正常
2025-08-25,True,True,False,True,False,3,True,正常
2025-08-26,True,True,False,True,False,1,True,正常
2025-08-27,True,True,False,True,False,1,True,正常
2025-08-28,True,True,False,True,False,1,True,正常
2025-08-29,True,True,False,True,False,1,True,正常
2025-09-01,True,True,False,True,False,3,True,正常
2025-09-02,True,True,False,True,False,1,True,正常
2025-09-03,True,True,False,True,False,1,True,正常
2025-09-04,True,True,False,True,False,1,True,正常
2025-09-05,True,True,False,True,False,1,True,正常
2025-09-08,True,True,False,True,False,3,True,正常
2025-09-09,True,True,False,True,False,1,True,正常
2025-09-10,True,True,False,True,False,1,True,正常
2025-09-11,True,True,False,True,False,1,True,正常
2025-09-12,True,True,False,True,False,1,True,正常
2025-09-15,True,True,False,True,False,3,True,正常
2025-09-16,True,True,False,True,False,1,True,正常
2025-09-17,True,True,False,True,False,1,True,正常
2025-09-18,True,True,False,True,False,1,True,正常
2025-09-19,True,True,False,True,False,1,True,正常
2025-09-22,True,True,False,True,False,3,True,正常
2025-09-23,True,True,False,True,False,1,True,正常
2025-09-24,True,True,False,True,False,1,True,正常
2025-09-25,True,True,False,True,False,1,True,正常
2025-09-26,True,True,False,True,False,1,True,正常
2025-09-29,True,True,False,True,False,3,True,正常
2025-09-30,True,True,False,True,False,1,True,正常
2025-10-09,True,True,False,True,False,9,True,正常
2025-10-10,True,True,False,True,False,1,True,正常
2025-10-13,True,True,False,True,False,3,True,正常
2025-10-14,True,True,False,True,False,1,True,正常
2025-10-15,True,True,False,True,False,1,True,正常
2025-10-16,True,True,False,True,False,1,True,正常
2025-10-17,True,True,False,True,False,1,True,正常
2025-10-20,True,True,False,True,False,3,True,正常
2025-10-21,True,True,False,True,False,1,True,正常
2025-10-22,True,True,False,True,False,1,True,正常
2025-10-23,True,True,False,True,False,1,True,正常
2025-10-24,True,True,False,True,False,1,True,正常
2025-10-27,True,True,False,True,False,3,True,正常
2025-10-28,True,True,False,True,False,1,True,正常
2025-10-29,True,True,False,True,False,1,True,正常
2025-10-30,True,True,False,True,False,1,True,正常
2025-10-31,True,True,False,True,False,1,True,正常
2025-11-03,True,True,False,True,False,3,True,正常
2025-11-04,True,True,False,True,False,1,True,正常
2025-11-05,True,True,False,True,False,1,True,正常
2025-11-06,True,True,False,True,False,1,True,正常
2025-11-07,True,True,False,True,False,1,True,正常
2025-11-10,True,True,False,True,False,3,True,正常
2025-11-11,True,True,False,True,False,1,True,正常
2025-11-12,True,True,False,True,False,1,True,正常
2025-11-13,True,True,False,True,False,1,True,正常
2025-11-14,True,True,False,True,False,1,True,正常
2025-11-17,True,True,False,True,False,3,True,正常
2025-11-18,True,True,False,True,False,1,True,正常
2025-11-19,True,True,False,True,False,1,True,正常
2025-11-20,True,True,False,True,False,1,True,正常
2025-11-21,True,True,False,True,False,1,True,正常
2025-11-24,True,True,False,True,False,3,True,正常
2025-11-25,True,True,False,True,False,1,True,正常
2025-11-26,True,True,False,True,False,1,True,正常
2025-11-27,True,True,False,True,False,1,True,正常
2025-11-28,True,True,False,True,False,1,True,正常
2025-12-01,True,True,False,True,False,3,True,正常
2025-12-02,True,True,False,True,False,1,True,正常
2025-12-03,True,True,False,True,False,1,True,正常
2025-12-04,True,True,False,True,False,1,True,正常
2025-12-05,True,True,False,True,False,1,True,正常
2025-12-08,True,True,False,True,False,3,True,正常
2025-12-09,True,True,False,True,False,1,True,正常
2025-12-10,True,True,False,True,False,1,True,正常
2025-12-11,True,True,False,True,False,1,True,正常
2025-12-12,True,True,False,True,False,1,True,正常
2025-12-15,True,True,False,True,False,3,True,正常
2025-12-16,True,True,False,True,False,1,True,正常
2025-12-17,True,True,False,True,False,1,True,正常
2025-12-18,True,True,False,True,False,1,True,正常
2025-12-19,True,True,False,True,False,1,True,正常
2025-12-22,True,True,False,True,False,3,True,正常
2025-12-23,True,True,False,True,False,1,True,正常
2025-12-24,True,True,False,True,False,1,True,正常
2025-12-25,True,True,False,True,False,1,True,正常
2025-12-26,True,True,False,True,False,1,True,正常
2025-12-29,True,True,False,True,False,3,True,正常
2025-12-30,True,True,False,True,False,1,True,正常
2025-12-31,True,True,False,True,False,1,True,正常
2026-01-05,True,True,False,True,False,5,True,正常
2026-01-06,True,True,False,True,False,1,True,正常
2026-01-07,True,True,False,True,False,1,True,正常
2026-01-08,True,True,False,True,False,1,True,正常
2026-01-09,True,True,False,True,False,1,True,正常
2026-01-12,True,True,False,True,False,3,True,正常
2026-01-13,True,True,False,True,False,1,True,正常
2026-01-14,True,True,False,True,False,1,True,正常
2026-01-15,True,True,False,True,False,1,True,正常
2026-01-16,True,True,False,True,False,1,True,正常
2026-01-19,True,True,False,True,False,3,True,正常
2026-01-20,True,True,False,True,False,1,True,正常
2026-01-21,True,True,False,True,False,1,True,正常
2026-01-22,True,True,False,True,False,1,True,正常
2026-01-23,True,True,False,True,False,1,True,正常
2026-01-26,True,True,False,True,False,3,True,正常
2026-01-27,True,True,False,True,False,1,True,正常
2026-01-28,True,True,False,True,False,1,True,正常
2026-01-29,True,True,False,True,False,1,True,正常
2026-01-30,True,True,False,True,False,1,True,正常
2026-02-02,True,True,False,True,False,3,True,正常
2026-02-03,True,True,False,True,False,1,True,正常
2026-02-04,True,True,False,True,False,1,True,正常
2026-02-05,True,True,False,True,False,1,True,正常
2026-02-06,True,True,False,True,False,1,True,正常
2026-02-09,True,True,False,True,False,3,True,正常
2026-02-10,True,True,False,True,False,1,True,正常
2026-02-11,True,True,False,True,False,1,True,正常
2026-02-12,True,True,False,True,False,1,True,正常
2026-02-13,True,True,False,True,False,1,True,正常
2026-02-24,True,True,False,True,False,11,True,正常
2026-02-25,True,True,False,True,False,1,True,正常
2026-02-26,True,True,False,True,False,1,True,正常
2026-02-27,True,True,False,True,False,1,True,正常
2026-03-02,True,True,False,True,False,3,True,正常
2026-03-03,True,True,False,True,False,1,True,正常
2026-03-04,True,True,False,True,False,1,True,正常
2026-03-05,True,True,False,True,False,1,True,正常
2026-03-06,True,True,False,True,False,1,True,正常
2026-03-09,True,True,False,True,False,3,True,正常
2026-03-10,True,True,False,True,False,1,True,正常
2026-03-11,True,True,False,True,False,1,True,正常
2026-03-12,True,True,False,True,False,1,True,正常
2026-03-13,True,True,False,True,False,1,True,正常
2026-03-16,True,True,False,True,False,3,True,正常
2026-03-17,True,True,False,True,False,1,True,正常
2026-03-18,True,True,False,True,False,1,True,正常
2026-03-19,True,True,False,True,False,1,True,正常
2026-03-20,True,True,False,True,False,1,True,正常
2026-03-23,True,True,False,True,False,3,True,正常
2026-03-24,True,True,False,True,False,1,True,正常
2026-03-25,True,True,False,True,False,1,True,正常
2026-03-26,True,True,False,True,False,1,True,正常
2026-03-27,True,True,False,True,False,1,True,正常
2026-03-30,True,True,False,True,False,3,True,正常
2026-03-31,True,True,False,True,False,1,True,正常
2026-04-01,True,True,False,True,False,1,True,正常
2026-04-02,True,True,False,True,False,1,True,正常
2026-04-03,True,True,False,True,False,1,True,正常
2026-04-07,True,True,False,True,False,4,True,正常
2026-04-08,True,True,False,True,False,1,True,正常
2026-04-09,True,True,False,True,False,1,True,正常
2026-04-10,True,True,False,True,False,1,True,正常
2026-04-13,True,True,False,True,False,3,True,正常
2026-04-14,True,True,False,True,False,1,True,正常
2026-04-15,True,True,False,True,False,1,True,正常
2026-04-16,True,True,False,True,False,1,True,正常
2026-04-17,True,True,False,True,False,1,True,正常
2026-04-20,True,True,False,True,False,3,True,正常
2026-04-21,True,True,False,True,False,1,True,正常
2026-04-22,True,True,False,True,False,1,True,正常
2026-04-23,True,True,False,True,False,1,True,正常
2026-04-24,True,True,False,True,False,1,True,正常
2026-04-27,True,True,False,True,False,3,True,正常
2026-04-28,True,True,False,True,False,1,True,正常
2026-04-29,True,True,False,True,False,1,True,正常
2026-04-30,True,True,False,True,False,1,True,正常
2026-05-06,True,True,False,True,False,6,True,正常
2026-05-07,True,True,False,True,False,1,True,正常
2026-05-08,True,True,False,True,False,1,True,正常
2026-05-11,True,True,False,True,False,3,True,正常
2026-05-12,True,True,False,True,False,1,True,正常
2026-05-13,True,True,False,True,False,1,True,正常
2026-05-14,True,True,False,True,False,1,True,正常
2026-05-15,True,True,False,True,False,1,True,正常
2026-05-18,True,True,False,True,False,3,True,正常
2026-05-19,True,True,False,True,False,1,True,正常
2026-05-20,True,True,False,True,False,1,True,正常
2026-05-21,True,True,False,True,False,1,True,正常
2026-05-22,True,True,False,True,False,1,True,正常
2026-05-25,True,True,False,True,False,3,True,正常
2026-05-26,True,True,False,True,False,1,True,正常
2026-05-27,True,True,False,True,False,1,True,正常
2026-05-28,True,True,False,True,False,1,True,正常
2026-05-29,True,True,False,True,False,1,True,正常
2026-06-01,True,True,False,True,False,3,True,正常
2026-06-02,True,True,False,True,False,1,True,正常
2026-06-03,True,True,False,True,False,1,True,正常
2026-06-04,True,True,False,True,False,1,True,正常
2026-06-05,True,True,False,True,False,1,True,正常
2026-06-08,True,True,False,True,False,3,True,正常
2026-06-09,True,True,False,True,False,1,True,正常
2026-06-10,True,True,False,True,False,1,True,正常
2026-06-11,True,True,False,True,False,1,True,正常
2026-06-12,True,True,False,True,False,1,True,正常
2026-06-15,True,True,False,True,False,3,True,正常
2026-06-16,True,True,False,True,False,1,True,正常
2026-06-17,True,True,False,True,False,1,True,正常
2026-06-18,True,True,False,True,False,1,True,正常
2026-06-22,True,True,False,True,False,4,True,正常
2026-06-23,True,True,False,True,False,1,True,正常
2026-06-24,True,True,False,True,False,1,True,正常
2026-06-25,True,True,False,True,False,1,True,正常
2026-06-26,True,True,False,True,False,1,True,正常
2026-06-29,True,True,False,True,False,3,True,正常
2026-06-30,True,True,False,True,False,1,True,正常
2026-07-01,True,True,False,True,False,1,True,正常
2026-07-02,True,True,False,True,False,1,True,正常
2026-07-03,True,True,False,True,False,1,True,正常
2026-07-06,True,True,False,True,False,3,True,正常
2026-07-07,True,True,False,True,False,1,True,正常
2026-07-08,True,True,False,True,False,1,True,正常
2026-07-09,True,True,False,True,False,1,True,正常
2026-07-10,True,True,False,True,False,1,True,正常
2026-07-13,True,True,False,True,False,3,True,正常
2026-07-14,True,True,False,True,False,1,True,正常
2026-07-15,True,True,False,True,False,1,True,正常
2026-07-16,True,True,False,True,False,1,True,正常
2026-07-17,True,True,False,True,False,1,True,正常
2026-07-20,True,True,False,True,False,3,True,正常
2026-07-21,True,True,False,True,False,1,True,正常
2026-07-22,True,True,False,True,False,1,True,正常
2026-07-23,True,True,False,True,False,1,True,正常
2026-07-24,True,True,False,True,False,1,True,正常
2026-07-27,True,True,False,True,False,3,True,正常
2026-07-28,True,True,False,True,False,1,True,正常
2026-07-29,True,True,False,True,False,1,True,正常
2026-07-30,True,True,False,True,False,1,True,正常
2026-07-31,True,True,False,True,False,1,True,正常
2026-08-03,True,True,False,True,False,3,True,正常
2026-08-04,True,True,False,True,False,1,True,正常
2026-08-05,True,True,False,True,False,1,True,正常
2026-08-06,True,True,False,True,False,1,True,正常
2026-08-07,True,True,False,True,False,1,True,正常
2026-08-10,True,True,False,True,False,3,True,正常
2026-08-11,True,True,False,True,False,1,True,正常
2026-08-12,True,True,False,True,False,1,True,正常
2026-08-13,True,True,False,True,False,1,True,正常
2026-08-14,True,True,False,True,False,1,True,正常
2026-08-17,True,True,False,True,False,3,True,正常
2026-08-18,True,True,False,True,False,1,True,正常
2026-08-19,True,True,False,True,False,1,False,正常

