SECUCODE,SECURITY_CODE,SECURITY_NAME_ABBR,ORG_CODE,ORG_TYPE,REPORT_DATE,REPORT_TYPE,REPORT_DATE_NAME,SECURITY_TYPE_CODE,NOTICE_DATE,UPDATE_DATE,CURRENCY,EPSJB,EPSKCJB,EPSXS,BPS,MGZBGJ,MGWFPLR,MGJYXJJE,TOTALOPERATEREVE,MLR,PARENTNETPROFIT,KCFJCXSYJLR,TOTALOPERATEREVETZ,PARENTNETPROFITTZ,KCFJCXSYJLRTZ,YYZSRGDHBZC,NETPROFITRPHBZC,KFJLRGDHBZC,ROEJQ,ROEKCJQ,ZZCJLL,XSJLL,XSMLL,YSZKYYSR,XSJXLYYSR,JYXJLYYSR,TAXRATE,LD,SD,XJLLB,ZCFZL,QYCS,CQBL,ZZCZZTS,CHZZTS,YSZKZZTS,TOAZZL,CHZZL,YSZKZZL,TOTALDEPOSITS,GROSSLOANS,LTDRR,NEWCAPITALADER,HXYJBCZL,NONPERLOAN,BLDKBBL,NZBJE,TOTAL_ROI,NET_ROI,EARNED_PREMIUM,COMPENSATE_EXPENSE,SURRENDER_RATE_LIFE,SOLVENCY_AR,JZB,JZC,JZBJZC,ZYGPGMJZC,ZYGDSYLZQJZB,YYFXZB,JJYWFXZB,ZQZYYWFXZB,ZQCXYWFXZB,RZRQYWFXZB,EPSJBTZ,BPSTZ,MGZBGJTZ,MGWFPLRTZ,MGJYXJJETZ,ROEJQTZ,ZZCJLLTZ,ZCFZLTZ,REPORT_YEAR,ROIC,ROICTZ,NBV_LIFE,NBV_RATE,NHJZ_CURRENT_AMT,DJD_TOI_YOY,DJD_DPNP_YOY,DJD_DEDUCTDPNP_YOY,DJD_TOI_QOQ,DJD_DPNP_QOQ,DJD_DEDUCTDPNP_QOQ,XSMLL_TB,PER_TOI,PER_OI,PER_EBIT,STAFF_NUM,AVG_TOI,AVG_NET_PROFIT,PREPAID_ACCOUNTS_RATIO,ACCOUNTS_PAYABLE_TR,FIXED_ASSET_TR,CURRENT_ASSET_TR,PREPAID_ACCOUNTS_TDAYS,PAYABLE_TDAYS,OPERATE_CYCLE,GUARD_SPEED_RATIO,CASH_RATIO,INTEREST_COVERAGE_RATIO,CA_TA,NCA_TA,LIQUIDATION_RATIO,INTEREST_DEBT_RATIO,FC_LIABILITIES,FCFF_FORWARD,FCFF_BACK,SS_OI,SS_TA,NCO_OP,NCO_NETPROFIT,NCO_FIXED,FIRST_ADEQUACY_RATIO,NET_INTEREST_SPREAD,NET_INTEREST_MARGIN,LOAN_ADVANCES,NON_PERFORMING_LOAN,OVERDUE_LOANS,LOAN_PROVISION_RATIO,REVENUE_RATIO,LIABILITY,CAPITAL_PROVISIONS_SUM,RISK_COVERAGE,CAPITAL_LEVERAGE_RATIO,LIQUIDITY_COVERAGE_RATIO,NET_FUNDING_RATIO,NET_CAPITAL_LIABILITIES,NET_ASSETS_LIABILITIES,PROPRIETARY_CAPITAL,IS_BZ
000582.SZ,000582,北部湾港,10005523,通用,2026-06-30 00:00:00,中报,2026中报,058001001,2026-08-18 00:00:00,2026-08-18 00:00:00,CNY,0.225,0.183,0.225,8.164936877037,3.617742340523,3.241423594932,0.514730575225,3585508858.34,1131716641.61,557882719.81,455581452.12,0.835925641208,5.085761278345,-3.460384363489,-0.687068789785,-0.579878215151,-3.974145513607,2.77,2.26,1.5924749494,17.7872048743,31.5636269864,,0.627560515623,0.36134908418,18.6594236988,0.744289638681,0.738273425485,0.179778216693,43.5213899327,1.770581816387,0.770581816387,2010.5163215614,3.009202142201,29.125016725926,0.089529240857,59.816519959123,6.180253961529,,,,,,,,,,,,,,,,,,,,,,,,,-2.597402597403,4.0780268395,6.543974613376,2.563014704371,-15.67869095745,-6.1016949153,-3.04269896066,0.107049646457,2026,2.328843515533,-3.029169182366,,,,-2.764904707356,-1.855618218535,-13.044095583953,7.756652640075,43.261231877083,23.005476278312,-0.039669873395,1.424469018354,1.424469018354,0.368173952457,,,,143.188189732609,0.90473152165,0.133874616663,0.66616044527,1.257086917127,198.954049563484,32.134002913291,0.59824832584,0.477907855744,7.723095781181,13.2731130406,86.7268869594,210.357339229121,27.9719271173,47.785388305218,-655934022.394469,-413162553.138663,0.975889164332,0.086584753636,1.652393523924,2.0315113405,0.048791987405,,,,,,,,,17587844896.19,,,,,,,,,0
000582.SZ,000582,北部湾港,10005523,通用,2026-03-31 00:00:00,一季报,2026一季报,058001001,2026-04-28 00:00:00,2026-04-28 00:00:00,CNY,0.094,,0.094,8.110532730677,3.617742340523,3.21772028304,0.299222482024,1725821441.95,526128879.18,229334824.75,204291598.45,5.026992987084,16.933879672808,11.679902970636,1.084907398506,3.19947352082,2.304427548362,1.16,,0.6687129468,15.4301222523,30.4857076399,,0.703161382761,0.43641146602,18.5693419487,0.743247058807,0.737161500899,0.102513876129,43.3316349397,1.764652992787,0.764652992786,2076.69226294554,3.128189706732,30.756623736068,0.043338149617,28.770633637186,2.926198947333,,,,,,,,,,,,,,,,,,,,,,,,,9.302325581395,4.5310372071,10.625443948257,0.125162436439,-31.248167609756,4.5045045045,9.554266976176,-2.69296801514,2026,1.027356530881,8.466984215333,,,,5.026992987084,16.933879672808,11.679902970636,-16.974312232408,-8.012264166084,1.15520782087,2.518116208385,0.685643034893,0.685643034893,0.158952839874,,,,69.080718586949,0.43222206518,0.064267498841,0.317789765461,1.302823737809,208.22629673596,33.884806035783,0.615025075971,0.464703882396,,13.6654164702,86.3345835298,211.090840293115,26.347600384,46.465069913035,-756401291.820098,-712958177.955621,1.049276822348,0.045317532486,2.303962818753,2.828308544047,0.028212543921,,,,,,,,,17315090313.33,,,,,,,,,0
000582.SZ,000582,北部湾港,10005523,通用,2025-12-31 00:00:00,年报,2025年报,058001001,2026-03-31 00:00:00,2026-03-31 00:00:00,CNY,0.445,0.398,0.434,8.01420349278,3.406672862785,3.321123044936,1.292644390859,7613959063.58,2304338465.28,1038024485.4,927153527.79,8.720292884815,-14.85179695908,6.023477679443,-0.294689792326,-4.929761651097,-8.046567992214,5.64,5.03,3.1611988893,15.687424875,30.2646553001,,0.677871886657,0.402304533254,17.1628615369,0.717898882772,0.712756474906,0.407167005923,45.9523340113,1.850218657377,0.850218657378,1786.49719702915,2.731727910549,24.499688561248,0.201511651179,131.784720802483,14.694064338819,,,,,,,,,,,,,,,,,,,,,,,,,-23.143350604491,4.5199933634,4.171255644008,6.18803023949,40.81860869715,-24.5989304813,-18.751067540526,3.042303926876,2025,4.677388287172,-16.439422192381,,,,-1.071019788076,-17.756267218363,-28.659484790969,5.008567260978,-3.304794597447,-20.263853896289,-5.618498357143,3.213099242018,3.213099242018,0.730492775791,8640.0,881245.261988426,120141.722847222,514.12806112364,1.993686725622,0.303243949972,1.448822884904,0.700214649271,180.569993958146,27.231357444594,0.572088780619,0.458230033224,9.077539375629,13.6091191079,86.3908808921,198.871407272176,28.8407968238,45.816516854352,1207570117.67082,1484262671.98747,1.017190702103,0.195158185455,2.137312364399,2.564503329645,0.113402138486,,,,,,,,,18236173806.19,,,,,,,,,0
000582.SZ,000582,北部湾港,10005523,通用,2025-09-30 00:00:00,三季报,2025三季报,058001001,2025-10-28 00:00:00,2025-10-28 00:00:00,CNY,0.34,,0.332,7.954461340562,3.39555400955,3.269211451565,0.940134155534,5535299448.28,1733117308.62,788714267.39,725194970.39,12.917103529914,-13.890549242748,22.625819173363,3.615347368564,-2.534208270672,2.906827022645,4.32,,2.4550463656,16.2966172965,31.310271916,,0.690880659396,0.402470406672,17.2730565222,0.859133114826,0.852287495005,0.321723865184,43.753537252,1.777889579439,0.777889579441,1792.26214694573,3.170557870126,38.992230551044,0.150647605017,85.158515018464,6.924456390012,,,,,,,,,,,,,,,,,,,,,,,,,-23.937360178971,3.4978731696,3.83890778295,2.693006551416,39.854993415614,-25.2595155709,-16.080753779688,-1.120508276366,2025,3.583485374791,-15.798714181155,,,,15.554100810544,-9.918655895296,12.669453509463,3.500330666633,-22.980287559661,-12.354193462502,0.705428734621,2.335908777264,2.335908777264,0.551049713718,,,,407.749498209697,1.605811217674,0.229790800353,1.001059453965,0.662171262467,168.139316146447,42.162543410147,0.739954569231,0.587541386872,,15.8207316279,84.1792683721,210.327846287551,28.3898414945,58.749555530117,-315340624.282832,-625612850.85872,1.008212630588,0.148411503057,2.065082682108,2.469656121574,0.08921399188,,,,,,,,,16452763687.51,,,,,,,,,0
000582.SZ,000582,北部湾港,10005523,通用,2025-06-30 00:00:00,中报,2025中报,058001001,2025-08-23 00:00:00,2026-08-18 00:00:00,CNY,0.231,0.206,0.227,7.84501505743,3.395539122368,3.160421526488,0.610439497524,3555785138.62,1122780163.06,530883264.32,471911400.43,11.500577461781,-15.695842730665,28.731380928407,3.702612860617,9.399717748758,11.18305855554,2.95,2.62,1.6424497509,16.8041276091,31.5761532064,,0.705392042134,0.406808716705,17.3683705472,0.843088715088,0.835953633196,0.216518752934,43.4748502592,1.769124017514,0.769124017512,1841.60457142523,3.313013014675,37.012188971035,0.097740852077,54.33120823935,4.863262752194,,,,,,,,,,,,,,,,,,,,,,,,,-28.923076923077,3.8003891772,3.838452520359,3.355711881102,35.609232606587,-29.2565947242,-18.274218193583,-3.139016444551,2025,2.401591794045,-18.199002747671,,,,15.953403939577,40.355874238266,51.750718774123,16.39169136493,70.688238552407,57.979377569255,0.799921657624,1.500556582141,1.500556582141,0.365722618565,,,,518.246094056351,1.00471039843,0.146797572351,0.662015664187,0.347325338414,179.156103371952,40.324919013363,0.727708333903,0.571706714634,8.429019638102,15.2742438291,84.7257561709,211.208754839497,28.0061063491,57.167019377932,999492689.542782,676972089.26073,1.005445277643,0.096950521309,2.033125412846,2.420885666709,0.057312526143,,,,,,,,,16031785566.92,,,,,,,,,0
000582.SZ,000582,北部湾港,10005523,通用,2025-03-31 00:00:00,一季报,2025一季报,058001001,2025-04-29 00:00:00,2026-04-28 00:00:00,CNY,0.086,,0.083,7.758970873507,3.270262438192,3.213697940398,0.4352211012,1643217036.75,488641774.0,196123506.2,182926017.14,6.730107188523,-49.868213267151,3.845632597711,1.479551343817,-16.003248996383,0.774649817767,1.11,,0.6103942505,13.3994249576,29.7368979917,,0.733457114152,0.603230957385,20.490919517,0.878646250276,0.870924148754,0.157651632714,44.5308361131,1.802803449569,0.802803449569,1975.68742694791,3.525192362736,40.421843625767,0.045553764615,25.530521667803,2.226518929548,,,,,,,,,,,,,,,,,,,,,,,,,-61.085972850679,-0.7088032757,32.138387918048,-20.585621062627,102.411590929551,-60.777385159,-51.743449865196,-13.808617791826,2025,0.947160592979,-47.112829092085,,,,6.730107188523,-49.868213267151,3.845632597711,-21.79489873378,-35.301772366733,-35.382602867099,-6.485412562293,0.721483365322,0.721483365322,0.152291155184,,,,292.875768029,0.507833519442,0.068253568689,0.309041412039,0.307297529617,177.223433575024,43.947382644044,0.755420872462,0.593573893585,,15.2355749994,84.7644250006,205.753516217077,29.2439458428,59.353311989503,-59655813.321963,-437131529.291945,1.038149308015,0.047045648559,3.71632036542,4.501916756079,0.039737222389,,,,,,,,,16147159580.65,,,,,,,,,0
000582.SZ,000582,北部湾港,10005523,通用,2024-12-31 00:00:00,年报,2024年报,058001001,2025-04-25 00:00:00,2026-03-31 00:00:00,CNY,0.579,0.415,0.541,7.667627249953,3.27026187956,3.1275870147,0.917949980346,7003254738.88,2245684662.37,1219079731.96,874479453.12,0.771963211102,8.183471227942,-15.577192203087,0.679122845757,1.999733733229,-2.308036949989,7.48,5.36,3.8907574458,19.220223658,32.0662998292,,0.593388433049,0.29852975398,16.6861452161,0.828511915772,0.82171915373,0.338988555458,44.5956003118,1.804910811466,0.804910811465,1778.38907032936,3.180971514833,29.070311915594,0.202430393892,113.172971943103,12.383768053307,,,,,,,,,,,,,,,,,,,,,,,,,-9.105180533752,1.0715837801,32.136582114962,-18.251422435805,-24.528952565604,-6.9651741294,-0.300539221926,-15.118232149034,2024,5.59760165606,-4.403184225346,,,,2.299982622558,8.559230812114,-6.801671243369,22.655368944997,5.910004039691,25.928835531012,-5.138796962178,3.074902813227,3.074902813227,0.837904632857,8580.0,816230.15604662,142083.884843823,972.817302672624,2.141071741958,0.316341896891,1.62239763651,0.370059207429,168.140092153466,32.251207648664,0.680835058944,0.534397251626,5.207646148477,14.2399058181,85.7600941819,205.099319439947,29.7062689346,53.435668713638,680802813.828377,-778129904.223497,0.904857137412,0.176598002791,1.301312521474,1.553206452187,0.090094139198,,,,,,,,,16002438506.55,,,,,,,,,0
000582.SZ,000582,北部湾港,10005523,通用,2024-09-30 00:00:00,三季报,2024三季报,058001001,2024-10-25 00:00:00,2025-10-28 00:00:00,CNY,0.447,,0.417,7.685627826888,3.270020921876,3.183480123282,0.672220656963,4902091246.8,1524106612.95,915943906.8,591388481.87,0.130901419787,8.059684127572,-19.218279074852,-0.093946838391,3.78329987556,-0.795891586744,5.78,,2.9254866746,20.6249555508,31.0909474389,,0.587904767059,0.312319773919,15.8330954077,0.90258089925,0.894596427397,0.253244795381,44.2493549363,1.793701218806,0.793701218805,1903.52533376084,3.614938820424,35.012727277597,0.141842083849,74.690060720954,7.711481538108,,,,,,,,,,,,,,,,,,,,,,,,,-6.680584551148,2.476135667,28.507721570062,-13.677385790774,-23.813817928059,-9.1194968553,-2.026516599087,-13.180373172404,2024,4.255855881466,-4.703708728835,,,,-0.380384180484,17.955342759295,-3.095688805112,3.857981373975,20.004526803894,18.047205567443,-9.936024150447,2.152347411528,2.152347411528,0.627870389506,,,,562.328825315626,1.536758534872,0.22551382987,1.091767392645,0.480146113528,175.694485420567,38.627580373932,0.776614453891,0.627660465944,,15.2368934568,84.7631065432,206.735192205239,28.7219474929,62.762230120872,-201975468.535069,-2382387387.29024,0.902211809902,0.123497977952,1.279446656326,1.514280955177,0.068337291546,,,,,,,,,15846632841.15,,,,,,,,,0
000582.SZ,000582,北部湾港,10005523,通用,2024-06-30 00:00:00,中报,2024中报,058001001,2024-08-24 00:00:00,2025-08-23 00:00:00,CNY,0.325,0.189,0.303,7.557789637994,3.270020921876,3.057810225451,0.450145971473,3189028451.3,998981440.68,629723707.01,366586140.09,0.40772348784,4.090612913901,-26.697170790769,-0.181556423402,-10.042199556597,-7.749766783891,4.17,2.43,2.0097082152,21.7247484753,31.3255731623,,0.616734591709,0.321487426743,15.284107523,0.956862623026,0.950602307411,0.167491874255,44.8837588298,1.814347239159,0.814347239161,1945.78232599364,3.30824304212,36.935053415779,0.092507778283,54.409545401669,4.873419241438,,,,,,,,,,,,,,,,,,,,,,,,,-4.970760233918,2.6175153146,28.506966730231,-13.886379140915,-12.185744627048,-8.9519650655,-6.236301239444,-10.770277450774,2024,2.935895496037,-6.93107144559,,,,-0.761928873708,-35.022962115383,-28.471777829755,7.133531859968,-39.03421271568,8.108011175163,-12.515688026024,1.40019774967,1.40019774967,0.431687574388,,,,454.037440937748,1.070576322561,0.151817033117,0.679928068854,0.396443076651,168.133739002755,40.243445047543,0.848133361132,0.695667476762,4.65268219098,16.4348719141,83.5651280859,204.95714686026,30.3264365081,69.563382642854,314382543.207798,-1987027833.12058,0.904616458653,0.080948903101,1.25506342326,1.479821168513,0.048959355076,,,,,,,,,15995621937.22,,,,,,,,,0
000582.SZ,000582,北部湾港,10005523,通用,2024-03-31 00:00:00,一季报,2024一季报,058001001,2024-04-30 00:00:00,2025-04-29 00:00:00,CNY,0.221,,0.2,7.814359308261,2.474876899679,4.046745669235,0.215017874817,1539600287.15,489580694.75,391215871.17,176151863.65,1.691796833838,64.437452358459,-24.676894036435,0.368561584017,13.604509512699,-5.571340490449,2.83,,1.2648940896,27.4882161436,31.7992078097,,0.525097277311,0.247465687068,10.9044197552,0.607923286399,0.601138254894,0.059529589484,51.6650678667,2.068897080981,1.068897080982,1955.84711269755,3.668827687343,38.604318473544,0.046015866688,24.530996729686,2.331345392399,,,,,,,,,,,,,,,,,,,,,,,,,63.703703703704,6.6443614742,-2.728026476149,15.07044882575,123.802931230485,54.6448087432,45.708945743388,5.221479405368,2024,1.790908034443,34.318149440541,,,,1.691796833838,64.437452358459,-24.676894036435,-25.041015030574,40.102523458881,-42.00783152124,-9.583894942601,0.868879549989,0.868879549989,0.315056382981,,,,199.577852136817,0.523370324672,0.073452258965,0.415308618971,0.450951841782,171.962367290128,42.273897330783,0.508010378937,0.37189928176,,11.5770811847,88.4229188153,176.948497963201,36.6064295207,37.186875615495,-540066152.044528,-439055510.24153,0.831405852073,0.038087395437,0.801548626417,0.900260991019,0.018273185928,,,,,,,,,17363480744.51,,,,,,,,,0
000582.SZ,000582,北部湾港,10005523,通用,2023-12-31 00:00:00,年报,2023年报,058001001,2024-04-30 00:00:00,2025-04-25 00:00:00,CNY,0.637,0.586,0.59,7.586333332459,2.474910299038,3.825861082713,1.216294210232,6949606334.66,2349202342.85,1126863205.74,1035833178.19,8.947546286045,10.47378456986,13.676930823701,3.42882236952,1.43901188936,7.312833680226,8.04,7.39,3.9024859467,17.9111412635,33.8033872672,,0.60264829331,0.31012604033,17.5042179478,0.533188441857,0.526805162018,0.32614551188,52.5384914109,2.106970531968,1.106970531969,1652.2829147564,3.484854914686,25.577738654588,0.217880362246,103.30415722126,14.07473916524,,,,,,,,,,,,,,,,,,,,,,,,,6.521739130435,-0.7952600761,-17.780393326192,13.44540509559,-17.026191342769,2.2900763359,-0.518943343968,9.34597151057,2023,5.85542688917,0.920591669989,,,,12.572679042679,14.36688259336,30.273445917609,19.441669678321,15.07681783193,30.936329325957,-1.072398897923,3.92193512334,3.92193512334,1.028190074466,8626.0,805658.049462091,130635.660299096,865.084351425948,2.095973268636,0.360893665915,2.018520322176,0.416144390321,171.757915707712,29.062663300576,0.43125539269,0.323028922893,5.180941529797,10.578290493,89.421709507,173.565687310491,36.6392626241,32.299547913556,-431554654.080241,196436237.746078,0.935441084372,0.19517508409,1.42148444984,1.731470015043,0.102285374496,,,,,,,,,17499670345.83,,,,,,,,,0
000582.SZ,000582,北部湾港,10005523,通用,2023-09-30 00:00:00,三季报,2023三季报,058001001,2023-10-27 00:00:00,2024-10-25 00:00:00,CNY,0.479,,0.444,7.499919641645,2.544610457585,3.687886601263,0.882339341179,4895682728.6,1690036587.4,847627784.77,732082054.08,7.49526325535,9.248670466595,5.082272775978,2.789303629531,1.89534989353,3.189909521662,6.36,,2.9859984284,19.0371496175,34.5209581807,,0.578148368552,0.319361151759,17.0883254249,0.622549323593,0.615161608784,0.237992275253,50.966995083,2.039442619706,1.039442619706,1721.37746214947,4.018292478963,34.433552041148,0.156851129945,67.19271964735,7.841189305052,,,,,,,,,,,,,,,,,,,,,,,,,4.814004376368,6.5159494639,0.078630722879,13.729955958086,-9.86260941054,-0.4694835681,-2.084266817711,3.799795470935,2023,4.465919738005,-0.90342252668,,,,11.860861411771,9.308331002697,14.761003881451,3.460203674109,-33.89414585167,-12.865520199372,0.641383712602,2.762826149393,2.762826149393,0.762525311028,,,,580.427661150955,1.472116680978,0.261459985772,1.31388314613,0.465174246632,183.409374738302,38.451798729678,0.540820127683,0.417326383998,,12.8047585609,87.1952414391,180.527200073101,34.5972992998,41.728910970889,-1212146531.03214,-1215035354.45276,0.939759208909,0.14404394057,1.385476831191,1.677568113797,0.07814922327,,,,,,,,,16278856341.05,,,,,,,,,0
000582.SZ,000582,北部湾港,10005523,通用,2023-06-30 00:00:00,中报,2023中报,058001001,2023-08-29 00:00:00,2024-08-24 00:00:00,CNY,0.342,0.283,0.316,7.365009389308,2.544625404427,3.550901930433,0.512611499763,3176078831.91,1137260927.97,604976461.74,500098214.55,5.270873070647,9.224759387777,1.125972686747,0.562215738835,4.498419447202,0.122476129833,4.58,3.79,2.1433755726,20.7360041159,35.8070749549,,0.558211057455,0.285997690562,16.6392554771,0.61431944578,0.606686520798,0.149389785233,50.3013542433,2.012127261768,1.012127261769,1741.40304138066,4.118305984009,31.748500503798,0.103364928005,43.707291468614,5.669559101806,,,,,,,,,,,,,,,,,,,,,,,,,2.702702702703,6.4792716057,0.044190110667,13.905175131681,-29.405755098479,-3.5789473684,-2.426195443305,3.057133627549,2023,3.15453883658,-1.206214484994,,,,2.248223831379,14.659894506913,0.431641973623,9.782477957786,54.286176600774,13.843612132225,0.353925344622,1.792362374518,1.792362374518,0.528930856952,,,,315.379114691126,0.925318229201,0.174442071883,0.894958802379,0.57074166175,194.527670934817,35.866576663139,0.498888700628,0.388214427509,4.575281533459,12.0614148011,87.9385851989,182.928874896714,33.907324178,38.817386419782,-404987993.712188,-460620428.865278,0.900088254227,0.092309725973,1.141114854397,1.379232416059,0.047879002193,,,,,,,,,15577888229.98,,,,,,,,,0
000582.SZ,000582,北部湾港,10005523,通用,2023-03-31 00:00:00,一季报,2023一季报,058001001,2023-04-27 00:00:00,2024-04-30 00:00:00,CNY,0.135,,0.122,7.32749411243,2.544285686845,3.516754918861,0.096074646402,1513986707.96,532466842.24,237911659.15,233861656.92,8.801903858978,1.780996627066,1.92820258954,1.920380815878,0.400632771794,0.475783501692,1.83,,0.8680963843,17.3549500909,35.1698492094,,0.492515732602,0.112447821302,17.8611328945,0.614985374827,0.608308212228,0.028583243211,49.101255902,1.9646850187,0.964685018701,1799.27659699373,3.97278799644,36.744804980888,0.050020102607,22.654115971113,2.449325831143,,,,,,,,,,,,,,,,,,,,,,,,,-6.25,8.6038300157,19.651695013131,3.860197241325,-55.914441469796,-10.2941176471,-8.822955192993,-5.432532837926,2023,1.333332868196,-1.46346533509,,,,8.801903858978,1.780996627066,1.92820258954,-17.020506874157,-2.558154352049,0.299098494651,-0.766482312422,0.854393133543,0.854393133543,0.221807561241,,,,174.348878443426,0.454511206374,0.08895813304,0.43100944511,0.516206360508,198.01491962762,40.717983301232,0.516530227633,0.380316869084,,12.1891655896,87.8108344104,186.829152995708,32.9243250166,38.026863168903,-988957498.012955,-746006892.59861,0.834428611723,0.042039625225,0.523356057881,0.647929384484,0.010258254753,,,,,,,,,14755197070.9,,,,,,,,,0
000582.SZ,000582,北部湾港,10005523,通用,2022-12-31 00:00:00,年报,2022年报,058001001,2023-04-13 00:00:00,2024-04-30 00:00:00,CNY,0.598,0.55,0.566,7.191185949488,3.010121793524,3.37242489415,1.465877280934,6378855303.83,2179643635.9,1020027701.71,911207903.56,7.972056975345,-0.037937290073,-7.185605931322,0.88013213462,-1.933258885077,-4.329465631494,7.86,7.65,3.9228432808,17.7292177484,34.1698240841,,0.59479069492,0.407246300053,18.7606866365,0.553813970137,0.546091979816,0.427873163103,48.0479442316,1.924851644866,0.924851644868,1627.01335041889,3.646327872,25.293444765196,0.221264318395,98.729464995302,14.232936768477,,,,,,,,,,,,,,,,,,,,,,,,,-5.079365079365,12.7583941446,30.565024827439,4.003218546531,64.295775150929,-11.186440678,-16.475271367299,-5.937176485028,2022,5.802014031306,-11.223429543952,,,,2.648996282794,-11.508127433598,-12.809088697526,18.686418163786,9.986865157763,15.344953779011,-4.598059793724,3.599485816673,3.599485816673,0.933116436072,8682.0,734721.873281502,117487.641293481,669.112018688875,1.996670973577,0.423720191499,1.511945455578,0.538026503702,180.300111918323,28.968751666333,0.451642686941,0.353215763997,6.902856585796,11.0298226546,88.9701773454,189.080118596948,31.0848672877,35.31678598471,-1410226528.32808,-149187377.842978,0.935398161011,0.195730738608,1.877378682997,2.297034792133,0.148934526133,,,,,,,,,14647214392.85,,,,,,,,,0
000582.SZ,000582,北部湾港,10005523,通用,2022-09-30 00:00:00,三季报,2022三季报,058001001,2022-10-27 00:00:00,2023-10-27 00:00:00,CNY,0.457,,0.412,7.041123587024,2.542611184031,3.242669506196,0.978882720488,4554324144.47,1562176785.86,775870114.62,696675123.92,10.262728370878,4.212853391354,-2.472171704974,1.595308576654,-0.844078104805,-2.066012995878,6.39,,3.0495593827,18.7436743974,34.3009574265,,0.559398670954,0.380914849574,17.8477212874,0.670407798854,0.662916782246,0.295429759707,49.1012480822,1.964684716857,0.964684716859,1659.51583562127,3.707380031912,36.860579603144,0.162698055785,72.827710586963,7.324898384858,,,,,,,,,,,,,,,,,,,,,,,,,-0.652173913043,7.1768528022,14.115259807213,3.779872499271,87.354052492999,-1.9938650307,-14.664811672818,0.391924488173,2022,4.506633681883,-7.638090299865,,,,6.903713554798,-3.904639182762,-9.208928515586,-5.430532811924,-30.657707482974,-23.745361377856,-4.640120689535,2.569820319644,2.569820319644,0.69786450055,,,,383.158781520193,1.535217929572,0.320444882402,1.010692123157,0.70466869878,175.870796451207,40.579026275307,0.565440701334,0.424422673345,,13.6638588804,86.3361411196,186.201000882191,31.8960686811,42.436606866575,-2080123737.17282,-1055948542.63806,0.879115261776,0.138965331433,1.6834403063,2.032231469125,0.11008703552,,,,,,,,,14146722053.78,,,,,,,,,0
000582.SZ,000582,北部湾港,10005523,通用,2022-06-30 00:00:00,中报,2022中报,058001001,2022-08-20 00:00:00,2023-08-29 00:00:00,CNY,0.333,0.297,0.227,6.916848019567,2.543501428331,3.117419315082,0.72613780412,3017053757.86,1076508663.51,553882164.75,494529942.47,12.056736096433,7.864685294522,0.57841459518,3.013449417778,3.724795007126,-0.228251076317,4.75,4.24,2.1966711069,20.1457619042,35.6807915903,,0.620312872561,0.426536282321,17.691754423,0.662604765465,0.654555385005,0.215031621154,48.8091920207,1.953475710726,0.953475710728,1650.78747172088,4.005018238962,29.449616339527,0.109038869681,44.943615549339,6.112133955321,,,,,,,,,,,,,,,,,,,,,,,,,5.047318611987,6.97736139,12.241632694346,4.573863682717,242.733537551287,-1.8595041322,-20.18586145686,23.793195739144,2022,3.193053915421,-13.267040532734,,,,12.610917583081,13.61969768719,-0.849181901217,16.819071907416,36.956351545043,15.540028350687,-4.134625934753,1.702405713693,1.702405713693,0.490170118298,,,,254.547446682485,0.97997185268,0.211826689671,0.66741687768,0.707137322908,183.678744963685,33.465885774061,0.567679010493,0.472110476721,6.820216652569,14.0791172163,85.9208827837,186.803201136387,31.9820879906,47.205404948803,-649725302.957494,174338560.811562,0.933403337698,0.09998539554,1.746898412798,2.117250687015,0.081347478068,,,,,,,,,13747301182.2,,,,,,,,,0
000582.SZ,000582,北部湾港,10005523,通用,2022-03-31 00:00:00,一季报,2022一季报,058001001,2022-04-27 00:00:00,2023-04-27 00:00:00,CNY,0.144,,0.118,6.746994200268,2.126410065955,3.386046832445,0.217927706045,1391507551.12,493171177.31,233748604.39,229437634.51,11.416214662786,0.867459409676,2.279914772672,2.417302631921,0.195502659005,0.516824331231,2.04,,0.9520997156,18.7346045704,35.4415020539,,0.529411280936,0.25580925388,17.8377032537,0.789307358316,0.779354302859,0.064446288078,51.9219319027,2.079950463018,1.079950463017,1770.94308904806,4.666452448397,32.45284087524,0.05082037958,19.286599616141,2.773254900734,,,,,,,,,,,,,,,,,,,,,,,,,0.699300699301,4.2717302582,-6.087093732993,13.200716614321,392.596572977059,-7.6923076923,-24.470804763572,36.687062948118,2022,1.353135537727,-20.527268448515,,,,11.416214662786,0.867459409676,2.279914772672,-21.713119170571,-15.280733403425,-14.20264874304,-3.298285609495,0.851914865234,0.851914865234,0.226065121063,,,,113.349241857361,0.496799743792,0.103522965246,0.294961439952,0.794006192942,181.159513716821,37.131642457245,0.655223419219,0.547301008895,,15.8025691284,84.1974308716,175.147505401288,36.7753346796,54.724467097079,-1484002624.31019,-758391104.393616,0.880849902233,0.044428854398,1.122746296164,1.365437166918,0.025038387818,,,,,,,,,14324293338.04,,,,,,,,,0
000582.SZ,000582,北部湾港,10005523,通用,2021-12-31 00:00:00,年报,2021年报,058001001,2022-04-12 00:00:00,2023-04-13 00:00:00,CNY,0.63,0.61,0.59,6.73968817776,2.305457987315,3.242615893316,0.892218488021,5907876058.42,2116006081.12,1020414819.44,981752790.29,10.168874171225,-5.12246203897,-7.483402064916,4.054641132034,4.104877467366,3.26300854228,8.85,8.87,4.6966249936,19.275554818,35.8166972393,,0.513644766047,0.246684325199,18.3384540509,0.866428503915,0.859910566748,0.248784134423,51.0806952589,2.044182772614,1.044182772614,1477.48643842873,3.165354738547,25.131755281392,0.243657058797,113.731328629938,14.32450682291,,,,,,,,,,,,,,,,,,,,,,,,,-4.545454545455,0.6677964217,-13.889865525064,13.846205594655,-37.48391363377,-13.2352941176,-21.358868452794,26.769755053518,2021,6.535523958068,-20.779032868013,,,,14.89445681714,15.54997896156,9.60950033086,23.605873507729,19.43726792041,20.107609697841,-6.7029620095,3.616843053575,3.616843053575,0.978424117856,8378.0,705165.440250656,121796.946698496,528.934061882501,2.564408855347,0.488035262767,1.367384572646,0.68061413689,140.38323071977,28.436795386818,0.688451127073,0.612977146511,5.231993943673,18.6781946698,81.3218053302,177.656560064075,34.6990349209,61.29196506193,-1135514737.56985,-1669994722.67183,0.847039587225,0.184156478012,1.04651492792,1.279778079169,0.115058051401,,,,,,,,,13880492728.89,,,,,,,,,0
000582.SZ,000582,北部湾港,10005523,通用,2021-09-30 00:00:00,三季报,2021三季报,058001001,2021-10-28 00:00:00,2022-10-27 00:00:00,CNY,0.46,,0.441,6.569630851187,2.228107957101,3.124564935478,0.522477473779,4130429395.1,1485715836.25,744505201.97,714334704.36,8.252867267314,-11.021816968803,-12.58651384808,0.640042549399,-7.490402763359,-7.798414097391,6.52,,3.5736247174,20.1944263207,35.9700092686,,0.489038738584,0.206620819647,17.8914787841,1.278580408525,1.270578068377,0.177400416276,48.9095595413,1.957313327154,0.957313327154,1525.76040793244,3.419849200789,31.865034413246,0.17696094262,78.950849627427,8.473237357866,,,,,,,,,,,,,,,,,,,,,,,,,-10.15625,7.1970354083,0.974450546903,13.969261594986,-20.61850795324,-18.5,-27.17372255302,17.932146273889,2021,4.879320594944,-26.929187288508,,,,3.311471735921,-26.248338376697,-27.000390461391,-0.381809749448,-18.012167853707,-16.724082229709,-10.887801171923,2.528677771542,2.528677771542,0.7126101174,,,,276.289730329004,2.733520194035,0.356490472777,0.850185082896,0.977235019479,98.773735269703,35.448947051971,1.139617589319,0.972510851762,,24.2525490963,75.7474509037,184.62858879777,35.5825686577,97.243257064054,-1490107281.70313,-3091643891.85085,0.838429028962,0.136545127705,0.842436226527,1.023157659278,0.073392381198,,,,,,,,,12404493992.22,,,,,,,,,0
000582.SZ,000582,北部湾港,10005523,通用,2021-06-30 00:00:00,中报,2021中报,058001001,2021-08-24 00:00:00,2022-08-20 00:00:00,CNY,0.317,0.3,0.317,6.465711931659,2.266094467155,2.981069270368,0.211866574047,2692434085.59,1002115523.1,513497224.08,491685959.12,11.090729296131,-1.911445140298,-4.003682809559,2.703914666869,0.855727302794,-0.487523081552,4.84,4.66,2.7522330592,21.3044938901,37.2196863969,,0.447564401413,0.128534311593,17.414212521,0.862249016051,0.853530846245,0.081312662502,39.428008728,1.650928059323,0.650928059323,1393.34453794306,3.493042298312,33.352429731155,0.129185564014,51.531010685719,5.396908154846,,,,,,,,,,,,,,,,,,,,,,,,,-0.9375,8.659279837,2.093155168872,16.90637218319,-55.654946636073,-10.3703703704,-11.588125511148,-3.919520247501,2021,3.681476955282,-13.851587882909,,,,11.40847039123,2.748273694533,-1.400088211156,15.579724166102,21.584896911096,19.186351450644,-9.778665423894,1.648326983061,1.648326983061,0.482526581455,,,,195.441656132415,1.7923760677,0.232804175682,0.744243990323,0.920990967647,100.425353386345,36.910619645716,0.724341345846,0.528476527956,3.075622396461,18.021315209,81.978684791,222.786355096214,27.6644562075,52.838929001542,-876175789.285269,-244960518.097463,0.777642540312,0.102818885427,0.499046586571,0.603320183317,0.029869467571,,,,,,,,,8028918371.96,,,,,,,,,0
000582.SZ,000582,北部湾港,10005523,通用,2021-03-31 00:00:00,一季报,2021一季报,058001001,2021-04-27 00:00:00,2022-04-27 00:00:00,CNY,0.143,,0.143,6.470588129264,2.264236248753,2.991188513392,0.044240605396,1248927326.54,457736046.23,231738368.11,224323255.47,10.725735565995,-7.037380912658,-6.932690550775,2.267241167498,-1.587657092992,-1.574695062047,2.21,,1.2605717731,20.7798440338,36.6503347715,,0.399874763629,0.057887703843,17.1882649255,0.957993728471,0.948787039891,0.019385364124,37.9859884197,1.612538802953,0.612538802954,1483.60133304885,3.57383636444,37.988880986088,0.060663197043,25.183022058732,2.369114268803,,,,,,,,,,,,,,,,,,,,,,,,,-6.535947712418,8.6896983133,2.142317251654,16.92839514746,-42.476014149482,-15.0,-13.599830583171,-3.331767400281,2021,1.702641285018,-15.899043124715,,,,10.725735565995,-7.037380912658,-6.932690550775,-19.269123654676,-2.948785166548,-8.05423702309,-11.163426034536,0.764248751611,0.764248751611,0.219897727213,,,,85.611421835437,0.94271679157,0.107896718404,0.349917346521,1.051261596531,95.468756687906,41.62752715797,0.857101588287,0.620246080482,,17.9936355911,82.0063644089,232.440228425211,26.6463005121,62.014225913156,-1246049479.26535,-1061086607.43036,0.73792553812,0.046414794847,0.231230649592,0.278576219094,0.006229300061,,,,,,,,,7542524074.24,,,,,,,,,0
000582.SZ,000582,北部湾港,10005523,通用,2020-12-31 00:00:00,年报,2020年报,058001001,2021-04-13 00:00:00,2022-04-12 00:00:00,CNY,0.66,0.65,0.66,6.311341795849,2.677336415014,2.848242395413,1.427182250012,5362563703.1,2058686156.79,1075507271.13,1061163955.66,11.89871229115,9.274310033685,9.51196020337,2.199003900837,-2.17951442224,-1.500616488209,10.2,10.75,5.9722245868,21.9780850137,38.3899617938,8.254405e-06,0.614578029588,0.435033742956,13.5309820543,0.80739166006,0.800938333585,0.528261448019,40.2940711192,1.674875542086,0.674875542088,1324.81799535958,2.974309234728,26.364766157811,0.271735439329,121.036506828764,13.654587256536,,,,,,,,,,,,,,,,,,,,,,,,,10.0,16.225944281,20.777743772266,18.398743974015,50.271361639974,-1.2584704743,-0.76483594991,-1.612573286244,2020,8.249740182015,1.136564812985,,,,8.059683570488,-9.182439364273,-6.212597835023,11.144654503319,-23.767212698427,-20.008680049702,-1.209533501628,3.280624257591,3.280624257591,0.974756615907,7509.0,714151.511932348,143229.094570515,392.357778828411,3.424979889746,0.457569736593,1.714325599427,0.917529916381,105.110106216331,29.424865231577,0.735028495867,0.591860245133,8.762400216066,16.7243547215,83.2756452785,220.96917455559,25.1704939726,59.177997389298,752460472.526428,-354733405.428197,0.932015134101,0.234430465194,1.636982146203,1.979397853295,0.202080713324,,,,,,,,,8590580821.36,,,,,,,,,0
000582.SZ,000582,北部湾港,10005523,通用,2020-09-30 00:00:00,三季报,2020三季报,058001001,2020-10-28 00:00:00,2021-10-28 00:00:00,CNY,0.512,,0.512,6.128556471889,2.206605676023,2.741585662441,0.658185504338,3815538100.16,1540136396.95,836727809.68,817190499.78,13.534118983409,16.001961440159,15.282502178525,4.954139450028,6.342542909039,6.396178767313,8.0,,4.9070539408,23.949675429,40.364854354,,0.54144409098,0.281973627365,13.0654801211,0.717481226796,0.71004379142,0.243654737133,41.4726273426,1.708602239594,0.708602239593,1317.77894514639,3.496610042471,33.440876241477,0.204890206354,77.217647012529,8.073951114508,,,,,,,,,,,,,,,,,,,,,,,,,16.09977324263,4.402811184,-7.801915076563,21.754911750988,-11.500449388941,4.4386422977,7.635153687488,15.329902869741,2020,6.677523369296,9.363083048001,,,,21.646346450425,26.481957042632,26.957403239183,7.425729325833,14.22262267142,12.480028293068,4.027072517319,2.334209445365,2.334209445365,0.748167322708,,,,201.321867760133,2.946628835383,0.320733615704,1.302519931667,1.341135977944,91.630135685177,36.937285938967,0.587076685751,0.459117036355,,16.590931986,83.409068014,206.623217961496,28.607069759,45.911703635533,-96620316.0871488,-206316053.847458,0.905439049162,0.180919687765,1.013525389356,1.177358867347,0.09042828644,,,,,,,,,7919371838.12,,,,,,,,,0
000582.SZ,000582,北部湾港,10005523,通用,2020-06-30 00:00:00,中报,2020中报,058001001,2020-08-20 00:00:00,2021-08-24 00:00:00,CNY,0.32,0.313,0.32,5.950446148141,2.219634081645,2.549963029985,0.477768224357,2423635259.8,999840500.41,523503710.31,512192523.12,9.346310216446,10.522731354523,9.297792696331,2.541163832442,1.953776051534,2.021227359541,5.4,5.29,3.1129676586,23.6572734784,41.2537528643,,0.596583570268,0.322230000856,13.1995062652,0.676940973932,0.668442973107,0.174968079363,41.036440315,1.69596273587,0.695962735869,1367.92594497668,4.047092635787,32.548725516731,0.131586070621,44.476372596047,5.530170448839,,,,,,,,,,,,,,,,,,,,,,,,,10.344827586207,4.0468986134,-7.26669362361,21.413767632842,9.509681240131,7.1428571429,3.733985421648,11.683824910855,2020,4.273412434205,5.667234337038,,,,10.573293501477,7.789207678001,7.989206040449,14.871427009682,10.005258987834,12.498610306427,4.046200232087,1.482693179059,1.482693179059,0.473903738521,,,,155.521734175172,1.798522308101,0.204636514439,0.848595100881,1.157394501512,100.082161444,36.595641731642,0.576924716075,0.466039638854,6.412280208066,16.1682516827,83.8317483173,207.854108345491,28.2401913621,46.60396388542,525751899.23883,462792081.914634,0.896878921868,0.116315858029,1.160606653179,1.362075816345,0.066227104776,,,,,,,,,7668878055.34,,,,,,,,,0
000582.SZ,000582,北部湾港,10005523,通用,2020-03-31 00:00:00,一季报,2020一季报,058001001,2020-04-28 00:00:00,2021-04-27 00:00:00,CNY,0.153,,0.153,5.953267172216,2.216746505931,2.558136977438,0.07690810145,1127946741.7,465344664.28,249281238.4,241033351.88,7.970040100556,13.694492206693,10.808366149541,1.73739458002,3.05070927587,2.42629554188,2.6,,1.4589922469,23.4452199721,41.2559074889,0.356020870032,0.469115061853,0.111454977609,12.553735209,0.674805896457,0.665620504014,0.031529283251,39.2952135341,1.647316559728,0.647316559728,1446.25154931437,4.259470936145,39.27413456675,0.062229838262,21.12938469336,2.291584550311,,,,,,,,,,,,,,,,,,,,,,,,,14.179104477612,3.3511049279,-10.186371153401,24.283393391967,34.104063491036,10.6382978723,6.221573940592,4.005507124802,2020,2.02452070497,6.410764198689,,,,7.970040100556,13.694492206693,10.808366149541,-21.212960043563,-5.188185590737,-7.342822085281,2.997164987784,0.6900373864,0.6900373864,0.22116314429,,,,74.712997538074,0.81504726324,0.095353694049,0.419216224512,1.204609679248,110.423044232097,43.533337635786,0.533228062472,0.376073217699,,14.8639212564,85.1360787436,215.605928157167,28.1605843864,37.607321769904,-226033500.043257,-167682928.339708,0.871313031472,0.054292940764,0.415794140903,0.475384652996,0.010687152943,,,,,,,,,7113102891.61,,,,,,,,,0
000582.SZ,000582,北部湾港,10005523,通用,2019-12-31 00:00:00,年报,2019年报,058001001,2020-04-18 00:00:00,2021-04-13 00:00:00,CNY,0.6,0.59,0.6,5.796381617328,2.216746505931,2.405635651032,0.949736685977,4792337278.33,1862301612.08,984227007.06,968993663.97,13.471886800746,54.345743466977,46.488789171891,5.130609980517,13.810545068715,9.134820868554,10.33,10.17,6.0182543597,22.3262148647,38.8599863474,0.081599053119,0.601612940149,0.323945395242,14.0095901039,0.622132400017,0.616098807407,0.358966413881,40.9544923219,1.693608945581,0.69360894558,1335.50974598958,3.408875383549,26.279238051643,0.269559994662,105.606676541285,13.699027319306,,,,,,,,,,,,,,,,,,,,,,,,,33.333333333333,2.1010242663,-11.637491606798,24.298668753476,-15.29652396374,28.9637952559,43.006894052226,4.366860776484,2019,8.157030246449,23.798779890109,,,,18.271325690013,94.186480886651,45.304088287492,25.119199881833,6.169688562682,8.282029655757,5.909698802117,2.931780170138,2.931780170138,0.882177522458,7197.0,665879.849705433,136755.176748645,351.040732707883,3.582821044134,0.424427584881,1.491290058919,1.025522016271,100.479481270607,29.543745077225,0.475665042079,0.379062391498,6.679504139716,14.8247893887,85.1752106113,206.724609022252,28.4358676281,37.906239149784,694514030.240698,2250333989.05811,0.927913242185,0.245016363938,1.250704374907,1.450964246314,0.130513833975,,,,,,,,,7432949876.58,,,,,,,,,0
000582.SZ,000582,北部湾港,10005523,通用,2019-09-30 00:00:00,三季报,2019三季报,058001001,2019-10-26 00:00:00,2020-10-28 00:00:00,CNY,0.441,,0.441,5.870106755158,2.393331355912,2.251724898005,0.743716210753,3360697325.46,1304026488.37,721304880.79,708859093.39,11.543650457029,43.606107689975,44.504499692009,1.034986427956,9.926486503217,10.091691506842,7.66,,4.5589696049,23.3378709977,38.8022592362,0.172441744271,0.599931972997,0.361737739213,13.8509698126,1.020655439828,1.012899034187,0.342580625457,35.9599950322,1.561523926338,0.561523926337,1382.15994302184,3.736241783091,31.235200752578,0.195346422361,72.265130490737,8.644093634574,,,,,,,,,,,,,,,,,,,,,,,,,21.82320441989,8.6950672633,22.738047483311,2.623572084037,-10.911720122286,11.3372093023,28.596303913403,-20.477829554732,2019,6.105829483945,11.118718621412,,,,4.254678622501,46.057948176648,51.236945705426,-2.352869239715,-2.65832151454,-4.325162291704,1.648821022078,2.055954162736,2.055954162736,0.642152972399,,,,224.43394752765,3.195130113347,0.321985814476,0.913427228847,1.203026560707,84.50360092446,34.817168880412,0.974387613189,0.712462876722,,21.3053022914,78.6946977086,239.7946344323,24.4703772268,71.246287672195,-268267712.256033,-31778619.8583097,1.010814790548,0.199824673462,1.337383036357,1.550003165447,0.119335437575,,,,,,,,,6113240751.41,,,,,,,,,0
000582.SZ,000582,北部湾港,10005523,通用,2019-06-30 00:00:00,中报,2019中报,058001001,2019-08-24 00:00:00,2020-08-20 00:00:00,CNY,0.29,0.287,0.29,5.719003860222,2.393567282758,2.100225600194,0.436279440271,2216476491.07,878820881.38,473661575.22,468621104.31,15.72028957685,42.356702305536,41.280339930683,3.429634564791,9.849075540358,9.074750450359,5.04,4.99,3.0009139685,23.1370649906,39.6494564648,0.233392956801,0.559320534883,0.321749284954,14.1193649054,0.971871585775,0.963474353673,0.200162057712,36.7434051867,1.580862838019,0.580862838018,1387.80109725725,3.990739705893,28.064065970566,0.129701583574,45.104420048798,6.413895983169,,,,,,,,,,,,,,,,,,,,,,,,,20.833333333333,8.3808399313,22.750146602121,1.36817858934,4.470894911629,9.8039215686,28.54224499642,-19.038563430647,2019,4.044217170078,12.157061304681,,,,14.635904164143,38.361672176257,36.466676118503,12.166981627239,16.03195097277,15.435492668405,2.810641530913,1.355960869757,1.355960869757,0.42336589778,,,,149.421051030336,1.9976585301,0.210734140074,0.615760373895,1.20464953739,90.105489645915,31.899016283246,0.927902926876,0.677501889277,6.491396382217,20.6470527417,79.3529472583,233.887054532701,25.2845205513,67.750188927652,107780388.964605,436107939.05812,0.962596250777,0.127220621996,1.193008122056,1.390622730607,0.068915870649,,,,,,,,,6162106252.92,,,,,,,,,0
000582.SZ,000582,北部湾港,10005523,通用,2019-03-31 00:00:00,一季报,2019一季报,058001001,2019-04-30 00:00:00,2020-04-28 00:00:00,CNY,0.134,,0.134,5.760235632093,2.468162721403,2.058309567852,0.057349568274,1044684933.57,418452536.82,219255333.8,217522701.81,16.961284972838,47.29138458994,47.277201534383,3.597920610779,10.90127707542,10.428535261327,2.35,,1.3735366487,22.7182656745,40.0553816154,0.468908919904,0.418850413602,0.089734778264,12.8744279453,1.034289325951,1.025563733248,0.025514118999,37.7818585,1.607248265363,0.607248265364,1488.59800183132,4.416075685165,29.021928281513,0.060459573296,20.380085491367,3.101103383862,,,,,,,,,,,,,,,,,,,,,,,,,25.233644859813,9.5331910165,26.578376599201,0.193920610938,-59.150835996522,14.0776699029,31.212025545358,-16.771489905181,2019,1.9025525474,13.741726289931,,,,16.961284972838,47.29138458994,47.277201534383,-13.69598775585,61.93548367446,21.502258611236,4.975617019681,0.639100796626,0.639100796626,0.198906143708,,,,57.634743815876,,0.099479121961,0.27722540296,1.561558081832,,33.272400092732,0.98837797545,0.746940267952,,22.1577771439,77.8422228561,228.121184503376,26.9146413727,74.694026795235,-419734303.689657,-248086331.112548,0.870674706547,0.053034668468,0.344029197493,0.394989562804,0.009087775309,,,,,,,,,6479846505.51,,,,,,,,,0
000582.SZ,000582,北部湾港,10005523,通用,2018-12-31 00:00:00,年报,2018年报,058001001,2019-04-24 00:00:00,2020-04-18 00:00:00,CNY,0.45,0.48,0.45,5.632170082494,2.508695765026,1.935367188689,1.121248773274,4223369693.98,1549622843.84,637676805.95,661479741.52,13.799508595552,7.158322536452,20.432242825216,13.408167945261,17.141113981357,24.863411658417,8.01,8.41,4.2083665963,16.4881980527,36.6916220015,0.11436642672,0.737413911567,0.433969146706,18.1106741437,0.939727065634,0.932334123236,0.460949863369,39.2408969832,1.645843915312,0.645843915312,1410.46440776627,7.042983165221,30.588963781016,0.255235082869,51.114704033043,11.768950480873,,,,,,,,,,,,,,,,,,,,,,,,,4.651162790698,-2.9341285231,4.828535997116,-11.000119170533,-1.946107849715,-2.5547445255,-8.600163878349,-15.543167988538,2018,6.588942357663,-9.729246100756,,,,6.52702426102,31.790747317729,78.812356645599,10.290993164089,-20.144148041538,12.703253108197,0.715562554189,2.583706196131,2.583706196131,0.673394391968,3755.0,1124732.27536085,169820.720625832,83.731004182942,3.486924627996,0.409113343584,1.459717125245,4.299482652966,103.242839581221,37.602755435005,0.898536046021,0.725094826438,7.219438347805,21.4649987748,78.5350012252,219.674973202313,27.0413124263,72.509482643829,1646563103.28561,226155697.1236,1.06072335512,0.257351142317,2.047395965272,2.631998629077,0.171488940129,,,,,,,,,6830839109.26,,,,,,,,,0
000582.SZ,000582,北部湾港,10005523,通用,2018-09-30 00:00:00,三季报,2018三季报,058001001,2018-10-27 00:00:00,2019-10-26 00:00:00,CNY,0.362,,0.362,5.400527275943,1.949950650989,2.194159540813,0.83480813837,3012898817.36,1150109561.41,502280085.71,490544650.79,17.008816483038,2.018328298569,11.874580769954,5.135503835159,1.06201053411,-0.779957891002,6.88,,3.5451793451,18.5737852481,38.1728571429,0.20350431095,0.634262437547,0.384186721492,17.4261331816,0.636232321424,0.615002360875,0.299758700487,45.2200874685,1.825486667992,0.825486667993,1414.57498444462,11.392686449078,41.664979956181,0.190870051407,23.699414638226,6.480262327834,,,,,,,,,,,,,,,,,,,,,,,,,1.971830985915,0.8341503093,-1.682152305142,4.960118114619,1.032072726309,1.9259259259,-13.453900426861,9.769721714213,2018,5.494870315008,-10.341709253946,,,,19.795468840365,3.537574582843,12.323694173567,7.370405545748,-7.787576261151,-13.669063935877,0.338255582471,2.172922934782,2.172922934782,0.625822390218,,,,27.347135175678,,0.29820591713,1.337029051107,9.873063422019,,53.049717322986,0.561789656914,0.288425068116,,15.4675163638,84.5324836362,188.469864170369,31.8089628982,28.842506811648,316879308.200054,616658611.050815,1.077259114219,0.204340513386,1.701265170465,2.068435250865,0.112950157792,,,,,,,,,7182599351.62,,,,,,,,,0
000582.SZ,000582,北部湾港,10005523,通用,2018-06-30 00:00:00,中报,2018中报,058001001,2018-08-15 00:00:00,2019-08-24 00:00:00,CNY,0.24,0.239,0.24,5.276766505821,1.949950650989,2.071878600781,0.417608598682,1915374131.17,738673955.31,332728679.12,331695906.55,15.469701296895,1.261174133934,0.564360131713,3.821391742177,-5.368109781952,-5.35225767341,4.59,4.57,2.3345741072,19.0635812705,38.5655179993,0.262703532376,0.595560413277,0.30231245344,19.1366769769,0.613359909617,0.590429719632,0.162561969272,45.3838354946,1.83095976998,0.830959769979,1469.83752542082,12.000409107851,39.737230562161,0.122462514997,14.99948863262,4.529757042792,,,,,,,,,,,,,,,,,,,,,,,,,1.26582278481,0.6777341516,-1.682152305142,4.870281069681,-7.872745609154,-3.9748953975,-16.908247605301,18.850005563738,2018,3.605851582622,-13.909179937666,,,,14.568962708571,-14.404637681147,-14.24413720416,14.442280525494,23.520527373216,24.579983930893,-1.812400407462,1.381380733507,1.381380733507,0.416939725292,,,,16.75968501173,1.68142232538,0.188830991569,0.904583017251,10.740058651103,107.052224347812,51.729360218159,0.53318875352,0.282060033421,4.474657903923,14.0099084408,85.9900915592,187.028661621016,33.4961837491,28.206003342137,354475459.676805,818399550.465695,1.033760432319,0.126970470799,1.283538308399,1.585811444085,0.056066087428,,,,,,,,,7077371442.39,,,,,,,,,0
000582.SZ,000582,北部湾港,10005523,通用,2018-03-31 00:00:00,一季报,2018一季报,058001001,2018-04-27 00:00:00,2019-04-30 00:00:00,CNY,0.107,,0.107,5.258895115385,1.949908655582,2.054325806697,0.140393493167,893188659.66,340812596.61,148858220.33,147696112.87,16.518063973654,30.840124322482,28.128236236982,3.866470163228,6.481562840759,6.020079021992,2.06,,1.0468069851,18.2865425466,38.1568432295,0.49541387714,0.54261603417,0.217943540947,15.1558619756,0.661090086126,0.636270695572,0.063742732254,45.3953320286,1.831345262504,0.831345262503,1572.19893692152,12.302885421167,46.523755546581,0.057244664073,7.315357082425,1.934495591395,,,,,,,,,,,,,,,,,,,,,,,,,30.487804878049,-22.094764252,-32.255012178737,-18.538969672845,-24.235902520204,23.3532934132,6.185793908882,16.752192973022,2018,1.672695333066,3.010841934419,,,,16.518063973654,30.840124322482,28.128236236982,-21.395275297368,44.893732040949,47.518454816417,9.710332649711,0.644173681665,0.644173681665,0.185767331456,,,,9.13049734107,0.836313392102,0.090291663493,0.439025381906,9.857075320002,107.615160596428,58.816844976201,0.573032769467,0.320078965505,,13.0088698362,86.9911301638,186.623377793473,34.1717281287,32.00789655048,-22949894.2818735,-18200390.3595009,1.059112344619,0.06095476009,1.014657740692,1.191824755236,0.019811771957,,,,,,,,,7045126590.33,,,,,,,,,0
000582.SZ,000582,北部湾港,10005523,通用,2017-12-31 00:00:00,年报,2017年报,058001001,2018-03-13 00:00:00,2019-04-24 00:00:00,CNY,0.43,0.434,0.43,5.438583313266,2.393142040155,2.174572786673,1.143502566482,3711237197.86,1352038443.4,595079122.98,549254689.61,23.933402596788,31.730904530347,21.814302503357,4.816770997141,8.220663073442,7.011122837504,8.22,8.27,4.6043480764,17.3385400157,36.4309358663,0.120266466357,0.653285178821,0.38214745449,15.4445421664,0.633979612087,0.610717160741,0.438591733309,46.4626674345,1.867855479682,0.86785547968,1355.64781420764,10.958257019137,37.673263911457,0.265555696861,32.851939808614,9.555848435275,,,,,,,,,,,,,,,,,,,,,,,,,18.131868131868,-11.880767731,-16.855911223973,-9.828122367892,-0.991372255774,11.5332428765,18.027655849574,16.88878476959,2017,7.29908865613,23.180792890735,,,,33.884073418458,64.919233131089,54.428801575148,24.028257868047,-37.263568222339,-29.203742000999,6.0686627296,2.992307165853,2.992307165853,0.816414422393,3839.0,966719.770216202,155008.888507424,32.921330814167,3.688999019957,0.416963890927,1.801673184444,10.935159396566,97.587447991297,55.076982019436,0.512302249985,0.261527023868,7.173027102991,13.0688748565,86.9311251435,182.4826994368,26.5397332443,26.152702386826,1333188526.84561,1764496040.27174,1.025134214071,0.242534266477,1.858791110342,2.204034792681,0.142410539382,,,,,,,,,7288371033.96,,,,,,,,,0
000582.SZ,000582,北部湾港,10005523,通用,2017-09-30 00:00:00,三季报,2017三季报,058001001,2017-10-27 00:00:00,2018-10-27 00:00:00,CNY,0.355,,0.355,5.355851424718,1.983312996274,2.09046977102,0.826280324498,2574933161.38,979611965.06,492342987.86,438477308.62,19.997676484189,26.422149191939,13.576817901041,1.116018137052,3.609645526458,3.794195058046,6.75,,4.096290142,20.1959152346,38.044170612,0.158585374822,0.588324820046,0.397991677846,13.3800462491,0.930648580873,0.908171104984,0.309761862044,41.1954105033,1.700547539841,0.700547539841,1331.17941462273,12.081347345606,40.945521996053,0.202827655712,22.348500732263,6.594127680825,,,,,,,,,,,,,,,,,,,,,,,,,-12.990196078431,-18.4918689773,-31.094493963344,-11.007758569374,-11.440925732473,6.1320754717,24.394755670688,1.574730461866,2017,6.12868064881,23.704756523729,,,,18.285117849985,30.967014033754,14.629238120929,2.685987275255,-23.767232794206,-34.088849528832,4.108654379296,2.07612462896,2.07612462896,0.624954059362,,,,17.051513272479,3.053117260346,0.331229446441,1.000239705304,15.834371746687,88.434205756448,59.910783907176,0.839520790422,0.581610824841,,23.4563634727,76.5436365273,214.921464518548,30.1804007778,58.161082484072,134569994.123666,166448361.623213,1.003047225209,0.196766109831,1.704751854854,1.970654328973,0.132999565364,,,,,,,,,5407367377.09,,,,,,,,,0
000582.SZ,000582,北部湾港,10005523,通用,2017-06-30 00:00:00,中报,2017中报,058001001,2017-08-12 00:00:00,2018-08-15 00:00:00,CNY,0.237,0.24,0.237,5.241244799842,1.983312996274,1.975658479836,0.453295391731,1658767719.72,651520524.15,328584654.45,329834452.4,20.964981268856,24.240430406969,25.527238477797,1.935343516283,4.262775351202,4.537258428843,4.78,4.6,2.8096339768,20.7684661918,39.2773814202,0.200374165339,0.536126902753,0.33892863974,13.3262924648,0.868838101792,0.84008007727,0.228486806873,38.1858084729,1.617751482783,0.617751482782,1330.53769473359,12.434716563209,38.288358634095,0.135283653152,14.475601360515,4.701167833288,,,,,,,,,,,,,,,,,,,,,,,,,-14.440433212996,-18.5147059427,-31.094493963344,-10.92849542473,-28.320435256255,9.6330275229,25.417401451193,-7.772383782498,2017,4.188427500181,23.903901368501,,,,22.568169064022,25.924097501829,26.937008889341,16.38922661349,88.812112246067,86.135537455886,0.881284943302,1.337436081172,1.337436081172,0.414227767802,,,,12.461023265974,2.139419113787,0.212003792523,0.788474051939,14.445041643691,84.134987315029,57.33577312263,0.757383070869,0.451221295054,6.210402589803,17.4393727328,82.5606272672,229.533293565702,28.0000198968,45.122129505419,246834015.810698,421032216.858885,0.895364977033,0.121156010517,1.409615276623,1.631938712329,0.072021611042,,,,,,,,,4681043786.31,,,,,,,,,0
000582.SZ,000582,北部湾港,10005523,通用,2017-03-31 00:00:00,一季报,2017一季报,058001001,2017-04-28 00:00:00,2018-04-27 00:00:00,CNY,0.082,,0.082,6.750374432339,2.878306895156,2.521850998504,0.185303458811,766566684.34,266609024.81,113771078.33,115272103.33,19.151064282875,21.181198010499,22.984854975157,1.225179490264,2.504175932609,2.876443783326,1.67,,0.9858258309,15.7854592865,34.7796258638,0.452364413069,0.410296679135,0.230623082625,14.061331618,0.878919396465,0.850579657446,0.072998380791,38.8817810378,1.636173332568,0.636173332569,1441.11798573799,12.334423515378,46.939863890939,0.062451513957,7.296652323296,1.917346846363,,,,,,,,,,,,,,,,,,,,,,,,,-16.326530612245,6.4259568566,-1.004273267853,19.596877516156,-9.958415847755,7.0512820513,23.919605805173,-8.650074741518,2017,1.623805127358,19.94984259752,,,,19.151064282875,21.181198010499,22.984854975157,-9.679921084988,82.633296150032,77.799202241274,0.60993775248,0.803490512321,0.803490512321,0.208523737227,,,,5.714230739237,1.110137779598,0.097812214984,0.365180441702,15.750151526436,81.071018079027,66.819005617993,0.766425152674,0.453085324477,,17.3266529263,82.6733470737,225.373786465007,29.0067060941,45.308532447699,-308391327.802516,-96796008.0067615,0.813551146378,0.050764596984,1.240560281183,1.460984304858,0.022573024299,,,,,,,,,4776612484.39,,,,,,,,,0
000582.SZ,000582,北部湾港,10005523,通用,2016-12-31 00:00:00,年报,2016年报,058001001,2017-03-31 00:00:00,2018-03-13 00:00:00,CNY,0.364,0.473,0.364,6.637271893594,2.878306895156,2.411586454421,1.154952444585,2994541519.96,1028521971.1,451738432.3,450895074.16,-1.970336149982,14.562601716736,19.467181304525,3.052219396303,4.725621912434,8.920663809703,7.37,7.35,3.9010755939,16.0362753961,34.346559039,0.098129713778,0.660707395387,0.367961983234,14.3425209031,0.843557167355,0.815677592075,0.44909357807,39.7494657217,1.659736319318,0.659736319319,1479.86343857745,14.243911860408,53.951126275305,0.243265689668,25.273955885718,6.672705925785,,,,,,,,,,,,,,,,,,,,,,,,,-17.647058823529,6.2424029557,-1.004273267853,19.966368094219,132.874181863503,1.2362637363,9.073804450862,-9.040656717184,2016,5.925508745998,-13.612419305441,,,,11.669662889534,48.637216207333,132.340586953906,9.577612363172,-50.179230250715,-47.449432790624,10.368715589861,3.138781986213,3.138781986213,0.763744859911,3273.0,914922.554219371,138019.686006722,12.547394835137,3.867976792766,0.382632006041,1.363531499611,28.691214768494,93.071913118321,68.195061185856,0.734947747457,0.459438877324,6.016364264946,16.8760652341,83.1239347659,220.196403874809,29.3815242788,45.943887732396,588915361.115042,494858732.474194,1.008949285048,0.246354163502,1.973840800911,2.294560140344,0.140502081886,,,,,,,,,4874960096.03,,,,,,,,,0
000582.SZ,000582,北部湾港,10005523,通用,2016-09-30 00:00:00,三季报,2016三季报,058001001,2016-10-28 00:00:00,2017-10-27 00:00:00,CNY,0.408,,0.408,6.570941276064,2.878308440575,2.349047217391,0.933027283011,2145819183.19,784141449.09,389443614.91,386062329.2,-6.488050370042,10.510194674531,10.455786789059,0.506916277882,4.496540204542,4.323806695546,6.36,,3.2929765567,18.9238334251,36.5427551041,0.193103557064,0.570224386316,0.414830239646,12.3076636789,0.934632300895,0.898361370282,0.378187946049,40.5567509911,1.682276821461,0.68227682146,1551.61597321209,17.106462697281,63.210740384496,0.174012129716,15.783508535807,4.271426000671,,,,,,,,,,,,,,,,,,,,,,,,,2.51256281407,7.9071797504,2.470134461561,19.406420158191,92.398158747529,-4.6476761619,2.462902033453,-18.624447080598,2016,4.954280515184,-13.988747456925,,,,1.9287058141,17.508602218145,16.228919410213,6.404200947931,-26.702593921989,-27.011952356876,5.793167122084,2.249178564723,2.249178564723,0.625521744126,,,,6.044189076262,2.579916280513,0.275989678985,0.948956203643,44.671004926106,104.654558769757,80.317597106582,0.758847821598,0.409791056416,,17.8741049136,82.1258950864,215.731011645659,29.1495798915,40.97910564162,-148294974.369893,-146697880.260909,0.967565807135,0.168694647877,1.937375799872,2.192104687926,0.1150051803,,,,,,,,,4991550716.49,,,,,,,,,0
000582.SZ,000582,北部湾港,10005523,通用,2016-06-30 00:00:00,中报,2016中报,058001001,2016-08-20 00:00:00,2017-08-12 00:00:00,CNY,0.277,0.275,0.277,6.432135835649,2.878308440575,2.218058950791,0.632391384283,1371279276.3,533897433.99,264474819.81,262759267.55,-10.655166162737,7.511072769678,7.966226163603,-2.868201229162,7.629728508013,7.822613413799,4.36,4.33,2.2402265908,20.0960632457,38.9342596521,0.273821562966,0.583449179411,0.439976235306,12.2418898832,0.915130301385,0.879851599079,0.252963292342,41.4038766684,1.706597541173,0.706597541174,1614.69888764453,18.412464705071,62.692999477304,0.111475892736,9.775986153034,2.871133962336,,,,,,,,,,,,,,,,,,,,,,,,,-4.152249134948,7.6066798572,2.470134461561,19.524382234084,93.657243711966,-22.695035461,0.598515619593,-17.740550256616,2016,3.380383873244,-14.915915663558,,,,-10.49727254471,20.705354940138,20.527991806959,13.14438591976,81.70055148133,80.34025127921,8.655362522916,1.437330777292,1.437330777292,0.425582733509,,,,3.737797241514,1.590040729336,0.17529777496,0.608747624786,48.156705238267,113.20464732697,81.106179700054,0.743556839293,0.439969023131,5.852035494573,17.8218310162,82.1781689838,210.963720126828,30.0877711579,43.996902313128,382047151.964836,169742184.29027,1.006622016001,0.112710427253,1.938356831969,2.189365299699,0.077002164961,,,,,,,,,5070715536.14,,,,,,,,,0
000582.SZ,000582,北部湾港,10005523,通用,2016-03-31 00:00:00,一季报,2016一季报,058001001,2016-04-28 00:00:00,2017-04-28 00:00:00,CNY,0.098,,0.098,6.342789514626,2.907506202711,2.108626120413,0.205797644006,643356976.25,222400643.82,93885091.25,93728698.02,-10.833143527576,-10.304032546249,-9.115947097485,-2.55876398889,-2.735185361821,-2.490920236654,1.56,,0.7955366098,15.234310538,34.5687778372,0.603899844305,0.532799515097,0.305181056082,12.67333866,0.859993336502,0.825286611315,0.077862638268,42.5635608653,1.74105500805,0.741055008049,1723.47561569867,18.674252357179,65.76376077316,0.052220059965,4.819470053129,1.368534873035,,,,,,,,,,,,,,,,,,,,,,,,,-22.222222222222,48.6319129798,229.549124916967,3.885407914312,2.305624814806,-47.8260869565,-26.127145630931,-25.396391428013,2016,1.353736772133,-31.611972472717,,,,-10.833143527576,-10.304032546249,-9.115947097485,-15.351047636046,124.012513262645,235.894781654362,9.74341469449,0.674346064096,0.674346064096,0.168417801874,,,,1.784405905018,0.732482553555,0.081892519393,0.286496977658,50.436954813313,122.869820671083,84.439572930621,0.687379663853,0.415495406812,,17.652371024,82.347628976,205.271627533951,30.0697150473,41.549540681221,50385969.3268552,38126810.0060004,0.988925014319,0.051789636955,1.749677346109,2.003248229191,0.024845899881,,,,,,,,,5228901539.32,,,,,,,,,0
000582.SZ,000582,北部湾港,10005523,通用,2015-12-31 00:00:00,年报,2015年报,058001001,2016-03-31 00:00:00,2017-03-31 00:00:00,CNY,0.442,0.42,0.442,6.247290826398,2.907506202711,2.010218774421,0.495955556491,3054729968.82,950626838.97,394315793.75,377421706.31,-28.733624557199,-34.279922547917,-35.760576848413,-9.084083566731,-12.810555570355,-13.824354192268,7.28,6.97,3.5765467369,13.3605374182,31.1198321512,0.134429654337,0.44483225925,0.154895614607,14.2988242269,0.87158847602,0.838875958134,0.177560434462,43.7002558364,1.776207005656,0.776207005654,1344.81493585856,17.32952845586,50.072634927753,0.267694825809,20.773790868976,7.189555742761,,,,,,,,,,,,,,,,,,,,,,,,,-38.69625520111,22.4264947445,58.281673466365,5.353539689505,-64.805828296138,-58.1849511775,-44.350395287786,-25.043145323982,2015,6.8592136721,-37.683960575463,,,,-31.767241460747,-59.408949368198,-68.452176140044,0.019145087113,-60.613033774097,-73.711456438942,14.686031709089,3.201869580024,3.201869580024,0.758215091096,3119.0,979394.026553383,126423.787672331,9.197823081766,3.868909264248,0.408921841476,1.690045232603,39.139696078049,93.049481239249,66.248546263054,0.72230533567,0.470608854841,1.719895453787,18.7985340897,81.2014659103,199.923645607708,31.8161984114,47.060885484136,-119343370.967409,-1088268805.19573,0.934408843615,0.231023692897,1.041611699222,1.159351676947,0.060585160786,,,,,,,,,5399297075.43,,,,,,,,,0
000582.SZ,000582,北部湾港,10005523,通用,2015-09-30 00:00:00,三季报,2015三季报,058001001,2015-10-29 00:00:00,2016-10-28 00:00:00,CNY,0.398,,0.398,6.089438433349,2.808924235046,1.967270448506,0.484946056181,2294700507.99,792628493.71,352405147.83,349517522.28,-27.668501754474,-29.056695539064,-29.966664144878,-11.751904145686,-16.074137320684,-17.587453646026,6.67,,3.2138232388,15.8119368095,34.5416968772,0.197266823254,0.432323751102,0.201621391427,13.1456302163,0.879447980162,0.839794150173,0.157066128063,49.8389866933,1.993580141385,0.993580141386,1328.3938229836,20.869741968381,55.21848617977,0.20325297764,12.937390429123,4.889666825001,,,,,,,,,,,,,,,,,,,,,,,,,-33.333333333333,51.4337225205,219.082885047428,9.922039082374,-49.513339655313,-53.1929824561,-45.211537080741,-16.388542258425,2015,5.760037633102,-38.218469609369,,,,-37.060528319619,-44.87411368162,-46.82378861248,-6.567378429098,-24.708580905308,-24.312272255683,23.482083550723,2.405231174864,2.405231174864,0.628784593992,,,,5.949220749044,2.91353188282,0.324436082121,1.181954057213,45.384095058736,92.671029821945,74.936769662773,0.74015445336,0.497383077241,,21.3872072728,78.6127927272,177.19604080207,38.2021267364,49.738307724083,-608957092.984035,-1384951579.17436,0.938409078567,0.177779652724,1.104735463223,1.275121408951,0.065950496803,,,,,,,,,6036780191.2,,,,,,,,,0
000582.SZ,000582,北部湾港,10005523,通用,2015-06-30 00:00:00,中报,2015中报,058001001,2015-08-19 00:00:00,2016-08-20 00:00:00,CNY,0.289,0.285,0.289,5.977450325745,2.808924235046,1.855737640582,0.326551887325,1534816527.61,549967749.56,245997749.81,243371725.48,-21.898349788564,-19.003953973458,-18.7302509726,-3.865114672361,-5.824208447352,-5.564049454055,5.64,5.58,2.2268982569,16.3222266703,35.8328008375,0.283328039871,0.390487875423,0.202985454519,14.6580069026,0.880158970656,0.844547183363,0.103164276908,50.333276964,2.013420533654,1.013420533654,1319.32421770796,20.373666287965,50.737323996419,0.136433484343,8.834934147632,3.547684146935,,,,,,,,,,,,,,,,,,,,,,,,,-20.821917808219,57.942173854,219.082885047428,19.13050586059,-37.391425019168,-27.8772378517,-37.592694747346,-19.087021962777,2015,3.972992010912,-31.351171845326,,,,-15.840329290445,-19.081181801775,-18.251723822089,12.719796444277,35.021406134639,35.985447795092,26.240983676964,1.608745257628,1.608745257628,0.437835368466,,,,3.787912711689,1.742867909514,0.215892822226,0.77705497153,47.519574420109,103.278050515138,69.96325409776,0.741111271423,0.516948708545,2.474138582015,22.0911158672,77.9088841328,175.208846096774,38.7829769962,51.694870854471,-211542764.299374,-1100153072.88472,0.882216208799,0.112537169208,1.059855337048,1.24361374596,0.043955085855,,,,,,,,,6056067673.94,,,,,,,,,0
000582.SZ,000582,北部湾港,10005523,通用,2015-03-31 00:00:00,一季报,2015一季报,058001001,2015-04-29 00:00:00,2016-04-28 00:00:00,CNY,0.126,,0.126,4.267447944027,0.882267917854,2.029761602469,0.201159657036,721520306.65,227276281.27,104670359.12,103129971.68,-27.759809563684,-18.899445683836,-19.372060232328,-6.542641326268,-4.088594540971,-4.217449637961,2.99,,1.0768997849,14.4514341217,31.4996375258,0.69831342584,0.423362110955,0.232003060963,16.1470504494,0.4808242388,0.437487772453,0.057376694078,57.0529518344,2.328448735625,1.328448735623,1207.75311613601,22.018468929056,44.602843768832,0.074518540915,4.087477666589,2.017808560962,,,,,,,,,,,,,,,,,,,,,,,,,-18.709677419355,-8.0906091256,0.222209307483,-16.130008057197,8.55239276486,-12.0588235294,-27.790139001174,4.32673594351,2015,1.979493810657,-18.853370132577,,,,-27.759809563684,-18.899445683836,-19.372060232328,-35.224457205838,1.374716457455,16.596356221885,31.340300174703,0.867056047454,0.867056047454,0.20951803368,,,,1.932367165429,0.863101080282,0.108929886227,0.535422310591,46.574999622305,104.275156243107,65.400205367322,0.335407559807,0.121231570363,,15.7658265117,84.2341734883,154.681708250012,39.8552669695,12.12315703631,-351669747.064602,-211027938.496406,0.937221611045,0.076000157351,1.344512043788,1.605398184084,0.027365883827,,,,,,,,,5076384161.26,,,,,,,,,0
000582.SZ,000582,北部湾港,10005523,通用,2014-12-31 00:00:00,年报,2014年报,058001001,2015-04-04 00:00:00,2016-03-31 00:00:00,CNY,0.721,0.706,0.721,4.144050285574,1.836919043776,1.9080695156,1.409197979325,4286355170.78,1163094157.74,599992892.64,587523498.49,15.176836561527,3.365362899348,731.45404319207,3.85613383434,4.520101518288,827.67638998709,17.41,17.14,6.426904118,14.2704403545,27.1348059458,0.100906832544,0.462042135153,0.27358056645,14.012206867,0.447130599314,0.40720420036,0.405720113449,58.3005463947,2.398112957223,1.398112957225,799.351979319486,11.031155543246,20.742486440156,0.450364807136,32.634840347294,17.355682070162,,,,,,,,,,,,,,,,,,,,,,,,,3.0,13.7225123106,108.666869961699,-15.759757907692,28.45035378169,3.2621589561,-6.934339572563,6.018795239508,2014,11.007139952157,-6.302192860513,,,,22.686564927352,39.440886580017,128.30948700318,-7.740031555594,-46.509356402469,-55.688698032601,-10.532772654376,5.150943276449,5.150943276449,1.118020350135,2466.0,1738181.33446067,243306.120291971,15.647439661932,6.242786882785,0.654628831366,3.421927613233,23.006958823803,57.666552896869,31.278081523089,0.310826608752,0.12693109423,5.58152734412,12.3467165869,87.6532834131,147.961049292852,39.8732952908,12.693109422991,882194245.403175,1808881897.84706,0.852847492021,0.349244646766,1.665293771782,1.917113695538,0.164457256134,,,,,,,,,6102424259.88,,,,,,,,,0
000582.SZ,000582,北部湾港,10005523,通用,2014-09-30 00:00:00,三季报,2014三季报,058001001,2014-10-29 00:00:00,2015-10-29 00:00:00,CNY,0.597,,0.597,4.021190479897,0.880311783137,1.789696101827,0.960542949108,3172477501.02,887438509.61,496741941.34,499073074.29,12.753595781462,-1.909517429944,1463.47709592264,4.248686872379,-7.17684729453,-39.556365030694,14.25,,5.8658758935,15.8756312654,27.973043444,0.154860743294,0.418669268801,0.251953052554,13.8132095234,0.462597995419,0.421457029542,0.290641898019,59.6078432783,2.475728163985,1.475728163986,730.73834488051,11.175031644731,23.509111521175,0.369489300639,24.16100540774,11.484908723871,,,,,,,,,,,,,,,,,,,,,,,,,-1.970443349754,27.5595980136,-25.779321271841,145.130282221001,-76.469183238053,92.0485175202,-43.104398430152,-10.162556960713,2014,9.32323559595,-47.7555028217,,,,15.974332168574,-18.608637013171,1011.53320475182,24.933661738832,10.519631710272,16.355436189896,-17.773792178011,3.812388615148,3.812388615148,0.881415676135,,,,21.709352004167,5.978268595574,0.53936711129,2.553199597952,12.437036349504,45.163577996461,34.684163524513,0.400950265206,0.146047886008,,14.7857841165,85.2142158835,147.747197962611,42.4564869134,14.604788600769,580074438.04439,1199457218.31015,1.070005005315,0.394516362471,1.369106206477,1.5870427345,0.137844326181,,,,,,,,,5128882484.45,,,,,,,,,0
000582.SZ,000582,北部湾港,10005523,通用,2014-06-30 00:00:00,中报,2014中报,058001001,2014-08-14 00:00:00,2015-08-19 00:00:00,CNY,0.365,0.36,0.365,3.784581521126,0.880311783137,1.557735046264,0.521576936426,1965152494.8,557797601.94,303715751.42,299461642.73,10.862104443915,12.799020477516,12.857945665314,4.719671827341,6.110517232632,48.507140454231,7.82,7.71,3.5683294574,15.6473596809,28.3844436203,0.201562924149,0.457732767579,0.220863275628,15.0599619778,0.437487859666,0.391558856695,0.146089439993,62.2066795525,2.645970208913,1.645970208914,789.31185481011,13.586813331172,18.382092138236,0.228046745913,13.248139619835,9.792138927733,,,,,,,,,,,,,,,,,,,,,,,,,12.654320987654,25.1609017815,-25.779321271841,157.814173422994,-84.178774506951,-4.5177045177,-33.982181607,-11.936582698721,2014,5.787414174005,-42.341114087485,,,,22.330840137629,25.43121705189,24.92155607244,-3.244636149071,35.324651618644,34.121806681781,-9.136670464995,2.361537629754,2.361537629754,0.552714008604,,,,11.883447136378,2.973426663137,0.331608284133,1.564209314974,15.147120017808,60.536216423814,31.969019178781,0.362650889382,0.152999281019,4.30601931704,14.9971442315,85.0028557685,141.606145299942,44.5489426132,15.299928101911,760039411.106418,1413388455.8848,1.041458793201,0.236145660342,1.21989177466,1.411505072624,0.073723977874,,,,,,,,,5391323594.89,,,,,,,,,0
000582.SZ,000582,北部湾港,10005523,通用,2014-03-31 00:00:00,一季报,2014一季报,058001001,2014-04-29 00:00:00,2015-04-29 00:00:00,CNY,0.155,,0.155,4.643103281862,0.880311783137,2.420128529228,0.185311122042,998779629.86,239539549.3,129062446.0,127908479.34,1.642155761001,-0.730050019797,-0.08333464547,0.43359787874,-0.163517272159,-0.150973250229,3.4,,1.491347262,12.9648856473,23.9832233396,0.406448673825,0.345852629452,0.154394987332,15.7686864058,0.769854365581,0.730934355673,0.081744894957,54.6867984687,2.206862384926,1.206862384927,782.40644417146,8.856469057904,17.376860661779,0.115029727414,10.162063392485,5.179301471753,,,,,,,,,,,,,,,,,,,,,,,,,-0.641025641026,55.0692138874,-25.779321271841,313.488027817052,-65.496005783671,-15.8415841584,-42.168077440911,-26.828080913126,2014,2.439403600483,-48.309848675038,,,,1.642155761001,-0.730050019797,-0.08333464547,10.00924538988,74.299429378968,230.159177478227,-8.083230867552,1.200240533998,1.200240533998,0.238803429299,,,,3.24746283736,1.955153811908,0.168492480369,0.749509135014,27.713943009476,46.032183990768,26.233302753336,0.565454158681,0.310846807935,,16.5074432986,83.4925567014,161.270152532308,39.1516738196,31.084680793547,-452521859.57035,-342899632.439075,1.070853282771,0.12157062617,1.019586935085,1.190870413611,0.026179045173,,,,,,,,,4811200925.37,,,,,,,,,0
000582.SZ,000582,北部湾港,10005523,通用,2013-12-31 00:00:00,年报,2013年报,058001001,2014-04-25 00:00:00,2015-04-04 00:00:00,CNY,0.7,0.35,0.7,4.487142515589,0.880311783137,2.265033276506,1.097075981371,3721542715.31,1128718776.64,580458362.27,70662173.49,-11.55474302213,5.598993610699,75.000025100067,166.134778964958,1296.87415331066,69.477318054798,16.86,2.05,6.9057739326,15.8391169397,30.3293247716,0.09609899235,0.44495245118,0.245309905818,14.1891055182,0.653968428741,0.612986738655,0.492242130009,54.9907648573,2.221766259368,1.221766259366,825.697764497423,11.623153687195,16.070930611424,0.435994882727,30.972661094261,22.400694067093,,,,,,,,,,,,,,,,,,,,,,,,,6.060606060606,-79.77697181,-82.967156470417,-76.324871912572,-87.784997182325,-11.9582245431,-40.815797167436,-10.705269689674,2013,11.747489389769,-41.33982882935,,,,-63.088997329358,-85.703237173621,296.394424784119,-12.787612624336,-68.777619705198,115.731216994338,16.670338338632,4.472204160337,4.472204160337,1.075372243507,3043.0,1222984.78978311,190752.008632928,10.354520075509,5.850351909495,0.665043457374,2.850187326672,34.767424986843,61.534759886107,20.407113836,0.513243597989,0.235844909386,4.274455622646,14.15611336,85.84388664,159.675699978654,35.2211809154,23.584490938636,746335422.351462,791625051.07676,0.866833367718,0.376518712825,1.350618849765,1.54875998928,0.153047428842,,,,,,,,,4711528512.57,,,,,,,,,0
000582.SZ,000582,北部湾港,10005523,通用,2013-09-30 00:00:00,三季报,2013三季报,058001001,2013-10-26 00:00:00,2014-10-29 00:00:00,CNY,0.609,,0.609,3.15240134221,1.1860734747,0.730099963828,4.082063783954,2813637542.14,957188800.1,506411966.1,31920715.41,60.961259604519,1494.62132081487,4.299303419516,-27.928067332062,13.463839075377,13.477908380277,7.42,,10.3098934393,18.0293545797,34.0196200031,0.023882122599,0.463008239238,0.20619342271,16.0864346443,0.849609585715,0.605911759893,1.268092958903,66.3507789867,2.971836999153,1.971836999153,472.160625634162,14.755681428214,11.569984024805,0.571839296505,18.298036679197,23.336246568807,,,,,,,,,,,,,,,,,,,,,,,,,173.094170403587,10.4555480802,0.0,55.731926447877,1312.47881797716,-9.068627451,264.84530136207,-3.933930417545,2013,17.845392528388,179.187778214936,,,,15.668064697708,1729.76247201984,38.07484964629,31.781227071579,70.320429647914,-86.923195740631,423.062185673311,19.797255073892,19.797255073892,5.3462321605,,,,9.34871955663,6.377027535594,0.957093534799,3.148550058517,28.880960474262,42.339475326548,41.389396652465,0.46394433228,0.247509550575,,29.0720025026,70.9279974974,137.516472911746,20.5043969287,24.75095505754,-29390850.5211247,-126270721.259687,1.05381977731,2.217676384773,0.966762601677,1.143653932806,0.88886621245,,,,,,,,,887119956.38,,,,,,,,,0
000582.SZ,000582,北部湾港,10005523,通用,2013-06-30 00:00:00,中报,2013中报,058001001,2013-08-17 00:00:00,2014-08-14 00:00:00,CNY,0.324,0.098,0.324,3.023772973236,1.1860734747,0.604208459753,3.296691123296,1772609770.18,553738701.19,269253890.8,265343871.86,109.032090324113,1332.47841898038,1407.74030272866,-9.024616403754,-12.395657092626,-9.841693611226,8.19,3.25,5.4051005384,15.2057820077,31.2386127226,0.070536711465,0.537388222718,0.264318944526,15.4600121949,0.861925076203,0.701970868656,0.769762008428,70.638502864,3.405820879528,2.405820879527,506.381100953631,13.939322004237,10.084517412529,0.355463503004,12.913110117213,17.849143656231,,,,,,,,,,,,,,,,,,,,,,,,,145.454545454545,9.6572526832,0.0,60.003708793418,826.39447802904,66.8024439919,198.478153064342,7.674095211289,2013,10.037332637307,153.868220331506,,,,112.713176261454,1454.84310244634,1669.09736514185,-19.607976597036,7.099904736743,7.275350198148,253.729197458105,12.472398182474,12.472398182474,2.968583055494,,,,5.175989537498,4.158781432593,0.606881120676,1.843402156784,34.775959011501,43.281909116289,34.016143746363,0.473990621438,0.208510368639,10.552856932232,35.6924081685,64.3075918315,130.196504570137,19.816065386,20.851036863879,-99636249.849798,-189971400.249469,1.153719879262,1.3913451933,1.49224923117,1.73827919138,0.762033725809,,,,,,,,,1038293436.42,,,,,,,,,0
000582.SZ,000582,北部湾港,10005523,通用,2013-03-31 00:00:00,一季报,2013一季报,058001001,2013-04-26 00:00:00,2014-04-29 00:00:00,CNY,0.156,,0.156,2.994213464727,1.1860734747,0.585295913404,0.537071507954,982643099.59,256394444.05,130011595.68,128015160.32,106.163905352219,1221.12524614788,1201.47823993734,1.740647621905,1.024324121455,0.927487256097,4.04,,2.5787613415,13.3776481273,26.0923263143,0.143290679494,0.372562818375,0.077678257713,14.9741493854,0.954492397821,0.858393806726,0.091678508324,74.737411771,3.958422592868,2.95842259287,466.886296173374,10.622218161924,16.626917296236,0.192766420299,8.472806585974,5.412909584892,,,,,,,,,,,,,,,,,,,,,,,,,126.086956521739,11.1246100691,0.0,86.038678086483,1040.23248218007,55.3846153846,172.493472617302,12.461418388036,2013,4.719281213064,122.582189335877,,,,106.163905352219,1221.12524614788,1201.47823993734,-60.050517229002,-74.897563632286,1209.8241097149,178.735020690373,6.914051933778,6.914051933778,1.415118874436,,,,2.629446425737,1.91804886531,0.337254187938,0.896058467069,34.227736727811,46.922683581085,35.241823070817,0.585696505536,0.137775425857,,46.9809304602,53.0190695398,124.426948884726,24.4300307566,13.777542585744,-524274208.016896,-487760720.076009,0.904020877316,0.525164864589,0.509765731445,0.580657055517,0.127119588449,,,,,,,,,1264202544.4,,,,,,,,,0
000582.SZ,000582,北部湾港,10005523,通用,2012-12-31 00:00:00,年报,2012年报,058001001,2013-03-07 00:00:00,2014-04-25 00:00:00,CNY,0.66,0.28,0.66,2.916783979317,5.168319556321,9.567142649204,8.981381320547,4207735770.66,1093832301.84,549681718.0,40378379.06,312.736991522774,1300.44300458693,7.331258525655,-13.326146686277,8.104573311226,5.947926567087,19.15,10.25,11.6682722789,13.0883264458,25.9957459655,0.092528123996,0.320406507559,0.303359672582,14.7194091325,0.704747422862,0.658679906423,0.643217775082,61.5834379769,2.603043966815,1.603043966816,403.812784606631,5.690678824387,7.676598151346,0.891502235004,63.261345633711,46.895772437546,,,,,,,,,,,,,,,,,,,,,,,,,139.130434782609,745.1964312479,335.750370155462,3799.1162348365,924.469775604618,72.5225225225,160.099932719803,2.697645305374,2012,20.026346932391,139.172591460338,,,,266.851582644235,7841.79527959272,30.197975095542,173.297589757247,3895.97730229899,-24.855009333881,119.329428993279,29.606378606939,29.606378606939,5.881487735706,790.0,5326247.81096203,695799.643037975,14.140710206931,13.421426046772,1.478772124602,5.140795683716,25.45841013159,26.82278311898,12.133895745121,0.318552324533,0.239248860078,6.211666348417,16.4466231442,83.5533768558,142.130282733524,26.0726324379,23.924886007799,813263273.896684,691717926.325459,1.183052022285,0.585392666571,1.981286894769,2.317788097958,0.244211299518,,,,,,,,,5236835777.26,,,,,,,,,0
000582.SZ,000582,北部湾港,10005523,通用,2012-09-30 00:00:00,三季报,2012三季报,058001001,2012-10-27 00:00:00,2013-10-26 00:00:00,CNY,0.223,,0.223,2.854,1.1860734747,0.468818424379,0.289,1748021573.05,113690171.65,31757506.28,30604917.16,400.896723117095,-2.968472239,1.631143658199,43.840761887154,11.146345600839,11.370648845904,8.16,7.87,2.8258260147,1.8209969288,6.5039341277,0.052777671616,0.064919622349,0.023524754925,12.2600225449,0.759116250701,0.664685727055,0.067754407669,69.0678605621,3.232883396273,2.232883396275,173.991310226596,5.314440343439,8.517619996257,1.551801636808,50.8049733465,31.698995742782,,,,,,,,,,,,,,,,,,,,,,,,,-3.04347826087,10.6630476929,0.0,109.268066555462,-47.454545454546,-12.7272727273,-26.816218185593,18.309356823552,2012,6.391896035882,-8.254436260336,,,,452.555730787733,42.081650986345,42.688584853157,142.345226880785,44.73001238867,67.547819309525,-74.88412987752,12.299391246399,12.299391246399,0.379394107309,,,,11.710173990389,26.813221847886,3.415652952849,5.000336100609,23.05687346931,10.06965897391,13.832056407689,0.383070859935,0.106900437835,,34.9860818744,65.0139181256,131.430380447132,33.691308884,10.690043783486,-120547519.827268,-191809744.91968,0.979617379831,1.300337077733,1.134413608352,1.291861318005,0.073491957467,,,,,,,,,909543191.12,,,,,,,,,1
000582.SZ,000582,北部湾港,10005523,通用,2012-06-30 00:00:00,中报,2012中报,058001001,2012-08-25 00:00:00,2013-08-17 00:00:00,CNY,0.132,0.124,0.132,2.757,1.1860734747,0.377621534094,0.355862561952,848008440.92,74889512.8299999,18796366.3,17598778.21,355.68193927578,-20.377124392901,-16.190974240685,19.501594656485,-15.248850628129,-11.6479273676,4.91,4.49,1.8108864863,2.2211009079,8.83122257,0.02888590963,0.125717038977,0.05964105227,8.6065536897,0.58350976526,0.51149910378,0.096701617848,65.6039901941,2.907313975206,1.907313975203,220.774834002002,5.202171692699,5.590593171875,0.815310317472,34.600934116151,32.196941266542,,,,,,,,,,,,,,,,,,,,,,,,,-20.481927710843,9.6412127219,0.0,136.247580672081,4.665459397647,-28.1112737921,-36.163566701881,13.403197561649,2012,3.953757041429,-19.787882739746,,,,282.902999069834,-40.896468908216,-36.755949595981,-22.083183584499,-8.998928711762,-21.080356166065,-73.240831376009,5.966738486485,5.966738486485,0.221231465291,985.0,860922.275045685,19082.6053807107,7.630227306171,35.922253801849,1.666184745151,3.119866635107,23.590385027511,5.010821453267,10.79277715929,0.330939154489,0.145523501107,,26.6721296792,73.3278703208,136.126688233243,35.8538754707,14.55235011065,-52729123.1880679,-93361268.9520993,0.954135630327,0.707144425729,2.465903450915,2.685202282282,0.091307485245,,,,,,,,,750641242.09,,,,,,,,,0
000582.SZ,000582,北部湾港,10005523,通用,2012-03-31 00:00:00,一季报,2012一季报,058001001,2012-04-26 00:00:00,2013-04-26 00:00:00,CNY,0.069,0.0,0.069,2.694,1.1860734747,0.31460980019,0.047101930207,476631977.8,44617418.6,9840974.28,9836135.28,434.899261310956,16.396505641685,12.740771191011,38.012355515247,3.53186099647,2.954721479269,2.6,,0.946357106,2.0674112227,9.3609788428,0.048124227346,0.056432184479,0.014044901563,17.4234405738,0.68927035206,0.649504377206,0.011863290728,66.4560458531,2.981163149761,1.981163149757,196.613951393346,3.069120724323,10.422116519287,0.457749815627,29.32435967303,8.635482037976,,,,,,,,,,,,,,,,,,,,,,,,,16.949152542373,11.8499280221,0.0,491.049944654803,-37.197426390667,4.0,-11.289964144517,19.295041836282,2012,2.120242067501,6.815499253035,,,,434.899261310956,16.396505641685,,-28.913206434846,50.900462490349,31.032883672655,-65.737833397422,3.353667520978,3.353667520978,0.126799496834,,,,3.799735726978,22.857295330724,1.009891603515,1.519438659487,23.685857771897,3.937473734218,13.480178034517,0.438297165558,0.13932413677,,33.924693444,66.075306556,134.2950319128,36.828943917,13.932413676972,-134995637.751763,-135624024.137398,0.781240615346,0.324786239506,0.561249684812,0.679347263324,0.013948316967,,,,,,,,,761912091.77,,,,,,,,,0
000582.SZ,000582,北部湾港,10005523,通用,2011-12-31 00:00:00,年报,2011年报,058001001,2012-04-12 00:00:00,2013-03-07 00:00:00,CNY,0.276,0.265,0.276,2.625,1.1860734747,0.245366951714,0.876685826602,1019471444.79,120831576.59,39250559.73,37620335.04,151.713820983456,-1.61007617772,-0.084923128287,110.281846187674,-7.195608742309,-1.285101455632,11.1,,4.4860727786,3.8570667321,11.8523747975,0.050262057218,0.219522091358,0.122217132796,21.6482110114,0.51423883005,0.499087228707,0.268720435192,59.9657740874,2.497862709231,1.497862709228,309.523293997205,2.119516763723,5.099949372757,1.16307886024,169.850036650617,70.588936024166,,,,,,,,,,,,,,,,,,,,,,,,,-1.779359430605,11.75684505,0.0,4019.72592627203,13.574035883665,-12.667191188,-14.96159452394,1.724130712209,2011,8.373178051094,-8.752638313443,,,,393.613969860519,-31.817710359442,-6.124695943254,311.643717991781,-28.510490081064,-17.645935974934,-53.20584047683,7.173182732594,7.173182732594,0.467495375771,836.0,1219463.45070574,46950.4302990431,10.68954951403,40.920830792794,2.200170149565,4.640661028123,33.677752231514,8.797475345085,7.219469196529,0.265705808823,0.168191953946,7.301595109061,25.4736394032,74.5263605968,144.635693661954,34.42702213,16.819195394613,-61432015.4269338,5740480.80251774,1.114335649052,1.213698338286,2.566458685494,3.168654868738,0.268530873765,,,,,,,,,561285440.7,,,,,,,,,0
000582.SZ,000582,北部湾港,10005523,通用,2011-09-30 00:00:00,三季报,2011三季报,058001001,2011-10-27 00:00:00,2012-10-27 00:00:00,CNY,0.23,0.0,0.23,2.579,1.1860734747,0.224027694285,0.55,348978440.54,90370462.11,32729059.32,30113719.14,29.645670438894,7.916744011421,1.543665390533,16.561997036194,0.429549742985,-0.83087780795,9.35,0.0,3.8612735563,9.4149998748,25.8957149244,0.112576044008,0.401226579308,0.223909815716,15.1622915548,0.584812603971,0.552046351829,0.197190181632,58.379034775,2.402635293521,1.402635293522,658.344955141651,8.634516747148,15.265166355855,0.410119342286,31.269844961407,17.68732771762,,,,,,,,,,,,,,,,,,,,,,,,,7.981220657277,15.6502242152,0.0,278.388532800423,52.777777777778,-6.9651741294,-6.068624911052,-1.882898796258,2011,6.966981045557,-1.997595542974,,,,73.285622040421,2.023124881445,-3.384453126869,67.937293946119,-39.794795965947,-25.737558190798,-10.891951856886,2.455474487807,2.455474487807,0.358002683866,,,,3.513279940243,8.705932164914,0.756758900809,1.61313839059,76.851262806378,31.013336066198,23.899719440093,0.331753598373,0.209198062151,,26.1916056319,73.8083943681,146.534289338147,33.1422922932,20.919806215057,-63334251.1899138,-50602284.7891306,1.112697126473,0.438868610788,2.024029496062,2.378224309002,0.170027253596,,,,,,,,,516532859.25,,,,,,,,,1
000582.SZ,000582,北部湾港,10005523,通用,2011-06-30 00:00:00,中报,2011中报,058001001,2011-08-18 00:00:00,2012-08-25 00:00:00,CNY,0.166,0.148,0.166,2.515,1.1860734747,0.159841439654,0.34,186096566.01,61416713.54,23606741.35,20998666.97,6.230145147079,10.380774321344,3.842873363268,0.793196616161,4.430691157339,-0.014876373172,6.83,0.0,2.836760127,12.7202914527,33.002604431,0.056325853371,0.4715324196,0.256396038697,15.2312240295,0.603620319109,0.58186237551,0.127633102443,57.8502119911,2.37249117312,1.372491173119,807.136436973017,8.438604725275,16.146531535883,0.223010623427,21.330540517067,11.147905022201,,,,,,,,,,,,,,,,,,,,,,,,,10.666666666667,16.0692332362,0.0,184.797612251328,70.0,-5.0069541029,-4.88638522073,-1.021966186866,2011,4.929126890643,-0.915936204433,,,,3.492606483698,13.368419214881,-0.04656214351,8.846490222324,79.214448137656,,11.100902615811,1.3094085967,1.3094085967,0.252389263273,,,,1.893471939831,5.147610789455,0.402957193395,0.872491081774,95.063463161796,34.967678669245,24.585159564319,0.389878151749,0.297521492833,5.806244415909,26.4887191392,73.5112808608,146.724379749014,34.4218613479,29.752149283293,-4041433.32594734,-19392094.1564156,1.032265292954,0.225496833871,1.716684273384,2.015645943722,0.103518095241,,,,,,,,,492826657.49,,,,,,,,,0
000582.SZ,000582,北部湾港,10005523,通用,2011-03-31 00:00:00,一季报,2011一季报,058001001,2011-04-27 00:00:00,2012-04-26 00:00:00,CNY,0.059,0.0,0.059,2.409,1.1860734747,0.053228970417,0.075,89106867.83,24345439.51,8454699.07,8724559.16,9.379348451452,5.402697103059,9.856860044405,1.886602967369,1.086330117639,2.079042608287,2.5,0.0,1.0667982454,9.538652931,27.3216196494,0.160875018605,0.306334780189,0.120288838235,15.0133066209,0.495564169592,0.485402086633,0.034173664754,55.707299172,2.257708338634,1.257708338634,804.724574220041,4.68584545496,19.152827179449,0.111839507433,19.206779409409,4.699045167419,,,,,,,,,,,,,,,,,,,,,,,,,5.357142857143,16.2213164267,0.0,118.83956031821,82.926829268293,-7.063197026,-5.697453500613,-6.053828438264,2011,1.984957316427,-3.520482384419,,,,9.379348451452,5.402697103059,,-34.399919920711,-11.606117523115,,-1.402400745212,0.626971798906,0.626971798906,0.096290203271,,,,1.033222961119,2.346478174179,0.192086790991,0.500091007626,87.106078152354,38.35535356364,23.83885171051,0.276777219409,0.116974329946,,20.0189897222,79.9810102778,149.517396579876,32.6030714881,11.697432994607,-34257897.8376502,-15552704.1495542,0.834235210263,0.095740788181,1.03876409935,1.261067355156,0.023048131987,,,,,,,,,432528569.62,,,,,,,,,1
000582.SZ,000582,北部湾港,10005523,通用,2010-12-31 00:00:00,年报,2010年报,058001001,2011-04-09 00:00:00,2012-04-12 00:00:00,CNY,0.281,0.265,0.281,2.349,1.1860734747,-0.006259798678,0.77190690617,405012104.94,102584495.89,39892865.25,37652310.56,87.539503536441,-10.567685483851,92.416793454653,23.912962542768,6.690790427431,15.086379204386,12.71,11.99,5.2753491243,9.8343038799,25.3287481136,0.06709894467,0.367384719432,0.270869492719,10.0835106731,0.555505782814,0.545673821546,0.303301110885,58.9494092184,2.436018534594,1.436018534595,671.111866400688,4.874952197755,17.36715733087,0.536423237352,73.846877958272,20.728780947939,,,,,,,,,,,,,,,,,,,,,,,,,-9.354838709677,13.5903281307,0.0,97.818529043899,67.441845156182,-22.5943970767,-21.563742460282,2.790896114107,2010,9.176350851499,-16.942049057243,,,,135.521644649507,35.420445341992,161.265852503233,44.509560277222,6.971813892185,-15.242000939918,-17.495361083941,2.849737334473,2.849737334473,0.419232235246,840.0,482157.267785714,47491.50625,9.266606687432,18.049225230733,0.901611142414,2.63873017131,38.849172317656,19.945454466767,22.242092111216,0.380005643584,0.264480927762,7.08543327287,24.5921080999,75.4078919001,142.511369236808,36.1228098502,26.448092776163,6417388.64149509,148115378.349206,1.056673676317,0.523795749579,2.556150635959,2.754333158989,0.23708509319,,,,,,,,,481644249.07,,,,,,,,,0
000582.SZ,000582,北部湾港,10005523,通用,2010-09-30 00:00:00,三季报,2010三季报,058001001,2010-10-25 00:00:00,2011-10-27 00:00:00,CNY,0.213,0.0,0.213,2.23,1.1860734747,-0.125584134119,0.36,269178630.77,78226077.57,30328064.12,29655930.8,70.056784055868,-19.219358068243,79.651531360169,12.271235424837,8.651766596685,13.290994151684,10.05,0.0,4.11073888,11.2980251638,29.0610281159,0.096550845421,0.36894476187,0.192590256298,14.8663069141,0.931890137466,0.910680430066,0.300633375392,59.4993472685,2.469096008476,1.469096008476,742.07262569444,5.862152963347,31.908277865632,0.363845789012,46.058163560075,8.461754066985,,,,,,,,,,,,,,,,,,,,,,,,,-19.318181818182,13.1979695431,0.0,67.689133534668,57.894736842105,,-28.00223375799,1.162359702656,2010,7.108989911173,-18.134102093008,,,,61.307904016724,49.92253540598,68.586945617086,0.298386396124,-33.099786761273,-23.171926230522,-13.016935196596,1.89398880772,1.89398880772,0.33359640717,,,,8.309527872936,15.505670339298,0.59832211418,2.018277157966,32.492820787012,17.4129846754,37.659626149037,0.675176390158,0.371721354801,,20.4282780321,79.5717219679,141.495817073075,37.519564937,37.17213548012,-23676741.8554733,-26234629.9809285,1.021484346969,0.349543831485,1.434695731518,1.704636460849,0.11170606044,,,,,,,,,468039874.93,,,,,,,,,1
000582.SZ,000582,北部湾港,10005523,通用,2010-06-30 00:00:00,中报,2010中报,058001001,2010-08-14 00:00:00,2011-08-18 00:00:00,CNY,0.15,0.14,0.15,2.167,1.1860734747,-0.188497571347,0.2,175182445.39,52038073.61,21386642.28,20221577.36,75.154042130282,-32.277246088374,85.326262587534,17.688200574895,-27.22208581424,29.633534534242,7.19,6.57,2.9824963898,12.2422437661,29.7050731848,0.034875318965,0.326676820572,0.165813015142,14.7356618248,1.110055503396,1.082579975249,0.205512118032,58.4475259433,2.406595570303,1.406595570304,738.845446875139,6.225267808987,31.150124660901,0.243623346075,28.914418708242,5.77846804658,,,,,,,,,,,,,,,,,,,,,,,,,-32.432432432432,12.8546985977,0.0,56.228358692972,100.0,-41.306122449,-39.095778997963,0.688677840349,2010,4.974691894766,-19.140670821534,,,,87.579546417427,-49.060323038793,116.25535183245,15.037765365591,66.622118614367,54.623638074411,-16.316308880886,1.232614899365,1.232614899365,0.231804147009,,,,10.967500357265,13.528681999397,0.404095497659,1.332471458055,16.412126203467,13.305065490343,37.271630974057,0.961550170339,0.599454331952,3.677207346938,21.056085145,78.943914855,142.329242846115,39.6086112076,59.945433195189,10532166.1926552,-12014076.3012027,0.977715715343,0.229860500646,1.158602379688,1.354433209386,0.067342187261,,,,,,,,,435516852.05,,,,,,,,,0
000582.SZ,000582,北部湾港,10005523,通用,2010-03-31 00:00:00,一季报,2010一季报,058001001,2010-04-24 00:00:00,2011-04-27 00:00:00,CNY,0.056,,0.056,2.073,1.1860734747,-0.282538283898,0.041,81465897.44,22574386.0,8021330.86,7941751.8,62.751943988923,50.151093203125,51.764399407921,14.544594048077,6.006169392919,13.842958692975,2.69,2.66,1.1312507297,9.8643810632,27.7102280947,0.197915945281,0.216562781169,0.071842022416,16.1304782303,1.081434929443,1.045328656979,0.043071897182,59.2970402582,2.456823794494,1.456823794497,784.790031432403,7.290115829977,29.32520846664,0.114680355758,12.34548285638,3.069031891193,,,,,,,,,,,,,,,,,,,,,,,,,47.368421052632,19.1207613105,0.0,54.077519628659,1950.0,25.7009345794,32.399322729278,-1.44787304867,2010,2.05738727295,11.700367930797,,,,62.751943988923,50.151093203125,,41.253709846983,13.567671981138,159.481334903356,-20.78567476939,0.573208569792,0.573208569792,0.09498619048,,,,3.76160359672,7.112838438267,0.188118016963,0.64401700757,23.925966063642,12.653176475344,36.615618903014,0.854262935268,0.545989338214,,20.1920434709,79.8079565291,139.404617703422,40.555329342,54.59893382143,-14100056.0724758,-26827514.6639581,1.063490899414,0.11904992044,0.616026434423,0.728297314913,0.013597522884,,,,,,,,,431532521.67,,,,,,,,,1
000582.SZ,000582,北部湾港,10005523,通用,2009-12-31 00:00:00,年报,2009年报,058001001,2011-04-09 00:00:00,2011-04-09 00:00:00,CNY,0.31,0.138,0.31,2.02,1.1860734747,-0.286953106595,0.461,215960956.12,66299552.75,44606768.22,19568100.0,9.193904219947,142.079079191456,67.118736709055,3.306280130883,1.987032805088,23.08456126366,16.42,7.2,6.7256512355,20.7070237896,30.6997866379,0.031062203143,0.593667637491,0.303066890728,0.1370599507,0.856525397045,0.819093686391,0.528639699754,57.3488620558,2.344603328775,1.344603328777,1108.37275130446,9.174282748141,45.812052927301,0.324800478518,39.240124801357,7.858194012202,,,,,,,,,,,,,,,,,,,,,,,,,138.461538461538,17.9019384265,0.0,56.045346331671,49.190938511327,114.0808344198,133.575211131324,-7.155487304401,2009,11.048130549022,42.215966111388,,,,13.616076027836,14.031126782654,602.252422392709,-1.025936221757,18.427357960549,-45.308228988791,-4.234210235052,1.519539766681,1.519539766681,0.416055467361,835.0,258635.875592814,53421.2793053892,32.950901272676,13.809493379984,0.493998143962,1.727945685024,10.925346078425,26.069022960813,54.986306566059,0.775885229642,0.495878551314,4.501120252619,15.3024488853,84.6975511147,140.537506443395,40.1309479231,49.587855131435,118054742.94691,-87267693.6166403,1.040038337463,0.324109172665,1.62533242817,1.463594642126,0.150221988448,,,,,,,,,397427644.31,,,,,,,,,0
000582.SZ,000582,北部湾港,10005523,通用,2009-09-30 00:00:00,三季报,2009三季报,058001001,2010-10-25 00:00:00,2010-10-25 00:00:00,CNY,0.264,0.0,0.264,1.97,1.1860734747,-0.388674609682,0.228,158287499.24,52883828.32,37543727.55,16507474.54,7.667013839083,206.916130181174,34.005358803618,0.518143426682,-4.395632912163,-13.033465748019,,5.91,5.7095366906,23.7960121177,33.4099840947,0.020203961307,0.472454689783,0.204659531015,0.2333916103,0.530222294045,0.511834040382,0.168627866722,58.8156973042,2.428109581911,1.428109581913,1125.29678324638,8.358614520823,47.729668408273,0.239936702939,32.302004037555,5.65685890986,,,,,,,,,,,,,,,,,,,,,,,,,206.976744186047,18.6746987952,0.0,44.189686609516,-5.0,,198.909833557507,-5.949478403868,2009,8.683701141652,37.799637604401,,,,1.884108553465,-25.215666400957,-29.861957354318,16.633626487603,-77.269092723196,-1.448584510425,-4.814528015287,1.113739047951,1.113739047951,0.322881764224,,,,17.276124224257,10.322141885443,0.360812163291,1.288055125877,15.628505357753,26.15736181468,56.087937278906,0.467755315715,0.236263833386,,14.9223983955,85.0776016045,138.099711051882,40.3074694866,23.626383338603,59762798.6203085,-49848090.2263033,0.936047005742,0.2170579394,0.86928919392,0.860058105545,0.073835014596,,,,,,,,,401478091.19,,,,,,,,,1
000582.SZ,000582,北部湾港,10005523,通用,2009-06-30 00:00:00,中报,2009中报,058001001,2010-08-14 00:00:00,2010-08-14 00:00:00,CNY,0.222,0.08,0.222,1.92,1.1860734747,-0.430638572643,0.1,100016216.16,35502604.88,31579699.65,10911339.32,11.34924515766,641.725479758087,151.426457322296,0.10929728662,100.636598234967,14.119419576272,12.25,3.99,4.8970273993,31.6436765308,35.4968486542,0.016488185349,0.44224175187,0.138534157479,0.1859015672,0.268092790019,0.2586339197,0.046867759983,58.0477638568,2.383663165383,1.383663165382,1163.12638487541,8.07727041257,63.565679658688,0.154755323532,22.284755964079,2.831716752916,,,,,,,,,,,,,,,,,,,,,,,,,640.0,20.0,0.0,42.774873551518,-33.333333333333,548.1481481481,639.411058053971,-11.281385008201,2009,6.152279452858,573.623038354471,,,,0.456548032746,697.339267834922,66.199468114663,-0.188371797598,391.13961364185,,7.355417201248,0.703731917559,0.703731917559,0.223101400636,,,,15.1398160735,6.151400918631,0.228674702978,0.896307877296,11.889180101406,29.26162712868,71.643310177707,0.242437862454,0.062439274694,1.846070229826,12.0861987951,87.9138012049,138.365903274831,38.9072461017,6.243927469389,85053253.7015552,85187047.4700074,0.856392611004,0.130615536849,0.442939133747,0.437794127192,0.031771742802,,,,,,,,,380657145.21,,,,,,,,,0
000582.SZ,000582,北部湾港,10005523,通用,2009-03-31 00:00:00,一季报,2009一季报,058001001,2010-04-24 00:00:00,2010-04-24 00:00:00,CNY,0.038,0.0,0.038,1.74,1.1860734747,-0.615250486501,0.002,50055253.07,17509995.52,5342172.8,5232947.8,24.862862069519,452.468530943928,466.850808177755,5.039537132103,23.744075535274,36.807033133093,2.14,2.09,0.8544233508,10.7671330569,34.9813345175,0.018697634566,0.370842312475,0.006931518047,,0.457315089448,0.449349575772,0.001186606871,60.1681994012,2.510556853988,1.510556853986,1134.14734539313,7.359587821114,59.568612118095,0.079354768466,12.228945721905,1.510862798374,,,,,,,,,,,,,,,,,,,,,,,,,442.857142857143,10.1302087292,0.0,20.68320876869,-96.666666666667,,434.874363001465,-6.115237810552,2009,1.84188047995,47.763518237125,,,,24.862862069519,452.468530943928,,-1.391701728116,-13.751879351468,,20.61801818023,0.352197679329,0.352197679329,0.063670774296,,,,8.87323448143,2.836971728119,0.114258339016,0.360584838111,10.142862807057,31.723967887291,66.926760747459,0.437032998712,0.047292309679,,21.4033037115,78.5966962885,155.700457838734,37.6375291614,4.729230967933,7778455.09999996,-3229976.31000002,0.760570041605,0.060937270554,0.06765846686,0.064376635919,0.000792993957,,,,,,,,,375900491.35,,,,,,,,,1
000582.SZ,000582,北部湾港,10005523,通用,2008-12-31 00:00:00,年报,2008年报,058001001,2010-04-10 00:00:00,2010-04-10 00:00:00,CNY,0.13,0.082,0.13,1.7,1.1860734747,-0.652838966177,0.309,197777483.7,63401832.39,18426527.55,11709100.0,7.441257539386,952.80970186701,131.866959505983,1.023324050556,-7.550120720377,194.313013932599,7.67,4.88,2.8794370785,9.2678884912,32.0571539307,0.005866451875,0.487722370138,0.221855483036,0.297021514,0.462976831935,0.453346561405,0.141154625927,61.7687145861,2.61565884896,1.615658848958,1158.71254203967,8.006095096188,45.406636190306,0.31068965506,44.965741185291,7.928356518003,,,,,,,,,,,,,,,,,,,,,,,,,1200.0,11.7197452229,0.0,16.569172270599,-3.4375,1137.0967741935,1305.23096669801,-4.187685418704,2008,7.768558517803,133.847618886814,,,,4.108845457987,-19.546452752838,97.536236920194,-11.24597318878,-22.332513105341,-107.637541595673,61.895733683135,1.391597614845,1.391597614845,0.265170941451,962.0,205589.89989605,19154.3945426195,42.32756949919,11.95625475788,0.454422643826,1.478055385384,8.505095006858,30.10976324026,53.412489594313,0.441333444649,0.072569297028,2.257712330734,22.5997400351,77.4002599649,151.793579950557,40.0655649031,7.256929702802,16309056.3089371,19840378.2875558,0.849918290673,0.263964977529,2.634609760495,2.393808290285,0.100030479457,,,,,,,,,393347394.01,,,,,,,,,0
000582.SZ,000582,北部湾港,10005523,通用,2008-09-30 00:00:00,三季报,2008三季报,058001001,2009-10-24 00:00:00,2009-10-24 00:00:00,CNY,0.086,0.087,0.086,1.66,1.1860734747,-0.696420761809,0.24,147015779.11,51602358.42,12232569.05,12318518.22,8.641975401243,305.638574522625,202.568824905695,-6.569432264325,16.591846842402,17.979412441871,,5.22,1.9101200595,8.2652931363,35.0998775318,0.035607886525,0.508004034683,0.235973498967,0.6021343141,0.44498620426,0.43636513745,0.117495083584,62.5362797633,2.669249059308,1.669249059307,1168.31878484535,7.822528362388,51.694862726696,0.231101308566,34.515694605621,5.222956126752,,,,,,,,,,,,,,,,,,,,,,,,,345.714285714286,5.9349074665,-3.917305911666,16.761938043046,63.265306122449,,354.224470921556,-9.466450466584,2008,6.30168648671,435.724304494622,,,,-19.399252017985,55.197495159328,51.766226556068,14.999401455594,142.353499631134,133.527943160001,53.443644311655,1.034429216748,1.034429216748,0.207274099084,,,,40.332084485523,9.870530244051,0.343551445549,1.152661237425,6.694422156557,27.354153558542,59.516955629197,0.429197413328,0.032856843134,,20.659667183,79.340332817,149.866960639482,35.2396674576,3.285684313394,4574972.12796729,-15567943.5878533,0.877250091798,0.202794727135,2.737979043882,2.854992497872,0.081810841609,,,,,,,,,397706560.63,,,,,,,,,1
000582.SZ,000582,北部湾港,10005523,通用,2008-06-30 00:00:00,中报,2008中报,058001001,2009-08-08 00:00:00,2009-08-08 00:00:00,CNY,0.03,0.031,0.03,1.6,1.1860734747,-0.752534069157,0.15,89822087.27,29699489.05,4257599.41,4339773.72,39.55745394271,138.40113294542,125.132958254526,8.055859639309,88.592243402831,48.699507090787,1.89,1.91,0.6622875525,4.8031717934,33.0647950328,0.082084986601,0.534699144495,0.241274556389,-0.1935319784,0.475486940711,0.466679697078,0.064429860615,65.4290690428,2.892603619029,1.892603619031,1305.4313334694,8.900289785247,50.206487491697,0.137885460066,20.224060602876,3.585194045486,,,,,,,,,,,,,,,,,,,,,,,,,138.461538461538,4.5068582626,-3.917305911666,13.781051481867,500.0,160.7717041801,148.944737226728,-8.435910661038,2008,0.913311912236,148.656139434445,,,,45.795274982238,169.425136905786,131.194484972279,24.061256426094,240.305804295667,,40.272127027721,0.632004210322,0.632004210322,0.030297612395,,,,21.500670432884,6.190787625925,0.209795991649,0.633357766368,8.371831965049,29.07546032531,59.106676552997,0.457827367195,0.106198099485,1.73205102301,23.9961676477,76.0038323523,143.591934220194,36.6254156684,10.619809948531,29846034.5687336,-8678182.51999967,0.907138559863,0.122251047184,4.940935739329,5.023233953869,0.051056021378,,,,,,,,,436088790.99,,,,,,,,,0
000582.SZ,000582,北部湾港,10005523,通用,2008-03-31 00:00:00,一季报,2008一季报,058001001,2009-04-25 00:00:00,2009-04-25 00:00:00,CNY,0.007,0.0,0.007,1.58,1.1860734747,-0.775687564953,0.06,40088183.34,11626274.19,966964.18,923161.39,32.523207565212,115.234166773587,114.619370442518,5.344561066299,417.906690740919,19.698084190376,,0.41,0.1597428125,2.5278623164,29.0017486983,0.154352818573,0.527624813043,0.21125515562,,0.406012860609,0.400984551547,0.027699770414,64.0872895644,2.784529454532,1.784529454529,1424.21186257302,7.147283737289,50.67067676956,0.063192845366,12.592196323541,1.776175210947,,,,,,,,,,,,,,,,,,,,,,,,,120.588235294118,-16.4021164021,-15.012816644165,-22.536736238614,2500.0,,122.063032708909,7.532009726131,2008,1.246505566411,518.228755018503,,,,32.523207565212,115.234166773587,,-17.781829476671,-87.440067875504,,57.31601066925,0.2820676008,0.2820676008,0.041286031345,,,,11.358988887444,3.236443574197,0.093393945453,0.323507258476,7.923240430272,27.808301901982,57.817251248564,0.393146723968,0.045651866809,,19.6284900269,80.3715099731,146.033665454072,38.5999128014,4.565186680903,-1029970.11999994,-4859370.62999998,0.913330492666,0.057895380382,8.010802780806,8.357067323056,0.019848893006,,,,,,,,,405296007.91,,,,,,,,,1
000582.SZ,000582,北部湾港,10005523,通用,2007-12-31 00:00:00,年报,2007年报,058001001,2009-04-21 00:00:00,2009-04-21 00:00:00,CNY,0.01,-0.26,0.01,1.57,1.1860734747,-0.782491297215,0.32,184079643.36,36449814.51,1750223.95,-36743700.0,29.642881174541,102.354437134623,50.009253560808,5.424693180895,102.204221528965,56.559756707693,0.62,-13.06,0.2049084561,0.8468563235,19.8011109999,0.035334935473,0.420845485117,0.246434870429,17.4961036257,0.396299070569,0.386741820453,0.145329879365,64.4684504868,2.814400198417,1.81440019842,1487.82672171893,5.976305648206,59.750390676769,0.24196366065,60.23788293158,6.025065207481,,,,,,,,,,,,,,,,,,,,,,,,,102.564102564103,-18.2717334721,-15.012816644165,-30.557397706522,300.0,103.317281969,102.239232596669,9.777590816014,2007,3.322060132484,134.271200564969,,,,24.109972183645,110.481020062327,65.919558152794,-31.286905392808,49.823094615584,-570.467666977046,1070.2317137195,1.295217169564,1.295217169564,0.135124293841,1120.0,164356.824428571,1562.69995535714,5.890541757927,16.299443972911,0.405243380033,0.89730639386,61.114921987529,22.086642992136,65.726349597215,0.378364128742,0.032649970209,2.501103110161,19.4394390085,80.5605609915,145.174552805501,38.3644755624,3.264997020897,24112028.3698058,93259013.0916828,1.160221253049,0.335624953836,-1.739114739836,29.099962248782,0.105054730897,,,,,,,,,410241479.33,,,,,,,,,0
000582.SZ,000582,北部湾港,10005523,通用,2007-09-30 00:00:00,三季报,2007三季报,058001001,2008-10-24 00:00:00,2008-10-24 00:00:00,CNY,-0.035,-0.084,-0.035,1.567,1.234429868931,-0.836661432806,0.147,135321342.02,30954442.94,-5948577.05,-12010002.29,31.759343497499,-574.011132477906,-1196.25716446379,14.019046109488,4.271801385765,4.234124205857,,-5.39,-0.751351769,-4.4805247491,22.8747679249,0.041350383439,0.633327913622,0.154186168039,,0.458474338249,0.456988237696,0.055159711345,69.0752545168,3.233656362809,2.233656362808,1610.08695539498,3.208518779918,61.643673130781,0.167692806339,84.150980100197,4.380011545178,,,,,,,,,,,,,,,,,,,,,,,,,-600.0,-32.223183391,-11.547876376466,-296.46945353204,548.744578341268,,-567.83349514773,44.857712689729,2007,1.17629281215,2.384699696643,,,,43.379204975644,222.112163245467,246.441885068753,108.017540504118,208.412992582223,148.000033201199,24.622216781227,0.952145073695,0.952145073695,0.051740323807,,,,1.88973112711,12.034223650775,0.299065577079,0.588335429439,142.877468718504,22.43601314345,64.852353637614,0.290574534072,0.069405525263,,23.7983225458,76.2016774542,136.468159470212,37.9842518263,6.94055252634,55535808.58,102779329.98,1.173352676007,0.217889575033,-3.864973903708,,0.048717232742,,,,,,,,,503362556.04,,,,,,,,,1
000582.SZ,000582,北部湾港,10005523,通用,2007-06-30 00:00:00,中报,2007中报,058001001,2008-08-15 00:00:00,2008-08-15 00:00:00,CNY,-0.078,-0.1,-0.078,1.531,1.234429868931,-0.872817497883,0.025,64362085.1,15171361.53,-11087171.35,-17267261.88,20.952277880317,-347.452234768211,-606.512104440799,0.926089102022,-2.071751032215,-9.887337954629,-3.11,-7.97,-1.3531333296,-17.4150618685,23.5718925302,0.066705178263,0.519796373564,0.056287331033,,0.499496981791,0.495543920114,0.008466389147,71.4571285699,3.503501749811,2.503501749817,2316.63138263388,6.604633772823,86.022305063577,0.077699025123,27.253592885147,2.092480547539,,,,,,,,,,,,,,,,,,,,,,,,,-500.0,-33.5503472222,-11.547876376466,-297.652965899512,-28.571428571429,-445.6140350877,-336.881614299503,43.832722828392,2007,-1.87707434838,-391.964407703825,,,,4.296305619083,-55.085774477574,-264.423777010731,12.767684948357,25.325672980737,,27.607601247707,0.45286309865,0.45286309865,-0.075892728651,,,,0.832807657037,3.675305737987,0.141952987847,0.257280126259,216.136341301637,48.97551736705,92.626137424954,0.33049861545,0.086994105486,0.391439404945,27.7038359378,72.2961640622,132.317472203109,39.9271485012,8.699410548566,31398349.6000001,89065294.6800001,1.379789258102,0.115108492947,-0.337853467757,,0.008422524706,,,,,,,,,551291196.54,,,,,,,,,0
000582.SZ,000582,北部湾港,10005523,通用,2007-03-31 00:00:00,一季报,2007一季报,058001001,2008-04-21 00:00:00,2008-04-21 00:00:00,CNY,-0.034,0.0,-0.034,1.89,1.395590991331,-0.633024502499,-0.0025,30249934.39,5576679.65,-6347338.81,-6314645.31,47.51868030784,-1197.35712868555,-1224.70994746143,6.86253700484,-9.31667341886,-9.355099382092,,0.0,-0.7240292602,-21.2256877559,18.435344613,0.14476435233,1.323829060708,-0.015720980213,,0.704220058933,0.703732925578,-0.001168555174,59.5983370232,2.475145640847,1.47514564085,2638.44571364528,3.860300144982,90.066188255991,0.034110991761,23.314249312192,0.999265115386,,,,,,,,,,,,,,,,,,,,,,,,,-1233.33333333333,-18.5344827586,0.0,-211.410981785522,89.048838353774,,-1077.48596557663,23.122270802777,2007,-0.298043965522,-161.191515583306,,,,47.51868030784,-1197.35712868555,,-23.001449752721,91.358838160644,,-39.265177027264,0.160501116825,0.160501116825,-0.010726713492,,,,0.819984296198,3.146225099326,0.063732685961,0.105550615723,109.758199537804,28.605709114481,93.923352440849,0.672598655915,0.27583866443,,32.2587463538,67.7412536462,159.858507303487,37.3330539219,27.583866443017,-10210836.4499999,3471112.74000008,2.508262583706,0.085404685105,0.07444488432,,-0.001006269561,,,,,,,,,529480393.31,,,,,,,,,1
000582.SZ,000582,北部湾港,10005523,通用,2006-12-31 00:00:00,年报,2006年报,058001001,2008-04-16 00:00:00,2008-04-16 00:00:00,CNY,-0.39,-0.39,-0.39,1.921,1.395590991331,-0.599346579329,-0.16,141989781.23,-2897818.51000002,-74337255.57,-73501002.92,49.742789807359,-1829.53636428267,-1642.10437660077,22.228740333237,-2442.66106130924,-3229.40699323382,-18.69,-20.18,-9.1508339243,-52.4206526239,-2.0408641276,0.006337847993,0.02386321678,-0.217752168094,,0.718427074953,0.713618201649,-0.077506506791,58.7264213102,2.422857507743,1.422857507743,2062.26395329368,4.775386544063,78.674221267407,0.174565433016,75.386567491078,4.575831755314,,,,,,,,,,,,,,,,,,,,,,,,,-2050.0,-17.1982758621,0.0,-190.458166451115,-144.444444444444,-1987.8787878788,-1736.50668749349,43.728248243992,2006,-9.693445451923,-532.450151786438,,,,191.791498236942,-3498.89068696176,-5564.94018265004,-20.618555440353,-4704.49849573528,-4882.49977339391,-107.174140838944,0.753374145257,0.753374145257,-0.331538530645,1360.0,104404.250904412,-54659.7467426471,5.5987885463,19.625532452638,0.298021350225,0.590658317367,64.299624288883,18.343451362086,83.45015173859,0.594522116263,0.238072072117,-2.392345988252,32.375843267,67.624156733,162.157631762172,33.9664739743,23.80720721168,7524047.43999994,54396482.6899999,0.86972118909,0.139506397764,0.429168867149,,-0.064862384216,,,,,,,,,519848209.72,,,,,,,,,0
000582.SZ,000582,北部湾港,10005523,通用,2006-09-30 00:00:00,三季报,2006三季报,058001001,2007-10-24 00:00:00,2007-10-24 00:00:00,CNY,-0.005,0.0,-0.005,2.312,1.395590991331,-0.211027968322,0.022659148902,102703412.47,18851508.07,-882563.62,-926513.86,26.235472015367,-113.92245012234,-115.320873034678,30.181260008282,70.670663432924,76.85929956756,,0.0,-0.1125058528,-0.865309466,18.3552889009,0.10864503079,0.370442509407,0.041581973542,,1.026416776526,1.022479653137,0.015277001027,47.6848993638,1.911493981354,0.911493981355,2076.63468094317,4.872003717425,79.622961953079,0.130018053959,55.418676926355,3.390981613559,,,,,,,,,,,,,,,,,,,,,,,,,,-0.6872852234,0.0,-7.933955263909,-93.987095358333,,-113.078918835425,10.02190271487,2006,1.148895113855,-37.58603262543,,,,119.389176756433,129.274988561277,126.096764942566,51.315255111318,152.197075542388,150.491450802347,-38.919421769398,0.544927211763,0.544927211763,0.040382267161,,,,5.832322560652,13.598363058935,0.218318147508,0.426932418702,46.293735847459,19.855331029906,84.494531916033,0.922818862718,0.314439473855,,34.2293584447,65.7706415553,199.266009098155,29.4840241559,17.134985478642,-77899647.92,-14507397.14,1.160541005634,0.142189824311,-5.719428227876,,0.009190898401,,,,,,,,,399721691.73,,,,,,,,,1
000582.SZ,000582,北部湾港,10005523,通用,2006-06-30 00:00:00,中报,2006中报,058001001,2007-08-29 00:00:00,2007-08-29 00:00:00,CNY,-0.013,0.0,-0.013,2.304,1.395590991331,-0.219492264042,0.035,53212792.87,9829557.34999999,-2477844.67,-2444015.01,-9.502408453039,-121.019280704424,-120.60321817695,4.093610782578,-1349.49633464663,-816.288274429301,-0.57,0.0,-0.3097254005,-4.6851946412,18.4721696041,0.193734259263,0.510256241508,0.122588781347,,1.013070968667,1.007550545191,0.020849110776,49.6807174089,1.987309731989,0.987309731991,2722.84750966542,7.577768210682,93.839616668869,0.066107264311,23.753695678664,1.918166403377,,,,,,,,,,,,,,,,,,,,,,,,,-120.634920634921,-2.3728813559,0.0,-31.745869198331,-91.254085897325,-121.1111111111,-119.391933861945,20.166880273229,2006,-0.381546778382,-120.284126790279,,,,12.019029055871,-139.641872955506,-138.206110855415,59.500760513114,-628.381183641272,,-51.471136516441,0.282338221792,0.282338221792,-0.01294681008,,,,1.455302323163,7.889243177525,0.112422915829,0.208202629135,123.685640526426,22.81587675137,101.415739931896,0.824503014233,0.318813781325,1.153402873942,36.5040848173,63.4959151827,191.548114731571,28.5342313127,29.484300943884,-20847723.4,-7704343.08,0.950047686155,0.058221556061,-2.70190122717,,0.013866059265,,,,,,,,,431385465.16,,,,,,,,,0
000582.SZ,000582,北部湾港,10005523,通用,2006-03-31 00:00:00,一季报,2006一季报,058001001,2007-04-30 00:00:00,2007-04-30 00:00:00,CNY,0.003,0.0,0.003,2.32,1.395590991331,-0.203276229653,-0.022828628421,20505833.11,6224305.62,578420.52,561446.56,-30.729502244116,-85.818674228661,-85.949277097577,-9.593420164662,-81.438887643986,-72.056388142317,,0.0,0.074070553,2.8796450592,30.3538295012,0.034795557253,0.227688948064,-0.209820916171,7.5418034612,1.027931929254,1.024740697433,-0.014531199479,48.4058136961,1.93820287059,0.93820287059,3498.93506565906,9.044457519718,104.032125615481,0.025722112103,9.95084556523,0.865117380497,,,,,,,,,,,,,,,,,,,,,,,,,,0.0,0.0,2.039845670467,-114.362513475867,,-86.863507324263,20.606567550096,2006,0.487067467901,-55.609457299533,,,,-30.729502244116,-85.818674228661,,52.302896771048,128.339540570023,,-23.569382642905,0.108800537322,0.108800537322,0.016923982421,,,,0.400275261886,2.51063092373,0.043227649557,0.082261253465,224.845271666385,35.847562917089,113.078714632366,0.791786243777,0.272679199714,,35.6881072062,64.3118927938,196.349163985092,26.7119514065,24.734912151501,-15186600.2412191,3151803.67049456,0.715504364114,0.017203789948,-6.562412784086,-7.286346471803,-0.009105289327,,,,,,,,,412822252.45,,,,,,,,,1
000582.SZ,000582,北部湾港,10005523,通用,2005-12-31 00:00:00,年报,2005年报,058001001,2007-04-27 00:00:00,2007-04-27 00:00:00,CNY,0.02,0.0,,2.32,1.395590991331,-0.206345232655,0.36,94822449.49,26974621.77,4298103.07,4766279.38,-8.384632494677,109.562166561657,112.094530690403,1.077791780718,121.319640573428,131.478431796694,0.99,0.0,0.5591687461,4.3126302811,28.447505749,0.006322624159,0.634508910217,0.725426352092,5.9486146443,1.03760944952,1.027321021935,0.367540560156,40.8593453463,1.690884224829,0.69088422483,2776.52660680386,9.153622898039,80.015068195428,0.129658400938,39.328690291264,4.499152573622,,,,,,,,,,,,,,,,,,,,,,,,,108.333333333333,1.3100436681,0.0,9.951994058799,1900.0,110.020242915,109.672212556423,2.772449278014,2005,2.241517412326,145.376461202776,,,,8.119414687858,92.297810118472,93.953805529201,-40.315499673895,62.54494717458,77.968386531885,282.270152385689,0.503112133964,0.503112133964,0.0747798659,1230.0,77091.4223495935,3494.3927398374,2.518695027998,11.134922372422,0.201618539124,0.47908813128,142.93115919084,32.33071484105,89.16784538943,0.998358188704,0.254292478168,6.490835490937,26.1864744902,73.8135255098,230.678026588635,24.7553171328,25.429247816796,-13117300.7666688,7697848.12275563,1.073932078402,0.137319392885,12.700264793547,16.820972464744,0.144448105964,,,,,,,,,303003408.78,,,,,,,,,0
000582.SZ,000582,北部湾港,10005523,通用,2005-09-30 00:00:00,三季报,2005三季报,058001001,2006-10-27 00:00:00,2006-10-27 00:00:00,CNY,,0.0,,2.328,1.395590991331,-0.195515829848,0.376841979914,81358599.79,24449025.32,6339140.11,6047395.98,-10.641917520479,134.359204934037,133.191445617711,-15.816363069976,16.281173024121,17.555962965086,,0.0,0.8602075922,7.9248998958,30.0509416129,0.02398030282,1.307321753134,0.872975769658,4.7421785648,1.042693234516,1.038556158901,0.336486162205,43.3412785883,1.764953347136,0.764953347135,2487.44953110417,5.688527666301,77.631832751582,0.108544915836,47.463951278553,3.47795473107,,,,,,,,,,,,,,,,,,,,,,,,,,-4.3824701195,0.0,-120.800477817727,440.420581118556,,137.747351931718,5.820305238262,2005,1.840766037128,241.362108358807,,,,-43.861726668536,41.842899875057,35.669994730548,-22.739178798554,-170.681149301534,-173.920348780806,214.196830562111,0.43167518849,0.43167518849,0.063901064616,,,,2.248660117987,10.788716223493,0.176528906855,0.385823456519,120.071502954255,25.026147171437,83.319344138742,1.028324656815,0.240413223916,,28.2887272558,71.7112727442,218.018140243494,28.3487632561,20.488096508595,-11870020.3344103,11973861.98653,1.616003622965,0.16899124369,9.286652551636,11.015606268018,0.155294590088,,,,,,,,,337196697.6,,,,,,,,,1
000582.SZ,000582,北部湾港,10005523,通用,2005-06-30 00:00:00,中报,2005中报,058001001,2006-08-25 00:00:00,2006-08-25 00:00:00,CNY,0.063,0.0,,2.36,1.395590991331,-0.166602767417,0.400186871139,58800230.99,22381893.2,11788437.03,11862297.38,15.602267855621,229.833570502836,229.210927861282,-1.765441456933,26.325998126472,32.407709884743,2.7,0.0,1.5971867618,20.123945775,38.0642946859,0.157694557213,1.66070241538,1.282715027987,1.4531778879,1.111413039555,1.104066304115,0.399508215462,41.343103271,1.704829364943,0.704829364943,2267.93154448665,7.195832273047,70.381630349435,0.07936747493,25.014479655706,2.557485513,,,,,,,,,,,,,,,,,,,,,,,,,231.25,-4.8387096774,0.0,-329.021506840205,743.334483778985,240.625,245.725592663567,-2.542259835141,2005,1.881011602456,246.612719118905,,,,-6.418843656943,961.242178675769,937.616984537901,-1.367676846451,89.020980544311,,248.100688512215,0.311984238438,0.311984238438,0.063709349144,,,,1.454225823939,9.752595261754,0.127193138391,0.285799719219,123.777199549667,18.456625664134,77.57705809223,1.096947717635,0.461064083414,22.93624441208,27.5851604507,72.4148395493,228.187307082055,26.2502309413,42.133781588773,41026783.2514926,5646472.38999408,2.021989056645,0.156305535647,6.048400058499,6.374073168002,0.163903454431,,,,,,,,,314475304.37,,,,,,,,,0
000582.SZ,000582,北部湾港,10005523,通用,2005-03-31 00:00:00,一季报,2005一季报,058001001,2006-04-20 00:00:00,2006-04-20 00:00:00,CNY,,0.0,,2.32,1.395590991331,-0.207509094942,0.15894591472,29602549.1,11756423.79,4078747.85,3995855.33,50.542859269136,149.835210404785,148.485018376815,9.602535351326,27.282484819335,31.052341540377,,0.0,0.5638533422,13.8422975202,39.7142278197,0.037135474593,0.854854143287,1.011967670379,1.7914732242,1.173603480901,1.166240949366,0.176747240919,40.1353049667,1.670433632784,0.670433632783,2209.45179113852,6.991388112695,71.021775896639,0.040734086329,12.872980093406,1.267216974847,,,,,,,,,,,,,,,,,,,,,,,,,,-6.793620184,0.0,-508.825523497888,1568.54108713115,,156.522980400598,-3.097089352793,2005,1.097232514565,259.796627006434,,,,50.542859269136,149.835210404785,,137.718806528313,115.391827685584,,823.622539033563,0.157066198232,0.157066198232,0.036186590355,,,,0.439243067872,4.595391018171,0.064093486191,0.147803479134,204.89794053228,19.584840472579,78.014104574055,0.974319745261,0.256675397714,,27.1598941989,72.8401058011,234.444073609016,24.4125308787,21.242490017665,21268899.7210516,12479369.6062949,1.191963555598,0.048178765389,6.723712672476,7.310691515613,0.06521972509,,,,,,,,,293942908.9,,,,,,,,,1
000582.SZ,000582,北部湾港,10005523,通用,2004-12-31 00:00:00,年报,2004年报,058001001,2006-03-31 00:00:00,2006-03-31 00:00:00,CNY,-0.24,0.0,,2.29,1.395590991331,-0.229150252133,-0.02,103500593.92,7702232.89,-44949050.43,-39408551.7,-24.622187886687,-677.522689874701,-275.341933257207,-33.481645836511,-5193.09454303632,-127.771592741639,-9.88,0.0,-5.7811875291,-43.3569913084,7.4417282049,0.009273267753,0.0335505182,-0.034986347159,,1.234062302288,1.224731069629,-0.022160238234,39.7570999167,1.659946647019,0.659946647019,2699.88074119863,9.3238739953,78.979695273225,0.133339222917,38.61056039383,4.558133565274,,,,,,,,,,,,,,,,,,,,,,,,,-685.365853658536,-9.5933675484,0.0,-2552.92254520772,-107.09219858156,-702.4390243902,-717.365062783142,-5.844915044452,2004,-4.939824201604,-258.740703494375,,,,-80.708116302974,-250.561476673732,-2408.25604580291,-69.010331746321,-182.812718312369,-134.410887268582,-49.356110323102,0.549156923847,0.549156923847,-0.172043806076,1345.0,76952.1144386617,-33419.3683494424,3.315028817383,17.512214017168,0.210319150348,0.462621216779,108.596341037005,20.557080883495,88.304141300759,0.91719685115,0.208874190613,-0.287166827533,27.9656259191,72.0343740809,236.371230054118,24.6722940137,16.297613950059,-26170549.85,-41577187.63,1.007122637389,0.144559167937,0.082284346528,,-0.007797241205,,,,,,,,,286677928.2,,,,,,,,,0
000582.SZ,000582,北部湾港,10005523,通用,2004-09-30 00:00:00,三季报,2004三季报,058001001,2005-10-25 00:00:00,2005-10-25 00:00:00,CNY,,0.0,,2.4347,1.395590991331,-0.08854864436,0.069731241385,91047835.33,8708150.17,-18449612.33,-18219742.67,25.134656275801,-87.929002850453,-59.579700423576,12.314726491803,-114.891328715939,-36.441774226197,,0.0,-2.2788554645,-20.1953298542,9.5643681571,0.077474075297,0.470273841161,0.144345799462,,1.08775393188,1.048027616951,0.065777035112,40.9574310816,1.693693242552,0.693693242551,2392.75335610422,18.649717728651,85.454825298157,0.1128407152,14.477430914957,3.159564121253,,,,,,,,,,,,,,,,,,,,,,,,,,-0.176301763,0.0,-7.469321419337,958.580291677427,,-97.920100341874,-8.894089383699,2004,-1.302163683393,-685.758311246498,,,,73.780565011504,-232.49223071974,-104.594208855733,28.791937460486,-946.709462558858,-862.489267371014,-31.543987286496,0.483084659509,0.483084659509,-0.045218091513,,,,18.234202866164,9.183735207484,0.178262530979,0.393180228895,14.807337725798,29.399802357103,104.103612471496,1.038654802269,0.189988856399,,27.7789423926,72.2210576074,230.533864265639,25.3131319891,18.998885639937,-976429.529999983,-8313418.12000001,0.948758694009,0.1104106477,-1.279510457483,,0.026196334628,,,,,,,,,320440311.35,,,,,,,,,1
000582.SZ,000582,北部湾港,10005523,通用,2004-06-30 00:00:00,中报,2004中报,058001001,2005-07-30 00:00:00,2005-07-30 00:00:00,CNY,-0.048,0.0,,2.48,1.395590991331,-0.038833197115,0.047452923939,50864253.86,5561930.82,-9079652.5,-9180568.22,2.4730477622,-29.723550990199,-31.165362287397,4.108250559976,188.710686929283,,-1.92,0.0,-1.0960235142,-17.7756784065,10.9348518811,0.418805909522,0.61471354433,0.17583149877,,1.059658400432,1.028416443479,0.039273765623,42.4215698015,1.73676148612,0.73676148612,2919.30060956784,20.963208808553,104.662464839314,0.061658603917,8.586471739315,1.719814264611,,,,,,,,,,,,,,,,,,,,,,,,,,1.2244897959,0.0,42.419846184791,50.255083613078,,-33.37111619487,-5.16008441161,2004,-1.282979821778,-36.409443370536,,,,21.244024628212,80.6347622504,,58.668609409572,89.062425680512,,-29.727610640898,0.269877264715,0.269877264715,-0.046872800759,,,,5.022067970755,8.399900327036,0.098469816555,0.208841502084,35.841808802306,21.428825699354,125.626472758187,0.981618110538,0.235949666779,1.310462424392,29.4817868609,70.5182131391,223.099753013367,26.5699443086,23.594966677872,-5159413.95999998,-8643748.98000001,1.188881264954,0.073880915105,-1.248379905057,,0.017424355441,,,,,,,,,347220717.96,,,,,,,,,0
000582.SZ,000582,北部湾港,10005523,通用,2004-03-31 00:00:00,一季报,2004一季报,058001001,2005-04-27 00:00:00,2005-04-27 00:00:00,CNY,,0.0,,2.4891,1.395590991331,-0.034083507825,-0.010823389016,19663867.98,-1079202.61,-8184470.01,-8241422.74,-17.735309607803,-244.376350615482,,-3.087414520327,-74.62166710782,,,0.0,-0.9975647749,-41.5318109759,-5.48825191,0.727846007945,0.498940758755,-0.103738675019,,1.046243159025,1.020197916892,-0.00942388078,41.4180592705,1.70701070594,0.707010705941,3746.98774659068,19.687934936059,113.772498148616,0.02401929392,4.571327581704,0.791052332194,,,,,,,,,,,,,,,,,,,,,,,,,,0.4074223477,0.0,20.579216144899,57.638423346292,,-251.577655714159,-5.489867193003,2004,-0.686643100746,-432.341636784006,,,,-17.735309607803,-244.376350615482,,-69.536625048809,-146.501585650507,,-126.13633217318,0.104333210486,0.104333210486,-0.025239524003,,,,2.355390073738,4.607248042516,0.038035640605,0.083273648618,38.21023150411,19.534437731477,133.453696502393,0.975568016823,0.263027148092,,28.0990877735,71.9009122265,228.24385393175,27.5077428278,26.302714809234,-4785046.89999996,-346244.229999982,1.251438169491,0.030532198215,0.280855090951,,-0.003967485101,,,,,,,,,333818206.07,,,,,,,,,1
000582.SZ,000582,北部湾港,10005523,通用,2003-12-31 00:00:00,年报,2003年报,058001001,2005-04-21 00:00:00,2005-04-21 00:00:00,CNY,0.041,0.0,,2.533,1.395590991331,0.009341927758,0.282,137309098.02,20176510.81,7783079.56,-10499373.56,77.65254541939,118.793594363763,73.68993924223,49.212041858743,120.199559092746,72.546808759399,1.64,0.0,0.9364293313,5.7385301583,14.6942271859,0.095044511093,0.584839385357,0.387684724739,15.947223171,1.04710191372,1.032458205341,0.226769604398,42.2251224514,1.730856113297,0.730856113298,2206.1150669491,15.067607609792,67.19917512135,0.163182784703,23.892313187533,5.357208616771,,,,,,,,,,,,,,,,,,,,,,,,,118.636363636364,1.6860698515,0.0,130.826132662576,386.206896551724,119.4082840237,119.65031304568,-4.608840565515,2003,3.111882518386,189.280914061996,,,,235.095810525484,161.296411546147,103.42172804571,179.15376970024,724.549078987605,120.777205420989,195.341722653116,0.728539219236,0.728539219236,0.129112614885,1397.0,98288.5454688619,5571.28100214746,21.816064017248,22.000120675876,0.253444882035,0.581150919135,16.501601742431,16.363546605213,82.266899134116,0.995403149442,0.349114975946,3.399615054806,29.5657868006,70.4342131994,224.219422174382,28.9128687369,34.911497594564,14408667.5298579,-26771717.2893522,1.025319480065,0.169342454003,-9.923215063573,6.75581924365,0.1024068318,,,,,,,,,351045646.58,,,,,,,,,0
000582.SZ,000582,北部湾港,10005523,通用,2003-09-30 00:00:00,三季报,2003三季报,058001001,2004-10-22 00:00:00,2004-10-22 00:00:00,CNY,,0.0,,2.439,1.395590991331,-0.082394345838,-0.008121691362,72759887.66,10165686.33,-9817331.04,-11417331.04,25.387762054671,22.697347927411,12.704862451258,6.110034795234,5.104077755163,-2.64443944466,,0.0,-1.1514017326,-13.3897867263,13.9715530864,0.240161553872,0.403601998085,-0.021037825088,,0.865849013022,0.835510997759,-0.005893357323,44.9558440331,1.816723287757,0.816723287757,3139.86188635306,30.728002967236,107.176081745636,0.085991043483,8.786773429041,2.51921879959,,,,,,,,,,,,,,,,,,,,,,,,,,-7.7185017026,0.0,-167.576436684259,,,19.474483923887,6.046662202517,2003,0.222303919277,146.354613777545,,,,29.728289566388,42.376366898154,-28.702549130567,-10.143848155053,39.036838384673,,55.733701996102,0.386051853168,0.386051853168,0.011828440064,,,,12.865983623,12.325955954202,0.130505449464,0.322208077998,20.985570004716,21.904994712232,137.904791596587,0.803872027316,0.229196900404,,26.7489808984,73.2510191016,210.68370495931,32.156572212,22.89148815549,6938484.53000001,369775.820000011,1.061273175281,0.091844720181,0.234733490043,,-0.002776441544,,,,,,,,,377964636.18,,,,,,,,,1
000582.SZ,000582,北部湾港,10005523,通用,2003-06-30 00:00:00,中报,2003中报,058001001,2004-08-12 00:00:00,2004-08-12 00:00:00,CNY,,0.0,,2.45,1.395590991331,-0.067441982249,0.031581576342,49636714.21,7723803.37,-6999232.16,-6999232.16,23.46338393923,10.373541366564,27.440537157417,0.756866700059,-6.830223932214,,,0.0,-0.8217847653,-14.0219851994,15.5606661177,0.327463423973,0.502586663462,0.119916006423,,0.851501602466,0.823466180255,0.0229491035,44.7296579065,1.809288602391,0.809288602391,3071.31190866584,29.287136748532,99.94112125782,0.058606877241,6.146042938425,1.801060441734,,,,,,,,,,,,,,,,,,,,,,,,,,-8.2397003745,0.0,-145.571150061095,20.082039323194,,4.585145374024,4.137688008535,2003,-0.940535926309,3.297629471704,,,,2.597287258732,-128.093435639307,,7.657462444558,-94.505328436205,,72.581608332161,0.263364143654,0.263364143654,-0.03483777398,,,,9.963208964244,6.861976167911,0.088571005566,0.22179391443,18.066468408521,26.231510514674,129.226267571993,0.799201975006,0.242793456274,0.736844733582,26.2179486411,73.7820513589,211.72466862701,31.7281929879,20.241339091427,3994386.30000001,-6738167.28999999,1.105986932732,0.065170612465,-1.222961877466,,0.010684177286,,,,,,,,,376787767.53,,,,,,,,,0
000582.SZ,000582,北部湾港,10005523,通用,2003-03-31 00:00:00,一季报,2003一季报,058001001,2004-04-29 00:00:00,2004-04-29 00:00:00,CNY,,0.0,,2.479,1.395590991331,-0.042915098757,-0.025550014591,23903169.01,5019319.93,-2376606.29,,58.074060179215,58.901442405797,,11.361853476234,8.224603520654,,,0.0,-0.2837395263,-10.0427982541,20.9985543252,0.260963875434,0.295041511736,-0.201456854444,,0.859220256214,0.83377783384,-0.019197674098,43.8239351066,1.780117567682,0.780117567682,3185.49852577236,30.38166036063,103.40305769353,0.028253034579,2.962313413148,0.870380451096,,,,,,,,,,,,,,,,,,,,,,,,,,-7.5103533187,,,,,55.574931165739,-1.79063006272,2003,0.206607606375,,,,,58.074060179215,58.901442405797,,24.089074813797,91.723065981483,,,0.126826236127,0.126826236127,0.008294891066,,,,5.746479549057,3.312475344586,0.042590970604,0.108094394195,15.661762863972,27.170013551074,133.782533221404,0.815211365536,0.251266139839,,25.6404637923,74.3595362077,216.026222215807,32.5411859212,17.124056920143,-12204061.32,84961.4200000279,0.852853114642,0.024252816206,3.089612988195,,-0.008618643545,,,,,,,,,368365474.19,,,,,,,,,0
000582.SZ,000582,北部湾港,10005523,通用,2002-12-31 00:00:00,年报,2002年报,058001001,2004-04-22 00:00:00,2004-04-22 00:00:00,CNY,-0.22,0.0,,2.491,1.395590991331,-0.030305221418,0.058,77290813.76,3845473.53,-41413469.98,-39906306.78,-26.794139499889,-1755.59126458509,-791.165559574779,,,,-8.45,0.0,-4.7654677517,-53.7154017797,4.9753306285,0.141116130099,0.577128725653,0.142785615303,,0.870684716091,0.84623350449,0.042378112773,44.2652366338,1.794212336436,0.794212336435,4057.8481794816,20.903236382217,127.972888914226,0.088716971182,17.222213508826,2.813095828768,,,,,,,,,,,,,,,,,,,,,,,,,-1792.30769230769,-8.1150866839,0.0,-115.998300292645,-67.045454545455,-1824.4897959184,-1306.34876326352,4.960442668214,2002,-3.48549580958,-257.796123590742,,,,,,,8.071005162469,-487.127142909229,-681.499659168728,-76.870865009343,0.41009219289,0.41009219289,-0.136452767894,1469.0,52614.5771000681,-28191.6065214432,52.61080188992,15.041960424848,0.136089354206,0.339414608247,6.842701252744,23.933050601922,148.875951935904,0.832693299022,0.291509437593,0.643802399876,26.6278841852,73.3721158148,215.209298291979,32.0108568626,21.442850316713,-73195088.71,49354879.88,1.116671871744,0.10135810213,-0.299352101784,,0.019576889093,,,,,,,,,376927458.91,,,,,,,,,0
000582.SZ,000582,北部湾港,10005523,通用,2002-09-30 00:00:00,三季报,2002三季报,058001001,2003-10-25 00:00:00,2003-10-25 00:00:00,CNY,,0.0,,2.643,1.395590991331,0.121927627263,0.0,58027901.98,5205937.45999999,-12699863.17,-13079000.0,,,,,,,,0.0,-1.4298594889,-21.7241434032,8.9714383639,0.109625091601,,,,1.279039265934,1.24654225892,,42.3925120314,1.735885446949,0.73588544695,4102.16441845472,20.795998136988,126.245098019807,0.065818912276,12.983267175802,2.138696901781,,,,,,,,,,,,,,,,,,,,,,,,,,,,,,,,,2002,-0.479572368662,,,,,,,,-28.936105967215,-141.312396177755,,,0.307886389264,0.307886389264,-0.014907291223,,,,17.318094861864,18.021616729186,0.103621626317,0.250187732499,15.590629463207,14.982007666534,147.040860696199,1.207808354263,0.399129073512,,26.9589439406,73.0410560594,224.93374218778,31.4333780841,28.981995315227,-80997164.16,-20483156.19,,,,,,,,,,,,,,369817953.22,,,,,,,,,0
000582.SZ,000582,北部湾港,10005523,通用,2002-06-30 00:00:00,中报,2002中报,058001001,2003-08-22 00:00:00,2003-08-22 00:00:00,CNY,,0.0,,2.67,1.395590991331,0.147992715037,0.0263,40203591.24,3624920.79,-7809336.96,-9646201.73,3.536869589122,-181.086581253747,-291.740525029321,,,,,0.0,-0.861275499,-19.0909014426,9.0164104206,0.179894439699,0.459863204002,0.12346750668,,1.249952430229,1.239768463092,0.02493650186,42.952420744,1.752922758585,0.752922758583,3989.85256585415,10.306383716579,130.567700329604,0.045114448975,17.46490378681,1.378595162093,,,,,,,,,,,,,,,,,,,,,,,,,,-2.6258205689,0.340485147316,-32.679667626825,201.153846153846,,-181.257486198028,6.012359649569,2002,-0.972608966224,-178.690608462363,,,,,,,65.870391429422,64.953448043302,,-76.846210073081,0.213313563302,0.213313563302,-0.037190052835,,,,15.224616118141,12.227578383703,0.071433173082,0.168388992727,11.822958201588,14.720821601103,140.873628080948,1.215731364556,0.467719601871,0.778864775573,27.9127536861,72.0872463139,222.186132585324,32.0883411806,36.667849441805,-66395133.71,-17931543.5,1.019783758502,0.045993889828,-0.892191464616,,0.008968550872,,,,,,,,,382878027.81,,,,,,,,,0
000582.SZ,000582,北部湾港,10005523,通用,2002-03-31 00:00:00,一季报,2002一季报,058001001,2002-04-25 00:00:00,2002-04-25 00:00:00,CNY,,0.0,,2.6803,,,0.0,15121500.0,,-5782700.0,,,,,,,,,0.0,-0.6386923729,-38.2415765632,,,,,,1.154174584849,1.146214944003,,44.6229673753,1.805802789718,0.805802789717,5388.73178537997,,178.747357633306,0.016701517831,,0.503503946529,,,,,,,,,,,,,,,,,,,,,,,,,,,,,,,,,2002,,,,,,,,,,,,,0.080232162053,0.080232162053,,,,,,,0.026428955355,0.06130578599,,,,0.986067555902,0.487431834473,,28.7661328589,71.2338671411,214.138097654273,24.9235542322,48.743183447252,151988216.55,,,,,,,,,,,,,,,410486900.0,,,,,,,,,0
000582.SZ,000582,北部湾港,10005523,通用,2001-12-31 00:00:00,年报,2001年报,058001001,2003-04-12 00:00:00,2003-04-12 00:00:00,CNY,0.013,0.0,,2.711,1.395590991331,0.189427757097,0.176,105580090.49,22711435.52,2501430.81,-4477990.24,3.167954286743,-83.816403333547,-139.771822287799,,,,0.49,0.0,0.3950323403,3.5055211667,21.5110968504,0.035787227331,0.69852676672,0.31391157439,-217.0606121616,1.172430177874,1.161348409828,0.169910913476,42.1732564274,1.729303672002,0.729303672001,3194.64380867851,21.441751135496,106.433502508363,0.112688619314,16.78967346114,3.382393621517,,,,,,,,,,,,,,,,,,,,,,,,,-84.33734939759,-4.0353982301,0.0,6.343083684883,402.857142857143,-83.1615120275,-81.664925579961,-9.815441387808,2001,2.208860224361,-38.585339333657,,,,,,,,,,-37.866104712607,0.560190386519,0.560190386519,0.081430431555,1538.0,68647.6531144343,1626.41795188557,95.229730105693,23.679134561046,0.217885083109,0.408971977145,3.78033204127,15.203258340034,108.215288065977,1.155699490345,0.58788604619,2.13351202214,25.6702160603,74.3297839397,226.187395678502,30.1432264139,56.174541411437,35477518.8053755,-27965443.8837718,0.954770000595,0.113150179178,5.674529549766,8.954776179016,0.057926125719,,,,,,,,,375718591.18,,,,,,,,,0
000582.SZ,000582,北部湾港,10005523,通用,2001-06-30 00:00:00,中报,2001中报,058001001,2002-08-21 00:00:00,2002-08-21 00:00:00,CNY,0.051,0.0,,2.742,1.390855335493,0.219833607203,-0.026,38830217.1,15121030.95,9630862.27,5030862.27,33.611421201464,382.315921065585,180.865468401072,,,,1.878,0.0,1.0599337234,25.4280029508,38.9414020299,0.114671381531,0.358240107033,-0.126439994331,9.2168545396,0.979820610118,0.970612452663,-0.023045035794,40.5164274109,1.68113641544,0.681136415439,4318.23276334524,36.713181633184,167.626148348232,0.041683718749,4.902871175766,1.073818146952,,,,,,,,,,,,,,,,,,,,,,,,,,-2.4199288256,-0.627637288545,-20.610253151274,68.197445251116,,358.071177870714,4.185633964755,2001,1.235991162388,7.638196101044,,,,,,,,,,72.826395957779,0.206026668711,0.206026668711,0.057707261776,,,,10.975968066105,5.588511945839,0.08269077242,0.156455537456,16.399464622703,32.208931777272,196.531422070307,0.95296096479,0.441254831672,-1.00208379541,23.7175647104,76.2824352896,235.208052855257,27.1370350408,41.725401204732,4457707.33267799,-51191902.3500034,0.700700764818,0.030913560952,-0.418658587456,-0.497247049151,-0.0090553343,,,,,,,,,356602611.67,,,,,,,,,0
000582.SZ,000582,北部湾港,10005523,通用,2000-12-31 00:00:00,年报,2000年报,058001001,2002-04-18 00:00:00,2002-04-18 00:00:00,CNY,0.083,0.0,0.0,2.825,1.395590991331,0.178128892386,0.035,102338067.3,35430002.69,15456581.51,11259203.08,61.251079758189,-54.114030412239,-66.717065001393,,,,2.91,0.0,2.1545172452,20.0240864818,34.6205509101,0.133225652679,0.476796835599,0.064454780064,15.9518239317,0.89846101074,0.874377828366,0.020604616028,46.7632786326,1.878402678292,0.878402678292,3345.8405354563,26.121317533056,119.433333820642,0.107596281468,13.781846935723,3.014233869923,,,,,,,,,,,,,,,,,,,,,,,,,-60.476190476191,0.8928571429,-0.674084818639,-33.115301201921,-76.666666666667,-65.5213270142,-50.383157294216,15.820812099522,2000,3.596633442887,-28.142755384178,,,,,,,,,,-34.131609912144,0.542988751102,0.542988751102,0.178323457886,1290.0,79331.8351162791,11981.8461317829,81.404025375772,12.86397631734,,0.347287846437,4.422385727711,27.985126147561,,0.751467501572,0.555305065465,,29.2615937614,70.7384062386,204.76609351146,30.1397367089,33.967475619076,-28518944.7741845,224904127.372978,0.628267778416,0.065411321487,0.269719786757,0.32188624496,0.016615935823,,,,,,,,,459657157.53,,,,,,,,,0
000582.SZ,000582,北部湾港,10005523,通用,2000-06-30 00:00:00,中报,2000中报,058001001,2001-08-23 00:00:00,2001-08-23 00:00:00,CNY,,0.0,,2.81,1.399639998026,0.276904280375,-0.0817544383,29062049.3,6548287.6,1996795.43,1791200.0,21.185328390808,-60.262505557725,,,,,,0.0,0.2313906167,7.245237933,22.5320917063,0.246021743209,0.405986369309,-0.530189939152,21.7480041076,4.127413693989,4.100034299428,-0.233484343176,38.8886892262,1.636358290041,0.636358290041,5636.10939299465,15.217395087734,,0.031936924472,11.828568487723,,,,,,,,,,,,,,,,,,,,,,,,,,,65.2941176471,261.824246898236,34.33949364779,,,-71.866480067999,-31.582445419767,2000,1.148283051146,16.453113983932,,,,,,,,,,-26.491884130781,0.154198396259,0.154198396259,0.05241284415,,,,19.795480034042,4.58528628724,,0.101241684742,9.092984847574,39.256000328901,,2.945457658403,2.945457658403,,30.2427997044,69.7572002956,245.287784200464,27.8576950057,194.174640621755,-19041389.6502536,18105827.2111988,0.828695686646,0.026740243133,-6.390959667554,-7.317771259586,,,,,,,,,,350250905.67,,,,,,,,,0
000582.SZ,000582,北部湾港,10005523,通用,1999-12-31 00:00:00,年报,1999年报,058001001,2001-04-17 00:00:00,2001-04-17 00:00:00,CNY,0.21,0.0,,2.8,1.405062303008,0.26632233618,0.15,63465043.12,33357347.18,33684766.06,33828756.63,-8.901183441953,10.055407161218,,,,,8.44,0.0,4.3423102473,53.1870850165,52.5601898937,0.105788389481,0.907397756606,0.450974196707,6.86097774,3.889097004722,3.863320738154,0.368905974268,40.375540272,1.677164044021,0.677164044023,4409.48470184132,19.401232102386,,0.08164219276,18.555522561669,,,,,,,,,,,,,,,,,,,,,,,,,,0.0,46.5968586387,257.555367799246,-23.638056305905,-34.782608695652,-28.8364249578,-14.633781962668,-29.072818523811,1999,5.005248200256,-12.292300886245,,,,,,,,,,2.989473743058,0.33673495515,0.33673495515,0.195549224818,,,,314.047104829457,6.054881921129,,0.291555557648,1.146324848928,59.456155328769,,3.101565305816,3.088036693941,,32.8212199424,67.1787800576,247.674704353688,29.2957362456,207.344475637278,-64408442.5616429,-212665123.26826,1.109986663474,0.076628036823,0.81617515027,0.847901697502,,,,,,,,,,371178649.85,,,,,,,,,0
000582.SZ,000582,北部湾港,10005523,通用,1999-06-30 00:00:00,中报,1999中报,058001001,2000-08-02 00:00:00,2000-08-02 00:00:00,CNY,0.035,0.0,,1.7,0.386828691008,0.206122766177,0.0,23981491.56,7350932.08,5024965.61,,26.008443646374,475.861731408847,,,,,,0.0,0.8224730402,20.9535157454,30.6525224322,0.140866063378,,,12.1401342802,0.469169040201,0.462007479039,,56.840221,2.316972012299,1.316972012301,4585.72214483517,13.535752815214,,0.039252269177,13.298115181128,,,,,,,,,,,,,,,,,,,,,,,,,,,-1.1627906977,-4.541731307528,3.589075247844,,,449.018011318808,-2.29461506307,1999,0.986047527509,419.764099473603,,,,,,,,,,24.269430430343,0.16483710845,0.16483710845,0.040513929313,,,,453.766970804911,7.110322563105,,0.222155429102,0.396679378582,25.315307203362,,0.239325708739,0.233366591392,,14.0275206462,85.9724793538,163.278220624495,41.8655311983,23.336659139155,83152288.2098761,98979371.0195157,,,,,,,,,,,,,,333379230.56,,,,,,,,,0
000582.SZ,000582,北部湾港,10005523,通用,1998-12-31 00:00:00,年报,1998年报,058001001,2000-04-21 00:00:00,2000-04-21 00:00:00,CNY,0.21,0.0,,1.91,0.392963560205,0.348763170889,0.23,69666155.41,35553792.29,30607097.76,,3.850736422912,16.714824022151,,,,,11.86,0.0,5.0866845775,43.9339555626,51.034526135,0.063663440359,0.856122179687,0.472915646286,15.0351926719,1.005367448423,0.99599778977,0.24788230111,56.9253415005,2.321550616615,1.321550616614,3109.33846232891,14.792115422345,,0.115780254984,24.337289814287,,,,,,,,,,,,,,,,,,,,,,,,,,,11.6959064327,-3.027820871685,80.721889006113,,,4.949970524077,1.29040543919,1998,5.706737550787,7.259850566265,,,,,,,,,,19.913940130732,0.478851266857,0.478851266857,0.243429708082,,,,859.664905622338,17.034731766454,,0.582432625632,0.418767821794,21.133294315144,152.934856737265,0.471368514001,0.265103077615,,21.03004404,78.96995596,175.668687027821,43.5300286812,26.510307761508,5809310.52496896,-4665204.08751587,0.968570844808,0.106196105666,0.963897770993,1.076424010154,,,,,,,,,,361701483.56,,,,,,,,,0
000582.SZ,000582,北部湾港,10005523,通用,1998-06-30 00:00:00,中报,1998中报,058001001,1998-07-29 00:00:00,1998-07-29 00:00:00,CNY,,0.0,,1.72,0.405233298599,0.198981181832,0.02,19031654.44,4694382.3,872599.33,,-45.896614835333,-92.925183688715,,,,,,0.0,0.1498080251,4.5849893542,24.6661808347,,0.730438457877,0.162501182425,13.3242563119,0.789577793071,0.779974534238,0.021306872406,58.1751159741,2.390921154451,1.390921154453,5509.03787295561,18.529925860779,272.398444383352,0.032673581876,9.714016200194,0.660796725207,,,,,,,,,,,,,,,,,,,,,,,,,,6.8322981366,0.0,59.762557335598,,,-93.545226160649,1.714905638859,1998,0.189710587651,,,,,,,,,,,,0.130814335675,0.130814335675,0.007482156152,,,,976.98617649063,8.760366364313,,0.172852475941,0.184240068418,20.547085876826,290.927051194427,0.32427502285,0.106904390998,,19.1991919525,80.8008080475,159.547377913719,43.7466764021,10.690439099845,11393662.0600508,11651294.8651567,0.806878219569,0.025725225933,1.702699324494,3.544199776087,,,,,,,,,,347266265.09,,,,,,,,,0
000582.SZ,000582,北部湾港,10005523,通用,1997-12-31 00:00:00,年报,1997年报,058001001,1998-03-18 00:00:00,1998-03-18 00:00:00,CNY,,0.0,,1.71,0.405233298599,0.192983358467,0.0,67082967.16,28550037.11,26223830.62,,47.275988919567,9.637030552956,,,,,,0.0,4.8467708491,39.0916379078,42.5592938397,0.072230625524,,,14.7267603286,0.872605881031,0.859731950704,,56.2001319411,2.283111900372,1.283111900372,2903.58056629986,13.288080977377,97.152025423317,0.123984849664,27.091948085875,3.705532627152,,,,,,,,,,,,,,,,,,,,,,,,,,-44.1176470588,-74.837522286768,-30.964439877917,,,-0.444996017129,-5.603301476359,1997,5.320478744525,4.40661468635,,,,,,,,,,6.60448718389,0.461095687283,0.461095687283,0.204631334905,,,,108.670821009501,33.654444094747,,0.720131816879,3.312756788398,10.696952800245,110.440985415404,0.305340938884,0.090074171565,,18.5908776386,81.4091223614,164.400779489226,43.4091860634,9.007417156487,-25507673.9746991,2436076.14874375,,,,,,,,,,,,,,319230275.1,,,,,,,,,0
000582.SZ,000582,北部湾港,10005523,通用,1997-06-30 00:00:00,中报,1997中报,058001001,1997-08-12 00:00:00,1997-08-12 00:00:00,CNY,,0.0,,1.61,0.405233298599,0.124548070055,0.0,35176457.78,,12333879.66,,31.301327135753,239.44561368799,,,,,,0.0,2.3208872817,35.0628813655,,,,,14.626426457,0.835434851701,0.835434851701,,57.1942879057,2.336136816967,1.336136816966,2719.35595301768,,,0.066192143695,,,,,,,,,,,,,,,,,,,,,,,,,,,,-42.0863309353,-74.833870356968,192.98854817145,,,200.591071500732,-0.025237220369,1997,,,,,,,,,,,,,0.241785861045,0.241785861045,,,,,,,,0.392478505513,,,,,,,17.9577150934,82.0422849066,160.971779246411,21.4950514176,,32915007.8892661,,,,,,,,,,,,,,,313863670.3,,,,,,,,,0
000582.SZ,000582,北部湾港,10005523,通用,1996-12-31 00:00:00,年报,1996年报,058001001,1997-04-10 00:00:00,1997-04-10 00:00:00,CNY,,0.0,,3.06,1.610466597198,0.279541960876,0.0,45549154.11,18184411.23,23918771.32,,-7.685286799987,11.717353303713,,,,,,0.0,4.8684351918,52.5119989325,39.9226101677,0.086985576514,,,14.9677152695,0.677784982184,0.666979700914,,59.5361202458,2.471339886522,1.375163675895,3883.03815719547,17.129380672624,76.565821564497,0.092710909712,21.016521664169,4.70183683325,,,,,,,,,,,,,,,,,,,,,,,,,,5.5172413793,-9.07771509536,490867.640791105,,,-1.040348637421,0.883199290266,1996,5.095921135369,16.164941978143,,,,,,,,,,26.230526726654,0.626165460732,0.626165460732,0.369250781793,,,,22.837073578738,19.826494610684,,0.58597983987,15.7638411401,18.157521390897,93.695819700423,0.298818880991,0.213528826483,,15.6989192,84.3010808,153.633857135229,47.7495928701,21.352882648284,-13759162.0946632,72683019.837857,,,,,,,,,,,,,,306070126.07,,,,,,,,,0
000582.SZ,000582,北部湾港,10005523,通用,1996-06-30 00:00:00,中报,1996中报,058001001,1996-08-22 00:00:00,1996-08-22 00:00:00,CNY,,0.0,,2.78,1.610232897736,0.042509535213,0.0,26790633.84,,3633536.32,,13.634235523281,-59.786129467939,,,,,,0.0,0.7721078574,13.5627112882,,,,,13.4830199864,1.127698435284,1.127698435284,,57.2087257979,2.336925035878,1.336925035876,3161.84844960069,,,0.056928724722,,,,,,,,,,,,,,,,,,,,,,,,,,,,-7.2272017665,-9.090909090878,-64.868461324159,,,-65.357647757847,10.999646074127,1996,,,,,,,,,,,,,0.368291572248,0.368291572248,,,,,,,,0.417281135958,,,,,,,11.3499115438,88.6500884562,158.456063477704,10.0646690539,,-24327987.2806472,,,,,,,,,,,,,,,270416787.2,,,,,,,,,0
000582.SZ,000582,北部湾港,10005523,通用,1995-12-31 00:00:00,年报,1995年报,058001001,1996-04-01 00:00:00,1996-04-01 00:00:00,CNY,,0.0,,2.9,1.771256187509,5.6936942e-05,0.0,49341164.08,15605005.46,21410076.96,,4.280270238586,84.305873913659,,,,,,0.0,4.9196163535,43.391916991,31.6267476679,0.118357980986,,,14.6926292547,1.181341393489,1.160521773037,,59.0149010585,2.439911152654,1.439911152651,3175.26591389268,13.924475702504,47.082828666821,0.113376331231,25.853756198179,7.646099654452,,,,,,,,,,,,,,,,,,,,,,,,,,1.4008998365,0.0,-98.829215806853,,,-14.901820750642,11.476142762876,1995,4.386797814032,-11.151364695155,,,,,,,,,,-20.895136612286,0.746123757447,0.746123757447,0.325636790564,,,,37.783000389661,18.897848826743,,0.801562312319,9.528094547476,19.049787269467,61.007278650508,0.999130743131,0.853444105276,,15.9560445284,84.0439554716,153.346616529834,51.9583264001,85.344410527641,16292526.6339827,14712701.2717783,,,,,,,,,,,,,,276493452.94,,,,,,,,,0
000582.SZ,000582,北部湾港,10005523,通用,1995-06-30 00:00:00,中报,1995中报,058001001,1995-10-08 00:00:00,1995-10-08 00:00:00,CNY,,0.0,,2.996568016634,1.771256187509,0.121001062906,0.0,23576199.3,7535538.83,9035529.96,,,,,,,,,0.0,2.2287974327,38.3247946161,31.9624835798,0.326767364916,,,14.4889512501,1.415044884086,1.380019995324,,51.5395569457,2.063538706981,1.063538706982,3095.15029484356,14.802911416528,46.851600927886,0.058155495809,12.159770124614,3.84191780932,,,,,,,,,,,,,,,,,,,,,,,,,,,,,,,,,1995,1.562974496704,,,,,,,,,,,,0.356512918494,0.356512918494,0.113182606986,,,,7.704720423948,8.647479008125,,0.458960678108,23.362301303046,20.815315056663,61.654693158118,0.960130008213,0.736712688693,,13.2988464899,86.7011535101,172.745065974373,45.3592167181,73.671268869336,-15912460.6697852,-1732431.34794616,,,,,,,,,,,,,,210754066.46,,,,,,,,,0
000582.SZ,000582,北部湾港,10005523,通用,1994-12-31 00:00:00,年报,1994年报,058001001,1995-10-08 00:00:00,1995-10-08 00:00:00,CNY,,0.0,,2.859935172841,1.771256187509,0.004863145773,0.0,47315915.05,18917275.65,11616600.44,,,,,,,,,0.0,5.7811064783,24.5511482294,39.9807879231,0.126974363143,,,13.734057821,1.192848633984,1.16097057167,,52.9394896485,2.12492383217,1.124923832169,,16.38183820877,28.052615924207,,21.975555820547,12.833027799356,,,,,,,,,,,,,,,,,,,,,,,,,,,,,,,,,1994,4.937383448807,,,,,,,,,,,,0.715498488583,0.715498488583,0.169155448511,,,,667.639713535927,15.378545991485,,0.97848946977,0.539212980746,23.409235190331,44.434481967842,1.043153667886,0.952201645835,,12.0324206993,87.9675793007,167.659857287358,47.0490853113,95.220164583494,40346095.9651357,9649923.7930931,,,,,,,,,,,,,,212754046.67,,,,,,,,,0

