报告期,证券代码,证券名称,机构代码,机构名称,机构类型,基金公司,持股数量,持股市值,占总股本比例,占流通股比例,净资产比例,数据来源
2026-06-30,000582,北部湾港,73103722,广东粤财信托有限公司-粤财信托·粤中3号单一资金信托计划,信托,,6374800,68401604.0,0.25326127,0.2955609,,Eastmoney RPT_MAIN_ORGHOLD
2026-06-30,000582,北部湾港,73008468,平安基金-平安银行-中融国际信托-中融-财富1号结构化集合资金信托,信托,,22473002,241135311.46,0.89281874,1.04193711,,Eastmoney RPT_MAIN_ORGHOLD
2026-06-30,000582,北部湾港,70414939,南方基金稳健增值混合型养老金产品-招商银行股份有限公司,其他,,7131007,76515705.11,0.28330424,0.33062164,,Eastmoney RPT_MAIN_ORGHOLD
2026-06-30,000582,北部湾港,70010413,全国社保基金四一三组合,社保,,7920000,84981600.0,0.31464975,0.36720247,,Eastmoney RPT_MAIN_ORGHOLD
2026-06-30,000582,北部湾港,161713,招商信用添利债券(LOF)A,基金,招商基金管理有限公司,836335,8973874.55,0.03322634,0.03877579,0.45,Eastmoney RPT_MAIN_ORGHOLD
2026-06-30,000582,北部湾港,10671586,香港中央结算有限公司,其他,,19446559,208661578.07,0.77258269,0.90161926,,Eastmoney RPT_MAIN_ORGHOLD
2026-06-30,000582,北部湾港,10119468,广西产投资本运营集团有限公司,其他,,28506422,305873908.06,1.13251749,1.32167028,,Eastmoney RPT_MAIN_ORGHOLD
2026-06-30,000582,北部湾港,10102635,广西北部湾国际港务集团有限公司,其他,,1300340832,13952657127.36,37.35700174,43.59635894,,Eastmoney RPT_MAIN_ORGHOLD
2026-06-30,000582,北部湾港,10013673,上海中海码头发展有限公司,其他,,268145692,2877203275.16,10.65302711,12.43229306,,Eastmoney RPT_MAIN_ORGHOLD
2026-06-30,000582,北部湾港,10000758720,湖北省新活力上市高质量一号投资合伙企业(有限合伙),其他,,6326572,67884117.56,0.25134524,0.29332486,,Eastmoney RPT_MAIN_ORGHOLD
2026-06-30,000582,北部湾港,10000283948,芜湖信达降杠杆投资管理合伙企业(有限合伙),其他,,11289887,121140487.51,0.44853032,0.52344374,,Eastmoney RPT_MAIN_ORGHOLD
2026-06-30,000582,北部湾港,020645,南方智弘混合A,基金,南方基金管理股份有限公司,897900,9634467.0,0.03567222,0.04163019,2.53,Eastmoney RPT_MAIN_ORGHOLD
2026-06-30,000582,北部湾港,013726,惠升惠诚稳健一年持有期混合A,基金,惠升基金管理有限责任公司,89200,957116.0,0.00354378,0.00413566,1.6,Eastmoney RPT_MAIN_ORGHOLD
2026-06-30,000582,北部湾港,008069,鹏扬富利增强A,基金,鹏扬基金管理有限公司,25800,276834.0,0.001025,0.00119619,0.21,Eastmoney RPT_MAIN_ORGHOLD
2026-03-31,000582,北部湾港,78277734,锦绣中和(天津)投资管理有限公司-中和资本耕耘912号私募证券投资基金,其他,,7687987,82953379.73,0.30543222,0.35644543,,Eastmoney RPT_MAIN_ORGHOLD
2026-03-31,000582,北部湾港,73008468,平安基金-平安银行-中融国际信托-中融-财富1号结构化集合资金信托,信托,,22473002,242483691.58,0.89281874,1.04193711,,Eastmoney RPT_MAIN_ORGHOLD
2026-03-31,000582,北部湾港,71072756,安信资管双债聚利3号,券商,,2051,22130.29,8.148e-05,9.509e-05,,Eastmoney RPT_MAIN_ORGHOLD
2026-03-31,000582,北部湾港,71064901,安信资管双债聚利1号,券商,,12311,132835.69,0.0004891,0.00057079,,Eastmoney RPT_MAIN_ORGHOLD
2026-03-31,000582,北部湾港,70400249,中国人寿保险股份有限公司-分红-个人分红-005L-FH002沪,保险,,10892334,117528283.86,0.43273613,0.50501161,,Eastmoney RPT_MAIN_ORGHOLD
2026-03-31,000582,北部湾港,70400207,中国人寿保险股份有限公司-传统-普通保险产品-005L-CT001沪,保险,,13908477,150072466.83,0.55256298,0.64485191,,Eastmoney RPT_MAIN_ORGHOLD
2026-03-31,000582,北部湾港,70010413,全国社保基金四一三组合,社保,,13050000,140809500.0,0.51845697,0.60504953,,Eastmoney RPT_MAIN_ORGHOLD
2026-03-31,000582,北部湾港,163819,中银信用增利(LOF)A,基金,中银基金管理有限公司,240000,2589600.0,0.00953484,0.01112735,0.14,Eastmoney RPT_MAIN_ORGHOLD
2026-03-31,000582,北部湾港,161716,招商双债增强债券(LOF)C,基金,招商基金管理有限公司,1356867,14640594.93,0.0539063,0.06290971,0.24,Eastmoney RPT_MAIN_ORGHOLD
2026-03-31,000582,北部湾港,161713,招商信用添利债券(LOF)A,基金,招商基金管理有限公司,836335,9024054.65,0.03322634,0.03877579,1.25,Eastmoney RPT_MAIN_ORGHOLD
2026-03-31,000582,北部湾港,10671586,香港中央结算有限公司,其他,,21112774,227806831.46,0.83877892,0.97887157,,Eastmoney RPT_MAIN_ORGHOLD
2026-03-31,000582,北部湾港,10119468,广西产投资本运营集团有限公司,其他,,28506422,307584293.38,1.13251749,1.32167028,,Eastmoney RPT_MAIN_ORGHOLD
2026-03-31,000582,北部湾港,10102635,广西北部湾国际港务集团有限公司,其他,,1300340832,14030677577.28,37.35700174,43.59635894,,Eastmoney RPT_MAIN_ORGHOLD
2026-03-31,000582,北部湾港,10013673,上海中海码头发展有限公司,其他,,268145692,2893292016.68,10.65302711,12.43229306,,Eastmoney RPT_MAIN_ORGHOLD
2026-03-31,000582,北部湾港,10000283948,芜湖信达降杠杆投资管理合伙企业(有限合伙),其他,,19689887,212453880.73,0.78224975,0.91290091,,Eastmoney RPT_MAIN_ORGHOLD
2026-03-31,000582,北部湾港,013726,惠升惠诚稳健一年持有期混合A,基金,惠升基金管理有限责任公司,89200,962468.0,0.00354378,0.00413566,1.62,Eastmoney RPT_MAIN_ORGHOLD
2026-03-31,000582,北部湾港,009064,鹏扬景沃六个月混合A,基金,鹏扬基金管理有限公司,80900,872911.0,0.00321404,0.00375084,0.26,Eastmoney RPT_MAIN_ORGHOLD
2026-03-31,000582,北部湾港,008069,鹏扬富利增强A,基金,鹏扬基金管理有限公司,11800,127322.0,0.0004688,0.00054709,0.2,Eastmoney RPT_MAIN_ORGHOLD
2026-03-31,000582,北部湾港,006832,鹏扬添利增强A,基金,鹏扬基金管理有限公司,27100,292409.0,0.00107664,0.00125646,0.18,Eastmoney RPT_MAIN_ORGHOLD
2025-12-31,000582,北部湾港,78277734,锦绣中和(天津)投资管理有限公司-中和资本耕耘912号私募证券投资基金,其他,,7687987,72113318.06,0.32443391,0.38259855,,Eastmoney RPT_MAIN_ORGHOLD
2025-12-31,000582,北部湾港,73008468,平安基金-平安银行-中融国际信托-中融-财富1号结构化集合资金信托,信托,,22473002,210796758.76,0.9483632,1.11838612,,Eastmoney RPT_MAIN_ORGHOLD
2025-12-31,000582,北部湾港,70428864,瑞众人寿保险有限责任公司-自有资金,保险,,23769733,222960095.54,1.00308539,1.18291893,,Eastmoney RPT_MAIN_ORGHOLD
2025-12-31,000582,北部湾港,70010413,全国社保基金四一三组合,社保,,19860000,186286800.0,0.83809422,0.98834808,,Eastmoney RPT_MAIN_ORGHOLD
2025-12-31,000582,北部湾港,660011,农银中证500指数A,基金,农银汇理基金管理有限公司,8900,83482.0,0.00037558,0.00044292,0.09,Eastmoney RPT_MAIN_ORGHOLD
2025-12-31,000582,北部湾港,563750,汇添富中证500ETF,基金,汇添富基金管理股份有限公司,41300,387394.0,0.00174286,0.00205533,0.09,Eastmoney RPT_MAIN_ORGHOLD
2025-12-31,000582,北部湾港,562330,银华中证500价值ETF,基金,银华基金管理股份有限公司,8600,80668.0,0.00036292,0.00042799,0.36,Eastmoney RPT_MAIN_ORGHOLD
2025-12-31,000582,北部湾港,561950,招商中证500增强策略ETF,基金,招商基金管理有限公司,17000,159460.0,0.0007174,0.00084602,0.09,Eastmoney RPT_MAIN_ORGHOLD
2025-12-31,000582,北部湾港,561350,国泰中证500ETF,基金,国泰基金管理有限公司,10900,102242.0,0.00045998,0.00054245,0.09,Eastmoney RPT_MAIN_ORGHOLD
2025-12-31,000582,北部湾港,561320,国泰中证内地运输主题ETF,基金,国泰基金管理有限公司,76400,716632.0,0.00322409,0.0038021,1.0,Eastmoney RPT_MAIN_ORGHOLD
2025-12-31,000582,北部湾港,560100,南方中证500增强策略ETF,基金,南方基金管理股份有限公司,8300,77854.0,0.00035026,0.00041306,0.09,Eastmoney RPT_MAIN_ORGHOLD
2025-12-31,000582,北部湾港,560030,汇添富中证800价值ETF,基金,汇添富基金管理股份有限公司,2700,25326.0,0.00011394,0.00013437,0.07,Eastmoney RPT_MAIN_ORGHOLD
2025-12-31,000582,北部湾港,519223,海富通欣荣混合C,基金,海富通基金管理有限公司,100,938.0,4.22e-06,4.98e-06,0.0,Eastmoney RPT_MAIN_ORGHOLD
2025-12-31,000582,北部湾港,515990,添富中证国企一带一路ETF,基金,汇添富基金管理股份有限公司,77400,726012.0,0.00326629,0.00385187,0.82,Eastmoney RPT_MAIN_ORGHOLD
2025-12-31,000582,北部湾港,515810,易方达中证800ETF,基金,易方达基金管理有限公司,15800,148204.0,0.00066676,0.0007863,0.02,Eastmoney RPT_MAIN_ORGHOLD
2025-12-31,000582,北部湾港,515800,添富中证800ETF,基金,汇添富基金管理股份有限公司,143200,1343216.0,0.00604306,0.00712646,0.03,Eastmoney RPT_MAIN_ORGHOLD
2025-12-31,000582,北部湾港,515590,前海开源中证500等权ETF,基金,前海开源基金管理有限公司,14400,135072.0,0.00060768,0.00071663,0.19,Eastmoney RPT_MAIN_ORGHOLD
2025-12-31,000582,北部湾港,515550,国联中证500ETF,基金,国联基金管理有限公司,1600,15008.0,6.752e-05,7.963e-05,0.09,Eastmoney RPT_MAIN_ORGHOLD
2025-12-31,000582,北部湾港,515530,泰康中证500ETF,基金,泰康基金管理有限公司,6000,56280.0,0.0002532,0.00029859,0.09,Eastmoney RPT_MAIN_ORGHOLD
2025-12-31,000582,北部湾港,515190,中银证券中证500ETF,基金,中银国际证券股份有限公司,81700,766346.0,0.00344775,0.00406586,0.09,Eastmoney RPT_MAIN_ORGHOLD
2025-12-31,000582,北部湾港,515150,富国中证国企一带一路ETF,基金,富国基金管理有限公司,723400,6785492.0,0.03052756,0.03600055,0.83,Eastmoney RPT_MAIN_ORGHOLD
2025-12-31,000582,北部湾港,515110,易方达中证国企一带一路ETF,基金,易方达基金管理有限公司,304700,2858086.0,0.01285837,0.01516363,0.83,Eastmoney RPT_MAIN_ORGHOLD
2025-12-31,000582,北部湾港,512510,华泰柏瑞中证500ETF,基金,华泰柏瑞基金管理有限公司,89000,834820.0,0.00375581,0.00442915,0.09,Eastmoney RPT_MAIN_ORGHOLD
2025-12-31,000582,北部湾港,512500,华夏中证500ETF,基金,华夏基金管理有限公司,1793400,16822092.0,0.07568168,0.08924992,0.09,Eastmoney RPT_MAIN_ORGHOLD
2025-12-31,000582,北部湾港,512370,华夏中证A500增强策略ETF,基金,华夏基金管理有限公司,4200,39396.0,0.00017724,0.00020902,0.06,Eastmoney RPT_MAIN_ORGHOLD
2025-12-31,000582,北部湾港,510590,平安中证500ETF,基金,平安基金管理有限公司,106000,994280.0,0.00447321,0.00527517,0.09,Eastmoney RPT_MAIN_ORGHOLD
2025-12-31,000582,北部湾港,510580,易方达中证500ETF,基金,易方达基金管理有限公司,277800,2605764.0,0.01172319,0.01382493,0.09,Eastmoney RPT_MAIN_ORGHOLD
2025-12-31,000582,北部湾港,510570,兴业中证500ETF,基金,兴业基金管理有限公司,2300,21574.0,9.706e-05,0.00011446,0.09,Eastmoney RPT_MAIN_ORGHOLD
2025-12-31,000582,北部湾港,510560,国寿安保中证500ETF,基金,国寿安保基金管理有限公司,21900,205422.0,0.00092418,0.00108987,0.09,Eastmoney RPT_MAIN_ORGHOLD
2025-12-31,000582,北部湾港,510550,方正富邦中证500ETF,基金,方正富邦基金管理有限公司,3800,35644.0,0.00016036,0.00018911,0.1,Eastmoney RPT_MAIN_ORGHOLD
2025-12-31,000582,北部湾港,510530,工银中证500ETF,基金,工银瑞信基金管理有限公司,35400,332052.0,0.00149388,0.00176171,0.09,Eastmoney RPT_MAIN_ORGHOLD
2025-12-31,000582,北部湾港,510510,广发中证500ETF,基金,广发基金管理有限公司,206834,1940102.92,0.00872842,0.01029325,0.09,Eastmoney RPT_MAIN_ORGHOLD
2025-12-31,000582,北部湾港,510500,南方中证500ETF,基金,南方基金管理股份有限公司,13666560,128192332.8,0.57673036,0.6801268,0.09,Eastmoney RPT_MAIN_ORGHOLD
2025-12-31,000582,北部湾港,502000,西部利得中证500指数增强(LOF)A,基金,西部利得基金管理有限公司,241600,2266208.0,0.01019555,0.01202341,0.16,Eastmoney RPT_MAIN_ORGHOLD
2025-12-31,000582,北部湾港,320003,诺安先锋混合A,基金,诺安基金管理有限公司,10,93.8,4.2e-07,5e-07,0.0,Eastmoney RPT_MAIN_ORGHOLD
2025-12-31,000582,北部湾港,202017,南方深证成份ETF联接A,基金,南方基金管理股份有限公司,200,1876.0,8.44e-06,9.95e-06,0.0,Eastmoney RPT_MAIN_ORGHOLD
2025-12-31,000582,北部湾港,167503,安信一带一路指数A,基金,安信基金管理有限责任公司,19900,186662.0,0.00083978,0.00099034,0.22,Eastmoney RPT_MAIN_ORGHOLD
2025-12-31,000582,北部湾港,166007,中欧互通精选混合A,基金,中欧基金管理有限公司,2900,27202.0,0.00012238,0.00014432,0.05,Eastmoney RPT_MAIN_ORGHOLD
2025-12-31,000582,北部湾港,165511,中信保诚中证500指数(LOF)A,基金,中信保诚基金管理有限公司,31400,294532.0,0.00132508,0.00156264,0.09,Eastmoney RPT_MAIN_ORGHOLD
2025-12-31,000582,北部湾港,163109,申万菱信深证成份指数(LOF)A,基金,申万菱信基金管理有限公司,8800,82544.0,0.00037136,0.00043794,0.05,Eastmoney RPT_MAIN_ORGHOLD
2025-12-31,000582,北部湾港,162216,宏利500指数增强(LOF),基金,宏利基金管理有限公司,24400,228872.0,0.00102968,0.00121428,0.12,Eastmoney RPT_MAIN_ORGHOLD
2025-12-31,000582,北部湾港,161612,融通深证成份指数A,基金,融通基金管理有限公司,5400,50652.0,0.00022788,0.00026874,0.05,Eastmoney RPT_MAIN_ORGHOLD
2025-12-31,000582,北部湾港,161017,富国中证500指数增强(LOF)A,基金,富国基金管理有限公司,1843549,17292489.62,0.07779797,0.09174563,0.34,Eastmoney RPT_MAIN_ORGHOLD
2025-12-31,000582,北部湾港,160806,长盛同庆中证800指数(LOF),基金,长盛基金管理有限公司,38000,356440.0,0.0016036,0.0018911,0.18,Eastmoney RPT_MAIN_ORGHOLD
2025-12-31,000582,北部湾港,160638,鹏华中证一带一路主题指数(LOF)A,基金,鹏华基金管理有限公司,64900,608762.0,0.00273879,0.0032298,0.22,Eastmoney RPT_MAIN_ORGHOLD
2025-12-31,000582,北部湾港,160616,鹏华中证500指数(LOF)A,基金,鹏华基金管理有限公司,35400,332052.0,0.00149388,0.00176171,0.09,Eastmoney RPT_MAIN_ORGHOLD
2025-12-31,000582,北部湾港,160119,南方中证500ETF联接(LOF)A,基金,南方基金管理股份有限公司,10700,100366.0,0.00045154,0.00053249,0.0,Eastmoney RPT_MAIN_ORGHOLD
2025-12-31,000582,北部湾港,159982,鹏华中证500ETF,基金,鹏华基金管理有限公司,28600,268268.0,0.00120692,0.0014233,0.09,Eastmoney RPT_MAIN_ORGHOLD
2025-12-31,000582,北部湾港,159968,博时中证500ETF,基金,博时基金管理有限公司,50200,470876.0,0.00211845,0.00249824,0.09,Eastmoney RPT_MAIN_ORGHOLD
2025-12-31,000582,北部湾港,159943,大成深证成份ETF,基金,大成基金管理有限公司,10200,95676.0,0.00043044,0.00050761,0.05,Eastmoney RPT_MAIN_ORGHOLD
2025-12-31,000582,北部湾港,159935,景顺长城中证500ETF,基金,景顺长城基金管理有限公司,6900,64722.0,0.00029118,0.00034338,0.09,Eastmoney RPT_MAIN_ORGHOLD
2025-12-31,000582,北部湾港,159922,嘉实中证500ETF,基金,嘉实基金管理有限公司,1561300,14644994.0,0.06588703,0.07769929,0.09,Eastmoney RPT_MAIN_ORGHOLD
2025-12-31,000582,北部湾港,159903,南方深证成份ETF,基金,南方基金管理股份有限公司,26600,249508.0,0.00112252,0.00132377,0.05,Eastmoney RPT_MAIN_ORGHOLD
2025-12-31,000582,北部湾港,159820,天弘中证500ETF,基金,天弘基金管理有限公司,183800,1724044.0,0.00775638,0.00914695,0.09,Eastmoney RPT_MAIN_ORGHOLD
2025-12-31,000582,北部湾港,159800,鹏华中证800ETF,基金,鹏华基金管理有限公司,1000,9380.0,4.22e-05,4.977e-05,0.03,Eastmoney RPT_MAIN_ORGHOLD
2025-12-31,000582,北部湾港,159717,鹏华国证ESG300ETF,基金,鹏华基金管理有限公司,800,7504.0,3.376e-05,3.981e-05,0.05,Eastmoney RPT_MAIN_ORGHOLD
2025-12-31,000582,北部湾港,159666,华夏中证全指运输ETF,基金,华夏基金管理有限公司,68400,641592.0,0.00288649,0.00340398,0.74,Eastmoney RPT_MAIN_ORGHOLD
2025-12-31,000582,北部湾港,159662,南方国证交通运输行业ETF,基金,南方基金管理股份有限公司,66800,626584.0,0.00281897,0.00332435,0.72,Eastmoney RPT_MAIN_ORGHOLD
2025-12-31,000582,北部湾港,159653,国联安国证ESG300ETF,基金,国联安基金管理有限公司,2800,26264.0,0.00011816,0.00013934,0.04,Eastmoney RPT_MAIN_ORGHOLD
2025-12-31,000582,北部湾港,159517,银华中证800增强策略ETF,基金,银华基金管理股份有限公司,100,938.0,4.22e-06,4.98e-06,0.01,Eastmoney RPT_MAIN_ORGHOLD
2025-12-31,000582,北部湾港,159500,富国中证500ETF,基金,富国基金管理有限公司,9700,90986.0,0.00040934,0.00048273,0.09,Eastmoney RPT_MAIN_ORGHOLD
2025-12-31,000582,北部湾港,159337,中证500ETF基金,基金,东财基金管理有限公司,58500,548730.0,0.00246871,0.0029113,0.09,Eastmoney RPT_MAIN_ORGHOLD
2025-12-31,000582,北部湾港,10671586,香港中央结算有限公司,其他,,13621022,127765186.36,0.57480865,0.67786057,,Eastmoney RPT_MAIN_ORGHOLD
2025-12-31,000582,北部湾港,10119468,广西产投资本运营集团有限公司,其他,,28506422,267390238.36,1.2029742,1.41864388,,Eastmoney RPT_MAIN_ORGHOLD
2025-12-31,000582,北部湾港,10102635,广西北部湾国际港务集团有限公司,其他,,1300340832,12197197004.16,39.68107295,46.79511113,,Eastmoney RPT_MAIN_ORGHOLD
2025-12-31,000582,北部湾港,10013673,上海中海码头发展有限公司,其他,,268145692,2515206590.96,11.3157782,13.34447531,,Eastmoney RPT_MAIN_ORGHOLD
2025-12-31,000582,北部湾港,10000283948,芜湖信达降杠杆投资管理合伙企业(有限合伙),其他,,19689887,184691140.06,0.83091543,0.97988228,,Eastmoney RPT_MAIN_ORGHOLD
2025-12-31,000582,北部湾港,025411,安信红利量化选股股票A,基金,安信基金管理有限责任公司,10100,94738.0,0.00042622,0.00050263,0.05,Eastmoney RPT_MAIN_ORGHOLD
2025-12-31,000582,北部湾港,025058,中欧核心智选混合A,基金,中欧基金管理有限公司,112500,1055250.0,0.00474751,0.00559865,0.08,Eastmoney RPT_MAIN_ORGHOLD
2025-12-31,000582,北部湾港,023516,华泰保兴中证A500指数增强A,基金,华泰保兴基金管理有限公司,4700,44086.0,0.00019834,0.0002339,0.01,Eastmoney RPT_MAIN_ORGHOLD
2025-12-31,000582,北部湾港,022854,中航中证智选均衡配置指数发起A,基金,中航基金管理有限公司,1200,11256.0,5.064e-05,5.972e-05,0.04,Eastmoney RPT_MAIN_ORGHOLD
2025-12-31,000582,北部湾港,022597,富国红利质选混合A,基金,富国基金管理有限公司,152400,1429512.0,0.0064313,0.0075843,2.68,Eastmoney RPT_MAIN_ORGHOLD
2025-12-31,000582,北部湾港,022344,景顺长城红利量化选股股票A,基金,景顺长城基金管理有限公司,800,7504.0,3.376e-05,3.981e-05,0.04,Eastmoney RPT_MAIN_ORGHOLD
2025-12-31,000582,北部湾港,021795,广发稳信六个月持有期混合A,基金,广发基金管理有限公司,2300,21574.0,9.706e-05,0.00011446,0.01,Eastmoney RPT_MAIN_ORGHOLD
2025-12-31,000582,北部湾港,021631,兴银聚优智选混合发起A,基金,兴银基金管理有限责任公司,234100,2195858.0,0.00987905,0.01165017,1.49,Eastmoney RPT_MAIN_ORGHOLD
2025-12-31,000582,北部湾港,021404,长江汇智量化选股混合发起A,基金,长江证券(上海)资产管理有限公司,2200,20636.0,9.284e-05,0.00010948,0.09,Eastmoney RPT_MAIN_ORGHOLD
2025-12-31,000582,北部湾港,021316,民生加银智选成长股票A,基金,民生加银基金管理有限公司,7800,73164.0,0.00032916,0.00038817,0.12,Eastmoney RPT_MAIN_ORGHOLD
2025-12-31,000582,北部湾港,020799,天弘红利智选混合A,基金,天弘基金管理有限公司,300,2814.0,1.266e-05,1.493e-05,0.0,Eastmoney RPT_MAIN_ORGHOLD
2025-12-31,000582,北部湾港,020287,永赢红利慧选混合发起A,基金,永赢基金管理有限公司,21900,205422.0,0.00092418,0.00108987,1.27,Eastmoney RPT_MAIN_ORGHOLD
2025-12-31,000582,北部湾港,019982,泓德智选启元混合A,基金,泓德基金管理有限公司,6600,61908.0,0.00027852,0.00032845,0.02,Eastmoney RPT_MAIN_ORGHOLD
2025-12-31,000582,北部湾港,019960,富国远见价值混合A,基金,富国基金管理有限公司,29400,275772.0,0.00124068,0.00146311,0.42,Eastmoney RPT_MAIN_ORGHOLD
2025-12-31,000582,北部湾港,019876,广发均衡成长混合A,基金,广发基金管理有限公司,13200,123816.0,0.00055704,0.00065691,0.0,Eastmoney RPT_MAIN_ORGHOLD
2025-12-31,000582,北部湾港,019752,海富通悦享一年持有期混合A,基金,海富通基金管理有限公司,21200,198856.0,0.00089464,0.00105503,0.01,Eastmoney RPT_MAIN_ORGHOLD
2025-12-31,000582,北部湾港,019561,富国致航量化选股股票A,基金,富国基金管理有限公司,17800,166964.0,0.00075116,0.00088583,0.43,Eastmoney RPT_MAIN_ORGHOLD
2025-12-31,000582,北部湾港,019404,华夏中证全指运输ETF发起式联接A,基金,华夏基金管理有限公司,200,1876.0,8.44e-06,9.95e-06,0.0,Eastmoney RPT_MAIN_ORGHOLD
2025-12-31,000582,北部湾港,018990,兴银智选消费混合A,基金,兴银基金管理有限责任公司,52700,494326.0,0.00222395,0.00262266,0.49,Eastmoney RPT_MAIN_ORGHOLD
2025-12-31,000582,北部湾港,018663,中欧国证2000指数增强A,基金,中欧基金管理有限公司,3400,31892.0,0.00014348,0.0001692,0.04,Eastmoney RPT_MAIN_ORGHOLD
2025-12-31,000582,北部湾港,018633,财通中证500指数增强A,基金,财通基金管理有限公司,1100,10318.0,4.642e-05,5.474e-05,0.01,Eastmoney RPT_MAIN_ORGHOLD
2025-12-31,000582,北部湾港,017985,华夏中证800指数增强A,基金,华夏基金管理有限公司,8800,82544.0,0.00037136,0.00043794,0.15,Eastmoney RPT_MAIN_ORGHOLD
2025-12-31,000582,北部湾港,017919,中欧中证1000指数增强A,基金,中欧基金管理有限公司,23500,220430.0,0.0009917,0.0011695,0.05,Eastmoney RPT_MAIN_ORGHOLD
2025-12-31,000582,北部湾港,017220,永赢合嘉一年持有混合A,基金,永赢基金管理有限公司,47700,447426.0,0.00201295,0.00237383,0.1,Eastmoney RPT_MAIN_ORGHOLD
2025-12-31,000582,北部湾港,016801,创金合信怡久回报债券A,基金,创金合信基金管理有限公司,100,938.0,4.22e-06,4.98e-06,0.01,Eastmoney RPT_MAIN_ORGHOLD
2025-12-31,000582,北部湾港,015984,金鹰碳中和混合发起式A,基金,金鹰基金管理有限公司,17100,160398.0,0.00072162,0.00085099,1.27,Eastmoney RPT_MAIN_ORGHOLD
2025-12-31,000582,北部湾港,015507,兴业中证500指数增强A,基金,兴业基金管理有限公司,513400,4815692.0,0.02166554,0.02554974,0.82,Eastmoney RPT_MAIN_ORGHOLD
2025-12-31,000582,北部湾港,015453,中欧中证500指数增强A,基金,中欧基金管理有限公司,1054000,9886520.0,0.04447892,0.05245312,0.55,Eastmoney RPT_MAIN_ORGHOLD
2025-12-31,000582,北部湾港,014738,广发恒祥债券A,基金,广发基金管理有限公司,5100,47838.0,0.00021522,0.00025381,0.0,Eastmoney RPT_MAIN_ORGHOLD
2025-12-31,000582,北部湾港,014701,中欧量化动能混合A,基金,中欧基金管理有限公司,8100,75978.0,0.00034182,0.0004031,0.06,Eastmoney RPT_MAIN_ORGHOLD
2025-12-31,000582,北部湾港,014587,华安中证500指数增强A,基金,华安基金管理有限公司,6900,64722.0,0.00029118,0.00034338,0.09,Eastmoney RPT_MAIN_ORGHOLD
2025-12-31,000582,北部湾港,014513,金鹰远见优选混合A,基金,金鹰基金管理有限公司,37200,348936.0,0.00156984,0.00185129,0.5,Eastmoney RPT_MAIN_ORGHOLD
2025-12-31,000582,北部湾港,014135,中欧金安量化混合A,基金,中欧基金管理有限公司,80299,753204.62,0.00338863,0.00399614,0.1,Eastmoney RPT_MAIN_ORGHOLD
2025-12-31,000582,北部湾港,013878,圆信永丰中证500指数增强发起A,基金,圆信永丰基金管理有限公司,15000,140700.0,0.000633,0.00074649,0.13,Eastmoney RPT_MAIN_ORGHOLD
2025-12-31,000582,北部湾港,013726,惠升惠诚稳健一年持有期混合A,基金,惠升基金管理有限责任公司,174800,1639624.0,0.00737658,0.00869906,2.6,Eastmoney RPT_MAIN_ORGHOLD
2025-12-31,000582,北部湾港,013639,光大保德信中证500指数增强A,基金,光大保德信基金管理有限公司,104100,976458.0,0.00439303,0.00518062,0.51,Eastmoney RPT_MAIN_ORGHOLD
2025-12-31,000582,北部湾港,012953,华泰柏瑞恒利混合A,基金,华泰柏瑞基金管理有限公司,300,2814.0,1.266e-05,1.493e-05,0.0,Eastmoney RPT_MAIN_ORGHOLD
2025-12-31,000582,北部湾港,012578,富国红利混合A,基金,富国基金管理有限公司,400000,3752000.0,0.01688004,0.01990631,0.64,Eastmoney RPT_MAIN_ORGHOLD
2025-12-31,000582,北部湾港,012498,汇添富中证500基本面增强指数A,基金,汇添富基金管理股份有限公司,7000,65660.0,0.0002954,0.00034836,0.1,Eastmoney RPT_MAIN_ORGHOLD
2025-12-31,000582,北部湾港,012370,银华鑫利一年持有期混合,基金,银华基金管理股份有限公司,40700,381766.0,0.00171754,0.00202547,0.09,Eastmoney RPT_MAIN_ORGHOLD
2025-12-31,000582,北部湾港,012080,易方达中证500量化增强A,基金,易方达基金管理有限公司,22200,208236.0,0.00093684,0.0011048,0.02,Eastmoney RPT_MAIN_ORGHOLD
2025-12-31,000582,北部湾港,011855,银华长荣混合A,基金,银华基金管理股份有限公司,28400,266392.0,0.00119848,0.00141335,0.09,Eastmoney RPT_MAIN_ORGHOLD
2025-12-31,000582,北部湾港,011554,海富通欣利混合A,基金,海富通基金管理有限公司,21200,198856.0,0.00089464,0.00105503,0.03,Eastmoney RPT_MAIN_ORGHOLD
2025-12-31,000582,北部湾港,011521,鹏扬景源一年持有期混合A,基金,鹏扬基金管理有限公司,58300,546854.0,0.00246027,0.00290134,0.27,Eastmoney RPT_MAIN_ORGHOLD
2025-12-31,000582,北部湾港,011410,中信建投量化进取A,基金,中信建投基金管理有限公司,12200,114436.0,0.00051484,0.00060714,0.04,Eastmoney RPT_MAIN_ORGHOLD
2025-12-31,000582,北部湾港,011177,博时汇融回报一年持有期混合A,基金,博时基金管理有限公司,454900,4266962.0,0.01919683,0.02263845,0.31,Eastmoney RPT_MAIN_ORGHOLD
2025-12-31,000582,北部湾港,011037,富国长期成长混合A,基金,富国基金管理有限公司,3638084,34125227.92,0.15352755,0.18105203,1.07,Eastmoney RPT_MAIN_ORGHOLD
2025-12-31,000582,北部湾港,010657,海富通欣睿混合A,基金,海富通基金管理有限公司,21200,198856.0,0.00089464,0.00105503,0.02,Eastmoney RPT_MAIN_ORGHOLD
2025-12-31,000582,北部湾港,010549,富国均衡策略混合,基金,富国基金管理有限公司,981000,9201780.0,0.04139831,0.04882021,0.6,Eastmoney RPT_MAIN_ORGHOLD
2025-12-31,000582,北部湾港,010421,海富通消费优选混合A,基金,海富通基金管理有限公司,6175625,57927362.5,0.26061207,0.3073347,2.82,Eastmoney RPT_MAIN_ORGHOLD
2025-12-31,000582,北部湾港,010157,汇安中证500增强A,基金,汇安基金管理有限责任公司,4700,44086.0,0.00019834,0.0002339,0.06,Eastmoney RPT_MAIN_ORGHOLD
2025-12-31,000582,北部湾港,009968,金鹰内需成长混合A,基金,金鹰基金管理有限公司,79800,748524.0,0.00336757,0.00397131,0.59,Eastmoney RPT_MAIN_ORGHOLD
2025-12-31,000582,北部湾港,009726,招商中证500等权重指数增强A,基金,招商基金管理有限公司,81800,767284.0,0.00345197,0.00407084,0.08,Eastmoney RPT_MAIN_ORGHOLD
2025-12-31,000582,北部湾港,009336,平安中证500指数增强A,基金,平安基金管理有限公司,2300,21574.0,9.706e-05,0.00011446,0.1,Eastmoney RPT_MAIN_ORGHOLD
2025-12-31,000582,北部湾港,009064,鹏扬景沃六个月混合A,基金,鹏扬基金管理有限公司,106400,998032.0,0.00449009,0.00529508,0.26,Eastmoney RPT_MAIN_ORGHOLD
2025-12-31,000582,北部湾港,009059,南方沪深300指数增强A,基金,南方基金管理股份有限公司,21800,204484.0,0.00091996,0.00108489,0.06,Eastmoney RPT_MAIN_ORGHOLD
2025-12-31,000582,北部湾港,008979,万家民丰回报一年持有期混合,基金,万家基金管理有限公司,100,938.0,4.22e-06,4.98e-06,0.0,Eastmoney RPT_MAIN_ORGHOLD
2025-12-31,000582,北部湾港,008978,银华长丰混合发起式,基金,银华基金管理股份有限公司,12500,117250.0,0.0005275,0.00062207,0.07,Eastmoney RPT_MAIN_ORGHOLD
2025-12-31,000582,北部湾港,008856,华夏安泰对冲策略3个月定开混合,基金,华夏基金管理有限公司,200,1876.0,8.44e-06,9.95e-06,0.0,Eastmoney RPT_MAIN_ORGHOLD
2025-12-31,000582,北部湾港,008778,嘉实中证500指数增强A,基金,嘉实基金管理有限公司,62400,585312.0,0.00263329,0.00310538,0.49,Eastmoney RPT_MAIN_ORGHOLD
2025-12-31,000582,北部湾港,008537,兴银研究精选股票A,基金,兴银基金管理有限责任公司,128000,1200640.0,0.00540161,0.00637002,2.05,Eastmoney RPT_MAIN_ORGHOLD
2025-12-31,000582,北部湾港,008112,中泰中证500指数增强A,基金,中泰证券(上海)资产管理有限公司,5000,46900.0,0.000211,0.00024883,0.08,Eastmoney RPT_MAIN_ORGHOLD
2025-12-31,000582,北部湾港,008037,兴银先锋成长混合A,基金,兴银基金管理有限责任公司,36000,337680.0,0.0015192,0.00179157,1.21,Eastmoney RPT_MAIN_ORGHOLD
2025-12-31,000582,北部湾港,007315,汇安嘉盈一年持有期债券A,基金,汇安基金管理有限责任公司,100,938.0,4.22e-06,4.98e-06,0.01,Eastmoney RPT_MAIN_ORGHOLD
2025-12-31,000582,北部湾港,006832,鹏扬添利增强A,基金,鹏扬基金管理有限公司,17600,165088.0,0.00074272,0.00087588,0.25,Eastmoney RPT_MAIN_ORGHOLD
2025-12-31,000582,北部湾港,006785,东方量化多策略混合A,基金,东方基金管理股份有限公司,300,2814.0,1.266e-05,1.493e-05,0.01,Eastmoney RPT_MAIN_ORGHOLD
2025-12-31,000582,北部湾港,006729,万家中证500指数增强发起式A,基金,万家基金管理有限公司,213300,2000754.0,0.00900128,0.01061504,0.22,Eastmoney RPT_MAIN_ORGHOLD
2025-12-31,000582,北部湾港,006611,人保中证500A,基金,中国人保资产管理有限公司,5200,48776.0,0.00021944,0.00025878,0.09,Eastmoney RPT_MAIN_ORGHOLD
2025-12-31,000582,北部湾港,006593,博道中证500增强A,基金,博道基金管理有限公司,754500,7077210.0,0.03183998,0.03754827,0.29,Eastmoney RPT_MAIN_ORGHOLD
2025-12-31,000582,北部湾港,005965,安信中证500指数增强A,基金,安信基金管理有限责任公司,1300,12194.0,5.486e-05,6.47e-05,0.08,Eastmoney RPT_MAIN_ORGHOLD
2025-12-31,000582,北部湾港,005258,景顺长城量化平衡混合A,基金,景顺长城基金管理有限公司,1600,15008.0,6.752e-05,7.963e-05,0.02,Eastmoney RPT_MAIN_ORGHOLD
2025-12-31,000582,北部湾港,005082,诺德量化蓝筹A,基金,诺德基金管理有限公司,26500,248570.0,0.0011183,0.00131879,2.02,Eastmoney RPT_MAIN_ORGHOLD
2025-12-31,000582,北部湾港,004750,广发鑫和混合A,基金,广发基金管理有限公司,23000,215740.0,0.0009706,0.00114461,0.01,Eastmoney RPT_MAIN_ORGHOLD
2025-12-31,000582,北部湾港,004680,前海开源裕瑞混合A,基金,前海开源基金管理有限公司,88600,831068.0,0.00373893,0.00440925,4.96,Eastmoney RPT_MAIN_ORGHOLD
2025-12-31,000582,北部湾港,004351,汇丰晋信珠三角混合,基金,汇丰晋信基金管理有限公司,266260,2497518.8,0.0112362,0.01325063,1.98,Eastmoney RPT_MAIN_ORGHOLD
2025-12-31,000582,北部湾港,004192,招商中证500指数增强A,基金,招商基金管理有限公司,49200,461496.0,0.00207625,0.00244848,0.08,Eastmoney RPT_MAIN_ORGHOLD
2025-12-31,000582,北部湾港,003218,前海开源祥和债券A,基金,前海开源基金管理有限公司,1661200,15582056.0,0.07010283,0.08267089,0.98,Eastmoney RPT_MAIN_ORGHOLD
2025-12-31,000582,北部湾港,003037,广发集瑞债券A,基金,广发基金管理有限公司,2100,19698.0,8.862e-05,0.00010451,0.0,Eastmoney RPT_MAIN_ORGHOLD
2025-12-31,000582,北部湾港,003016,中金中证500指数增强A,基金,中金基金管理有限公司,20200,189476.0,0.00085244,0.00100527,0.02,Eastmoney RPT_MAIN_ORGHOLD
2025-12-31,000582,北部湾港,002801,泓德泓信混合,基金,泓德基金管理有限公司,7400,69412.0,0.00031228,0.00036827,0.03,Eastmoney RPT_MAIN_ORGHOLD
2025-12-31,000582,北部湾港,002311,创金合信中证500增强A,基金,创金合信基金管理有限公司,149000,1397620.0,0.00628782,0.0074151,0.25,Eastmoney RPT_MAIN_ORGHOLD
2025-12-31,000582,北部湾港,002213,中海顺鑫混合,基金,中海基金管理有限公司,80400,754152.0,0.00339289,0.00400117,1.18,Eastmoney RPT_MAIN_ORGHOLD
2025-12-31,000582,北部湾港,001990,中欧数据挖掘混合A,基金,中欧基金管理有限公司,522900,4904802.0,0.02206644,0.02602252,0.33,Eastmoney RPT_MAIN_ORGHOLD
2025-12-31,000582,北部湾港,001980,中欧量化驱动混合A,基金,中欧基金管理有限公司,58700,550606.0,0.00247715,0.00292125,0.11,Eastmoney RPT_MAIN_ORGHOLD
2025-12-31,000582,北部湾港,001974,景顺长城量化新动力股票A,基金,景顺长城基金管理有限公司,3900,36582.0,0.00016458,0.00019409,0.01,Eastmoney RPT_MAIN_ORGHOLD
2025-12-31,000582,北部湾港,001942,前海开源沪港深汇鑫混合A,基金,前海开源基金管理有限公司,285000,2673300.0,0.01202703,0.01418324,4.95,Eastmoney RPT_MAIN_ORGHOLD
2025-12-31,000582,北部湾港,001588,天弘中证800A,基金,天弘基金管理有限公司,1400,13132.0,5.908e-05,6.967e-05,0.02,Eastmoney RPT_MAIN_ORGHOLD
2025-12-31,000582,北部湾港,001556,天弘中证500指数增强A,基金,天弘基金管理有限公司,112700,1057126.0,0.00475595,0.0056086,0.04,Eastmoney RPT_MAIN_ORGHOLD
2025-12-31,000582,北部湾港,000978,景顺长城量化精选股票A,基金,景顺长城基金管理有限公司,4500,42210.0,0.0001899,0.00022395,0.01,Eastmoney RPT_MAIN_ORGHOLD
2025-12-31,000582,北部湾港,000962,天弘中证500ETF联接A,基金,天弘基金管理有限公司,3000,28140.0,0.0001266,0.0001493,0.0,Eastmoney RPT_MAIN_ORGHOLD
2025-12-31,000582,北部湾港,000471,富国城镇发展股票,基金,富国基金管理有限公司,819,7682.22,3.456e-05,4.076e-05,0.0,Eastmoney RPT_MAIN_ORGHOLD
2025-12-31,000582,北部湾港,000311,景顺长城沪深300指数增强A,基金,景顺长城基金管理有限公司,16000,150080.0,0.0006752,0.00079625,0.0,Eastmoney RPT_MAIN_ORGHOLD
2025-09-30,000582,北部湾港,73008468,平安基金-平安银行-中融国际信托-中融-财富1号结构化集合资金信托,信托,,22473002,189222676.84,0.94836572,1.21254944,,Eastmoney RPT_MAIN_ORGHOLD
2025-09-30,000582,北部湾港,70400207,中国人寿保险股份有限公司-传统-普通保险产品-005L-CT001沪,保险,,9739302,82004922.84,0.41100073,0.52549211,,Eastmoney RPT_MAIN_ORGHOLD
2025-09-30,000582,北部湾港,70010413,全国社保基金四一三组合,社保,,22470000,189197400.0,0.94823904,1.21238746,,Eastmoney RPT_MAIN_ORGHOLD
2025-09-30,000582,北部湾港,510500,南方中证500ETF,基金,南方基金管理股份有限公司,13493460,113614933.2,0.56942704,0.72805081,,Eastmoney RPT_MAIN_ORGHOLD
2025-09-30,000582,北部湾港,10671586,香港中央结算有限公司,其他,,12174296,102507572.32,0.51375802,0.65687423,,Eastmoney RPT_MAIN_ORGHOLD
2025-09-30,000582,北部湾港,10119468,广西产投资本运营集团有限公司,其他,,35058622,295193597.24,1.47948171,1.89161699,,Eastmoney RPT_MAIN_ORGHOLD
2025-09-30,000582,北部湾港,10102635,广西北部湾国际港务集团有限公司,其他,,1300340832,10948869805.44,33.09628408,42.31582788,,Eastmoney RPT_MAIN_ORGHOLD
2025-09-30,000582,北部湾港,10013673,上海中海码头发展有限公司,其他,,268145692,2257786726.64,11.31580832,14.46802294,,Eastmoney RPT_MAIN_ORGHOLD
2025-09-30,000582,北部湾港,10000362884,湖北省铁路发展基金有限责任公司,其他,,9356243,78779566.06,0.39483555,0.50482384,,Eastmoney RPT_MAIN_ORGHOLD
2025-09-30,000582,北部湾港,10000283948,芜湖信达降杠杆投资管理合伙企业(有限合伙),其他,,19689887,165788848.54,0.83091765,1.06238416,,Eastmoney RPT_MAIN_ORGHOLD
2025-09-30,000582,北部湾港,019886,南方国证交通运输行业ETF发起联接A,基金,南方基金管理股份有限公司,500,4210.0,2.11e-05,2.698e-05,0.01,Eastmoney RPT_MAIN_ORGHOLD
2025-09-30,000582,北部湾港,019760,中信建投质选成长混合发起式A,基金,中信建投基金管理有限公司,20000,168400.0,0.000844,0.00107912,1.07,Eastmoney RPT_MAIN_ORGHOLD
2025-09-30,000582,北部湾港,013726,惠升惠诚稳健一年持有期混合A,基金,惠升基金管理有限责任公司,213100,1794302.0,0.00899287,0.01149799,2.25,Eastmoney RPT_MAIN_ORGHOLD
2025-09-30,000582,北部湾港,004351,汇丰晋信珠三角混合,基金,汇丰晋信基金管理有限公司,617460,5199013.2,0.02605695,0.03331557,3.45,Eastmoney RPT_MAIN_ORGHOLD
2025-06-30,000582,北部湾港,73008468,平安基金-平安银行-中融国际信托-中融-财富1号结构化集合资金信托,信托,,22473002,185402266.5,0.94837032,1.21254702,,Eastmoney RPT_MAIN_ORGHOLD
2025-06-30,000582,北部湾港,70010414,全国社保基金四一四组合,社保,,19440296,160382442.0,0.82038883,1.04891518,,Eastmoney RPT_MAIN_ORGHOLD
2025-06-30,000582,北部湾港,70010413,全国社保基金四一三组合,社保,,20340000,167805000.0,0.85835673,1.09745936,,Eastmoney RPT_MAIN_ORGHOLD
2025-06-30,000582,北部湾港,660011,农银中证500指数A,基金,农银汇理基金管理有限公司,9700,80025.0,0.00040934,0.00052337,0.1,Eastmoney RPT_MAIN_ORGHOLD
2025-06-30,000582,北部湾港,660010,农银策略精选混合,基金,农银汇理基金管理有限公司,129400,1067550.0,0.00546074,0.00698187,0.05,Eastmoney RPT_MAIN_ORGHOLD
2025-06-30,000582,北部湾港,562330,银华中证500价值ETF,基金,银华基金管理股份有限公司,7100,58575.0,0.00029962,0.00038309,0.39,Eastmoney RPT_MAIN_ORGHOLD
2025-06-30,000582,北部湾港,561350,国泰中证500ETF,基金,国泰基金管理有限公司,12600,103950.0,0.00053173,0.00067984,0.1,Eastmoney RPT_MAIN_ORGHOLD
2025-06-30,000582,北部湾港,561320,国泰中证内地运输主题ETF,基金,国泰基金管理有限公司,63300,522225.0,0.00267129,0.0034154,0.9,Eastmoney RPT_MAIN_ORGHOLD
2025-06-30,000582,北部湾港,560030,汇添富中证800价值ETF,基金,汇添富基金管理股份有限公司,2600,21450.0,0.00010972,0.00014028,0.07,Eastmoney RPT_MAIN_ORGHOLD
2025-06-30,000582,北部湾港,519156,新华行业灵活配置混合A,基金,新华基金管理股份有限公司,16,132.0,6.8e-07,8.6e-07,0.0,Eastmoney RPT_MAIN_ORGHOLD
2025-06-30,000582,北部湾港,515990,添富中证国企一带一路ETF,基金,汇添富基金管理股份有限公司,41900,345675.0,0.0017682,0.00226074,0.36,Eastmoney RPT_MAIN_ORGHOLD
2025-06-30,000582,北部湾港,515810,易方达中证800ETF,基金,易方达基金管理有限公司,7900,65175.0,0.00033338,0.00042625,0.03,Eastmoney RPT_MAIN_ORGHOLD
2025-06-30,000582,北部湾港,515800,添富中证800ETF,基金,汇添富基金管理股份有限公司,156400,1290300.0,0.00660015,0.00843867,0.03,Eastmoney RPT_MAIN_ORGHOLD
2025-06-30,000582,北部湾港,515590,前海开源中证500等权ETF,基金,前海开源基金管理有限公司,10500,86625.0,0.0004431,0.00056654,0.17,Eastmoney RPT_MAIN_ORGHOLD
2025-06-30,000582,北部湾港,515550,国联中证500ETF,基金,国联基金管理有限公司,8500,70125.0,0.0003587,0.00045862,0.1,Eastmoney RPT_MAIN_ORGHOLD
2025-06-30,000582,北部湾港,515530,泰康中证500ETF,基金,泰康基金管理有限公司,9800,80850.0,0.00041356,0.00052877,0.1,Eastmoney RPT_MAIN_ORGHOLD
2025-06-30,000582,北部湾港,515190,中银证券中证500ETF,基金,中银国际证券股份有限公司,11000,90750.0,0.0004642,0.00059351,0.1,Eastmoney RPT_MAIN_ORGHOLD
2025-06-30,000582,北部湾港,515150,富国中证国企一带一路ETF,基金,富国基金管理有限公司,307200,2534400.0,0.01296397,0.0165752,0.36,Eastmoney RPT_MAIN_ORGHOLD
2025-06-30,000582,北部湾港,515110,易方达中证国企一带一路ETF,基金,易方达基金管理有限公司,123300,1017225.0,0.00520331,0.00665274,0.36,Eastmoney RPT_MAIN_ORGHOLD
2025-06-30,000582,北部湾港,512510,华泰柏瑞中证500ETF,基金,华泰柏瑞基金管理有限公司,118300,975975.0,0.00499231,0.00638296,0.1,Eastmoney RPT_MAIN_ORGHOLD
2025-06-30,000582,北部湾港,512500,华夏中证500ETF,基金,华夏基金管理有限公司,1619700,13362525.0,0.06835203,0.08739208,0.1,Eastmoney RPT_MAIN_ORGHOLD
2025-06-30,000582,北部湾港,510590,平安中证500ETF,基金,平安基金管理有限公司,68700,566775.0,0.00289917,0.00370676,0.1,Eastmoney RPT_MAIN_ORGHOLD
2025-06-30,000582,北部湾港,510580,易方达中证500ETF,基金,易方达基金管理有限公司,346600,2859450.0,0.01462667,0.01870105,0.1,Eastmoney RPT_MAIN_ORGHOLD
2025-06-30,000582,北部湾港,510570,兴业中证500ETF,基金,兴业基金管理有限公司,2800,23100.0,0.00011816,0.00015108,0.11,Eastmoney RPT_MAIN_ORGHOLD
2025-06-30,000582,北部湾港,510560,国寿安保中证500ETF,基金,国寿安保基金管理有限公司,22500,185625.0,0.00094951,0.001214,0.1,Eastmoney RPT_MAIN_ORGHOLD
2025-06-30,000582,北部湾港,510550,方正富邦中证500ETF,基金,方正富邦基金管理有限公司,3200,26400.0,0.00013504,0.00017266,0.1,Eastmoney RPT_MAIN_ORGHOLD
2025-06-30,000582,北部湾港,510530,工银中证500ETF,基金,工银瑞信基金管理有限公司,48000,396000.0,0.00202562,0.00258987,0.1,Eastmoney RPT_MAIN_ORGHOLD
2025-06-30,000582,北部湾港,510510,广发中证500ETF,基金,广发基金管理有限公司,239834,1978630.5,0.0101211,0.01294042,0.1,Eastmoney RPT_MAIN_ORGHOLD
2025-06-30,000582,北部湾港,510500,南方中证500ETF,基金,南方基金管理股份有限公司,13789860,113766345.0,0.58193801,0.74404183,0.1,Eastmoney RPT_MAIN_ORGHOLD
2025-06-30,000582,北部湾港,501036,汇添富中证500ETF联接(LOF)A,基金,汇添富基金管理股份有限公司,42900,353925.0,0.0018104,0.0023147,0.1,Eastmoney RPT_MAIN_ORGHOLD
2025-06-30,000582,北部湾港,450010,国富策略回报混合A,基金,国海富兰克林基金管理有限公司,1500000,12375000.0,0.06330064,0.08093358,0.8,Eastmoney RPT_MAIN_ORGHOLD
2025-06-30,000582,北部湾港,320003,诺安先锋混合A,基金,诺安基金管理有限公司,10,82.5,4.2e-07,5.4e-07,0.0,Eastmoney RPT_MAIN_ORGHOLD
2025-06-30,000582,北部湾港,240009,华宝先进成长混合,基金,华宝基金管理有限公司,773932,6384939.0,0.03266026,0.04175806,0.8,Eastmoney RPT_MAIN_ORGHOLD
2025-06-30,000582,北部湾港,240008,华宝收益增长混合A,基金,华宝基金管理有限公司,1800500,14854125.0,0.07598187,0.09714727,2.35,Eastmoney RPT_MAIN_ORGHOLD
2025-06-30,000582,北部湾港,210005,金鹰主题优势混合,基金,金鹰基金管理有限公司,61800,509850.0,0.00260799,0.00333446,0.29,Eastmoney RPT_MAIN_ORGHOLD
2025-06-30,000582,北部湾港,202017,南方深证成份ETF联接A,基金,南方基金管理股份有限公司,100,825.0,4.22e-06,5.4e-06,0.0,Eastmoney RPT_MAIN_ORGHOLD
2025-06-30,000582,北部湾港,169105,东方红睿华沪港深混合A,基金,上海东方证券资产管理有限公司,625714,5162140.5,0.0264054,0.03376085,0.44,Eastmoney RPT_MAIN_ORGHOLD
2025-06-30,000582,北部湾港,167503,安信一带一路指数A,基金,安信基金管理有限责任公司,22100,182325.0,0.00093263,0.00119242,0.24,Eastmoney RPT_MAIN_ORGHOLD
2025-06-30,000582,北部湾港,165511,中信保诚中证500指数(LOF)A,基金,中信保诚基金管理有限公司,30800,254100.0,0.00129977,0.00166184,0.08,Eastmoney RPT_MAIN_ORGHOLD
2025-06-30,000582,北部湾港,163109,申万菱信深证成份指数(LOF)A,基金,申万菱信基金管理有限公司,9800,80850.0,0.00041356,0.00052877,0.05,Eastmoney RPT_MAIN_ORGHOLD
2025-06-30,000582,北部湾港,161612,融通深证成份指数A,基金,融通基金管理有限公司,5800,47850.0,0.00024476,0.00031294,0.05,Eastmoney RPT_MAIN_ORGHOLD
2025-06-30,000582,北部湾港,161017,富国中证500指数增强(LOF)A,基金,富国基金管理有限公司,63600,524700.0,0.00268395,0.00343158,0.01,Eastmoney RPT_MAIN_ORGHOLD
2025-06-30,000582,北部湾港,160638,鹏华中证一带一路主题指数(LOF)A,基金,鹏华基金管理有限公司,81500,672375.0,0.00343933,0.00439739,0.24,Eastmoney RPT_MAIN_ORGHOLD
2025-06-30,000582,北部湾港,160616,鹏华中证500指数(LOF)A,基金,鹏华基金管理有限公司,40900,337425.0,0.001726,0.00220679,0.1,Eastmoney RPT_MAIN_ORGHOLD
2025-06-30,000582,北部湾港,160119,南方中证500ETF联接(LOF)A,基金,南方基金管理股份有限公司,12600,103950.0,0.00053173,0.00067984,0.0,Eastmoney RPT_MAIN_ORGHOLD
2025-06-30,000582,北部湾港,159982,鹏华中证500ETF,基金,鹏华基金管理有限公司,35300,291225.0,0.00148968,0.00190464,0.1,Eastmoney RPT_MAIN_ORGHOLD
2025-06-30,000582,北部湾港,159968,博时中证500ETF,基金,博时基金管理有限公司,81200,669900.0,0.00342667,0.0043812,0.1,Eastmoney RPT_MAIN_ORGHOLD
2025-06-30,000582,北部湾港,159943,大成深证成份ETF,基金,大成基金管理有限公司,12300,101475.0,0.00051907,0.00066366,0.05,Eastmoney RPT_MAIN_ORGHOLD
2025-06-30,000582,北部湾港,159935,景顺长城中证500ETF,基金,景顺长城基金管理有限公司,7400,61050.0,0.00031228,0.00039927,0.1,Eastmoney RPT_MAIN_ORGHOLD
2025-06-30,000582,北部湾港,159922,嘉实中证500ETF,基金,嘉实基金管理有限公司,1411100,11641575.0,0.05954903,0.07613692,0.1,Eastmoney RPT_MAIN_ORGHOLD
2025-06-30,000582,北部湾港,159903,南方深证成份ETF,基金,南方基金管理股份有限公司,31300,258225.0,0.00132087,0.00168881,0.05,Eastmoney RPT_MAIN_ORGHOLD
2025-06-30,000582,北部湾港,159820,天弘中证500ETF,基金,天弘基金管理有限公司,261100,2154075.0,0.01101853,0.01408784,0.1,Eastmoney RPT_MAIN_ORGHOLD
2025-06-30,000582,北部湾港,159800,鹏华中证800ETF,基金,鹏华基金管理有限公司,1400,11550.0,5.908e-05,7.554e-05,0.03,Eastmoney RPT_MAIN_ORGHOLD
2025-06-30,000582,北部湾港,159717,鹏华国证ESG300ETF,基金,鹏华基金管理有限公司,2300,18975.0,9.706e-05,0.0001241,0.04,Eastmoney RPT_MAIN_ORGHOLD
2025-06-30,000582,北部湾港,159666,华夏中证全指运输ETF,基金,华夏基金管理有限公司,51900,428175.0,0.0021902,0.0028003,0.67,Eastmoney RPT_MAIN_ORGHOLD
2025-06-30,000582,北部湾港,159662,南方国证交通运输行业ETF,基金,南方基金管理股份有限公司,50000,412500.0,0.00211002,0.00269779,0.64,Eastmoney RPT_MAIN_ORGHOLD
2025-06-30,000582,北部湾港,159653,国联安国证ESG300ETF,基金,国联安基金管理有限公司,2900,23925.0,0.00012238,0.00015647,0.04,Eastmoney RPT_MAIN_ORGHOLD
2025-06-30,000582,北部湾港,159337,中证500ETF基金,基金,东财基金管理有限公司,185200,1527900.0,0.00781552,0.0099926,0.1,Eastmoney RPT_MAIN_ORGHOLD
2025-06-30,000582,北部湾港,10671586,香港中央结算有限公司,其他,,9165283,75613584.75,0.38677887,0.49451945,,Eastmoney RPT_MAIN_ORGHOLD
2025-06-30,000582,北部湾港,10119468,广西产投资本运营集团有限公司,其他,,35058622,289233631.5,1.47948889,1.89161321,,Eastmoney RPT_MAIN_ORGHOLD
2025-06-30,000582,北部湾港,10102635,广西北部湾国际港务集团有限公司,其他,,1300340832,10727811864.0,33.09644469,42.31574338,,Eastmoney RPT_MAIN_ORGHOLD
2025-06-30,000582,北部湾港,10013673,上海中海码头发展有限公司,其他,,268145692,2212201959.0,11.31586323,14.46799405,,Eastmoney RPT_MAIN_ORGHOLD
2025-06-30,000582,北部湾港,10000362884,湖北省铁路发展基金有限责任公司,其他,,9356243,77189004.75,0.39483747,0.50482283,,Eastmoney RPT_MAIN_ORGHOLD
2025-06-30,000582,北部湾港,10000283948,芜湖信达降杠杆投资管理合伙企业(有限合伙),其他,,19689887,162441567.75,0.83092168,1.06238204,,Eastmoney RPT_MAIN_ORGHOLD
2025-06-30,000582,北部湾港,023192,招商资管中证500指数增强发起A,基金,招商证券资产管理有限公司,4900,40425.0,0.00020678,0.00026438,0.38,Eastmoney RPT_MAIN_ORGHOLD
2025-06-30,000582,北部湾港,022597,富国红利质选混合A,基金,富国基金管理有限公司,148200,1222650.0,0.0062541,0.00799624,0.66,Eastmoney RPT_MAIN_ORGHOLD
2025-06-30,000582,北部湾港,021548,富国稳健双鑫债券A,基金,富国基金管理有限公司,7600,62700.0,0.00032072,0.00041006,0.03,Eastmoney RPT_MAIN_ORGHOLD
2025-06-30,000582,北部湾港,020864,银华嘉选平衡混合发起式A,基金,银华基金管理股份有限公司,1600,13200.0,6.752e-05,8.633e-05,0.1,Eastmoney RPT_MAIN_ORGHOLD
2025-06-30,000582,北部湾港,019960,富国远见价值混合A,基金,富国基金管理有限公司,103400,853050.0,0.00436352,0.00557902,1.01,Eastmoney RPT_MAIN_ORGHOLD
2025-06-30,000582,北部湾港,019876,广发均衡成长混合A,基金,广发基金管理有限公司,13200,108900.0,0.00055705,0.00071222,0.01,Eastmoney RPT_MAIN_ORGHOLD
2025-06-30,000582,北部湾港,019760,中信建投质选成长混合发起式A,基金,中信建投基金管理有限公司,2000,16500.0,8.44e-05,0.00010791,0.1,Eastmoney RPT_MAIN_ORGHOLD
2025-06-30,000582,北部湾港,019404,华夏中证全指运输ETF发起式联接A,基金,华夏基金管理有限公司,200,1650.0,8.44e-06,1.079e-05,0.01,Eastmoney RPT_MAIN_ORGHOLD
2025-06-30,000582,北部湾港,019371,富国远见精选三年定期开放混合,基金,富国基金管理有限公司,406800,3356100.0,0.01716713,0.02194919,1.1,Eastmoney RPT_MAIN_ORGHOLD
2025-06-30,000582,北部湾港,019189,华商品质价值混合A,基金,华商基金管理有限公司,200,1650.0,8.44e-06,1.079e-05,0.0,Eastmoney RPT_MAIN_ORGHOLD
2025-06-30,000582,北部湾港,019079,国富招瑞优选股票A,基金,国海富兰克林基金管理有限公司,560000,4620000.0,0.02363224,0.0302152,1.79,Eastmoney RPT_MAIN_ORGHOLD
2025-06-30,000582,北部湾港,018118,华宝ESG责任投资混合A,基金,华宝基金管理有限公司,151300,1248225.0,0.00638492,0.0081635,1.89,Eastmoney RPT_MAIN_ORGHOLD
2025-06-30,000582,北部湾港,017985,华夏中证800指数增强A,基金,华夏基金管理有限公司,500,4125.0,2.11e-05,2.698e-05,0.01,Eastmoney RPT_MAIN_ORGHOLD
2025-06-30,000582,北部湾港,016824,嘉实方舟一年持有期混合A,基金,嘉实基金管理有限公司,5500,45375.0,0.0002321,0.00029676,0.24,Eastmoney RPT_MAIN_ORGHOLD
2025-06-30,000582,北部湾港,015984,金鹰碳中和混合发起式A,基金,金鹰基金管理有限公司,5700,47025.0,0.00024054,0.00030755,0.44,Eastmoney RPT_MAIN_ORGHOLD
2025-06-30,000582,北部湾港,014838,兴银碳中和主题混合A,基金,兴银基金管理有限责任公司,500,4125.0,2.11e-05,2.698e-05,0.01,Eastmoney RPT_MAIN_ORGHOLD
2025-06-30,000582,北部湾港,014619,财通资管稳兴增益六个月持有期混合A,基金,财通证券资产管理有限公司,11800,97350.0,0.00049797,0.00063668,0.06,Eastmoney RPT_MAIN_ORGHOLD
2025-06-30,000582,北部湾港,013726,惠升惠诚稳健一年持有期混合A,基金,惠升基金管理有限责任公司,287600,2372700.0,0.01213684,0.01551767,2.03,Eastmoney RPT_MAIN_ORGHOLD
2025-06-30,000582,北部湾港,011927,博时汇誉回报混合A,基金,博时基金管理有限公司,167800,1384350.0,0.00708123,0.00905377,0.96,Eastmoney RPT_MAIN_ORGHOLD
2025-06-30,000582,北部湾港,011516,嘉实浦盈一年持有期混合A,基金,嘉实基金管理有限公司,17100,141075.0,0.00072163,0.00092264,0.02,Eastmoney RPT_MAIN_ORGHOLD
2025-06-30,000582,北部湾港,011371,华商远见价值混合A,基金,华商基金管理有限公司,399200,3293400.0,0.01684641,0.02153912,0.42,Eastmoney RPT_MAIN_ORGHOLD
2025-06-30,000582,北部湾港,011152,国富兴海回报混合A,基金,国海富兰克林基金管理有限公司,56000,462000.0,0.00236322,0.00302152,0.05,Eastmoney RPT_MAIN_ORGHOLD
2025-06-30,000582,北部湾港,011037,富国长期成长混合A,基金,富国基金管理有限公司,6041514,49842490.5,0.25495448,0.32597424,1.37,Eastmoney RPT_MAIN_ORGHOLD
2025-06-30,000582,北部湾港,010761,华商甄选回报混合A,基金,华商基金管理有限公司,1795360,14811720.0,0.07576496,0.09686994,0.41,Eastmoney RPT_MAIN_ORGHOLD
2025-06-30,000582,北部湾港,010549,富国均衡策略混合,基金,富国基金管理有限公司,2522000,20806500.0,0.10642948,0.13607633,1.25,Eastmoney RPT_MAIN_ORGHOLD
2025-06-30,000582,北部湾港,010347,农银策略收益混合,基金,农银汇理基金管理有限公司,176000,1452000.0,0.00742728,0.00949621,0.05,Eastmoney RPT_MAIN_ORGHOLD
2025-06-30,000582,北部湾港,010328,博时荣华混合A,基金,博时基金管理有限公司,366800,3026100.0,0.01547912,0.01979096,0.88,Eastmoney RPT_MAIN_ORGHOLD
2025-06-30,000582,北部湾港,009527,浙商汇金新兴消费,基金,浙江浙商证券资产管理有限公司,75000,618750.0,0.00316503,0.00404668,2.72,Eastmoney RPT_MAIN_ORGHOLD
2025-06-30,000582,北部湾港,008819,农银策略趋势混合,基金,农银汇理基金管理有限公司,22000,181500.0,0.00092841,0.00118703,0.05,Eastmoney RPT_MAIN_ORGHOLD
2025-06-30,000582,北部湾港,008704,广发高股息优享混合A,基金,广发基金管理有限公司,1900,15675.0,8.018e-05,0.00010252,0.01,Eastmoney RPT_MAIN_ORGHOLD
2025-06-30,000582,北部湾港,008258,中银证券中证500ETF联接A,基金,中银国际证券股份有限公司,200,1650.0,8.44e-06,1.079e-05,0.0,Eastmoney RPT_MAIN_ORGHOLD
2025-06-30,000582,北部湾港,008112,中泰中证500指数增强A,基金,中泰证券(上海)资产管理有限公司,3300,27225.0,0.00013926,0.00017805,0.05,Eastmoney RPT_MAIN_ORGHOLD
2025-06-30,000582,北部湾港,007590,华宝绿色领先股票A,基金,华宝基金管理有限公司,66000,544500.0,0.00278523,0.00356108,0.95,Eastmoney RPT_MAIN_ORGHOLD
2025-06-30,000582,北部湾港,006780,广发稳健策略混合A,基金,广发基金管理有限公司,1253000,10337250.0,0.05287714,0.06760652,1.37,Eastmoney RPT_MAIN_ORGHOLD
2025-06-30,000582,北部湾港,006611,人保中证500A,基金,中国人保资产管理有限公司,5400,44550.0,0.00022788,0.00029136,0.07,Eastmoney RPT_MAIN_ORGHOLD
2025-06-30,000582,北部湾港,005848,银华裕利混合发起式,基金,银华基金管理股份有限公司,107900,890175.0,0.00455343,0.00582182,0.98,Eastmoney RPT_MAIN_ORGHOLD
2025-06-30,000582,北部湾港,005760,富国周期优势混合A,基金,富国基金管理有限公司,1570504,12956658.0,0.06627594,0.08473768,1.18,Eastmoney RPT_MAIN_ORGHOLD
2025-06-30,000582,北部湾港,004952,兴全恒益债券A,基金,兴证全球基金管理有限公司,672043,5544354.75,0.0283605,0.03626056,0.25,Eastmoney RPT_MAIN_ORGHOLD
2025-06-30,000582,北部湾港,002943,广发多因子混合,基金,广发基金管理有限公司,1442700,11902275.0,0.06088256,0.07784192,0.09,Eastmoney RPT_MAIN_ORGHOLD
2025-06-30,000582,北部湾港,002295,广发稳安混合A,基金,广发基金管理有限公司,300000,2475000.0,0.01266013,0.01618672,2.31,Eastmoney RPT_MAIN_ORGHOLD
2025-06-30,000582,北部湾港,002213,中海顺鑫混合,基金,中海基金管理有限公司,80400,663300.0,0.00339291,0.00433804,1.6,Eastmoney RPT_MAIN_ORGHOLD
2025-06-30,000582,北部湾港,002189,农银国企改革混合,基金,农银汇理基金管理有限公司,4600,37950.0,0.00019412,0.0002482,0.05,Eastmoney RPT_MAIN_ORGHOLD
2025-06-30,000582,北部湾港,002159,东吴国企改革混合A,基金,东吴基金管理有限公司,15700,129525.0,0.00066255,0.0008471,0.94,Eastmoney RPT_MAIN_ORGHOLD
2025-06-30,000582,北部湾港,001959,华商乐享互联灵活配置混合A,基金,华商基金管理有限公司,468,3861.0,1.975e-05,2.525e-05,0.0,Eastmoney RPT_MAIN_ORGHOLD
2025-06-30,000582,北部湾港,001651,工银新蓝筹股票A,基金,工银瑞信基金管理有限公司,10000,82500.0,0.000422,0.00053956,0.02,Eastmoney RPT_MAIN_ORGHOLD
2025-06-30,000582,北部湾港,000993,华宝稳健回报混合,基金,华宝基金管理有限公司,56700,467775.0,0.00239276,0.00305929,0.47,Eastmoney RPT_MAIN_ORGHOLD
2025-06-30,000582,北部湾港,000970,东方红睿元混合,基金,上海东方证券资产管理有限公司,689052,5684679.0,0.02907829,0.0371783,0.44,Eastmoney RPT_MAIN_ORGHOLD
2025-06-30,000582,北部湾港,000962,天弘中证500ETF联接A,基金,天弘基金管理有限公司,9000,74250.0,0.0003798,0.0004856,0.0,Eastmoney RPT_MAIN_ORGHOLD
2025-06-30,000582,北部湾港,000471,富国城镇发展股票,基金,富国基金管理有限公司,1440477,11883935.25,0.06078875,0.07772197,1.64,Eastmoney RPT_MAIN_ORGHOLD
2025-06-30,000582,北部湾港,000127,农银行业领先混合,基金,农银汇理基金管理有限公司,39400,325050.0,0.0016627,0.00212586,0.05,Eastmoney RPT_MAIN_ORGHOLD
2025-06-30,000582,北部湾港,000008,嘉实中证500ETF联接A,基金,嘉实基金管理有限公司,1200,9900.0,5.064e-05,6.475e-05,0.0,Eastmoney RPT_MAIN_ORGHOLD
2025-03-31,000582,北部湾港,78228927,深圳君宜私募证券基金管理有限公司-君宜敬义私募证券投资基金,其他,,14044943,119101116.64,0.61666795,0.79742771,,Eastmoney RPT_MAIN_ORGHOLD
2025-03-31,000582,北部湾港,73008468,平安基金-平安银行-中融国际信托-中融-财富1号结构化集合资金信托,信托,,22473002,190571056.96,0.98671671,1.2759464,,Eastmoney RPT_MAIN_ORGHOLD
2025-03-31,000582,北部湾港,70400207,中国人寿保险股份有限公司-传统-普通保险产品-005L-CT001沪,保险,,15147362,128449629.76,0.66507159,0.86001959,,Eastmoney RPT_MAIN_ORGHOLD
2025-03-31,000582,北部湾港,70010413,全国社保基金四一三组合,社保,,22110001,187492808.48,0.97077851,1.25533634,,Eastmoney RPT_MAIN_ORGHOLD
2025-03-31,000582,北部湾港,10671586,香港中央结算有限公司,其他,,14518526,123117100.48,0.63746144,0.82431626,,Eastmoney RPT_MAIN_ORGHOLD
2025-03-31,000582,北部湾港,10119468,广西产投资本运营集团有限公司,其他,,40911015,346925407.2,1.79627013,2.32279881,,Eastmoney RPT_MAIN_ORGHOLD
2025-03-31,000582,北部湾港,10102635,广西北部湾国际港务集团有限公司,其他,,1286785416,10911940327.68,33.83949127,43.75863564,,Eastmoney RPT_MAIN_ORGHOLD
2025-03-31,000582,北部湾港,10062717,太平人寿保险有限公司,保险,,15546399,131833463.52,0.68259201,0.88267566,,Eastmoney RPT_MAIN_ORGHOLD
2025-03-31,000582,北部湾港,10013673,上海中海码头发展有限公司,其他,,224642108,1904965075.84,9.86330719,12.75447263,,Eastmoney RPT_MAIN_ORGHOLD
2025-03-31,000582,北部湾港,10000362884,湖北省铁路发展基金有限责任公司,其他,,14044943,119101116.64,0.61666795,0.79742771,,Eastmoney RPT_MAIN_ORGHOLD
2025-03-31,000582,北部湾港,10000283948,芜湖信达降杠杆投资管理合伙企业(有限合伙),其他,,28089887,238202241.76,1.23333593,1.59485547,,Eastmoney RPT_MAIN_ORGHOLD
2025-03-31,000582,北部湾港,020577,国富恒兴债券A,基金,国海富兰克林基金管理有限公司,160000,1356800.0,0.00702508,0.0090843,1.92,Eastmoney RPT_MAIN_ORGHOLD
2025-03-31,000582,北部湾港,017991,华泰柏瑞致远混合A,基金,华泰柏瑞基金管理有限公司,300000,2544000.0,0.01317203,0.01703306,3.12,Eastmoney RPT_MAIN_ORGHOLD
2025-03-31,000582,北部湾港,017886,国富安颐稳健6个月持有期混合A,基金,国海富兰克林基金管理有限公司,86000,729280.0,0.00377598,0.00488281,1.95,Eastmoney RPT_MAIN_ORGHOLD
2025-03-31,000582,北部湾港,014852,嘉实添惠一年持有混合A,基金,嘉实基金管理有限公司,75000,636000.0,0.00329301,0.00425826,0.9,Eastmoney RPT_MAIN_ORGHOLD
2025-03-31,000582,北部湾港,013726,惠升惠诚稳健一年持有期混合A,基金,惠升基金管理有限责任公司,282400,2394752.0,0.01239927,0.01603378,1.94,Eastmoney RPT_MAIN_ORGHOLD
2025-03-31,000582,北部湾港,012812,国富鑫颐收益混合A,基金,国海富兰克林基金管理有限公司,53000,449440.0,0.00232706,0.00300917,2.11,Eastmoney RPT_MAIN_ORGHOLD
2025-03-31,000582,北部湾港,011536,惠升惠益混合A,基金,惠升基金管理有限责任公司,174600,1480608.0,0.00766612,0.00991324,2.38,Eastmoney RPT_MAIN_ORGHOLD
2025-03-31,000582,北部湾港,008524,华泰柏瑞锦瑞债券A,基金,华泰柏瑞基金管理有限公司,200000,1696000.0,0.00878135,0.01135537,1.73,Eastmoney RPT_MAIN_ORGHOLD
2025-03-31,000582,北部湾港,001756,嘉实策略优选混合,基金,嘉实基金管理有限公司,559900,4747952.0,0.0245834,0.03178936,0.84,Eastmoney RPT_MAIN_ORGHOLD
2024-12-31,000582,北部湾港,970090,安信资管瑞丰6个月持有债券A,基金,国投证券资产管理有限公司,20000,157600.0,0.00087814,0.00113555,0.33,Eastmoney RPT_MAIN_ORGHOLD
2024-12-31,000582,北部湾港,970077,安信资管瑞鑫一年持有A,基金,国投证券资产管理有限公司,10000,78800.0,0.00043907,0.00056778,0.23,Eastmoney RPT_MAIN_ORGHOLD
2024-12-31,000582,北部湾港,970041,国海量化优选一年持有股票A,基金,国海证券股份有限公司,5400,42552.0,0.0002371,0.0003066,0.01,Eastmoney RPT_MAIN_ORGHOLD
2024-12-31,000582,北部湾港,78228927,深圳君宜私募证券基金管理有限公司-君宜敬义私募证券投资基金,其他,,14044943,110674150.84,0.61666805,0.79743748,,Eastmoney RPT_MAIN_ORGHOLD
2024-12-31,000582,北部湾港,73008468,平安基金-平安银行-中融国际信托-中融-财富1号结构化集合资金信托,信托,,22473002,177087255.76,0.98671689,1.27596203,,Eastmoney RPT_MAIN_ORGHOLD
2024-12-31,000582,北部湾港,70428370,国泰君安证券资管-山东土地集团供应链管理有限公司-国君资管君得山东土地成长单一资产管理计划,券商,,19801615,156036726.2,0.86942492,1.12428722,,Eastmoney RPT_MAIN_ORGHOLD
2024-12-31,000582,北部湾港,70010413,全国社保基金四一三组合,社保,,22110001,174226807.88,0.97077869,1.25535172,,Eastmoney RPT_MAIN_ORGHOLD
2024-12-31,000582,北部湾港,560110,汇添富中证1000ETF,基金,汇添富基金管理股份有限公司,28100,221428.0,0.00123378,0.00159545,0.08,Eastmoney RPT_MAIN_ORGHOLD
2024-12-31,000582,北部湾港,560010,广发中证1000ETF,基金,广发基金管理有限公司,2356600,18570008.0,0.10347069,0.13380198,0.08,Eastmoney RPT_MAIN_ORGHOLD
2024-12-31,000582,北部湾港,519228,海富通欣享混合C,基金,海富通基金管理有限公司,300,2364.0,1.317e-05,1.703e-05,0.02,Eastmoney RPT_MAIN_ORGHOLD
2024-12-31,000582,北部湾港,519221,海富通欣益混合C,基金,海富通基金管理有限公司,3300,26004.0,0.00014489,0.00018737,0.08,Eastmoney RPT_MAIN_ORGHOLD
2024-12-31,000582,北部湾港,516300,华泰柏瑞中证1000ETF,基金,华泰柏瑞基金管理有限公司,17600,138688.0,0.00077276,0.00099928,0.08,Eastmoney RPT_MAIN_ORGHOLD
2024-12-31,000582,北部湾港,512100,南方中证1000ETF,基金,南方基金管理股份有限公司,5669500,44675660.0,0.24892942,0.32190033,0.08,Eastmoney RPT_MAIN_ORGHOLD
2024-12-31,000582,北部湾港,501060,中金中证优选300指数(LOF)A,基金,中金基金管理有限公司,87900,692652.0,0.0038594,0.00499075,0.06,Eastmoney RPT_MAIN_ORGHOLD
2024-12-31,000582,北部湾港,360001,光大保德信量化股票A,基金,光大保德信基金管理有限公司,89600,706048.0,0.00393405,0.00508727,0.07,Eastmoney RPT_MAIN_ORGHOLD
2024-12-31,000582,北部湾港,320003,诺安先锋混合A,基金,诺安基金管理有限公司,10,78.8,4.4e-07,5.7e-07,0.0,Eastmoney RPT_MAIN_ORGHOLD
2024-12-31,000582,北部湾港,168301,东海祥龙(LOF)A,基金,东海基金管理有限责任公司,27800,219064.0,0.00122061,0.00157842,2.32,Eastmoney RPT_MAIN_ORGHOLD
2024-12-31,000582,北部湾港,167503,安信一带一路指数A,基金,安信基金管理有限责任公司,17800,140264.0,0.00078154,0.00101064,0.17,Eastmoney RPT_MAIN_ORGHOLD
2024-12-31,000582,北部湾港,163110,申万菱信量化小盘股票(LOF)A,基金,申万菱信基金管理有限公司,216100,1702868.0,0.00948825,0.01226963,0.2,Eastmoney RPT_MAIN_ORGHOLD
2024-12-31,000582,北部湾港,163109,申万菱信深证成份指数(LOF)A,基金,申万菱信基金管理有限公司,10800,85104.0,0.00047419,0.0006132,0.05,Eastmoney RPT_MAIN_ORGHOLD
2024-12-31,000582,北部湾港,161612,融通深证成份指数A,基金,融通基金管理有限公司,6400,50432.0,0.000281,0.00036338,0.05,Eastmoney RPT_MAIN_ORGHOLD
2024-12-31,000582,北部湾港,161039,富国中证1000指数增强(LOF)A,基金,富国基金管理有限公司,128000,1008640.0,0.00562007,0.00726753,0.05,Eastmoney RPT_MAIN_ORGHOLD
2024-12-31,000582,北部湾港,160638,鹏华中证一带一路主题指数(LOF)A,基金,鹏华基金管理有限公司,64100,505108.0,0.00281442,0.00363944,0.17,Eastmoney RPT_MAIN_ORGHOLD
2024-12-31,000582,北部湾港,159943,大成深证成份ETF,基金,大成基金管理有限公司,15500,122140.0,0.00068055,0.00088005,0.05,Eastmoney RPT_MAIN_ORGHOLD
2024-12-31,000582,北部湾港,159903,南方深证成份ETF,基金,南方基金管理股份有限公司,39600,312048.0,0.00173871,0.00224839,0.06,Eastmoney RPT_MAIN_ORGHOLD
2024-12-31,000582,北部湾港,159845,华夏中证1000ETF,基金,华夏基金管理有限公司,3028618,23865509.84,0.13297683,0.17195751,0.08,Eastmoney RPT_MAIN_ORGHOLD
2024-12-31,000582,北部湾港,159717,鹏华国证ESG300ETF,基金,鹏华基金管理有限公司,3800,29944.0,0.00016685,0.00021575,0.04,Eastmoney RPT_MAIN_ORGHOLD
2024-12-31,000582,北部湾港,159679,国泰中证1000增强策略ETF,基金,国泰基金管理有限公司,120000,945600.0,0.00526881,0.00681331,0.53,Eastmoney RPT_MAIN_ORGHOLD
2024-12-31,000582,北部湾港,159677,银华中证1000增强策略ETF,基金,银华基金管理股份有限公司,5600,44128.0,0.00024588,0.00031795,0.09,Eastmoney RPT_MAIN_ORGHOLD
2024-12-31,000582,北部湾港,159666,华夏中证全指运输ETF,基金,华夏基金管理有限公司,42400,334112.0,0.00186165,0.00240737,0.47,Eastmoney RPT_MAIN_ORGHOLD
2024-12-31,000582,北部湾港,159662,南方国证交通运输行业ETF,基金,南方基金管理股份有限公司,52200,411336.0,0.00229193,0.00296379,0.64,Eastmoney RPT_MAIN_ORGHOLD
2024-12-31,000582,北部湾港,159653,国联安国证ESG300ETF,基金,国联安基金管理有限公司,3000,23640.0,0.00013172,0.00017033,0.04,Eastmoney RPT_MAIN_ORGHOLD
2024-12-31,000582,北部湾港,159633,易方达中证1000ETF,基金,易方达基金管理有限公司,245500,1934540.0,0.01077911,0.01393889,0.08,Eastmoney RPT_MAIN_ORGHOLD
2024-12-31,000582,北部湾港,159629,富国中证1000ETF,基金,富国基金管理有限公司,936700,7381196.0,0.04112747,0.05318353,0.08,Eastmoney RPT_MAIN_ORGHOLD
2024-12-31,000582,北部湾港,10671586,香港中央结算有限公司,其他,,15704740,123753351.2,0.68954438,0.89167669,,Eastmoney RPT_MAIN_ORGHOLD
2024-12-31,000582,北部湾港,10119468,广西产投资本运营集团有限公司,其他,,40911015,322378798.2,1.79627045,2.32282727,,Eastmoney RPT_MAIN_ORGHOLD
2024-12-31,000582,北部湾港,10102635,广西北部湾国际港务集团有限公司,其他,,1278107186,10071484625.68,33.45846421,43.26644307,,Eastmoney RPT_MAIN_ORGHOLD
2024-12-31,000582,北部湾港,10013673,上海中海码头发展有限公司,其他,,224642108,1770179811.04,9.86330893,12.75462889,,Eastmoney RPT_MAIN_ORGHOLD
2024-12-31,000582,北部湾港,10004837,长城证券股份有限公司,券商,,12447150,98083542.0,0.54651413,0.7067187,,Eastmoney RPT_MAIN_ORGHOLD
2024-12-31,000582,北部湾港,10000362884,湖北省铁路发展基金有限责任公司,其他,,14044943,110674150.84,0.61666805,0.79743748,,Eastmoney RPT_MAIN_ORGHOLD
2024-12-31,000582,北部湾港,10000283948,芜湖信达降杠杆投资管理合伙企业(有限合伙),其他,,28089887,221348309.56,1.23333615,1.59487501,,Eastmoney RPT_MAIN_ORGHOLD
2024-12-31,000582,北部湾港,021548,富国稳健双鑫债券A,基金,富国基金管理有限公司,47400,373512.0,0.00208118,0.00269126,0.11,Eastmoney RPT_MAIN_ORGHOLD
2024-12-31,000582,北部湾港,021333,信澳国企智选混合A,基金,信达澳亚基金管理有限公司,4700,37036.0,0.00020636,0.00026685,0.03,Eastmoney RPT_MAIN_ORGHOLD
2024-12-31,000582,北部湾港,021316,民生加银智选成长股票A,基金,民生加银基金管理有限公司,14000,110320.0,0.00061469,0.00079489,0.22,Eastmoney RPT_MAIN_ORGHOLD
2024-12-31,000582,北部湾港,021247,兴全红利混合A,基金,兴证全球基金管理有限公司,10000,78800.0,0.00043907,0.00056778,0.02,Eastmoney RPT_MAIN_ORGHOLD
2024-12-31,000582,北部湾港,020864,银华嘉选平衡混合发起式A,基金,银华基金管理股份有限公司,1900,14972.0,8.342e-05,0.00010788,0.1,Eastmoney RPT_MAIN_ORGHOLD
2024-12-31,000582,北部湾港,020811,富国盛利增强债券发起式A,基金,富国基金管理有限公司,12000,94560.0,0.00052688,0.00068133,0.11,Eastmoney RPT_MAIN_ORGHOLD
2024-12-31,000582,北部湾港,020653,恒生前海兴泰混合A,基金,恒生前海基金管理有限公司,135500,1067740.0,0.00594937,0.00769336,0.48,Eastmoney RPT_MAIN_ORGHOLD
2024-12-31,000582,北部湾港,019969,招商均衡策略混合A,基金,招商基金管理有限公司,3900,30732.0,0.00017124,0.00022143,0.03,Eastmoney RPT_MAIN_ORGHOLD
2024-12-31,000582,北部湾港,019561,富国致航量化选股股票A,基金,富国基金管理有限公司,7300,57524.0,0.00032052,0.00041448,0.06,Eastmoney RPT_MAIN_ORGHOLD
2024-12-31,000582,北部湾港,019555,中银中证1000指数增强A,基金,中银基金管理有限公司,48100,379028.0,0.00211192,0.002731,0.24,Eastmoney RPT_MAIN_ORGHOLD
2024-12-31,000582,北部湾港,019404,华夏中证全指运输ETF发起式联接A,基金,华夏基金管理有限公司,100,788.0,4.39e-06,5.68e-06,0.0,Eastmoney RPT_MAIN_ORGHOLD
2024-12-31,000582,北部湾港,019240,华泰柏瑞中证1000指数增强A,基金,华泰柏瑞基金管理有限公司,900,7092.0,3.952e-05,5.11e-05,0.01,Eastmoney RPT_MAIN_ORGHOLD
2024-12-31,000582,北部湾港,019030,信澳星耀智选混合A,基金,信达澳亚基金管理有限公司,4900,38612.0,0.00021514,0.00027821,0.03,Eastmoney RPT_MAIN_ORGHOLD
2024-12-31,000582,北部湾港,018763,汇添富稳荣回报债券发起式A,基金,汇添富基金管理股份有限公司,800,6304.0,3.513e-05,4.542e-05,0.04,Eastmoney RPT_MAIN_ORGHOLD
2024-12-31,000582,北部湾港,018706,兴银先进制造智选混合发起A,基金,兴银基金管理有限责任公司,2600,20488.0,0.00011416,0.00014762,0.2,Eastmoney RPT_MAIN_ORGHOLD
2024-12-31,000582,北部湾港,018661,大成中证1000指数增强发起式A,基金,大成基金管理有限公司,7300,57524.0,0.00032052,0.00041448,0.05,Eastmoney RPT_MAIN_ORGHOLD
2024-12-31,000582,北部湾港,018233,浙商中证1000指数增强A,基金,浙商基金管理有限公司,9800,77224.0,0.00043029,0.00055642,0.13,Eastmoney RPT_MAIN_ORGHOLD
2024-12-31,000582,北部湾港,017715,华宝量化选股混合发起式A,基金,华宝基金管理有限公司,5000,39400.0,0.00021953,0.00028389,0.09,Eastmoney RPT_MAIN_ORGHOLD
2024-12-31,000582,北部湾港,017323,农银中证1000指数增强A,基金,农银汇理基金管理有限公司,2400,18912.0,0.00010538,0.00013627,0.05,Eastmoney RPT_MAIN_ORGHOLD
2024-12-31,000582,北部湾港,017094,易方达中证1000量化增强A,基金,易方达基金管理有限公司,76000,598880.0,0.00333691,0.00431509,0.21,Eastmoney RPT_MAIN_ORGHOLD
2024-12-31,000582,北部湾港,017038,富国中证1000优选股票A,基金,富国基金管理有限公司,9300,73284.0,0.00040833,0.00052803,0.1,Eastmoney RPT_MAIN_ORGHOLD
2024-12-31,000582,北部湾港,016265,中信建投趋势领航两年持有期混合A,基金,中信建投基金管理有限公司,31600,249008.0,0.00138745,0.00179417,0.18,Eastmoney RPT_MAIN_ORGHOLD
2024-12-31,000582,北部湾港,015867,国泰海通中证1000指数增强A,基金,上海国泰海通证券资产管理有限公司,4300,33884.0,0.0001888,0.00024414,0.0,Eastmoney RPT_MAIN_ORGHOLD
2024-12-31,000582,北部湾港,015466,太平中证1000指数增强A,基金,太平基金管理有限公司,1400,11032.0,6.147e-05,7.949e-05,0.01,Eastmoney RPT_MAIN_ORGHOLD
2024-12-31,000582,北部湾港,015148,华安中证1000指数增强A,基金,华安基金管理有限公司,10800,85104.0,0.00047419,0.0006132,0.1,Eastmoney RPT_MAIN_ORGHOLD
2024-12-31,000582,北部湾港,014831,兴银中证1000指数增强A,基金,兴银基金管理有限责任公司,39400,310472.0,0.00172993,0.00223704,0.13,Eastmoney RPT_MAIN_ORGHOLD
2024-12-31,000582,北部湾港,014671,富国裕利债券A,基金,富国基金管理有限公司,11600,91408.0,0.00050932,0.00065862,0.0,Eastmoney RPT_MAIN_ORGHOLD
2024-12-31,000582,北部湾港,014619,财通资管稳兴增益六个月持有期混合A,基金,财通证券资产管理有限公司,11100,87468.0,0.00048737,0.00063023,0.04,Eastmoney RPT_MAIN_ORGHOLD
2024-12-31,000582,北部湾港,014135,中欧金安量化混合A,基金,中欧基金管理有限公司,99900,787212.0,0.00438629,0.00567208,0.16,Eastmoney RPT_MAIN_ORGHOLD
2024-12-31,000582,北部湾港,014031,南方发展机遇一年持有混合A,基金,南方基金管理股份有限公司,254900,2008612.0,0.01119184,0.0144726,1.34,Eastmoney RPT_MAIN_ORGHOLD
2024-12-31,000582,北部湾港,014016,中信建投品质优选一年持有期混合A,基金,中信建投基金管理有限公司,44600,351448.0,0.00195824,0.00253228,0.18,Eastmoney RPT_MAIN_ORGHOLD
2024-12-31,000582,北部湾港,013726,惠升惠诚稳健一年持有期混合A,基金,惠升基金管理有限责任公司,216300,1704444.0,0.00949703,0.01228098,0.93,Eastmoney RPT_MAIN_ORGHOLD
2024-12-31,000582,北部湾港,012746,富国双利增强债券A,基金,富国基金管理有限公司,13800,108744.0,0.00060591,0.00078353,0.21,Eastmoney RPT_MAIN_ORGHOLD
2024-12-31,000582,北部湾港,012196,招商品质生活混合A,基金,招商基金管理有限公司,33700,265556.0,0.00147966,0.0019134,0.02,Eastmoney RPT_MAIN_ORGHOLD
2024-12-31,000582,北部湾港,012140,太平丰泰一年定开债券发起式,基金,太平基金管理有限公司,257800,2031464.0,0.01131916,0.01463725,0.06,Eastmoney RPT_MAIN_ORGHOLD
2024-12-31,000582,北部湾港,011989,汇安鑫泽稳健一年持有期混合A,基金,汇安基金管理有限责任公司,10400,81952.0,0.00045663,0.00059049,0.03,Eastmoney RPT_MAIN_ORGHOLD
2024-12-31,000582,北部湾港,011934,中航量化阿尔法六个月持有A,基金,中航基金管理有限公司,2200,17336.0,9.659e-05,0.00012491,0.01,Eastmoney RPT_MAIN_ORGHOLD
2024-12-31,000582,北部湾港,011927,博时汇誉回报混合A,基金,博时基金管理有限公司,125200,986576.0,0.00549713,0.00710855,0.99,Eastmoney RPT_MAIN_ORGHOLD
2024-12-31,000582,北部湾港,011536,惠升惠益混合A,基金,惠升基金管理有限责任公司,79600,627248.0,0.00349498,0.00451949,1.39,Eastmoney RPT_MAIN_ORGHOLD
2024-12-31,000582,北部湾港,011190,招商瑞安1年持有期混合A,基金,招商基金管理有限公司,100500,791940.0,0.00441263,0.00570614,0.26,Eastmoney RPT_MAIN_ORGHOLD
2024-12-31,000582,北部湾港,010253,兴银中证500指数增强A,基金,兴银基金管理有限责任公司,8700,68556.0,0.00038199,0.00049396,0.08,Eastmoney RPT_MAIN_ORGHOLD
2024-12-31,000582,北部湾港,009423,招商瑞信稳健配置混合A,基金,招商基金管理有限公司,544200,4288296.0,0.02389406,0.03089834,0.26,Eastmoney RPT_MAIN_ORGHOLD
2024-12-31,000582,北部湾港,008830,海富通安益对冲混合C,基金,海富通基金管理有限公司,9900,78012.0,0.00043468,0.0005621,0.07,Eastmoney RPT_MAIN_ORGHOLD
2024-12-31,000582,北部湾港,008704,广发高股息优享混合A,基金,广发基金管理有限公司,60800,479104.0,0.00266953,0.00345208,0.15,Eastmoney RPT_MAIN_ORGHOLD
2024-12-31,000582,北部湾港,008488,华商恒益稳健混合,基金,华商基金管理有限公司,30600,241128.0,0.00134355,0.00173739,0.05,Eastmoney RPT_MAIN_ORGHOLD
2024-12-31,000582,北部湾港,008347,中信建投甄选混合A,基金,中信建投基金管理有限公司,157100,1237948.0,0.00689775,0.00891975,0.14,Eastmoney RPT_MAIN_ORGHOLD
2024-12-31,000582,北部湾港,007903,长城量化小盘股票A,基金,长城基金管理有限公司,166600,1312808.0,0.00731487,0.00945914,1.05,Eastmoney RPT_MAIN_ORGHOLD
2024-12-31,000582,北部湾港,007751,景顺长城沪港深红利成长低波指数A,基金,景顺长城基金管理有限公司,270700,2133116.0,0.01188556,0.01536968,0.47,Eastmoney RPT_MAIN_ORGHOLD
2024-12-31,000582,北部湾港,007468,中信建投精选混合A,基金,中信建投基金管理有限公司,49600,390848.0,0.00217778,0.00281617,0.18,Eastmoney RPT_MAIN_ORGHOLD
2024-12-31,000582,北部湾港,006785,东方量化多策略混合A,基金,东方基金管理股份有限公司,4100,32308.0,0.00018002,0.00023279,0.15,Eastmoney RPT_MAIN_ORGHOLD
2024-12-31,000582,北部湾港,006123,国联高股息混合A,基金,国联基金管理有限公司,835700,6585316.0,0.03669289,0.047449,0.47,Eastmoney RPT_MAIN_ORGHOLD
2024-12-31,000582,北部湾港,006022,富国大盘价值量化精选混合A,基金,富国基金管理有限公司,22500,177300.0,0.0009879,0.00127749,0.14,Eastmoney RPT_MAIN_ORGHOLD
2024-12-31,000582,北部湾港,005848,银华裕利混合发起式,基金,银华基金管理股份有限公司,104600,824248.0,0.00459265,0.00593893,0.83,Eastmoney RPT_MAIN_ORGHOLD
2024-12-31,000582,北部湾港,005741,南方君信灵活配置混合A,基金,南方基金管理股份有限公司,204400,1610672.0,0.00897454,0.01160533,0.57,Eastmoney RPT_MAIN_ORGHOLD
2024-12-31,000582,北部湾港,005569,国联智选红利股票A,基金,国联基金管理有限公司,14600,115048.0,0.00064104,0.00082895,1.03,Eastmoney RPT_MAIN_ORGHOLD
2024-12-31,000582,北部湾港,004902,富国丰利增强债券A,基金,富国基金管理有限公司,75400,594152.0,0.00331057,0.00428103,0.05,Eastmoney RPT_MAIN_ORGHOLD
2024-12-31,000582,北部湾港,004457,光大保德信多策略智选18个月混合,基金,光大保德信基金管理有限公司,3000,23640.0,0.00013172,0.00017033,0.12,Eastmoney RPT_MAIN_ORGHOLD
2024-12-31,000582,北部湾港,003822,中信建投轮换混合A,基金,中信建投基金管理有限公司,187900,1480652.0,0.00825008,0.0106685,0.14,Eastmoney RPT_MAIN_ORGHOLD
2024-12-31,000582,北部湾港,003308,中信建投睿利A,基金,中信建投基金管理有限公司,8800,69344.0,0.00038638,0.00049964,0.25,Eastmoney RPT_MAIN_ORGHOLD
2024-12-31,000582,北部湾港,002943,广发多因子混合,基金,广发基金管理有限公司,126300,995244.0,0.00554542,0.007171,0.01,Eastmoney RPT_MAIN_ORGHOLD
2024-12-31,000582,北部湾港,002574,招商瑞庆混合A,基金,招商基金管理有限公司,203300,1602004.0,0.00892625,0.01154288,0.2,Eastmoney RPT_MAIN_ORGHOLD
2024-12-31,000582,北部湾港,002305,光大保德信风格轮动混合A,基金,光大保德信基金管理有限公司,13500,106380.0,0.00059274,0.0007665,0.63,Eastmoney RPT_MAIN_ORGHOLD
2024-12-31,000582,北部湾港,001990,中欧数据挖掘混合A,基金,中欧基金管理有限公司,79800,628824.0,0.00350376,0.00453085,0.18,Eastmoney RPT_MAIN_ORGHOLD
2024-12-31,000582,北部湾港,001924,华夏国企改革混合,基金,华夏基金管理有限公司,121300,955844.0,0.00532589,0.00688712,0.61,Eastmoney RPT_MAIN_ORGHOLD
2024-12-31,000582,北部湾港,001675,江信同福A,基金,江信基金管理有限公司,3000,23640.0,0.00013172,0.00017033,0.12,Eastmoney RPT_MAIN_ORGHOLD
2024-12-31,000582,北部湾港,001651,工银新蓝筹股票A,基金,工银瑞信基金管理有限公司,100000,788000.0,0.00439068,0.00567776,0.12,Eastmoney RPT_MAIN_ORGHOLD
2024-12-31,000582,北部湾港,001531,招商安益灵活配置混合A,基金,招商基金管理有限公司,3400,26792.0,0.00014928,0.00019304,0.02,Eastmoney RPT_MAIN_ORGHOLD
2024-12-31,000582,北部湾港,001154,华银平安中国主题灵活配置,基金,华银基金管理有限公司,29900,235612.0,0.00131281,0.00169765,2.16,Eastmoney RPT_MAIN_ORGHOLD
2024-12-31,000582,北部湾港,001050,汇添富中证500指数增强A,基金,汇添富基金管理股份有限公司,84600,666648.0,0.00371451,0.00480338,0.02,Eastmoney RPT_MAIN_ORGHOLD
2024-12-31,000582,北部湾港,000928,国联国企改革混合A,基金,国联基金管理有限公司,320000,2521600.0,0.01405017,0.01816882,0.56,Eastmoney RPT_MAIN_ORGHOLD
2024-12-31,000582,北部湾港,000904,银华回报灵活配置定期开放混合发起式,基金,银华基金管理股份有限公司,9700,76436.0,0.0004259,0.00055074,0.07,Eastmoney RPT_MAIN_ORGHOLD
2024-09-30,000582,北部湾港,970090,安信资管瑞丰6个月持有债券A,基金,国投证券资产管理有限公司,40000,328800.0,0.00175627,0.002834,0.61,Eastmoney RPT_MAIN_ORGHOLD
2024-09-30,000582,北部湾港,73008468,平安基金-平安银行-中融国际信托-中融-财富1号结构化集合资金信托,信托,,22473002,184728076.44,0.98671578,1.59221104,,Eastmoney RPT_MAIN_ORGHOLD
2024-09-30,000582,北部湾港,70413075,基本养老保险基金一零零二组合,其他,,7170033,58937671.26,0.31481262,0.50799647,,Eastmoney RPT_MAIN_ORGHOLD
2024-09-30,000582,北部湾港,70010413,全国社保基金四一三组合,社保,,19560001,160783208.22,0.85881546,1.38582507,,Eastmoney RPT_MAIN_ORGHOLD
2024-09-30,000582,北部湾港,512100,南方中证1000ETF,基金,南方基金管理股份有限公司,7780100,63952422.0,0.34159866,0.55121969,,Eastmoney RPT_MAIN_ORGHOLD
2024-09-30,000582,北部湾港,10717959,广西联合资产管理股份有限公司,其他,,9984418,82071915.96,0.43838303,0.7073955,,Eastmoney RPT_MAIN_ORGHOLD
2024-09-30,000582,北部湾港,10671586,香港中央结算有限公司,其他,,34026581,279698495.82,1.49399552,2.41078151,,Eastmoney RPT_MAIN_ORGHOLD
2024-09-30,000582,北部湾港,10119468,广西产投资本运营集团有限公司,其他,,40911015,336288543.3,0.87126736,1.40591804,,Eastmoney RPT_MAIN_ORGHOLD
2024-09-30,000582,北部湾港,10102635,广西北部湾国际港务集团有限公司,其他,,1277669586,10502443996.92,33.43921299,53.95908861,,Eastmoney RPT_MAIN_ORGHOLD
2024-09-30,000582,北部湾港,10078287,国华人寿保险股份有限公司-自有资金,保险,,16468626,135372105.72,0.72308333,1.16680131,,Eastmoney RPT_MAIN_ORGHOLD
2024-09-30,000582,北部湾港,10013673,上海中海码头发展有限公司,其他,,224642108,1846558127.76,7.64329524,12.33358109,,Eastmoney RPT_MAIN_ORGHOLD
2024-06-30,000582,北部湾港,970090,安信资管瑞丰6个月持有债券A,基金,国投证券资产管理有限公司,100000,744000.0,0.00439067,0.00708489,1.51,Eastmoney RPT_MAIN_ORGHOLD
2024-06-30,000582,北部湾港,970041,国海量化优选一年持有股票A,基金,国海证券股份有限公司,37300,277512.0,0.00163772,0.00264266,0.06,Eastmoney RPT_MAIN_ORGHOLD
2024-06-30,000582,北部湾港,860010,光大阳光对冲6个月持有混合A,基金,上海光大证券资产管理有限公司,22700,168888.0,0.00099668,0.00160827,0.09,Eastmoney RPT_MAIN_ORGHOLD
2024-06-30,000582,北部湾港,73103722,广东粤财信托有限公司-粤财信托·粤中3号集合资金信托计划,信托,,6374800,47428512.0,0.27989655,0.45164748,,Eastmoney RPT_MAIN_ORGHOLD
2024-06-30,000582,北部湾港,73008468,平安基金-平安银行-中融国际信托-中融-财富1号结构化集合资金信托,信托,,22473002,167199134.88,0.98671578,1.59218715,,Eastmoney RPT_MAIN_ORGHOLD
2024-06-30,000582,北部湾港,70413075,基本养老保险基金一零零二组合,其他,,6720033,49997045.52,0.2950546,0.47610685,,Eastmoney RPT_MAIN_ORGHOLD
2024-06-30,000582,北部湾港,70010414,全国社保基金四一四组合,社保,,5999926,44639449.44,0.26343706,0.42508807,,Eastmoney RPT_MAIN_ORGHOLD
2024-06-30,000582,北部湾港,70010413,全国社保基金四一三组合,社保,,18780000,139723200.0,0.82456818,1.33054207,,Eastmoney RPT_MAIN_ORGHOLD
2024-06-30,000582,北部湾港,560590,鹏华中证1000增强策略ETF,基金,鹏华基金管理有限公司,1800,13392.0,7.903e-05,0.00012753,0.07,Eastmoney RPT_MAIN_ORGHOLD
2024-06-30,000582,北部湾港,560110,汇添富中证1000ETF,基金,汇添富基金管理股份有限公司,36600,272304.0,0.00160699,0.00259307,0.1,Eastmoney RPT_MAIN_ORGHOLD
2024-06-30,000582,北部湾港,560100,南方中证500增强策略ETF,基金,南方基金管理股份有限公司,6800,50592.0,0.00029857,0.00048177,0.05,Eastmoney RPT_MAIN_ORGHOLD
2024-06-30,000582,北部湾港,560010,广发中证1000ETF,基金,广发基金管理有限公司,1462800,10883232.0,0.06422675,0.10363775,0.1,Eastmoney RPT_MAIN_ORGHOLD
2024-06-30,000582,北部湾港,516300,华泰柏瑞中证1000ETF,基金,华泰柏瑞基金管理有限公司,15300,113832.0,0.00067177,0.00108399,0.1,Eastmoney RPT_MAIN_ORGHOLD
2024-06-30,000582,北部湾港,512100,南方中证1000ETF,基金,南方基金管理股份有限公司,3164800,23546112.0,0.13895598,0.22422255,0.1,Eastmoney RPT_MAIN_ORGHOLD
2024-06-30,000582,北部湾港,501060,中金中证优选300指数(LOF)A,基金,中金基金管理有限公司,66600,495504.0,0.00292419,0.00471854,0.06,Eastmoney RPT_MAIN_ORGHOLD
2024-06-30,000582,北部湾港,320003,诺安先锋混合A,基金,诺安基金管理有限公司,10,74.4,4.4e-07,7.1e-07,0.0,Eastmoney RPT_MAIN_ORGHOLD
2024-06-30,000582,北部湾港,202017,南方深证成份ETF联接A,基金,南方基金管理股份有限公司,200,1488.0,8.78e-06,1.417e-05,0.0,Eastmoney RPT_MAIN_ORGHOLD
2024-06-30,000582,北部湾港,167702,德邦量化优选股票(LOF)A,基金,德邦基金管理有限公司,2400,17856.0,0.00010538,0.00017004,0.03,Eastmoney RPT_MAIN_ORGHOLD
2024-06-30,000582,北部湾港,167503,安信一带一路指数A,基金,安信基金管理有限责任公司,20700,154008.0,0.00090887,0.00146657,0.17,Eastmoney RPT_MAIN_ORGHOLD
2024-06-30,000582,北部湾港,163109,申万菱信深证成份指数(LOF)A,基金,申万菱信基金管理有限公司,6900,51336.0,0.00030296,0.00048886,0.04,Eastmoney RPT_MAIN_ORGHOLD
2024-06-30,000582,北部湾港,162413,华宝中证1000指数A,基金,华宝基金管理有限公司,4500,33480.0,0.00019758,0.00031882,0.09,Eastmoney RPT_MAIN_ORGHOLD
2024-06-30,000582,北部湾港,161612,融通深证成份指数A,基金,融通基金管理有限公司,17900,133176.0,0.00078593,0.0012682,0.18,Eastmoney RPT_MAIN_ORGHOLD
2024-06-30,000582,北部湾港,161039,富国中证1000指数增强(LOF)A,基金,富国基金管理有限公司,80000,595200.0,0.00351254,0.00566791,0.03,Eastmoney RPT_MAIN_ORGHOLD
2024-06-30,000582,北部湾港,160638,鹏华中证一带一路主题指数(LOF)A,基金,鹏华基金管理有限公司,89300,664392.0,0.00392087,0.00632681,0.17,Eastmoney RPT_MAIN_ORGHOLD
2024-06-30,000582,北部湾港,159943,大成深证成份ETF,基金,大成基金管理有限公司,9300,69192.0,0.00040833,0.00065889,0.04,Eastmoney RPT_MAIN_ORGHOLD
2024-06-30,000582,北部湾港,159903,南方深证成份ETF,基金,南方基金管理股份有限公司,19100,142104.0,0.00083862,0.00135321,0.04,Eastmoney RPT_MAIN_ORGHOLD
2024-06-30,000582,北部湾港,159845,华夏中证1000ETF,基金,华夏基金管理有限公司,1762318,13111645.92,0.0773776,0.12485827,0.1,Eastmoney RPT_MAIN_ORGHOLD
2024-06-30,000582,北部湾港,159679,国泰中证1000增强策略ETF,基金,国泰基金管理有限公司,204600,1522224.0,0.00898331,0.01449568,0.61,Eastmoney RPT_MAIN_ORGHOLD
2024-06-30,000582,北部湾港,159677,银华中证1000增强策略ETF,基金,银华基金管理股份有限公司,32000,238080.0,0.00140501,0.00226716,0.31,Eastmoney RPT_MAIN_ORGHOLD
2024-06-30,000582,北部湾港,159666,华夏中证全指运输ETF,基金,华夏基金管理有限公司,49200,366048.0,0.00216021,0.00348577,0.47,Eastmoney RPT_MAIN_ORGHOLD
2024-06-30,000582,北部湾港,159662,南方国证交通运输行业ETF,基金,南方基金管理股份有限公司,37200,276768.0,0.00163333,0.00263558,0.4,Eastmoney RPT_MAIN_ORGHOLD
2024-06-30,000582,北部湾港,159633,易方达中证1000ETF,基金,易方达基金管理有限公司,273500,2034840.0,0.01200849,0.01937717,0.09,Eastmoney RPT_MAIN_ORGHOLD
2024-06-30,000582,北部湾港,159629,富国中证1000ETF,基金,富国基金管理有限公司,780100,5803944.0,0.03425163,0.05526922,0.1,Eastmoney RPT_MAIN_ORGHOLD
2024-06-30,000582,北部湾港,10717959,广西联合资产管理股份有限公司,其他,,9984418,74284069.92,0.43838303,0.70738489,,Eastmoney RPT_MAIN_ORGHOLD
2024-06-30,000582,北部湾港,10671586,香港中央结算有限公司,其他,,41350850,307650324.0,1.81558014,2.92966164,,Eastmoney RPT_MAIN_ORGHOLD
2024-06-30,000582,北部湾港,10102635,广西北部湾国际港务集团有限公司,其他,,1277669586,9505861719.84,33.43921299,53.9582791,,Eastmoney RPT_MAIN_ORGHOLD
2024-06-30,000582,北部湾港,10078287,国华人寿保险股份有限公司-自有资金,保险,,16468626,122526577.44,0.72308333,1.1667838,,Eastmoney RPT_MAIN_ORGHOLD
2024-06-30,000582,北部湾港,10013673,上海中海码头发展有限公司,其他,,224642108,1671337283.52,7.64329524,12.33339606,,Eastmoney RPT_MAIN_ORGHOLD
2024-06-30,000582,北部湾港,100032,富国中证红利指数增强A,基金,富国基金管理有限公司,2251300,16749672.0,0.0988472,0.1595021,0.17,Eastmoney RPT_MAIN_ORGHOLD
2024-06-30,000582,北部湾港,020811,富国盛利增强债券发起式A,基金,富国基金管理有限公司,13200,98208.0,0.00057957,0.00093521,0.04,Eastmoney RPT_MAIN_ORGHOLD
2024-06-30,000582,北部湾港,019555,中银中证1000指数增强A,基金,中银基金管理有限公司,6500,48360.0,0.00028539,0.00046052,0.14,Eastmoney RPT_MAIN_ORGHOLD
2024-06-30,000582,北部湾港,019404,华夏中证全指运输ETF发起式联接A,基金,华夏基金管理有限公司,100,744.0,4.39e-06,7.08e-06,0.01,Eastmoney RPT_MAIN_ORGHOLD
2024-06-30,000582,北部湾港,019270,财通中证1000指数增强A,基金,财通基金管理有限公司,18000,133920.0,0.00079032,0.00127528,0.06,Eastmoney RPT_MAIN_ORGHOLD
2024-06-30,000582,北部湾港,018157,西部利得中证1000指数增强A,基金,西部利得基金管理有限公司,63500,472440.0,0.00278808,0.0044989,0.05,Eastmoney RPT_MAIN_ORGHOLD
2024-06-30,000582,北部湾港,017733,中金中证1000指数增强发起A,基金,中金基金管理有限公司,8400,62496.0,0.00036882,0.00059513,0.08,Eastmoney RPT_MAIN_ORGHOLD
2024-06-30,000582,北部湾港,017644,博道中证1000指数增强A,基金,博道基金管理有限公司,15600,116064.0,0.00068494,0.00110524,0.08,Eastmoney RPT_MAIN_ORGHOLD
2024-06-30,000582,北部湾港,017505,明亚中证1000指数增强A,基金,明亚基金管理有限责任公司,15500,115320.0,0.00068055,0.00109816,0.3,Eastmoney RPT_MAIN_ORGHOLD
2024-06-30,000582,北部湾港,017323,农银中证1000指数增强A,基金,农银汇理基金管理有限公司,12400,92256.0,0.00054444,0.00087853,0.2,Eastmoney RPT_MAIN_ORGHOLD
2024-06-30,000582,北部湾港,017038,富国中证1000优选股票A,基金,富国基金管理有限公司,61700,459048.0,0.00270904,0.00437138,0.44,Eastmoney RPT_MAIN_ORGHOLD
2024-06-30,000582,北部湾港,016776,嘉实中证1000指数增强发起式A,基金,嘉实基金管理有限公司,4200,31248.0,0.00018441,0.00029757,0.21,Eastmoney RPT_MAIN_ORGHOLD
2024-06-30,000582,北部湾港,016091,汇泉匠心智选一年持有混合A,基金,汇泉基金管理有限公司,21200,157728.0,0.00093082,0.001502,0.12,Eastmoney RPT_MAIN_ORGHOLD
2024-06-30,000582,北部湾港,015606,广发集祥债券A,基金,广发基金管理有限公司,600,4464.0,2.634e-05,4.251e-05,0.0,Eastmoney RPT_MAIN_ORGHOLD
2024-06-30,000582,北部湾港,015466,太平中证1000指数增强A,基金,太平基金管理有限公司,134700,1002168.0,0.00591424,0.00954334,0.68,Eastmoney RPT_MAIN_ORGHOLD
2024-06-30,000582,北部湾港,015245,南华丰汇混合A,基金,南华基金管理有限公司,212900,1583976.0,0.00934774,0.01508373,1.12,Eastmoney RPT_MAIN_ORGHOLD
2024-06-30,000582,北部湾港,015148,华安中证1000指数增强A,基金,华安基金管理有限公司,7800,58032.0,0.00034247,0.00055262,0.07,Eastmoney RPT_MAIN_ORGHOLD
2024-06-30,000582,北部湾港,015006,中欧量化动力混合A,基金,中欧基金管理有限公司,112360,835958.4,0.00493336,0.00796058,0.32,Eastmoney RPT_MAIN_ORGHOLD
2024-06-30,000582,北部湾港,014831,兴银中证1000指数增强A,基金,兴银基金管理有限责任公司,7900,58776.0,0.00034686,0.00055971,0.03,Eastmoney RPT_MAIN_ORGHOLD
2024-06-30,000582,北部湾港,014829,诺德新能源汽车A,基金,诺德基金管理有限公司,48700,362328.0,0.00213826,0.00345034,0.66,Eastmoney RPT_MAIN_ORGHOLD
2024-06-30,000582,北部湾港,014691,中加量化研选混合A,基金,中加基金管理有限公司,17400,129456.0,0.00076398,0.00123277,0.54,Eastmoney RPT_MAIN_ORGHOLD
2024-06-30,000582,北部湾港,014031,南方发展机遇一年持有混合A,基金,南方基金管理股份有限公司,254900,1896456.0,0.01119182,0.01805938,1.04,Eastmoney RPT_MAIN_ORGHOLD
2024-06-30,000582,北部湾港,014020,诺德量化先锋A,基金,诺德基金管理有限公司,219700,1634568.0,0.00964631,0.0155655,2.99,Eastmoney RPT_MAIN_ORGHOLD
2024-06-30,000582,北部湾港,011934,中航量化阿尔法六个月持有A,基金,中航基金管理有限公司,7400,55056.0,0.00032491,0.00052428,0.04,Eastmoney RPT_MAIN_ORGHOLD
2024-06-30,000582,北部湾港,009330,鹏华成长价值混合A,基金,鹏华基金管理有限公司,1144600,8515824.0,0.05025563,0.08109363,1.02,Eastmoney RPT_MAIN_ORGHOLD
2024-06-30,000582,北部湾港,008838,德邦量化对冲混合A,基金,德邦基金管理有限公司,7600,56544.0,0.00033369,0.00053845,0.16,Eastmoney RPT_MAIN_ORGHOLD
2024-06-30,000582,北部湾港,008835,富国量化对冲策略三个月持有期灵活配置混合A,基金,富国基金管理有限公司,20200,150288.0,0.00088692,0.00143115,0.03,Eastmoney RPT_MAIN_ORGHOLD
2024-06-30,000582,北部湾港,008830,海富通安益对冲混合C,基金,海富通基金管理有限公司,10971,81624.24,0.0004817,0.00077728,0.03,Eastmoney RPT_MAIN_ORGHOLD
2024-06-30,000582,北部湾港,008704,广发高股息优享混合A,基金,广发基金管理有限公司,104500,777480.0,0.00458825,0.00740371,0.25,Eastmoney RPT_MAIN_ORGHOLD
2024-06-30,000582,北部湾港,008488,华商恒益稳健混合,基金,华商基金管理有限公司,30600,227664.0,0.00134355,0.00216798,0.03,Eastmoney RPT_MAIN_ORGHOLD
2024-06-30,000582,北部湾港,007751,景顺长城沪港深红利成长低波指数A,基金,景顺长城基金管理有限公司,153100,1139064.0,0.00672212,0.01084696,0.61,Eastmoney RPT_MAIN_ORGHOLD
2024-06-30,000582,北部湾港,007137,鹏扬元合量化股票A,基金,鹏扬基金管理有限公司,7000,52080.0,0.00030735,0.00049594,0.06,Eastmoney RPT_MAIN_ORGHOLD
2024-06-30,000582,北部湾港,006138,国联安价值优选股票,基金,国联安基金管理有限公司,105300,783432.0,0.00462338,0.00746039,0.79,Eastmoney RPT_MAIN_ORGHOLD
2024-06-30,000582,北部湾港,002510,申万菱信中证500指数增强A,基金,申万菱信基金管理有限公司,10900,81096.0,0.00047858,0.00077225,0.02,Eastmoney RPT_MAIN_ORGHOLD
2024-06-30,000582,北部湾港,001791,大成绝对收益混合发起A,基金,大成基金管理有限公司,9400,69936.0,0.00041272,0.00066598,0.24,Eastmoney RPT_MAIN_ORGHOLD
2024-06-30,000582,北部湾港,001651,工银新蓝筹股票A,基金,工银瑞信基金管理有限公司,880700,6552408.0,0.03866865,0.06239661,0.89,Eastmoney RPT_MAIN_ORGHOLD
2024-06-30,000582,北部湾港,001073,华泰柏瑞量化绝对收益混合,基金,华泰柏瑞基金管理有限公司,200,1488.0,8.78e-06,1.417e-05,0.0,Eastmoney RPT_MAIN_ORGHOLD
2024-06-30,000582,北部湾港,000904,银华回报灵活配置定期开放混合发起式,基金,银华基金管理股份有限公司,26500,197160.0,0.00116353,0.0018775,0.2,Eastmoney RPT_MAIN_ORGHOLD
2024-06-30,000582,北部湾港,000762,汇添富绝对收益定开混合A,基金,汇添富基金管理股份有限公司,71100,528984.0,0.00312177,0.00503736,0.01,Eastmoney RPT_MAIN_ORGHOLD
2024-03-31,000582,北部湾港,970090,安信资管瑞丰6个月持有债券A,基金,国投证券资产管理有限公司,60000,475800.0,0.00338612,0.00425093,0.92,Eastmoney RPT_MAIN_ORGHOLD
2024-03-31,000582,北部湾港,73103722,广东粤财信托有限公司-粤财信托·粤中3号集合资金信托计划,信托,,6374800,50552164.0,0.35976438,0.45164756,,Eastmoney RPT_MAIN_ORGHOLD
2024-03-31,000582,北部湾港,73008468,平安基金-平安银行-中融国际信托-中融-财富1号结构化集合资金信托,信托,,22473002,178210905.86,1.26827281,1.59218743,,Eastmoney RPT_MAIN_ORGHOLD
2024-03-31,000582,北部湾港,70413075,基本养老保险基金一零零二组合,其他,,6720033,53289861.69,0.37924774,0.47610693,,Eastmoney RPT_MAIN_ORGHOLD
2024-03-31,000582,北部湾港,70010413,全国社保基金四一三组合,社保,,18780000,148925400.0,1.05985677,1.33054231,,Eastmoney RPT_MAIN_ORGHOLD
2024-03-31,000582,北部湾港,10717959,广西联合资产管理股份有限公司,其他,,9984418,79176434.74,0.5634746,0.70738501,,Eastmoney RPT_MAIN_ORGHOLD
2024-03-31,000582,北部湾港,10671586,香港中央结算有限公司,其他,,37974118,301134755.74,2.14308446,2.69042442,,Eastmoney RPT_MAIN_ORGHOLD
2024-03-31,000582,北部湾港,10102635,广西北部湾国际港务集团有限公司,其他,,1121630261,8894527969.73,42.98101414,53.95828866,,Eastmoney RPT_MAIN_ORGHOLD
2024-03-31,000582,北部湾港,10078287,国华人寿保险股份有限公司-自有资金,保险,,16468626,130596204.18,0.92941346,1.16678401,,Eastmoney RPT_MAIN_ORGHOLD
2024-03-31,000582,北部湾港,10013673,上海中海码头发展有限公司,其他,,174080311,1380456866.23,9.82429164,12.33339824,,Eastmoney RPT_MAIN_ORGHOLD
2024-03-31,000582,北部湾港,008112,中泰中证500指数增强A,基金,中泰证券(上海)资产管理有限公司,26100,206973.0,0.00147296,0.00184916,0.37,Eastmoney RPT_MAIN_ORGHOLD
2024-03-31,000582,北部湾港,001154,华银平安中国主题灵活配置,基金,华银基金管理有限公司,49100,389363.0,0.00277098,0.00347868,3.98,Eastmoney RPT_MAIN_ORGHOLD
2023-12-31,000582,北部湾港,970090,安信资管瑞丰6个月持有债券A,基金,国投证券资产管理有限公司,20000,150200.0,0.00112868,0.00141864,0.26,Eastmoney RPT_MAIN_ORGHOLD
2023-12-31,000582,北部湾港,970041,国海量化优选一年持有股票A,基金,国海证券股份有限公司,100,751.0,5.64e-06,7.09e-06,0.0,Eastmoney RPT_MAIN_ORGHOLD
2023-12-31,000582,北部湾港,73103722,广东粤财信托有限公司-粤财信托·粤中3号集合资金信托计划,信托,,6374800,47874748.0,0.35975494,0.45217613,,Eastmoney RPT_MAIN_ORGHOLD
2023-12-31,000582,北部湾港,73008468,平安基金-平安银行-中融国际信托-中融-财富1号结构化集合资金信托,信托,,22473002,168772245.02,1.26823955,1.59405082,,Eastmoney RPT_MAIN_ORGHOLD
2023-12-31,000582,北部湾港,70413075,基本养老保险基金一零零二组合,其他,,6720033,50467447.83,0.37923779,0.47666414,,Eastmoney RPT_MAIN_ORGHOLD
2023-12-31,000582,北部湾港,70010413,全国社保基金四一三组合,社保,,18780000,141037800.0,1.05982898,1.33209949,,Eastmoney RPT_MAIN_ORGHOLD
2023-12-31,000582,北部湾港,561280,工银中证1000增强策略ETF,基金,工银瑞信基金管理有限公司,17700,132927.0,0.00099888,0.00125549,0.43,Eastmoney RPT_MAIN_ORGHOLD
2023-12-31,000582,北部湾港,560110,汇添富中证1000ETF,基金,汇添富基金管理股份有限公司,59900,449849.0,0.00338039,0.00424882,0.11,Eastmoney RPT_MAIN_ORGHOLD
2023-12-31,000582,北部湾港,560010,广发中证1000ETF,基金,广发基金管理有限公司,1224000,9192240.0,0.06907512,0.08682054,0.11,Eastmoney RPT_MAIN_ORGHOLD
2023-12-31,000582,北部湾港,519062,海富通阿尔法对冲混合A,基金,海富通基金管理有限公司,18900,141939.0,0.0010666,0.00134061,0.04,Eastmoney RPT_MAIN_ORGHOLD
2023-12-31,000582,北部湾港,516300,华泰柏瑞中证1000ETF,基金,华泰柏瑞基金管理有限公司,19600,147196.0,0.0011061,0.00139026,0.11,Eastmoney RPT_MAIN_ORGHOLD
2023-12-31,000582,北部湾港,512100,南方中证1000ETF,基金,南方基金管理股份有限公司,1324800,9949248.0,0.07476365,0.09397047,0.11,Eastmoney RPT_MAIN_ORGHOLD
2023-12-31,000582,北部湾港,501060,中金中证优选300指数(LOF)A,基金,中金基金管理有限公司,31400,235814.0,0.00177203,0.00222726,0.1,Eastmoney RPT_MAIN_ORGHOLD
2023-12-31,000582,北部湾港,320003,诺安先锋混合A,基金,诺安基金管理有限公司,10,75.1,5.6e-07,7.1e-07,0.0,Eastmoney RPT_MAIN_ORGHOLD
2023-12-31,000582,北部湾港,257010,国联安小盘精选混合,基金,国联安基金管理有限公司,2810700,21108357.0,0.15861881,0.19936805,1.92,Eastmoney RPT_MAIN_ORGHOLD
2023-12-31,000582,北部湾港,167503,安信一带一路指数A,基金,安信基金管理有限责任公司,29400,220794.0,0.00165916,0.0020854,0.27,Eastmoney RPT_MAIN_ORGHOLD
2023-12-31,000582,北部湾港,163109,申万菱信深证成份指数(LOF)A,基金,申万菱信基金管理有限公司,7000,52570.0,0.00039504,0.00049652,0.03,Eastmoney RPT_MAIN_ORGHOLD
2023-12-31,000582,北部湾港,162413,华宝中证1000指数A,基金,华宝基金管理有限公司,6000,45060.0,0.0003386,0.00042559,0.1,Eastmoney RPT_MAIN_ORGHOLD
2023-12-31,000582,北部湾港,161612,融通深证成份指数A,基金,融通基金管理有限公司,3500,26285.0,0.00019752,0.00024826,0.03,Eastmoney RPT_MAIN_ORGHOLD
2023-12-31,000582,北部湾港,161039,富国中证1000指数增强(LOF)A,基金,富国基金管理有限公司,95300,715703.0,0.00537815,0.0067598,0.02,Eastmoney RPT_MAIN_ORGHOLD
2023-12-31,000582,北部湾港,160638,鹏华中证一带一路主题指数(LOF)A,基金,鹏华基金管理有限公司,121200,910212.0,0.00683979,0.00859694,0.27,Eastmoney RPT_MAIN_ORGHOLD
2023-12-31,000582,北部湾港,159990,银华巨潮小盘价值ETF,基金,银华基金管理股份有限公司,18990,142614.9,0.00107168,0.001347,0.25,Eastmoney RPT_MAIN_ORGHOLD
2023-12-31,000582,北部湾港,159943,大成深证成份ETF,基金,大成基金管理有限公司,7400,55574.0,0.00041761,0.0005249,0.03,Eastmoney RPT_MAIN_ORGHOLD
2023-12-31,000582,北部湾港,159903,南方深证成份ETF,基金,南方基金管理股份有限公司,16200,121662.0,0.00091423,0.0011491,0.04,Eastmoney RPT_MAIN_ORGHOLD
2023-12-31,000582,北部湾港,159845,华夏中证1000ETF,基金,华夏基金管理有限公司,1094900,8222699.0,0.0617895,0.07766324,0.11,Eastmoney RPT_MAIN_ORGHOLD
2023-12-31,000582,北部湾港,159679,国泰中证1000增强策略ETF,基金,国泰基金管理有限公司,83700,628587.0,0.00472352,0.00593699,0.19,Eastmoney RPT_MAIN_ORGHOLD
2023-12-31,000582,北部湾港,159677,银华中证1000增强策略ETF,基金,银华基金管理股份有限公司,2100,15771.0,0.00011851,0.00014896,0.02,Eastmoney RPT_MAIN_ORGHOLD
2023-12-31,000582,北部湾港,159666,华夏中证全指运输ETF,基金,华夏基金管理有限公司,70900,532459.0,0.00400116,0.00502907,0.69,Eastmoney RPT_MAIN_ORGHOLD
2023-12-31,000582,北部湾港,159662,南方国证交通运输行业ETF,基金,南方基金管理股份有限公司,47700,358227.0,0.0026919,0.00338345,0.45,Eastmoney RPT_MAIN_ORGHOLD
2023-12-31,000582,北部湾港,159633,易方达中证1000ETF,基金,易方达基金管理有限公司,413800,3107638.0,0.02335236,0.02935159,0.1,Eastmoney RPT_MAIN_ORGHOLD
2023-12-31,000582,北部湾港,159629,富国中证1000ETF,基金,富国基金管理有限公司,773800,5811238.0,0.04366857,0.05488704,0.11,Eastmoney RPT_MAIN_ORGHOLD
2023-12-31,000582,北部湾港,10717959,广西联合资产管理股份有限公司,其他,,9984418,74982979.18,0.56345982,0.70821289,,Eastmoney RPT_MAIN_ORGHOLD
2023-12-31,000582,北部湾港,10671586,香港中央结算有限公司,其他,,32171192,241605651.92,1.8155464,2.28196104,,Eastmoney RPT_MAIN_ORGHOLD
2023-12-31,000582,北部湾港,10102635,广西北部湾国际港务集团有限公司,其他,,1121630261,8423443260.11,42.97988677,54.02143787,,Eastmoney RPT_MAIN_ORGHOLD
2023-12-31,000582,北部湾港,10078287,国华人寿保险股份有限公司-自有资金,保险,,16468626,123679381.26,0.92938909,1.16814953,,Eastmoney RPT_MAIN_ORGHOLD
2023-12-31,000582,北部湾港,10013673,上海中海码头发展有限公司,其他,,174080311,1307343135.61,9.82403395,12.34783243,,Eastmoney RPT_MAIN_ORGHOLD
2023-12-31,000582,北部湾港,10000001459,湾区产融投资(广州)有限公司,其他,,6015000,45172650.0,0.33945002,0.42665487,,Eastmoney RPT_MAIN_ORGHOLD
2023-12-31,000582,北部湾港,019404,华夏中证全指运输ETF发起式联接A,基金,华夏基金管理有限公司,200,1502.0,1.129e-05,1.419e-05,0.01,Eastmoney RPT_MAIN_ORGHOLD
2023-12-31,000582,北部湾港,018257,国泰海通沪深300指数增强发起A,基金,上海国泰海通证券资产管理有限公司,67900,509929.0,0.00383186,0.00481627,0.34,Eastmoney RPT_MAIN_ORGHOLD
2023-12-31,000582,北部湾港,018233,浙商中证1000指数增强A,基金,浙商基金管理有限公司,3300,24783.0,0.00018623,0.00023407,0.03,Eastmoney RPT_MAIN_ORGHOLD
2023-12-31,000582,北部湾港,017505,明亚中证1000指数增强A,基金,明亚基金管理有限责任公司,28600,214786.0,0.00161401,0.00202865,0.11,Eastmoney RPT_MAIN_ORGHOLD
2023-12-31,000582,北部湾港,017094,易方达中证1000量化增强A,基金,易方达基金管理有限公司,133500,1002585.0,0.00753393,0.0094694,0.37,Eastmoney RPT_MAIN_ORGHOLD
2023-12-31,000582,北部湾港,017067,申万菱信中证1000指数增强A,基金,申万菱信基金管理有限公司,276500,2076515.0,0.01560398,0.01961265,0.44,Eastmoney RPT_MAIN_ORGHOLD
2023-12-31,000582,北部湾港,017038,富国中证1000优选股票A,基金,富国基金管理有限公司,19500,146445.0,0.00110046,0.00138317,0.09,Eastmoney RPT_MAIN_ORGHOLD
2023-12-31,000582,北部湾港,016785,鹏华中证1000指数增强A,基金,鹏华基金管理有限公司,25300,190003.0,0.00142778,0.00179457,0.05,Eastmoney RPT_MAIN_ORGHOLD
2023-12-31,000582,北部湾港,016466,国泰海通量化选股混合发起A,基金,上海国泰海通证券资产管理有限公司,1769435,13288456.85,0.09985615,0.12550924,0.51,Eastmoney RPT_MAIN_ORGHOLD
2023-12-31,000582,北部湾港,015867,国泰海通中证1000指数增强A,基金,上海国泰海通证券资产管理有限公司,1292000,9702920.0,0.07291262,0.09164391,0.74,Eastmoney RPT_MAIN_ORGHOLD
2023-12-31,000582,北部湾港,015784,中信建投中证1000指数增强A,基金,中信建投基金管理有限公司,40400,303404.0,0.00227993,0.00286565,0.07,Eastmoney RPT_MAIN_ORGHOLD
2023-12-31,000582,北部湾港,015148,华安中证1000指数增强A,基金,华安基金管理有限公司,97400,731474.0,0.00549666,0.00690876,0.53,Eastmoney RPT_MAIN_ORGHOLD
2023-12-31,000582,北部湾港,014831,兴银中证1000指数增强A,基金,兴银基金管理有限责任公司,28100,211031.0,0.00158579,0.00199318,0.11,Eastmoney RPT_MAIN_ORGHOLD
2023-12-31,000582,北部湾港,014691,中加量化研选混合A,基金,中加基金管理有限公司,22700,170477.0,0.00128105,0.00161015,0.48,Eastmoney RPT_MAIN_ORGHOLD
2023-12-31,000582,北部湾港,014201,天弘中证1000指数增强A,基金,天弘基金管理有限公司,359900,2702849.0,0.02031057,0.02552836,0.3,Eastmoney RPT_MAIN_ORGHOLD
2023-12-31,000582,北部湾港,014155,国泰海通中证500指数增强A,基金,上海国泰海通证券资产管理有限公司,576300,4328013.0,0.03252287,0.04087801,0.19,Eastmoney RPT_MAIN_ORGHOLD
2023-12-31,000582,北部湾港,013824,汇丰晋信慧悦混合,基金,汇丰晋信基金管理有限公司,80000,600800.0,0.00451471,0.00567455,0.82,Eastmoney RPT_MAIN_ORGHOLD
2023-12-31,000582,北部湾港,010668,工银优选对冲灵活配置混合发起A,基金,工银瑞信基金管理有限公司,21100,158461.0,0.00119076,0.00149666,0.06,Eastmoney RPT_MAIN_ORGHOLD
2023-12-31,000582,北部湾港,010253,兴银中证500指数增强A,基金,兴银基金管理有限责任公司,300,2253.0,1.693e-05,2.128e-05,0.0,Eastmoney RPT_MAIN_ORGHOLD
2023-12-31,000582,北部湾港,009330,鹏华成长价值混合A,基金,鹏华基金管理有限公司,1066300,8007913.0,0.06017549,0.07563459,0.9,Eastmoney RPT_MAIN_ORGHOLD
2023-12-31,000582,北部湾港,008856,华夏安泰对冲策略3个月定开混合,基金,华夏基金管理有限公司,6400,48064.0,0.00036118,0.00045396,0.0,Eastmoney RPT_MAIN_ORGHOLD
2023-12-31,000582,北部湾港,008848,国联智选对冲3个月定开混合,基金,国联基金管理有限公司,3700,27787.0,0.00020881,0.00026245,0.27,Eastmoney RPT_MAIN_ORGHOLD
2023-12-31,000582,北部湾港,008704,广发高股息优享混合A,基金,广发基金管理有限公司,66700,500917.0,0.00376414,0.00473115,0.17,Eastmoney RPT_MAIN_ORGHOLD
2023-12-31,000582,北部湾港,008488,华商恒益稳健混合,基金,华商基金管理有限公司,30600,229806.0,0.00172688,0.00217051,0.02,Eastmoney RPT_MAIN_ORGHOLD
2023-12-31,000582,北部湾港,007751,景顺长城沪港深红利成长低波指数A,基金,景顺长城基金管理有限公司,63300,475383.0,0.00357227,0.00448998,0.5,Eastmoney RPT_MAIN_ORGHOLD
2023-12-31,000582,北部湾港,006138,国联安价值优选股票,基金,国联安基金管理有限公司,245200,1841452.0,0.0138376,0.01739248,2.43,Eastmoney RPT_MAIN_ORGHOLD
2023-12-31,000582,北部湾港,005000,泰康泉林量化价值精选混合A,基金,泰康基金管理有限公司,20600,154706.0,0.00116254,0.0014612,0.47,Eastmoney RPT_MAIN_ORGHOLD
2023-12-31,000582,北部湾港,004902,富国丰利增强债券A,基金,富国基金管理有限公司,109000,818590.0,0.0061513,0.00773157,0.02,Eastmoney RPT_MAIN_ORGHOLD
2023-12-31,000582,北部湾港,004351,汇丰晋信珠三角混合,基金,汇丰晋信基金管理有限公司,452300,3396773.0,0.02552506,0.03208246,1.51,Eastmoney RPT_MAIN_ORGHOLD
2023-12-31,000582,北部湾港,004194,招商中证1000指数增强A,基金,招商基金管理有限公司,18200,136682.0,0.0010271,0.00129096,0.01,Eastmoney RPT_MAIN_ORGHOLD
2023-12-31,000582,北部湾港,003308,中信建投睿利A,基金,中信建投基金管理有限公司,22300,167473.0,0.00125848,0.00158178,0.61,Eastmoney RPT_MAIN_ORGHOLD
2023-12-31,000582,北部湾港,003275,国联安添利增长债券A,基金,国联安基金管理有限公司,1179100,8855041.0,0.06654123,0.0836357,0.47,Eastmoney RPT_MAIN_ORGHOLD
2023-12-31,000582,北部湾港,001974,景顺长城量化新动力股票A,基金,景顺长城基金管理有限公司,17300,129923.0,0.00097631,0.00122712,0.02,Eastmoney RPT_MAIN_ORGHOLD
2023-12-31,000582,北部湾港,001261,国联新机遇混合A,基金,国联基金管理有限公司,42900,322179.0,0.00242102,0.00304297,0.88,Eastmoney RPT_MAIN_ORGHOLD
2023-12-31,000582,北部湾港,000992,广发套利,基金,广发基金管理有限公司,10300,77353.0,0.00058127,0.0007306,0.12,Eastmoney RPT_MAIN_ORGHOLD
2023-09-30,000582,北部湾港,73103722,广东粤财信托有限公司-粤财信托·粤中3号集合资金信托计划,信托,,6374800,50169676.0,0.35975502,0.45220451,,Eastmoney RPT_MAIN_ORGHOLD
2023-09-30,000582,北部湾港,73008468,平安基金-平安银行-中融国际信托-中融-财富1号结构化集合资金信托,信托,,22473002,176862525.74,1.26823982,1.59415085,,Eastmoney RPT_MAIN_ORGHOLD
2023-09-30,000582,北部湾港,70413075,基本养老保险基金一零零二组合,其他,,6720033,52886659.71,0.37923787,0.47669405,,Eastmoney RPT_MAIN_ORGHOLD
2023-09-30,000582,北部湾港,70010413,全国社保基金四一三组合,社保,,20190023,158895481.01,1.13940234,1.43220484,,Eastmoney RPT_MAIN_ORGHOLD
2023-09-30,000582,北部湾港,10717959,广西联合资产管理股份有限公司,其他,,9984418,78577369.66,0.56345994,0.70825733,,Eastmoney RPT_MAIN_ORGHOLD
2023-09-30,000582,北部湾港,10671586,香港中央结算有限公司,其他,,38415378,302329024.86,2.16793074,2.72504348,,Eastmoney RPT_MAIN_ORGHOLD
2023-09-30,000582,北部湾港,10102635,广西北部湾国际港务集团有限公司,其他,,1121630261,8827230154.07,42.97989587,54.02482776,,Eastmoney RPT_MAIN_ORGHOLD
2023-09-30,000582,北部湾港,10078287,国华人寿保险股份有限公司-自有资金,保险,,16468626,129608086.62,0.92938928,1.16822284,,Eastmoney RPT_MAIN_ORGHOLD
2023-09-30,000582,北部湾港,10013673,上海中海码头发展有限公司,其他,,174080311,1370012047.57,9.82403603,12.34860727,,Eastmoney RPT_MAIN_ORGHOLD
2023-06-30,000582,北部湾港,970041,国海量化优选一年持有股票A,基金,国海证券股份有限公司,21000,159600.0,0.0011851,0.00148971,0.02,Eastmoney RPT_MAIN_ORGHOLD
2023-06-30,000582,北部湾港,73103722,广东粤财信托有限公司-粤财信托·粤中3号集合资金信托计划,信托,,9220000,70072000.0,0.52031395,0.65405249,,Eastmoney RPT_MAIN_ORGHOLD
2023-06-30,000582,北部湾港,73008468,平安基金-平安银行-中融国际信托-中融-财富1号结构化集合资金信托,信托,,22473002,170794815.2,1.26822303,1.59419989,,Eastmoney RPT_MAIN_ORGHOLD
2023-06-30,000582,北部湾港,70413075,基本养老保险基金一零零二组合,其他,,6720033,51072250.8,0.37923285,0.47670871,,Eastmoney RPT_MAIN_ORGHOLD
2023-06-30,000582,北部湾港,70010413,全国社保基金四一三组合,社保,,20190023,153444174.8,1.13938726,1.43224891,,Eastmoney RPT_MAIN_ORGHOLD
2023-06-30,000582,北部湾港,560110,汇添富中证1000ETF,基金,汇添富基金管理股份有限公司,67000,509200.0,0.00378102,0.00475288,0.1,Eastmoney RPT_MAIN_ORGHOLD
2023-06-30,000582,北部湾港,560010,广发中证1000ETF,基金,广发基金管理有限公司,587000,4461200.0,0.03312628,0.04164087,0.1,Eastmoney RPT_MAIN_ORGHOLD
2023-06-30,000582,北部湾港,519062,海富通阿尔法对冲混合A,基金,海富通基金管理有限公司,15800,120080.0,0.00089164,0.00112083,0.03,Eastmoney RPT_MAIN_ORGHOLD
2023-06-30,000582,北部湾港,516300,华泰柏瑞中证1000ETF,基金,华泰柏瑞基金管理有限公司,15200,115520.0,0.00085778,0.00107826,0.09,Eastmoney RPT_MAIN_ORGHOLD
2023-06-30,000582,北部湾港,512100,南方中证1000ETF,基金,南方基金管理股份有限公司,1283500,9754600.0,0.07243199,0.0910495,0.1,Eastmoney RPT_MAIN_ORGHOLD
2023-06-30,000582,北部湾港,320003,诺安先锋混合A,基金,诺安基金管理有限公司,10,76.0,5.6e-07,7.1e-07,0.0,Eastmoney RPT_MAIN_ORGHOLD
2023-06-30,000582,北部湾港,257010,国联安小盘精选混合,基金,国联安基金管理有限公司,2218700,16862120.0,0.1252083,0.15739114,1.66,Eastmoney RPT_MAIN_ORGHOLD
2023-06-30,000582,北部湾港,202017,南方深证成份ETF联接A,基金,南方基金管理股份有限公司,300,2280.0,1.693e-05,2.128e-05,0.0,Eastmoney RPT_MAIN_ORGHOLD
2023-06-30,000582,北部湾港,200002,长城久泰沪深300指数A,基金,长城基金管理有限公司,391200,2973120.0,0.02207666,0.02775112,0.29,Eastmoney RPT_MAIN_ORGHOLD
2023-06-30,000582,北部湾港,167503,安信一带一路指数A,基金,安信基金管理有限责任公司,30200,229520.0,0.00170428,0.00214234,0.24,Eastmoney RPT_MAIN_ORGHOLD
2023-06-30,000582,北部湾港,163109,申万菱信深证成份指数(LOF)A,基金,申万菱信基金管理有限公司,7400,56240.0,0.00041761,0.00052494,0.03,Eastmoney RPT_MAIN_ORGHOLD
2023-06-30,000582,北部湾港,162413,华宝中证1000指数A,基金,华宝基金管理有限公司,6300,47880.0,0.00035553,0.00044691,0.09,Eastmoney RPT_MAIN_ORGHOLD
2023-06-30,000582,北部湾港,160638,鹏华中证一带一路主题指数(LOF)A,基金,鹏华基金管理有限公司,131600,1000160.0,0.00742661,0.0093355,0.24,Eastmoney RPT_MAIN_ORGHOLD
2023-06-30,000582,北部湾港,159990,银华巨潮小盘价值ETF,基金,银华基金管理股份有限公司,20890,158764.0,0.00117889,0.0014819,0.24,Eastmoney RPT_MAIN_ORGHOLD
2023-06-30,000582,北部湾港,159943,大成深证成份ETF,基金,大成基金管理有限公司,4800,36480.0,0.00027088,0.0003405,0.03,Eastmoney RPT_MAIN_ORGHOLD
2023-06-30,000582,北部湾港,159903,南方深证成份ETF,基金,南方基金管理股份有限公司,11800,89680.0,0.00066591,0.00083707,0.03,Eastmoney RPT_MAIN_ORGHOLD
2023-06-30,000582,北部湾港,159845,华夏中证1000ETF,基金,华夏基金管理有限公司,1450300,11022280.0,0.08184505,0.10288203,0.1,Eastmoney RPT_MAIN_ORGHOLD
2023-06-30,000582,北部湾港,159666,华夏中证全指运输ETF,基金,华夏基金管理有限公司,97300,739480.0,0.00549095,0.00690231,0.65,Eastmoney RPT_MAIN_ORGHOLD
2023-06-30,000582,北部湾港,159662,南方国证交通运输行业ETF,基金,南方基金管理股份有限公司,70500,535800.0,0.00397854,0.00500116,0.42,Eastmoney RPT_MAIN_ORGHOLD
2023-06-30,000582,北部湾港,159633,易方达中证1000ETF,基金,易方达基金管理有限公司,699600,5316960.0,0.03948065,0.04962854,0.1,Eastmoney RPT_MAIN_ORGHOLD
2023-06-30,000582,北部湾港,159629,富国中证1000ETF,基金,富国基金管理有限公司,765400,5817040.0,0.04319396,0.05429629,0.1,Eastmoney RPT_MAIN_ORGHOLD
2023-06-30,000582,北部湾港,10717959,广西联合资产管理股份有限公司,其他,,9984418,75881576.8,0.56345249,0.70827912,,Eastmoney RPT_MAIN_ORGHOLD
2023-06-30,000582,北部湾港,10671586,香港中央结算有限公司,其他,,31723435,241098106.0,1.79025441,2.25041126,,Eastmoney RPT_MAIN_ORGHOLD
2023-06-30,000582,北部湾港,10102635,广西北部湾国际港务集团有限公司,其他,,1121630261,8524389983.6,42.97932707,54.02648978,,Eastmoney RPT_MAIN_ORGHOLD
2023-06-30,000582,北部湾港,10078287,国华人寿保险股份有限公司-自有资金,保险,,16468626,125161557.6,0.92937698,1.16825878,,Eastmoney RPT_MAIN_ORGHOLD
2023-06-30,000582,北部湾港,10013673,上海中海码头发展有限公司,其他,,174080311,1323010363.6,9.82390602,12.34898716,,Eastmoney RPT_MAIN_ORGHOLD
2023-06-30,000582,北部湾港,017985,华夏中证800指数增强A,基金,华夏基金管理有限公司,4600,34960.0,0.00025959,0.00032632,0.02,Eastmoney RPT_MAIN_ORGHOLD
2023-06-30,000582,北部湾港,017846,国金中证1000指数增强A,基金,国金基金管理有限公司,927590,7049684.0,0.05234686,0.0658018,0.8,Eastmoney RPT_MAIN_ORGHOLD
2023-06-30,000582,北部湾港,016091,汇泉匠心智选一年持有混合A,基金,汇泉基金管理有限公司,500,3800.0,2.822e-05,3.547e-05,0.0,Eastmoney RPT_MAIN_ORGHOLD
2023-06-30,000582,北部湾港,015466,太平中证1000指数增强A,基金,太平基金管理有限公司,69600,528960.0,0.00392775,0.00493732,0.75,Eastmoney RPT_MAIN_ORGHOLD
2023-06-30,000582,北部湾港,014831,兴银中证1000指数增强A,基金,兴银基金管理有限责任公司,28700,218120.0,0.00161963,0.00203593,0.1,Eastmoney RPT_MAIN_ORGHOLD
2023-06-30,000582,北部湾港,014805,国金量化精选A,基金,国金基金管理有限公司,1493600,11351360.0,0.0842886,0.10595367,0.23,Eastmoney RPT_MAIN_ORGHOLD
2023-06-30,000582,北部湾港,014155,国泰海通中证500指数增强A,基金,上海国泰海通证券资产管理有限公司,48,364.8,2.71e-06,3.41e-06,0.0,Eastmoney RPT_MAIN_ORGHOLD
2023-06-30,000582,北部湾港,013824,汇丰晋信慧悦混合,基金,汇丰晋信基金管理有限公司,80000,608000.0,0.00451465,0.00567508,0.59,Eastmoney RPT_MAIN_ORGHOLD
2023-06-30,000582,北部湾港,009330,鹏华成长价值混合A,基金,鹏华基金管理有限公司,1473100,11195560.0,0.08313172,0.10449943,1.13,Eastmoney RPT_MAIN_ORGHOLD
2023-06-30,000582,北部湾港,008488,华商恒益稳健混合,基金,华商基金管理有限公司,30600,232560.0,0.00172686,0.00217072,0.02,Eastmoney RPT_MAIN_ORGHOLD
2023-06-30,000582,北部湾港,007751,景顺长城沪港深红利成长低波指数A,基金,景顺长城基金管理有限公司,62500,475000.0,0.00352707,0.00443365,0.53,Eastmoney RPT_MAIN_ORGHOLD
2023-06-30,000582,北部湾港,006857,蜂巢卓睿混合A,基金,蜂巢基金管理有限公司,14400,109440.0,0.00081264,0.00102151,1.06,Eastmoney RPT_MAIN_ORGHOLD
2023-06-30,000582,北部湾港,006195,国金量化多因子A,基金,国金基金管理有限公司,1946095,14790322.0,0.10982433,0.13805296,0.24,Eastmoney RPT_MAIN_ORGHOLD
2023-06-30,000582,北部湾港,006138,国联安价值优选股票,基金,国联安基金管理有限公司,163300,1241080.0,0.00921554,0.01158425,1.77,Eastmoney RPT_MAIN_ORGHOLD
2023-06-30,000582,北部湾港,005443,国金量化多策略A,基金,国金基金管理有限公司,258700,1966120.0,0.01459926,0.01835178,0.09,Eastmoney RPT_MAIN_ORGHOLD
2023-06-30,000582,北部湾港,005317,万家瑞舜灵活配置混合A,基金,万家基金管理有限公司,10000,76000.0,0.00056433,0.00070938,0.59,Eastmoney RPT_MAIN_ORGHOLD
2023-06-30,000582,北部湾港,004351,汇丰晋信珠三角混合,基金,汇丰晋信基金管理有限公司,257135,1954226.0,0.01451095,0.01824076,1.33,Eastmoney RPT_MAIN_ORGHOLD
2023-06-30,000582,北部湾港,003646,创金合信中证1000增强A,基金,创金合信基金管理有限公司,43800,332880.0,0.00247177,0.0031071,0.4,Eastmoney RPT_MAIN_ORGHOLD
2023-06-30,000582,北部湾港,003275,国联安添利增长债券A,基金,国联安基金管理有限公司,535001,4066007.6,0.03019181,0.03795214,0.21,Eastmoney RPT_MAIN_ORGHOLD
2023-06-30,000582,北部湾港,000753,华宝量化对冲混合A,基金,华宝基金管理有限公司,5300,40280.0,0.0002991,0.00037597,0.02,Eastmoney RPT_MAIN_ORGHOLD
2023-03-31,000582,北部湾港,73103722,广东粤财信托有限公司-粤财信托·粤中3号集合资金信托计划,信托,,9220000,69703200.0,0.52031531,0.65405466,,Eastmoney RPT_MAIN_ORGHOLD
2023-03-31,000582,北部湾港,73008468,平安基金-平安银行-中融国际信托-中融-财富1号结构化集合资金信托,信托,,22473002,169895895.12,1.26822637,1.59420516,,Eastmoney RPT_MAIN_ORGHOLD
2023-03-31,000582,北部湾港,70010413,全国社保基金四一三组合,社保,,19650093,148554703.08,1.10892021,1.39395172,,Eastmoney RPT_MAIN_ORGHOLD
2023-03-31,000582,北部湾港,10717959,广西广投资产管理股份有限公司,其他,,13262716,100266132.96,0.74845924,0.9408396,,Eastmoney RPT_MAIN_ORGHOLD
2023-03-31,000582,北部湾港,10671586,香港中央结算有限公司,其他,,28677939,216805218.84,1.61839163,2.03437522,,Eastmoney RPT_MAIN_ORGHOLD
2023-03-31,000582,北部湾港,10102635,广西北部湾国际港务集团有限公司,其他,,1121630261,8479524773.16,42.97944007,54.02666834,,Eastmoney RPT_MAIN_ORGHOLD
2023-03-31,000582,北部湾港,10078287,国华人寿保险股份有限公司-自有资金,保险,,16468626,124502812.56,0.92937943,1.16826264,,Eastmoney RPT_MAIN_ORGHOLD
2023-03-31,000582,北部湾港,10013673,上海中海码头发展有限公司,其他,,174080311,1316047151.16,9.82393185,12.34902798,,Eastmoney RPT_MAIN_ORGHOLD
2022-12-31,000582,北部湾港,73103722,广东粤财信托有限公司-粤财信托·粤中3号集合资金信托计划,信托,,9220000,68135800.0,0.52026982,0.65483802,,Eastmoney RPT_MAIN_ORGHOLD
2022-12-31,000582,北部湾港,73008468,平安基金-平安银行-中融国际信托-中融-财富1号结构化集合资金信托,信托,,22473002,166075484.78,1.26811549,1.59611454,,Eastmoney RPT_MAIN_ORGHOLD
2022-12-31,000582,北部湾港,70010413,全国社保基金四一三组合,社保,,19650093,145214187.27,1.10882326,1.39562125,,Eastmoney RPT_MAIN_ORGHOLD
2022-12-31,000582,北部湾港,620007,金元顺安优质精选灵活配置混合A,基金,金元顺安基金管理有限公司,65800,486262.0,0.00371299,0.00467336,0.7,Eastmoney RPT_MAIN_ORGHOLD
2022-12-31,000582,北部湾港,560110,汇添富中证1000ETF,基金,汇添富基金管理股份有限公司,77600,573464.0,0.00437884,0.00551143,0.1,Eastmoney RPT_MAIN_ORGHOLD
2022-12-31,000582,北部湾港,560010,广发中证1000ETF,基金,广发基金管理有限公司,960300,7096617.0,0.05418819,0.06820401,0.11,Eastmoney RPT_MAIN_ORGHOLD
2022-12-31,000582,北部湾港,516300,华泰柏瑞中证1000ETF,基金,华泰柏瑞基金管理有限公司,22500,166275.0,0.00126964,0.00159803,0.11,Eastmoney RPT_MAIN_ORGHOLD
2022-12-31,000582,北部湾港,512100,南方中证1000ETF,基金,南方基金管理股份有限公司,1496700,11060613.0,0.08445638,0.10630109,0.1,Eastmoney RPT_MAIN_ORGHOLD
2022-12-31,000582,北部湾港,320003,诺安先锋混合A,基金,诺安基金管理有限公司,10,73.9,5.6e-07,7.1e-07,0.0,Eastmoney RPT_MAIN_ORGHOLD
2022-12-31,000582,北部湾港,202017,南方深证成份ETF联接A,基金,南方基金管理股份有限公司,300,2217.0,1.693e-05,2.131e-05,0.0,Eastmoney RPT_MAIN_ORGHOLD
2022-12-31,000582,北部湾港,167503,安信一带一路指数A,基金,安信基金管理有限责任公司,33600,248304.0,0.00189599,0.00238639,0.26,Eastmoney RPT_MAIN_ORGHOLD
2022-12-31,000582,北部湾港,163109,申万菱信深证成份指数(LOF)A,基金,申万菱信基金管理有限公司,7900,58381.0,0.00044578,0.00056109,0.03,Eastmoney RPT_MAIN_ORGHOLD
2022-12-31,000582,北部湾港,162413,华宝中证1000指数A,基金,华宝基金管理有限公司,6400,47296.0,0.00036114,0.00045455,0.1,Eastmoney RPT_MAIN_ORGHOLD
2022-12-31,000582,北部湾港,161039,富国中证1000指数增强(LOF)A,基金,富国基金管理有限公司,1391800,10285402.0,0.07853704,0.09885071,0.38,Eastmoney RPT_MAIN_ORGHOLD
2022-12-31,000582,北部湾港,160638,鹏华中证一带一路主题指数(LOF)A,基金,鹏华基金管理有限公司,104700,773733.0,0.00590805,0.00743618,0.27,Eastmoney RPT_MAIN_ORGHOLD
2022-12-31,000582,北部湾港,159990,银华巨潮小盘价值ETF,基金,银华基金管理股份有限公司,27090,200195.1,0.00152865,0.00192403,0.26,Eastmoney RPT_MAIN_ORGHOLD
2022-12-31,000582,北部湾港,159943,大成深证成份ETF,基金,大成基金管理有限公司,4200,31038.0,0.000237,0.0002983,0.03,Eastmoney RPT_MAIN_ORGHOLD
2022-12-31,000582,北部湾港,159903,南方深证成份ETF,基金,南方基金管理股份有限公司,10900,80551.0,0.00061507,0.00077416,0.03,Eastmoney RPT_MAIN_ORGHOLD
2022-12-31,000582,北部湾港,159845,华夏中证1000ETF,基金,华夏基金管理有限公司,886500,6551235.0,0.05002377,0.06296246,0.11,Eastmoney RPT_MAIN_ORGHOLD
2022-12-31,000582,北部湾港,159633,易方达中证1000ETF,基金,易方达基金管理有限公司,838600,6197254.0,0.04732085,0.05956043,0.11,Eastmoney RPT_MAIN_ORGHOLD
2022-12-31,000582,北部湾港,159629,富国中证1000ETF,基金,富国基金管理有限公司,854800,6316972.0,0.04823499,0.06071101,0.11,Eastmoney RPT_MAIN_ORGHOLD
2022-12-31,000582,北部湾港,10717959,广西广投资产管理股份有限公司,其他,,13262716,98011471.24,0.74839381,0.94196645,,Eastmoney RPT_MAIN_ORGHOLD
2022-12-31,000582,北部湾港,10671586,香港中央结算有限公司,其他,,30176235,223002376.65,1.70279658,2.14322624,,Eastmoney RPT_MAIN_ORGHOLD
2022-12-31,000582,北部湾港,10102635,广西北部湾国际港务集团有限公司,其他,,1121630261,8288847628.79,42.97568244,54.09137609,,Eastmoney RPT_MAIN_ORGHOLD
2022-12-31,000582,北部湾港,10078287,国华人寿保险股份有限公司-自有资金,保险,,16468626,121703146.14,0.92929817,1.16966187,,Eastmoney RPT_MAIN_ORGHOLD
2022-12-31,000582,北部湾港,10013673,上海中海码头发展有限公司,其他,,174080311,1286453498.29,9.82307296,12.36381841,,Eastmoney RPT_MAIN_ORGHOLD
2022-12-31,000582,北部湾港,015466,太平中证1000指数增强A,基金,太平基金管理有限公司,54100,399799.0,0.00305278,0.00384238,0.57,Eastmoney RPT_MAIN_ORGHOLD
2022-12-31,000582,北部湾港,014805,国金量化精选A,基金,国金基金管理有限公司,37200,274908.0,0.00209914,0.00264208,0.05,Eastmoney RPT_MAIN_ORGHOLD
2022-12-31,000582,北部湾港,007287,合煦智远消费主题股票发起式A,基金,合煦智远基金管理有限公司,15000,110850.0,0.00084643,0.00106535,0.8,Eastmoney RPT_MAIN_ORGHOLD
2022-12-31,000582,北部湾港,006195,国金量化多因子A,基金,国金基金管理有限公司,143900,1063421.0,0.00812005,0.0102203,0.05,Eastmoney RPT_MAIN_ORGHOLD
2022-12-31,000582,北部湾港,004351,汇丰晋信珠三角混合,基金,汇丰晋信基金管理有限公司,207200,1531208.0,0.01169196,0.0147161,2.92,Eastmoney RPT_MAIN_ORGHOLD
2022-12-31,000582,北部湾港,003646,创金合信中证1000增强A,基金,创金合信基金管理有限公司,46000,339940.0,0.00259571,0.00326709,0.36,Eastmoney RPT_MAIN_ORGHOLD
2022-12-31,000582,北部湾港,002210,创金合信量化多因子股票A,基金,创金合信基金管理有限公司,69900,516561.0,0.00394434,0.00496455,0.11,Eastmoney RPT_MAIN_ORGHOLD
2022-09-30,000582,北部湾港,73103722,广东粤财信托有限公司-粤财信托·粤中3号集合资金信托计划,信托,,9220000,64816600.0,0.52024719,0.65488884,,Eastmoney RPT_MAIN_ORGHOLD
2022-09-30,000582,北部湾港,73008468,平安基金-平安银行-中融国际信托-中融-财富1号结构化集合资金信托,信托,,22473002,157985204.06,1.26806032,1.59623841,,Eastmoney RPT_MAIN_ORGHOLD
2022-09-30,000582,北部湾港,70010413,全国社保基金四一三组合,社保,,18450093,129704153.79,1.04106389,1.31049457,,Eastmoney RPT_MAIN_ORGHOLD
2022-09-30,000582,北部湾港,10717959,广西广投资产管理股份有限公司,其他,,13262716,93236893.48,0.74836125,0.94203955,,Eastmoney RPT_MAIN_ORGHOLD
2022-09-30,000582,北部湾港,10671586,香港中央结算有限公司,其他,,29900373,210199622.19,1.68715673,2.12379832,,Eastmoney RPT_MAIN_ORGHOLD
2022-09-30,000582,北部湾港,10102635,广西北部湾国际港务集团有限公司,其他,,1121630261,7885060734.83,42.97381279,54.09557396,,Eastmoney RPT_MAIN_ORGHOLD
2022-09-30,000582,北部湾港,10078287,国华人寿保险股份有限公司-自有资金,保险,,16468626,115774440.78,0.92925774,1.16975264,,Eastmoney RPT_MAIN_ORGHOLD
2022-09-30,000582,北部湾港,10013673,上海中海码头发展有限公司,其他,,174080311,1223784586.33,9.82264561,12.36477793,,Eastmoney RPT_MAIN_ORGHOLD
2022-06-30,000582,北部湾港,73103722,广东粤财信托有限公司-粤财信托·粤中3号集合资金信托计划,信托,,9220000,71547200.0,0.52024862,0.65489111,,Eastmoney RPT_MAIN_ORGHOLD
2022-06-30,000582,北部湾港,73008468,平安基金-平安银行-中融国际信托-中融-财富1号结构化集合资金信托,信托,,22473002,174390495.52,1.26806382,1.59624396,,Eastmoney RPT_MAIN_ORGHOLD
2022-06-30,000582,北部湾港,70010413,全国社保基金四一三组合,社保,,11009993,85437545.68,0.62125095,0.78203325,,Eastmoney RPT_MAIN_ORGHOLD
2022-06-30,000582,北部湾港,516300,华泰柏瑞中证1000ETF,基金,华泰柏瑞基金管理有限公司,10500,81480.0,0.00059247,0.00074581,0.11,Eastmoney RPT_MAIN_ORGHOLD
2022-06-30,000582,北部湾港,512100,南方中证1000ETF,基金,南方基金管理股份有限公司,354300,2749368.0,0.01999177,0.02516572,0.1,Eastmoney RPT_MAIN_ORGHOLD
2022-06-30,000582,北部湾港,320003,诺安先锋混合A,基金,诺安基金管理有限公司,10,77.6,5.6e-07,7.1e-07,0.0,Eastmoney RPT_MAIN_ORGHOLD
2022-06-30,000582,北部湾港,202017,南方深证成份ETF联接A,基金,南方基金管理股份有限公司,300,2328.0,1.693e-05,2.131e-05,0.0,Eastmoney RPT_MAIN_ORGHOLD
2022-06-30,000582,北部湾港,167503,安信一带一路指数A,基金,安信基金管理有限责任公司,36200,280912.0,0.00204262,0.00257126,0.26,Eastmoney RPT_MAIN_ORGHOLD
2022-06-30,000582,北部湾港,163109,申万菱信深证成份指数(LOF)A,基金,申万菱信基金管理有限公司,8600,66736.0,0.00048526,0.00061085,0.03,Eastmoney RPT_MAIN_ORGHOLD
2022-06-30,000582,北部湾港,162413,华宝中证1000指数A,基金,华宝基金管理有限公司,4900,38024.0,0.00027649,0.00034804,0.1,Eastmoney RPT_MAIN_ORGHOLD
2022-06-30,000582,北部湾港,161612,融通深证成份指数A,基金,融通基金管理有限公司,3600,27936.0,0.00020313,0.00025571,0.03,Eastmoney RPT_MAIN_ORGHOLD
2022-06-30,000582,北部湾港,160638,鹏华中证一带一路主题指数(LOF)A,基金,鹏华基金管理有限公司,127000,985520.0,0.00716611,0.00902073,0.26,Eastmoney RPT_MAIN_ORGHOLD
2022-06-30,000582,北部湾港,159990,银华巨潮小盘价值ETF,基金,银华基金管理股份有限公司,31990,248242.4,0.00180507,0.00227223,0.26,Eastmoney RPT_MAIN_ORGHOLD
2022-06-30,000582,北部湾港,159943,大成深证成份ETF,基金,大成基金管理有限公司,3300,25608.0,0.00018621,0.0002344,0.03,Eastmoney RPT_MAIN_ORGHOLD
2022-06-30,000582,北部湾港,159903,南方深证成份ETF,基金,南方基金管理股份有限公司,10500,81480.0,0.00059247,0.00074581,0.03,Eastmoney RPT_MAIN_ORGHOLD
2022-06-30,000582,北部湾港,159845,华夏中证1000ETF,基金,华夏基金管理有限公司,76200,591312.0,0.00429967,0.00541244,0.1,Eastmoney RPT_MAIN_ORGHOLD
2022-06-30,000582,北部湾港,10717959,广西广投资产管理股份有限公司,其他,,13262716,102918676.16,0.74836331,0.94204282,,Eastmoney RPT_MAIN_ORGHOLD
2022-06-30,000582,北部湾港,10671586,香港中央结算有限公司,其他,,28381827,220242977.52,1.60147576,2.01594428,,Eastmoney RPT_MAIN_ORGHOLD
2022-06-30,000582,北部湾港,10102635,广西北部湾国际港务集团有限公司,其他,,1121630261,8703850825.36,42.97393136,54.09576186,,Eastmoney RPT_MAIN_ORGHOLD
2022-06-30,000582,北部湾港,10078287,国华人寿保险股份有限公司-自有资金,保险,,16468626,127796537.76,0.92926031,1.1697567,,Eastmoney RPT_MAIN_ORGHOLD
2022-06-30,000582,北部湾港,10013673,上海中海码头发展有限公司,其他,,174080311,1350863213.36,9.82267271,12.36482088,,Eastmoney RPT_MAIN_ORGHOLD
2022-06-30,000582,北部湾港,007751,景顺长城沪港深红利成长低波指数A,基金,景顺长城基金管理有限公司,56800,440768.0,0.003205,0.00403447,0.51,Eastmoney RPT_MAIN_ORGHOLD
2022-06-30,000582,北部湾港,006486,广发中证1000ETF联接A,基金,广发基金管理有限公司,21300,165288.0,0.00120188,0.00151293,0.1,Eastmoney RPT_MAIN_ORGHOLD
2022-03-31,000582,北部湾港,73103722,广东粤财信托有限公司-粤财信托·粤中3号集合资金信托计划,信托,,9220000,69057800.0,0.56447089,0.72665122,,Eastmoney RPT_MAIN_ORGHOLD
2022-03-31,000582,北部湾港,73008468,平安基金-平安银行-中融国际信托-中融-财富1号结构化集合资金信托,信托,,22473002,168322784.98,1.375852,1.7711534,,Eastmoney RPT_MAIN_ORGHOLD
2022-03-31,000582,北部湾港,70010413,全国社保基金四一三组合,社保,,9090020,68084249.8,0.5565132,0.71640717,,Eastmoney RPT_MAIN_ORGHOLD
2022-03-31,000582,北部湾港,10999779,广西交通发展投资基金合伙企业(有限合伙),其他,,12650604,94753023.96,0.77450083,0.99702569,,Eastmoney RPT_MAIN_ORGHOLD
2022-03-31,000582,北部湾港,10914337,广西宏桂资本运营集团有限公司,其他,,21694741,162493610.09,1.32820496,1.70981671,,Eastmoney RPT_MAIN_ORGHOLD
2022-03-31,000582,北部湾港,10717959,广西广投资产管理股份有限公司,其他,,26709916,200057270.84,1.63524621,2.10507517,,Eastmoney RPT_MAIN_ORGHOLD
2022-03-31,000582,北部湾港,10671586,香港中央结算有限公司,其他,,27925809,209164309.41,1.70968615,2.20090273,,Eastmoney RPT_MAIN_ORGHOLD
2022-03-31,000582,北部湾港,10102635,广西北部湾国际港务集团有限公司,其他,,1030868617,7721205941.33,41.07015981,52.87018744,,Eastmoney RPT_MAIN_ORGHOLD
2022-03-31,000582,北部湾港,10078287,国华人寿保险股份有限公司-自有资金,保险,,16468626,123350008.74,1.00824945,1.29793353,,Eastmoney RPT_MAIN_ORGHOLD
2022-03-31,000582,北部湾港,10013673,上海中海码头发展有限公司,其他,,174080311,1303861529.39,10.65762127,13.71970395,,Eastmoney RPT_MAIN_ORGHOLD
2022-03-31,000582,北部湾港,001403,招商国企改革主题混合,基金,招商基金管理有限公司,2154600,16137954.0,0.13190987,0.16980941,4.52,Eastmoney RPT_MAIN_ORGHOLD
2021-12-31,000582,北部湾港,73103722,广东粤财信托有限公司-粤财信托·粤中3号集合资金信托计划,信托,,9220000,74128800.0,0.56445485,0.72780525,,Eastmoney RPT_MAIN_ORGHOLD
2021-12-31,000582,北部湾港,73008468,平安基金-平安银行-中融国际信托-中融-财富1号结构化集合资金信托,信托,,22473002,180682936.08,1.3758129,1.77396624,,Eastmoney RPT_MAIN_ORGHOLD
2021-12-31,000582,北部湾港,519117,浦银安盛基本面400指数,基金,浦银安盛基金管理有限公司,4000,32160.0,0.00024488,0.00031575,0.12,Eastmoney RPT_MAIN_ORGHOLD
2021-12-31,000582,北部湾港,516300,华泰柏瑞中证1000ETF,基金,华泰柏瑞基金管理有限公司,5600,45024.0,0.00034284,0.00044205,0.08,Eastmoney RPT_MAIN_ORGHOLD
2021-12-31,000582,北部湾港,512100,南方中证1000ETF,基金,南方基金管理股份有限公司,231000,1857240.0,0.01414198,0.0182346,0.09,Eastmoney RPT_MAIN_ORGHOLD
2021-12-31,000582,北部湾港,320003,诺安先锋混合A,基金,诺安基金管理有限公司,10,80.4,6.1e-07,7.9e-07,0.0,Eastmoney RPT_MAIN_ORGHOLD
2021-12-31,000582,北部湾港,202017,南方深证成份ETF联接A,基金,南方基金管理股份有限公司,300,2412.0,1.837e-05,2.368e-05,0.0,Eastmoney RPT_MAIN_ORGHOLD
2021-12-31,000582,北部湾港,167503,安信一带一路指数A,基金,安信基金管理有限责任公司,41600,334464.0,0.00254678,0.00328381,0.25,Eastmoney RPT_MAIN_ORGHOLD
2021-12-31,000582,北部湾港,166005,中欧价值发现混合A,基金,中欧基金管理有限公司,7104271,57118338.84,0.43492844,0.56079455,1.47,Eastmoney RPT_MAIN_ORGHOLD
2021-12-31,000582,北部湾港,163109,申万菱信深证成份指数(LOF)A,基金,申万菱信基金管理有限公司,8600,69144.0,0.0005265,0.00067886,0.02,Eastmoney RPT_MAIN_ORGHOLD
2021-12-31,000582,北部湾港,162907,泰信中证锐联基本面400指数(LOF),基金,泰信基金管理有限公司,3800,30552.0,0.00023264,0.00029996,0.12,Eastmoney RPT_MAIN_ORGHOLD
2021-12-31,000582,北部湾港,162413,华宝中证1000指数A,基金,华宝基金管理有限公司,5800,46632.0,0.00035508,0.00045784,0.09,Eastmoney RPT_MAIN_ORGHOLD
2021-12-31,000582,北部湾港,161612,融通深证成份指数A,基金,融通基金管理有限公司,3400,27336.0,0.00020815,0.00026839,0.03,Eastmoney RPT_MAIN_ORGHOLD
2021-12-31,000582,北部湾港,161222,国投瑞银瑞利混合(LOF)A,基金,国投瑞银基金管理有限公司,387100,3112284.0,0.02369853,0.03055677,1.41,Eastmoney RPT_MAIN_ORGHOLD
2021-12-31,000582,北部湾港,160638,鹏华中证一带一路主题指数(LOF)A,基金,鹏华基金管理有限公司,109500,880380.0,0.00670367,0.00864367,0.25,Eastmoney RPT_MAIN_ORGHOLD
2021-12-31,000582,北部湾港,159990,银华巨潮小盘价值ETF,基金,银华基金管理股份有限公司,31390,252375.6,0.00192172,0.00247785,0.23,Eastmoney RPT_MAIN_ORGHOLD
2021-12-31,000582,北部湾港,159943,大成深证成份ETF,基金,大成基金管理有限公司,3300,26532.0,0.00020203,0.00026049,0.03,Eastmoney RPT_MAIN_ORGHOLD
2021-12-31,000582,北部湾港,159903,南方深证成份ETF,基金,南方基金管理股份有限公司,9400,75576.0,0.00057547,0.00074201,0.03,Eastmoney RPT_MAIN_ORGHOLD
2021-12-31,000582,北部湾港,159845,华夏中证1000ETF,基金,华夏基金管理有限公司,58900,473556.0,0.0036059,0.00464943,0.09,Eastmoney RPT_MAIN_ORGHOLD
2021-12-31,000582,北部湾港,121010,国投瑞银瑞源混合A,基金,国投瑞银基金管理有限公司,391800,3150072.0,0.02398627,0.03092778,1.05,Eastmoney RPT_MAIN_ORGHOLD
2021-12-31,000582,北部湾港,10999779,广西交通发展投资基金合伙企业(有限合伙),其他,,12650604,101710856.16,0.77447883,0.99860911,,Eastmoney RPT_MAIN_ORGHOLD
2021-12-31,000582,北部湾港,10914337,广西宏桂资本运营集团有限公司,其他,,21694741,174425717.64,1.32816722,1.71253214,,Eastmoney RPT_MAIN_ORGHOLD
2021-12-31,000582,北部湾港,10717959,广西广投资产管理股份有限公司,其他,,26709916,214747724.64,1.63519974,2.10841833,,Eastmoney RPT_MAIN_ORGHOLD
2021-12-31,000582,北部湾港,10671586,香港中央结算有限公司,其他,,22977291,184737419.64,1.40668583,1.81377364,,Eastmoney RPT_MAIN_ORGHOLD
2021-12-31,000582,北部湾港,10102635,广西北部湾国际港务集团有限公司,其他,,1030868617,8288183680.68,41.06899278,52.95415285,,Eastmoney RPT_MAIN_ORGHOLD
2021-12-31,000582,北部湾港,10078287,国华人寿保险股份有限公司-自有资金,保险,,16468626,132407753.04,1.0082208,1.29999484,,Eastmoney RPT_MAIN_ORGHOLD
2021-12-31,000582,北部湾港,10057065,中国华电集团财务有限公司,其他,,10595170,85185166.8,0.64864372,0.83635795,,Eastmoney RPT_MAIN_ORGHOLD
2021-12-31,000582,北部湾港,10013673,上海中海码头发展有限公司,其他,,174080311,1399605700.44,10.65731842,13.7414928,,Eastmoney RPT_MAIN_ORGHOLD
2021-12-31,000582,北部湾港,012640,鹏华稳健鸿利一年持有期混合A,基金,鹏华基金管理有限公司,633600,5094144.0,0.03878944,0.0500149,1.43,Eastmoney RPT_MAIN_ORGHOLD
2021-12-31,000582,北部湾港,011860,南方中证1000ETF发起联接A,基金,南方基金管理股份有限公司,300,2412.0,1.837e-05,2.368e-05,0.0,Eastmoney RPT_MAIN_ORGHOLD
2021-12-31,000582,北部湾港,010657,海富通欣睿混合A,基金,海富通基金管理有限公司,112800,906912.0,0.00690569,0.00890417,0.18,Eastmoney RPT_MAIN_ORGHOLD
2021-12-31,000582,北部湾港,010338,国投瑞银远见成长混合A,基金,国投瑞银基金管理有限公司,1819130,14625805.2,0.11136841,0.14359787,1.09,Eastmoney RPT_MAIN_ORGHOLD
2021-12-31,000582,北部湾港,006486,广发中证1000ETF联接A,基金,广发基金管理有限公司,19700,158388.0,0.00120605,0.00155507,0.09,Eastmoney RPT_MAIN_ORGHOLD
2021-12-31,000582,北部湾港,006195,国金量化多因子A,基金,国金基金管理有限公司,100,804.0,6.12e-06,7.89e-06,0.02,Eastmoney RPT_MAIN_ORGHOLD
2021-12-31,000582,北部湾港,005635,博时量化多策略股票A,基金,博时基金管理有限公司,400,3216.0,2.449e-05,3.158e-05,0.0,Eastmoney RPT_MAIN_ORGHOLD
2021-12-31,000582,北部湾港,005443,国金量化多策略A,基金,国金基金管理有限公司,2000,16080.0,0.00012244,0.00015788,0.04,Eastmoney RPT_MAIN_ORGHOLD
2021-12-31,000582,北部湾港,003646,创金合信中证1000增强A,基金,创金合信基金管理有限公司,17400,139896.0,0.00106524,0.00137352,0.06,Eastmoney RPT_MAIN_ORGHOLD
2021-12-31,000582,北部湾港,002120,广发安悦回报混合A,基金,广发基金管理有限公司,81300,653652.0,0.00497724,0.00641763,0.04,Eastmoney RPT_MAIN_ORGHOLD
2021-12-31,000582,北部湾港,001810,中欧潜力价值灵活配置混合A,基金,中欧基金管理有限公司,2950591,23722751.64,0.18063725,0.23291276,1.13,Eastmoney RPT_MAIN_ORGHOLD
2021-12-31,000582,北部湾港,001266,国投瑞银招财混合A,基金,国投瑞银基金管理有限公司,189233,1521433.32,0.01158498,0.01493761,2.32,Eastmoney RPT_MAIN_ORGHOLD
2021-12-31,000582,北部湾港,000165,国投瑞银策略精选混合,基金,国投瑞银基金管理有限公司,1149000,9237960.0,0.07034258,0.09069937,2.83,Eastmoney RPT_MAIN_ORGHOLD
2021-09-30,000582,北部湾港,73103722,广东粤财信托有限公司-粤财信托·粤中3号集合资金信托计划,信托,,9220000,74036600.0,0.56445485,0.72780749,,Eastmoney RPT_MAIN_ORGHOLD
2021-09-30,000582,北部湾港,73008468,平安基金-平安银行-中融国际信托-中融-财富1号结构化集合资金信托,信托,,22473002,180458206.06,1.3758129,1.7739717,,Eastmoney RPT_MAIN_ORGHOLD
2021-09-30,000582,北部湾港,10999779,广西交通发展投资基金合伙企业(有限合伙),其他,,12650604,101584350.12,0.77447883,0.99861218,,Eastmoney RPT_MAIN_ORGHOLD
2021-09-30,000582,北部湾港,10914337,广西宏桂资本运营集团有限公司,其他,,21694741,174208770.23,1.32816722,1.71253741,,Eastmoney RPT_MAIN_ORGHOLD
2021-09-30,000582,北部湾港,10717959,广西广投资产管理股份有限公司,其他,,26709916,214480625.48,1.63519974,2.10842482,,Eastmoney RPT_MAIN_ORGHOLD
2021-09-30,000582,北部湾港,10671586,香港中央结算有限公司,其他,,22802106,183100911.18,1.39596088,1.79995048,,Eastmoney RPT_MAIN_ORGHOLD
2021-09-30,000582,北部湾港,10102635,广西北部湾国际港务集团有限公司,其他,,1030868617,8277874994.51,41.06899278,52.95431588,,Eastmoney RPT_MAIN_ORGHOLD
2021-09-30,000582,北部湾港,10078287,国华人寿保险股份有限公司-自有资金,保险,,16468626,132243066.78,1.0082208,1.29999884,,Eastmoney RPT_MAIN_ORGHOLD
2021-09-30,000582,北部湾港,10057065,中国华电集团财务有限公司,其他,,14095170,113184215.1,0.86291617,1.11264319,,Eastmoney RPT_MAIN_ORGHOLD
2021-09-30,000582,北部湾港,10013673,上海中海码头发展有限公司,其他,,174080311,1397864897.33,10.65731842,13.74153511,,Eastmoney RPT_MAIN_ORGHOLD
2021-09-30,000582,北部湾港,001266,国投瑞银招财混合A,基金,国投瑞银基金管理有限公司,237900,1910337.0,0.0145644,0.01877933,2.95,Eastmoney RPT_MAIN_ORGHOLD
2021-09-30,000582,北部湾港,000165,国投瑞银策略精选混合,基金,国投瑞银基金管理有限公司,1149000,9226470.0,0.07034258,0.09069965,2.82,Eastmoney RPT_MAIN_ORGHOLD
2021-06-30,000582,北部湾港,73103722,广东粤财信托有限公司-粤财信托·粤中3号集合资金信托计划,信托,,9220000,76526000.0,0.56445485,0.72780749,,Eastmoney RPT_MAIN_ORGHOLD
2021-06-30,000582,北部湾港,73008468,平安基金-平安银行-中融国际信托-中融-财富1号结构化集合资金信托,信托,,22473002,186525916.6,1.3758129,1.7739717,,Eastmoney RPT_MAIN_ORGHOLD
2021-06-30,000582,北部湾港,519117,浦银安盛基本面400指数,基金,浦银安盛基金管理有限公司,4000,33200.0,0.00024488,0.00031575,0.13,Eastmoney RPT_MAIN_ORGHOLD
2021-06-30,000582,北部湾港,516300,华泰柏瑞中证1000ETF,基金,华泰柏瑞基金管理有限公司,3000,24900.0,0.00018366,0.00023681,0.12,Eastmoney RPT_MAIN_ORGHOLD
2021-06-30,000582,北部湾港,512100,南方中证1000ETF,基金,南方基金管理股份有限公司,120100,996830.0,0.00735261,0.00948044,0.11,Eastmoney RPT_MAIN_ORGHOLD
2021-06-30,000582,北部湾港,320003,诺安先锋混合A,基金,诺安基金管理有限公司,10,83.0,6.1e-07,7.9e-07,0.0,Eastmoney RPT_MAIN_ORGHOLD
2021-06-30,000582,北部湾港,202017,南方深证成份ETF联接A,基金,南方基金管理股份有限公司,200,1660.0,1.224e-05,1.579e-05,0.0,Eastmoney RPT_MAIN_ORGHOLD
2021-06-30,000582,北部湾港,167503,安信一带一路指数A,基金,安信基金管理有限责任公司,29000,240700.0,0.0017754,0.0022892,0.31,Eastmoney RPT_MAIN_ORGHOLD
2021-06-30,000582,北部湾港,166024,中欧恒利三年定期开放混合(LOF),基金,中欧基金管理有限公司,800000,6640000.0,0.04897656,0.06315032,1.4,Eastmoney RPT_MAIN_ORGHOLD
2021-06-30,000582,北部湾港,166020,中欧成长优选混合A,基金,中欧基金管理有限公司,270000,2241000.0,0.01652959,0.02131323,1.73,Eastmoney RPT_MAIN_ORGHOLD
2021-06-30,000582,北部湾港,166005,中欧价值发现混合A,基金,中欧基金管理有限公司,6814141,56557370.3,0.41716648,0.53789402,1.52,Eastmoney RPT_MAIN_ORGHOLD
2021-06-30,000582,北部湾港,163109,申万菱信深证成份指数(LOF)A,基金,申万菱信基金管理有限公司,11900,98770.0,0.00072853,0.00093936,0.03,Eastmoney RPT_MAIN_ORGHOLD
2021-06-30,000582,北部湾港,162907,泰信中证锐联基本面400指数(LOF),基金,泰信基金管理有限公司,3800,31540.0,0.00023264,0.00029996,0.13,Eastmoney RPT_MAIN_ORGHOLD
2021-06-30,000582,北部湾港,162413,华宝中证1000指数A,基金,华宝基金管理有限公司,4900,40670.0,0.00029998,0.0003868,0.1,Eastmoney RPT_MAIN_ORGHOLD
2021-06-30,000582,北部湾港,161222,国投瑞银瑞利混合(LOF)A,基金,国投瑞银基金管理有限公司,284200,2358860.0,0.01739892,0.02243415,2.0,Eastmoney RPT_MAIN_ORGHOLD
2021-06-30,000582,北部湾港,160638,鹏华中证一带一路主题指数(LOF)A,基金,鹏华基金管理有限公司,123100,1021730.0,0.00753627,0.00971726,0.34,Eastmoney RPT_MAIN_ORGHOLD
2021-06-30,000582,北部湾港,159990,银华巨潮小盘价值ETF,基金,银华基金管理股份有限公司,20790,172557.0,0.00127278,0.00164112,0.26,Eastmoney RPT_MAIN_ORGHOLD
2021-06-30,000582,北部湾港,159943,大成深证成份ETF,基金,大成基金管理有限公司,4000,33200.0,0.00024488,0.00031575,0.03,Eastmoney RPT_MAIN_ORGHOLD
2021-06-30,000582,北部湾港,159903,南方深证成份ETF,基金,南方基金管理股份有限公司,11500,95450.0,0.00070404,0.00090779,0.03,Eastmoney RPT_MAIN_ORGHOLD
2021-06-30,000582,北部湾港,159845,华夏中证1000ETF,基金,华夏基金管理有限公司,18300,151890.0,0.00112034,0.00144456,0.11,Eastmoney RPT_MAIN_ORGHOLD
2021-06-30,000582,北部湾港,121010,国投瑞银瑞源混合A,基金,国投瑞银基金管理有限公司,317500,2635250.0,0.01943757,0.02506278,1.72,Eastmoney RPT_MAIN_ORGHOLD
2021-06-30,000582,北部湾港,10999779,广西交通发展投资基金合伙企业(有限合伙),其他,,12650604,105000013.2,0.77447883,0.99861218,,Eastmoney RPT_MAIN_ORGHOLD
2021-06-30,000582,北部湾港,10717959,广西广投资产管理股份有限公司,其他,,26709916,221692302.8,1.63519974,2.10842482,,Eastmoney RPT_MAIN_ORGHOLD
2021-06-30,000582,北部湾港,10671586,香港中央结算有限公司,其他,,21626983,179503958.9,1.32401903,1.70718874,,Eastmoney RPT_MAIN_ORGHOLD
2021-06-30,000582,北部湾港,10102635,广西北部湾国际港务集团有限公司,其他,,1030868617,8556209521.1,41.06899278,52.95431588,,Eastmoney RPT_MAIN_ORGHOLD
2021-06-30,000582,北部湾港,10095733,广西水利电业集团有限公司,其他,,20321744,168670475.2,1.24411138,1.6041559,,Eastmoney RPT_MAIN_ORGHOLD
2021-06-30,000582,北部湾港,10078287,国华人寿保险股份有限公司-自有资金,保险,,16468626,136689595.8,1.0082208,1.29999884,,Eastmoney RPT_MAIN_ORGHOLD
2021-06-30,000582,北部湾港,10057065,中国华电集团财务有限公司,其他,,14095170,116989911.0,0.86291617,1.11264319,,Eastmoney RPT_MAIN_ORGHOLD
2021-06-30,000582,北部湾港,10013673,上海中海码头发展有限公司,其他,,174080311,1444866581.3,10.65731842,13.74153511,,Eastmoney RPT_MAIN_ORGHOLD
2021-06-30,000582,北部湾港,010430,招商安阳债券A,基金,招商基金管理有限公司,488500,4054550.0,0.02990631,0.03856117,0.18,Eastmoney RPT_MAIN_ORGHOLD
2021-06-30,000582,北部湾港,009121,广发招享混合A,基金,广发基金管理有限公司,704300,5845690.0,0.04311774,0.05559597,0.39,Eastmoney RPT_MAIN_ORGHOLD
2021-06-30,000582,北部湾港,006486,广发中证1000ETF联接A,基金,广发基金管理有限公司,11700,97110.0,0.00071628,0.00092357,0.11,Eastmoney RPT_MAIN_ORGHOLD
2021-06-30,000582,北部湾港,006102,浙商丰利增强债券,基金,浙商基金管理有限公司,500000,4150000.0,0.03061035,0.03946895,0.44,Eastmoney RPT_MAIN_ORGHOLD
2021-06-30,000582,北部湾港,002711,广发集丰债券A,基金,广发基金管理有限公司,460000,3818000.0,0.02816152,0.03631144,0.28,Eastmoney RPT_MAIN_ORGHOLD
2021-06-30,000582,北部湾港,002120,广发安悦回报混合A,基金,广发基金管理有限公司,600000,4980000.0,0.03673242,0.04736274,0.29,Eastmoney RPT_MAIN_ORGHOLD
2021-06-30,000582,北部湾港,001810,中欧潜力价值灵活配置混合A,基金,中欧基金管理有限公司,2950611,24490071.3,0.18063847,0.23291505,1.56,Eastmoney RPT_MAIN_ORGHOLD
2021-06-30,000582,北部湾港,001479,中邮风格轮动灵活配置混合,基金,中邮创业基金管理股份有限公司,150000,1245000.0,0.0091831,0.01184069,1.42,Eastmoney RPT_MAIN_ORGHOLD
2021-06-30,000582,北部湾港,001266,国投瑞银招财混合A,基金,国投瑞银基金管理有限公司,184400,1530520.0,0.0112891,0.01455615,2.36,Eastmoney RPT_MAIN_ORGHOLD
2021-06-30,000582,北部湾港,000165,国投瑞银策略精选混合,基金,国投瑞银基金管理有限公司,1030200,8550660.0,0.06306956,0.08132183,2.94,Eastmoney RPT_MAIN_ORGHOLD
2021-03-31,000582,北部湾港,73103722,广东粤财信托有限公司-粤财信托·粤中3号集合资金信托计划,信托,,9220000,97916400.0,0.56419404,0.72780693,,Eastmoney RPT_MAIN_ORGHOLD
2021-03-31,000582,北部湾港,73008468,平安基金-平安银行-中融国际信托-中融-财富1号结构化集合资金信托,信托,,22473002,238663281.24,1.37517719,1.77397034,,Eastmoney RPT_MAIN_ORGHOLD
2021-03-31,000582,北部湾港,519656,银河灵活配置混合A,基金,银河基金管理有限公司,190000,2017800.0,0.01162656,0.01499819,2.82,Eastmoney RPT_MAIN_ORGHOLD
2021-03-31,000582,北部湾港,161222,国投瑞银瑞利混合(LOF)A,基金,国投瑞银基金管理有限公司,388600,4126932.0,0.02377937,0.03067525,3.14,Eastmoney RPT_MAIN_ORGHOLD
2021-03-31,000582,北部湾港,121010,国投瑞银瑞源混合A,基金,国投瑞银基金管理有限公司,363900,3864618.0,0.02226792,0.02872548,2.74,Eastmoney RPT_MAIN_ORGHOLD
2021-03-31,000582,北部湾港,10999779,广西交通发展投资基金合伙企业(有限合伙),其他,,12650604,134349414.48,0.77412097,0.99861141,,Eastmoney RPT_MAIN_ORGHOLD
2021-03-31,000582,北部湾港,10717959,广西广投资产管理股份有限公司,其他,,26709916,283659307.92,1.63444418,2.1084232,,Eastmoney RPT_MAIN_ORGHOLD
2021-03-31,000582,北部湾港,10671586,香港中央结算有限公司,其他,,23233179,246736360.98,1.42169425,1.83397707,,Eastmoney RPT_MAIN_ORGHOLD
2021-03-31,000582,北部湾港,10102635,广西北部湾国际港务集团有限公司,其他,,1030868617,10947824712.54,41.05001628,52.95427512,,Eastmoney RPT_MAIN_ORGHOLD
2021-03-31,000582,北部湾港,10095733,广西水利电业集团有限公司,其他,,20321744,215816921.28,1.24353653,1.60415467,,Eastmoney RPT_MAIN_ORGHOLD
2021-03-31,000582,北部湾港,10078287,国华人寿保险股份有限公司-自有资金,保险,,16468626,174896808.12,1.00775494,1.29999784,,Eastmoney RPT_MAIN_ORGHOLD
2021-03-31,000582,北部湾港,10057065,中国华电集团财务有限公司,其他,,14095170,149690705.4,0.86251745,1.11264234,,Eastmoney RPT_MAIN_ORGHOLD
2021-03-31,000582,北部湾港,10013673,上海中海码头发展有限公司,其他,,174080311,1848732902.82,10.65239406,13.74152453,,Eastmoney RPT_MAIN_ORGHOLD
2021-03-31,000582,北部湾港,006102,浙商丰利增强债券,基金,浙商基金管理有限公司,500000,5310000.0,0.03059621,0.03946892,1.67,Eastmoney RPT_MAIN_ORGHOLD
2021-03-31,000582,北部湾港,004612,银河鑫月享6个月定期开放混合A,基金,银河基金管理有限公司,120000,1274400.0,0.00734309,0.00947254,0.72,Eastmoney RPT_MAIN_ORGHOLD
2021-03-31,000582,北部湾港,004194,招商中证1000指数增强A,基金,招商基金管理有限公司,106800,1134216.0,0.00653535,0.00843056,1.01,Eastmoney RPT_MAIN_ORGHOLD
2021-03-31,000582,北部湾港,003717,中银量化精选混合A,基金,中银基金管理有限公司,89000,945180.0,0.00544612,0.00702547,1.46,Eastmoney RPT_MAIN_ORGHOLD
2021-03-31,000582,北部湾港,002666,前海开源沪港深创新成长混合A,基金,前海开源基金管理有限公司,537920,5712710.4,0.03291662,0.04246225,4.25,Eastmoney RPT_MAIN_ORGHOLD
2021-03-31,000582,北部湾港,001266,国投瑞银招财混合A,基金,国投瑞银基金管理有限公司,200400,2128248.0,0.01226296,0.01581914,3.27,Eastmoney RPT_MAIN_ORGHOLD
2021-03-31,000582,北部湾港,000165,国投瑞银策略精选混合,基金,国投瑞银基金管理有限公司,720500,7651710.0,0.04408913,0.05687472,2.51,Eastmoney RPT_MAIN_ORGHOLD
2020-12-31,000582,北部湾港,872018,广发资管平衡精选一年持有混合,基金,广发证券资产管理(广东)有限公司,100000,1050000.0,0.00611764,0.00789378,0.29,Eastmoney RPT_MAIN_ORGHOLD
2020-12-31,000582,北部湾港,73103722,广东粤财信托有限公司-粤财信托·粤中3号集合资金信托计划,信托,,9220000,96810000.0,0.56404655,0.72780693,,Eastmoney RPT_MAIN_ORGHOLD
2020-12-31,000582,北部湾港,73008468,平安基金-平安银行-中融国际信托-中融-财富1号结构化集合资金信托,信托,,22473002,235966521.0,1.37481771,1.77397034,,Eastmoney RPT_MAIN_ORGHOLD
2020-12-31,000582,北部湾港,512100,南方中证1000ETF,基金,南方基金管理股份有限公司,84200,884100.0,0.00515105,0.00664657,0.16,Eastmoney RPT_MAIN_ORGHOLD
2020-12-31,000582,北部湾港,502013,长盛中证申万一带一路指数(LOF),基金,长盛基金管理有限公司,15070,158235.0,0.00092193,0.00118959,0.03,Eastmoney RPT_MAIN_ORGHOLD
2020-12-31,000582,北部湾港,320003,诺安先锋混合A,基金,诺安基金管理有限公司,10,105.0,6.1e-07,7.9e-07,0.0,Eastmoney RPT_MAIN_ORGHOLD
2020-12-31,000582,北部湾港,270002,广发稳健增长混合A,基金,广发基金管理有限公司,8000000,84000000.0,0.48941132,0.63150276,0.3,Eastmoney RPT_MAIN_ORGHOLD
2020-12-31,000582,北部湾港,202017,南方深证成份ETF联接A,基金,南方基金管理股份有限公司,400,4200.0,2.447e-05,3.158e-05,0.0,Eastmoney RPT_MAIN_ORGHOLD
2020-12-31,000582,北部湾港,167503,安信一带一路指数A,基金,安信基金管理有限责任公司,49200,516600.0,0.00300988,0.00388374,0.48,Eastmoney RPT_MAIN_ORGHOLD
2020-12-31,000582,北部湾港,166801,浙商聚潮新思维混合A,基金,浙商基金管理有限公司,125000,1312500.0,0.00764705,0.00986723,0.2,Eastmoney RPT_MAIN_ORGHOLD
2020-12-31,000582,北部湾港,166024,中欧恒利三年定期开放混合(LOF),基金,中欧基金管理有限公司,600000,6300000.0,0.03670585,0.04736271,1.46,Eastmoney RPT_MAIN_ORGHOLD
2020-12-31,000582,北部湾港,166005,中欧价值发现混合A,基金,中欧基金管理有限公司,1967223,20655841.5,0.12034765,0.15528834,0.64,Eastmoney RPT_MAIN_ORGHOLD
2020-12-31,000582,北部湾港,163109,申万菱信深证成份指数(LOF)A,基金,申万菱信基金管理有限公司,78000,819000.0,0.00477176,0.00615715,0.04,Eastmoney RPT_MAIN_ORGHOLD
2020-12-31,000582,北部湾港,162413,华宝中证1000指数A,基金,华宝基金管理有限公司,5800,60900.0,0.00035482,0.00045784,0.16,Eastmoney RPT_MAIN_ORGHOLD
2020-12-31,000582,北部湾港,161612,融通深证成份指数A,基金,融通基金管理有限公司,5300,55650.0,0.00032424,0.00041837,0.04,Eastmoney RPT_MAIN_ORGHOLD
2020-12-31,000582,北部湾港,161222,国投瑞银瑞利混合(LOF)A,基金,国投瑞银基金管理有限公司,442500,4646250.0,0.02707056,0.03493,3.09,Eastmoney RPT_MAIN_ORGHOLD
2020-12-31,000582,北部湾港,160638,鹏华中证一带一路主题指数(LOF)A,基金,鹏华基金管理有限公司,143400,1505700.0,0.0087727,0.01131969,0.48,Eastmoney RPT_MAIN_ORGHOLD
2020-12-31,000582,北部湾港,160613,鹏华盛世创新混合(LOF)A,基金,鹏华基金管理有限公司,280600,2946300.0,0.0171661,0.02214996,0.71,Eastmoney RPT_MAIN_ORGHOLD
2020-12-31,000582,北部湾港,160105,南方积极配置混合(LOF),基金,南方基金管理股份有限公司,665374,6986427.0,0.0407052,0.05252319,0.99,Eastmoney RPT_MAIN_ORGHOLD
2020-12-31,000582,北部湾港,159990,银华巨潮小盘价值ETF,基金,银华基金管理股份有限公司,17490,183645.0,0.00106998,0.00138062,0.38,Eastmoney RPT_MAIN_ORGHOLD
2020-12-31,000582,北部湾港,159943,大成深证成份ETF,基金,大成基金管理有限公司,6100,64050.0,0.00037318,0.00048152,0.04,Eastmoney RPT_MAIN_ORGHOLD
2020-12-31,000582,北部湾港,159903,南方深证成份ETF,基金,南方基金管理股份有限公司,13700,143850.0,0.00083812,0.00108145,0.04,Eastmoney RPT_MAIN_ORGHOLD
2020-12-31,000582,北部湾港,121010,国投瑞银瑞源混合A,基金,国投瑞银基金管理有限公司,395400,4151700.0,0.02418915,0.03121202,2.79,Eastmoney RPT_MAIN_ORGHOLD
2020-12-31,000582,北部湾港,10999779,广西交通发展投资基金合伙企业(有限合伙),其他,,12650604,132831342.0,0.77391861,0.99861141,,Eastmoney RPT_MAIN_ORGHOLD
2020-12-31,000582,北部湾港,10717959,广西广投资产管理股份有限公司,其他,,38208521,401189470.5,2.33746036,3.01609829,,Eastmoney RPT_MAIN_ORGHOLD
2020-12-31,000582,北部湾港,10671586,香港中央结算有限公司,其他,,26399990,277199895.0,1.61505676,2.08395831,,Eastmoney RPT_MAIN_ORGHOLD
2020-12-31,000582,北部湾港,10102635,广西北部湾国际港务集团有限公司,其他,,1030868617,10824120478.5,41.03928553,52.95427512,,Eastmoney RPT_MAIN_ORGHOLD
2020-12-31,000582,北部湾港,10095733,广西水利电业集团有限公司,其他,,20321744,213378312.0,1.24321146,1.60415467,,Eastmoney RPT_MAIN_ORGHOLD
2020-12-31,000582,北部湾港,10078287,国华人寿保险股份有限公司-自有资金,保险,,16468626,172920573.0,1.00749151,1.29999784,,Eastmoney RPT_MAIN_ORGHOLD
2020-12-31,000582,北部湾港,10057065,中国华电集团财务有限公司,其他,,16095150,168999075.0,0.98464359,1.27051645,,Eastmoney RPT_MAIN_ORGHOLD
2020-12-31,000582,北部湾港,10013673,上海中海码头发展有限公司,其他,,174080311,1827843265.5,10.64960945,13.74152453,,Eastmoney RPT_MAIN_ORGHOLD
2020-12-31,000582,北部湾港,009984,鹏华启航混合,基金,鹏华基金管理有限公司,929000,9754500.0,0.05683289,0.07333326,0.59,Eastmoney RPT_MAIN_ORGHOLD
2020-12-31,000582,北部湾港,009128,明亚价值长青A,基金,明亚基金管理有限责任公司,200000,2100000.0,0.01223528,0.01578757,3.81,Eastmoney RPT_MAIN_ORGHOLD
2020-12-31,000582,北部湾港,007751,景顺长城沪港深红利成长低波指数A,基金,景顺长城基金管理有限公司,38600,405300.0,0.00236141,0.003047,0.54,Eastmoney RPT_MAIN_ORGHOLD
2020-12-31,000582,北部湾港,007505,华夏中证AH经济蓝筹股票指数A,基金,华夏基金管理有限公司,3000,31500.0,0.00018353,0.00023681,0.03,Eastmoney RPT_MAIN_ORGHOLD
2020-12-31,000582,北部湾港,007177,浙商智能行业优选A,基金,浙商基金管理有限公司,500030,5250315.0,0.03059004,0.03947129,0.72,Eastmoney RPT_MAIN_ORGHOLD
2020-12-31,000582,北部湾港,006486,广发中证1000ETF联接A,基金,广发基金管理有限公司,7900,82950.0,0.00048329,0.00062361,0.15,Eastmoney RPT_MAIN_ORGHOLD
2020-12-31,000582,北部湾港,006102,浙商丰利增强债券,基金,浙商基金管理有限公司,300000,3150000.0,0.01835292,0.02368135,1.47,Eastmoney RPT_MAIN_ORGHOLD
2020-12-31,000582,北部湾港,001810,中欧潜力价值灵活配置混合A,基金,中欧基金管理有限公司,889910,9344055.0,0.0544415,0.07024758,0.53,Eastmoney RPT_MAIN_ORGHOLD
2020-12-31,000582,北部湾港,001266,国投瑞银招财混合A,基金,国投瑞银基金管理有限公司,230600,2421300.0,0.01410728,0.01820307,3.45,Eastmoney RPT_MAIN_ORGHOLD
2020-12-31,000582,北部湾港,000554,南方中国梦灵活配置混合A,基金,南方基金管理股份有限公司,167610,1759905.0,0.01025378,0.01323077,1.06,Eastmoney RPT_MAIN_ORGHOLD
2020-12-31,000582,北部湾港,000042,财通中证ESG100指数增强A,基金,财通基金管理有限公司,300,3150.0,1.835e-05,2.368e-05,0.0,Eastmoney RPT_MAIN_ORGHOLD
2020-09-30,000582,北部湾港,73008468,平安基金-平安银行-中融国际信托-中融-财富1号结构化集合资金信托,信托,,22473002,218662309.46,1.37481771,1.77341836,,Eastmoney RPT_MAIN_ORGHOLD
2020-09-30,000582,北部湾港,270002,广发稳健增长混合A,基金,广发基金管理有限公司,9600000,93408000.0,0.58729359,0.75756751,,Eastmoney RPT_MAIN_ORGHOLD
2020-09-30,000582,北部湾港,160105,南方积极配置混合(LOF),基金,南方基金管理股份有限公司,3366045,32751617.85,0.20592257,0.26562566,4.85,Eastmoney RPT_MAIN_ORGHOLD
2020-09-30,000582,北部湾港,10999779,广西交通发展投资基金合伙企业(有限合伙),其他,,15540804,151212022.92,0.95073068,1.22637586,,Eastmoney RPT_MAIN_ORGHOLD
2020-09-30,000582,北部湾港,10717959,广西广投资产管理有限公司,其他,,45045331,438291070.63,2.75571189,3.55467494,,Eastmoney RPT_MAIN_ORGHOLD
2020-09-30,000582,北部湾港,10671586,香港中央结算有限公司,其他,,11858312,115381375.76,0.72544902,0.93577833,,Eastmoney RPT_MAIN_ORGHOLD
2020-09-30,000582,北部湾港,10102635,广西北部湾国际港务集团有限公司,其他,,1030868617,10030351643.41,41.03928553,52.93779813,,Eastmoney RPT_MAIN_ORGHOLD
2020-09-30,000582,北部湾港,10095733,广西水利电业集团有限公司,其他,,23321744,226920569.12,1.4267407,1.84039538,,Eastmoney RPT_MAIN_ORGHOLD
2020-09-30,000582,北部湾港,10078287,国华人寿保险股份有限公司-自有资金,保险,,16468626,160239730.98,1.00749151,1.29959334,,Eastmoney RPT_MAIN_ORGHOLD
2020-09-30,000582,北部湾港,10057065,中国华电集团财务有限公司,其他,,16095150,156605809.5,0.98464359,1.27012112,,Eastmoney RPT_MAIN_ORGHOLD
2020-09-30,000582,北部湾港,10013673,上海中海码头发展有限公司,其他,,174080311,1693801426.03,10.64960945,13.73724879,,Eastmoney RPT_MAIN_ORGHOLD
2020-09-30,000582,北部湾港,006102,浙商丰利增强债券,基金,浙商基金管理有限公司,120000,1167600.0,0.00734117,0.00946959,1.35,Eastmoney RPT_MAIN_ORGHOLD
2020-09-30,000582,北部湾港,000554,南方中国梦灵活配置混合A,基金,南方基金管理股份有限公司,764610,7439655.3,0.0467761,0.06033789,4.67,Eastmoney RPT_MAIN_ORGHOLD
2020-06-30,000582,北部湾港,73103722,广东粤财信托有限公司-粤财信托·粤中3号集合资金信托计划,信托,,9220000,99022800.0,0.56404655,0.72758047,,Eastmoney RPT_MAIN_ORGHOLD
2020-06-30,000582,北部湾港,73008468,平安基金-平安银行-中融国际信托-中融-财富1号结构化集合资金信托,信托,,22473002,241360041.48,1.37481771,1.77341836,,Eastmoney RPT_MAIN_ORGHOLD
2020-06-30,000582,北部湾港,512100,南方中证1000ETF,基金,南方基金管理股份有限公司,24800,266352.0,0.00151718,0.00195705,0.15,Eastmoney RPT_MAIN_ORGHOLD
2020-06-30,000582,北部湾港,502013,长盛中证申万一带一路指数(LOF),基金,长盛基金管理有限公司,144070,1547311.8,0.00881369,0.01136904,0.29,Eastmoney RPT_MAIN_ORGHOLD
2020-06-30,000582,北部湾港,501060,中金中证优选300指数(LOF)A,基金,中金基金管理有限公司,12700,136398.0,0.00077694,0.0010022,0.1,Eastmoney RPT_MAIN_ORGHOLD
2020-06-30,000582,北部湾港,320003,诺安先锋混合A,基金,诺安基金管理有限公司,90,966.6,5.51e-06,7.1e-06,0.0,Eastmoney RPT_MAIN_ORGHOLD
2020-06-30,000582,北部湾港,202017,南方深证成份ETF联接A,基金,南方基金管理股份有限公司,600,6444.0,3.671e-05,4.735e-05,0.0,Eastmoney RPT_MAIN_ORGHOLD
2020-06-30,000582,北部湾港,168201,中融一带一路分级,基金,国联基金管理有限公司,61910,664913.4,0.00378743,0.00488552,0.44,Eastmoney RPT_MAIN_ORGHOLD
2020-06-30,000582,北部湾港,167503,安信一带一路指数A,基金,安信基金管理有限责任公司,56700,608958.0,0.0034687,0.00447438,0.46,Eastmoney RPT_MAIN_ORGHOLD
2020-06-30,000582,北部湾港,163109,申万菱信深证成份指数(LOF)A,基金,申万菱信基金管理有限公司,122000,1310280.0,0.00746352,0.00962742,0.04,Eastmoney RPT_MAIN_ORGHOLD
2020-06-30,000582,北部湾港,162413,华宝中证1000指数A,基金,华宝基金管理有限公司,6100,65514.0,0.00037318,0.00048137,0.14,Eastmoney RPT_MAIN_ORGHOLD
2020-06-30,000582,北部湾港,161612,融通深证成份指数A,基金,融通基金管理有限公司,22300,239502.0,0.00136423,0.00175977,0.18,Eastmoney RPT_MAIN_ORGHOLD
2020-06-30,000582,北部湾港,161222,国投瑞银瑞利混合(LOF)A,基金,国投瑞银基金管理有限公司,324300,3482982.0,0.01983951,0.02559158,2.42,Eastmoney RPT_MAIN_ORGHOLD
2020-06-30,000582,北部湾港,160638,鹏华中证一带一路主题指数(LOF)A,基金,鹏华基金管理有限公司,109300,1173882.0,0.00668658,0.00862522,0.35,Eastmoney RPT_MAIN_ORGHOLD
2020-06-30,000582,北部湾港,159990,银华巨潮小盘价值ETF,基金,银华基金管理股份有限公司,63590,682956.6,0.00389021,0.0050181,0.44,Eastmoney RPT_MAIN_ORGHOLD
2020-06-30,000582,北部湾港,159953,广发全指工业ETF,基金,广发基金管理有限公司,1600,17184.0,9.788e-05,0.00012626,0.14,Eastmoney RPT_MAIN_ORGHOLD
2020-06-30,000582,北部湾港,159943,大成深证成份ETF,基金,大成基金管理有限公司,10300,110622.0,0.00063012,0.00081281,0.04,Eastmoney RPT_MAIN_ORGHOLD
2020-06-30,000582,北部湾港,159903,南方深证成份ETF,基金,南方基金管理股份有限公司,19100,205134.0,0.00116847,0.00150724,0.05,Eastmoney RPT_MAIN_ORGHOLD
2020-06-30,000582,北部湾港,10999779,广西交通发展投资基金合伙企业(有限合伙),其他,,25301204,271734930.96,1.54783697,1.99660106,,Eastmoney RPT_MAIN_ORGHOLD
2020-06-30,000582,北部湾港,10717959,广西广投资产管理有限公司,其他,,58403608,627254749.92,3.5729234,4.60882043,,Eastmoney RPT_MAIN_ORGHOLD
2020-06-30,000582,北部湾港,10671586,香港中央结算有限公司,其他,,8714287,93591442.38,0.53310884,0.68767299,,Eastmoney RPT_MAIN_ORGHOLD
2020-06-30,000582,北部湾港,10102635,广西北部湾国际港务集团有限公司,其他,,1030868617,11071528946.58,41.03928553,52.93779813,,Eastmoney RPT_MAIN_ORGHOLD
2020-06-30,000582,北部湾港,10095733,广西水利电业集团有限公司,其他,,55229508,593164915.92,3.37874333,4.35834178,,Eastmoney RPT_MAIN_ORGHOLD
2020-06-30,000582,北部湾港,10078287,国华人寿保险股份有限公司-自有资金,保险,,16468626,176873043.24,1.00749151,1.29959334,,Eastmoney RPT_MAIN_ORGHOLD
2020-06-30,000582,北部湾港,10057065,中国华电集团财务有限公司,其他,,17591970,188937757.8,1.07621367,1.3882401,,Eastmoney RPT_MAIN_ORGHOLD
2020-06-30,000582,北部湾港,10013673,上海中海码头发展有限公司,其他,,174080311,1869622540.14,10.64960945,13.73724879,,Eastmoney RPT_MAIN_ORGHOLD
2020-06-30,000582,北部湾港,009023,鹏华稳健回报混合A,基金,鹏华基金管理有限公司,919700,9877578.0,0.05626395,0.07257655,0.6,Eastmoney RPT_MAIN_ORGHOLD
2020-06-30,000582,北部湾港,008112,中泰中证500指数增强A,基金,中泰证券(上海)资产管理有限公司,2700,28998.0,0.00016518,0.00021307,0.04,Eastmoney RPT_MAIN_ORGHOLD
2020-06-30,000582,北部湾港,007751,景顺长城沪港深红利成长低波指数A,基金,景顺长城基金管理有限公司,47500,510150.0,0.00290588,0.00374838,0.49,Eastmoney RPT_MAIN_ORGHOLD
2020-06-30,000582,北部湾港,006911,长江量化匠心甄选A,基金,长江证券(上海)资产管理有限公司,1000,10740.0,6.118e-05,7.891e-05,0.07,Eastmoney RPT_MAIN_ORGHOLD
2020-06-30,000582,北部湾港,006486,广发中证1000ETF联接A,基金,广发基金管理有限公司,5900,63366.0,0.00036094,0.00046559,0.14,Eastmoney RPT_MAIN_ORGHOLD
2020-06-30,000582,北部湾港,006201,景顺长城量化先锋混合A,基金,景顺长城基金管理有限公司,20200,216948.0,0.00123576,0.00159405,0.37,Eastmoney RPT_MAIN_ORGHOLD
2020-06-30,000582,北部湾港,005515,银华中小市值量化优选股票发起式A,基金,银华基金管理股份有限公司,1700,18258.0,0.000104,0.00013415,0.16,Eastmoney RPT_MAIN_ORGHOLD
2020-06-30,000582,北部湾港,005457,景顺长城量化小盘股票A,基金,景顺长城基金管理有限公司,43400,466116.0,0.00265506,0.00342484,0.25,Eastmoney RPT_MAIN_ORGHOLD
2020-06-30,000582,北部湾港,005414,创金合信国证A股指数A,基金,创金合信基金管理有限公司,1000,10740.0,6.118e-05,7.891e-05,0.09,Eastmoney RPT_MAIN_ORGHOLD
2020-06-30,000582,北部湾港,005313,万家中证1000指数增强A,基金,万家基金管理有限公司,4700,50478.0,0.00028753,0.00037089,0.21,Eastmoney RPT_MAIN_ORGHOLD
2020-06-30,000582,北部湾港,005258,景顺长城量化平衡混合A,基金,景顺长城基金管理有限公司,74778,803115.72,0.00457465,0.00590098,0.32,Eastmoney RPT_MAIN_ORGHOLD
2020-06-30,000582,北部湾港,005140,华夏睿磐泰荣混合A,基金,华夏基金管理有限公司,12500,134250.0,0.00076471,0.00098642,0.02,Eastmoney RPT_MAIN_ORGHOLD
2020-06-30,000582,北部湾港,004720,华夏睿磐泰茂混合A,基金,华夏基金管理有限公司,63400,680916.0,0.00387858,0.0050031,0.1,Eastmoney RPT_MAIN_ORGHOLD
2020-06-30,000582,北部湾港,003697,华夏睿磐泰盛混合A,基金,华夏基金管理有限公司,3900,41886.0,0.00023859,0.00030776,0.07,Eastmoney RPT_MAIN_ORGHOLD
2020-06-30,000582,北部湾港,003301,华夏鼎融债券A,基金,华夏基金管理有限公司,8100,86994.0,0.00049553,0.0006392,0.08,Eastmoney RPT_MAIN_ORGHOLD
2020-06-30,000582,北部湾港,002510,申万菱信中证500指数增强A,基金,申万菱信基金管理有限公司,131010,1407047.4,0.00801472,0.01033843,0.22,Eastmoney RPT_MAIN_ORGHOLD
2020-06-30,000582,北部湾港,001362,景顺长城领先回报混合A,基金,景顺长城基金管理有限公司,20700,222318.0,0.00126635,0.0016335,0.04,Eastmoney RPT_MAIN_ORGHOLD
2020-06-30,000582,北部湾港,000978,景顺长城量化精选股票A,基金,景顺长城基金管理有限公司,226700,2434758.0,0.01386869,0.01788964,0.23,Eastmoney RPT_MAIN_ORGHOLD
2020-06-30,000582,北部湾港,000006,西部利得量化成长混合A,基金,西部利得基金管理有限公司,102200,1097628.0,0.00625223,0.00806494,0.27,Eastmoney RPT_MAIN_ORGHOLD

