日期,标的代码,标的名称,收盘价,涨跌幅
2016-01-04,sh000001,上证指数,3296.26,
2016-01-05,sh000001,上证指数,3287.71,-0.2594
2016-01-06,sh000001,上证指数,3361.84,2.2548
2016-01-07,sh000001,上证指数,3125.0,-7.045
2016-01-08,sh000001,上证指数,3186.41,1.9651
2016-01-11,sh000001,上证指数,3016.7,-5.3261
2016-01-12,sh000001,上证指数,3022.86,0.2042
2016-01-13,sh000001,上证指数,2949.6,-2.4235
2016-01-14,sh000001,上证指数,3007.65,1.9681
2016-01-15,sh000001,上证指数,2900.97,-3.547
2016-01-18,sh000001,上证指数,2913.84,0.4436
2016-01-19,sh000001,上证指数,3007.74,3.2226
2016-01-20,sh000001,上证指数,2976.69,-1.0323
2016-01-21,sh000001,上证指数,2880.48,-3.2321
2016-01-22,sh000001,上证指数,2916.56,1.2526
2016-01-25,sh000001,上证指数,2938.51,0.7526
2016-01-26,sh000001,上证指数,2749.79,-6.4223
2016-01-27,sh000001,上证指数,2735.56,-0.5175
2016-01-28,sh000001,上证指数,2655.66,-2.9208
2016-01-29,sh000001,上证指数,2737.6,3.0855
2016-02-01,sh000001,上证指数,2688.85,-1.7808
2016-02-02,sh000001,上证指数,2749.57,2.2582
2016-02-03,sh000001,上证指数,2739.25,-0.3753
2016-02-04,sh000001,上证指数,2781.02,1.5249
2016-02-05,sh000001,上证指数,2763.49,-0.6303
2016-02-15,sh000001,上证指数,2746.2,-0.6257
2016-02-16,sh000001,上证指数,2836.57,3.2907
2016-02-17,sh000001,上证指数,2867.34,1.0848
2016-02-18,sh000001,上证指数,2862.89,-0.1552
2016-02-19,sh000001,上证指数,2860.02,-0.1002
2016-02-22,sh000001,上证指数,2927.18,2.3482
2016-02-23,sh000001,上证指数,2903.33,-0.8148
2016-02-24,sh000001,上证指数,2928.9,0.8807
2016-02-25,sh000001,上证指数,2741.25,-6.4068
2016-02-26,sh000001,上证指数,2767.21,0.947
2016-02-29,sh000001,上证指数,2687.98,-2.8632
2016-03-01,sh000001,上证指数,2733.17,1.6812
2016-03-02,sh000001,上证指数,2849.68,4.2628
2016-03-03,sh000001,上证指数,2859.76,0.3537
2016-03-04,sh000001,上证指数,2874.15,0.5032
2016-03-07,sh000001,上证指数,2897.34,0.8068
2016-03-08,sh000001,上证指数,2901.39,0.1398
2016-03-09,sh000001,上证指数,2862.56,-1.3383
2016-03-10,sh000001,上证指数,2804.73,-2.0202
2016-03-11,sh000001,上证指数,2810.31,0.1989
2016-03-14,sh000001,上证指数,2859.5,1.7503
2016-03-15,sh000001,上证指数,2864.37,0.1703
2016-03-16,sh000001,上证指数,2870.43,0.2116
2016-03-17,sh000001,上证指数,2904.83,1.1984
2016-03-18,sh000001,上证指数,2955.15,1.7323
2016-03-21,sh000001,上证指数,3018.8,2.1539
2016-03-22,sh000001,上证指数,2999.36,-0.644
2016-03-23,sh000001,上证指数,3009.96,0.3534
2016-03-24,sh000001,上证指数,2960.97,-1.6276
2016-03-25,sh000001,上证指数,2979.43,0.6234
2016-03-28,sh000001,上证指数,2957.82,-0.7253
2016-03-29,sh000001,上证指数,2919.83,-1.2844
2016-03-30,sh000001,上证指数,3000.65,2.768
2016-03-31,sh000001,上证指数,3003.92,0.109
2016-04-01,sh000001,上证指数,3009.53,0.1868
2016-04-05,sh000001,上证指数,3053.07,1.4467
2016-04-06,sh000001,上证指数,3050.59,-0.0812
2016-04-07,sh000001,上证指数,3008.42,-1.3824
2016-04-08,sh000001,上证指数,2984.96,-0.7798
2016-04-11,sh000001,上证指数,3033.96,1.6416
2016-04-12,sh000001,上证指数,3023.65,-0.3398
2016-04-13,sh000001,上证指数,3066.64,1.4218
2016-04-14,sh000001,上证指数,3082.36,0.5126
2016-04-15,sh000001,上证指数,3078.12,-0.1376
2016-04-18,sh000001,上证指数,3033.66,-1.4444
2016-04-19,sh000001,上证指数,3042.82,0.3019
2016-04-20,sh000001,上证指数,2972.58,-2.3084
2016-04-21,sh000001,上证指数,2952.89,-0.6624
2016-04-22,sh000001,上证指数,2959.24,0.215
2016-04-25,sh000001,上证指数,2946.67,-0.4248
2016-04-26,sh000001,上证指数,2964.7,0.6119
2016-04-27,sh000001,上证指数,2953.67,-0.372
2016-04-28,sh000001,上证指数,2945.59,-0.2736
2016-04-29,sh000001,上证指数,2938.32,-0.2468
2016-05-03,sh000001,上证指数,2992.64,1.8487
2016-05-04,sh000001,上证指数,2991.27,-0.0458
2016-05-05,sh000001,上证指数,2997.84,0.2196
2016-05-06,sh000001,上证指数,2913.25,-2.8217
2016-05-09,sh000001,上证指数,2832.11,-2.7852
2016-05-10,sh000001,上证指数,2832.59,0.0169
2016-05-11,sh000001,上证指数,2837.04,0.1571
2016-05-12,sh000001,上证指数,2835.86,-0.0416
2016-05-13,sh000001,上证指数,2827.11,-0.3085
2016-05-16,sh000001,上证指数,2850.86,0.8401
2016-05-17,sh000001,上证指数,2843.68,-0.2519
2016-05-18,sh000001,上证指数,2807.51,-1.2719
2016-05-19,sh000001,上证指数,2806.91,-0.0214
2016-05-20,sh000001,上证指数,2825.48,0.6616
2016-05-23,sh000001,上证指数,2843.65,0.6431
2016-05-24,sh000001,上证指数,2821.67,-0.773
2016-05-25,sh000001,上证指数,2815.09,-0.2332
2016-05-26,sh000001,上证指数,2822.44,0.2611
2016-05-27,sh000001,上证指数,2821.05,-0.0492
2016-05-30,sh000001,上证指数,2822.45,0.0496
2016-05-31,sh000001,上证指数,2916.62,3.3365
2016-06-01,sh000001,上证指数,2913.51,-0.1066
2016-06-02,sh000001,上证指数,2925.23,0.4023
2016-06-03,sh000001,上证指数,2938.68,0.4598
2016-06-06,sh000001,上证指数,2934.1,-0.1559
2016-06-07,sh000001,上证指数,2936.04,0.0661
2016-06-08,sh000001,上证指数,2927.16,-0.3024
2016-06-13,sh000001,上证指数,2833.07,-3.2144
2016-06-14,sh000001,上证指数,2842.19,0.3219
2016-06-15,sh000001,上证指数,2887.21,1.584
2016-06-16,sh000001,上证指数,2872.82,-0.4984
2016-06-17,sh000001,上证指数,2885.11,0.4278
2016-06-20,sh000001,上证指数,2888.81,0.1282
2016-06-21,sh000001,上证指数,2878.56,-0.3548
2016-06-22,sh000001,上证指数,2905.55,0.9376
2016-06-23,sh000001,上证指数,2891.96,-0.4677
2016-06-24,sh000001,上证指数,2854.29,-1.3026
2016-06-27,sh000001,上证指数,2895.7,1.4508
2016-06-28,sh000001,上证指数,2912.56,0.5822
2016-06-29,sh000001,上证指数,2931.59,0.6534
2016-06-30,sh000001,上证指数,2929.61,-0.0675
2016-07-01,sh000001,上证指数,2932.48,0.098
2016-07-04,sh000001,上证指数,2988.6,1.9137
2016-07-05,sh000001,上证指数,3006.39,0.5953
2016-07-06,sh000001,上证指数,3017.29,0.3626
2016-07-07,sh000001,上证指数,3016.85,-0.0146
2016-07-08,sh000001,上证指数,2988.09,-0.9533
2016-07-11,sh000001,上证指数,2994.92,0.2286
2016-07-12,sh000001,上证指数,3049.38,1.8184
2016-07-13,sh000001,上证指数,3060.69,0.3709
2016-07-14,sh000001,上证指数,3054.02,-0.2179
2016-07-15,sh000001,上证指数,3054.3,0.0092
2016-07-18,sh000001,上证指数,3043.56,-0.3516
2016-07-19,sh000001,上证指数,3036.6,-0.2287
2016-07-20,sh000001,上证指数,3027.9,-0.2865
2016-07-21,sh000001,上证指数,3039.01,0.3669
2016-07-22,sh000001,上证指数,3012.82,-0.8618
2016-07-25,sh000001,上证指数,3015.83,0.0999
2016-07-26,sh000001,上证指数,3050.17,1.1387
2016-07-27,sh000001,上证指数,2992.0,-1.9071
2016-07-28,sh000001,上证指数,2994.32,0.0775
2016-07-29,sh000001,上证指数,2979.34,-0.5003
2016-08-01,sh000001,上证指数,2953.39,-0.871
2016-08-02,sh000001,上证指数,2971.28,0.6057
2016-08-03,sh000001,上证指数,2978.46,0.2416
2016-08-04,sh000001,上证指数,2982.43,0.1333
2016-08-05,sh000001,上证指数,2976.7,-0.1921
2016-08-08,sh000001,上证指数,3004.28,0.9265
2016-08-09,sh000001,上证指数,3025.68,0.7123
2016-08-10,sh000001,上证指数,3018.75,-0.229
2016-08-11,sh000001,上证指数,3002.64,-0.5337
2016-08-12,sh000001,上证指数,3050.67,1.5996
2016-08-15,sh000001,上证指数,3125.2,2.4431
2016-08-16,sh000001,上证指数,3110.04,-0.4851
2016-08-17,sh000001,上证指数,3109.55,-0.0158
2016-08-18,sh000001,上证指数,3104.11,-0.1749
2016-08-19,sh000001,上证指数,3108.1,0.1285
2016-08-22,sh000001,上证指数,3084.81,-0.7493
2016-08-23,sh000001,上证指数,3089.71,0.1588
2016-08-24,sh000001,上证指数,3085.88,-0.124
2016-08-25,sh000001,上证指数,3068.33,-0.5687
2016-08-26,sh000001,上证指数,3070.31,0.0645
2016-08-29,sh000001,上证指数,3070.03,-0.0091
2016-08-30,sh000001,上证指数,3074.68,0.1515
2016-08-31,sh000001,上证指数,3085.49,0.3516
2016-09-01,sh000001,上证指数,3063.31,-0.7188
2016-09-02,sh000001,上证指数,3067.35,0.1319
2016-09-05,sh000001,上证指数,3072.1,0.1549
2016-09-06,sh000001,上证指数,3090.71,0.6058
2016-09-07,sh000001,上证指数,3091.93,0.0395
2016-09-08,sh000001,上证指数,3095.95,0.13
2016-09-09,sh000001,上证指数,3078.85,-0.5523
2016-09-12,sh000001,上证指数,3021.98,-1.8471
2016-09-13,sh000001,上证指数,3023.51,0.0506
2016-09-14,sh000001,上证指数,3002.85,-0.6833
2016-09-19,sh000001,上证指数,3026.05,0.7726
2016-09-20,sh000001,上证指数,3023.0,-0.1008
2016-09-21,sh000001,上证指数,3025.87,0.0949
2016-09-22,sh000001,上证指数,3042.31,0.5433
2016-09-23,sh000001,上证指数,3033.9,-0.2764
2016-09-26,sh000001,上证指数,2980.43,-1.7624
2016-09-27,sh000001,上证指数,2998.17,0.5952
2016-09-28,sh000001,上证指数,2987.86,-0.3439
2016-09-29,sh000001,上证指数,2998.48,0.3554
2016-09-30,sh000001,上证指数,3004.7,0.2074
2016-10-10,sh000001,上证指数,3048.14,1.4457
2016-10-11,sh000001,上证指数,3065.25,0.5613
2016-10-12,sh000001,上证指数,3058.5,-0.2202
2016-10-13,sh000001,上证指数,3061.35,0.0932
2016-10-14,sh000001,上证指数,3063.81,0.0804
2016-10-17,sh000001,上证指数,3041.17,-0.7389
2016-10-18,sh000001,上证指数,3083.88,1.4044
2016-10-19,sh000001,上证指数,3084.72,0.0272
2016-10-20,sh000001,上证指数,3084.46,-0.0084
2016-10-21,sh000001,上证指数,3090.94,0.2101
2016-10-24,sh000001,上证指数,3128.25,1.2071
2016-10-25,sh000001,上证指数,3131.94,0.118
2016-10-26,sh000001,上证指数,3116.31,-0.4991
2016-10-27,sh000001,上证指数,3112.35,-0.1271
2016-10-28,sh000001,上证指数,3104.27,-0.2596
2016-10-31,sh000001,上证指数,3100.49,-0.1218
2016-11-01,sh000001,上证指数,3122.44,0.708
2016-11-02,sh000001,上证指数,3102.73,-0.6312
2016-11-03,sh000001,上证指数,3128.94,0.8447
2016-11-04,sh000001,上证指数,3125.32,-0.1157
2016-11-07,sh000001,上证指数,3133.33,0.2563
2016-11-08,sh000001,上证指数,3147.89,0.4647
2016-11-09,sh000001,上证指数,3128.37,-0.6201
2016-11-10,sh000001,上证指数,3171.28,1.3716
2016-11-11,sh000001,上证指数,3196.04,0.7808
2016-11-14,sh000001,上证指数,3210.37,0.4484
2016-11-15,sh000001,上证指数,3206.99,-0.1053
2016-11-16,sh000001,上证指数,3205.06,-0.0602
2016-11-17,sh000001,上证指数,3208.45,0.1058
2016-11-18,sh000001,上证指数,3192.86,-0.4859
2016-11-21,sh000001,上证指数,3218.15,0.7921
2016-11-22,sh000001,上证指数,3248.35,0.9384
2016-11-23,sh000001,上证指数,3241.14,-0.222
2016-11-24,sh000001,上证指数,3241.74,0.0185
2016-11-25,sh000001,上证指数,3261.94,0.6231
2016-11-28,sh000001,上证指数,3277.0,0.4617
2016-11-29,sh000001,上证指数,3282.92,0.1807
2016-11-30,sh000001,上证指数,3250.03,-1.0019
2016-12-01,sh000001,上证指数,3273.31,0.7163
2016-12-02,sh000001,上证指数,3243.84,-0.9003
2016-12-05,sh000001,上证指数,3204.71,-1.2063
2016-12-06,sh000001,上证指数,3199.65,-0.1579
2016-12-07,sh000001,上证指数,3222.24,0.706
2016-12-08,sh000001,上证指数,3215.37,-0.2132
2016-12-09,sh000001,上证指数,3232.88,0.5446
2016-12-12,sh000001,上证指数,3152.97,-2.4718
2016-12-13,sh000001,上证指数,3155.04,0.0657
2016-12-14,sh000001,上证指数,3140.53,-0.4599
2016-12-15,sh000001,上证指数,3117.68,-0.7276
2016-12-16,sh000001,上证指数,3122.98,0.17
2016-12-19,sh000001,上证指数,3118.08,-0.1569
2016-12-20,sh000001,上证指数,3102.88,-0.4875
2016-12-21,sh000001,上证指数,3137.43,1.1135
2016-12-22,sh000001,上证指数,3139.56,0.0679
2016-12-23,sh000001,上证指数,3110.15,-0.9368
2016-12-26,sh000001,上证指数,3122.57,0.3993
2016-12-27,sh000001,上证指数,3114.66,-0.2533
2016-12-28,sh000001,上证指数,3102.24,-0.3988
2016-12-29,sh000001,上证指数,3096.1,-0.1979
2016-12-30,sh000001,上证指数,3103.64,0.2435
2017-01-03,sh000001,上证指数,3135.92,1.0401
2017-01-04,sh000001,上证指数,3158.79,0.7293
2017-01-05,sh000001,上证指数,3165.41,0.2096
2017-01-06,sh000001,上证指数,3154.32,-0.3503
2017-01-09,sh000001,上证指数,3171.24,0.5364
2017-01-10,sh000001,上证指数,3161.67,-0.3018
2017-01-11,sh000001,上证指数,3136.75,-0.7882
2017-01-12,sh000001,上证指数,3119.29,-0.5566
2017-01-13,sh000001,上证指数,3112.76,-0.2093
2017-01-16,sh000001,上证指数,3103.43,-0.2997
2017-01-17,sh000001,上证指数,3108.77,0.1721
2017-01-18,sh000001,上证指数,3113.01,0.1364
2017-01-19,sh000001,上证指数,3101.3,-0.3762
2017-01-20,sh000001,上证指数,3123.14,0.7042
2017-01-23,sh000001,上证指数,3136.77,0.4364
2017-01-24,sh000001,上证指数,3142.55,0.1843
2017-01-25,sh000001,上证指数,3149.55,0.2227
2017-01-26,sh000001,上证指数,3159.17,0.3054
2017-02-03,sh000001,上证指数,3140.17,-0.6014
2017-02-06,sh000001,上证指数,3156.98,0.5353
2017-02-07,sh000001,上证指数,3153.09,-0.1232
2017-02-08,sh000001,上证指数,3166.98,0.4405
2017-02-09,sh000001,上证指数,3183.18,0.5115
2017-02-10,sh000001,上证指数,3196.7,0.4247
2017-02-13,sh000001,上证指数,3216.84,0.63
2017-02-14,sh000001,上证指数,3217.93,0.0339
2017-02-15,sh000001,上证指数,3212.99,-0.1535
2017-02-16,sh000001,上证指数,3229.62,0.5176
2017-02-17,sh000001,上证指数,3202.08,-0.8527
2017-02-20,sh000001,上证指数,3239.96,1.183
2017-02-21,sh000001,上证指数,3253.33,0.4127
2017-02-22,sh000001,上证指数,3261.22,0.2425
2017-02-23,sh000001,上证指数,3251.38,-0.3017
2017-02-24,sh000001,上证指数,3253.43,0.0631
2017-02-27,sh000001,上证指数,3228.66,-0.7614
2017-02-28,sh000001,上证指数,3241.73,0.4048
2017-03-01,sh000001,上证指数,3246.93,0.1604
2017-03-02,sh000001,上证指数,3230.03,-0.5205
2017-03-03,sh000001,上证指数,3218.31,-0.3628
2017-03-06,sh000001,上证指数,3233.87,0.4835
2017-03-07,sh000001,上证指数,3242.41,0.2641
2017-03-08,sh000001,上证指数,3240.66,-0.054
2017-03-09,sh000001,上证指数,3216.75,-0.7378
2017-03-10,sh000001,上证指数,3212.76,-0.124
2017-03-13,sh000001,上证指数,3237.02,0.7551
2017-03-14,sh000001,上证指数,3239.33,0.0714
2017-03-15,sh000001,上证指数,3241.76,0.075
2017-03-16,sh000001,上证指数,3268.94,0.8384
2017-03-17,sh000001,上证指数,3237.45,-0.9633
2017-03-20,sh000001,上证指数,3250.81,0.4127
2017-03-21,sh000001,上证指数,3261.61,0.3322
2017-03-22,sh000001,上证指数,3245.22,-0.5025
2017-03-23,sh000001,上证指数,3248.55,0.1026
2017-03-24,sh000001,上证指数,3269.45,0.6434
2017-03-27,sh000001,上证指数,3266.96,-0.0762
2017-03-28,sh000001,上证指数,3252.95,-0.4288
2017-03-29,sh000001,上证指数,3241.31,-0.3578
2017-03-30,sh000001,上证指数,3210.24,-0.9586
2017-03-31,sh000001,上证指数,3222.51,0.3822
2017-04-05,sh000001,上证指数,3270.31,1.4833
2017-04-06,sh000001,上证指数,3281.0,0.3269
2017-04-07,sh000001,上证指数,3286.62,0.1713
2017-04-10,sh000001,上证指数,3269.39,-0.5242
2017-04-11,sh000001,上证指数,3288.97,0.5989
2017-04-12,sh000001,上证指数,3273.83,-0.4603
2017-04-13,sh000001,上证指数,3275.96,0.0651
2017-04-14,sh000001,上证指数,3246.07,-0.9124
2017-04-17,sh000001,上证指数,3222.17,-0.7363
2017-04-18,sh000001,上证指数,3196.71,-0.7902
2017-04-19,sh000001,上证指数,3170.69,-0.814
2017-04-20,sh000001,上证指数,3172.1,0.0445
2017-04-21,sh000001,上证指数,3173.15,0.0331
2017-04-24,sh000001,上证指数,3129.53,-1.3747
2017-04-25,sh000001,上证指数,3134.57,0.161
2017-04-26,sh000001,上证指数,3140.85,0.2003
2017-04-27,sh000001,上证指数,3152.19,0.361
2017-04-28,sh000001,上证指数,3154.66,0.0784
2017-05-02,sh000001,上证指数,3143.71,-0.3471
2017-05-03,sh000001,上证指数,3135.35,-0.2659
2017-05-04,sh000001,上证指数,3127.37,-0.2545
2017-05-05,sh000001,上证指数,3103.04,-0.778
2017-05-08,sh000001,上证指数,3078.61,-0.7873
2017-05-09,sh000001,上证指数,3080.53,0.0624
2017-05-10,sh000001,上证指数,3052.78,-0.9008
2017-05-11,sh000001,上证指数,3061.5,0.2856
2017-05-12,sh000001,上证指数,3083.51,0.7189
2017-05-15,sh000001,上证指数,3090.23,0.2179
2017-05-16,sh000001,上证指数,3112.96,0.7355
2017-05-17,sh000001,上证指数,3104.44,-0.2737
2017-05-18,sh000001,上证指数,3090.14,-0.4606
2017-05-19,sh000001,上证指数,3090.63,0.0159
2017-05-22,sh000001,上证指数,3075.68,-0.4837
2017-05-23,sh000001,上证指数,3061.95,-0.4464
2017-05-24,sh000001,上证指数,3064.08,0.0696
2017-05-25,sh000001,上证指数,3107.83,1.4278
2017-05-26,sh000001,上证指数,3110.06,0.0718
2017-05-31,sh000001,上证指数,3117.18,0.2289
2017-06-01,sh000001,上证指数,3102.62,-0.4671
2017-06-02,sh000001,上证指数,3105.54,0.0941
2017-06-05,sh000001,上证指数,3091.66,-0.4469
2017-06-06,sh000001,上证指数,3102.13,0.3387
2017-06-07,sh000001,上证指数,3140.33,1.2314
2017-06-08,sh000001,上证指数,3150.33,0.3184
2017-06-09,sh000001,上证指数,3158.4,0.2562
2017-06-12,sh000001,上证指数,3139.88,-0.5864
2017-06-13,sh000001,上证指数,3153.74,0.4414
2017-06-14,sh000001,上证指数,3130.67,-0.7315
2017-06-15,sh000001,上证指数,3132.49,0.0581
2017-06-16,sh000001,上证指数,3123.17,-0.2975
2017-06-19,sh000001,上证指数,3144.37,0.6788
2017-06-20,sh000001,上证指数,3140.01,-0.1387
2017-06-21,sh000001,上证指数,3156.21,0.5159
2017-06-22,sh000001,上证指数,3147.45,-0.2775
2017-06-23,sh000001,上证指数,3157.87,0.3311
2017-06-26,sh000001,上证指数,3185.44,0.8731
2017-06-27,sh000001,上证指数,3191.2,0.1808
2017-06-28,sh000001,上证指数,3173.2,-0.5641
2017-06-29,sh000001,上证指数,3188.06,0.4683
2017-06-30,sh000001,上证指数,3192.43,0.1371
2017-07-03,sh000001,上证指数,3195.91,0.109
2017-07-04,sh000001,上证指数,3182.8,-0.4102
2017-07-05,sh000001,上证指数,3207.13,0.7644
2017-07-06,sh000001,上证指数,3212.44,0.1656
2017-07-07,sh000001,上证指数,3217.96,0.1718
2017-07-10,sh000001,上证指数,3212.63,-0.1656
2017-07-11,sh000001,上证指数,3203.04,-0.2985
2017-07-12,sh000001,上证指数,3197.54,-0.1717
2017-07-13,sh000001,上证指数,3218.16,0.6449
2017-07-14,sh000001,上证指数,3222.42,0.1324
2017-07-17,sh000001,上证指数,3176.46,-1.4263
2017-07-18,sh000001,上证指数,3187.57,0.3498
2017-07-19,sh000001,上证指数,3230.98,1.3619
2017-07-20,sh000001,上证指数,3244.86,0.4296
2017-07-21,sh000001,上证指数,3237.98,-0.212
2017-07-24,sh000001,上证指数,3250.6,0.3897
2017-07-25,sh000001,上证指数,3243.69,-0.2126
2017-07-26,sh000001,上证指数,3247.67,0.1227
2017-07-27,sh000001,上证指数,3249.78,0.065
2017-07-28,sh000001,上证指数,3253.24,0.1065
2017-07-31,sh000001,上证指数,3273.03,0.6083
2017-08-01,sh000001,上证指数,3292.64,0.5991
2017-08-02,sh000001,上证指数,3285.06,-0.2302
2017-08-03,sh000001,上证指数,3272.93,-0.3692
2017-08-04,sh000001,上证指数,3262.08,-0.3315
2017-08-07,sh000001,上证指数,3279.46,0.5328
2017-08-08,sh000001,上证指数,3281.87,0.0735
2017-08-09,sh000001,上证指数,3275.57,-0.192
2017-08-10,sh000001,上证指数,3261.75,-0.4219
2017-08-11,sh000001,上证指数,3208.54,-1.6313
2017-08-14,sh000001,上证指数,3237.36,0.8982
2017-08-15,sh000001,上证指数,3251.26,0.4294
2017-08-16,sh000001,上证指数,3246.45,-0.1479
2017-08-17,sh000001,上证指数,3268.43,0.677
2017-08-18,sh000001,上证指数,3268.72,0.0089
2017-08-21,sh000001,上证指数,3286.91,0.5565
2017-08-22,sh000001,上证指数,3290.23,0.101
2017-08-23,sh000001,上证指数,3287.7,-0.0769
2017-08-24,sh000001,上证指数,3271.51,-0.4924
2017-08-25,sh000001,上证指数,3331.52,1.8343
2017-08-28,sh000001,上证指数,3362.65,0.9344
2017-08-29,sh000001,上证指数,3365.23,0.0767
2017-08-30,sh000001,上证指数,3363.63,-0.0475
2017-08-31,sh000001,上证指数,3360.81,-0.0838
2017-09-01,sh000001,上证指数,3367.12,0.1878
2017-09-04,sh000001,上证指数,3379.58,0.37
2017-09-05,sh000001,上证指数,3384.32,0.1403
2017-09-06,sh000001,上证指数,3385.39,0.0316
2017-09-07,sh000001,上证指数,3365.5,-0.5875
2017-09-08,sh000001,上证指数,3365.24,-0.0077
2017-09-11,sh000001,上证指数,3376.42,0.3322
2017-09-12,sh000001,上证指数,3379.49,0.0909
2017-09-13,sh000001,上证指数,3384.15,0.1379
2017-09-14,sh000001,上证指数,3371.43,-0.3759
2017-09-15,sh000001,上证指数,3353.62,-0.5283
2017-09-18,sh000001,上证指数,3362.86,0.2755
2017-09-19,sh000001,上证指数,3356.84,-0.179
2017-09-20,sh000001,上证指数,3366.0,0.2729
2017-09-21,sh000001,上证指数,3357.81,-0.2433
2017-09-22,sh000001,上证指数,3352.53,-0.1572
2017-09-25,sh000001,上证指数,3341.55,-0.3275
2017-09-26,sh000001,上证指数,3343.58,0.0608
2017-09-27,sh000001,上证指数,3345.27,0.0505
2017-09-28,sh000001,上证指数,3339.64,-0.1683
2017-09-29,sh000001,上证指数,3348.94,0.2785
2017-10-09,sh000001,上证指数,3374.38,0.7596
2017-10-10,sh000001,上证指数,3382.99,0.2552
2017-10-11,sh000001,上证指数,3388.28,0.1564
2017-10-12,sh000001,上证指数,3386.1,-0.0643
2017-10-13,sh000001,上证指数,3390.52,0.1305
2017-10-16,sh000001,上证指数,3378.47,-0.3554
2017-10-17,sh000001,上证指数,3372.04,-0.1903
2017-10-18,sh000001,上证指数,3381.79,0.2891
2017-10-19,sh000001,上证指数,3370.17,-0.3436
2017-10-20,sh000001,上证指数,3378.65,0.2516
2017-10-23,sh000001,上证指数,3380.7,0.0607
2017-10-24,sh000001,上证指数,3388.25,0.2233
2017-10-25,sh000001,上证指数,3396.9,0.2553
2017-10-26,sh000001,上证指数,3407.57,0.3141
2017-10-27,sh000001,上证指数,3416.81,0.2712
2017-10-30,sh000001,上证指数,3390.34,-0.7747
2017-10-31,sh000001,上证指数,3393.34,0.0885
2017-11-01,sh000001,上证指数,3395.91,0.0757
2017-11-02,sh000001,上证指数,3383.31,-0.371
2017-11-03,sh000001,上证指数,3371.74,-0.342
2017-11-06,sh000001,上证指数,3388.17,0.4873
2017-11-07,sh000001,上证指数,3413.57,0.7497
2017-11-08,sh000001,上证指数,3415.46,0.0554
2017-11-09,sh000001,上证指数,3427.79,0.361
2017-11-10,sh000001,上证指数,3432.67,0.1424
2017-11-13,sh000001,上证指数,3447.84,0.4419
2017-11-14,sh000001,上证指数,3429.55,-0.5305
2017-11-15,sh000001,上证指数,3402.52,-0.7882
2017-11-16,sh000001,上证指数,3399.25,-0.0961
2017-11-17,sh000001,上证指数,3382.91,-0.4807
2017-11-20,sh000001,上证指数,3392.4,0.2805
2017-11-21,sh000001,上证指数,3410.5,0.5335
2017-11-22,sh000001,上证指数,3430.46,0.5853
2017-11-23,sh000001,上证指数,3351.92,-2.2895
2017-11-24,sh000001,上证指数,3353.82,0.0567
2017-11-27,sh000001,上证指数,3322.23,-0.9419
2017-11-28,sh000001,上证指数,3333.66,0.344
2017-11-29,sh000001,上证指数,3337.86,0.126
2017-11-30,sh000001,上证指数,3317.19,-0.6193
2017-12-01,sh000001,上证指数,3317.62,0.013
2017-12-04,sh000001,上证指数,3309.62,-0.2411
2017-12-05,sh000001,上证指数,3303.68,-0.1795
2017-12-06,sh000001,上证指数,3293.96,-0.2942
2017-12-07,sh000001,上证指数,3272.05,-0.6652
2017-12-08,sh000001,上证指数,3289.99,0.5483
2017-12-11,sh000001,上证指数,3322.2,0.979
2017-12-12,sh000001,上证指数,3280.81,-1.2459
2017-12-13,sh000001,上证指数,3303.04,0.6776
2017-12-14,sh000001,上证指数,3292.44,-0.3209
2017-12-15,sh000001,上证指数,3266.14,-0.7988
2017-12-18,sh000001,上证指数,3267.92,0.0545
2017-12-19,sh000001,上证指数,3296.54,0.8758
2017-12-20,sh000001,上证指数,3287.61,-0.2709
2017-12-21,sh000001,上证指数,3300.06,0.3787
2017-12-22,sh000001,上证指数,3297.06,-0.0909
2017-12-25,sh000001,上证指数,3280.46,-0.5035
2017-12-26,sh000001,上证指数,3306.12,0.7822
2017-12-27,sh000001,上证指数,3275.78,-0.9177
2017-12-28,sh000001,上证指数,3296.38,0.6289
2017-12-29,sh000001,上证指数,3307.17,0.3273
2018-01-02,sh000001,上证指数,3348.33,1.2446
2018-01-03,sh000001,上证指数,3369.11,0.6206
2018-01-04,sh000001,上证指数,3385.71,0.4927
2018-01-05,sh000001,上证指数,3391.75,0.1784
2018-01-08,sh000001,上证指数,3409.48,0.5227
2018-01-09,sh000001,上证指数,3413.9,0.1296
2018-01-10,sh000001,上证指数,3421.83,0.2323
2018-01-11,sh000001,上证指数,3425.35,0.1029
2018-01-12,sh000001,上证指数,3428.94,0.1048
2018-01-15,sh000001,上证指数,3410.49,-0.5381
2018-01-16,sh000001,上证指数,3436.59,0.7653
2018-01-17,sh000001,上证指数,3444.67,0.2351
2018-01-18,sh000001,上证指数,3474.75,0.8732
2018-01-19,sh000001,上证指数,3487.86,0.3773
2018-01-22,sh000001,上证指数,3501.36,0.3871
2018-01-23,sh000001,上证指数,3546.5,1.2892
2018-01-24,sh000001,上证指数,3559.47,0.3657
2018-01-25,sh000001,上证指数,3548.31,-0.3135
2018-01-26,sh000001,上证指数,3558.13,0.2768
2018-01-29,sh000001,上证指数,3523.0,-0.9873
2018-01-30,sh000001,上证指数,3488.01,-0.9932
2018-01-31,sh000001,上证指数,3480.83,-0.2058
2018-02-01,sh000001,上证指数,3446.98,-0.9725
2018-02-02,sh000001,上证指数,3462.08,0.4381
2018-02-05,sh000001,上证指数,3487.5,0.7342
2018-02-06,sh000001,上证指数,3370.65,-3.3505
2018-02-07,sh000001,上证指数,3309.26,-1.8213
2018-02-08,sh000001,上证指数,3262.05,-1.4266
2018-02-09,sh000001,上证指数,3129.85,-4.0527
2018-02-12,sh000001,上证指数,3154.13,0.7758
2018-02-13,sh000001,上证指数,3184.96,0.9774
2018-02-14,sh000001,上证指数,3199.16,0.4458
2018-02-22,sh000001,上证指数,3268.56,2.1693
2018-02-23,sh000001,上证指数,3289.02,0.626
2018-02-26,sh000001,上证指数,3329.57,1.2329
2018-02-27,sh000001,上证指数,3292.07,-1.1263
2018-02-28,sh000001,上证指数,3259.41,-0.9921
2018-03-01,sh000001,上证指数,3273.75,0.44
2018-03-02,sh000001,上证指数,3254.53,-0.5871
2018-03-05,sh000001,上证指数,3256.93,0.0737
2018-03-06,sh000001,上证指数,3289.64,1.0043
2018-03-07,sh000001,上证指数,3271.67,-0.5463
2018-03-08,sh000001,上证指数,3288.41,0.5117
2018-03-09,sh000001,上证指数,3307.17,0.5705
2018-03-12,sh000001,上证指数,3326.7,0.5905
2018-03-13,sh000001,上证指数,3310.24,-0.4948
2018-03-14,sh000001,上证指数,3291.38,-0.5697
2018-03-15,sh000001,上证指数,3291.11,-0.0082
2018-03-16,sh000001,上证指数,3269.88,-0.6451
2018-03-19,sh000001,上证指数,3279.25,0.2866
2018-03-20,sh000001,上证指数,3290.64,0.3473
2018-03-21,sh000001,上证指数,3280.95,-0.2945
2018-03-22,sh000001,上证指数,3263.48,-0.5325
2018-03-23,sh000001,上证指数,3152.76,-3.3927
2018-03-26,sh000001,上证指数,3133.72,-0.6039
2018-03-27,sh000001,上证指数,3166.65,1.0508
2018-03-28,sh000001,上证指数,3122.29,-1.4008
2018-03-29,sh000001,上证指数,3160.53,1.2247
2018-03-30,sh000001,上证指数,3168.9,0.2648
2018-04-02,sh000001,上证指数,3163.18,-0.1805
2018-04-03,sh000001,上证指数,3136.63,-0.8393
2018-04-04,sh000001,上证指数,3131.11,-0.176
2018-04-09,sh000001,上证指数,3138.29,0.2293
2018-04-10,sh000001,上证指数,3190.32,1.6579
2018-04-11,sh000001,上证指数,3208.08,0.5567
2018-04-12,sh000001,上证指数,3180.16,-0.8703
2018-04-13,sh000001,上证指数,3159.05,-0.6638
2018-04-16,sh000001,上证指数,3110.65,-1.5321
2018-04-17,sh000001,上证指数,3066.8,-1.4097
2018-04-18,sh000001,上证指数,3091.4,0.8021
2018-04-19,sh000001,上证指数,3117.38,0.8404
2018-04-20,sh000001,上证指数,3071.54,-1.4705
2018-04-23,sh000001,上证指数,3068.01,-0.1149
2018-04-24,sh000001,上证指数,3128.93,1.9857
2018-04-25,sh000001,上证指数,3117.97,-0.3503
2018-04-26,sh000001,上证指数,3075.03,-1.3772
2018-04-27,sh000001,上证指数,3082.23,0.2341
2018-05-02,sh000001,上证指数,3081.18,-0.0341
2018-05-03,sh000001,上证指数,3100.86,0.6387
2018-05-04,sh000001,上证指数,3091.03,-0.317
2018-05-07,sh000001,上证指数,3136.64,1.4756
2018-05-08,sh000001,上证指数,3161.5,0.7926
2018-05-09,sh000001,上证指数,3159.15,-0.0743
2018-05-10,sh000001,上证指数,3174.41,0.483
2018-05-11,sh000001,上证指数,3163.26,-0.3512
2018-05-14,sh000001,上证指数,3174.03,0.3405
2018-05-15,sh000001,上证指数,3192.12,0.5699
2018-05-16,sh000001,上证指数,3169.57,-0.7064
2018-05-17,sh000001,上证指数,3154.28,-0.4824
2018-05-18,sh000001,上证指数,3193.3,1.237
2018-05-21,sh000001,上证指数,3213.84,0.6432
2018-05-22,sh000001,上证指数,3214.35,0.0159
2018-05-23,sh000001,上证指数,3168.96,-1.4121
2018-05-24,sh000001,上证指数,3154.65,-0.4516
2018-05-25,sh000001,上证指数,3141.3,-0.4232
2018-05-28,sh000001,上证指数,3135.08,-0.198
2018-05-29,sh000001,上证指数,3120.46,-0.4663
2018-05-30,sh000001,上证指数,3041.44,-2.5323
2018-05-31,sh000001,上证指数,3095.47,1.7765
2018-06-01,sh000001,上证指数,3075.14,-0.6568
2018-06-04,sh000001,上证指数,3091.19,0.5219
2018-06-05,sh000001,上证指数,3114.21,0.7447
2018-06-06,sh000001,上证指数,3115.18,0.0311
2018-06-07,sh000001,上证指数,3109.5,-0.1823
2018-06-08,sh000001,上证指数,3067.15,-1.362
2018-06-11,sh000001,上证指数,3052.78,-0.4685
2018-06-12,sh000001,上证指数,3079.8,0.8851
2018-06-13,sh000001,上证指数,3049.8,-0.9741
2018-06-14,sh000001,上证指数,3044.16,-0.1849
2018-06-15,sh000001,上证指数,3021.9,-0.7312
2018-06-19,sh000001,上证指数,2907.82,-3.7751
2018-06-20,sh000001,上证指数,2915.73,0.272
2018-06-21,sh000001,上证指数,2875.81,-1.3691
2018-06-22,sh000001,上证指数,2889.76,0.4851
2018-06-25,sh000001,上证指数,2859.34,-1.0527
2018-06-26,sh000001,上证指数,2844.51,-0.5187
2018-06-27,sh000001,上证指数,2813.18,-1.1014
2018-06-28,sh000001,上证指数,2786.9,-0.9342
2018-06-29,sh000001,上证指数,2847.42,2.1716
2018-07-02,sh000001,上证指数,2775.56,-2.5237
2018-07-03,sh000001,上证指数,2786.89,0.4082
2018-07-04,sh000001,上证指数,2759.13,-0.9961
2018-07-05,sh000001,上证指数,2733.88,-0.9151
2018-07-06,sh000001,上证指数,2747.23,0.4883
2018-07-09,sh000001,上证指数,2815.11,2.4709
2018-07-10,sh000001,上证指数,2827.63,0.4447
2018-07-11,sh000001,上证指数,2777.77,-1.7633
2018-07-12,sh000001,上证指数,2837.66,2.156
2018-07-13,sh000001,上证指数,2831.18,-0.2284
2018-07-16,sh000001,上证指数,2814.04,-0.6054
2018-07-17,sh000001,上证指数,2798.13,-0.5654
2018-07-18,sh000001,上证指数,2787.26,-0.3885
2018-07-19,sh000001,上证指数,2772.55,-0.5278
2018-07-20,sh000001,上证指数,2829.27,2.0458
2018-07-23,sh000001,上证指数,2859.54,1.0699
2018-07-24,sh000001,上证指数,2905.56,1.6093
2018-07-25,sh000001,上证指数,2903.65,-0.0657
2018-07-26,sh000001,上证指数,2882.23,-0.7377
2018-07-27,sh000001,上证指数,2873.59,-0.2998
2018-07-30,sh000001,上证指数,2869.05,-0.158
2018-07-31,sh000001,上证指数,2876.4,0.2562
2018-08-01,sh000001,上证指数,2824.53,-1.8033
2018-08-02,sh000001,上证指数,2768.02,-2.0007
2018-08-03,sh000001,上证指数,2740.44,-0.9964
2018-08-06,sh000001,上证指数,2705.16,-1.2874
2018-08-07,sh000001,上证指数,2779.37,2.7433
2018-08-08,sh000001,上证指数,2744.07,-1.2701
2018-08-09,sh000001,上证指数,2794.38,1.8334
2018-08-10,sh000001,上证指数,2795.31,0.0333
2018-08-13,sh000001,上证指数,2785.87,-0.3377
2018-08-14,sh000001,上证指数,2780.96,-0.1762
2018-08-15,sh000001,上证指数,2723.26,-2.0748
2018-08-16,sh000001,上证指数,2705.19,-0.6635
2018-08-17,sh000001,上证指数,2668.97,-1.3389
2018-08-20,sh000001,上证指数,2698.47,1.1053
2018-08-21,sh000001,上证指数,2733.83,1.3104
2018-08-22,sh000001,上证指数,2714.61,-0.703
2018-08-23,sh000001,上证指数,2724.62,0.3687
2018-08-24,sh000001,上证指数,2729.43,0.1765
2018-08-27,sh000001,上证指数,2780.9,1.8857
2018-08-28,sh000001,上证指数,2777.98,-0.105
2018-08-29,sh000001,上证指数,2769.29,-0.3128
2018-08-30,sh000001,上证指数,2737.74,-1.1393
2018-08-31,sh000001,上证指数,2725.25,-0.4562
2018-09-03,sh000001,上证指数,2720.73,-0.1659
2018-09-04,sh000001,上证指数,2750.58,1.0971
2018-09-05,sh000001,上证指数,2704.34,-1.6811
2018-09-06,sh000001,上证指数,2691.59,-0.4715
2018-09-07,sh000001,上证指数,2702.3,0.3979
2018-09-10,sh000001,上证指数,2669.48,-1.2145
2018-09-11,sh000001,上证指数,2664.8,-0.1753
2018-09-12,sh000001,上证指数,2656.11,-0.3261
2018-09-13,sh000001,上证指数,2686.58,1.1472
2018-09-14,sh000001,上证指数,2681.64,-0.1839
2018-09-17,sh000001,上证指数,2651.79,-1.1131
2018-09-18,sh000001,上证指数,2699.95,1.8161
2018-09-19,sh000001,上证指数,2730.85,1.1445
2018-09-20,sh000001,上证指数,2729.24,-0.059
2018-09-21,sh000001,上证指数,2797.48,2.5003
2018-09-25,sh000001,上证指数,2781.14,-0.5841
2018-09-26,sh000001,上证指数,2806.81,0.923
2018-09-27,sh000001,上证指数,2791.77,-0.5358
2018-09-28,sh000001,上证指数,2821.35,1.0595
2018-10-08,sh000001,上证指数,2716.51,-3.716
2018-10-09,sh000001,上证指数,2721.01,0.1657
2018-10-10,sh000001,上证指数,2725.84,0.1775
2018-10-11,sh000001,上证指数,2583.46,-5.2233
2018-10-12,sh000001,上证指数,2606.91,0.9077
2018-10-15,sh000001,上证指数,2568.1,-1.4887
2018-10-16,sh000001,上证指数,2546.33,-0.8477
2018-10-17,sh000001,上证指数,2561.61,0.6001
2018-10-18,sh000001,上证指数,2486.42,-2.9353
2018-10-19,sh000001,上证指数,2550.47,2.576
2018-10-22,sh000001,上证指数,2654.88,4.0938
2018-10-23,sh000001,上证指数,2594.83,-2.2619
2018-10-24,sh000001,上证指数,2603.3,0.3264
2018-10-25,sh000001,上证指数,2603.8,0.0192
2018-10-26,sh000001,上证指数,2598.85,-0.1901
2018-10-29,sh000001,上证指数,2542.1,-2.1837
2018-10-30,sh000001,上证指数,2568.05,1.0208
2018-10-31,sh000001,上证指数,2602.78,1.3524
2018-11-01,sh000001,上证指数,2606.24,0.1329
2018-11-02,sh000001,上证指数,2676.48,2.6951
2018-11-05,sh000001,上证指数,2665.43,-0.4129
2018-11-06,sh000001,上证指数,2659.36,-0.2277
2018-11-07,sh000001,上证指数,2641.34,-0.6776
2018-11-08,sh000001,上证指数,2635.63,-0.2162
2018-11-09,sh000001,上证指数,2598.87,-1.3947
2018-11-12,sh000001,上证指数,2630.52,1.2178
2018-11-13,sh000001,上证指数,2654.88,0.9261
2018-11-14,sh000001,上证指数,2632.24,-0.8528
2018-11-15,sh000001,上证指数,2668.17,1.365
2018-11-16,sh000001,上证指数,2679.11,0.41
2018-11-19,sh000001,上证指数,2703.51,0.9108
2018-11-20,sh000001,上证指数,2645.85,-2.1328
2018-11-21,sh000001,上证指数,2651.51,0.2139
2018-11-22,sh000001,上证指数,2645.43,-0.2293
2018-11-23,sh000001,上证指数,2579.48,-2.493
2018-11-26,sh000001,上证指数,2575.81,-0.1423
2018-11-27,sh000001,上证指数,2574.68,-0.0439
2018-11-28,sh000001,上证指数,2601.74,1.051
2018-11-29,sh000001,上证指数,2567.44,-1.3183
2018-11-30,sh000001,上证指数,2588.19,0.8082
2018-12-03,sh000001,上证指数,2654.8,2.5736
2018-12-04,sh000001,上证指数,2665.96,0.4204
2018-12-05,sh000001,上证指数,2649.81,-0.6058
2018-12-06,sh000001,上证指数,2605.18,-1.6843
2018-12-07,sh000001,上证指数,2605.89,0.0273
2018-12-10,sh000001,上证指数,2584.58,-0.8178
2018-12-11,sh000001,上证指数,2594.09,0.368
2018-12-12,sh000001,上证指数,2602.15,0.3107
2018-12-13,sh000001,上证指数,2634.05,1.2259
2018-12-14,sh000001,上证指数,2593.74,-1.5303
2018-12-17,sh000001,上证指数,2597.97,0.1631
2018-12-18,sh000001,上证指数,2576.65,-0.8206
2018-12-19,sh000001,上证指数,2549.56,-1.0514
2018-12-20,sh000001,上证指数,2536.27,-0.5213
2018-12-21,sh000001,上证指数,2516.25,-0.7893
2018-12-24,sh000001,上证指数,2527.01,0.4276
2018-12-25,sh000001,上证指数,2504.82,-0.8781
2018-12-26,sh000001,上证指数,2498.29,-0.2607
2018-12-27,sh000001,上证指数,2483.09,-0.6084
2018-12-28,sh000001,上证指数,2493.9,0.4353
2019-01-02,sh000001,上证指数,2465.29,-1.1472
2019-01-03,sh000001,上证指数,2464.36,-0.0377
2019-01-04,sh000001,上证指数,2514.87,2.0496
2019-01-07,sh000001,上证指数,2533.09,0.7245
2019-01-08,sh000001,上证指数,2526.46,-0.2617
2019-01-09,sh000001,上证指数,2544.35,0.7081
2019-01-10,sh000001,上证指数,2535.1,-0.3636
2019-01-11,sh000001,上证指数,2553.83,0.7388
2019-01-14,sh000001,上证指数,2535.77,-0.7072
2019-01-15,sh000001,上证指数,2570.35,1.3637
2019-01-16,sh000001,上证指数,2570.42,0.0027
2019-01-17,sh000001,上证指数,2559.64,-0.4194
2019-01-18,sh000001,上证指数,2596.01,1.4209
2019-01-21,sh000001,上证指数,2610.51,0.5585
2019-01-22,sh000001,上证指数,2579.7,-1.1802
2019-01-23,sh000001,上证指数,2581.0,0.0504
2019-01-24,sh000001,上证指数,2591.69,0.4142
2019-01-25,sh000001,上证指数,2601.72,0.387
2019-01-28,sh000001,上证指数,2596.98,-0.1822
2019-01-29,sh000001,上证指数,2594.25,-0.1051
2019-01-30,sh000001,上证指数,2575.58,-0.7197
2019-01-31,sh000001,上证指数,2584.57,0.349
2019-02-01,sh000001,上证指数,2618.23,1.3023
2019-02-11,sh000001,上证指数,2653.9,1.3624
2019-02-12,sh000001,上证指数,2671.89,0.6779
2019-02-13,sh000001,上证指数,2721.07,1.8406
2019-02-14,sh000001,上证指数,2719.7,-0.0503
2019-02-15,sh000001,上证指数,2682.39,-1.3718
2019-02-18,sh000001,上证指数,2754.36,2.6831
2019-02-19,sh000001,上证指数,2755.65,0.0468
2019-02-20,sh000001,上证指数,2761.22,0.2021
2019-02-21,sh000001,上证指数,2751.8,-0.3412
2019-02-22,sh000001,上证指数,2804.23,1.9053
2019-02-25,sh000001,上证指数,2961.28,5.6005
2019-02-26,sh000001,上证指数,2941.52,-0.6673
2019-02-27,sh000001,上证指数,2953.82,0.4182
2019-02-28,sh000001,上证指数,2940.95,-0.4357
2019-03-01,sh000001,上证指数,2994.0,1.8038
2019-03-04,sh000001,上证指数,3027.58,1.1216
2019-03-05,sh000001,上证指数,3054.25,0.8809
2019-03-06,sh000001,上证指数,3102.1,1.5667
2019-03-07,sh000001,上证指数,3106.42,0.1393
2019-03-08,sh000001,上证指数,2969.86,-4.3961
2019-03-11,sh000001,上证指数,3026.99,1.9237
2019-03-12,sh000001,上证指数,3060.31,1.1008
2019-03-13,sh000001,上证指数,3026.95,-1.0901
2019-03-14,sh000001,上证指数,2990.69,-1.1979
2019-03-15,sh000001,上证指数,3021.75,1.0386
2019-03-18,sh000001,上证指数,3096.42,2.4711
2019-03-19,sh000001,上证指数,3090.98,-0.1757
2019-03-20,sh000001,上证指数,3090.64,-0.011
2019-03-21,sh000001,上证指数,3101.46,0.3501
2019-03-22,sh000001,上证指数,3104.15,0.0867
2019-03-25,sh000001,上证指数,3043.03,-1.969
2019-03-26,sh000001,上证指数,2997.1,-1.5094
2019-03-27,sh000001,上证指数,3022.72,0.8548
2019-03-28,sh000001,上证指数,2994.94,-0.919
2019-03-29,sh000001,上证指数,3090.76,3.1994
2019-04-01,sh000001,上证指数,3170.36,2.5754
2019-04-02,sh000001,上证指数,3176.82,0.2038
2019-04-03,sh000001,上证指数,3216.3,1.2428
2019-04-04,sh000001,上证指数,3246.57,0.9411
2019-04-08,sh000001,上证指数,3244.81,-0.0542
2019-04-09,sh000001,上证指数,3239.66,-0.1587
2019-04-10,sh000001,上证指数,3241.93,0.0701
2019-04-11,sh000001,上证指数,3189.96,-1.6031
2019-04-12,sh000001,上证指数,3188.63,-0.0417
2019-04-15,sh000001,上证指数,3177.79,-0.34
2019-04-16,sh000001,上证指数,3253.6,2.3856
2019-04-17,sh000001,上证指数,3263.12,0.2926
2019-04-18,sh000001,上证指数,3250.2,-0.3959
2019-04-19,sh000001,上证指数,3270.8,0.6338
2019-04-22,sh000001,上证指数,3215.04,-1.7048
2019-04-23,sh000001,上证指数,3198.59,-0.5117
2019-04-24,sh000001,上证指数,3201.61,0.0944
2019-04-25,sh000001,上证指数,3123.83,-2.4294
2019-04-26,sh000001,上证指数,3086.4,-1.1982
2019-04-29,sh000001,上证指数,3062.5,-0.7744
2019-04-30,sh000001,上证指数,3078.34,0.5172
2019-05-06,sh000001,上证指数,2906.46,-5.5835
2019-05-07,sh000001,上证指数,2926.39,0.6857
2019-05-08,sh000001,上证指数,2893.76,-1.115
2019-05-09,sh000001,上证指数,2850.95,-1.4794
2019-05-10,sh000001,上证指数,2939.21,3.0958
2019-05-13,sh000001,上证指数,2903.71,-1.2078
2019-05-14,sh000001,上证指数,2883.61,-0.6922
2019-05-15,sh000001,上证指数,2938.68,1.9098
2019-05-16,sh000001,上证指数,2955.71,0.5795
2019-05-17,sh000001,上证指数,2882.3,-2.4837
2019-05-20,sh000001,上证指数,2870.6,-0.4059
2019-05-21,sh000001,上证指数,2905.97,1.2321
2019-05-22,sh000001,上证指数,2891.7,-0.4911
2019-05-23,sh000001,上证指数,2852.52,-1.3549
2019-05-24,sh000001,上证指数,2852.99,0.0165
2019-05-27,sh000001,上证指数,2892.38,1.3807
2019-05-28,sh000001,上证指数,2909.91,0.6061
2019-05-29,sh000001,上证指数,2914.7,0.1646
2019-05-30,sh000001,上证指数,2905.81,-0.305
2019-05-31,sh000001,上证指数,2898.7,-0.2447
2019-06-03,sh000001,上证指数,2890.08,-0.2974
2019-06-04,sh000001,上证指数,2862.28,-0.9619
2019-06-05,sh000001,上证指数,2861.42,-0.03
2019-06-06,sh000001,上证指数,2827.8,-1.1749
2019-06-10,sh000001,上证指数,2852.13,0.8604
2019-06-11,sh000001,上证指数,2925.72,2.5802
2019-06-12,sh000001,上证指数,2909.38,-0.5585
2019-06-13,sh000001,上证指数,2910.74,0.0467
2019-06-14,sh000001,上证指数,2881.97,-0.9884
2019-06-17,sh000001,上证指数,2887.62,0.196
2019-06-18,sh000001,上证指数,2890.16,0.088
2019-06-19,sh000001,上证指数,2917.8,0.9563
2019-06-20,sh000001,上证指数,2987.12,2.3758
2019-06-21,sh000001,上证指数,3001.98,0.4975
2019-06-24,sh000001,上证指数,3008.15,0.2055
2019-06-25,sh000001,上证指数,2982.07,-0.867
2019-06-26,sh000001,上证指数,2976.28,-0.1942
2019-06-27,sh000001,上证指数,2996.79,0.6891
2019-06-28,sh000001,上证指数,2978.88,-0.5976
2019-07-01,sh000001,上证指数,3044.9,2.2163
2019-07-02,sh000001,上证指数,3043.94,-0.0315
2019-07-03,sh000001,上证指数,3015.26,-0.9422
2019-07-04,sh000001,上证指数,3005.25,-0.332
2019-07-05,sh000001,上证指数,3011.06,0.1933
2019-07-08,sh000001,上证指数,2933.36,-2.5805
2019-07-09,sh000001,上证指数,2928.23,-0.1749
2019-07-10,sh000001,上证指数,2915.3,-0.4416
2019-07-11,sh000001,上证指数,2917.76,0.0844
2019-07-12,sh000001,上证指数,2930.55,0.4383
2019-07-15,sh000001,上证指数,2942.19,0.3972
2019-07-16,sh000001,上证指数,2937.62,-0.1553
2019-07-17,sh000001,上证指数,2931.69,-0.2019
2019-07-18,sh000001,上证指数,2901.18,-1.0407
2019-07-19,sh000001,上证指数,2924.2,0.7935
2019-07-22,sh000001,上证指数,2886.97,-1.2732
2019-07-23,sh000001,上证指数,2899.94,0.4493
2019-07-24,sh000001,上证指数,2923.28,0.8048
2019-07-25,sh000001,上证指数,2937.36,0.4817
2019-07-26,sh000001,上证指数,2944.54,0.2444
2019-07-29,sh000001,上证指数,2941.01,-0.1199
2019-07-30,sh000001,上证指数,2952.34,0.3852
2019-07-31,sh000001,上证指数,2932.51,-0.6717
2019-08-01,sh000001,上证指数,2908.77,-0.8095
2019-08-02,sh000001,上证指数,2867.84,-1.4071
2019-08-05,sh000001,上证指数,2821.5,-1.6159
2019-08-06,sh000001,上证指数,2777.56,-1.5573
2019-08-07,sh000001,上证指数,2768.68,-0.3197
2019-08-08,sh000001,上证指数,2794.55,0.9344
2019-08-09,sh000001,上证指数,2774.75,-0.7085
2019-08-12,sh000001,上证指数,2814.99,1.4502
2019-08-13,sh000001,上证指数,2797.26,-0.6298
2019-08-14,sh000001,上证指数,2808.91,0.4165
2019-08-15,sh000001,上证指数,2815.8,0.2453
2019-08-16,sh000001,上证指数,2823.82,0.2848
2019-08-19,sh000001,上证指数,2883.1,2.0993
2019-08-20,sh000001,上证指数,2880.0,-0.1075
2019-08-21,sh000001,上证指数,2880.33,0.0115
2019-08-22,sh000001,上证指数,2883.44,0.108
2019-08-23,sh000001,上证指数,2897.43,0.4852
2019-08-26,sh000001,上证指数,2863.57,-1.1686
2019-08-27,sh000001,上证指数,2902.19,1.3487
2019-08-28,sh000001,上证指数,2893.76,-0.2905
2019-08-29,sh000001,上证指数,2890.92,-0.0981
2019-08-30,sh000001,上证指数,2886.24,-0.1619
2019-09-02,sh000001,上证指数,2924.11,1.3121
2019-09-03,sh000001,上证指数,2930.15,0.2066
2019-09-04,sh000001,上证指数,2957.41,0.9303
2019-09-05,sh000001,上证指数,2985.86,0.962
2019-09-06,sh000001,上证指数,2999.6,0.4602
2019-09-09,sh000001,上证指数,3024.74,0.8381
2019-09-10,sh000001,上证指数,3021.2,-0.117
2019-09-11,sh000001,上证指数,3008.81,-0.4101
2019-09-12,sh000001,上证指数,3031.24,0.7455
2019-09-16,sh000001,上证指数,3030.75,-0.0162
2019-09-17,sh000001,上证指数,2978.12,-1.7365
2019-09-18,sh000001,上证指数,2985.66,0.2532
2019-09-19,sh000001,上证指数,2999.28,0.4562
2019-09-20,sh000001,上证指数,3006.45,0.2391
2019-09-23,sh000001,上证指数,2977.08,-0.9769
2019-09-24,sh000001,上证指数,2985.34,0.2775
2019-09-25,sh000001,上证指数,2955.43,-1.0019
2019-09-26,sh000001,上证指数,2929.09,-0.8912
2019-09-27,sh000001,上证指数,2932.17,0.1052
2019-09-30,sh000001,上证指数,2905.19,-0.9201
2019-10-08,sh000001,上证指数,2913.57,0.2884
2019-10-09,sh000001,上证指数,2924.86,0.3875
2019-10-10,sh000001,上证指数,2947.71,0.7812
2019-10-11,sh000001,上证指数,2973.66,0.8803
2019-10-14,sh000001,上证指数,3007.88,1.1508
2019-10-15,sh000001,上证指数,2991.05,-0.5595
2019-10-16,sh000001,上证指数,2978.71,-0.4126
2019-10-17,sh000001,上证指数,2977.33,-0.0463
2019-10-18,sh000001,上证指数,2938.14,-1.3163
2019-10-21,sh000001,上证指数,2939.62,0.0504
2019-10-22,sh000001,上证指数,2954.38,0.5021
2019-10-23,sh000001,上证指数,2941.62,-0.4319
2019-10-24,sh000001,上证指数,2940.92,-0.0238
2019-10-25,sh000001,上证指数,2954.93,0.4764
2019-10-28,sh000001,上证指数,2980.05,0.8501
2019-10-29,sh000001,上证指数,2954.18,-0.8681
2019-10-30,sh000001,上证指数,2939.32,-0.503
2019-10-31,sh000001,上证指数,2929.06,-0.3491
2019-11-01,sh000001,上证指数,2958.2,0.9949
2019-11-04,sh000001,上证指数,2975.49,0.5845
2019-11-05,sh000001,上证指数,2991.56,0.5401
2019-11-06,sh000001,上证指数,2978.6,-0.4332
2019-11-07,sh000001,上证指数,2978.71,0.0037
2019-11-08,sh000001,上证指数,2964.18,-0.4878
2019-11-11,sh000001,上证指数,2909.97,-1.8288
2019-11-12,sh000001,上证指数,2914.82,0.1667
2019-11-13,sh000001,上证指数,2905.24,-0.3287
2019-11-14,sh000001,上证指数,2909.87,0.1594
2019-11-15,sh000001,上证指数,2891.34,-0.6368
2019-11-18,sh000001,上证指数,2909.2,0.6177
2019-11-19,sh000001,上证指数,2933.99,0.8521
2019-11-20,sh000001,上证指数,2911.05,-0.7819
2019-11-21,sh000001,上证指数,2903.64,-0.2545
2019-11-22,sh000001,上证指数,2885.29,-0.632
2019-11-25,sh000001,上证指数,2906.17,0.7237
2019-11-26,sh000001,上证指数,2907.06,0.0306
2019-11-27,sh000001,上证指数,2903.19,-0.1331
2019-11-28,sh000001,上证指数,2889.69,-0.465
2019-11-29,sh000001,上证指数,2871.98,-0.6129
2019-12-02,sh000001,上证指数,2875.81,0.1334
2019-12-03,sh000001,上证指数,2884.7,0.3091
2019-12-04,sh000001,上证指数,2878.12,-0.2281
2019-12-05,sh000001,上证指数,2899.47,0.7418
2019-12-06,sh000001,上证指数,2912.01,0.4325
2019-12-09,sh000001,上证指数,2914.48,0.0848
2019-12-10,sh000001,上证指数,2917.32,0.0974
2019-12-11,sh000001,上证指数,2924.42,0.2434
2019-12-12,sh000001,上证指数,2915.7,-0.2982
2019-12-13,sh000001,上证指数,2967.68,1.7828
2019-12-16,sh000001,上证指数,2984.39,0.5631
2019-12-17,sh000001,上证指数,3022.42,1.2743
2019-12-18,sh000001,上证指数,3017.04,-0.178
2019-12-19,sh000001,上证指数,3017.07,0.001
2019-12-20,sh000001,上证指数,3004.94,-0.402
2019-12-23,sh000001,上证指数,2962.75,-1.404
2019-12-24,sh000001,上证指数,2982.68,0.6727
2019-12-25,sh000001,上证指数,2981.88,-0.0268
2019-12-26,sh000001,上证指数,3007.35,0.8542
2019-12-27,sh000001,上证指数,3005.04,-0.0768
2019-12-30,sh000001,上证指数,3040.02,1.164
2019-12-31,sh000001,上证指数,3050.12,0.3322
2020-01-02,sh000001,上证指数,3085.2,1.1501
2020-01-03,sh000001,上证指数,3083.79,-0.0457
2020-01-06,sh000001,上证指数,3083.41,-0.0123
2020-01-07,sh000001,上证指数,3104.8,0.6937
2020-01-08,sh000001,上证指数,3066.89,-1.221
2020-01-09,sh000001,上证指数,3094.88,0.9127
2020-01-10,sh000001,上证指数,3092.29,-0.0837
2020-01-13,sh000001,上证指数,3115.57,0.7528
2020-01-14,sh000001,上证指数,3106.82,-0.2808
2020-01-15,sh000001,上证指数,3090.04,-0.5401
2020-01-16,sh000001,上证指数,3074.08,-0.5165
2020-01-17,sh000001,上证指数,3075.5,0.0462
2020-01-20,sh000001,上证指数,3095.79,0.6597
2020-01-21,sh000001,上证指数,3052.14,-1.41
2020-01-22,sh000001,上证指数,3060.75,0.2821
2020-01-23,sh000001,上证指数,2976.53,-2.7516
2020-02-03,sh000001,上证指数,2746.61,-7.7244
2020-02-04,sh000001,上证指数,2783.29,1.3355
2020-02-05,sh000001,上证指数,2818.09,1.2503
2020-02-06,sh000001,上证指数,2866.51,1.7182
2020-02-07,sh000001,上证指数,2875.96,0.3297
2020-02-10,sh000001,上证指数,2890.49,0.5052
2020-02-11,sh000001,上证指数,2901.67,0.3868
2020-02-12,sh000001,上证指数,2926.9,0.8695
2020-02-13,sh000001,上证指数,2906.07,-0.7117
2020-02-14,sh000001,上证指数,2917.01,0.3765
2020-02-17,sh000001,上证指数,2983.62,2.2835
2020-02-18,sh000001,上证指数,2984.97,0.0452
2020-02-19,sh000001,上证指数,2975.4,-0.3206
2020-02-20,sh000001,上证指数,3030.15,1.8401
2020-02-21,sh000001,上证指数,3039.67,0.3142
2020-02-24,sh000001,上证指数,3031.23,-0.2777
2020-02-25,sh000001,上证指数,3013.05,-0.5998
2020-02-26,sh000001,上证指数,2987.93,-0.8337
2020-02-27,sh000001,上证指数,2991.33,0.1138
2020-02-28,sh000001,上证指数,2880.3,-3.7117
2020-03-02,sh000001,上证指数,2970.93,3.1465
2020-03-03,sh000001,上证指数,2992.9,0.7395
2020-03-04,sh000001,上证指数,3011.67,0.6272
2020-03-05,sh000001,上证指数,3071.68,1.9926
2020-03-06,sh000001,上证指数,3034.51,-1.2101
2020-03-09,sh000001,上证指数,2943.29,-3.0061
2020-03-10,sh000001,上证指数,2996.76,1.8167
2020-03-11,sh000001,上证指数,2968.52,-0.9424
2020-03-12,sh000001,上证指数,2923.49,-1.5169
2020-03-13,sh000001,上证指数,2887.43,-1.2335
2020-03-16,sh000001,上证指数,2789.25,-3.4003
2020-03-17,sh000001,上证指数,2779.64,-0.3445
2020-03-18,sh000001,上证指数,2728.76,-1.8305
2020-03-19,sh000001,上证指数,2702.13,-0.9759
2020-03-20,sh000001,上证指数,2745.62,1.6095
2020-03-23,sh000001,上证指数,2660.17,-3.1122
2020-03-24,sh000001,上证指数,2722.44,2.3408
2020-03-25,sh000001,上证指数,2781.59,2.1727
2020-03-26,sh000001,上证指数,2764.91,-0.5997
2020-03-27,sh000001,上证指数,2772.2,0.2637
2020-03-30,sh000001,上证指数,2747.21,-0.9015
2020-03-31,sh000001,上证指数,2750.3,0.1125
2020-04-01,sh000001,上证指数,2734.52,-0.5738
2020-04-02,sh000001,上证指数,2780.64,1.6866
2020-04-03,sh000001,上证指数,2763.99,-0.5988
2020-04-07,sh000001,上证指数,2820.76,2.0539
2020-04-08,sh000001,上证指数,2815.37,-0.1911
2020-04-09,sh000001,上证指数,2825.9,0.374
2020-04-10,sh000001,上证指数,2796.63,-1.0358
2020-04-13,sh000001,上证指数,2783.05,-0.4856
2020-04-14,sh000001,上证指数,2827.28,1.5893
2020-04-15,sh000001,上证指数,2811.17,-0.5698
2020-04-16,sh000001,上证指数,2819.94,0.312
2020-04-17,sh000001,上证指数,2838.49,0.6578
2020-04-20,sh000001,上证指数,2852.55,0.4953
2020-04-21,sh000001,上证指数,2827.01,-0.8953
2020-04-22,sh000001,上证指数,2843.98,0.6003
2020-04-23,sh000001,上证指数,2838.5,-0.1927
2020-04-24,sh000001,上证指数,2808.53,-1.0558
2020-04-27,sh000001,上证指数,2815.49,0.2478
2020-04-28,sh000001,上证指数,2810.02,-0.1943
2020-04-29,sh000001,上证指数,2822.44,0.442
2020-04-30,sh000001,上证指数,2860.08,1.3336
2020-05-06,sh000001,上证指数,2878.14,0.6315
2020-05-07,sh000001,上证指数,2871.52,-0.23
2020-05-08,sh000001,上证指数,2895.34,0.8295
2020-05-11,sh000001,上证指数,2894.8,-0.0187
2020-05-12,sh000001,上证指数,2891.56,-0.1119
2020-05-13,sh000001,上证指数,2898.05,0.2244
2020-05-14,sh000001,上证指数,2870.34,-0.9562
2020-05-15,sh000001,上证指数,2868.46,-0.0655
2020-05-18,sh000001,上证指数,2875.42,0.2426
2020-05-19,sh000001,上证指数,2898.58,0.8054
2020-05-20,sh000001,上证指数,2883.74,-0.512
2020-05-21,sh000001,上证指数,2867.92,-0.5486
2020-05-22,sh000001,上证指数,2813.77,-1.8881
2020-05-25,sh000001,上证指数,2817.97,0.1493
2020-05-26,sh000001,上证指数,2846.55,1.0142
2020-05-27,sh000001,上证指数,2836.8,-0.3425
2020-05-28,sh000001,上证指数,2846.22,0.3321
2020-05-29,sh000001,上证指数,2852.35,0.2154
2020-06-01,sh000001,上证指数,2915.43,2.2115
2020-06-02,sh000001,上证指数,2921.4,0.2048
2020-06-03,sh000001,上证指数,2923.37,0.0674
2020-06-04,sh000001,上证指数,2919.25,-0.1409
2020-06-05,sh000001,上证指数,2930.8,0.3956
2020-06-08,sh000001,上证指数,2937.77,0.2378
2020-06-09,sh000001,上证指数,2956.11,0.6243
2020-06-10,sh000001,上证指数,2943.75,-0.4181
2020-06-11,sh000001,上证指数,2920.9,-0.7762
2020-06-12,sh000001,上证指数,2919.74,-0.0397
2020-06-15,sh000001,上证指数,2890.03,-1.0176
2020-06-16,sh000001,上证指数,2931.75,1.4436
2020-06-17,sh000001,上证指数,2935.87,0.1405
2020-06-18,sh000001,上证指数,2939.32,0.1175
2020-06-19,sh000001,上证指数,2967.63,0.9631
2020-06-22,sh000001,上证指数,2965.27,-0.0795
2020-06-23,sh000001,上证指数,2970.62,0.1804
2020-06-24,sh000001,上证指数,2979.55,0.3006
2020-06-29,sh000001,上证指数,2961.52,-0.6051
2020-06-30,sh000001,上证指数,2984.67,0.7817
2020-07-01,sh000001,上证指数,3025.98,1.3841
2020-07-02,sh000001,上证指数,3090.57,2.1345
2020-07-03,sh000001,上证指数,3152.81,2.0139
2020-07-06,sh000001,上证指数,3332.88,5.7114
2020-07-07,sh000001,上证指数,3345.34,0.3739
2020-07-08,sh000001,上证指数,3403.44,1.7367
2020-07-09,sh000001,上证指数,3450.59,1.3854
2020-07-10,sh000001,上证指数,3383.32,-1.9495
2020-07-13,sh000001,上证指数,3443.29,1.7725
2020-07-14,sh000001,上证指数,3414.62,-0.8326
2020-07-15,sh000001,上证指数,3361.3,-1.5615
2020-07-16,sh000001,上证指数,3210.1,-4.4983
2020-07-17,sh000001,上证指数,3214.13,0.1255
2020-07-20,sh000001,上证指数,3314.15,3.1119
2020-07-21,sh000001,上证指数,3320.89,0.2034
2020-07-22,sh000001,上证指数,3333.16,0.3695
2020-07-23,sh000001,上证指数,3325.11,-0.2415
2020-07-24,sh000001,上证指数,3196.77,-3.8597
2020-07-27,sh000001,上证指数,3205.23,0.2646
2020-07-28,sh000001,上证指数,3227.96,0.7092
2020-07-29,sh000001,上证指数,3294.55,2.0629
2020-07-30,sh000001,上证指数,3286.82,-0.2346
2020-07-31,sh000001,上证指数,3310.01,0.7055
2020-08-03,sh000001,上证指数,3367.97,1.7511
2020-08-04,sh000001,上证指数,3371.69,0.1105
2020-08-05,sh000001,上证指数,3377.56,0.1741
2020-08-06,sh000001,上证指数,3386.46,0.2635
2020-08-07,sh000001,上证指数,3354.04,-0.9573
2020-08-10,sh000001,上证指数,3379.25,0.7516
2020-08-11,sh000001,上证指数,3340.29,-1.1529
2020-08-12,sh000001,上证指数,3319.27,-0.6293
2020-08-13,sh000001,上证指数,3320.73,0.044
2020-08-14,sh000001,上证指数,3360.1,1.1856
2020-08-17,sh000001,上证指数,3438.8,2.3422
2020-08-18,sh000001,上证指数,3451.09,0.3574
2020-08-19,sh000001,上证指数,3408.13,-1.2448
2020-08-20,sh000001,上证指数,3363.9,-1.2978
2020-08-21,sh000001,上证指数,3380.68,0.4988
2020-08-24,sh000001,上证指数,3385.64,0.1467
2020-08-25,sh000001,上证指数,3373.58,-0.3562
2020-08-26,sh000001,上证指数,3329.74,-1.2995
2020-08-27,sh000001,上证指数,3350.11,0.6118
2020-08-28,sh000001,上证指数,3403.81,1.6029
2020-08-31,sh000001,上证指数,3395.68,-0.2388
2020-09-01,sh000001,上证指数,3410.61,0.4397
2020-09-02,sh000001,上证指数,3404.8,-0.1704
2020-09-03,sh000001,上证指数,3384.98,-0.5821
2020-09-04,sh000001,上证指数,3355.37,-0.8747
2020-09-07,sh000001,上证指数,3292.59,-1.871
2020-09-08,sh000001,上证指数,3316.42,0.7237
2020-09-09,sh000001,上证指数,3254.63,-1.8632
2020-09-10,sh000001,上证指数,3234.82,-0.6087
2020-09-11,sh000001,上证指数,3260.35,0.7892
2020-09-14,sh000001,上证指数,3278.81,0.5662
2020-09-15,sh000001,上证指数,3295.68,0.5145
2020-09-16,sh000001,上证指数,3283.92,-0.3568
2020-09-17,sh000001,上证指数,3270.44,-0.4105
2020-09-18,sh000001,上证指数,3338.09,2.0685
2020-09-21,sh000001,上证指数,3316.94,-0.6336
2020-09-22,sh000001,上证指数,3274.3,-1.2855
2020-09-23,sh000001,上证指数,3279.71,0.1652
2020-09-24,sh000001,上证指数,3223.18,-1.7236
2020-09-25,sh000001,上证指数,3219.42,-0.1167
2020-09-28,sh000001,上证指数,3217.53,-0.0587
2020-09-29,sh000001,上证指数,3224.36,0.2123
2020-09-30,sh000001,上证指数,3218.05,-0.1957
2020-10-09,sh000001,上证指数,3272.08,1.679
2020-10-12,sh000001,上证指数,3358.47,2.6402
2020-10-13,sh000001,上证指数,3359.75,0.0381
2020-10-14,sh000001,上证指数,3340.78,-0.5646
2020-10-15,sh000001,上证指数,3332.18,-0.2574
2020-10-16,sh000001,上证指数,3336.36,0.1254
2020-10-19,sh000001,上证指数,3312.67,-0.7101
2020-10-20,sh000001,上证指数,3328.1,0.4658
2020-10-21,sh000001,上证指数,3325.02,-0.0925
2020-10-22,sh000001,上证指数,3312.5,-0.3765
2020-10-23,sh000001,上证指数,3278.0,-1.0415
2020-10-26,sh000001,上证指数,3251.12,-0.82
2020-10-27,sh000001,上证指数,3254.32,0.0984
2020-10-28,sh000001,上证指数,3269.24,0.4585
2020-10-29,sh000001,上证指数,3272.73,0.1068
2020-10-30,sh000001,上证指数,3224.53,-1.4728
2020-11-02,sh000001,上证指数,3225.12,0.0183
2020-11-03,sh000001,上证指数,3271.07,1.4248
2020-11-04,sh000001,上证指数,3277.44,0.1947
2020-11-05,sh000001,上证指数,3320.13,1.3025
2020-11-06,sh000001,上证指数,3312.16,-0.2401
2020-11-09,sh000001,上证指数,3373.73,1.8589
2020-11-10,sh000001,上证指数,3360.15,-0.4025
2020-11-11,sh000001,上证指数,3342.2,-0.5342
2020-11-12,sh000001,上证指数,3338.68,-0.1053
2020-11-13,sh000001,上证指数,3310.1,-0.856
2020-11-16,sh000001,上证指数,3346.97,1.1139
2020-11-17,sh000001,上证指数,3339.9,-0.2112
2020-11-18,sh000001,上证指数,3347.3,0.2216
2020-11-19,sh000001,上证指数,3363.09,0.4717
2020-11-20,sh000001,上证指数,3377.73,0.4353
2020-11-23,sh000001,上证指数,3414.49,1.0883
2020-11-24,sh000001,上证指数,3402.82,-0.3418
2020-11-25,sh000001,上证指数,3362.33,-1.1899
2020-11-26,sh000001,上证指数,3369.73,0.2201
2020-11-27,sh000001,上证指数,3408.31,1.1449
2020-11-30,sh000001,上证指数,3391.76,-0.4856
2020-12-01,sh000001,上证指数,3451.94,1.7743
2020-12-02,sh000001,上证指数,3449.38,-0.0742
2020-12-03,sh000001,上证指数,3442.14,-0.2099
2020-12-04,sh000001,上证指数,3444.58,0.0709
2020-12-07,sh000001,上证指数,3416.6,-0.8123
2020-12-08,sh000001,上证指数,3410.18,-0.1879
2020-12-09,sh000001,上证指数,3371.96,-1.1208
2020-12-10,sh000001,上证指数,3373.28,0.0391
2020-12-11,sh000001,上证指数,3347.19,-0.7734
2020-12-14,sh000001,上证指数,3369.12,0.6552
2020-12-15,sh000001,上证指数,3367.23,-0.0561
2020-12-16,sh000001,上证指数,3366.98,-0.0074
2020-12-17,sh000001,上证指数,3404.87,1.1253
2020-12-18,sh000001,上证指数,3394.9,-0.2928
2020-12-21,sh000001,上证指数,3420.57,0.7561
2020-12-22,sh000001,上证指数,3356.78,-1.8649
2020-12-23,sh000001,上证指数,3382.32,0.7608
2020-12-24,sh000001,上证指数,3363.11,-0.568
2020-12-25,sh000001,上证指数,3396.56,0.9946
2020-12-28,sh000001,上证指数,3397.29,0.0215
2020-12-29,sh000001,上证指数,3379.04,-0.5372
2020-12-30,sh000001,上证指数,3414.45,1.0479
2020-12-31,sh000001,上证指数,3473.07,1.7168
2021-01-04,sh000001,上证指数,3502.96,0.8606
2021-01-05,sh000001,上证指数,3528.68,0.7342
2021-01-06,sh000001,上证指数,3550.88,0.6291
2021-01-07,sh000001,上证指数,3576.2,0.7131
2021-01-08,sh000001,上证指数,3570.11,-0.1703
2021-01-11,sh000001,上证指数,3531.5,-1.0815
2021-01-12,sh000001,上证指数,3608.34,2.1758
2021-01-13,sh000001,上证指数,3598.65,-0.2685
2021-01-14,sh000001,上证指数,3565.9,-0.9101
2021-01-15,sh000001,上证指数,3566.38,0.0135
2021-01-18,sh000001,上证指数,3596.22,0.8367
2021-01-19,sh000001,上证指数,3566.38,-0.8298
2021-01-20,sh000001,上证指数,3583.09,0.4685
2021-01-21,sh000001,上证指数,3621.26,1.0653
2021-01-22,sh000001,上证指数,3606.75,-0.4007
2021-01-25,sh000001,上证指数,3624.24,0.4849
2021-01-26,sh000001,上证指数,3569.43,-1.5123
2021-01-27,sh000001,上证指数,3573.34,0.1095
2021-01-28,sh000001,上证指数,3505.18,-1.9075
2021-01-29,sh000001,上证指数,3483.07,-0.6308
2021-02-01,sh000001,上证指数,3505.28,0.6377
2021-02-02,sh000001,上证指数,3533.68,0.8102
2021-02-03,sh000001,上证指数,3517.31,-0.4633
2021-02-04,sh000001,上证指数,3501.86,-0.4393
2021-02-05,sh000001,上证指数,3496.33,-0.1579
2021-02-08,sh000001,上证指数,3532.45,1.0331
2021-02-09,sh000001,上证指数,3603.49,2.0111
2021-02-10,sh000001,上证指数,3655.09,1.4319
2021-02-18,sh000001,上证指数,3675.36,0.5546
2021-02-19,sh000001,上证指数,3696.17,0.5662
2021-02-22,sh000001,上证指数,3642.44,-1.4537
2021-02-23,sh000001,上证指数,3636.36,-0.1669
2021-02-24,sh000001,上证指数,3564.08,-1.9877
2021-02-25,sh000001,上证指数,3585.05,0.5884
2021-02-26,sh000001,上证指数,3509.08,-2.1191
2021-03-01,sh000001,上证指数,3551.4,1.206
2021-03-02,sh000001,上证指数,3508.59,-1.2054
2021-03-03,sh000001,上证指数,3576.9,1.9469
2021-03-04,sh000001,上证指数,3503.49,-2.0523
2021-03-05,sh000001,上证指数,3501.99,-0.0428
2021-03-08,sh000001,上证指数,3421.41,-2.301
2021-03-09,sh000001,上证指数,3359.29,-1.8156
2021-03-10,sh000001,上证指数,3357.74,-0.0461
2021-03-11,sh000001,上证指数,3436.83,2.3555
2021-03-12,sh000001,上证指数,3453.08,0.4728
2021-03-15,sh000001,上证指数,3419.95,-0.9594
2021-03-16,sh000001,上证指数,3446.73,0.7831
2021-03-17,sh000001,上证指数,3445.55,-0.0342
2021-03-18,sh000001,上证指数,3463.07,0.5085
2021-03-19,sh000001,上证指数,3404.66,-1.6867
2021-03-22,sh000001,上证指数,3443.44,1.139
2021-03-23,sh000001,上证指数,3411.51,-0.9273
2021-03-24,sh000001,上证指数,3367.06,-1.3029
2021-03-25,sh000001,上证指数,3363.59,-0.1031
2021-03-26,sh000001,上证指数,3418.33,1.6274
2021-03-29,sh000001,上证指数,3435.3,0.4964
2021-03-30,sh000001,上证指数,3456.68,0.6224
2021-03-31,sh000001,上证指数,3441.91,-0.4273
2021-04-01,sh000001,上证指数,3466.33,0.7095
2021-04-02,sh000001,上证指数,3484.39,0.521
2021-04-06,sh000001,上证指数,3482.97,-0.0408
2021-04-07,sh000001,上证指数,3479.63,-0.0959
2021-04-08,sh000001,上证指数,3482.55,0.0839
2021-04-09,sh000001,上证指数,3450.68,-0.9151
2021-04-12,sh000001,上证指数,3412.95,-1.0934
2021-04-13,sh000001,上证指数,3396.47,-0.4829
2021-04-14,sh000001,上证指数,3416.72,0.5962
2021-04-15,sh000001,上证指数,3398.99,-0.5189
2021-04-16,sh000001,上证指数,3426.62,0.8129
2021-04-19,sh000001,上证指数,3477.55,1.4863
2021-04-20,sh000001,上证指数,3472.94,-0.1326
2021-04-21,sh000001,上证指数,3472.93,-0.0003
2021-04-22,sh000001,上证指数,3465.11,-0.2252
2021-04-23,sh000001,上证指数,3474.17,0.2615
2021-04-26,sh000001,上证指数,3441.17,-0.9499
2021-04-27,sh000001,上证指数,3442.61,0.0418
2021-04-28,sh000001,上证指数,3457.07,0.42
2021-04-29,sh000001,上证指数,3474.9,0.5158
2021-04-30,sh000001,上证指数,3446.86,-0.8069
2021-05-06,sh000001,上证指数,3441.28,-0.1619
2021-05-07,sh000001,上证指数,3418.87,-0.6512
2021-05-10,sh000001,上证指数,3427.99,0.2668
2021-05-11,sh000001,上证指数,3441.85,0.4043
2021-05-12,sh000001,上证指数,3462.75,0.6072
2021-05-13,sh000001,上证指数,3429.54,-0.9591
2021-05-14,sh000001,上证指数,3490.38,1.774
2021-05-17,sh000001,上证指数,3517.62,0.7804
2021-05-18,sh000001,上证指数,3529.01,0.3238
2021-05-19,sh000001,上证指数,3510.96,-0.5115
2021-05-20,sh000001,上证指数,3506.94,-0.1145
2021-05-21,sh000001,上证指数,3486.56,-0.5811
2021-05-24,sh000001,上证指数,3497.28,0.3075
2021-05-25,sh000001,上证指数,3581.34,2.4036
2021-05-26,sh000001,上证指数,3593.36,0.3356
2021-05-27,sh000001,上证指数,3608.85,0.4311
2021-05-28,sh000001,上证指数,3600.78,-0.2236
2021-05-31,sh000001,上证指数,3615.48,0.4082
2021-06-01,sh000001,上证指数,3624.71,0.2553
2021-06-02,sh000001,上证指数,3597.14,-0.7606
2021-06-03,sh000001,上证指数,3584.21,-0.3595
2021-06-04,sh000001,上证指数,3591.84,0.2129
2021-06-07,sh000001,上证指数,3599.54,0.2144
2021-06-08,sh000001,上证指数,3580.11,-0.5398
2021-06-09,sh000001,上证指数,3591.4,0.3154
2021-06-10,sh000001,上证指数,3610.86,0.5418
2021-06-11,sh000001,上证指数,3589.75,-0.5846
2021-06-15,sh000001,上证指数,3556.56,-0.9246
2021-06-16,sh000001,上证指数,3518.33,-1.0749
2021-06-17,sh000001,上证指数,3525.6,0.2066
2021-06-18,sh000001,上证指数,3525.1,-0.0142
2021-06-21,sh000001,上证指数,3529.18,0.1157
2021-06-22,sh000001,上证指数,3557.41,0.7999
2021-06-23,sh000001,上证指数,3566.22,0.2477
2021-06-24,sh000001,上证指数,3566.65,0.0121
2021-06-25,sh000001,上证指数,3607.56,1.147
2021-06-28,sh000001,上证指数,3606.37,-0.033
2021-06-29,sh000001,上证指数,3573.18,-0.9203
2021-06-30,sh000001,上证指数,3591.2,0.5043
2021-07-01,sh000001,上证指数,3588.78,-0.0674
2021-07-02,sh000001,上证指数,3518.76,-1.9511
2021-07-05,sh000001,上证指数,3534.32,0.4422
2021-07-06,sh000001,上证指数,3530.26,-0.1149
2021-07-07,sh000001,上证指数,3553.72,0.6645
2021-07-08,sh000001,上证指数,3525.5,-0.7941
2021-07-09,sh000001,上证指数,3524.09,-0.04
2021-07-12,sh000001,上证指数,3547.84,0.6739
2021-07-13,sh000001,上证指数,3566.52,0.5265
2021-07-14,sh000001,上证指数,3528.5,-1.066
2021-07-15,sh000001,上证指数,3564.59,1.0228
2021-07-16,sh000001,上证指数,3539.3,-0.7095
2021-07-19,sh000001,上证指数,3539.12,-0.0051
2021-07-20,sh000001,上证指数,3536.79,-0.0658
2021-07-21,sh000001,上证指数,3562.66,0.7315
2021-07-22,sh000001,上证指数,3574.73,0.3388
2021-07-23,sh000001,上证指数,3550.4,-0.6806
2021-07-26,sh000001,上证指数,3467.44,-2.3366
2021-07-27,sh000001,上证指数,3381.18,-2.4877
2021-07-28,sh000001,上证指数,3361.59,-0.5794
2021-07-29,sh000001,上证指数,3411.72,1.4913
2021-07-30,sh000001,上证指数,3397.36,-0.4209
2021-08-02,sh000001,上证指数,3464.29,1.9701
2021-08-03,sh000001,上证指数,3447.99,-0.4705
2021-08-04,sh000001,上证指数,3477.22,0.8477
2021-08-05,sh000001,上证指数,3466.55,-0.3069
2021-08-06,sh000001,上证指数,3458.23,-0.24
2021-08-09,sh000001,上证指数,3494.63,1.0526
2021-08-10,sh000001,上证指数,3529.93,1.0101
2021-08-11,sh000001,上证指数,3532.62,0.0762
2021-08-12,sh000001,上证指数,3524.74,-0.2231
2021-08-13,sh000001,上证指数,3516.3,-0.2395
2021-08-16,sh000001,上证指数,3517.34,0.0296
2021-08-17,sh000001,上证指数,3446.98,-2.0004
2021-08-18,sh000001,上证指数,3485.29,1.1114
2021-08-19,sh000001,上证指数,3465.55,-0.5664
2021-08-20,sh000001,上证指数,3427.33,-1.1029
2021-08-23,sh000001,上证指数,3477.13,1.453
2021-08-24,sh000001,上证指数,3514.47,1.0739
2021-08-25,sh000001,上证指数,3540.38,0.7372
2021-08-26,sh000001,上证指数,3501.66,-1.0937
2021-08-27,sh000001,上证指数,3522.16,0.5854
2021-08-30,sh000001,上证指数,3528.15,0.1701
2021-08-31,sh000001,上证指数,3543.94,0.4475
2021-09-01,sh000001,上证指数,3567.1,0.6535
2021-09-02,sh000001,上证指数,3597.04,0.8393
2021-09-03,sh000001,上证指数,3581.73,-0.4256
2021-09-06,sh000001,上证指数,3621.86,1.1204
2021-09-07,sh000001,上证指数,3676.59,1.5111
2021-09-08,sh000001,上证指数,3675.19,-0.0381
2021-09-09,sh000001,上证指数,3693.13,0.4881
2021-09-10,sh000001,上证指数,3703.11,0.2702
2021-09-13,sh000001,上证指数,3715.37,0.3311
2021-09-14,sh000001,上证指数,3662.6,-1.4203
2021-09-15,sh000001,上证指数,3656.22,-0.1742
2021-09-16,sh000001,上证指数,3607.09,-1.3437
2021-09-17,sh000001,上证指数,3613.97,0.1907
2021-09-22,sh000001,上证指数,3628.49,0.4018
2021-09-23,sh000001,上证指数,3642.22,0.3784
2021-09-24,sh000001,上证指数,3613.07,-0.8003
2021-09-27,sh000001,上证指数,3582.83,-0.837
2021-09-28,sh000001,上证指数,3602.22,0.5412
2021-09-29,sh000001,上证指数,3536.29,-1.8303
2021-09-30,sh000001,上证指数,3568.17,0.9015
2021-10-08,sh000001,上证指数,3592.17,0.6726
2021-10-11,sh000001,上证指数,3591.71,-0.0128
2021-10-12,sh000001,上证指数,3546.94,-1.2465
2021-10-13,sh000001,上证指数,3561.76,0.4178
2021-10-14,sh000001,上证指数,3558.28,-0.0977
2021-10-15,sh000001,上证指数,3572.37,0.396
2021-10-18,sh000001,上证指数,3568.14,-0.1184
2021-10-19,sh000001,上证指数,3593.15,0.7009
2021-10-20,sh000001,上证指数,3587.0,-0.1712
2021-10-21,sh000001,上证指数,3594.78,0.2169
2021-10-22,sh000001,上证指数,3582.6,-0.3388
2021-10-25,sh000001,上证指数,3609.86,0.7609
2021-10-26,sh000001,上证指数,3597.64,-0.3385
2021-10-27,sh000001,上证指数,3562.31,-0.982
2021-10-28,sh000001,上证指数,3518.42,-1.2321
2021-10-29,sh000001,上证指数,3547.34,0.822
2021-11-01,sh000001,上证指数,3544.48,-0.0806
2021-11-02,sh000001,上证指数,3505.63,-1.0961
2021-11-03,sh000001,上证指数,3498.54,-0.2022
2021-11-04,sh000001,上证指数,3526.87,0.8098
2021-11-05,sh000001,上证指数,3491.57,-1.0009
2021-11-08,sh000001,上证指数,3498.63,0.2022
2021-11-09,sh000001,上证指数,3507.0,0.2392
2021-11-10,sh000001,上证指数,3492.46,-0.4146
2021-11-11,sh000001,上证指数,3532.79,1.1548
2021-11-12,sh000001,上证指数,3539.1,0.1786
2021-11-15,sh000001,上证指数,3533.3,-0.1639
2021-11-16,sh000001,上证指数,3521.79,-0.3258
2021-11-17,sh000001,上证指数,3537.37,0.4424
2021-11-18,sh000001,上证指数,3520.71,-0.471
2021-11-19,sh000001,上证指数,3560.37,1.1265
2021-11-22,sh000001,上证指数,3582.08,0.6098
2021-11-23,sh000001,上证指数,3589.09,0.1957
2021-11-24,sh000001,上证指数,3592.7,0.1006
2021-11-25,sh000001,上证指数,3584.18,-0.2371
2021-11-26,sh000001,上证指数,3564.09,-0.5605
2021-11-29,sh000001,上证指数,3562.7,-0.039
2021-11-30,sh000001,上证指数,3563.89,0.0334
2021-12-01,sh000001,上证指数,3576.89,0.3648
2021-12-02,sh000001,上证指数,3573.84,-0.0853
2021-12-03,sh000001,上证指数,3607.43,0.9399
2021-12-06,sh000001,上证指数,3589.31,-0.5023
2021-12-07,sh000001,上证指数,3595.09,0.161
2021-12-08,sh000001,上证指数,3637.57,1.1816
2021-12-09,sh000001,上证指数,3673.04,0.9751
2021-12-10,sh000001,上证指数,3666.35,-0.1821
2021-12-13,sh000001,上证指数,3681.08,0.4018
2021-12-14,sh000001,上证指数,3661.53,-0.5311
2021-12-15,sh000001,上证指数,3647.63,-0.3796
2021-12-16,sh000001,上证指数,3675.02,0.7509
2021-12-17,sh000001,上证指数,3632.36,-1.1608
2021-12-20,sh000001,上证指数,3593.6,-1.0671
2021-12-21,sh000001,上证指数,3625.13,0.8774
2021-12-22,sh000001,上证指数,3622.62,-0.0692
2021-12-23,sh000001,上证指数,3643.34,0.572
2021-12-24,sh000001,上证指数,3618.05,-0.6941
2021-12-27,sh000001,上证指数,3615.97,-0.0575
2021-12-28,sh000001,上证指数,3630.11,0.391
2021-12-29,sh000001,上证指数,3597.0,-0.9121
2021-12-30,sh000001,上证指数,3619.19,0.6169
2021-12-31,sh000001,上证指数,3639.78,0.5689
2022-01-04,sh000001,上证指数,3632.33,-0.2047
2022-01-05,sh000001,上证指数,3595.18,-1.0228
2022-01-06,sh000001,上证指数,3586.08,-0.2531
2022-01-07,sh000001,上证指数,3579.54,-0.1824
2022-01-10,sh000001,上证指数,3593.52,0.3906
2022-01-11,sh000001,上证指数,3567.44,-0.7258
2022-01-12,sh000001,上证指数,3597.43,0.8407
2022-01-13,sh000001,上证指数,3555.26,-1.1722
2022-01-14,sh000001,上证指数,3521.26,-0.9563
2022-01-17,sh000001,上证指数,3541.67,0.5796
2022-01-18,sh000001,上证指数,3569.91,0.7974
2022-01-19,sh000001,上证指数,3558.18,-0.3286
2022-01-20,sh000001,上证指数,3555.06,-0.0877
2022-01-21,sh000001,上证指数,3522.57,-0.9139
2022-01-24,sh000001,上证指数,3524.11,0.0437
2022-01-25,sh000001,上证指数,3433.06,-2.5836
2022-01-26,sh000001,上证指数,3455.67,0.6586
2022-01-27,sh000001,上证指数,3394.25,-1.7774
2022-01-28,sh000001,上证指数,3361.44,-0.9666
2022-02-07,sh000001,上证指数,3429.58,2.0271
2022-02-08,sh000001,上证指数,3452.63,0.6721
2022-02-09,sh000001,上证指数,3479.95,0.7913
2022-02-10,sh000001,上证指数,3485.91,0.1713
2022-02-11,sh000001,上证指数,3462.95,-0.6587
2022-02-14,sh000001,上证指数,3428.88,-0.9838
2022-02-15,sh000001,上证指数,3446.09,0.5019
2022-02-16,sh000001,上证指数,3465.83,0.5728
2022-02-17,sh000001,上证指数,3468.04,0.0638
2022-02-18,sh000001,上证指数,3490.76,0.6551
2022-02-21,sh000001,上证指数,3490.61,-0.0043
2022-02-22,sh000001,上证指数,3457.15,-0.9586
2022-02-23,sh000001,上证指数,3489.15,0.9256
2022-02-24,sh000001,上证指数,3429.96,-1.6964
2022-02-25,sh000001,上证指数,3451.41,0.6254
2022-02-28,sh000001,上证指数,3462.31,0.3158
2022-03-01,sh000001,上证指数,3488.83,0.766
2022-03-02,sh000001,上证指数,3484.19,-0.133
2022-03-03,sh000001,上证指数,3481.11,-0.0884
2022-03-04,sh000001,上证指数,3447.65,-0.9612
2022-03-07,sh000001,上证指数,3372.86,-2.1693
2022-03-08,sh000001,上证指数,3293.53,-2.352
2022-03-09,sh000001,上证指数,3256.39,-1.1277
2022-03-10,sh000001,上证指数,3296.09,1.2191
2022-03-11,sh000001,上证指数,3309.75,0.4144
2022-03-14,sh000001,上证指数,3223.53,-2.605
2022-03-15,sh000001,上证指数,3063.97,-4.9499
2022-03-16,sh000001,上证指数,3170.71,3.4837
2022-03-17,sh000001,上证指数,3215.04,1.3981
2022-03-18,sh000001,上证指数,3251.07,1.1207
2022-03-21,sh000001,上证指数,3253.69,0.0806
2022-03-22,sh000001,上证指数,3259.86,0.1896
2022-03-23,sh000001,上证指数,3271.03,0.3427
2022-03-24,sh000001,上证指数,3250.26,-0.635
2022-03-25,sh000001,上证指数,3212.24,-1.1698
2022-03-28,sh000001,上证指数,3214.5,0.0704
2022-03-29,sh000001,上证指数,3203.94,-0.3285
2022-03-30,sh000001,上证指数,3266.6,1.9557
2022-03-31,sh000001,上证指数,3252.2,-0.4408
2022-04-01,sh000001,上证指数,3282.72,0.9384
2022-04-06,sh000001,上证指数,3283.43,0.0216
2022-04-07,sh000001,上证指数,3236.7,-1.4232
2022-04-08,sh000001,上证指数,3251.85,0.4681
2022-04-11,sh000001,上证指数,3167.13,-2.6053
2022-04-12,sh000001,上证指数,3213.33,1.4587
2022-04-13,sh000001,上证指数,3186.82,-0.825
2022-04-14,sh000001,上证指数,3225.64,1.2181
2022-04-15,sh000001,上证指数,3211.24,-0.4464
2022-04-18,sh000001,上证指数,3195.52,-0.4895
2022-04-19,sh000001,上证指数,3194.03,-0.0466
2022-04-20,sh000001,上证指数,3151.05,-1.3456
2022-04-21,sh000001,上证指数,3079.81,-2.2608
2022-04-22,sh000001,上证指数,3086.92,0.2309
2022-04-25,sh000001,上证指数,2928.51,-5.1317
2022-04-26,sh000001,上证指数,2886.43,-1.4369
2022-04-27,sh000001,上证指数,2958.28,2.4892
2022-04-28,sh000001,上证指数,2975.48,0.5814
2022-04-29,sh000001,上证指数,3047.06,2.4057
2022-05-05,sh000001,上证指数,3067.76,0.6793
2022-05-06,sh000001,上证指数,3001.56,-2.1579
2022-05-09,sh000001,上证指数,3004.14,0.086
2022-05-10,sh000001,上证指数,3035.84,1.0552
2022-05-11,sh000001,上证指数,3058.7,0.753
2022-05-12,sh000001,上证指数,3054.99,-0.1213
2022-05-13,sh000001,上证指数,3084.28,0.9588
2022-05-16,sh000001,上证指数,3073.75,-0.3414
2022-05-17,sh000001,上证指数,3093.7,0.649
2022-05-18,sh000001,上证指数,3085.98,-0.2495
2022-05-19,sh000001,上证指数,3096.96,0.3558
2022-05-20,sh000001,上证指数,3146.57,1.6019
2022-05-23,sh000001,上证指数,3146.86,0.0092
2022-05-24,sh000001,上证指数,3070.93,-2.4129
2022-05-25,sh000001,上证指数,3107.46,1.1895
2022-05-26,sh000001,上证指数,3123.11,0.5036
2022-05-27,sh000001,上证指数,3130.24,0.2283
2022-05-30,sh000001,上证指数,3149.06,0.6012
2022-05-31,sh000001,上证指数,3186.43,1.1867
2022-06-01,sh000001,上证指数,3182.16,-0.134
2022-06-02,sh000001,上证指数,3195.46,0.418
2022-06-06,sh000001,上证指数,3236.37,1.2803
2022-06-07,sh000001,上证指数,3241.76,0.1665
2022-06-08,sh000001,上证指数,3263.79,0.6796
2022-06-09,sh000001,上证指数,3238.95,-0.7611
2022-06-10,sh000001,上证指数,3284.83,1.4165
2022-06-13,sh000001,上证指数,3255.55,-0.8914
2022-06-14,sh000001,上证指数,3288.91,1.0247
2022-06-15,sh000001,上证指数,3305.41,0.5017
2022-06-16,sh000001,上证指数,3285.38,-0.606
2022-06-17,sh000001,上证指数,3316.79,0.9561
2022-06-20,sh000001,上证指数,3315.43,-0.041
2022-06-21,sh000001,上证指数,3306.72,-0.2627
2022-06-22,sh000001,上证指数,3267.2,-1.1951
2022-06-23,sh000001,上证指数,3320.15,1.6207
2022-06-24,sh000001,上证指数,3349.75,0.8915
2022-06-27,sh000001,上证指数,3379.19,0.8789
2022-06-28,sh000001,上证指数,3409.21,0.8884
2022-06-29,sh000001,上证指数,3361.52,-1.3989
2022-06-30,sh000001,上证指数,3398.62,1.1037
2022-07-01,sh000001,上证指数,3387.64,-0.3231
2022-07-04,sh000001,上证指数,3405.43,0.5251
2022-07-05,sh000001,上证指数,3404.03,-0.0411
2022-07-06,sh000001,上证指数,3355.35,-1.4301
2022-07-07,sh000001,上证指数,3364.4,0.2697
2022-07-08,sh000001,上证指数,3356.08,-0.2473
2022-07-11,sh000001,上证指数,3313.58,-1.2664
2022-07-12,sh000001,上证指数,3281.47,-0.969
2022-07-13,sh000001,上证指数,3284.29,0.0859
2022-07-14,sh000001,上证指数,3281.74,-0.0776
2022-07-15,sh000001,上证指数,3228.06,-1.6357
2022-07-18,sh000001,上证指数,3278.1,1.5502
2022-07-19,sh000001,上证指数,3279.43,0.0406
2022-07-20,sh000001,上证指数,3304.72,0.7712
2022-07-21,sh000001,上证指数,3272.0,-0.9901
2022-07-22,sh000001,上证指数,3269.97,-0.062
2022-07-25,sh000001,上证指数,3250.39,-0.5988
2022-07-26,sh000001,上证指数,3277.44,0.8322
2022-07-27,sh000001,上证指数,3275.76,-0.0513
2022-07-28,sh000001,上证指数,3282.58,0.2082
2022-07-29,sh000001,上证指数,3253.24,-0.8938
2022-08-01,sh000001,上证指数,3259.96,0.2066
2022-08-02,sh000001,上证指数,3186.27,-2.2605
2022-08-03,sh000001,上证指数,3163.67,-0.7093
2022-08-04,sh000001,上证指数,3189.04,0.8019
2022-08-05,sh000001,上证指数,3227.03,1.1913
2022-08-08,sh000001,上证指数,3236.93,0.3068
2022-08-09,sh000001,上证指数,3247.43,0.3244
2022-08-10,sh000001,上证指数,3230.02,-0.5361
2022-08-11,sh000001,上证指数,3281.67,1.5991
2022-08-12,sh000001,上证指数,3276.89,-0.1457
2022-08-15,sh000001,上证指数,3276.09,-0.0244
2022-08-16,sh000001,上证指数,3277.88,0.0546
2022-08-17,sh000001,上证指数,3292.53,0.4469
2022-08-18,sh000001,上证指数,3277.54,-0.4553
2022-08-19,sh000001,上证指数,3258.08,-0.5937
2022-08-22,sh000001,上证指数,3277.79,0.605
2022-08-23,sh000001,上证指数,3276.22,-0.0479
2022-08-24,sh000001,上证指数,3215.2,-1.8625
2022-08-25,sh000001,上证指数,3246.25,0.9657
2022-08-26,sh000001,上证指数,3236.22,-0.309
2022-08-29,sh000001,上证指数,3240.73,0.1394
2022-08-30,sh000001,上证指数,3227.22,-0.4169
2022-08-31,sh000001,上证指数,3202.14,-0.7771
2022-09-01,sh000001,上证指数,3184.98,-0.5359
2022-09-02,sh000001,上证指数,3186.48,0.0471
2022-09-05,sh000001,上证指数,3199.91,0.4215
2022-09-06,sh000001,上证指数,3243.45,1.3607
2022-09-07,sh000001,上证指数,3246.29,0.0876
2022-09-08,sh000001,上证指数,3235.59,-0.3296
2022-09-09,sh000001,上证指数,3262.05,0.8178
2022-09-13,sh000001,上证指数,3263.8,0.0536
2022-09-14,sh000001,上证指数,3237.54,-0.8046
2022-09-15,sh000001,上证指数,3199.92,-1.162
2022-09-16,sh000001,上证指数,3126.4,-2.2976
2022-09-19,sh000001,上证指数,3115.6,-0.3454
2022-09-20,sh000001,上证指数,3122.41,0.2186
2022-09-21,sh000001,上证指数,3117.18,-0.1675
2022-09-22,sh000001,上证指数,3108.91,-0.2653
2022-09-23,sh000001,上证指数,3088.37,-0.6607
2022-09-26,sh000001,上证指数,3051.23,-1.2026
2022-09-27,sh000001,上证指数,3093.86,1.3971
2022-09-28,sh000001,上证指数,3045.07,-1.577
2022-09-29,sh000001,上证指数,3041.2,-0.1271
2022-09-30,sh000001,上证指数,3024.39,-0.5527
2022-10-10,sh000001,上证指数,2974.15,-1.6612
2022-10-11,sh000001,上证指数,2979.79,0.1896
2022-10-12,sh000001,上证指数,3025.51,1.5343
2022-10-13,sh000001,上证指数,3016.36,-0.3024
2022-10-14,sh000001,上证指数,3071.99,1.8443
2022-10-17,sh000001,上证指数,3084.94,0.4216
2022-10-18,sh000001,上证指数,3080.96,-0.129
2022-10-19,sh000001,上证指数,3044.38,-1.1873
2022-10-20,sh000001,上证指数,3035.05,-0.3065
2022-10-21,sh000001,上证指数,3038.93,0.1278
2022-10-24,sh000001,上证指数,2977.56,-2.0195
2022-10-25,sh000001,上证指数,2976.28,-0.043
2022-10-26,sh000001,上证指数,2999.5,0.7802
2022-10-27,sh000001,上证指数,2982.9,-0.5534
2022-10-28,sh000001,上证指数,2915.93,-2.2451
2022-10-31,sh000001,上证指数,2893.48,-0.7699
2022-11-01,sh000001,上证指数,2969.2,2.6169
2022-11-02,sh000001,上证指数,3003.37,1.1508
2022-11-03,sh000001,上证指数,2997.81,-0.1851
2022-11-04,sh000001,上证指数,3070.8,2.4348
2022-11-07,sh000001,上证指数,3077.82,0.2286
2022-11-08,sh000001,上证指数,3064.49,-0.4331
2022-11-09,sh000001,上证指数,3048.17,-0.5326
2022-11-10,sh000001,上证指数,3036.13,-0.395
2022-11-11,sh000001,上证指数,3087.29,1.685
2022-11-14,sh000001,上证指数,3083.4,-0.126
2022-11-15,sh000001,上证指数,3134.08,1.6436
2022-11-16,sh000001,上证指数,3119.98,-0.4499
2022-11-17,sh000001,上证指数,3115.43,-0.1458
2022-11-18,sh000001,上证指数,3097.24,-0.5839
2022-11-21,sh000001,上证指数,3085.04,-0.3939
2022-11-22,sh000001,上证指数,3088.94,0.1264
2022-11-23,sh000001,上证指数,3096.91,0.258
2022-11-24,sh000001,上证指数,3089.31,-0.2454
2022-11-25,sh000001,上证指数,3101.69,0.4007
2022-11-28,sh000001,上证指数,3078.55,-0.746
2022-11-29,sh000001,上证指数,3149.75,2.3128
2022-11-30,sh000001,上证指数,3151.34,0.0505
2022-12-01,sh000001,上证指数,3165.47,0.4484
2022-12-02,sh000001,上证指数,3156.14,-0.2947
2022-12-05,sh000001,上证指数,3211.81,1.7639
2022-12-06,sh000001,上证指数,3212.53,0.0224
2022-12-07,sh000001,上证指数,3199.62,-0.4019
2022-12-08,sh000001,上证指数,3197.35,-0.0709
2022-12-09,sh000001,上证指数,3206.95,0.3002
2022-12-12,sh000001,上证指数,3179.04,-0.8703
2022-12-13,sh000001,上证指数,3176.33,-0.0852
2022-12-14,sh000001,上证指数,3176.53,0.0063
2022-12-15,sh000001,上证指数,3168.65,-0.2481
2022-12-16,sh000001,上证指数,3167.86,-0.0249
2022-12-19,sh000001,上证指数,3107.12,-1.9174
2022-12-20,sh000001,上证指数,3073.77,-1.0733
2022-12-21,sh000001,上证指数,3068.41,-0.1744
2022-12-22,sh000001,上证指数,3054.43,-0.4556
2022-12-23,sh000001,上证指数,3045.87,-0.2802
2022-12-26,sh000001,上证指数,3065.56,0.6464
2022-12-27,sh000001,上证指数,3095.57,0.9789
2022-12-28,sh000001,上证指数,3087.4,-0.2639
2022-12-29,sh000001,上证指数,3073.7,-0.4437
2022-12-30,sh000001,上证指数,3089.26,0.5062
2023-01-03,sh000001,上证指数,3116.51,0.8821
2023-01-04,sh000001,上证指数,3123.52,0.2249
2023-01-05,sh000001,上证指数,3155.22,1.0149
2023-01-06,sh000001,上证指数,3157.64,0.0767
2023-01-09,sh000001,上证指数,3176.08,0.584
2023-01-10,sh000001,上证指数,3169.51,-0.2069
2023-01-11,sh000001,上证指数,3161.84,-0.242
2023-01-12,sh000001,上证指数,3163.45,0.0509
2023-01-13,sh000001,上证指数,3195.31,1.0071
2023-01-16,sh000001,上证指数,3227.59,1.0102
2023-01-17,sh000001,上证指数,3224.24,-0.1038
2023-01-18,sh000001,上证指数,3224.41,0.0053
2023-01-19,sh000001,上证指数,3240.28,0.4922
2023-01-20,sh000001,上证指数,3264.81,0.757
2023-01-30,sh000001,上证指数,3269.32,0.1381
2023-01-31,sh000001,上证指数,3255.67,-0.4175
2023-02-01,sh000001,上证指数,3284.92,0.8984
2023-02-02,sh000001,上证指数,3285.67,0.0228
2023-02-03,sh000001,上证指数,3263.41,-0.6775
2023-02-06,sh000001,上证指数,3238.7,-0.7572
2023-02-07,sh000001,上证指数,3248.09,0.2899
2023-02-08,sh000001,上证指数,3232.11,-0.492
2023-02-09,sh000001,上证指数,3270.38,1.1841
2023-02-10,sh000001,上证指数,3260.67,-0.2969
2023-02-13,sh000001,上证指数,3284.16,0.7204
2023-02-14,sh000001,上证指数,3293.28,0.2777
2023-02-15,sh000001,上证指数,3280.49,-0.3884
2023-02-16,sh000001,上证指数,3249.03,-0.959
2023-02-17,sh000001,上证指数,3224.02,-0.7698
2023-02-20,sh000001,上证指数,3290.34,2.0571
2023-02-21,sh000001,上证指数,3306.52,0.4917
2023-02-22,sh000001,上证指数,3291.15,-0.4648
2023-02-23,sh000001,上证指数,3287.48,-0.1115
2023-02-24,sh000001,上证指数,3267.16,-0.6181
2023-02-27,sh000001,上证指数,3258.03,-0.2794
2023-02-28,sh000001,上证指数,3279.61,0.6624
2023-03-01,sh000001,上证指数,3312.35,0.9983
2023-03-02,sh000001,上证指数,3310.65,-0.0513
2023-03-03,sh000001,上证指数,3328.39,0.5358
2023-03-06,sh000001,上证指数,3322.03,-0.1911
2023-03-07,sh000001,上证指数,3285.1,-1.1117
2023-03-08,sh000001,上证指数,3283.25,-0.0563
2023-03-09,sh000001,上证指数,3276.09,-0.2181
2023-03-10,sh000001,上证指数,3230.08,-1.4044
2023-03-13,sh000001,上证指数,3268.7,1.1956
2023-03-14,sh000001,上证指数,3245.31,-0.7156
2023-03-15,sh000001,上证指数,3263.31,0.5546
2023-03-16,sh000001,上证指数,3226.89,-1.116
2023-03-17,sh000001,上证指数,3250.55,0.7332
2023-03-20,sh000001,上证指数,3234.91,-0.4811
2023-03-21,sh000001,上证指数,3255.65,0.6411
2023-03-22,sh000001,上证指数,3265.75,0.3102
2023-03-23,sh000001,上证指数,3286.65,0.64
2023-03-24,sh000001,上证指数,3265.65,-0.6389
2023-03-27,sh000001,上证指数,3251.4,-0.4364
2023-03-28,sh000001,上证指数,3245.38,-0.1852
2023-03-29,sh000001,上证指数,3240.06,-0.1639
2023-03-30,sh000001,上证指数,3261.25,0.654
2023-03-31,sh000001,上证指数,3272.86,0.356
2023-04-03,sh000001,上证指数,3296.4,0.7192
2023-04-04,sh000001,上证指数,3312.56,0.4902
2023-04-06,sh000001,上证指数,3312.63,0.0021
2023-04-07,sh000001,上证指数,3327.65,0.4534
2023-04-10,sh000001,上证指数,3315.36,-0.3693
2023-04-11,sh000001,上证指数,3313.57,-0.054
2023-04-12,sh000001,上证指数,3327.18,0.4107
2023-04-13,sh000001,上证指数,3318.36,-0.2651
2023-04-14,sh000001,上证指数,3338.15,0.5964
2023-04-17,sh000001,上证指数,3385.61,1.4217
2023-04-18,sh000001,上证指数,3393.33,0.228
2023-04-19,sh000001,上证指数,3370.13,-0.6837
2023-04-20,sh000001,上证指数,3367.03,-0.092
2023-04-21,sh000001,上证指数,3301.26,-1.9534
2023-04-24,sh000001,上证指数,3275.41,-0.783
2023-04-25,sh000001,上证指数,3264.87,-0.3218
2023-04-26,sh000001,上证指数,3264.1,-0.0236
2023-04-27,sh000001,上证指数,3285.88,0.6673
2023-04-28,sh000001,上证指数,3323.27,1.1379
2023-05-04,sh000001,上证指数,3350.46,0.8182
2023-05-05,sh000001,上证指数,3334.5,-0.4764
2023-05-08,sh000001,上证指数,3395.0,1.8144
2023-05-09,sh000001,上证指数,3357.67,-1.0996
2023-05-10,sh000001,上证指数,3319.15,-1.1472
2023-05-11,sh000001,上证指数,3309.55,-0.2892
2023-05-12,sh000001,上证指数,3272.36,-1.1237
2023-05-15,sh000001,上证指数,3310.74,1.1729
2023-05-16,sh000001,上证指数,3290.99,-0.5965
2023-05-17,sh000001,上证指数,3284.23,-0.2054
2023-05-18,sh000001,上证指数,3297.32,0.3986
2023-05-19,sh000001,上证指数,3283.54,-0.4179
2023-05-22,sh000001,上证指数,3296.47,0.3938
2023-05-23,sh000001,上证指数,3246.24,-1.5238
2023-05-24,sh000001,上证指数,3204.75,-1.2781
2023-05-25,sh000001,上证指数,3201.26,-0.1089
2023-05-26,sh000001,上证指数,3212.5,0.3511
2023-05-29,sh000001,上证指数,3221.45,0.2786
2023-05-30,sh000001,上证指数,3224.21,0.0857
2023-05-31,sh000001,上证指数,3204.56,-0.6095
2023-06-01,sh000001,上证指数,3204.63,0.0022
2023-06-02,sh000001,上证指数,3230.07,0.7939
2023-06-05,sh000001,上证指数,3232.44,0.0734
2023-06-06,sh000001,上证指数,3195.34,-1.1477
2023-06-07,sh000001,上证指数,3197.76,0.0757
2023-06-08,sh000001,上证指数,3213.59,0.495
2023-06-09,sh000001,上证指数,3231.41,0.5545
2023-06-12,sh000001,上证指数,3228.83,-0.0798
2023-06-13,sh000001,上证指数,3233.67,0.1499
2023-06-14,sh000001,上证指数,3228.99,-0.1447
2023-06-15,sh000001,上证指数,3252.98,0.743
2023-06-16,sh000001,上证指数,3273.33,0.6256
2023-06-19,sh000001,上证指数,3255.81,-0.5352
2023-06-20,sh000001,上证指数,3240.36,-0.4745
2023-06-21,sh000001,上证指数,3197.9,-1.3103
2023-06-26,sh000001,上证指数,3150.62,-1.4785
2023-06-27,sh000001,上证指数,3189.44,1.2321
2023-06-28,sh000001,上证指数,3189.38,-0.0019
2023-06-29,sh000001,上证指数,3182.38,-0.2195
2023-06-30,sh000001,上证指数,3202.06,0.6184
2023-07-03,sh000001,上证指数,3243.98,1.3092
2023-07-04,sh000001,上证指数,3245.35,0.0422
2023-07-05,sh000001,上证指数,3222.95,-0.6902
2023-07-06,sh000001,上证指数,3205.57,-0.5393
2023-07-07,sh000001,上证指数,3196.61,-0.2795
2023-07-10,sh000001,上证指数,3203.7,0.2218
2023-07-11,sh000001,上证指数,3221.37,0.5515
2023-07-12,sh000001,上证指数,3196.13,-0.7835
2023-07-13,sh000001,上证指数,3236.48,1.2625
2023-07-14,sh000001,上证指数,3237.7,0.0377
2023-07-17,sh000001,上证指数,3209.63,-0.867
2023-07-18,sh000001,上证指数,3197.82,-0.368
2023-07-19,sh000001,上证指数,3198.84,0.0319
2023-07-20,sh000001,上证指数,3169.52,-0.9166
2023-07-21,sh000001,上证指数,3167.75,-0.0558
2023-07-24,sh000001,上证指数,3164.16,-0.1133
2023-07-25,sh000001,上证指数,3231.52,2.1288
2023-07-26,sh000001,上证指数,3223.03,-0.2627
2023-07-27,sh000001,上证指数,3216.67,-0.1973
2023-07-28,sh000001,上证指数,3275.93,1.8423
2023-07-31,sh000001,上证指数,3291.04,0.4612
2023-08-01,sh000001,上证指数,3290.95,-0.0027
2023-08-02,sh000001,上证指数,3261.69,-0.8891
2023-08-03,sh000001,上证指数,3280.46,0.5755
2023-08-04,sh000001,上证指数,3288.08,0.2323
2023-08-07,sh000001,上证指数,3268.83,-0.5854
2023-08-08,sh000001,上证指数,3260.62,-0.2512
2023-08-09,sh000001,上证指数,3244.49,-0.4947
2023-08-10,sh000001,上证指数,3254.56,0.3104
2023-08-11,sh000001,上证指数,3189.25,-2.0067
2023-08-14,sh000001,上证指数,3178.43,-0.3393
2023-08-15,sh000001,上证指数,3176.18,-0.0708
2023-08-16,sh000001,上证指数,3150.13,-0.8202
2023-08-17,sh000001,上证指数,3163.74,0.432
2023-08-18,sh000001,上证指数,3131.95,-1.0048
2023-08-21,sh000001,上证指数,3092.98,-1.2443
2023-08-22,sh000001,上证指数,3120.33,0.8843
2023-08-23,sh000001,上证指数,3078.4,-1.3438
2023-08-24,sh000001,上证指数,3082.24,0.1247
2023-08-25,sh000001,上证指数,3064.07,-0.5895
2023-08-28,sh000001,上证指数,3098.64,1.1282
2023-08-29,sh000001,上证指数,3135.89,1.2021
2023-08-30,sh000001,上证指数,3137.14,0.0399
2023-08-31,sh000001,上证指数,3119.88,-0.5502
2023-09-01,sh000001,上证指数,3133.25,0.4285
2023-09-04,sh000001,上证指数,3177.06,1.3982
2023-09-05,sh000001,上证指数,3154.37,-0.7142
2023-09-06,sh000001,上证指数,3158.08,0.1176
2023-09-07,sh000001,上证指数,3122.35,-1.1314
2023-09-08,sh000001,上证指数,3116.72,-0.1803
2023-09-11,sh000001,上证指数,3142.78,0.8361
2023-09-12,sh000001,上证指数,3137.06,-0.182
2023-09-13,sh000001,上证指数,3123.07,-0.446
2023-09-14,sh000001,上证指数,3126.55,0.1114
2023-09-15,sh000001,上证指数,3117.74,-0.2818
2023-09-18,sh000001,上证指数,3125.93,0.2627
2023-09-19,sh000001,上证指数,3124.96,-0.031
2023-09-20,sh000001,上证指数,3108.57,-0.5245
2023-09-21,sh000001,上证指数,3084.7,-0.7679
2023-09-22,sh000001,上证指数,3132.43,1.5473
2023-09-25,sh000001,上证指数,3115.61,-0.537
2023-09-26,sh000001,上证指数,3102.27,-0.4282
2023-09-27,sh000001,上证指数,3107.32,0.1628
2023-09-28,sh000001,上证指数,3110.48,0.1017
2023-10-09,sh000001,上证指数,3096.92,-0.4359
2023-10-10,sh000001,上证指数,3075.24,-0.7001
2023-10-11,sh000001,上证指数,3078.96,0.121
2023-10-12,sh000001,上证指数,3107.9,0.9399
2023-10-13,sh000001,上证指数,3088.1,-0.6371
2023-10-16,sh000001,上证指数,3073.81,-0.4627
2023-10-17,sh000001,上证指数,3083.5,0.3152
2023-10-18,sh000001,上证指数,3058.71,-0.804
2023-10-19,sh000001,上证指数,3005.39,-1.7432
2023-10-20,sh000001,上证指数,2983.06,-0.743
2023-10-23,sh000001,上证指数,2939.29,-1.4673
2023-10-24,sh000001,上证指数,2962.24,0.7808
2023-10-25,sh000001,上证指数,2974.11,0.4007
2023-10-26,sh000001,上证指数,2988.3,0.4771
2023-10-27,sh000001,上证指数,3017.78,0.9865
2023-10-30,sh000001,上证指数,3021.55,0.1249
2023-10-31,sh000001,上证指数,3018.77,-0.092
2023-11-01,sh000001,上证指数,3023.08,0.1428
2023-11-02,sh000001,上证指数,3009.41,-0.4522
2023-11-03,sh000001,上证指数,3030.8,0.7108
2023-11-06,sh000001,上证指数,3058.41,0.911
2023-11-07,sh000001,上证指数,3057.27,-0.0373
2023-11-08,sh000001,上证指数,3052.37,-0.1603
2023-11-09,sh000001,上证指数,3053.28,0.0298
2023-11-10,sh000001,上证指数,3038.97,-0.4687
2023-11-13,sh000001,上证指数,3046.53,0.2488
2023-11-14,sh000001,上证指数,3056.07,0.3131
2023-11-15,sh000001,上证指数,3072.83,0.5484
2023-11-16,sh000001,上证指数,3050.93,-0.7127
2023-11-17,sh000001,上证指数,3054.37,0.1128
2023-11-20,sh000001,上证指数,3068.32,0.4567
2023-11-21,sh000001,上证指数,3067.93,-0.0127
2023-11-22,sh000001,上证指数,3043.61,-0.7927
2023-11-23,sh000001,上证指数,3061.86,0.5996
2023-11-24,sh000001,上证指数,3040.97,-0.6823
2023-11-27,sh000001,上证指数,3031.7,-0.3048
2023-11-28,sh000001,上证指数,3038.55,0.2259
2023-11-29,sh000001,上证指数,3021.69,-0.5549
2023-11-30,sh000001,上证指数,3029.67,0.2641
2023-12-01,sh000001,上证指数,3031.64,0.065
2023-12-04,sh000001,上证指数,3022.91,-0.288
2023-12-05,sh000001,上证指数,2972.3,-1.6742
2023-12-06,sh000001,上证指数,2968.93,-0.1134
2023-12-07,sh000001,上证指数,2966.21,-0.0916
2023-12-08,sh000001,上证指数,2969.56,0.1129
2023-12-11,sh000001,上证指数,2991.44,0.7368
2023-12-12,sh000001,上证指数,3003.44,0.4011
2023-12-13,sh000001,上证指数,2968.76,-1.1547
2023-12-14,sh000001,上证指数,2958.99,-0.3291
2023-12-15,sh000001,上证指数,2942.56,-0.5553
2023-12-18,sh000001,上证指数,2930.8,-0.3997
2023-12-19,sh000001,上证指数,2932.39,0.0543
2023-12-20,sh000001,上证指数,2902.11,-1.0326
2023-12-21,sh000001,上证指数,2918.71,0.572
2023-12-22,sh000001,上证指数,2914.78,-0.1346
2023-12-25,sh000001,上证指数,2918.81,0.1383
2023-12-26,sh000001,上证指数,2898.88,-0.6828
2023-12-27,sh000001,上证指数,2914.61,0.5426
2023-12-28,sh000001,上证指数,2954.7,1.3755
2023-12-29,sh000001,上证指数,2974.93,0.6847
2024-01-02,sh000001,上证指数,2962.28,-0.4252
2024-01-03,sh000001,上证指数,2967.25,0.1678
2024-01-04,sh000001,上证指数,2954.35,-0.4347
2024-01-05,sh000001,上证指数,2929.18,-0.852
2024-01-08,sh000001,上证指数,2887.54,-1.4216
2024-01-09,sh000001,上证指数,2893.25,0.1977
2024-01-10,sh000001,上证指数,2877.7,-0.5375
2024-01-11,sh000001,上证指数,2886.65,0.311
2024-01-12,sh000001,上证指数,2881.98,-0.1618
2024-01-15,sh000001,上证指数,2886.29,0.1495
2024-01-16,sh000001,上证指数,2893.99,0.2668
2024-01-17,sh000001,上证指数,2833.62,-2.086
2024-01-18,sh000001,上证指数,2845.78,0.4291
2024-01-19,sh000001,上证指数,2832.28,-0.4744
2024-01-22,sh000001,上证指数,2756.34,-2.6812
2024-01-23,sh000001,上证指数,2770.98,0.5311
2024-01-24,sh000001,上证指数,2820.77,1.7968
2024-01-25,sh000001,上证指数,2906.11,3.0254
2024-01-26,sh000001,上证指数,2910.22,0.1414
2024-01-29,sh000001,上证指数,2883.36,-0.923
2024-01-30,sh000001,上证指数,2830.53,-1.8322
2024-01-31,sh000001,上证指数,2788.55,-1.4831
2024-02-01,sh000001,上证指数,2770.74,-0.6387
2024-02-02,sh000001,上证指数,2730.15,-1.465
2024-02-05,sh000001,上证指数,2702.19,-1.0241
2024-02-06,sh000001,上证指数,2789.49,3.2307
2024-02-07,sh000001,上证指数,2829.7,1.4415
2024-02-08,sh000001,上证指数,2865.9,1.2793
2024-02-19,sh000001,上证指数,2910.54,1.5576
2024-02-20,sh000001,上证指数,2922.73,0.4188
2024-02-21,sh000001,上证指数,2950.96,0.9659
2024-02-22,sh000001,上证指数,2988.36,1.2674
2024-02-23,sh000001,上证指数,3004.88,0.5528
2024-02-26,sh000001,上证指数,2977.02,-0.9272
2024-02-27,sh000001,上证指数,3015.48,1.2919
2024-02-28,sh000001,上证指数,2957.85,-1.9111
2024-02-29,sh000001,上证指数,3015.17,1.9379
2024-03-01,sh000001,上证指数,3027.02,0.393
2024-03-04,sh000001,上证指数,3039.31,0.406
2024-03-05,sh000001,上证指数,3047.79,0.279
2024-03-06,sh000001,上证指数,3039.93,-0.2579
2024-03-07,sh000001,上证指数,3027.4,-0.4122
2024-03-08,sh000001,上证指数,3046.02,0.615
2024-03-11,sh000001,上证指数,3068.46,0.7367
2024-03-12,sh000001,上证指数,3055.94,-0.408
2024-03-13,sh000001,上证指数,3043.83,-0.3963
2024-03-14,sh000001,上证指数,3038.23,-0.184
2024-03-15,sh000001,上证指数,3054.64,0.5401
2024-03-18,sh000001,上证指数,3084.93,0.9916
2024-03-19,sh000001,上证指数,3062.76,-0.7187
2024-03-20,sh000001,上证指数,3079.69,0.5528
2024-03-21,sh000001,上证指数,3077.11,-0.0838
2024-03-22,sh000001,上证指数,3048.03,-0.945
2024-03-25,sh000001,上证指数,3026.31,-0.7126
2024-03-26,sh000001,上证指数,3031.48,0.1708
2024-03-27,sh000001,上证指数,2993.14,-1.2647
2024-03-28,sh000001,上证指数,3010.66,0.5853
2024-03-29,sh000001,上证指数,3041.17,1.0134
2024-04-01,sh000001,上证指数,3077.38,1.1907
2024-04-02,sh000001,上证指数,3074.96,-0.0786
2024-04-03,sh000001,上证指数,3069.3,-0.1841
2024-04-08,sh000001,上证指数,3047.05,-0.7249
2024-04-09,sh000001,上证指数,3048.54,0.0489
2024-04-10,sh000001,上证指数,3027.33,-0.6957
2024-04-11,sh000001,上证指数,3034.25,0.2286
2024-04-12,sh000001,上证指数,3019.47,-0.4871
2024-04-15,sh000001,上证指数,3057.38,1.2555
2024-04-16,sh000001,上证指数,3007.07,-1.6455
2024-04-17,sh000001,上证指数,3071.38,2.1386
2024-04-18,sh000001,上证指数,3074.22,0.0925
2024-04-19,sh000001,上证指数,3065.26,-0.2915
2024-04-22,sh000001,上证指数,3044.6,-0.674
2024-04-23,sh000001,上证指数,3021.98,-0.743
2024-04-24,sh000001,上证指数,3044.82,0.7558
2024-04-25,sh000001,上证指数,3052.9,0.2654
2024-04-26,sh000001,上证指数,3088.64,1.1707
2024-04-29,sh000001,上证指数,3113.04,0.79
2024-04-30,sh000001,上证指数,3104.82,-0.2641
2024-05-06,sh000001,上证指数,3140.72,1.1563
2024-05-07,sh000001,上证指数,3147.74,0.2235
2024-05-08,sh000001,上证指数,3128.48,-0.6119
2024-05-09,sh000001,上证指数,3154.32,0.826
2024-05-10,sh000001,上证指数,3154.55,0.0073
2024-05-13,sh000001,上证指数,3148.02,-0.207
2024-05-14,sh000001,上证指数,3145.77,-0.0715
2024-05-15,sh000001,上证指数,3119.9,-0.8224
2024-05-16,sh000001,上证指数,3122.4,0.0801
2024-05-17,sh000001,上证指数,3154.03,1.013
2024-05-20,sh000001,上证指数,3171.15,0.5428
2024-05-21,sh000001,上证指数,3157.97,-0.4156
2024-05-22,sh000001,上证指数,3158.54,0.018
2024-05-23,sh000001,上证指数,3116.39,-1.3345
2024-05-24,sh000001,上证指数,3088.87,-0.8831
2024-05-27,sh000001,上证指数,3124.04,1.1386
2024-05-28,sh000001,上证指数,3109.57,-0.4632
2024-05-29,sh000001,上证指数,3111.02,0.0466
2024-05-30,sh000001,上证指数,3091.68,-0.6217
2024-05-31,sh000001,上证指数,3086.81,-0.1575
2024-06-03,sh000001,上证指数,3078.49,-0.2695
2024-06-04,sh000001,上证指数,3091.2,0.4129
2024-06-05,sh000001,上证指数,3065.4,-0.8346
2024-06-06,sh000001,上证指数,3048.79,-0.5419
2024-06-07,sh000001,上证指数,3051.28,0.0817
2024-06-11,sh000001,上证指数,3028.05,-0.7613
2024-06-12,sh000001,上证指数,3037.47,0.3111
2024-06-13,sh000001,上证指数,3028.92,-0.2815
2024-06-14,sh000001,上证指数,3032.63,0.1225
2024-06-17,sh000001,上证指数,3015.89,-0.552
2024-06-18,sh000001,上证指数,3030.25,0.4761
2024-06-19,sh000001,上证指数,3018.05,-0.4026
2024-06-20,sh000001,上证指数,3005.44,-0.4178
2024-06-21,sh000001,上证指数,2998.14,-0.2429
2024-06-24,sh000001,上证指数,2963.1,-1.1687
2024-06-25,sh000001,上证指数,2950.0,-0.4421
2024-06-26,sh000001,上证指数,2972.53,0.7637
2024-06-27,sh000001,上证指数,2945.85,-0.8976
2024-06-28,sh000001,上证指数,2967.4,0.7315
2024-07-01,sh000001,上证指数,2994.73,0.921
2024-07-02,sh000001,上证指数,2997.01,0.0761
2024-07-03,sh000001,上证指数,2982.38,-0.4882
2024-07-04,sh000001,上证指数,2957.57,-0.8319
2024-07-05,sh000001,上证指数,2949.93,-0.2583
2024-07-08,sh000001,上证指数,2922.45,-0.9315
2024-07-09,sh000001,上证指数,2959.37,1.2633
2024-07-10,sh000001,上证指数,2939.36,-0.6762
2024-07-11,sh000001,上证指数,2970.39,1.0557
2024-07-12,sh000001,上证指数,2971.3,0.0306
2024-07-15,sh000001,上证指数,2974.01,0.0912
2024-07-16,sh000001,上证指数,2976.3,0.077
2024-07-17,sh000001,上证指数,2962.85,-0.4519
2024-07-18,sh000001,上证指数,2977.13,0.482
2024-07-19,sh000001,上证指数,2982.31,0.174
2024-07-22,sh000001,上证指数,2964.22,-0.6066
2024-07-23,sh000001,上证指数,2915.37,-1.648
2024-07-24,sh000001,上证指数,2901.95,-0.4603
2024-07-25,sh000001,上证指数,2886.74,-0.5241
2024-07-26,sh000001,上证指数,2890.9,0.1441
2024-07-29,sh000001,上证指数,2891.85,0.0329
2024-07-30,sh000001,上证指数,2879.3,-0.434
2024-07-31,sh000001,上证指数,2938.75,2.0647
2024-08-01,sh000001,上证指数,2932.39,-0.2164
2024-08-02,sh000001,上证指数,2905.34,-0.9225
2024-08-05,sh000001,上证指数,2860.7,-1.5365
2024-08-06,sh000001,上证指数,2867.28,0.23
2024-08-07,sh000001,上证指数,2869.83,0.0889
2024-08-08,sh000001,上证指数,2869.9,0.0024
2024-08-09,sh000001,上证指数,2862.19,-0.2687
2024-08-12,sh000001,上证指数,2858.2,-0.1394
2024-08-13,sh000001,上证指数,2867.95,0.3411
2024-08-14,sh000001,上证指数,2850.65,-0.6032
2024-08-15,sh000001,上证指数,2877.36,0.937
2024-08-16,sh000001,上证指数,2879.43,0.0719
2024-08-19,sh000001,上证指数,2893.67,0.4945
2024-08-20,sh000001,上证指数,2866.66,-0.9334
2024-08-21,sh000001,上证指数,2856.58,-0.3516
2024-08-22,sh000001,上证指数,2848.77,-0.2734
2024-08-23,sh000001,上证指数,2854.37,0.1966
2024-08-26,sh000001,上证指数,2855.52,0.0403
2024-08-27,sh000001,上证指数,2848.73,-0.2378
2024-08-28,sh000001,上证指数,2837.43,-0.3967
2024-08-29,sh000001,上证指数,2823.11,-0.5047
2024-08-30,sh000001,上证指数,2842.21,0.6766
2024-09-02,sh000001,上证指数,2811.04,-1.0967
2024-09-03,sh000001,上证指数,2802.98,-0.2867
2024-09-04,sh000001,上证指数,2784.28,-0.6671
2024-09-05,sh000001,上证指数,2788.31,0.1447
2024-09-06,sh000001,上证指数,2765.81,-0.8069
2024-09-09,sh000001,上证指数,2736.49,-1.0601
2024-09-10,sh000001,上证指数,2744.19,0.2814
2024-09-11,sh000001,上证指数,2721.8,-0.8159
2024-09-12,sh000001,上证指数,2717.12,-0.1719
2024-09-13,sh000001,上证指数,2704.09,-0.4796
2024-09-18,sh000001,上证指数,2717.28,0.4878
2024-09-19,sh000001,上证指数,2736.02,0.6897
2024-09-20,sh000001,上证指数,2736.81,0.0289
2024-09-23,sh000001,上证指数,2748.92,0.4425
2024-09-24,sh000001,上证指数,2863.13,4.1547
2024-09-25,sh000001,上证指数,2896.31,1.1589
2024-09-26,sh000001,上证指数,3000.95,3.6129
2024-09-27,sh000001,上证指数,3087.53,2.8851
2024-09-30,sh000001,上证指数,3336.5,8.0637
2024-10-08,sh000001,上证指数,3489.78,4.594
2024-10-09,sh000001,上证指数,3258.86,-6.617
2024-10-10,sh000001,上证指数,3301.93,1.3216
2024-10-11,sh000001,上证指数,3217.74,-2.5497
2024-10-14,sh000001,上证指数,3284.32,2.0692
2024-10-15,sh000001,上证指数,3201.29,-2.5281
2024-10-16,sh000001,上证指数,3202.95,0.0519
2024-10-17,sh000001,上证指数,3169.38,-1.0481
2024-10-18,sh000001,上证指数,3261.56,2.9085
2024-10-21,sh000001,上证指数,3268.11,0.2008
2024-10-22,sh000001,上证指数,3285.87,0.5434
2024-10-23,sh000001,上证指数,3302.8,0.5152
2024-10-24,sh000001,上证指数,3280.26,-0.6825
2024-10-25,sh000001,上证指数,3299.7,0.5926
2024-10-28,sh000001,上证指数,3322.2,0.6819
2024-10-29,sh000001,上证指数,3286.41,-1.0773
2024-10-30,sh000001,上证指数,3266.24,-0.6137
2024-10-31,sh000001,上证指数,3279.82,0.4158
2024-11-01,sh000001,上证指数,3272.01,-0.2381
2024-11-04,sh000001,上证指数,3310.21,1.1675
2024-11-05,sh000001,上证指数,3386.99,2.3195
2024-11-06,sh000001,上证指数,3383.81,-0.0939
2024-11-07,sh000001,上证指数,3470.66,2.5666
2024-11-08,sh000001,上证指数,3452.3,-0.529
2024-11-11,sh000001,上证指数,3470.07,0.5147
2024-11-12,sh000001,上证指数,3421.97,-1.3861
2024-11-13,sh000001,上证指数,3439.28,0.5058
2024-11-14,sh000001,上证指数,3379.84,-1.7283
2024-11-15,sh000001,上证指数,3330.73,-1.453
2024-11-18,sh000001,上证指数,3323.85,-0.2066
2024-11-19,sh000001,上证指数,3346.01,0.6667
2024-11-20,sh000001,上证指数,3367.99,0.6569
2024-11-21,sh000001,上证指数,3370.4,0.0716
2024-11-22,sh000001,上证指数,3267.19,-3.0622
2024-11-25,sh000001,上证指数,3263.76,-0.105
2024-11-26,sh000001,上证指数,3259.76,-0.1226
2024-11-27,sh000001,上证指数,3309.78,1.5345
2024-11-28,sh000001,上证指数,3295.7,-0.4254
2024-11-29,sh000001,上证指数,3326.46,0.9333
2024-12-02,sh000001,上证指数,3363.98,1.1279
2024-12-03,sh000001,上证指数,3378.81,0.4408
2024-12-04,sh000001,上证指数,3364.65,-0.4191
2024-12-05,sh000001,上证指数,3368.86,0.1251
2024-12-06,sh000001,上证指数,3404.08,1.0455
2024-12-09,sh000001,上证指数,3402.53,-0.0455
2024-12-10,sh000001,上证指数,3422.66,0.5916
2024-12-11,sh000001,上证指数,3432.49,0.2872
2024-12-12,sh000001,上证指数,3461.5,0.8452
2024-12-13,sh000001,上证指数,3391.88,-2.0113
2024-12-16,sh000001,上证指数,3386.33,-0.1636
2024-12-17,sh000001,上证指数,3361.49,-0.7335
2024-12-18,sh000001,上证指数,3382.21,0.6164
2024-12-19,sh000001,上证指数,3370.03,-0.3601
2024-12-20,sh000001,上证指数,3368.07,-0.0582
2024-12-23,sh000001,上证指数,3351.26,-0.4991
2024-12-24,sh000001,上证指数,3393.53,1.2613
2024-12-25,sh000001,上证指数,3393.35,-0.0053
2024-12-26,sh000001,上证指数,3398.08,0.1394
2024-12-27,sh000001,上证指数,3400.14,0.0606
2024-12-30,sh000001,上证指数,3407.33,0.2115
2024-12-31,sh000001,上证指数,3351.76,-1.6309
2025-01-02,sh000001,上证指数,3262.56,-2.6613
2025-01-03,sh000001,上证指数,3211.43,-1.5672
2025-01-06,sh000001,上证指数,3206.92,-0.1404
2025-01-07,sh000001,上证指数,3229.64,0.7085
2025-01-08,sh000001,上证指数,3230.17,0.0164
2025-01-09,sh000001,上证指数,3211.39,-0.5814
2025-01-10,sh000001,上证指数,3168.52,-1.3349
2025-01-13,sh000001,上证指数,3160.76,-0.2449
2025-01-14,sh000001,上证指数,3240.94,2.5367
2025-01-15,sh000001,上证指数,3227.12,-0.4264
2025-01-16,sh000001,上证指数,3236.03,0.2761
2025-01-17,sh000001,上证指数,3241.82,0.1789
2025-01-20,sh000001,上证指数,3244.38,0.079
2025-01-21,sh000001,上证指数,3242.62,-0.0542
2025-01-22,sh000001,上证指数,3213.62,-0.8943
2025-01-23,sh000001,上证指数,3230.16,0.5147
2025-01-24,sh000001,上证指数,3252.63,0.6956
2025-01-27,sh000001,上证指数,3250.6,-0.0624
2025-02-05,sh000001,上证指数,3229.49,-0.6494
2025-02-06,sh000001,上证指数,3270.66,1.2748
2025-02-07,sh000001,上证指数,3303.67,1.0093
2025-02-10,sh000001,上证指数,3322.17,0.56
2025-02-11,sh000001,上证指数,3318.06,-0.1237
2025-02-12,sh000001,上证指数,3346.39,0.8538
2025-02-13,sh000001,上证指数,3332.48,-0.4157
2025-02-14,sh000001,上证指数,3346.72,0.4273
2025-02-17,sh000001,上证指数,3355.83,0.2722
2025-02-18,sh000001,上证指数,3324.49,-0.9339
2025-02-19,sh000001,上证指数,3351.54,0.8137
2025-02-20,sh000001,上证指数,3350.78,-0.0227
2025-02-21,sh000001,上证指数,3379.11,0.8455
2025-02-24,sh000001,上证指数,3373.03,-0.1799
2025-02-25,sh000001,上证指数,3346.04,-0.8002
2025-02-26,sh000001,上证指数,3380.21,1.0212
2025-02-27,sh000001,上证指数,3388.06,0.2322
2025-02-28,sh000001,上证指数,3320.9,-1.9823
2025-03-03,sh000001,上证指数,3316.93,-0.1195
2025-03-04,sh000001,上证指数,3324.21,0.2195
2025-03-05,sh000001,上证指数,3341.96,0.534
2025-03-06,sh000001,上证指数,3381.1,1.1712
2025-03-07,sh000001,上证指数,3372.55,-0.2529
2025-03-10,sh000001,上证指数,3366.16,-0.1895
2025-03-11,sh000001,上证指数,3379.83,0.4061
2025-03-12,sh000001,上证指数,3371.92,-0.234
2025-03-13,sh000001,上证指数,3358.73,-0.3912
2025-03-14,sh000001,上证指数,3419.56,1.8111
2025-03-17,sh000001,上证指数,3426.13,0.1921
2025-03-18,sh000001,上证指数,3429.76,0.106
2025-03-19,sh000001,上证指数,3426.43,-0.0971
2025-03-20,sh000001,上证指数,3408.95,-0.5102
2025-03-21,sh000001,上证指数,3364.83,-1.2942
2025-03-24,sh000001,上证指数,3370.03,0.1545
2025-03-25,sh000001,上证指数,3369.98,-0.0015
2025-03-26,sh000001,上证指数,3368.7,-0.038
2025-03-27,sh000001,上证指数,3373.75,0.1499
2025-03-28,sh000001,上证指数,3351.31,-0.6651
2025-03-31,sh000001,上证指数,3335.75,-0.4643
2025-04-01,sh000001,上证指数,3348.44,0.3804
2025-04-02,sh000001,上证指数,3350.13,0.0505
2025-04-03,sh000001,上证指数,3342.01,-0.2424
2025-04-07,sh000001,上证指数,3096.58,-7.3438
2025-04-08,sh000001,上证指数,3145.55,1.5814
2025-04-09,sh000001,上证指数,3186.81,1.3117
2025-04-10,sh000001,上证指数,3223.64,1.1557
2025-04-11,sh000001,上证指数,3238.23,0.4526
2025-04-14,sh000001,上证指数,3262.81,0.7591
2025-04-15,sh000001,上证指数,3267.66,0.1486
2025-04-16,sh000001,上证指数,3276.0,0.2552
2025-04-17,sh000001,上证指数,3280.34,0.1325
2025-04-18,sh000001,上证指数,3276.73,-0.11
2025-04-21,sh000001,上证指数,3291.43,0.4486
2025-04-22,sh000001,上证指数,3299.76,0.2531
2025-04-23,sh000001,上证指数,3296.36,-0.103
2025-04-24,sh000001,上证指数,3297.29,0.0282
2025-04-25,sh000001,上证指数,3295.06,-0.0676
2025-04-28,sh000001,上证指数,3288.41,-0.2018
2025-04-29,sh000001,上证指数,3286.65,-0.0535
2025-04-30,sh000001,上证指数,3279.03,-0.2318
2025-05-06,sh000001,上证指数,3316.11,1.1308
2025-05-07,sh000001,上证指数,3342.67,0.8009
2025-05-08,sh000001,上证指数,3352.0,0.2791
2025-05-09,sh000001,上证指数,3342.0,-0.2983
2025-05-12,sh000001,上证指数,3369.24,0.8151
2025-05-13,sh000001,上证指数,3374.87,0.1671
2025-05-14,sh000001,上证指数,3403.95,0.8617
2025-05-15,sh000001,上证指数,3380.82,-0.6795
2025-05-16,sh000001,上证指数,3367.46,-0.3952
2025-05-19,sh000001,上证指数,3367.58,0.0036
2025-05-20,sh000001,上证指数,3380.48,0.3831
2025-05-21,sh000001,上证指数,3387.57,0.2097
2025-05-22,sh000001,上证指数,3380.19,-0.2179
2025-05-23,sh000001,上证指数,3348.37,-0.9414
2025-05-26,sh000001,上证指数,3346.84,-0.0457
2025-05-27,sh000001,上证指数,3340.69,-0.1838
2025-05-28,sh000001,上证指数,3339.93,-0.0227
2025-05-29,sh000001,上证指数,3363.45,0.7042
2025-05-30,sh000001,上证指数,3347.49,-0.4745
2025-06-03,sh000001,上证指数,3361.98,0.4329
2025-06-04,sh000001,上证指数,3376.2,0.423
2025-06-05,sh000001,上证指数,3384.1,0.234
2025-06-06,sh000001,上证指数,3385.36,0.0372
2025-06-09,sh000001,上证指数,3399.77,0.4257
2025-06-10,sh000001,上证指数,3384.82,-0.4397
2025-06-11,sh000001,上证指数,3402.32,0.517
2025-06-12,sh000001,上证指数,3402.66,0.01
2025-06-13,sh000001,上证指数,3377.0,-0.7541
2025-06-16,sh000001,上证指数,3388.73,0.3473
2025-06-17,sh000001,上证指数,3387.4,-0.0392
2025-06-18,sh000001,上证指数,3388.81,0.0416
2025-06-19,sh000001,上证指数,3362.11,-0.7879
2025-06-20,sh000001,上证指数,3359.9,-0.0657
2025-06-23,sh000001,上证指数,3381.58,0.6453
2025-06-24,sh000001,上证指数,3420.57,1.153
2025-06-25,sh000001,上证指数,3455.97,1.0349
2025-06-26,sh000001,上证指数,3448.45,-0.2176
2025-06-27,sh000001,上证指数,3424.23,-0.7023
2025-06-30,sh000001,上证指数,3444.43,0.5899
2025-07-01,sh000001,上证指数,3457.75,0.3867
2025-07-02,sh000001,上证指数,3454.79,-0.0856
2025-07-03,sh000001,上证指数,3461.15,0.1841
2025-07-04,sh000001,上证指数,3472.32,0.3227
2025-07-07,sh000001,上证指数,3473.13,0.0233
2025-07-08,sh000001,上证指数,3497.48,0.7011
2025-07-09,sh000001,上证指数,3493.05,-0.1267
2025-07-10,sh000001,上证指数,3509.68,0.4761
2025-07-11,sh000001,上证指数,3510.18,0.0142
2025-07-14,sh000001,上证指数,3519.65,0.2698
2025-07-15,sh000001,上证指数,3505.0,-0.4162
2025-07-16,sh000001,上证指数,3503.78,-0.0348
2025-07-17,sh000001,上证指数,3516.83,0.3725
2025-07-18,sh000001,上证指数,3534.48,0.5019
2025-07-21,sh000001,上证指数,3559.79,0.7161
2025-07-22,sh000001,上证指数,3581.86,0.62
2025-07-23,sh000001,上证指数,3582.3,0.0123
2025-07-24,sh000001,上证指数,3605.73,0.654
2025-07-25,sh000001,上证指数,3593.66,-0.3347
2025-07-28,sh000001,上证指数,3597.94,0.1191
2025-07-29,sh000001,上证指数,3609.71,0.3271
2025-07-30,sh000001,上证指数,3615.72,0.1665
2025-07-31,sh000001,上证指数,3573.21,-1.1757
2025-08-01,sh000001,上证指数,3559.95,-0.3711
2025-08-04,sh000001,上证指数,3583.31,0.6562
2025-08-05,sh000001,上证指数,3617.6,0.9569
2025-08-06,sh000001,上证指数,3633.99,0.4531
2025-08-07,sh000001,上证指数,3639.67,0.1563
2025-08-08,sh000001,上证指数,3635.13,-0.1247
2025-08-11,sh000001,上证指数,3647.55,0.3417
2025-08-12,sh000001,上证指数,3665.92,0.5036
2025-08-13,sh000001,上证指数,3683.46,0.4785
2025-08-14,sh000001,上证指数,3666.44,-0.4621
2025-08-15,sh000001,上证指数,3696.77,0.8272
2025-08-18,sh000001,上证指数,3728.03,0.8456
2025-08-19,sh000001,上证指数,3727.29,-0.0198
2025-08-20,sh000001,上证指数,3766.21,1.0442
2025-08-21,sh000001,上证指数,3771.1,0.1298
2025-08-22,sh000001,上证指数,3825.76,1.4494
2025-08-25,sh000001,上证指数,3883.56,1.5108
2025-08-26,sh000001,上证指数,3868.38,-0.3909
2025-08-27,sh000001,上证指数,3800.35,-1.7586
2025-08-28,sh000001,上证指数,3843.6,1.1381
2025-08-29,sh000001,上证指数,3857.93,0.3728
2025-09-01,sh000001,上证指数,3875.53,0.4562
2025-09-02,sh000001,上证指数,3858.13,-0.449
2025-09-03,sh000001,上证指数,3813.56,-1.1552
2025-09-04,sh000001,上证指数,3765.88,-1.2503
2025-09-05,sh000001,上证指数,3812.51,1.2382
2025-09-08,sh000001,上证指数,3826.84,0.3759
2025-09-09,sh000001,上证指数,3807.29,-0.5109
2025-09-10,sh000001,上证指数,3812.22,0.1295
2025-09-11,sh000001,上证指数,3875.31,1.6549
2025-09-12,sh000001,上证指数,3870.6,-0.1215
2025-09-15,sh000001,上证指数,3860.5,-0.2609
2025-09-16,sh000001,上证指数,3861.87,0.0355
2025-09-17,sh000001,上证指数,3876.34,0.3747
2025-09-18,sh000001,上证指数,3831.66,-1.1526
2025-09-19,sh000001,上证指数,3820.09,-0.302
2025-09-22,sh000001,上证指数,3828.58,0.2222
2025-09-23,sh000001,上证指数,3821.83,-0.1763
2025-09-24,sh000001,上证指数,3853.64,0.8323
2025-09-25,sh000001,上证指数,3853.3,-0.0088
2025-09-26,sh000001,上证指数,3828.11,-0.6537
2025-09-29,sh000001,上证指数,3862.53,0.8991
2025-09-30,sh000001,上证指数,3882.78,0.5243
2025-10-09,sh000001,上证指数,3933.97,1.3184
2025-10-10,sh000001,上证指数,3897.03,-0.939
2025-10-13,sh000001,上证指数,3889.5,-0.1932
2025-10-14,sh000001,上证指数,3865.23,-0.624
2025-10-15,sh000001,上证指数,3912.21,1.2155
2025-10-16,sh000001,上证指数,3916.23,0.1028
2025-10-17,sh000001,上证指数,3839.76,-1.9526
2025-10-20,sh000001,上证指数,3863.89,0.6284
2025-10-21,sh000001,上证指数,3916.33,1.3572
2025-10-22,sh000001,上证指数,3913.76,-0.0656
2025-10-23,sh000001,上证指数,3922.41,0.221
2025-10-24,sh000001,上证指数,3950.31,0.7113
2025-10-27,sh000001,上证指数,3996.94,1.1804
2025-10-28,sh000001,上证指数,3988.22,-0.2182
2025-10-29,sh000001,上证指数,4016.33,0.7048
2025-10-30,sh000001,上证指数,3986.9,-0.7328
2025-10-31,sh000001,上证指数,3954.79,-0.8054
2025-11-03,sh000001,上证指数,3976.52,0.5495
2025-11-04,sh000001,上证指数,3960.19,-0.4107
2025-11-05,sh000001,上证指数,3969.25,0.2288
2025-11-06,sh000001,上证指数,4007.76,0.9702
2025-11-07,sh000001,上证指数,3997.56,-0.2545
2025-11-10,sh000001,上证指数,4018.6,0.5263
2025-11-11,sh000001,上证指数,4002.76,-0.3942
2025-11-12,sh000001,上证指数,4000.14,-0.0655
2025-11-13,sh000001,上证指数,4029.5,0.734
2025-11-14,sh000001,上证指数,3990.49,-0.9681
2025-11-17,sh000001,上证指数,3972.03,-0.4626
2025-11-18,sh000001,上证指数,3939.81,-0.8112
2025-11-19,sh000001,上证指数,3946.74,0.1759
2025-11-20,sh000001,上证指数,3931.05,-0.3975
2025-11-21,sh000001,上证指数,3834.89,-2.4462
2025-11-24,sh000001,上证指数,3836.77,0.049
2025-11-25,sh000001,上证指数,3870.02,0.8666
2025-11-26,sh000001,上证指数,3864.18,-0.1509
2025-11-27,sh000001,上证指数,3875.26,0.2867
2025-11-28,sh000001,上证指数,3888.6,0.3442
2025-12-01,sh000001,上证指数,3914.01,0.6534
2025-12-02,sh000001,上证指数,3897.71,-0.4165
2025-12-03,sh000001,上证指数,3878.0,-0.5057
2025-12-04,sh000001,上证指数,3875.79,-0.057
2025-12-05,sh000001,上证指数,3902.81,0.6971
2025-12-08,sh000001,上证指数,3924.08,0.545
2025-12-09,sh000001,上证指数,3909.52,-0.371
2025-12-10,sh000001,上证指数,3900.5,-0.2307
2025-12-11,sh000001,上证指数,3873.32,-0.6968
2025-12-12,sh000001,上证指数,3889.35,0.4139
2025-12-15,sh000001,上证指数,3867.92,-0.551
2025-12-16,sh000001,上证指数,3824.81,-1.1146
2025-12-17,sh000001,上证指数,3870.28,1.1888
2025-12-18,sh000001,上证指数,3876.37,0.1574
2025-12-19,sh000001,上证指数,3890.45,0.3632
2025-12-22,sh000001,上证指数,3917.36,0.6917
2025-12-23,sh000001,上证指数,3919.98,0.0669
2025-12-24,sh000001,上证指数,3940.95,0.535
2025-12-25,sh000001,上证指数,3959.62,0.4737
2025-12-26,sh000001,上证指数,3963.68,0.1025
2025-12-29,sh000001,上证指数,3965.28,0.0404
2025-12-30,sh000001,上证指数,3965.12,-0.004
2025-12-31,sh000001,上证指数,3968.84,0.0938
2026-01-05,sh000001,上证指数,4023.42,1.3752
2026-01-06,sh000001,上证指数,4083.67,1.4975
2026-01-07,sh000001,上证指数,4085.77,0.0514
2026-01-08,sh000001,上证指数,4082.98,-0.0683
2026-01-09,sh000001,上证指数,4120.43,0.9172
2026-01-12,sh000001,上证指数,4165.29,1.0887
2026-01-13,sh000001,上证指数,4138.76,-0.6369
2026-01-14,sh000001,上证指数,4126.09,-0.3061
2026-01-15,sh000001,上证指数,4112.6,-0.3269
2026-01-16,sh000001,上证指数,4101.91,-0.2599
2026-01-19,sh000001,上证指数,4114.0,0.2947
2026-01-20,sh000001,上证指数,4113.65,-0.0085
2026-01-21,sh000001,上证指数,4116.94,0.08
2026-01-22,sh000001,上证指数,4122.58,0.137
2026-01-23,sh000001,上证指数,4136.16,0.3294
2026-01-26,sh000001,上证指数,4132.61,-0.0858
2026-01-27,sh000001,上证指数,4139.9,0.1764
2026-01-28,sh000001,上证指数,4151.24,0.2739
2026-01-29,sh000001,上证指数,4157.98,0.1624
2026-01-30,sh000001,上证指数,4117.95,-0.9627
2026-02-02,sh000001,上证指数,4015.75,-2.4818
2026-02-03,sh000001,上证指数,4067.74,1.2947
2026-02-04,sh000001,上证指数,4102.2,0.8472
2026-02-05,sh000001,上证指数,4075.92,-0.6406
2026-02-06,sh000001,上证指数,4065.58,-0.2537
2026-02-09,sh000001,上证指数,4123.09,1.4146
2026-02-10,sh000001,上证指数,4128.37,0.1281
2026-02-11,sh000001,上证指数,4131.98,0.0874
2026-02-12,sh000001,上证指数,4134.02,0.0494
2026-02-13,sh000001,上证指数,4082.07,-1.2566
2026-02-24,sh000001,上证指数,4117.41,0.8657
2026-02-25,sh000001,上证指数,4147.23,0.7242
2026-02-26,sh000001,上证指数,4146.63,-0.0145
2026-02-27,sh000001,上证指数,4162.88,0.3919
2026-03-02,sh000001,上证指数,4182.59,0.4735
2026-03-03,sh000001,上证指数,4122.68,-1.4324
2026-03-04,sh000001,上证指数,4082.47,-0.9753
2026-03-05,sh000001,上证指数,4108.57,0.6393
2026-03-06,sh000001,上证指数,4124.19,0.3802
2026-03-09,sh000001,上证指数,4096.6,-0.669
2026-03-10,sh000001,上证指数,4123.14,0.6479
2026-03-11,sh000001,上证指数,4133.43,0.2496
2026-03-12,sh000001,上证指数,4129.1,-0.1048
2026-03-13,sh000001,上证指数,4095.45,-0.8149
2026-03-16,sh000001,上证指数,4084.79,-0.2603
2026-03-17,sh000001,上证指数,4049.91,-0.8539
2026-03-18,sh000001,上证指数,4062.98,0.3227
2026-03-19,sh000001,上证指数,4006.55,-1.3889
2026-03-20,sh000001,上证指数,3957.05,-1.2355
2026-03-23,sh000001,上证指数,3813.28,-3.6333
2026-03-24,sh000001,上证指数,3881.28,1.7832
2026-03-25,sh000001,上证指数,3931.84,1.3027
2026-03-26,sh000001,上证指数,3889.08,-1.0875
2026-03-27,sh000001,上证指数,3913.72,0.6336
2026-03-30,sh000001,上证指数,3923.29,0.2445
2026-03-31,sh000001,上证指数,3891.86,-0.8011
2026-04-01,sh000001,上证指数,3948.55,1.4566
2026-04-02,sh000001,上证指数,3919.29,-0.741
2026-04-03,sh000001,上证指数,3880.1,-0.9999
2026-04-07,sh000001,上证指数,3890.16,0.2593
2026-04-08,sh000001,上证指数,3995.0,2.695
2026-04-09,sh000001,上证指数,3966.17,-0.7217
2026-04-10,sh000001,上证指数,3986.22,0.5055
2026-04-13,sh000001,上证指数,3988.56,0.0587
2026-04-14,sh000001,上证指数,4026.63,0.9545
2026-04-15,sh000001,上证指数,4027.21,0.0144
2026-04-16,sh000001,上证指数,4055.55,0.7037
2026-04-17,sh000001,上证指数,4051.43,-0.1016
2026-04-20,sh000001,上证指数,4082.13,0.7578
2026-04-21,sh000001,上证指数,4085.08,0.0723
2026-04-22,sh000001,上证指数,4106.26,0.5185
2026-04-23,sh000001,上证指数,4093.25,-0.3168
2026-04-24,sh000001,上证指数,4079.9,-0.3261
2026-04-27,sh000001,上证指数,4086.34,0.1578
2026-04-28,sh000001,上证指数,4078.64,-0.1884
2026-04-29,sh000001,上证指数,4107.51,0.7078
2026-04-30,sh000001,上证指数,4112.16,0.1132
2026-05-06,sh000001,上证指数,4160.17,1.1675
2026-05-07,sh000001,上证指数,4180.09,0.4788
2026-05-08,sh000001,上证指数,4179.95,-0.0033
2026-05-11,sh000001,上证指数,4225.02,1.0782
2026-05-12,sh000001,上证指数,4214.49,-0.2492
2026-05-13,sh000001,上证指数,4242.57,0.6663
2026-05-14,sh000001,上证指数,4177.92,-1.5238
2026-05-15,sh000001,上证指数,4135.39,-1.018
2026-05-18,sh000001,上证指数,4131.53,-0.0933
2026-05-19,sh000001,上证指数,4169.54,0.92
2026-05-20,sh000001,上证指数,4162.18,-0.1765
2026-05-21,sh000001,上证指数,4077.28,-2.0398
2026-05-22,sh000001,上证指数,4112.9,0.8736
2026-05-25,sh000001,上证指数,4152.57,0.9645
2026-05-26,sh000001,上证指数,4145.37,-0.1734
2026-05-27,sh000001,上证指数,4093.73,-1.2457
2026-05-28,sh000001,上证指数,4098.64,0.1199
2026-05-29,sh000001,上证指数,4068.57,-0.7337
2026-06-01,sh000001,上证指数,4057.74,-0.2662
2026-06-02,sh000001,上证指数,4075.1,0.4278
2026-06-03,sh000001,上证指数,4083.97,0.2177
2026-06-04,sh000001,上证指数,4057.78,-0.6413
2026-06-05,sh000001,上证指数,4027.74,-0.7403
2026-06-08,sh000001,上证指数,3959.34,-1.6982
2026-06-09,sh000001,上证指数,4010.03,1.2803
2026-06-10,sh000001,上证指数,3993.23,-0.4189
2026-06-11,sh000001,上证指数,3987.01,-0.1558
2026-06-12,sh000001,上证指数,4031.51,1.1161
2026-06-15,sh000001,上证指数,4096.47,1.6113
2026-06-16,sh000001,上证指数,4091.89,-0.1118
2026-06-17,sh000001,上证指数,4108.08,0.3957
2026-06-18,sh000001,上证指数,4090.48,-0.4284
2026-06-22,sh000001,上证指数,4163.1,1.7753
2026-06-23,sh000001,上证指数,4106.25,-1.3656
2026-06-24,sh000001,上证指数,4110.81,0.1111
2026-06-25,sh000001,上证指数,4120.28,0.2304
2026-06-26,sh000001,上证指数,4027.26,-2.2576
2026-06-29,sh000001,上证指数,4073.9,1.1581
2026-06-30,sh000001,上证指数,4094.4,0.5032
2026-07-01,sh000001,上证指数,4112.45,0.4408
2026-07-02,sh000001,上证指数,4028.9,-2.0316
2026-07-03,sh000001,上证指数,4043.64,0.3659
2026-07-06,sh000001,上证指数,4041.24,-0.0594
2026-07-07,sh000001,上证指数,3990.24,-1.262
2026-07-08,sh000001,上证指数,3970.88,-0.4852
2026-07-09,sh000001,上证指数,4036.59,1.6548
2026-07-10,sh000001,上证指数,3996.16,-1.0016
2026-07-13,sh000001,上证指数,3913.79,-2.0612
2026-07-14,sh000001,上证指数,3967.13,1.3629
2026-07-15,sh000001,上证指数,3955.58,-0.2911
2026-07-16,sh000001,上证指数,3882.41,-1.8498
2026-07-17,sh000001,上证指数,3764.15,-3.046
2026-07-20,sh000001,上证指数,3796.28,0.8536
2026-07-21,sh000001,上证指数,3864.37,1.7936
2026-07-22,sh000001,上证指数,3867.03,0.0688
2026-07-23,sh000001,上证指数,3876.78,0.2521
2026-07-24,sh000001,上证指数,3814.2,-1.6142
2026-07-27,sh000001,上证指数,3858.25,1.1549
2026-07-28,sh000001,上证指数,3813.31,-1.1648
2026-07-29,sh000001,上证指数,3828.47,0.3976
2026-07-30,sh000001,上证指数,3804.69,-0.6211
2026-07-31,sh000001,上证指数,3832.26,0.7246
2026-08-03,sh000001,上证指数,3809.66,-0.5897
2026-08-04,sh000001,上证指数,3822.28,0.3313
2026-08-05,sh000001,上证指数,3878.43,1.469
2026-08-06,sh000001,上证指数,3900.35,0.5652
2026-08-07,sh000001,上证指数,3940.04,1.0176
2026-08-10,sh000001,上证指数,3966.59,0.6739
2026-08-11,sh000001,上证指数,3934.09,-0.8193
2026-08-12,sh000001,上证指数,3946.68,0.32
2026-08-13,sh000001,上证指数,3926.96,-0.4997
2026-08-14,sh000001,上证指数,3927.18,0.0056
2026-08-17,sh000001,上证指数,3982.65,1.4125
2026-08-18,sh000001,上证指数,3990.3,0.1921
2026-08-19,sh000001,上证指数,3894.42,-2.4028
2016-01-04,sh000300,沪深300,3469.07,
2016-01-05,sh000300,沪深300,3478.78,0.2799
2016-01-06,sh000300,沪深300,3539.81,1.7544
2016-01-07,sh000300,沪深300,3294.38,-6.9334
2016-01-08,sh000300,沪深300,3361.56,2.0392
2016-01-11,sh000300,沪深300,3192.45,-5.0307
2016-01-12,sh000300,沪深300,3215.71,0.7286
2016-01-13,sh000300,沪深300,3155.88,-1.8606
2016-01-14,sh000300,沪深300,3221.57,2.0815
2016-01-15,sh000300,沪深300,3118.73,-3.1922
2016-01-18,sh000300,沪深300,3130.73,0.3848
2016-01-19,sh000300,沪深300,3223.13,2.9514
2016-01-20,sh000300,沪深300,3174.38,-1.5125
2016-01-21,sh000300,沪深300,3081.35,-2.9307
2016-01-22,sh000300,沪深300,3113.46,1.0421
2016-01-25,sh000300,沪深300,3128.89,0.4956
2016-01-26,sh000300,沪深300,2940.51,-6.0207
2016-01-27,sh000300,沪深300,2930.35,-0.3455
2016-01-28,sh000300,沪深300,2853.76,-2.6137
2016-01-29,sh000300,沪深300,2946.09,3.2354
2016-02-01,sh000300,沪深300,2901.05,-1.5288
2016-02-02,sh000300,沪深300,2961.33,2.0779
2016-02-03,sh000300,沪深300,2948.64,-0.4285
2016-02-04,sh000300,沪深300,2984.76,1.225
2016-02-05,sh000300,沪深300,2963.79,-0.7026
2016-02-15,sh000300,沪深300,2946.71,-0.5763
2016-02-16,sh000300,沪深300,3037.04,3.0655
2016-02-17,sh000300,沪深300,3063.32,0.8653
2016-02-18,sh000300,沪深300,3053.7,-0.314
2016-02-19,sh000300,沪深300,3051.59,-0.0691
2016-02-22,sh000300,沪深300,3118.87,2.2048
2016-02-23,sh000300,沪深300,3089.36,-0.9462
2016-02-24,sh000300,沪深300,3109.55,0.6535
2016-02-25,sh000300,沪深300,2918.75,-6.1359
2016-02-26,sh000300,沪深300,2948.03,1.0032
2016-02-29,sh000300,沪深300,2877.47,-2.3935
2016-03-01,sh000300,沪深300,2930.69,1.8495
2016-03-02,sh000300,沪深300,3051.33,4.1164
2016-03-03,sh000300,沪深300,3058.42,0.2324
2016-03-04,sh000300,沪深300,3093.89,1.1597
2016-03-07,sh000300,沪深300,3104.84,0.3539
2016-03-08,sh000300,沪深300,3107.67,0.0911
2016-03-09,sh000300,沪深300,3071.91,-1.1507
2016-03-10,sh000300,沪深300,3013.15,-1.9128
2016-03-11,sh000300,沪深300,3018.28,0.1703
2016-03-14,sh000300,沪深300,3065.69,1.5708
2016-03-15,sh000300,沪深300,3074.78,0.2965
2016-03-16,sh000300,沪深300,3090.03,0.496
2016-03-17,sh000300,沪深300,3124.2,1.1058
2016-03-18,sh000300,沪深300,3171.96,1.5287
2016-03-21,sh000300,沪深300,3249.44,2.4427
2016-03-22,sh000300,沪深300,3225.79,-0.7278
2016-03-23,sh000300,沪深300,3236.09,0.3193
2016-03-24,sh000300,沪深300,3181.85,-1.6761
2016-03-25,sh000300,沪深300,3197.82,0.5019
2016-03-28,sh000300,沪深300,3169.73,-0.8784
2016-03-29,sh000300,沪深300,3135.41,-1.0827
2016-03-30,sh000300,沪深300,3216.28,2.5792
2016-03-31,sh000300,沪深300,3218.09,0.0563
2016-04-01,sh000300,沪深300,3221.89,0.1181
2016-04-05,sh000300,沪深300,3264.49,1.3222
2016-04-06,sh000300,沪深300,3257.53,-0.2132
2016-04-07,sh000300,沪深300,3209.29,-1.4809
2016-04-08,sh000300,沪深300,3185.73,-0.7341
2016-04-11,sh000300,沪深300,3230.1,1.3928
2016-04-12,sh000300,沪深300,3218.45,-0.3607
2016-04-13,sh000300,沪深300,3261.38,1.3339
2016-04-14,sh000300,沪深300,3275.83,0.4431
2016-04-15,sh000300,沪深300,3272.21,-0.1105
2016-04-18,sh000300,沪深300,3228.45,-1.3373
2016-04-19,sh000300,沪深300,3238.3,0.3051
2016-04-20,sh000300,沪深300,3181.03,-1.7685
2016-04-21,sh000300,沪深300,3160.6,-0.6422
2016-04-22,sh000300,沪深300,3174.9,0.4524
2016-04-25,sh000300,沪深300,3162.03,-0.4054
2016-04-26,sh000300,沪深300,3179.16,0.5417
2016-04-27,sh000300,沪深300,3165.92,-0.4165
2016-04-28,sh000300,沪深300,3160.58,-0.1687
2016-04-29,sh000300,沪深300,3156.75,-0.1212
2016-05-03,sh000300,沪深300,3213.54,1.799
2016-05-04,sh000300,沪深300,3209.46,-0.127
2016-05-05,sh000300,沪深300,3213.92,0.139
2016-05-06,sh000300,沪深300,3130.35,-2.6003
2016-05-09,sh000300,沪深300,3065.62,-2.0678
2016-05-10,sh000300,沪深300,3069.11,0.1138
2016-05-11,sh000300,沪深300,3082.81,0.4464
2016-05-12,sh000300,沪深300,3090.14,0.2378
2016-05-13,sh000300,沪深300,3074.94,-0.4919
2016-05-16,sh000300,沪深300,3095.31,0.6625
2016-05-17,sh000300,沪深300,3086.02,-0.3001
2016-05-18,sh000300,沪深300,3068.04,-0.5826
2016-05-19,sh000300,沪深300,3062.5,-0.1806
2016-05-20,sh000300,沪深300,3078.22,0.5133
2016-05-23,sh000300,沪深300,3087.22,0.2924
2016-05-24,sh000300,沪深300,3063.56,-0.7664
2016-05-25,sh000300,沪深300,3059.23,-0.1413
2016-05-26,sh000300,沪深300,3064.21,0.1628
2016-05-27,sh000300,沪深300,3062.5,-0.0558
2016-05-30,sh000300,沪深300,3066.71,0.1375
2016-05-31,sh000300,沪深300,3169.56,3.3538
2016-06-01,sh000300,沪深300,3160.55,-0.2843
2016-06-02,sh000300,沪深300,3167.1,0.2072
2016-06-03,sh000300,沪深300,3189.33,0.7019
2016-06-06,sh000300,沪深300,3178.79,-0.3305
2016-06-07,sh000300,沪深300,3177.05,-0.0547
2016-06-08,sh000300,沪深300,3163.99,-0.4111
2016-06-13,sh000300,沪深300,3066.34,-3.0863
2016-06-14,sh000300,沪深300,3075.98,0.3144
2016-06-15,sh000300,沪深300,3116.37,1.3131
2016-06-16,sh000300,沪深300,3094.67,-0.6963
2016-06-17,sh000300,沪深300,3110.36,0.507
2016-06-20,sh000300,沪深300,3112.67,0.0743
2016-06-21,sh000300,沪深300,3106.32,-0.204
2016-06-22,sh000300,沪深300,3133.96,0.8898
2016-06-23,sh000300,沪深300,3117.32,-0.531
2016-06-24,sh000300,沪深300,3077.16,-1.2883
2016-06-27,sh000300,沪深300,3120.54,1.4097
2016-06-28,sh000300,沪深300,3136.4,0.5082
2016-06-29,sh000300,沪深300,3151.39,0.4779
2016-06-30,sh000300,沪深300,3153.92,0.0803
2016-07-01,sh000300,沪深300,3154.2,0.0089
2016-07-04,sh000300,沪深300,3204.7,1.601
2016-07-05,sh000300,沪深300,3207.38,0.0836
2016-07-06,sh000300,沪深300,3216.8,0.2937
2016-07-07,sh000300,沪深300,3209.95,-0.2129
2016-07-08,sh000300,沪深300,3192.28,-0.5505
2016-07-11,sh000300,沪深300,3203.33,0.3461
2016-07-12,sh000300,沪深300,3273.18,2.1805
2016-07-13,sh000300,沪深300,3282.87,0.296
2016-07-14,sh000300,沪深300,3276.76,-0.1861
2016-07-15,sh000300,沪深300,3276.28,-0.0146
2016-07-18,sh000300,沪深300,3262.02,-0.4352
2016-07-19,sh000300,沪深300,3248.23,-0.4227
2016-07-20,sh000300,沪深300,3237.61,-0.3269
2016-07-21,sh000300,沪深300,3252.52,0.4605
2016-07-22,sh000300,沪深300,3225.16,-0.8412
2016-07-25,sh000300,沪深300,3230.89,0.1777
2016-07-26,sh000300,沪深300,3269.59,1.1978
2016-07-27,sh000300,沪深300,3218.24,-1.5705
2016-07-28,sh000300,沪深300,3221.14,0.0901
2016-07-29,sh000300,沪深300,3203.93,-0.5343
2016-08-01,sh000300,沪深300,3176.81,-0.8465
2016-08-02,sh000300,沪深300,3189.05,0.3853
2016-08-03,sh000300,沪深300,3193.51,0.1399
2016-08-04,sh000300,沪深300,3201.29,0.2436
2016-08-05,sh000300,沪深300,3205.11,0.1193
2016-08-08,sh000300,沪深300,3234.18,0.907
2016-08-09,sh000300,沪深300,3256.98,0.705
2016-08-10,sh000300,沪深300,3243.34,-0.4188
2016-08-11,sh000300,沪深300,3233.36,-0.3077
2016-08-12,sh000300,沪深300,3294.23,1.8826
2016-08-15,sh000300,沪深300,3393.42,3.011
2016-08-16,sh000300,沪深300,3378.25,-0.447
2016-08-17,sh000300,沪深300,3373.05,-0.1539
2016-08-18,sh000300,沪深300,3364.49,-0.2538
2016-08-19,sh000300,沪深300,3365.02,0.0158
2016-08-22,sh000300,沪深300,3336.79,-0.8389
2016-08-23,sh000300,沪深300,3341.83,0.151
2016-08-24,sh000300,沪深300,3329.86,-0.3582
2016-08-25,sh000300,沪深300,3308.97,-0.6274
2016-08-26,sh000300,沪深300,3307.09,-0.0568
2016-08-29,sh000300,沪深300,3307.78,0.0209
2016-08-30,sh000300,沪深300,3311.99,0.1273
2016-08-31,sh000300,沪深300,3327.79,0.4771
2016-09-01,sh000300,沪深300,3301.58,-0.7876
2016-09-02,sh000300,沪深300,3314.11,0.3795
2016-09-05,sh000300,沪深300,3319.68,0.1681
2016-09-06,sh000300,沪深300,3342.63,0.6913
2016-09-07,sh000300,沪深300,3340.82,-0.0541
2016-09-08,sh000300,沪深300,3339.56,-0.0377
2016-09-09,sh000300,沪深300,3318.04,-0.6444
2016-09-12,sh000300,沪深300,3262.6,-1.6709
2016-09-13,sh000300,沪深300,3260.33,-0.0696
2016-09-14,sh000300,沪深300,3238.73,-0.6625
2016-09-19,sh000300,沪深300,3263.12,0.7531
2016-09-20,sh000300,沪深300,3257.4,-0.1753
2016-09-21,sh000300,沪深300,3266.64,0.2837
2016-09-22,sh000300,沪深300,3291.12,0.7494
2016-09-23,sh000300,沪深300,3275.67,-0.4694
2016-09-26,sh000300,沪深300,3220.28,-1.691
2016-09-27,sh000300,沪深300,3240.75,0.6357
2016-09-28,sh000300,沪深300,3230.89,-0.3043
2016-09-29,sh000300,沪深300,3244.39,0.4178
2016-09-30,sh000300,沪深300,3253.28,0.274
2016-10-10,sh000300,沪深300,3293.87,1.2477
2016-10-11,sh000300,沪深300,3306.56,0.3853
2016-10-12,sh000300,沪深300,3300.01,-0.1981
2016-10-13,sh000300,沪深300,3302.65,0.08
2016-10-14,sh000300,沪深300,3305.85,0.0969
2016-10-17,sh000300,沪深300,3277.88,-0.8461
2016-10-18,sh000300,沪深300,3321.33,1.3256
2016-10-19,sh000300,沪深300,3316.24,-0.1533
2016-10-20,sh000300,沪深300,3318.6,0.0712
2016-10-21,sh000300,沪深300,3327.74,0.2754
2016-10-24,sh000300,沪深300,3367.58,1.1972
2016-10-25,sh000300,沪深300,3367.45,-0.0039
2016-10-26,sh000300,沪深300,3354.8,-0.3757
2016-10-27,sh000300,沪深300,3345.7,-0.2713
2016-10-28,sh000300,沪深300,3340.13,-0.1665
2016-10-31,sh000300,沪深300,3336.28,-0.1153
2016-11-01,sh000300,沪深300,3359.05,0.6825
2016-11-02,sh000300,沪深300,3333.35,-0.7651
2016-11-03,sh000300,沪深300,3365.09,0.9522
2016-11-04,sh000300,沪深300,3354.17,-0.3245
2016-11-07,sh000300,沪深300,3356.59,0.0721
2016-11-08,sh000300,沪深300,3371.12,0.4329
2016-11-09,sh000300,沪深300,3353.05,-0.536
2016-11-10,sh000300,沪深300,3390.61,1.1202
2016-11-11,sh000300,沪深300,3417.22,0.7848
2016-11-14,sh000300,沪深300,3430.25,0.3813
2016-11-15,sh000300,沪深300,3429.87,-0.0111
2016-11-16,sh000300,沪深300,3429.59,-0.0082
2016-11-17,sh000300,沪深300,3436.53,0.2024
2016-11-18,sh000300,沪深300,3417.46,-0.5549
2016-11-21,sh000300,沪深300,3441.11,0.692
2016-11-22,sh000300,沪深300,3468.36,0.7919
2016-11-23,sh000300,沪深300,3474.73,0.1837
2016-11-24,sh000300,沪深300,3488.74,0.4032
2016-11-25,sh000300,沪深300,3521.3,0.9333
2016-11-28,sh000300,沪深300,3535.08,0.3913
2016-11-29,sh000300,沪深300,3564.04,0.8192
2016-11-30,sh000300,沪深300,3538.0,-0.7306
2016-12-01,sh000300,沪深300,3565.04,0.7643
2016-12-02,sh000300,沪深300,3528.95,-1.0123
2016-12-05,sh000300,沪深300,3469.41,-1.6872
2016-12-06,sh000300,沪深300,3459.15,-0.2957
2016-12-07,sh000300,沪深300,3475.75,0.4799
2016-12-08,sh000300,沪深300,3470.14,-0.1614
2016-12-09,sh000300,沪深300,3493.7,0.6789
2016-12-12,sh000300,沪深300,3409.18,-2.4192
2016-12-13,sh000300,沪深300,3405.04,-0.1214
2016-12-14,sh000300,沪深300,3378.95,-0.7662
2016-12-15,sh000300,沪深300,3340.43,-1.14
2016-12-16,sh000300,沪深300,3346.03,0.1676
2016-12-19,sh000300,沪深300,3328.98,-0.5096
2016-12-20,sh000300,沪深300,3309.06,-0.5984
2016-12-21,sh000300,沪深300,3338.54,0.8909
2016-12-22,sh000300,沪深300,3335.67,-0.086
2016-12-23,sh000300,沪深300,3307.6,-0.8415
2016-12-26,sh000300,沪深300,3322.4,0.4475
2016-12-27,sh000300,沪深300,3316.39,-0.1809
2016-12-28,sh000300,沪深300,3301.89,-0.4372
2016-12-29,sh000300,沪深300,3297.76,-0.1251
2016-12-30,sh000300,沪深300,3310.08,0.3736
2017-01-03,sh000300,沪深300,3342.23,0.9713
2017-01-04,sh000300,沪深300,3368.31,0.7803
2017-01-05,sh000300,沪深300,3367.79,-0.0154
2017-01-06,sh000300,沪深300,3347.67,-0.5974
2017-01-09,sh000300,沪深300,3363.9,0.4848
2017-01-10,sh000300,沪深300,3358.27,-0.1674
2017-01-11,sh000300,沪深300,3334.5,-0.7078
2017-01-12,sh000300,沪深300,3317.62,-0.5062
2017-01-13,sh000300,沪深300,3319.91,0.069
2017-01-16,sh000300,沪深300,3319.45,-0.0139
2017-01-17,sh000300,沪深300,3326.36,0.2082
2017-01-18,sh000300,沪深300,3339.37,0.3911
2017-01-19,sh000300,沪深300,3329.29,-0.3019
2017-01-20,sh000300,沪深300,3354.89,0.7689
2017-01-23,sh000300,沪深300,3364.08,0.2739
2017-01-24,sh000300,沪深300,3364.45,0.011
2017-01-25,sh000300,沪深300,3375.9,0.3403
2017-01-26,sh000300,沪深300,3387.96,0.3572
2017-02-03,sh000300,沪深300,3364.49,-0.6927
2017-02-06,sh000300,沪深300,3373.21,0.2592
2017-02-07,sh000300,沪深300,3365.68,-0.2232
2017-02-08,sh000300,沪深300,3383.29,0.5232
2017-02-09,sh000300,沪深300,3396.29,0.3842
2017-02-10,sh000300,沪深300,3413.49,0.5064
2017-02-13,sh000300,沪深300,3436.27,0.6674
2017-02-14,sh000300,沪深300,3435.8,-0.0137
2017-02-15,sh000300,沪深300,3421.71,-0.4101
2017-02-16,sh000300,沪深300,3440.93,0.5617
2017-02-17,sh000300,沪深300,3421.44,-0.5664
2017-02-20,sh000300,沪深300,3471.39,1.4599
2017-02-21,sh000300,沪深300,3482.82,0.3293
2017-02-22,sh000300,沪深300,3489.76,0.1993
2017-02-23,sh000300,沪深300,3473.32,-0.4711
2017-02-24,sh000300,沪深300,3473.85,0.0153
2017-02-27,sh000300,沪深300,3446.22,-0.7954
2017-02-28,sh000300,沪深300,3452.81,0.1912
2017-03-01,sh000300,沪深300,3458.44,0.1631
2017-03-02,sh000300,沪深300,3435.1,-0.6749
2017-03-03,sh000300,沪深300,3427.86,-0.2108
2017-03-06,sh000300,沪深300,3446.48,0.5432
2017-03-07,sh000300,沪深300,3453.96,0.217
2017-03-08,sh000300,沪深300,3448.73,-0.1514
2017-03-09,sh000300,沪深300,3426.94,-0.6318
2017-03-10,sh000300,沪深300,3427.89,0.0277
2017-03-13,sh000300,沪深300,3458.1,0.8813
2017-03-14,sh000300,沪深300,3456.69,-0.0408
2017-03-15,sh000300,沪深300,3463.64,0.2011
2017-03-16,sh000300,沪深300,3481.51,0.5159
2017-03-17,sh000300,沪深300,3445.81,-1.0254
2017-03-20,sh000300,沪深300,3449.61,0.1103
2017-03-21,sh000300,沪深300,3466.35,0.4853
2017-03-22,sh000300,沪深300,3450.05,-0.4702
2017-03-23,sh000300,沪深300,3461.98,0.3458
2017-03-24,sh000300,沪深300,3489.6,0.7978
2017-03-27,sh000300,沪深300,3478.04,-0.3313
2017-03-28,sh000300,沪深300,3469.81,-0.2366
2017-03-29,sh000300,沪深300,3465.19,-0.1331
2017-03-30,sh000300,沪深300,3436.76,-0.8204
2017-03-31,sh000300,沪深300,3456.05,0.5613
2017-04-05,sh000300,沪深300,3503.89,1.3842
2017-04-06,sh000300,沪深300,3514.05,0.29
2017-04-07,sh000300,沪深300,3517.46,0.097
2017-04-10,sh000300,沪深300,3505.14,-0.3503
2017-04-11,sh000300,沪深300,3517.33,0.3478
2017-04-12,sh000300,沪深300,3509.44,-0.2243
2017-04-13,sh000300,沪深300,3514.57,0.1462
2017-04-14,sh000300,沪深300,3486.5,-0.7987
2017-04-17,sh000300,沪深300,3479.94,-0.1882
2017-04-18,sh000300,沪深300,3462.74,-0.4943
2017-04-19,sh000300,沪深300,3445.88,-0.4869
2017-04-20,sh000300,沪深300,3461.55,0.4547
2017-04-21,sh000300,沪深300,3466.79,0.1514
2017-04-24,sh000300,沪深300,3431.26,-1.0249
2017-04-25,sh000300,沪深300,3440.97,0.283
2017-04-26,sh000300,沪深300,3445.18,0.1223
2017-04-27,sh000300,沪深300,3446.72,0.0447
2017-04-28,sh000300,沪深300,3439.75,-0.2022
2017-05-02,sh000300,沪深300,3426.58,-0.3829
2017-05-03,sh000300,沪深300,3413.13,-0.3925
2017-05-04,sh000300,沪深300,3404.39,-0.2561
2017-05-05,sh000300,沪深300,3382.55,-0.6415
2017-05-08,sh000300,沪深300,3358.81,-0.7018
2017-05-09,sh000300,沪深300,3352.53,-0.187
2017-05-10,sh000300,沪深300,3337.7,-0.4424
2017-05-11,sh000300,沪深300,3356.65,0.5678
2017-05-12,sh000300,沪深300,3385.38,0.8559
2017-05-15,sh000300,沪深300,3399.19,0.4079
2017-05-16,sh000300,沪深300,3428.65,0.8667
2017-05-17,sh000300,沪深300,3409.97,-0.5448
2017-05-18,sh000300,沪深300,3398.11,-0.3478
2017-05-19,sh000300,沪深300,3403.85,0.1689
2017-05-22,sh000300,沪深300,3411.24,0.2171
2017-05-23,sh000300,沪深300,3424.19,0.3796
2017-05-24,sh000300,沪深300,3424.17,-0.0006
2017-05-25,sh000300,沪深300,3485.66,1.7958
2017-05-26,sh000300,沪深300,3480.43,-0.15
2017-05-31,sh000300,沪深300,3492.88,0.3577
2017-06-01,sh000300,沪深300,3497.74,0.1391
2017-06-02,sh000300,沪深300,3486.51,-0.3211
2017-06-05,sh000300,沪深300,3468.75,-0.5094
2017-06-06,sh000300,沪深300,3492.88,0.6956
2017-06-07,sh000300,沪深300,3533.87,1.1735
2017-06-08,sh000300,沪深300,3560.98,0.7671
2017-06-09,sh000300,沪深300,3576.17,0.4266
2017-06-12,sh000300,沪深300,3574.39,-0.0498
2017-06-13,sh000300,沪深300,3582.27,0.2205
2017-06-14,sh000300,沪深300,3535.3,-1.3112
2017-06-15,sh000300,沪深300,3528.79,-0.1841
2017-06-16,sh000300,沪深300,3518.76,-0.2842
2017-06-19,sh000300,沪深300,3553.67,0.9921
2017-06-20,sh000300,沪深300,3546.49,-0.202
2017-06-21,sh000300,沪深300,3587.96,1.1693
2017-06-22,sh000300,沪深300,3590.34,0.0663
2017-06-23,sh000300,沪深300,3622.88,0.9063
2017-06-26,sh000300,沪深300,3668.09,1.2479
2017-06-27,sh000300,沪深300,3674.72,0.1807
2017-06-28,sh000300,沪深300,3646.17,-0.7769
2017-06-29,sh000300,沪深300,3668.83,0.6215
2017-06-30,sh000300,沪深300,3666.8,-0.0553
2017-07-03,sh000300,沪深300,3650.85,-0.435
2017-07-04,sh000300,沪深300,3619.98,-0.8456
2017-07-05,sh000300,沪深300,3659.68,1.0967
2017-07-06,sh000300,沪深300,3660.1,0.0115
2017-07-07,sh000300,沪深300,3655.93,-0.1139
2017-07-10,sh000300,沪深300,3653.69,-0.0613
2017-07-11,sh000300,沪深300,3670.81,0.4686
2017-07-12,sh000300,沪深300,3658.82,-0.3266
2017-07-13,sh000300,沪深300,3686.92,0.768
2017-07-14,sh000300,沪深300,3703.09,0.4386
2017-07-17,sh000300,沪深300,3663.56,-1.0675
2017-07-18,sh000300,沪深300,3667.18,0.0988
2017-07-19,sh000300,沪深300,3729.75,1.7062
2017-07-20,sh000300,沪深300,3747.88,0.4861
2017-07-21,sh000300,沪深300,3728.6,-0.5144
2017-07-24,sh000300,沪深300,3743.47,0.3988
2017-07-25,sh000300,沪深300,3719.56,-0.6387
2017-07-26,sh000300,沪深300,3705.39,-0.381
2017-07-27,sh000300,沪深300,3712.19,0.1835
2017-07-28,sh000300,沪深300,3721.89,0.2613
2017-07-31,sh000300,沪深300,3737.87,0.4294
2017-08-01,sh000300,沪深300,3770.38,0.8697
2017-08-02,sh000300,沪深300,3760.85,-0.2528
2017-08-03,sh000300,沪深300,3727.83,-0.878
2017-08-04,sh000300,沪深300,3707.58,-0.5432
2017-08-07,sh000300,沪深300,3726.79,0.5181
2017-08-08,sh000300,沪深300,3732.21,0.1454
2017-08-09,sh000300,沪深300,3731.04,-0.0313
2017-08-10,sh000300,沪深300,3715.92,-0.4052
2017-08-11,sh000300,沪深300,3647.35,-1.8453
2017-08-14,sh000300,沪深300,3694.68,1.2977
2017-08-15,sh000300,沪深300,3706.06,0.308
2017-08-16,sh000300,沪深300,3701.42,-0.1252
2017-08-17,sh000300,沪深300,3721.28,0.5366
2017-08-18,sh000300,沪深300,3724.67,0.0911
2017-08-21,sh000300,沪深300,3740.99,0.4382
2017-08-22,sh000300,沪深300,3752.3,0.3023
2017-08-23,sh000300,沪深300,3756.09,0.101
2017-08-24,sh000300,沪深300,3734.65,-0.5708
2017-08-25,sh000300,沪深300,3795.75,1.636
2017-08-28,sh000300,沪深300,3842.71,1.2372
2017-08-29,sh000300,沪深300,3834.54,-0.2126
2017-08-30,sh000300,沪深300,3834.3,-0.0063
2017-08-31,sh000300,沪深300,3822.09,-0.3184
2017-09-01,sh000300,沪深300,3830.54,0.2211
2017-09-04,sh000300,沪深300,3845.62,0.3937
2017-09-05,sh000300,沪深300,3857.05,0.2972
2017-09-06,sh000300,沪深300,3849.45,-0.197
2017-09-07,sh000300,沪深300,3829.87,-0.5086
2017-09-08,sh000300,沪深300,3825.99,-0.1013
2017-09-11,sh000300,沪深300,3825.65,-0.0089
2017-09-12,sh000300,沪深300,3837.93,0.321
2017-09-13,sh000300,沪深300,3842.61,0.1219
2017-09-14,sh000300,沪深300,3829.96,-0.3292
2017-09-15,sh000300,沪深300,3831.3,0.035
2017-09-18,sh000300,沪深300,3843.14,0.309
2017-09-19,sh000300,沪深300,3832.12,-0.2867
2017-09-20,sh000300,沪深300,3842.44,0.2693
2017-09-21,sh000300,沪深300,3837.82,-0.1202
2017-09-22,sh000300,沪深300,3837.73,-0.0023
2017-09-25,sh000300,沪深300,3817.79,-0.5196
2017-09-26,sh000300,沪深300,3820.78,0.0783
2017-09-27,sh000300,沪深300,3821.2,0.011
2017-09-28,sh000300,沪深300,3822.54,0.0351
2017-09-29,sh000300,沪深300,3836.5,0.3652
2017-10-09,sh000300,沪深300,3882.21,1.1915
2017-10-10,sh000300,沪深300,3889.86,0.1971
2017-10-11,sh000300,沪深300,3902.69,0.3298
2017-10-12,sh000300,沪深300,3912.95,0.2629
2017-10-13,sh000300,沪深300,3921.0,0.2057
2017-10-16,sh000300,沪深300,3913.45,-0.1926
2017-10-17,sh000300,沪深300,3913.07,-0.0097
2017-10-18,sh000300,沪深300,3944.16,0.7945
2017-10-19,sh000300,沪深300,3931.25,-0.3273
2017-10-20,sh000300,沪深300,3926.85,-0.1119
2017-10-23,sh000300,沪深300,3930.8,0.1006
2017-10-24,sh000300,沪深300,3959.4,0.7276
2017-10-25,sh000300,沪深300,3976.95,0.4432
2017-10-26,sh000300,沪深300,3993.58,0.4182
2017-10-27,sh000300,沪深300,4021.97,0.7109
2017-10-30,sh000300,沪深300,4009.72,-0.3046
2017-10-31,sh000300,沪深300,4006.72,-0.0748
2017-11-01,sh000300,沪深300,3996.62,-0.2521
2017-11-02,sh000300,沪深300,3997.13,0.0128
2017-11-03,sh000300,沪深300,3992.7,-0.1108
2017-11-06,sh000300,沪深300,4020.89,0.706
2017-11-07,sh000300,沪深300,4054.25,0.8297
2017-11-08,sh000300,沪深300,4048.01,-0.1539
2017-11-09,sh000300,沪深300,4075.9,0.689
2017-11-10,sh000300,沪深300,4111.91,0.8835
2017-11-13,sh000300,沪深300,4128.07,0.393
2017-11-14,sh000300,沪深300,4099.35,-0.6957
2017-11-15,sh000300,沪深300,4073.67,-0.6264
2017-11-16,sh000300,沪深300,4105.01,0.7693
2017-11-17,sh000300,沪深300,4120.85,0.3859
2017-11-20,sh000300,沪深300,4143.83,0.5577
2017-11-21,sh000300,沪深300,4217.7,1.7827
2017-11-22,sh000300,沪深300,4227.57,0.234
2017-11-23,sh000300,沪深300,4102.4,-2.9608
2017-11-24,sh000300,沪深300,4104.2,0.0439
2017-11-27,sh000300,沪深300,4049.95,-1.3218
2017-11-28,sh000300,沪深300,4055.82,0.1449
2017-11-29,sh000300,沪深300,4053.75,-0.051
2017-11-30,sh000300,沪深300,4006.1,-1.1755
2017-12-01,sh000300,沪深300,3998.14,-0.1987
2017-12-04,sh000300,沪深300,4018.86,0.5182
2017-12-05,sh000300,沪深300,4040.17,0.5302
2017-12-06,sh000300,沪深300,4015.82,-0.6027
2017-12-07,sh000300,沪深300,3971.06,-1.1146
2017-12-08,sh000300,沪深300,4003.38,0.8139
2017-12-11,sh000300,沪深300,4069.5,1.6516
2017-12-12,sh000300,沪深300,4016.02,-1.3142
2017-12-13,sh000300,沪深300,4050.09,0.8484
2017-12-14,sh000300,沪深300,4026.15,-0.5911
2017-12-15,sh000300,沪深300,3980.86,-1.1249
2017-12-18,sh000300,沪深300,3985.29,0.1113
2017-12-19,sh000300,沪深300,4035.33,1.2556
2017-12-20,sh000300,沪深300,4030.49,-0.1199
2017-12-21,sh000300,沪深300,4067.85,0.9269
2017-12-22,sh000300,沪深300,4054.6,-0.3257
2017-12-25,sh000300,沪深300,4041.54,-0.3221
2017-12-26,sh000300,沪深300,4053.62,0.2989
2017-12-27,sh000300,沪深300,3991.21,-1.5396
2017-12-28,sh000300,沪深300,4018.9,0.6938
2017-12-29,sh000300,沪深300,4030.86,0.2976
2018-01-02,sh000300,沪深300,4087.4,1.4027
2018-01-03,sh000300,沪深300,4111.39,0.5869
2018-01-04,sh000300,沪深300,4128.81,0.4237
2018-01-05,sh000300,沪深300,4138.75,0.2407
2018-01-08,sh000300,沪深300,4160.16,0.5173
2018-01-09,sh000300,沪深300,4189.3,0.7005
2018-01-10,sh000300,沪深300,4207.81,0.4418
2018-01-11,sh000300,沪深300,4205.59,-0.0528
2018-01-12,sh000300,沪深300,4225.0,0.4615
2018-01-15,sh000300,沪深300,4225.24,0.0057
2018-01-16,sh000300,沪深300,4258.47,0.7865
2018-01-17,sh000300,沪深300,4248.12,-0.243
2018-01-18,sh000300,沪深300,4271.42,0.5485
2018-01-19,sh000300,沪深300,4285.4,0.3273
2018-01-22,sh000300,沪深300,4336.6,1.1948
2018-01-23,sh000300,沪深300,4382.61,1.061
2018-01-24,sh000300,沪深300,4389.89,0.1661
2018-01-25,sh000300,沪深300,4365.08,-0.5652
2018-01-26,sh000300,沪深300,4381.3,0.3716
2018-01-29,sh000300,沪深300,4302.02,-1.8095
2018-01-30,sh000300,沪深300,4256.1,-1.0674
2018-01-31,sh000300,沪深300,4275.9,0.4652
2018-02-01,sh000300,沪深300,4245.9,-0.7016
2018-02-02,sh000300,沪深300,4271.23,0.5966
2018-02-05,sh000300,沪深300,4274.15,0.0684
2018-02-06,sh000300,沪深300,4148.89,-2.9306
2018-02-07,sh000300,沪深300,4050.5,-2.3715
2018-02-08,sh000300,沪深300,4012.05,-0.9493
2018-02-09,sh000300,沪深300,3840.65,-4.2721
2018-02-12,sh000300,沪深300,3890.1,1.2875
2018-02-13,sh000300,沪深300,3935.63,1.1704
2018-02-14,sh000300,沪深300,3966.96,0.7961
2018-02-22,sh000300,沪深300,4052.73,2.1621
2018-02-23,sh000300,沪深300,4071.09,0.453
2018-02-26,sh000300,沪深300,4118.42,1.1626
2018-02-27,sh000300,沪深300,4058.98,-1.4433
2018-02-28,sh000300,沪深300,4023.64,-0.8707
2018-03-01,sh000300,沪深300,4049.09,0.6325
2018-03-02,sh000300,沪深300,4016.46,-0.8059
2018-03-05,sh000300,沪深300,4018.1,0.0408
2018-03-06,sh000300,沪深300,4066.56,1.206
2018-03-07,sh000300,沪深300,4036.65,-0.7355
2018-03-08,sh000300,沪深300,4077.6,1.0145
2018-03-09,sh000300,沪深300,4108.87,0.7669
2018-03-12,sh000300,沪深300,4127.67,0.4575
2018-03-13,sh000300,沪深300,4091.25,-0.8823
2018-03-14,sh000300,沪深300,4073.34,-0.4378
2018-03-15,sh000300,沪深300,4096.16,0.5602
2018-03-16,sh000300,沪深300,4056.42,-0.9702
2018-03-19,sh000300,沪深300,4074.25,0.4396
2018-03-20,sh000300,沪深300,4077.7,0.0847
2018-03-21,sh000300,沪深300,4061.05,-0.4083
2018-03-22,sh000300,沪深300,4020.35,-1.0022
2018-03-23,sh000300,沪深300,3904.94,-2.8706
2018-03-26,sh000300,沪深300,3879.89,-0.6415
2018-03-27,sh000300,沪深300,3913.27,0.8603
2018-03-28,sh000300,沪深300,3842.72,-1.8028
2018-03-29,sh000300,沪深300,3894.05,1.3358
2018-03-30,sh000300,沪深300,3898.5,0.1143
2018-04-02,sh000300,沪深300,3886.92,-0.297
2018-04-03,sh000300,沪深300,3862.48,-0.6288
2018-04-04,sh000300,沪深300,3854.86,-0.1973
2018-04-09,sh000300,沪深300,3852.93,-0.0501
2018-04-10,sh000300,沪深300,3927.17,1.9268
2018-04-11,sh000300,沪深300,3938.34,0.2844
2018-04-12,sh000300,沪深300,3898.64,-1.008
2018-04-13,sh000300,沪深300,3871.14,-0.7054
2018-04-16,sh000300,沪深300,3808.86,-1.6088
2018-04-17,sh000300,沪深300,3748.64,-1.5811
2018-04-18,sh000300,沪深300,3766.28,0.4706
2018-04-19,sh000300,沪深300,3811.84,1.2097
2018-04-20,sh000300,沪深300,3760.85,-1.3377
2018-04-23,sh000300,沪深300,3766.33,0.1457
2018-04-24,sh000300,沪深300,3843.49,2.0487
2018-04-25,sh000300,沪深300,3828.7,-0.3848
2018-04-26,sh000300,沪深300,3755.49,-1.9121
2018-04-27,sh000300,沪深300,3756.88,0.037
2018-05-02,sh000300,沪深300,3763.65,0.1802
2018-05-03,sh000300,沪深300,3793.0,0.7798
2018-05-04,sh000300,沪深300,3774.6,-0.4851
2018-05-07,sh000300,沪深300,3834.19,1.5787
2018-05-08,sh000300,沪深300,3878.68,1.1603
2018-05-09,sh000300,沪深300,3871.62,-0.182
2018-05-10,sh000300,沪深300,3893.06,0.5538
2018-05-11,sh000300,沪深300,3872.84,-0.5194
2018-05-14,sh000300,沪深300,3909.29,0.9412
2018-05-15,sh000300,沪深300,3924.1,0.3788
2018-05-16,sh000300,沪深300,3892.84,-0.7966
2018-05-17,sh000300,沪深300,3864.05,-0.7396
2018-05-18,sh000300,沪深300,3903.06,1.0096
2018-05-21,sh000300,沪深300,3921.24,0.4658
2018-05-22,sh000300,沪深300,3906.21,-0.3833
2018-05-23,sh000300,沪深300,3854.58,-1.3217
2018-05-24,sh000300,沪深300,3827.22,-0.7098
2018-05-25,sh000300,沪深300,3816.5,-0.2801
2018-05-28,sh000300,沪深300,3833.26,0.4391
2018-05-29,sh000300,沪深300,3804.01,-0.7631
2018-05-30,sh000300,沪深300,3723.37,-2.1199
2018-05-31,sh000300,沪深300,3802.38,2.122
2018-06-01,sh000300,沪深300,3770.59,-0.8361
2018-06-04,sh000300,沪深300,3807.58,0.981
2018-06-05,sh000300,沪深300,3845.32,0.9912
2018-06-06,sh000300,沪深300,3837.35,-0.2073
2018-06-07,sh000300,沪深300,3831.01,-0.1652
2018-06-08,sh000300,沪深300,3779.62,-1.3414
2018-06-11,sh000300,沪深300,3779.98,0.0095
2018-06-12,sh000300,沪深300,3825.95,1.2161
2018-06-13,sh000300,沪深300,3788.34,-0.983
2018-06-14,sh000300,沪深300,3773.37,-0.3952
2018-06-15,sh000300,沪深300,3753.43,-0.5284
2018-06-19,sh000300,沪深300,3621.12,-3.525
2018-06-20,sh000300,沪深300,3635.44,0.3955
2018-06-21,sh000300,沪深300,3592.97,-1.1682
2018-06-22,sh000300,沪深300,3608.9,0.4434
2018-06-25,sh000300,沪深300,3560.48,-1.3417
2018-06-26,sh000300,沪深300,3531.11,-0.8249
2018-06-27,sh000300,沪深300,3459.26,-2.0348
2018-06-28,sh000300,沪深300,3423.53,-1.0329
2018-06-29,sh000300,沪深300,3510.98,2.5544
2018-07-02,sh000300,沪深300,3407.96,-2.9342
2018-07-03,sh000300,沪深300,3409.28,0.0387
2018-07-04,sh000300,沪深300,3363.75,-1.3355
2018-07-05,sh000300,沪深300,3342.44,-0.6335
2018-07-06,sh000300,沪深300,3365.12,0.6785
2018-07-09,sh000300,沪深300,3459.18,2.7951
2018-07-10,sh000300,沪深300,3467.52,0.2411
2018-07-11,sh000300,沪深300,3407.53,-1.7301
2018-07-12,sh000300,沪深300,3481.06,2.1579
2018-07-13,sh000300,沪深300,3492.69,0.3341
2018-07-16,sh000300,沪深300,3472.09,-0.5898
2018-07-17,sh000300,沪深300,3449.38,-0.6541
2018-07-18,sh000300,沪深300,3431.32,-0.5236
2018-07-19,sh000300,沪深300,3428.34,-0.0868
2018-07-20,sh000300,沪深300,3492.89,1.8828
2018-07-23,sh000300,沪深300,3525.75,0.9408
2018-07-24,sh000300,沪深300,3581.71,1.5872
2018-07-25,sh000300,沪深300,3577.75,-0.1106
2018-07-26,sh000300,沪深300,3536.25,-1.1599
2018-07-27,sh000300,沪深300,3521.23,-0.4247
2018-07-30,sh000300,沪深300,3515.08,-0.1747
2018-07-31,sh000300,沪深300,3517.66,0.0734
2018-08-01,sh000300,沪深300,3447.39,-1.9976
2018-08-02,sh000300,沪深300,3370.96,-2.217
2018-08-03,sh000300,沪深300,3315.28,-1.6518
2018-08-06,sh000300,沪深300,3273.27,-1.2672
2018-08-07,sh000300,沪深300,3368.87,2.9206
2018-08-08,sh000300,沪深300,3314.51,-1.6136
2018-08-09,sh000300,沪深300,3397.53,2.5047
2018-08-10,sh000300,沪深300,3405.02,0.2205
2018-08-13,sh000300,沪深300,3390.34,-0.4311
2018-08-14,sh000300,沪深300,3372.91,-0.5141
2018-08-15,sh000300,沪深300,3291.98,-2.3994
2018-08-16,sh000300,沪深300,3276.73,-0.4632
2018-08-17,sh000300,沪深300,3229.62,-1.4377
2018-08-20,sh000300,沪深300,3267.25,1.1652
2018-08-21,sh000300,沪深300,3326.65,1.818
2018-08-22,sh000300,沪深300,3307.95,-0.5621
2018-08-23,sh000300,沪深300,3320.03,0.3652
2018-08-24,sh000300,沪深300,3325.33,0.1596
2018-08-27,sh000300,沪深300,3406.57,2.4431
2018-08-28,sh000300,沪深300,3400.17,-0.1879
2018-08-29,sh000300,沪深300,3386.57,-0.4
2018-08-30,sh000300,沪深300,3351.09,-1.0477
2018-08-31,sh000300,沪深300,3334.5,-0.4951
2018-09-03,sh000300,沪深300,3321.82,-0.3803
2018-09-04,sh000300,沪深300,3363.9,1.2668
2018-09-05,sh000300,沪深300,3298.14,-1.9549
2018-09-06,sh000300,沪深300,3262.88,-1.0691
2018-09-07,sh000300,沪深300,3277.64,0.4524
2018-09-10,sh000300,沪深300,3230.07,-1.4513
2018-09-11,sh000300,沪深300,3224.21,-0.1814
2018-09-12,sh000300,沪深300,3202.02,-0.6882
2018-09-13,sh000300,沪深300,3236.57,1.079
2018-09-14,sh000300,沪深300,3242.09,0.1706
2018-09-17,sh000300,沪深300,3204.92,-1.1465
2018-09-18,sh000300,沪深300,3269.43,2.0128
2018-09-19,sh000300,沪深300,3312.48,1.3167
2018-09-20,sh000300,沪深300,3310.13,-0.0709
2018-09-21,sh000300,沪深300,3410.49,3.0319
2018-09-25,sh000300,沪深300,3379.8,-0.8999
2018-09-26,sh000300,沪深300,3417.24,1.1078
2018-09-27,sh000300,沪深300,3403.59,-0.3994
2018-09-28,sh000300,沪深300,3438.87,1.0366
2018-10-08,sh000300,沪深300,3290.9,-4.3029
2018-10-09,sh000300,沪深300,3288.69,-0.0672
2018-10-10,sh000300,沪深300,3281.6,-0.2156
2018-10-11,sh000300,沪深300,3124.11,-4.7992
2018-10-12,sh000300,沪深300,3170.73,1.4923
2018-10-15,sh000300,沪深300,3126.45,-1.3965
2018-10-16,sh000300,沪深300,3100.97,-0.815
2018-10-17,sh000300,沪深300,3118.25,0.5572
2018-10-18,sh000300,沪深300,3044.39,-2.3686
2018-10-19,sh000300,沪深300,3134.95,2.9747
2018-10-22,sh000300,沪深300,3270.27,4.3165
2018-10-23,sh000300,沪深300,3183.43,-2.6554
2018-10-24,sh000300,沪深300,3188.2,0.1498
2018-10-25,sh000300,沪深300,3194.31,0.1916
2018-10-26,sh000300,沪深300,3173.64,-0.6471
2018-10-29,sh000300,沪深300,3076.89,-3.0485
2018-10-30,sh000300,沪深300,3110.26,1.0845
2018-10-31,sh000300,沪深300,3153.82,1.4005
2018-11-01,sh000300,沪深300,3177.03,0.7359
2018-11-02,sh000300,沪深300,3290.25,3.5637
2018-11-05,sh000300,沪深300,3262.84,-0.8331
2018-11-06,sh000300,沪深300,3243.15,-0.6035
2018-11-07,sh000300,沪深300,3221.91,-0.6549
2018-11-08,sh000300,沪深300,3212.77,-0.2837
2018-11-09,sh000300,沪深300,3167.44,-1.4109
2018-11-12,sh000300,沪深300,3205.14,1.1902
2018-11-13,sh000300,沪深300,3237.38,1.0059
2018-11-14,sh000300,沪深300,3204.94,-1.002
2018-11-15,sh000300,沪深300,3242.37,1.1679
2018-11-16,sh000300,沪深300,3257.67,0.4719
2018-11-19,sh000300,沪深300,3294.6,1.1336
2018-11-20,sh000300,沪深300,3218.41,-2.3126
2018-11-21,sh000300,沪深300,3226.49,0.2511
2018-11-22,sh000300,沪深300,3214.43,-0.3738
2018-11-23,sh000300,沪深300,3143.48,-2.2072
2018-11-26,sh000300,沪深300,3141.24,-0.0713
2018-11-27,sh000300,沪深300,3137.24,-0.1273
2018-11-28,sh000300,沪深300,3178.93,1.3289
2018-11-29,sh000300,沪深300,3137.65,-1.2986
2018-11-30,sh000300,沪深300,3172.69,1.1168
2018-12-03,sh000300,沪深300,3260.95,2.7819
2018-12-04,sh000300,沪深300,3267.71,0.2073
2018-12-05,sh000300,沪深300,3252.0,-0.4808
2018-12-06,sh000300,沪深300,3181.67,-2.1627
2018-12-07,sh000300,沪深300,3181.56,-0.0035
2018-12-10,sh000300,沪深300,3144.76,-1.1567
2018-12-11,sh000300,沪深300,3159.82,0.4789
2018-12-12,sh000300,沪深300,3170.61,0.3415
2018-12-13,sh000300,沪深300,3219.69,1.548
2018-12-14,sh000300,沪深300,3165.91,-1.6703
2018-12-17,sh000300,沪深300,3161.2,-0.1488
2018-12-18,sh000300,沪深300,3128.43,-1.0366
2018-12-19,sh000300,沪深300,3091.13,-1.1923
2018-12-20,sh000300,沪深300,3067.42,-0.767
2018-12-21,sh000300,沪深300,3029.4,-1.2395
2018-12-24,sh000300,沪深300,3038.2,0.2905
2018-12-25,sh000300,沪深300,3017.28,-0.6886
2018-12-26,sh000300,沪深300,3002.03,-0.5054
2018-12-27,sh000300,沪深300,2990.51,-0.3837
2018-12-28,sh000300,沪深300,3010.65,0.6735
2019-01-02,sh000300,沪深300,2969.54,-1.3655
2019-01-03,sh000300,沪深300,2964.84,-0.1583
2019-01-04,sh000300,沪深300,3035.87,2.3957
2019-01-07,sh000300,沪深300,3054.3,0.6071
2019-01-08,sh000300,沪深300,3047.7,-0.2161
2019-01-09,sh000300,沪深300,3078.48,1.0099
2019-01-10,sh000300,沪深300,3072.69,-0.1881
2019-01-11,sh000300,沪深300,3094.78,0.7189
2019-01-14,sh000300,沪深300,3067.78,-0.8724
2019-01-15,sh000300,沪深300,3127.99,1.9627
2019-01-16,sh000300,沪深300,3128.65,0.0211
2019-01-17,sh000300,沪深300,3111.42,-0.5507
2019-01-18,sh000300,沪深300,3168.17,1.8239
2019-01-21,sh000300,沪深300,3185.64,0.5514
2019-01-22,sh000300,沪深300,3143.32,-1.3285
2019-01-23,sh000300,沪深300,3141.05,-0.0722
2019-01-24,sh000300,沪深300,3158.78,0.5645
2019-01-25,sh000300,沪深300,3184.47,0.8133
2019-01-28,sh000300,沪深300,3183.78,-0.0217
2019-01-29,sh000300,沪深300,3193.97,0.3201
2019-01-30,sh000300,沪深300,3168.48,-0.7981
2019-01-31,sh000300,沪深300,3201.63,1.0462
2019-02-01,sh000300,沪深300,3247.4,1.4296
2019-02-11,sh000300,沪深300,3306.47,1.819
2019-02-12,sh000300,沪深300,3330.34,0.7219
2019-02-13,sh000300,沪深300,3397.03,2.0025
2019-02-14,sh000300,沪深300,3402.14,0.1504
2019-02-15,sh000300,沪深300,3338.7,-1.8647
2019-02-18,sh000300,沪深300,3445.74,3.206
2019-02-19,sh000300,沪深300,3439.61,-0.1779
2019-02-20,sh000300,沪深300,3451.93,0.3582
2019-02-21,sh000300,沪深300,3442.71,-0.2671
2019-02-22,sh000300,沪深300,3520.12,2.2485
2019-02-25,sh000300,沪深300,3729.48,5.9475
2019-02-26,sh000300,沪深300,3684.69,-1.201
2019-02-27,sh000300,沪深300,3678.39,-0.171
2019-02-28,sh000300,沪深300,3669.37,-0.2452
2019-03-01,sh000300,沪深300,3749.71,2.1895
2019-03-04,sh000300,沪深300,3794.1,1.1838
2019-03-05,sh000300,沪深300,3816.01,0.5775
2019-03-06,sh000300,沪深300,3848.09,0.8407
2019-03-07,sh000300,沪深300,3808.85,-1.0197
2019-03-08,sh000300,沪深300,3657.58,-3.9715
2019-03-11,sh000300,沪深300,3729.95,1.9786
2019-03-12,sh000300,沪深300,3755.35,0.681
2019-03-13,sh000300,沪深300,3724.19,-0.8297
2019-03-14,sh000300,沪深300,3698.49,-0.6901
2019-03-15,sh000300,沪深300,3745.0,1.2575
2019-03-18,sh000300,沪深300,3851.75,2.8505
2019-03-19,sh000300,沪深300,3833.96,-0.4619
2019-03-20,sh000300,沪深300,3835.44,0.0386
2019-03-21,sh000300,沪深300,3836.89,0.0378
2019-03-22,sh000300,沪深300,3833.8,-0.0805
2019-03-25,sh000300,沪深300,3742.83,-2.3728
2019-03-26,sh000300,沪深300,3700.44,-1.1326
2019-03-27,sh000300,沪深300,3743.39,1.1607
2019-03-28,sh000300,沪深300,3728.4,-0.4004
2019-03-29,sh000300,沪深300,3872.34,3.8606
2019-04-01,sh000300,沪深300,3973.93,2.6235
2019-04-02,sh000300,沪深300,3971.29,-0.0664
2019-04-03,sh000300,沪深300,4022.16,1.2809
2019-04-04,sh000300,沪深300,4062.23,0.9962
2019-04-08,sh000300,沪深300,4057.23,-0.1231
2019-04-09,sh000300,沪深300,4075.43,0.4486
2019-04-10,sh000300,沪深300,4085.85,0.2557
2019-04-11,sh000300,沪深300,3997.58,-2.1604
2019-04-12,sh000300,沪深300,3988.62,-0.2241
2019-04-15,sh000300,沪深300,3975.52,-0.3284
2019-04-16,sh000300,沪深300,4085.79,2.7737
2019-04-17,sh000300,沪深300,4087.24,0.0355
2019-04-18,sh000300,沪深300,4072.08,-0.3709
2019-04-19,sh000300,沪深300,4120.61,1.1918
2019-04-22,sh000300,沪深300,4025.61,-2.3055
2019-04-23,sh000300,沪深300,4019.01,-0.164
2019-04-24,sh000300,沪深300,4030.09,0.2757
2019-04-25,sh000300,沪深300,3941.82,-2.1903
2019-04-26,sh000300,沪深300,3889.27,-1.3331
2019-04-29,sh000300,沪深300,3900.33,0.2844
2019-04-30,sh000300,沪深300,3913.21,0.3302
2019-05-06,sh000300,沪深300,3684.62,-5.8415
2019-05-07,sh000300,沪深300,3720.67,0.9784
2019-05-08,sh000300,沪深300,3667.46,-1.4301
2019-05-09,sh000300,沪深300,3599.7,-1.8476
2019-05-10,sh000300,沪深300,3730.45,3.6322
2019-05-13,sh000300,沪深300,3668.73,-1.6545
2019-05-14,sh000300,沪深300,3645.15,-0.6427
2019-05-15,sh000300,沪深300,3727.09,2.2479
2019-05-16,sh000300,沪深300,3743.96,0.4526
2019-05-17,sh000300,沪深300,3648.76,-2.5428
2019-05-20,sh000300,沪深300,3617.79,-0.8488
2019-05-21,sh000300,沪深300,3666.78,1.3541
2019-05-22,sh000300,沪深300,3649.38,-0.4745
2019-05-23,sh000300,沪深300,3583.96,-1.7926
2019-05-24,sh000300,沪深300,3593.91,0.2776
2019-05-27,sh000300,沪深300,3637.2,1.2045
2019-05-28,sh000300,沪深300,3672.26,0.9639
2019-05-29,sh000300,沪深300,3663.91,-0.2274
2019-05-30,sh000300,沪深300,3641.18,-0.6204
2019-05-31,sh000300,沪深300,3629.79,-0.3128
2019-06-03,sh000300,沪深300,3632.01,0.0612
2019-06-04,sh000300,沪深300,3598.47,-0.9235
2019-06-05,sh000300,沪深300,3597.11,-0.0378
2019-06-06,sh000300,沪深300,3564.68,-0.9016
2019-06-10,sh000300,沪深300,3610.74,1.2921
2019-06-11,sh000300,沪深300,3719.28,3.006
2019-06-12,sh000300,沪深300,3691.1,-0.7577
2019-06-13,sh000300,沪深300,3685.39,-0.1547
2019-06-14,sh000300,沪深300,3654.88,-0.8279
2019-06-17,sh000300,沪深300,3654.82,-0.0016
2019-06-18,sh000300,沪深300,3667.62,0.3502
2019-06-19,sh000300,沪深300,3715.94,1.3175
2019-06-20,sh000300,沪深300,3828.52,3.0297
2019-06-21,sh000300,沪深300,3833.94,0.1416
2019-06-24,sh000300,沪深300,3841.27,0.1912
2019-06-25,sh000300,沪深300,3801.31,-1.0403
2019-06-26,sh000300,沪深300,3794.33,-0.1836
2019-06-27,sh000300,沪深300,3834.82,1.0671
2019-06-28,sh000300,沪深300,3825.59,-0.2407
2019-07-01,sh000300,沪深300,3935.81,2.8811
2019-07-02,sh000300,沪深300,3937.17,0.0346
2019-07-03,sh000300,沪深300,3893.53,-1.1084
2019-07-04,sh000300,沪深300,3873.1,-0.5247
2019-07-05,sh000300,沪深300,3893.2,0.519
2019-07-08,sh000300,沪深300,3802.79,-2.3223
2019-07-09,sh000300,沪深300,3793.13,-0.254
2019-07-10,sh000300,沪深300,3786.74,-0.1685
2019-07-11,sh000300,沪深300,3785.22,-0.0401
2019-07-12,sh000300,沪深300,3808.73,0.6211
2019-07-15,sh000300,沪深300,3824.19,0.4059
2019-07-16,sh000300,沪深300,3806.85,-0.4534
2019-07-17,sh000300,沪深300,3804.64,-0.0581
2019-07-18,sh000300,沪深300,3768.4,-0.9525
2019-07-19,sh000300,沪深300,3807.96,1.0498
2019-07-22,sh000300,沪深300,3781.68,-0.6901
2019-07-23,sh000300,沪深300,3789.91,0.2176
2019-07-24,sh000300,沪深300,3819.83,0.7895
2019-07-25,sh000300,沪深300,3851.07,0.8178
2019-07-26,sh000300,沪深300,3858.57,0.1948
2019-07-29,sh000300,沪深300,3854.27,-0.1114
2019-07-30,sh000300,沪深300,3870.32,0.4164
2019-07-31,sh000300,沪深300,3835.36,-0.9033
2019-08-01,sh000300,沪深300,3803.47,-0.8315
2019-08-02,sh000300,沪深300,3747.44,-1.4731
2019-08-05,sh000300,沪深300,3675.69,-1.9146
2019-08-06,sh000300,沪深300,3636.33,-1.0708
2019-08-07,sh000300,沪深300,3621.43,-0.4098
2019-08-08,sh000300,沪深300,3669.29,1.3216
2019-08-09,sh000300,沪深300,3633.53,-0.9746
2019-08-12,sh000300,沪深300,3699.1,1.8046
2019-08-13,sh000300,沪深300,3665.75,-0.9016
2019-08-14,sh000300,沪深300,3682.4,0.4542
2019-08-15,sh000300,沪深300,3694.0,0.315
2019-08-16,sh000300,沪深300,3710.54,0.4478
2019-08-19,sh000300,沪深300,3791.09,2.1708
2019-08-20,sh000300,沪深300,3787.73,-0.0886
2019-08-21,sh000300,沪深300,3781.76,-0.1576
2019-08-22,sh000300,沪深300,3793.51,0.3107
2019-08-23,sh000300,沪深300,3820.86,0.721
2019-08-26,sh000300,沪深300,3765.91,-1.4382
2019-08-27,sh000300,沪深300,3816.95,1.3553
2019-08-28,sh000300,沪深300,3802.58,-0.3765
2019-08-29,sh000300,沪深300,3790.19,-0.3258
2019-08-30,sh000300,沪深300,3799.59,0.248
2019-09-02,sh000300,沪深300,3848.32,1.2825
2019-09-03,sh000300,沪深300,3853.61,0.1375
2019-09-04,sh000300,沪深300,3886.0,0.8405
2019-09-05,sh000300,沪深300,3925.32,1.0118
2019-09-06,sh000300,沪深300,3948.51,0.5908
2019-09-09,sh000300,沪深300,3972.95,0.619
2019-09-10,sh000300,沪深300,3959.26,-0.3446
2019-09-11,sh000300,沪深300,3930.1,-0.7365
2019-09-12,sh000300,沪深300,3972.38,1.0758
2019-09-16,sh000300,沪深300,3957.72,-0.369
2019-09-17,sh000300,沪深300,3891.22,-1.6803
2019-09-18,sh000300,沪深300,3910.08,0.4847
2019-09-19,sh000300,沪深300,3924.38,0.3657
2019-09-20,sh000300,沪深300,3935.65,0.2872
2019-09-23,sh000300,沪深300,3890.66,-1.1431
2019-09-24,sh000300,沪深300,3901.08,0.2678
2019-09-25,sh000300,沪深300,3870.98,-0.7716
2019-09-26,sh000300,沪深300,3841.14,-0.7709
2019-09-27,sh000300,沪深300,3852.65,0.2997
2019-09-30,sh000300,沪深300,3814.53,-0.9894
2019-10-08,sh000300,沪深300,3837.68,0.6069
2019-10-09,sh000300,沪深300,3843.24,0.1449
2019-10-10,sh000300,沪深300,3874.64,0.817
2019-10-11,sh000300,沪深300,3911.73,0.9573
2019-10-14,sh000300,沪深300,3953.24,1.0612
2019-10-15,sh000300,沪深300,3936.25,-0.4298
2019-10-16,sh000300,沪深300,3922.69,-0.3445
2019-10-17,sh000300,沪深300,3925.22,0.0645
2019-10-18,sh000300,沪深300,3869.38,-1.4226
2019-10-21,sh000300,沪深300,3880.84,0.2962
2019-10-22,sh000300,沪深300,3895.88,0.3875
2019-10-23,sh000300,沪深300,3871.08,-0.6366
2019-10-24,sh000300,沪深300,3870.67,-0.0106
2019-10-25,sh000300,沪深300,3896.79,0.6748
2019-10-28,sh000300,沪深300,3926.59,0.7647
2019-10-29,sh000300,沪深300,3910.23,-0.4166
2019-10-30,sh000300,沪深300,3891.23,-0.4859
2019-10-31,sh000300,沪深300,3886.75,-0.1151
2019-11-01,sh000300,沪深300,3952.39,1.6888
2019-11-04,sh000300,沪深300,3978.12,0.651
2019-11-05,sh000300,沪深300,4002.81,0.6206
2019-11-06,sh000300,沪深300,3984.88,-0.4479
2019-11-07,sh000300,沪深300,3991.88,0.1757
2019-11-08,sh000300,沪深300,3973.01,-0.4727
2019-11-11,sh000300,沪深300,3902.98,-1.7626
2019-11-12,sh000300,沪深300,3903.69,0.0182
2019-11-13,sh000300,沪深300,3899.98,-0.095
2019-11-14,sh000300,沪深300,3905.86,0.1508
2019-11-15,sh000300,沪深300,3877.09,-0.7366
2019-11-18,sh000300,沪深300,3907.93,0.7954
2019-11-19,sh000300,沪深300,3947.04,1.0008
2019-11-20,sh000300,沪深300,3907.86,-0.9926
2019-11-21,sh000300,沪深300,3889.6,-0.4673
2019-11-22,sh000300,沪深300,3849.99,-1.0184
2019-11-25,sh000300,沪深300,3878.21,0.733
2019-11-26,sh000300,沪深300,3891.65,0.3466
2019-11-27,sh000300,沪深300,3875.62,-0.4119
2019-11-28,sh000300,沪深300,3862.3,-0.3437
2019-11-29,sh000300,沪深300,3828.67,-0.8707
2019-12-02,sh000300,沪深300,3836.06,0.193
2019-12-03,sh000300,沪深300,3851.09,0.3918
2019-12-04,sh000300,沪深300,3849.82,-0.033
2019-12-05,sh000300,沪深300,3879.36,0.7673
2019-12-06,sh000300,沪深300,3902.39,0.5937
2019-12-09,sh000300,沪深300,3895.45,-0.1778
2019-12-10,sh000300,沪深300,3900.38,0.1266
2019-12-11,sh000300,沪深300,3902.75,0.0608
2019-12-12,sh000300,沪深300,3891.02,-0.3006
2019-12-13,sh000300,沪深300,3968.22,1.9841
2019-12-16,sh000300,沪深300,3987.55,0.4871
2019-12-17,sh000300,沪深300,4041.8,1.3605
2019-12-18,sh000300,沪深300,4032.78,-0.2232
2019-12-19,sh000300,沪深300,4027.15,-0.1396
2019-12-20,sh000300,沪深300,4017.25,-0.2458
2019-12-23,sh000300,沪深300,3967.1,-1.2484
2019-12-24,sh000300,沪深300,3992.96,0.6519
2019-12-25,sh000300,沪深300,3990.87,-0.0523
2019-12-26,sh000300,沪深300,4025.99,0.88
2019-12-27,sh000300,沪深300,4022.03,-0.0984
2019-12-30,sh000300,沪深300,4081.63,1.4818
2019-12-31,sh000300,沪深300,4096.58,0.3663
2020-01-02,sh000300,沪深300,4152.24,1.3587
2020-01-03,sh000300,沪深300,4144.96,-0.1753
2020-01-06,sh000300,沪深300,4129.3,-0.3778
2020-01-07,sh000300,沪深300,4160.23,0.749
2020-01-08,sh000300,沪深300,4112.32,-1.1516
2020-01-09,sh000300,沪深300,4164.37,1.2657
2020-01-10,sh000300,沪深300,4163.19,-0.0283
2020-01-13,sh000300,沪深300,4203.99,0.98
2020-01-14,sh000300,沪深300,4189.89,-0.3354
2020-01-15,sh000300,沪深300,4166.73,-0.5528
2020-01-16,sh000300,沪深300,4149.04,-0.4246
2020-01-17,sh000300,沪深300,4154.85,0.14
2020-01-20,sh000300,沪深300,4185.83,0.7456
2020-01-21,sh000300,沪深300,4114.31,-1.7086
2020-01-22,sh000300,沪深300,4131.93,0.4283
2020-01-23,sh000300,沪深300,4003.9,-3.0986
2020-02-03,sh000300,沪深300,3688.36,-7.8808
2020-02-04,sh000300,沪深300,3785.64,2.6375
2020-02-05,sh000300,沪深300,3828.53,1.133
2020-02-06,sh000300,沪深300,3899.78,1.861
2020-02-07,sh000300,沪深300,3899.87,0.0023
2020-02-10,sh000300,沪深300,3916.01,0.4139
2020-02-11,sh000300,沪深300,3952.46,0.9308
2020-02-12,sh000300,沪深300,3984.43,0.8089
2020-02-13,sh000300,沪深300,3959.92,-0.6151
2020-02-14,sh000300,沪深300,3987.73,0.7023
2020-02-17,sh000300,沪深300,4077.42,2.2491
2020-02-18,sh000300,沪深300,4057.51,-0.4883
2020-02-19,sh000300,沪深300,4051.31,-0.1528
2020-02-20,sh000300,沪深300,4144.66,2.3042
2020-02-21,sh000300,沪深300,4149.49,0.1165
2020-02-24,sh000300,沪深300,4132.84,-0.4013
2020-02-25,sh000300,沪深300,4123.85,-0.2175
2020-02-26,sh000300,沪深300,4073.02,-1.2326
2020-02-27,sh000300,沪深300,4084.88,0.2912
2020-02-28,sh000300,沪深300,3940.05,-3.5455
2020-03-02,sh000300,沪深300,4069.67,3.2898
2020-03-03,sh000300,沪深300,4091.36,0.533
2020-03-04,sh000300,沪深300,4115.05,0.579
2020-03-05,sh000300,沪深300,4206.73,2.2279
2020-03-06,sh000300,沪深300,4138.51,-1.6217
2020-03-09,sh000300,沪深300,3997.13,-3.4162
2020-03-10,sh000300,沪深300,4082.73,2.1415
2020-03-11,sh000300,沪深300,4028.43,-1.33
2020-03-12,sh000300,沪深300,3950.91,-1.9243
2020-03-13,sh000300,沪深300,3895.31,-1.4073
2020-03-16,sh000300,沪深300,3727.84,-4.2993
2020-03-17,sh000300,沪深300,3709.68,-0.4871
2020-03-18,sh000300,沪深300,3636.26,-1.9791
2020-03-19,sh000300,沪深300,3589.09,-1.2972
2020-03-20,sh000300,沪深300,3653.22,1.7868
2020-03-23,sh000300,沪深300,3530.31,-3.3644
2020-03-24,sh000300,沪深300,3625.11,2.6853
2020-03-25,sh000300,沪深300,3722.52,2.6871
2020-03-26,sh000300,沪深300,3698.05,-0.6574
2020-03-27,sh000300,沪深300,3710.06,0.3248
2020-03-30,sh000300,沪深300,3674.11,-0.969
2020-03-31,sh000300,沪深300,3686.16,0.328
2020-04-01,sh000300,沪深300,3675.08,-0.3006
2020-04-02,sh000300,沪深300,3734.53,1.6177
2020-04-03,sh000300,沪深300,3713.22,-0.5706
2020-04-07,sh000300,沪深300,3798.02,2.2837
2020-04-08,sh000300,沪深300,3780.34,-0.4655
2020-04-09,sh000300,沪深300,3792.81,0.3299
2020-04-10,sh000300,沪深300,3769.18,-0.623
2020-04-13,sh000300,沪深300,3753.26,-0.4224
2020-04-14,sh000300,沪深300,3825.7,1.9301
2020-04-15,sh000300,沪深300,3797.36,-0.7408
2020-04-16,sh000300,沪深300,3802.38,0.1322
2020-04-17,sh000300,沪深300,3839.49,0.976
2020-04-20,sh000300,沪深300,3853.46,0.3639
2020-04-21,sh000300,沪深300,3808.05,-1.1784
2020-04-22,sh000300,沪深300,3839.38,0.8227
2020-04-23,sh000300,沪深300,3829.75,-0.2508
2020-04-24,sh000300,沪深300,3796.97,-0.8559
2020-04-27,sh000300,沪深300,3822.77,0.6795
2020-04-28,sh000300,沪深300,3849.15,0.6901
2020-04-29,sh000300,沪深300,3867.03,0.4645
2020-04-30,sh000300,沪深300,3912.58,1.1779
2020-05-06,sh000300,沪深300,3936.25,0.605
2020-05-07,sh000300,沪深300,3924.89,-0.2886
2020-05-08,sh000300,沪深300,3963.62,0.9868
2020-05-11,sh000300,沪深300,3960.18,-0.0868
2020-05-12,sh000300,沪深300,3960.24,0.0015
2020-05-13,sh000300,沪深300,3968.25,0.2023
2020-05-14,sh000300,沪深300,3925.22,-1.0844
2020-05-15,sh000300,沪深300,3912.82,-0.3159
2020-05-18,sh000300,沪深300,3922.91,0.2579
2020-05-19,sh000300,沪深300,3956.25,0.8499
2020-05-20,sh000300,沪深300,3935.22,-0.5316
2020-05-21,sh000300,沪深300,3913.79,-0.5446
2020-05-22,sh000300,沪深300,3824.06,-2.2927
2020-05-25,sh000300,沪深300,3829.32,0.1376
2020-05-26,sh000300,沪深300,3872.77,1.1347
2020-05-27,sh000300,沪深300,3845.61,-0.7013
2020-05-28,sh000300,沪深300,3856.63,0.2866
2020-05-29,sh000300,沪深300,3867.02,0.2694
2020-06-01,sh000300,沪深300,3971.34,2.6977
2020-06-02,sh000300,沪深300,3983.57,0.308
2020-06-03,sh000300,沪深300,3983.65,0.002
2020-06-04,sh000300,沪深300,3982.19,-0.0366
2020-06-05,sh000300,沪深300,4001.25,0.4786
2020-06-08,sh000300,沪深300,4021.95,0.5173
2020-06-09,sh000300,沪深300,4047.03,0.6236
2020-06-10,sh000300,沪深300,4039.71,-0.1809
2020-06-11,sh000300,沪深300,3995.88,-1.085
2020-06-12,sh000300,沪深300,4003.08,0.1802
2020-06-15,sh000300,沪深300,3954.99,-1.2013
2020-06-16,sh000300,沪深300,4014.57,1.5065
2020-06-17,sh000300,沪深300,4017.59,0.0752
2020-06-18,sh000300,沪深300,4044.38,0.6668
2020-06-19,sh000300,沪深300,4098.71,1.3433
2020-06-22,sh000300,沪深300,4102.05,0.0815
2020-06-23,sh000300,沪深300,4121.79,0.4812
2020-06-24,sh000300,沪深300,4138.99,0.4173
2020-06-29,sh000300,沪深300,4109.72,-0.7072
2020-06-30,sh000300,沪深300,4163.96,1.3198
2020-07-01,sh000300,沪深300,4247.78,2.013
2020-07-02,sh000300,沪深300,4335.84,2.0731
2020-07-03,sh000300,沪深300,4419.6,1.9318
2020-07-06,sh000300,沪深300,4670.09,5.6677
2020-07-07,sh000300,沪深300,4698.13,0.6004
2020-07-08,sh000300,沪深300,4774.0,1.6149
2020-07-09,sh000300,沪深300,4840.77,1.3986
2020-07-10,sh000300,沪深300,4753.13,-1.8105
2020-07-13,sh000300,沪深300,4852.96,2.1003
2020-07-14,sh000300,沪深300,4806.69,-0.9534
2020-07-15,sh000300,沪深300,4744.47,-1.2944
2020-07-16,sh000300,沪深300,4516.25,-4.8102
2020-07-17,sh000300,沪深300,4544.7,0.6299
2020-07-20,sh000300,沪深300,4680.3,2.9837
2020-07-21,sh000300,沪深300,4691.04,0.2295
2020-07-22,sh000300,沪深300,4714.45,0.499
2020-07-23,sh000300,沪深300,4712.44,-0.0426
2020-07-24,sh000300,沪深300,4505.59,-4.3894
2020-07-27,sh000300,沪深300,4528.45,0.5074
2020-07-28,sh000300,沪深300,4568.26,0.8791
2020-07-29,sh000300,沪深300,4679.01,2.4243
2020-07-30,sh000300,沪深300,4656.15,-0.4886
2020-07-31,sh000300,沪深300,4695.05,0.8355
2020-08-03,sh000300,沪深300,4771.31,1.6243
2020-08-04,sh000300,沪深300,4775.8,0.0941
2020-08-05,sh000300,沪深300,4777.11,0.0274
2020-08-06,sh000300,沪深300,4762.76,-0.3004
2020-08-07,sh000300,沪深300,4707.93,-1.1512
2020-08-10,sh000300,沪深300,4724.87,0.3598
2020-08-11,sh000300,沪深300,4681.78,-0.912
2020-08-12,sh000300,沪深300,4647.64,-0.7292
2020-08-13,sh000300,沪深300,4635.71,-0.2567
2020-08-14,sh000300,沪深300,4704.63,1.4867
2020-08-17,sh000300,沪深300,4815.23,2.3509
2020-08-18,sh000300,沪深300,4812.76,-0.0513
2020-08-19,sh000300,沪深300,4740.68,-1.4977
2020-08-20,sh000300,沪深300,4679.15,-1.2979
2020-08-21,sh000300,沪深300,4718.84,0.8482
2020-08-24,sh000300,沪深300,4755.85,0.7843
2020-08-25,sh000300,沪深300,4761.95,0.1283
2020-08-26,sh000300,沪深300,4706.13,-1.1722
2020-08-27,sh000300,沪深300,4731.35,0.5359
2020-08-28,sh000300,沪深300,4844.27,2.3866
2020-08-31,sh000300,沪深300,4816.22,-0.579
2020-09-01,sh000300,沪深300,4842.12,0.5378
2020-09-02,sh000300,沪深300,4843.89,0.0366
2020-09-03,sh000300,沪深300,4817.1,-0.5531
2020-09-04,sh000300,沪深300,4770.22,-0.9732
2020-09-07,sh000300,沪深300,4669.37,-2.1142
2020-09-08,sh000300,沪深300,4694.39,0.5358
2020-09-09,sh000300,沪深300,4584.59,-2.339
2020-09-10,sh000300,沪深300,4581.98,-0.0569
2020-09-11,sh000300,沪深300,4627.28,0.9887
2020-09-14,sh000300,沪深300,4651.05,0.5137
2020-09-15,sh000300,沪深300,4688.48,0.8048
2020-09-16,sh000300,沪深300,4657.36,-0.6638
2020-09-17,sh000300,沪深300,4632.71,-0.5293
2020-09-18,sh000300,沪深300,4737.09,2.2531
2020-09-21,sh000300,沪深300,4691.43,-0.9639
2020-09-22,sh000300,沪深300,4635.76,-1.1866
2020-09-23,sh000300,沪深300,4652.33,0.3574
2020-09-24,sh000300,沪深300,4563.07,-1.9186
2020-09-25,sh000300,沪深300,4570.02,0.1523
2020-09-28,sh000300,沪深300,4581.91,0.2602
2020-09-29,sh000300,沪深300,4591.8,0.2158
2020-09-30,sh000300,沪深300,4587.4,-0.0958
2020-10-09,sh000300,沪深300,4681.14,2.0434
2020-10-12,sh000300,沪深300,4823.16,3.0339
2020-10-13,sh000300,沪深300,4839.2,0.3326
2020-10-14,sh000300,沪深300,4807.1,-0.6633
2020-10-15,sh000300,沪深300,4798.74,-0.1739
2020-10-16,sh000300,沪深300,4791.68,-0.1471
2020-10-19,sh000300,沪深300,4755.49,-0.7553
2020-10-20,sh000300,沪深300,4793.47,0.7987
2020-10-21,sh000300,沪深300,4792.83,-0.0134
2020-10-22,sh000300,沪深300,4777.98,-0.3098
2020-10-23,sh000300,沪深300,4718.49,-1.2451
2020-10-26,sh000300,沪深300,4691.24,-0.5775
2020-10-27,sh000300,沪深300,4699.28,0.1714
2020-10-28,sh000300,沪深300,4737.27,0.8084
2020-10-29,sh000300,沪深300,4772.92,0.7525
2020-10-30,sh000300,沪深300,4695.33,-1.6256
2020-11-02,sh000300,沪深300,4720.83,0.5431
2020-11-03,sh000300,沪深300,4777.56,1.2017
2020-11-04,sh000300,沪深300,4813.66,0.7556
2020-11-05,sh000300,沪深300,4885.11,1.4843
2020-11-06,sh000300,沪深300,4885.72,0.0125
2020-11-09,sh000300,沪深300,4981.35,1.9573
2020-11-10,sh000300,沪深300,4953.88,-0.5515
2020-11-11,sh000300,沪深300,4904.9,-0.9887
2020-11-12,sh000300,沪深300,4908.46,0.0726
2020-11-13,sh000300,沪深300,4856.85,-1.0514
2020-11-16,sh000300,沪深300,4904.17,0.9743
2020-11-17,sh000300,沪深300,4894.79,-0.1913
2020-11-18,sh000300,沪深300,4891.67,-0.0637
2020-11-19,sh000300,沪深300,4927.99,0.7425
2020-11-20,sh000300,沪深300,4943.29,0.3105
2020-11-23,sh000300,沪深300,5005.03,1.249
2020-11-24,sh000300,沪深300,4974.29,-0.6142
2020-11-25,sh000300,沪深300,4910.7,-1.2784
2020-11-26,sh000300,沪深300,4919.59,0.181
2020-11-27,sh000300,沪深300,4980.77,1.2436
2020-11-30,sh000300,沪深300,4960.25,-0.412
2020-12-01,sh000300,沪深300,5067.1,2.1541
2020-12-02,sh000300,沪深300,5067.14,0.0008
2020-12-03,sh000300,沪深300,5057.06,-0.1989
2020-12-04,sh000300,沪深300,5065.92,0.1752
2020-12-07,sh000300,沪深300,5022.23,-0.8624
2020-12-08,sh000300,沪深300,5009.88,-0.2459
2020-12-09,sh000300,沪深300,4942.7,-1.341
2020-12-10,sh000300,沪深300,4940.52,-0.0441
2020-12-11,sh000300,沪深300,4889.63,-1.0301
2020-12-14,sh000300,沪深300,4934.84,0.9246
2020-12-15,sh000300,沪深300,4945.1,0.2079
2020-12-16,sh000300,沪深300,4953.87,0.1773
2020-12-17,sh000300,沪深300,5017.48,1.284
2020-12-18,sh000300,沪深300,4999.97,-0.349
2020-12-21,sh000300,沪深300,5046.84,0.9374
2020-12-22,sh000300,沪深300,4964.77,-1.6262
2020-12-23,sh000300,沪深300,5007.12,0.853
2020-12-24,sh000300,沪深300,5000.02,-0.1418
2020-12-25,sh000300,沪深300,5042.01,0.8398
2020-12-28,sh000300,沪深300,5064.41,0.4443
2020-12-29,sh000300,沪深300,5042.94,-0.4239
2020-12-30,sh000300,沪深300,5113.71,1.4033
2020-12-31,sh000300,沪深300,5211.29,1.9082
2021-01-04,sh000300,沪深300,5267.72,1.0828
2021-01-05,sh000300,沪深300,5368.5,1.9132
2021-01-06,sh000300,沪深300,5417.67,0.9159
2021-01-07,sh000300,沪深300,5513.66,1.7718
2021-01-08,sh000300,沪深300,5495.43,-0.3306
2021-01-11,sh000300,沪深300,5441.16,-0.9875
2021-01-12,sh000300,沪深300,5596.35,2.8521
2021-01-13,sh000300,沪深300,5577.97,-0.3284
2021-01-14,sh000300,沪深300,5470.46,-1.9274
2021-01-15,sh000300,沪深300,5458.08,-0.2263
2021-01-18,sh000300,沪深300,5518.52,1.1073
2021-01-19,sh000300,沪深300,5437.52,-1.4678
2021-01-20,sh000300,沪深300,5476.43,0.7156
2021-01-21,sh000300,沪深300,5564.97,1.6167
2021-01-22,sh000300,沪深300,5569.78,0.0864
2021-01-25,sh000300,沪深300,5625.92,1.0079
2021-01-26,sh000300,沪深300,5512.97,-2.0077
2021-01-27,sh000300,沪深300,5528.0,0.2726
2021-01-28,sh000300,沪深300,5377.14,-2.729
2021-01-29,sh000300,沪深300,5351.96,-0.4683
2021-02-01,sh000300,沪深300,5417.65,1.2274
2021-02-02,sh000300,沪深300,5501.09,1.5402
2021-02-03,sh000300,沪深300,5485.2,-0.2889
2021-02-04,sh000300,沪深300,5473.95,-0.2051
2021-02-05,sh000300,沪深300,5483.41,0.1728
2021-02-08,sh000300,沪深300,5564.56,1.4799
2021-02-09,sh000300,沪深300,5686.25,2.1869
2021-02-10,sh000300,沪深300,5807.72,2.1362
2021-02-18,sh000300,沪深300,5768.38,-0.6774
2021-02-19,sh000300,沪深300,5778.84,0.1813
2021-02-22,sh000300,沪深300,5597.33,-3.1409
2021-02-23,sh000300,沪深300,5579.67,-0.3155
2021-02-24,sh000300,沪深300,5437.57,-2.5467
2021-02-25,sh000300,沪深300,5469.56,0.5883
2021-02-26,sh000300,沪深300,5336.76,-2.428
2021-03-01,sh000300,沪深300,5418.78,1.5369
2021-03-02,sh000300,沪深300,5349.63,-1.2761
2021-03-03,sh000300,沪深300,5452.21,1.9175
2021-03-04,sh000300,沪深300,5280.71,-3.1455
2021-03-05,sh000300,沪深300,5262.8,-0.3392
2021-03-08,sh000300,沪深300,5080.02,-3.4731
2021-03-09,sh000300,沪深300,4971.0,-2.1461
2021-03-10,sh000300,沪深300,5003.61,0.656
2021-03-11,sh000300,沪深300,5128.22,2.4904
2021-03-12,sh000300,沪深300,5146.38,0.3541
2021-03-15,sh000300,沪深300,5035.54,-2.1537
2021-03-16,sh000300,沪深300,5079.36,0.8702
2021-03-17,sh000300,沪深300,5100.86,0.4233
2021-03-18,sh000300,沪深300,5141.77,0.802
2021-03-19,sh000300,沪深300,5007.09,-2.6193
2021-03-22,sh000300,沪深300,5057.15,0.9998
2021-03-23,sh000300,沪深300,5009.25,-0.9472
2021-03-24,sh000300,沪深300,4928.69,-1.6082
2021-03-25,sh000300,沪深300,4926.35,-0.0475
2021-03-26,sh000300,沪深300,5037.99,2.2662
2021-03-29,sh000300,沪深300,5046.88,0.1765
2021-03-30,sh000300,沪深300,5094.73,0.9481
2021-03-31,sh000300,沪深300,5048.36,-0.9102
2021-04-01,sh000300,沪深300,5110.78,1.2364
2021-04-02,sh000300,沪深300,5161.56,0.9936
2021-04-06,sh000300,沪深300,5140.34,-0.4111
2021-04-07,sh000300,沪深300,5103.74,-0.712
2021-04-08,sh000300,沪深300,5112.21,0.166
2021-04-09,sh000300,沪深300,5035.34,-1.5037
2021-04-12,sh000300,沪深300,4947.75,-1.7395
2021-04-13,sh000300,沪深300,4939.64,-0.1639
2021-04-14,sh000300,沪深300,4980.63,0.8298
2021-04-15,sh000300,沪深300,4948.97,-0.6357
2021-04-16,sh000300,沪深300,4966.18,0.3477
2021-04-19,sh000300,沪深300,5087.02,2.4333
2021-04-20,sh000300,沪深300,5083.37,-0.0718
2021-04-21,sh000300,沪深300,5098.75,0.3026
2021-04-22,sh000300,沪深300,5089.24,-0.1865
2021-04-23,sh000300,沪深300,5135.45,0.908
2021-04-26,sh000300,沪深300,5077.24,-1.1335
2021-04-27,sh000300,沪深300,5090.52,0.2616
2021-04-28,sh000300,沪深300,5119.24,0.5642
2021-04-29,sh000300,沪深300,5164.17,0.8777
2021-04-30,sh000300,沪深300,5123.49,-0.7877
2021-05-06,sh000300,沪深300,5061.12,-1.2173
2021-05-07,sh000300,沪深300,4996.05,-1.2857
2021-05-10,sh000300,沪深300,4992.42,-0.0727
2021-05-11,sh000300,沪深300,5023.06,0.6137
2021-05-12,sh000300,沪深300,5044.55,0.4278
2021-05-13,sh000300,沪深300,4992.97,-1.0225
2021-05-14,sh000300,沪深300,5110.59,2.3557
2021-05-17,sh000300,沪深300,5184.99,1.4558
2021-05-18,sh000300,沪深300,5187.6,0.0503
2021-05-19,sh000300,沪深300,5172.27,-0.2955
2021-05-20,sh000300,沪深300,5186.41,0.2734
2021-05-21,sh000300,沪深300,5134.15,-1.0076
2021-05-24,sh000300,沪深300,5155.59,0.4176
2021-05-25,sh000300,沪深300,5318.48,3.1595
2021-05-26,sh000300,沪深300,5320.59,0.0397
2021-05-27,sh000300,沪深300,5338.23,0.3315
2021-05-28,sh000300,沪深300,5321.09,-0.3211
2021-05-31,sh000300,沪深300,5331.57,0.197
2021-06-01,sh000300,沪深300,5341.68,0.1896
2021-06-02,sh000300,沪深300,5289.97,-0.968
2021-06-03,sh000300,沪深300,5255.29,-0.6556
2021-06-04,sh000300,沪深300,5282.28,0.5136
2021-06-07,sh000300,沪深300,5277.63,-0.088
2021-06-08,sh000300,沪深300,5232.12,-0.8623
2021-06-09,sh000300,沪深300,5236.45,0.0828
2021-06-10,sh000300,沪深300,5271.47,0.6688
2021-06-11,sh000300,沪深300,5224.7,-0.8872
2021-06-15,sh000300,沪深300,5166.56,-1.1128
2021-06-16,sh000300,沪深300,5080.49,-1.6659
2021-06-17,sh000300,沪深300,5101.89,0.4212
2021-06-18,sh000300,沪深300,5102.47,0.0114
2021-06-21,sh000300,沪深300,5090.39,-0.2367
2021-06-22,sh000300,沪深300,5122.16,0.6241
2021-06-23,sh000300,沪深300,5147.39,0.4926
2021-06-24,sh000300,沪深300,5155.97,0.1667
2021-06-25,sh000300,沪深300,5239.97,1.6292
2021-06-28,sh000300,沪深300,5251.76,0.225
2021-06-29,sh000300,沪深300,5190.54,-1.1657
2021-06-30,sh000300,沪深300,5224.04,0.6454
2021-07-01,sh000300,沪深300,5229.66,0.1076
2021-07-02,sh000300,沪深300,5081.12,-2.8403
2021-07-05,sh000300,沪深300,5085.79,0.0919
2021-07-06,sh000300,沪深300,5083.1,-0.0529
2021-07-07,sh000300,沪深300,5140.49,1.129
2021-07-08,sh000300,沪深300,5088.26,-1.0161
2021-07-09,sh000300,沪深300,5069.44,-0.3699
2021-07-12,sh000300,沪深300,5132.71,1.2481
2021-07-13,sh000300,沪深300,5142.1,0.1829
2021-07-14,sh000300,沪深300,5083.09,-1.1476
2021-07-15,sh000300,沪深300,5151.46,1.345
2021-07-16,sh000300,沪深300,5094.77,-1.1005
2021-07-19,sh000300,沪深300,5113.49,0.3674
2021-07-20,sh000300,沪深300,5108.99,-0.088
2021-07-21,sh000300,沪深300,5144.04,0.686
2021-07-22,sh000300,沪深300,5151.75,0.1499
2021-07-23,sh000300,沪深300,5089.23,-1.2136
2021-07-26,sh000300,沪深300,4925.3,-3.2211
2021-07-27,sh000300,沪深300,4751.31,-3.5326
2021-07-28,sh000300,沪深300,4760.48,0.193
2021-07-29,sh000300,沪深300,4850.27,1.8862
2021-07-30,sh000300,沪深300,4811.17,-0.8061
2021-08-02,sh000300,沪深300,4933.74,2.5476
2021-08-03,sh000300,沪深300,4934.46,0.0146
2021-08-04,sh000300,沪深300,4978.85,0.8996
2021-08-05,sh000300,沪深300,4948.67,-0.6062
2021-08-06,sh000300,沪深300,4921.56,-0.5478
2021-08-09,sh000300,沪深300,4985.56,1.3004
2021-08-10,sh000300,沪深300,5043.15,1.1551
2021-08-11,sh000300,沪深300,5015.34,-0.5514
2021-08-12,sh000300,沪深300,4973.35,-0.8372
2021-08-13,sh000300,沪深300,4945.98,-0.5503
2021-08-16,sh000300,沪深300,4941.07,-0.0993
2021-08-17,sh000300,沪深300,4837.4,-2.0981
2021-08-18,sh000300,沪深300,4894.24,1.175
2021-08-19,sh000300,沪深300,4862.14,-0.6559
2021-08-20,sh000300,沪深300,4769.27,-1.9101
2021-08-23,sh000300,沪深300,4835.88,1.3966
2021-08-24,sh000300,沪深300,4888.39,1.0858
2021-08-25,sh000300,沪深300,4898.16,0.1999
2021-08-26,sh000300,沪深300,4801.61,-1.9711
2021-08-27,sh000300,沪深300,4827.04,0.5296
2021-08-30,sh000300,沪深300,4813.27,-0.2853
2021-08-31,sh000300,沪深300,4805.61,-0.1591
2021-09-01,sh000300,沪深300,4869.46,1.3287
2021-09-02,sh000300,沪深300,4869.41,-0.001
2021-09-03,sh000300,沪深300,4843.06,-0.5411
2021-09-06,sh000300,沪深300,4933.73,1.8722
2021-09-07,sh000300,沪深300,4992.83,1.1979
2021-09-08,sh000300,沪深300,4972.13,-0.4146
2021-09-09,sh000300,沪深300,4970.01,-0.0426
2021-09-10,sh000300,沪深300,5013.52,0.8755
2021-09-13,sh000300,沪深300,4991.66,-0.436
2021-09-14,sh000300,沪深300,4917.16,-1.4925
2021-09-15,sh000300,沪深300,4867.32,-1.0136
2021-09-16,sh000300,沪深300,4807.7,-1.2249
2021-09-17,sh000300,沪深300,4855.94,1.0034
2021-09-22,sh000300,沪深300,4821.77,-0.7037
2021-09-23,sh000300,沪深300,4853.2,0.6518
2021-09-24,sh000300,沪深300,4849.43,-0.0777
2021-09-27,sh000300,沪深300,4877.37,0.5762
2021-09-28,sh000300,沪深300,4883.83,0.1324
2021-09-29,sh000300,沪深300,4833.93,-1.0217
2021-09-30,sh000300,沪深300,4866.38,0.6713
2021-10-08,sh000300,沪深300,4929.94,1.3061
2021-10-11,sh000300,沪深300,4936.19,0.1268
2021-10-12,sh000300,沪深300,4883.84,-1.0605
2021-10-13,sh000300,沪深300,4940.11,1.1522
2021-10-14,sh000300,沪深300,4913.61,-0.5364
2021-10-15,sh000300,沪深300,4932.11,0.3765
2021-10-18,sh000300,沪深300,4874.78,-1.1624
2021-10-19,sh000300,沪深300,4922.72,0.9834
2021-10-20,sh000300,沪深300,4910.18,-0.2547
2021-10-21,sh000300,沪深300,4928.02,0.3633
2021-10-22,sh000300,沪深300,4959.73,0.6435
2021-10-25,sh000300,沪深300,4979.52,0.399
2021-10-26,sh000300,沪深300,4963.1,-0.3298
2021-10-27,sh000300,沪深300,4898.16,-1.3085
2021-10-28,sh000300,沪深300,4864.14,-0.6945
2021-10-29,sh000300,沪深300,4908.77,0.9175
2021-11-01,sh000300,沪深300,4890.69,-0.3683
2021-11-02,sh000300,沪深300,4839.85,-1.0395
2021-11-03,sh000300,沪深300,4821.11,-0.3872
2021-11-04,sh000300,沪深300,4868.74,0.9879
2021-11-05,sh000300,沪深300,4842.35,-0.542
2021-11-08,sh000300,沪深300,4848.18,0.1204
2021-11-09,sh000300,沪深300,4846.74,-0.0297
2021-11-10,sh000300,沪深300,4821.19,-0.5272
2021-11-11,sh000300,沪深300,4898.65,1.6067
2021-11-12,sh000300,沪深300,4888.38,-0.2096
2021-11-15,sh000300,沪深300,4882.38,-0.1227
2021-11-16,sh000300,沪深300,4883.32,0.0193
2021-11-17,sh000300,沪深300,4885.75,0.0498
2021-11-18,sh000300,沪深300,4837.62,-0.9851
2021-11-19,sh000300,沪深300,4890.06,1.084
2021-11-22,sh000300,沪深300,4912.4,0.4568
2021-11-23,sh000300,沪深300,4913.35,0.0193
2021-11-24,sh000300,沪深300,4916.66,0.0674
2021-11-25,sh000300,沪深300,4896.44,-0.4113
2021-11-26,sh000300,沪深300,4860.13,-0.7416
2021-11-29,sh000300,沪深300,4851.42,-0.1792
2021-11-30,sh000300,沪深300,4832.03,-0.3997
2021-12-01,sh000300,沪深300,4843.85,0.2446
2021-12-02,sh000300,沪深300,4856.16,0.2541
2021-12-03,sh000300,沪深300,4901.02,0.9238
2021-12-06,sh000300,沪深300,4892.62,-0.1714
2021-12-07,sh000300,沪深300,4922.1,0.6025
2021-12-08,sh000300,沪深300,4995.93,1.5
2021-12-09,sh000300,沪深300,5078.69,1.6565
2021-12-10,sh000300,沪深300,5055.12,-0.4641
2021-12-13,sh000300,沪深300,5083.8,0.5673
2021-12-14,sh000300,沪深300,5049.7,-0.6708
2021-12-15,sh000300,沪深300,5005.9,-0.8674
2021-12-16,sh000300,沪深300,5034.73,0.5759
2021-12-17,sh000300,沪深300,4954.76,-1.5884
2021-12-20,sh000300,沪深300,4880.42,-1.5004
2021-12-21,sh000300,沪深300,4913.49,0.6776
2021-12-22,sh000300,沪深300,4914.45,0.0195
2021-12-23,sh000300,沪深300,4948.74,0.6977
2021-12-24,sh000300,沪深300,4921.34,-0.5537
2021-12-27,sh000300,沪深300,4919.32,-0.041
2021-12-28,sh000300,沪深300,4955.96,0.7448
2021-12-29,sh000300,沪深300,4883.48,-1.4625
2021-12-30,sh000300,沪深300,4921.51,0.7787
2021-12-31,sh000300,沪深300,4940.37,0.3832
2022-01-04,sh000300,沪深300,4917.77,-0.4575
2022-01-05,sh000300,沪深300,4868.12,-1.0096
2022-01-06,sh000300,沪深300,4818.23,-1.0248
2022-01-07,sh000300,沪深300,4822.37,0.0859
2022-01-10,sh000300,沪深300,4844.04,0.4494
2022-01-11,sh000300,沪深300,4797.77,-0.9552
2022-01-12,sh000300,沪深300,4845.58,0.9965
2022-01-13,sh000300,沪深300,4765.92,-1.644
2022-01-14,sh000300,沪深300,4726.73,-0.8223
2022-01-17,sh000300,沪深300,4767.28,0.8579
2022-01-18,sh000300,沪深300,4813.35,0.9664
2022-01-19,sh000300,沪深300,4780.38,-0.685
2022-01-20,sh000300,沪深300,4823.51,0.9022
2022-01-21,sh000300,沪深300,4779.31,-0.9163
2022-01-24,sh000300,沪深300,4786.74,0.1555
2022-01-25,sh000300,沪深300,4678.45,-2.2623
2022-01-26,sh000300,沪深300,4712.31,0.7237
2022-01-27,sh000300,沪深300,4619.88,-1.9615
2022-01-28,sh000300,沪深300,4563.77,-1.2145
2022-02-07,sh000300,沪深300,4634.09,1.5408
2022-02-08,sh000300,沪深300,4608.77,-0.5464
2022-02-09,sh000300,沪深300,4652.06,0.9393
2022-02-10,sh000300,沪深300,4639.86,-0.2622
2022-02-11,sh000300,沪深300,4601.4,-0.8289
2022-02-14,sh000300,沪深300,4551.69,-1.0803
2022-02-15,sh000300,沪深300,4600.1,1.0636
2022-02-16,sh000300,沪深300,4617.99,0.3889
2022-02-17,sh000300,沪深300,4629.17,0.2421
2022-02-18,sh000300,沪深300,4651.24,0.4768
2022-02-21,sh000300,沪深300,4634.31,-0.364
2022-02-22,sh000300,沪深300,4574.15,-1.2981
2022-02-23,sh000300,沪深300,4623.05,1.0691
2022-02-24,sh000300,沪深300,4529.32,-2.0274
2022-02-25,sh000300,沪深300,4573.42,0.9737
2022-02-28,sh000300,沪深300,4581.65,0.18
2022-03-01,sh000300,沪深300,4619.69,0.8303
2022-03-02,sh000300,沪深300,4578.6,-0.8895
2022-03-03,sh000300,沪深300,4551.63,-0.589
2022-03-04,sh000300,沪深300,4496.43,-1.2128
2022-03-07,sh000300,沪深300,4352.78,-3.1948
2022-03-08,sh000300,沪深300,4265.39,-2.0077
2022-03-09,sh000300,沪深300,4226.35,-0.9153
2022-03-10,sh000300,沪深300,4292.84,1.5732
2022-03-11,sh000300,沪深300,4306.52,0.3187
2022-03-14,sh000300,沪深300,4174.76,-3.0595
2022-03-15,sh000300,沪深300,3983.81,-4.5739
2022-03-16,sh000300,沪深300,4156.08,4.3243
2022-03-17,sh000300,沪深300,4237.7,1.9639
2022-03-18,sh000300,沪深300,4265.9,0.6655
2022-03-21,sh000300,沪深300,4258.75,-0.1676
2022-03-22,sh000300,沪深300,4255.29,-0.0812
2022-03-23,sh000300,沪深300,4276.52,0.4989
2022-03-24,sh000300,沪深300,4251.31,-0.5895
2022-03-25,sh000300,沪深300,4174.57,-1.8051
2022-03-28,sh000300,沪深300,4148.47,-0.6252
2022-03-29,sh000300,沪深300,4134.14,-0.3454
2022-03-30,sh000300,沪深300,4254.1,2.9017
2022-03-31,sh000300,沪深300,4222.6,-0.7405
2022-04-01,sh000300,沪深300,4276.16,1.2684
2022-04-06,sh000300,沪深300,4263.84,-0.2881
2022-04-07,sh000300,沪深300,4209.1,-1.2838
2022-04-08,sh000300,沪深300,4230.77,0.5148
2022-04-11,sh000300,沪深300,4100.07,-3.0893
2022-04-12,sh000300,沪深300,4179.97,1.9487
2022-04-13,sh000300,沪深300,4139.74,-0.9624
2022-04-14,sh000300,沪深300,4191.57,1.252
2022-04-15,sh000300,沪深300,4188.75,-0.0673
2022-04-18,sh000300,沪深300,4166.38,-0.534
2022-04-19,sh000300,沪深300,4134.9,-0.7556
2022-04-20,sh000300,沪深300,4070.79,-1.5505
2022-04-21,sh000300,沪深300,3995.83,-1.8414
2022-04-22,sh000300,沪深300,4013.25,0.436
2022-04-25,sh000300,沪深300,3814.91,-4.9421
2022-04-26,sh000300,沪深300,3784.12,-0.8071
2022-04-27,sh000300,沪深300,3895.54,2.9444
2022-04-28,sh000300,沪深300,3921.11,0.6564
2022-04-29,sh000300,沪深300,4016.24,2.4261
2022-05-05,sh000300,沪深300,4010.21,-0.1501
2022-05-06,sh000300,沪深300,3908.82,-2.5283
2022-05-09,sh000300,沪深300,3877.44,-0.8028
2022-05-10,sh000300,沪深300,3919.87,1.0943
2022-05-11,sh000300,沪深300,3976.42,1.4426
2022-05-12,sh000300,沪深300,3958.74,-0.4446
2022-05-13,sh000300,沪深300,3988.6,0.7543
2022-05-16,sh000300,沪深300,3956.54,-0.8038
2022-05-17,sh000300,沪深300,4005.89,1.2473
2022-05-18,sh000300,沪深300,3991.91,-0.349
2022-05-19,sh000300,沪深300,3999.6,0.1926
2022-05-20,sh000300,沪深300,4077.6,1.9502
2022-05-23,sh000300,沪深300,4053.98,-0.5793
2022-05-24,sh000300,沪深300,3959.15,-2.3392
2022-05-25,sh000300,沪深300,3983.18,0.6069
2022-05-26,sh000300,沪深300,3993.04,0.2475
2022-05-27,sh000300,沪深300,4001.3,0.2069
2022-05-30,sh000300,沪深300,4029.02,0.6928
2022-05-31,sh000300,沪深300,4091.52,1.5512
2022-06-01,sh000300,沪深300,4083.18,-0.2038
2022-06-02,sh000300,沪深300,4089.57,0.1565
2022-06-06,sh000300,沪深300,4166.09,1.8711
2022-06-07,sh000300,沪深300,4179.13,0.313
2022-06-08,sh000300,沪深300,4219.81,0.9734
2022-06-09,sh000300,沪深300,4175.67,-1.046
2022-06-10,sh000300,沪深300,4238.99,1.5164
2022-06-13,sh000300,沪深300,4189.35,-1.171
2022-06-14,sh000300,沪深300,4222.31,0.7868
2022-06-15,sh000300,沪深300,4278.22,1.3242
2022-06-16,sh000300,沪深300,4250.06,-0.6582
2022-06-17,sh000300,沪深300,4309.04,1.3877
2022-06-20,sh000300,沪深300,4330.43,0.4964
2022-06-21,sh000300,沪深300,4325.57,-0.1122
2022-06-22,sh000300,沪深300,4270.62,-1.2704
2022-06-23,sh000300,沪深300,4343.88,1.7154
2022-06-24,sh000300,沪深300,4394.77,1.1715
2022-06-27,sh000300,沪深300,4444.26,1.1261
2022-06-28,sh000300,沪深300,4490.52,1.0409
2022-06-29,sh000300,沪深300,4421.36,-1.5401
2022-06-30,sh000300,沪深300,4485.01,1.4396
2022-07-01,sh000300,沪深300,4466.72,-0.4078
2022-07-04,sh000300,沪深300,4496.03,0.6562
2022-07-05,sh000300,沪深300,4489.54,-0.1443
2022-07-06,sh000300,沪深300,4423.97,-1.4605
2022-07-07,sh000300,沪深300,4443.47,0.4408
2022-07-08,sh000300,沪深300,4428.78,-0.3306
2022-07-11,sh000300,沪深300,4354.62,-1.6745
2022-07-12,sh000300,沪深300,4313.62,-0.9415
2022-07-13,sh000300,沪深300,4321.46,0.1817
2022-07-14,sh000300,沪深300,4322.07,0.0141
2022-07-15,sh000300,沪深300,4248.53,-1.7015
2022-07-18,sh000300,沪深300,4292.59,1.0371
2022-07-19,sh000300,沪深300,4269.34,-0.5416
2022-07-20,sh000300,沪深300,4283.8,0.3387
2022-07-21,sh000300,沪深300,4236.06,-1.1144
2022-07-22,sh000300,沪深300,4238.23,0.0512
2022-07-25,sh000300,沪深300,4212.64,-0.6038
2022-07-26,sh000300,沪深300,4245.98,0.7914
2022-07-27,sh000300,沪深300,4225.04,-0.4932
2022-07-28,sh000300,沪深300,4225.67,0.0149
2022-07-29,sh000300,沪深300,4170.1,-1.3151
2022-08-01,sh000300,沪深300,4188.68,0.4456
2022-08-02,sh000300,沪深300,4107.02,-1.9495
2022-08-03,sh000300,沪深300,4066.98,-0.9749
2022-08-04,sh000300,沪深300,4101.54,0.8498
2022-08-05,sh000300,沪深300,4156.91,1.35
2022-08-08,sh000300,沪深300,4148.07,-0.2127
2022-08-09,sh000300,沪深300,4156.29,0.1982
2022-08-10,sh000300,沪深300,4109.74,-1.12
2022-08-11,sh000300,沪深300,4193.54,2.0391
2022-08-12,sh000300,沪深300,4191.15,-0.057
2022-08-15,sh000300,沪深300,4185.68,-0.1305
2022-08-16,sh000300,沪深300,4177.84,-0.1873
2022-08-17,sh000300,沪深300,4216.96,0.9364
2022-08-18,sh000300,沪深300,4180.1,-0.8741
2022-08-19,sh000300,沪深300,4151.07,-0.6945
2022-08-22,sh000300,沪深300,4181.4,0.7307
2022-08-23,sh000300,沪深300,4161.08,-0.486
2022-08-24,sh000300,沪深300,4082.42,-1.8904
2022-08-25,sh000300,沪深300,4116.24,0.8284
2022-08-26,sh000300,沪深300,4107.55,-0.2111
2022-08-29,sh000300,沪深300,4089.52,-0.4389
2022-08-30,sh000300,沪深300,4075.79,-0.3357
2022-08-31,sh000300,沪深300,4078.84,0.0748
2022-09-01,sh000300,沪深300,4043.74,-0.8605
2022-09-02,sh000300,沪深300,4023.61,-0.4978
2022-09-05,sh000300,沪深300,4015.43,-0.2033
2022-09-06,sh000300,沪深300,4052.28,0.9177
2022-09-07,sh000300,沪深300,4054.98,0.0666
2022-09-08,sh000300,沪深300,4037.68,-0.4266
2022-09-09,sh000300,沪深300,4093.79,1.3897
2022-09-13,sh000300,沪深300,4111.11,0.4231
2022-09-14,sh000300,沪深300,4065.36,-1.1128
2022-09-15,sh000300,沪深300,4027.12,-0.9406
2022-09-16,sh000300,沪深300,3932.68,-2.3451
2022-09-19,sh000300,沪深300,3928.0,-0.119
2022-09-20,sh000300,沪深300,3932.84,0.1232
2022-09-21,sh000300,沪深300,3903.73,-0.7402
2022-09-22,sh000300,沪深300,3869.34,-0.881
2022-09-23,sh000300,沪深300,3856.02,-0.3442
2022-09-26,sh000300,沪深300,3836.68,-0.5016
2022-09-27,sh000300,沪深300,3892.3,1.4497
2022-09-28,sh000300,沪深300,3828.71,-1.6337
2022-09-29,sh000300,沪深300,3827.14,-0.041
2022-09-30,sh000300,沪深300,3804.89,-0.5814
2022-10-10,sh000300,沪深300,3720.94,-2.2064
2022-10-11,sh000300,沪深300,3727.69,0.1814
2022-10-12,sh000300,沪深300,3784.31,1.5189
2022-10-13,sh000300,沪深300,3752.67,-0.8361
2022-10-14,sh000300,沪深300,3842.47,2.393
2022-10-17,sh000300,沪深300,3846.41,0.1025
2022-10-18,sh000300,沪深300,3838.27,-0.2116
2022-10-19,sh000300,沪深300,3776.53,-1.6085
2022-10-20,sh000300,沪深300,3754.93,-0.572
2022-10-21,sh000300,沪深300,3742.89,-0.3206
2022-10-24,sh000300,沪深300,3633.37,-2.9261
2022-10-25,sh000300,沪深300,3627.45,-0.1629
2022-10-26,sh000300,沪深300,3656.9,0.8119
2022-10-27,sh000300,沪深300,3631.14,-0.7044
2022-10-28,sh000300,沪深300,3541.33,-2.4733
2022-10-31,sh000300,沪深300,3508.7,-0.9214
2022-11-01,sh000300,沪深300,3634.17,3.576
2022-11-02,sh000300,沪深300,3677.81,1.2008
2022-11-03,sh000300,沪深300,3647.9,-0.8133
2022-11-04,sh000300,沪深300,3767.17,3.2696
2022-11-07,sh000300,沪深300,3775.3,0.2158
2022-11-08,sh000300,沪深300,3749.33,-0.6879
2022-11-09,sh000300,沪深300,3714.27,-0.9351
2022-11-10,sh000300,沪深300,3685.69,-0.7695
2022-11-11,sh000300,沪深300,3788.44,2.7878
2022-11-14,sh000300,沪深300,3794.02,0.1473
2022-11-15,sh000300,沪深300,3865.97,1.8964
2022-11-16,sh000300,沪深300,3834.39,-0.8169
2022-11-17,sh000300,沪深300,3818.66,-0.4102
2022-11-18,sh000300,沪深300,3801.57,-0.4475
2022-11-21,sh000300,沪深300,3769.13,-0.8533
2022-11-22,sh000300,沪深300,3769.57,0.0117
2022-11-23,sh000300,沪深300,3773.53,0.1051
2022-11-24,sh000300,沪深300,3756.81,-0.4431
2022-11-25,sh000300,沪深300,3775.78,0.5049
2022-11-28,sh000300,沪深300,3733.24,-1.1267
2022-11-29,sh000300,沪深300,3848.42,3.0853
2022-11-30,sh000300,沪深300,3853.04,0.12
2022-12-01,sh000300,沪深300,3894.77,1.083
2022-12-02,sh000300,沪深300,3870.95,-0.6116
2022-12-05,sh000300,沪深300,3946.88,1.9615
2022-12-06,sh000300,沪深300,3968.2,0.5402
2022-12-07,sh000300,沪深300,3958.44,-0.246
2022-12-08,sh000300,沪深300,3959.18,0.0187
2022-12-09,sh000300,沪深300,3998.24,0.9866
2022-12-12,sh000300,沪深300,3953.44,-1.1205
2022-12-13,sh000300,沪深300,3945.68,-0.1963
2022-12-14,sh000300,沪深300,3954.89,0.2334
2022-12-15,sh000300,沪深300,3951.99,-0.0733
2022-12-16,sh000300,沪深300,3954.23,0.0567
2022-12-19,sh000300,沪深300,3893.22,-1.5429
2022-12-20,sh000300,沪深300,3829.02,-1.649
2022-12-21,sh000300,沪深300,3830.54,0.0397
2022-12-22,sh000300,沪深300,3836.03,0.1433
2022-12-23,sh000300,沪深300,3828.22,-0.2036
2022-12-26,sh000300,沪深300,3843.49,0.3989
2022-12-27,sh000300,沪深300,3887.85,1.1542
2022-12-28,sh000300,沪深300,3871.26,-0.4267
2022-12-29,sh000300,沪深300,3856.7,-0.3761
2022-12-30,sh000300,沪深300,3871.63,0.3871
2023-01-03,sh000300,沪深300,3887.9,0.4202
2023-01-04,sh000300,沪深300,3892.95,0.1299
2023-01-05,sh000300,沪深300,3968.58,1.9427
2023-01-06,sh000300,沪深300,3980.89,0.3102
2023-01-09,sh000300,沪深300,4013.12,0.8096
2023-01-10,sh000300,沪深300,4017.47,0.1084
2023-01-11,sh000300,沪深300,4010.03,-0.1852
2023-01-12,sh000300,沪深300,4017.87,0.1955
2023-01-13,sh000300,沪深300,4074.38,1.4065
2023-01-16,sh000300,沪深300,4137.96,1.5605
2023-01-17,sh000300,沪深300,4137.24,-0.0174
2023-01-18,sh000300,沪深300,4130.31,-0.1675
2023-01-19,sh000300,沪深300,4156.01,0.6222
2023-01-20,sh000300,沪深300,4181.53,0.6141
2023-01-30,sh000300,沪深300,4201.35,0.474
2023-01-31,sh000300,沪深300,4156.86,-1.0589
2023-02-01,sh000300,沪深300,4195.93,0.9399
2023-02-02,sh000300,沪深300,4181.15,-0.3522
2023-02-03,sh000300,沪深300,4141.63,-0.9452
2023-02-06,sh000300,沪深300,4086.88,-1.3219
2023-02-07,sh000300,沪深300,4094.23,0.1798
2023-02-08,sh000300,沪深300,4076.14,-0.4418
2023-02-09,sh000300,沪深300,4130.86,1.3424
2023-02-10,sh000300,沪深300,4106.31,-0.5943
2023-02-13,sh000300,沪深300,4143.57,0.9074
2023-02-14,sh000300,沪深300,4145.29,0.0415
2023-02-15,sh000300,沪深300,4123.69,-0.5211
2023-02-16,sh000300,沪深300,4093.49,-0.7324
2023-02-17,sh000300,沪深300,4034.51,-1.4408
2023-02-20,sh000300,沪深300,4133.49,2.4533
2023-02-21,sh000300,沪深300,4144.35,0.2627
2023-02-22,sh000300,沪深300,4106.95,-0.9024
2023-02-23,sh000300,沪深300,4103.65,-0.0804
2023-02-24,sh000300,沪深300,4061.05,-1.0381
2023-02-27,sh000300,沪深300,4043.84,-0.4238
2023-02-28,sh000300,沪深300,4069.46,0.6336
2023-03-01,sh000300,沪深300,4126.94,1.4125
2023-03-02,sh000300,沪深300,4117.74,-0.2229
2023-03-03,sh000300,沪深300,4130.55,0.3111
2023-03-06,sh000300,沪深300,4109.01,-0.5215
2023-03-07,sh000300,沪深300,4048.85,-1.4641
2023-03-08,sh000300,沪深300,4034.11,-0.3641
2023-03-09,sh000300,沪深300,4019.85,-0.3535
2023-03-10,sh000300,沪深300,3967.14,-1.3112
2023-03-13,sh000300,沪深300,4008.69,1.0474
2023-03-14,sh000300,沪深300,3984.7,-0.5984
2023-03-15,sh000300,沪深300,3986.9,0.0552
2023-03-16,sh000300,沪深300,3939.15,-1.1977
2023-03-17,sh000300,沪深300,3958.82,0.4993
2023-03-20,sh000300,沪深300,3939.08,-0.4986
2023-03-21,sh000300,沪深300,3982.38,1.0992
2023-03-22,sh000300,沪深300,3999.44,0.4284
2023-03-23,sh000300,沪深300,4039.09,0.9914
2023-03-24,sh000300,沪深300,4027.05,-0.2981
2023-03-27,sh000300,沪深300,4012.48,-0.3618
2023-03-28,sh000300,沪深300,3999.51,-0.3232
2023-03-29,sh000300,沪深300,4006.14,0.1658
2023-03-30,sh000300,沪深300,4038.53,0.8085
2023-03-31,sh000300,沪深300,4050.93,0.307
2023-04-03,sh000300,沪深300,4090.57,0.9785
2023-04-04,sh000300,沪深300,4103.11,0.3066
2023-04-06,sh000300,沪深300,4096.64,-0.1577
2023-04-07,sh000300,沪深300,4123.28,0.6503
2023-04-10,sh000300,沪深300,4104.81,-0.4479
2023-04-11,sh000300,沪深300,4100.15,-0.1135
2023-04-12,sh000300,沪深300,4097.29,-0.0698
2023-04-13,sh000300,沪深300,4068.98,-0.6909
2023-04-14,sh000300,沪深300,4092.0,0.5657
2023-04-17,sh000300,沪深300,4149.38,1.4022
2023-04-18,sh000300,沪深300,4162.03,0.3049
2023-04-19,sh000300,沪深300,4124.56,-0.9003
2023-04-20,sh000300,沪深300,4113.02,-0.2798
2023-04-21,sh000300,沪深300,4032.57,-1.956
2023-04-24,sh000300,沪深300,3982.64,-1.2382
2023-04-25,sh000300,沪深300,3962.67,-0.5014
2023-04-26,sh000300,沪深300,3959.23,-0.0868
2023-04-27,sh000300,沪深300,3988.42,0.7373
2023-04-28,sh000300,沪深300,4029.09,1.0197
2023-05-04,sh000300,沪深300,4030.25,0.0288
2023-05-05,sh000300,沪深300,4016.88,-0.3317
2023-05-08,sh000300,沪深300,4062.66,1.1397
2023-05-09,sh000300,沪深300,4027.88,-0.8561
2023-05-10,sh000300,沪深300,3996.87,-0.7699
2023-05-11,sh000300,沪深300,3990.66,-0.1554
2023-05-12,sh000300,沪深300,3937.76,-1.3256
2023-05-15,sh000300,沪深300,3998.89,1.5524
2023-05-16,sh000300,沪深300,3978.21,-0.5171
2023-05-17,sh000300,沪深300,3960.17,-0.4535
2023-05-18,sh000300,沪深300,3956.07,-0.1035
2023-05-19,sh000300,沪深300,3944.54,-0.2915
2023-05-22,sh000300,沪深300,3969.33,0.6285
2023-05-23,sh000300,沪深300,3913.19,-1.4143
2023-05-24,sh000300,沪深300,3859.09,-1.3825
2023-05-25,sh000300,沪深300,3850.5,-0.2226
2023-05-26,sh000300,沪深300,3850.95,0.0117
2023-05-29,sh000300,沪深300,3833.94,-0.4417
2023-05-30,sh000300,沪深300,3837.75,0.0994
2023-05-31,sh000300,沪深300,3798.54,-1.0217
2023-06-01,sh000300,沪深300,3806.87,0.2193
2023-06-02,sh000300,沪深300,3861.83,1.4437
2023-06-05,sh000300,沪深300,3844.25,-0.4552
2023-06-06,sh000300,沪深300,3808.16,-0.9388
2023-06-07,sh000300,沪深300,3789.34,-0.4942
2023-06-08,sh000300,沪深300,3820.19,0.8141
2023-06-09,sh000300,沪深300,3836.7,0.4322
2023-06-12,sh000300,沪深300,3844.43,0.2015
2023-06-13,sh000300,沪深300,3864.91,0.5327
2023-06-14,sh000300,沪深300,3864.02,-0.023
2023-06-15,sh000300,沪深300,3925.5,1.5911
2023-06-16,sh000300,沪深300,3963.35,0.9642
2023-06-19,sh000300,沪深300,3930.91,-0.8185
2023-06-20,sh000300,沪深300,3924.24,-0.1697
2023-06-21,sh000300,沪深300,3864.03,-1.5343
2023-06-26,sh000300,沪深300,3809.7,-1.406
2023-06-27,sh000300,沪深300,3845.43,0.9379
2023-06-28,sh000300,沪深300,3840.8,-0.1204
2023-06-29,sh000300,沪深300,3821.84,-0.4936
2023-06-30,sh000300,沪深300,3842.45,0.5393
2023-07-03,sh000300,沪深300,3892.88,1.3124
2023-07-04,sh000300,沪深300,3899.01,0.1575
2023-07-05,sh000300,沪深300,3868.81,-0.7746
2023-07-06,sh000300,沪深300,3842.75,-0.6736
2023-07-07,sh000300,沪深300,3825.7,-0.4437
2023-07-10,sh000300,沪深300,3844.33,0.487
2023-07-11,sh000300,沪深300,3869.49,0.6545
2023-07-12,sh000300,沪深300,3843.44,-0.6732
2023-07-13,sh000300,沪深300,3898.42,1.4305
2023-07-14,sh000300,沪深300,3899.1,0.0174
2023-07-17,sh000300,沪深300,3867.17,-0.8189
2023-07-18,sh000300,沪深300,3854.94,-0.3163
2023-07-19,sh000300,沪深300,3850.87,-0.1056
2023-07-20,sh000300,沪深300,3823.69,-0.7058
2023-07-21,sh000300,沪深300,3821.91,-0.0466
2023-07-24,sh000300,沪深300,3805.22,-0.4367
2023-07-25,sh000300,沪深300,3915.12,2.8881
2023-07-26,sh000300,沪深300,3907.01,-0.2071
2023-07-27,sh000300,沪深300,3902.35,-0.1193
2023-07-28,sh000300,沪深300,3992.74,2.3163
2023-07-31,sh000300,沪深300,4014.63,0.5482
2023-08-01,sh000300,沪深300,3998.0,-0.4142
2023-08-02,sh000300,沪深300,3969.9,-0.7029
2023-08-03,sh000300,沪深300,4004.98,0.8836
2023-08-04,sh000300,沪深300,4020.58,0.3895
2023-08-07,sh000300,沪深300,3990.15,-0.7569
2023-08-08,sh000300,沪深300,3979.73,-0.2611
2023-08-09,sh000300,沪深300,3967.57,-0.3055
2023-08-10,sh000300,沪深300,3975.72,0.2054
2023-08-11,sh000300,沪深300,3884.25,-2.3007
2023-08-14,sh000300,沪深300,3855.91,-0.7296
2023-08-15,sh000300,沪深300,3846.54,-0.243
2023-08-16,sh000300,沪深300,3818.33,-0.7334
2023-08-17,sh000300,沪深300,3831.1,0.3344
2023-08-18,sh000300,沪深300,3784.0,-1.2294
2023-08-21,sh000300,沪深300,3729.56,-1.4387
2023-08-22,sh000300,沪深300,3758.23,0.7687
2023-08-23,sh000300,沪深300,3696.63,-1.6391
2023-08-24,sh000300,沪深300,3723.43,0.725
2023-08-25,sh000300,沪深300,3709.15,-0.3835
2023-08-28,sh000300,沪深300,3752.62,1.172
2023-08-29,sh000300,沪深300,3790.11,0.999
2023-08-30,sh000300,沪深300,3788.51,-0.0422
2023-08-31,sh000300,沪深300,3765.27,-0.6134
2023-09-01,sh000300,沪深300,3791.49,0.6964
2023-09-04,sh000300,沪深300,3848.95,1.5155
2023-09-05,sh000300,沪深300,3820.32,-0.7438
2023-09-06,sh000300,沪深300,3812.03,-0.217
2023-09-07,sh000300,沪深300,3758.47,-1.405
2023-09-08,sh000300,沪深300,3739.99,-0.4917
2023-09-11,sh000300,沪深300,3767.54,0.7366
2023-09-12,sh000300,沪深300,3760.6,-0.1842
2023-09-13,sh000300,沪深300,3736.65,-0.6369
2023-09-14,sh000300,沪深300,3733.51,-0.084
2023-09-15,sh000300,沪深300,3708.78,-0.6624
2023-09-18,sh000300,沪深300,3727.71,0.5104
2023-09-19,sh000300,沪深300,3720.5,-0.1934
2023-09-20,sh000300,沪深300,3705.69,-0.3981
2023-09-21,sh000300,沪深300,3672.44,-0.8973
2023-09-22,sh000300,沪深300,3738.93,1.8105
2023-09-25,sh000300,沪深300,3714.6,-0.6507
2023-09-26,sh000300,沪深300,3692.89,-0.5845
2023-09-27,sh000300,沪深300,3700.5,0.2061
2023-09-28,sh000300,沪深300,3689.52,-0.2967
2023-10-09,sh000300,沪深300,3684.73,-0.1298
2023-10-10,sh000300,沪深300,3657.13,-0.749
2023-10-11,sh000300,沪深300,3667.55,0.2849
2023-10-12,sh000300,沪深300,3702.38,0.9497
2023-10-13,sh000300,沪深300,3663.41,-1.0526
2023-10-16,sh000300,沪深300,3626.6,-1.0048
2023-10-17,sh000300,沪深300,3639.4,0.3529
2023-10-18,sh000300,沪深300,3610.58,-0.7919
2023-10-19,sh000300,沪深300,3533.54,-2.1337
2023-10-20,sh000300,沪深300,3510.59,-0.6495
2023-10-23,sh000300,沪深300,3474.24,-1.0354
2023-10-24,sh000300,沪深300,3487.13,0.371
2023-10-25,sh000300,沪深300,3504.46,0.497
2023-10-26,sh000300,沪深300,3514.14,0.2762
2023-10-27,sh000300,沪深300,3562.39,1.373
2023-10-30,sh000300,沪深300,3583.77,0.6002
2023-10-31,sh000300,沪深300,3572.51,-0.3142
2023-11-01,sh000300,沪深300,3571.03,-0.0414
2023-11-02,sh000300,沪深300,3554.19,-0.4716
2023-11-03,sh000300,沪深300,3584.14,0.8427
2023-11-06,sh000300,沪深300,3632.61,1.3523
2023-11-07,sh000300,沪深300,3619.76,-0.3537
2023-11-08,sh000300,沪深300,3611.07,-0.2401
2023-11-09,sh000300,沪深300,3612.83,0.0487
2023-11-10,sh000300,沪深300,3586.49,-0.7291
2023-11-13,sh000300,沪深300,3579.41,-0.1974
2023-11-14,sh000300,沪深300,3582.06,0.074
2023-11-15,sh000300,沪深300,3607.25,0.7032
2023-11-16,sh000300,沪深300,3572.36,-0.9672
2023-11-17,sh000300,沪深300,3568.07,-0.1201
2023-11-20,sh000300,沪深300,3576.32,0.2312
2023-11-21,sh000300,沪深300,3581.07,0.1328
2023-11-22,sh000300,沪深300,3544.42,-1.0234
2023-11-23,sh000300,沪深300,3561.52,0.4824
2023-11-24,sh000300,沪深300,3538.01,-0.6601
2023-11-27,sh000300,沪深300,3511.94,-0.7369
2023-11-28,sh000300,沪深300,3518.52,0.1874
2023-11-29,sh000300,沪深300,3488.31,-0.8586
2023-11-30,sh000300,沪深300,3496.2,0.2262
2023-12-01,sh000300,沪深300,3482.88,-0.381
2023-12-04,sh000300,沪深300,3460.14,-0.6529
2023-12-05,sh000300,沪深300,3394.26,-1.904
2023-12-06,sh000300,沪深300,3399.6,0.1573
2023-12-07,sh000300,沪深300,3391.28,-0.2447
2023-12-08,sh000300,沪深300,3399.46,0.2412
2023-12-11,sh000300,沪深300,3419.45,0.588
2023-12-12,sh000300,沪深300,3426.8,0.2149
2023-12-13,sh000300,沪深300,3369.61,-1.6689
2023-12-14,sh000300,沪深300,3351.96,-0.5238
2023-12-15,sh000300,沪深300,3341.55,-0.3106
2023-12-18,sh000300,沪深300,3329.37,-0.3645
2023-12-19,sh000300,沪深300,3334.04,0.1403
2023-12-20,sh000300,沪深300,3297.5,-1.096
2023-12-21,sh000300,沪深300,3330.87,1.012
2023-12-22,sh000300,沪深300,3337.23,0.1909
2023-12-25,sh000300,沪深300,3347.45,0.3062
2023-12-26,sh000300,沪深300,3324.79,-0.6769
2023-12-27,sh000300,沪深300,3336.36,0.348
2023-12-28,sh000300,沪深300,3414.54,2.3433
2023-12-29,sh000300,沪深300,3431.11,0.4853
2024-01-02,sh000300,沪深300,3386.35,-1.3045
2024-01-03,sh000300,沪深300,3378.3,-0.2377
2024-01-04,sh000300,沪深300,3347.05,-0.925
2024-01-05,sh000300,沪深300,3329.11,-0.536
2024-01-08,sh000300,沪深300,3286.06,-1.2931
2024-01-09,sh000300,沪深300,3292.5,0.196
2024-01-10,sh000300,沪深300,3277.13,-0.4668
2024-01-11,sh000300,沪深300,3295.67,0.5657
2024-01-12,sh000300,沪深300,3284.17,-0.3489
2024-01-15,sh000300,沪深300,3280.92,-0.099
2024-01-16,sh000300,沪深300,3300.88,0.6084
2024-01-17,sh000300,沪深300,3229.08,-2.1752
2024-01-18,sh000300,沪深300,3274.73,1.4137
2024-01-19,sh000300,沪深300,3269.78,-0.1512
2024-01-22,sh000300,沪深300,3218.9,-1.5561
2024-01-23,sh000300,沪深300,3231.93,0.4048
2024-01-24,sh000300,沪深300,3277.11,1.3979
2024-01-25,sh000300,沪深300,3342.92,2.0082
2024-01-26,sh000300,沪深300,3333.82,-0.2722
2024-01-29,sh000300,沪深300,3303.96,-0.8957
2024-01-30,sh000300,沪深300,3245.04,-1.7833
2024-01-31,sh000300,沪深300,3215.35,-0.9149
2024-02-01,sh000300,沪深300,3217.71,0.0734
2024-02-02,sh000300,沪深300,3179.63,-1.1835
2024-02-05,sh000300,沪深300,3200.42,0.6538
2024-02-06,sh000300,沪深300,3311.69,3.4767
2024-02-07,sh000300,沪深300,3343.63,0.9645
2024-02-08,sh000300,沪深300,3364.93,0.637
2024-02-19,sh000300,沪深300,3403.81,1.1554
2024-02-20,sh000300,沪深300,3410.85,0.2068
2024-02-21,sh000300,沪深300,3456.87,1.3492
2024-02-22,sh000300,沪深300,3486.67,0.8621
2024-02-23,sh000300,沪深300,3489.74,0.088
2024-02-26,sh000300,沪深300,3453.36,-1.0425
2024-02-27,sh000300,沪深300,3494.79,1.1997
2024-02-28,sh000300,沪深300,3450.26,-1.2742
2024-02-29,sh000300,沪深300,3516.08,1.9077
2024-03-01,sh000300,沪深300,3537.8,0.6177
2024-03-04,sh000300,沪深300,3540.87,0.0868
2024-03-05,sh000300,沪深300,3565.51,0.6959
2024-03-06,sh000300,沪深300,3551.05,-0.4056
2024-03-07,sh000300,沪深300,3529.72,-0.6007
2024-03-08,sh000300,沪深300,3544.91,0.4303
2024-03-11,sh000300,沪深300,3589.26,1.2511
2024-03-12,sh000300,沪深300,3597.49,0.2293
2024-03-13,sh000300,沪深300,3572.36,-0.6985
2024-03-14,sh000300,沪深300,3562.22,-0.2838
2024-03-15,sh000300,沪深300,3569.99,0.2181
2024-03-18,sh000300,沪深300,3603.53,0.9395
2024-03-19,sh000300,沪深300,3577.63,-0.7187
2024-03-20,sh000300,沪深300,3585.38,0.2166
2024-03-21,sh000300,沪深300,3581.09,-0.1197
2024-03-22,sh000300,沪深300,3545.0,-1.0078
2024-03-25,sh000300,沪深300,3525.76,-0.5427
2024-03-26,sh000300,沪深300,3543.75,0.5102
2024-03-27,sh000300,沪深300,3502.79,-1.1558
2024-03-28,sh000300,沪深300,3520.96,0.5187
2024-03-29,sh000300,沪深300,3537.48,0.4692
2024-04-01,sh000300,沪深300,3595.65,1.6444
2024-04-02,sh000300,沪深300,3580.68,-0.4163
2024-04-03,sh000300,沪深300,3567.8,-0.3597
2024-04-08,sh000300,沪深300,3536.41,-0.8798
2024-04-09,sh000300,沪深300,3533.49,-0.0826
2024-04-10,sh000300,沪深300,3504.71,-0.8145
2024-04-11,sh000300,沪深300,3504.24,-0.0134
2024-04-12,sh000300,沪深300,3475.84,-0.8104
2024-04-15,sh000300,沪深300,3549.08,2.1071
2024-04-16,sh000300,沪深300,3511.11,-1.0699
2024-04-17,sh000300,沪深300,3565.4,1.5462
2024-04-18,sh000300,沪深300,3569.8,0.1234
2024-04-19,sh000300,沪深300,3541.66,-0.7883
2024-04-22,sh000300,沪深300,3530.9,-0.3038
2024-04-23,sh000300,沪深300,3506.22,-0.699
2024-04-24,sh000300,沪深300,3521.62,0.4392
2024-04-25,sh000300,沪深300,3530.28,0.2459
2024-04-26,sh000300,沪深300,3584.27,1.5293
2024-04-29,sh000300,沪深300,3623.91,1.1059
2024-04-30,sh000300,沪深300,3604.39,-0.5386
2024-05-06,sh000300,沪深300,3657.88,1.484
2024-05-07,sh000300,沪深300,3659.01,0.0309
2024-05-08,sh000300,沪深300,3630.22,-0.7868
2024-05-09,sh000300,沪深300,3664.56,0.9459
2024-05-10,sh000300,沪深300,3666.28,0.0469
2024-05-13,sh000300,沪深300,3664.69,-0.0434
2024-05-14,sh000300,沪深300,3657.05,-0.2085
2024-05-15,sh000300,沪深300,3626.06,-0.8474
2024-05-16,sh000300,沪深300,3640.36,0.3944
2024-05-17,sh000300,沪深300,3677.97,1.0331
2024-05-20,sh000300,沪深300,3690.96,0.3532
2024-05-21,sh000300,沪深300,3676.16,-0.401
2024-05-22,sh000300,沪深300,3684.45,0.2255
2024-05-23,sh000300,沪深300,3641.79,-1.1578
2024-05-24,sh000300,沪深300,3601.48,-1.1069
2024-05-27,sh000300,沪深300,3635.71,0.9504
2024-05-28,sh000300,沪深300,3609.17,-0.73
2024-05-29,sh000300,沪深300,3613.52,0.1205
2024-05-30,sh000300,沪深300,3594.31,-0.5316
2024-05-31,sh000300,沪深300,3579.92,-0.4004
2024-06-03,sh000300,沪深300,3588.75,0.2467
2024-06-04,sh000300,沪深300,3615.67,0.7501
2024-06-05,sh000300,沪深300,3594.79,-0.5775
2024-06-06,sh000300,沪深300,3592.25,-0.0707
2024-06-07,sh000300,沪深300,3574.11,-0.505
2024-06-11,sh000300,沪深300,3542.88,-0.8738
2024-06-12,sh000300,沪深300,3544.12,0.035
2024-06-13,sh000300,沪深300,3526.13,-0.5076
2024-06-14,sh000300,沪深300,3541.53,0.4367
2024-06-17,sh000300,沪深300,3536.2,-0.1505
2024-06-18,sh000300,沪深300,3545.59,0.2655
2024-06-19,sh000300,沪深300,3528.75,-0.475
2024-06-20,sh000300,沪深300,3503.28,-0.7218
2024-06-21,sh000300,沪深300,3495.62,-0.2187
2024-06-24,sh000300,沪深300,3476.81,-0.5381
2024-06-25,sh000300,沪深300,3457.9,-0.5439
2024-06-26,sh000300,沪深300,3480.26,0.6466
2024-06-27,sh000300,沪深300,3454.12,-0.7511
2024-06-28,sh000300,沪深300,3461.66,0.2183
2024-07-01,sh000300,沪深300,3478.18,0.4772
2024-07-02,sh000300,沪深300,3471.79,-0.1837
2024-07-03,sh000300,沪深300,3463.41,-0.2414
2024-07-04,sh000300,沪深300,3445.81,-0.5082
2024-07-05,sh000300,沪深300,3431.06,-0.4281
2024-07-08,sh000300,沪深300,3401.76,-0.854
2024-07-09,sh000300,沪深300,3439.81,1.1185
2024-07-10,sh000300,沪深300,3428.97,-0.3151
2024-07-11,sh000300,沪深300,3468.17,1.1432
2024-07-12,sh000300,沪深300,3472.4,0.122
2024-07-15,sh000300,沪深300,3476.25,0.1109
2024-07-16,sh000300,沪深300,3498.28,0.6337
2024-07-17,sh000300,沪深300,3501.58,0.0943
2024-07-18,sh000300,沪深300,3520.93,0.5526
2024-07-19,sh000300,沪深300,3539.02,0.5138
2024-07-22,sh000300,沪深300,3514.92,-0.681
2024-07-23,sh000300,沪深300,3439.88,-2.1349
2024-07-24,sh000300,沪深300,3418.17,-0.6311
2024-07-25,sh000300,沪深300,3399.27,-0.5529
2024-07-26,sh000300,沪深300,3409.29,0.2948
2024-07-29,sh000300,沪深300,3390.74,-0.5441
2024-07-30,sh000300,沪深300,3369.38,-0.63
2024-07-31,sh000300,沪深300,3442.08,2.1577
2024-08-01,sh000300,沪深300,3419.27,-0.6627
2024-08-02,sh000300,沪深300,3384.39,-1.0201
2024-08-05,sh000300,沪深300,3343.32,-1.2135
2024-08-06,sh000300,沪深300,3342.98,-0.0102
2024-08-07,sh000300,沪深300,3341.49,-0.0446
2024-08-08,sh000300,沪深300,3342.94,0.0434
2024-08-09,sh000300,沪深300,3331.63,-0.3383
2024-08-12,sh000300,沪深300,3325.86,-0.1732
2024-08-13,sh000300,沪深300,3334.39,0.2565
2024-08-14,sh000300,沪深300,3309.24,-0.7543
2024-08-15,sh000300,沪深300,3341.95,0.9884
2024-08-16,sh000300,沪深300,3345.63,0.1101
2024-08-19,sh000300,沪深300,3356.97,0.3389
2024-08-20,sh000300,沪深300,3332.7,-0.723
2024-08-21,sh000300,沪深300,3321.64,-0.3319
2024-08-22,sh000300,沪深300,3313.14,-0.2559
2024-08-23,sh000300,沪深300,3327.19,0.4241
2024-08-26,sh000300,沪深300,3324.22,-0.0893
2024-08-27,sh000300,沪深300,3305.33,-0.5683
2024-08-28,sh000300,沪深300,3286.5,-0.5697
2024-08-29,sh000300,沪深300,3277.68,-0.2684
2024-08-30,sh000300,沪深300,3321.43,1.3348
2024-09-02,sh000300,沪深300,3265.01,-1.6987
2024-09-03,sh000300,沪深300,3273.43,0.2579
2024-09-04,sh000300,沪深300,3252.16,-0.6498
2024-09-05,sh000300,沪深300,3257.76,0.1722
2024-09-06,sh000300,沪深300,3231.35,-0.8107
2024-09-09,sh000300,沪深300,3192.95,-1.1884
2024-09-10,sh000300,沪深300,3195.76,0.088
2024-09-11,sh000300,沪深300,3186.13,-0.3013
2024-09-12,sh000300,沪深300,3172.47,-0.4287
2024-09-13,sh000300,沪深300,3159.25,-0.4167
2024-09-18,sh000300,沪深300,3171.01,0.3722
2024-09-19,sh000300,沪深300,3196.04,0.7893
2024-09-20,sh000300,沪深300,3201.05,0.1568
2024-09-23,sh000300,沪深300,3212.76,0.3658
2024-09-24,sh000300,沪深300,3351.91,4.3312
2024-09-25,sh000300,沪深300,3401.53,1.4804
2024-09-26,sh000300,沪深300,3545.32,4.2272
2024-09-27,sh000300,沪深300,3703.68,4.4667
2024-09-30,sh000300,沪深300,4017.85,8.4826
2024-10-08,sh000300,沪深300,4256.1,5.9298
2024-10-09,sh000300,沪深300,3955.98,-7.0515
2024-10-10,sh000300,沪深300,3997.79,1.0569
2024-10-11,sh000300,沪深300,3887.17,-2.767
2024-10-14,sh000300,沪深300,3961.34,1.9081
2024-10-15,sh000300,沪深300,3855.99,-2.6595
2024-10-16,sh000300,沪深300,3831.59,-0.6328
2024-10-17,sh000300,沪深300,3788.22,-1.1319
2024-10-18,sh000300,沪深300,3925.23,3.6167
2024-10-21,sh000300,沪深300,3935.2,0.254
2024-10-22,sh000300,沪深300,3957.78,0.5738
2024-10-23,sh000300,沪深300,3973.21,0.3899
2024-10-24,sh000300,沪深300,3928.83,-1.117
2024-10-25,sh000300,沪深300,3956.42,0.7022
2024-10-28,sh000300,沪深300,3964.16,0.1956
2024-10-29,sh000300,沪深300,3924.65,-0.9967
2024-10-30,sh000300,沪深300,3889.45,-0.8969
2024-10-31,sh000300,沪深300,3891.04,0.0409
2024-11-01,sh000300,沪深300,3890.02,-0.0262
2024-11-04,sh000300,沪深300,3944.76,1.4072
2024-11-05,sh000300,沪深300,4044.57,2.5302
2024-11-06,sh000300,沪深300,4024.28,-0.5017
2024-11-07,sh000300,沪深300,4145.7,3.0172
2024-11-08,sh000300,沪深300,4104.05,-1.0047
2024-11-11,sh000300,沪深300,4131.13,0.6598
2024-11-12,sh000300,沪深300,4085.74,-1.0987
2024-11-13,sh000300,沪深300,4110.89,0.6156
2024-11-14,sh000300,沪深300,4039.62,-1.7337
2024-11-15,sh000300,沪深300,3968.83,-1.7524
2024-11-18,sh000300,沪深300,3950.38,-0.4649
2024-11-19,sh000300,沪深300,3976.89,0.6711
2024-11-20,sh000300,沪深300,3985.77,0.2233
2024-11-21,sh000300,沪深300,3989.3,0.0886
2024-11-22,sh000300,沪深300,3865.7,-3.0983
2024-11-25,sh000300,沪深300,3848.09,-0.4555
2024-11-26,sh000300,沪深300,3840.18,-0.2056
2024-11-27,sh000300,沪深300,3907.04,1.7411
2024-11-28,sh000300,沪深300,3872.55,-0.8828
2024-11-29,sh000300,沪深300,3916.58,1.137
2024-12-02,sh000300,沪深300,3947.63,0.7928
2024-12-03,sh000300,沪深300,3951.89,0.1079
2024-12-04,sh000300,沪深300,3930.56,-0.5397
2024-12-05,sh000300,沪深300,3921.59,-0.2282
2024-12-06,sh000300,沪深300,3973.14,1.3145
2024-12-09,sh000300,沪深300,3966.57,-0.1654
2024-12-10,sh000300,沪深300,3995.64,0.7329
2024-12-11,sh000300,沪深300,3988.83,-0.1704
2024-12-12,sh000300,沪深300,4028.5,0.9945
2024-12-13,sh000300,沪深300,3933.18,-2.3661
2024-12-16,sh000300,沪深300,3911.84,-0.5426
2024-12-17,sh000300,沪深300,3922.03,0.2605
2024-12-18,sh000300,沪深300,3941.89,0.5064
2024-12-19,sh000300,沪深300,3945.46,0.0906
2024-12-20,sh000300,沪深300,3927.74,-0.4491
2024-12-23,sh000300,沪深300,3933.57,0.1484
2024-12-24,sh000300,沪深300,3983.69,1.2742
2024-12-25,sh000300,沪深300,3985.63,0.0487
2024-12-26,sh000300,沪深300,3987.48,0.0464
2024-12-27,sh000300,沪深300,3981.03,-0.1618
2024-12-30,sh000300,沪深300,3999.05,0.4526
2024-12-31,sh000300,沪深300,3934.91,-1.6039
2025-01-02,sh000300,沪深300,3820.4,-2.9101
2025-01-03,sh000300,沪深300,3775.16,-1.1842
2025-01-06,sh000300,沪深300,3768.97,-0.164
2025-01-07,sh000300,沪深300,3796.11,0.7201
2025-01-08,sh000300,沪深300,3789.22,-0.1815
2025-01-09,sh000300,沪深300,3779.88,-0.2465
2025-01-10,sh000300,沪深300,3732.48,-1.254
2025-01-13,sh000300,沪深300,3722.51,-0.2671
2025-01-14,sh000300,沪深300,3820.54,2.6334
2025-01-15,sh000300,沪深300,3796.03,-0.6415
2025-01-16,sh000300,沪深300,3800.38,0.1146
2025-01-17,sh000300,沪深300,3812.34,0.3147
2025-01-20,sh000300,沪深300,3829.68,0.4548
2025-01-21,sh000300,沪深300,3832.61,0.0765
2025-01-22,sh000300,沪深300,3797.02,-0.9286
2025-01-23,sh000300,沪深300,3803.74,0.177
2025-01-24,sh000300,沪深300,3832.86,0.7656
2025-01-27,sh000300,沪深300,3817.08,-0.4117
2025-02-05,sh000300,沪深300,3795.08,-0.5764
2025-02-06,sh000300,沪深300,3842.83,1.2582
2025-02-07,sh000300,沪深300,3892.7,1.2977
2025-02-10,sh000300,沪深300,3901.06,0.2148
2025-02-11,sh000300,沪深300,3883.14,-0.4594
2025-02-12,sh000300,沪深300,3919.86,0.9456
2025-02-13,sh000300,沪深300,3905.14,-0.3755
2025-02-14,sh000300,沪深300,3939.01,0.8673
2025-02-17,sh000300,沪深300,3947.4,0.213
2025-02-18,sh000300,沪深300,3912.78,-0.877
2025-02-19,sh000300,沪深300,3940.16,0.6998
2025-02-20,sh000300,沪深300,3928.9,-0.2858
2025-02-21,sh000300,沪深300,3978.44,1.2609
2025-02-24,sh000300,沪深300,3969.72,-0.2192
2025-02-25,sh000300,沪深300,3925.65,-1.1102
2025-02-26,sh000300,沪深300,3959.94,0.8735
2025-02-27,sh000300,沪深300,3968.12,0.2066
2025-02-28,sh000300,沪深300,3890.05,-1.9674
2025-03-03,sh000300,沪深300,3888.47,-0.0406
2025-03-04,sh000300,沪深300,3885.22,-0.0836
2025-03-05,sh000300,沪深300,3902.57,0.4466
2025-03-06,sh000300,沪深300,3956.24,1.3752
2025-03-07,sh000300,沪深300,3944.01,-0.3091
2025-03-10,sh000300,沪深300,3928.8,-0.3856
2025-03-11,sh000300,沪深300,3941.42,0.3212
2025-03-12,sh000300,沪深300,3927.23,-0.36
2025-03-13,sh000300,沪深300,3911.58,-0.3985
2025-03-14,sh000300,沪深300,4006.56,2.4282
2025-03-17,sh000300,沪深300,3996.79,-0.2439
2025-03-18,sh000300,沪深300,4007.72,0.2735
2025-03-19,sh000300,沪深300,4010.17,0.0611
2025-03-20,sh000300,沪深300,3974.99,-0.8773
2025-03-21,sh000300,沪深300,3914.7,-1.5167
2025-03-24,sh000300,沪深300,3934.85,0.5147
2025-03-25,sh000300,沪深300,3932.3,-0.0648
2025-03-26,sh000300,沪深300,3919.36,-0.3291
2025-03-27,sh000300,沪深300,3932.41,0.333
2025-03-28,sh000300,沪深300,3915.17,-0.4384
2025-03-31,sh000300,沪深300,3887.31,-0.7116
2025-04-01,sh000300,沪深300,3887.68,0.0095
2025-04-02,sh000300,沪深300,3884.39,-0.0846
2025-04-03,sh000300,沪深300,3861.5,-0.5893
2025-04-07,sh000300,沪深300,3589.44,-7.0454
2025-04-08,sh000300,沪深300,3650.76,1.7083
2025-04-09,sh000300,沪深300,3686.79,0.9869
2025-04-10,sh000300,沪深300,3735.12,1.3109
2025-04-11,sh000300,沪深300,3750.52,0.4123
2025-04-14,sh000300,沪深300,3759.14,0.2298
2025-04-15,sh000300,沪深300,3761.23,0.0556
2025-04-16,sh000300,沪深300,3772.82,0.3081
2025-04-17,sh000300,沪深300,3772.22,-0.0159
2025-04-18,sh000300,沪深300,3772.52,0.008
2025-04-21,sh000300,沪深300,3784.88,0.3276
2025-04-22,sh000300,沪深300,3783.95,-0.0246
2025-04-23,sh000300,沪深300,3786.88,0.0774
2025-04-24,sh000300,沪深300,3784.36,-0.0665
2025-04-25,sh000300,沪深300,3786.99,0.0695
2025-04-28,sh000300,沪深300,3781.62,-0.1418
2025-04-29,sh000300,沪深300,3775.08,-0.1729
2025-04-30,sh000300,沪深300,3770.57,-0.1195
2025-05-06,sh000300,沪深300,3808.54,1.007
2025-05-07,sh000300,沪深300,3831.63,0.6063
2025-05-08,sh000300,沪深300,3852.9,0.5551
2025-05-09,sh000300,沪深300,3846.16,-0.1749
2025-05-12,sh000300,沪深300,3890.61,1.1557
2025-05-13,sh000300,沪深300,3896.26,0.1452
2025-05-14,sh000300,沪深300,3943.21,1.205
2025-05-15,sh000300,沪深300,3907.2,-0.9132
2025-05-16,sh000300,沪深300,3889.09,-0.4635
2025-05-19,sh000300,沪深300,3877.15,-0.307
2025-05-20,sh000300,沪深300,3898.17,0.5422
2025-05-21,sh000300,沪深300,3916.38,0.4671
2025-05-22,sh000300,沪深300,3913.87,-0.0641
2025-05-23,sh000300,沪深300,3882.27,-0.8074
2025-05-26,sh000300,沪深300,3860.11,-0.5708
2025-05-27,sh000300,沪深300,3839.4,-0.5365
2025-05-28,sh000300,沪深300,3836.24,-0.0823
2025-05-29,sh000300,沪深300,3858.7,0.5855
2025-05-30,sh000300,沪深300,3840.23,-0.4787
2025-06-03,sh000300,沪深300,3852.01,0.3068
2025-06-04,sh000300,沪深300,3868.74,0.4343
2025-06-05,sh000300,沪深300,3877.56,0.228
2025-06-06,sh000300,沪深300,3873.98,-0.0923
2025-06-09,sh000300,沪深300,3885.25,0.2909
2025-06-10,sh000300,沪深300,3865.47,-0.5091
2025-06-11,sh000300,沪深300,3894.63,0.7544
2025-06-12,sh000300,沪深300,3892.2,-0.0624
2025-06-13,sh000300,沪深300,3864.18,-0.7199
2025-06-16,sh000300,沪深300,3873.8,0.249
2025-06-17,sh000300,沪深300,3870.38,-0.0883
2025-06-18,sh000300,沪深300,3874.97,0.1186
2025-06-19,sh000300,沪深300,3843.09,-0.8227
2025-06-20,sh000300,沪深300,3846.64,0.0924
2025-06-23,sh000300,沪深300,3857.9,0.2927
2025-06-24,sh000300,沪深300,3904.03,1.1957
2025-06-25,sh000300,沪深300,3960.07,1.4354
2025-06-26,sh000300,沪深300,3946.02,-0.3548
2025-06-27,sh000300,沪深300,3921.76,-0.6148
2025-06-30,sh000300,沪深300,3936.08,0.3651
2025-07-01,sh000300,沪深300,3942.76,0.1697
2025-07-02,sh000300,沪深300,3943.68,0.0233
2025-07-03,sh000300,沪深300,3968.07,0.6185
2025-07-04,sh000300,沪深300,3982.2,0.3561
2025-07-07,sh000300,沪深300,3965.17,-0.4277
2025-07-08,sh000300,沪深300,3998.45,0.8393
2025-07-09,sh000300,沪深300,3991.4,-0.1763
2025-07-10,sh000300,沪深300,4010.02,0.4665
2025-07-11,sh000300,沪深300,4014.81,0.1195
2025-07-14,sh000300,沪深300,4017.67,0.0712
2025-07-15,sh000300,沪深300,4019.06,0.0346
2025-07-16,sh000300,沪深300,4007.2,-0.2951
2025-07-17,sh000300,沪深300,4034.49,0.681
2025-07-18,sh000300,沪深300,4058.55,0.5964
2025-07-21,sh000300,沪深300,4085.61,0.6667
2025-07-22,sh000300,沪深300,4118.96,0.8163
2025-07-23,sh000300,沪深300,4119.77,0.0197
2025-07-24,sh000300,沪深300,4149.04,0.7105
2025-07-25,sh000300,沪深300,4127.16,-0.5274
2025-07-28,sh000300,沪深300,4135.82,0.2098
2025-07-29,sh000300,沪深300,4152.02,0.3917
2025-07-30,sh000300,沪深300,4151.24,-0.0188
2025-07-31,sh000300,沪深300,4075.59,-1.8223
2025-08-01,sh000300,沪深300,4054.93,-0.5069
2025-08-04,sh000300,沪深300,4070.7,0.3889
2025-08-05,sh000300,沪深300,4103.45,0.8045
2025-08-06,sh000300,沪深300,4113.49,0.2447
2025-08-07,sh000300,沪深300,4114.67,0.0287
2025-08-08,sh000300,沪深300,4104.97,-0.2357
2025-08-11,sh000300,沪深300,4122.51,0.4273
2025-08-12,sh000300,沪深300,4143.83,0.5172
2025-08-13,sh000300,沪深300,4176.58,0.7903
2025-08-14,sh000300,沪深300,4173.31,-0.0783
2025-08-15,sh000300,沪深300,4202.35,0.6959
2025-08-18,sh000300,沪深300,4239.41,0.8819
2025-08-19,sh000300,沪深300,4223.37,-0.3784
2025-08-20,sh000300,沪深300,4271.4,1.1372
2025-08-21,sh000300,沪深300,4288.07,0.3903
2025-08-22,sh000300,沪深300,4378.0,2.0972
2025-08-25,sh000300,沪深300,4469.22,2.0836
2025-08-26,sh000300,沪深300,4452.59,-0.3721
2025-08-27,sh000300,沪深300,4386.13,-1.4926
2025-08-28,sh000300,沪深300,4463.78,1.7704
2025-08-29,sh000300,沪深300,4496.76,0.7388
2025-09-01,sh000300,沪深300,4523.71,0.5993
2025-09-02,sh000300,沪深300,4490.45,-0.7352
2025-09-03,sh000300,沪深300,4459.83,-0.6819
2025-09-04,sh000300,沪深300,4365.21,-2.1216
2025-09-05,sh000300,沪深300,4460.32,2.1788
2025-09-08,sh000300,沪深300,4467.57,0.1625
2025-09-09,sh000300,沪深300,4436.26,-0.7008
2025-09-10,sh000300,沪深300,4445.36,0.2051
2025-09-11,sh000300,沪深300,4548.03,2.3096
2025-09-12,sh000300,沪深300,4522.0,-0.5723
2025-09-15,sh000300,沪深300,4533.06,0.2446
2025-09-16,sh000300,沪深300,4523.34,-0.2144
2025-09-17,sh000300,沪深300,4551.02,0.6119
2025-09-18,sh000300,沪深300,4498.11,-1.1626
2025-09-19,sh000300,沪深300,4501.92,0.0847
2025-09-22,sh000300,沪深300,4522.61,0.4596
2025-09-23,sh000300,沪深300,4519.78,-0.0626
2025-09-24,sh000300,沪深300,4566.07,1.0242
2025-09-25,sh000300,沪深300,4593.49,0.6005
2025-09-26,sh000300,沪深300,4550.05,-0.9457
2025-09-29,sh000300,沪深300,4620.05,1.5384
2025-09-30,sh000300,沪深300,4640.69,0.4467
2025-10-09,sh000300,沪深300,4709.48,1.4823
2025-10-10,sh000300,沪深300,4616.83,-1.9673
2025-10-13,sh000300,沪深300,4593.98,-0.4949
2025-10-14,sh000300,沪深300,4539.06,-1.1955
2025-10-15,sh000300,沪深300,4606.29,1.4811
2025-10-16,sh000300,沪深300,4618.42,0.2633
2025-10-17,sh000300,沪深300,4514.23,-2.256
2025-10-20,sh000300,沪深300,4538.22,0.5314
2025-10-21,sh000300,沪深300,4607.87,1.5347
2025-10-22,sh000300,沪深300,4592.57,-0.332
2025-10-23,sh000300,沪深300,4606.34,0.2998
2025-10-24,sh000300,沪深300,4660.68,1.1797
2025-10-27,sh000300,沪深300,4716.02,1.1874
2025-10-28,sh000300,沪深300,4691.97,-0.51
2025-10-29,sh000300,沪深300,4747.84,1.1908
2025-10-30,sh000300,沪深300,4709.91,-0.7989
2025-10-31,sh000300,沪深300,4640.67,-1.4701
2025-11-03,sh000300,沪深300,4653.4,0.2743
2025-11-04,sh000300,沪深300,4618.7,-0.7457
2025-11-05,sh000300,沪深300,4627.26,0.1853
2025-11-06,sh000300,沪深300,4693.4,1.4294
2025-11-07,sh000300,沪深300,4678.79,-0.3113
2025-11-10,sh000300,沪深300,4695.05,0.3475
2025-11-11,sh000300,沪深300,4652.17,-0.9133
2025-11-12,sh000300,沪深300,4645.91,-0.1346
2025-11-13,sh000300,沪深300,4702.07,1.2088
2025-11-14,sh000300,沪深300,4628.14,-1.5723
2025-11-17,sh000300,沪深300,4598.05,-0.6502
2025-11-18,sh000300,沪深300,4568.19,-0.6494
2025-11-19,sh000300,沪深300,4588.29,0.44
2025-11-20,sh000300,沪深300,4564.95,-0.5087
2025-11-21,sh000300,沪深300,4453.61,-2.439
2025-11-24,sh000300,沪深300,4448.05,-0.1248
2025-11-25,sh000300,沪深300,4490.4,0.9521
2025-11-26,sh000300,沪深300,4517.63,0.6064
2025-11-27,sh000300,沪深300,4515.4,-0.0494
2025-11-28,sh000300,沪深300,4526.66,0.2494
2025-12-01,sh000300,沪深300,4576.49,1.1008
2025-12-02,sh000300,沪深300,4554.33,-0.4842
2025-12-03,sh000300,沪深300,4531.05,-0.5112
2025-12-04,sh000300,沪深300,4546.57,0.3425
2025-12-05,sh000300,沪深300,4584.54,0.8351
2025-12-08,sh000300,沪深300,4621.75,0.8116
2025-12-09,sh000300,沪深300,4598.22,-0.5091
2025-12-10,sh000300,沪深300,4591.83,-0.139
2025-12-11,sh000300,沪深300,4552.18,-0.8635
2025-12-12,sh000300,沪深300,4580.95,0.632
2025-12-15,sh000300,沪深300,4552.06,-0.6307
2025-12-16,sh000300,沪深300,4497.55,-1.1975
2025-12-17,sh000300,沪深300,4579.88,1.8306
2025-12-18,sh000300,沪深300,4552.79,-0.5915
2025-12-19,sh000300,沪深300,4568.18,0.338
2025-12-22,sh000300,沪深300,4611.62,0.9509
2025-12-23,sh000300,沪深300,4620.73,0.1975
2025-12-24,sh000300,沪深300,4634.06,0.2885
2025-12-25,sh000300,沪深300,4642.54,0.183
2025-12-26,sh000300,沪深300,4657.24,0.3166
2025-12-29,sh000300,沪深300,4639.37,-0.3837
2025-12-30,sh000300,沪深300,4651.28,0.2567
2025-12-31,sh000300,沪深300,4629.94,-0.4588
2026-01-05,sh000300,沪深300,4717.75,1.8966
2026-01-06,sh000300,沪深300,4790.69,1.5461
2026-01-07,sh000300,沪深300,4776.67,-0.2927
2026-01-08,sh000300,沪深300,4737.65,-0.8169
2026-01-09,sh000300,沪深300,4758.92,0.449
2026-01-12,sh000300,沪深300,4789.92,0.6514
2026-01-13,sh000300,沪深300,4761.03,-0.6031
2026-01-14,sh000300,沪深300,4741.93,-0.4012
2026-01-15,sh000300,沪深300,4751.43,0.2003
2026-01-16,sh000300,沪深300,4731.87,-0.4117
2026-01-19,sh000300,沪深300,4734.46,0.0547
2026-01-20,sh000300,沪深300,4718.88,-0.3291
2026-01-21,sh000300,沪深300,4723.07,0.0888
2026-01-22,sh000300,沪深300,4723.71,0.0136
2026-01-23,sh000300,沪深300,4702.5,-0.449
2026-01-26,sh000300,沪深300,4706.96,0.0948
2026-01-27,sh000300,沪深300,4705.69,-0.027
2026-01-28,sh000300,沪深300,4717.99,0.2614
2026-01-29,sh000300,沪深300,4753.87,0.7605
2026-01-30,sh000300,沪深300,4706.34,-0.9998
2026-02-02,sh000300,沪深300,4605.98,-2.1324
2026-02-03,sh000300,沪深300,4660.11,1.1752
2026-02-04,sh000300,沪深300,4698.68,0.8277
2026-02-05,sh000300,沪深300,4670.42,-0.6014
2026-02-06,sh000300,沪深300,4643.6,-0.5743
2026-02-09,sh000300,沪深300,4719.06,1.625
2026-02-10,sh000300,沪深300,4724.3,0.111
2026-02-11,sh000300,沪深300,4713.82,-0.2218
2026-02-12,sh000300,沪深300,4719.58,0.1222
2026-02-13,sh000300,沪深300,4660.41,-1.2537
2026-02-24,sh000300,沪深300,4707.54,1.0113
2026-02-25,sh000300,沪深300,4735.89,0.6022
2026-02-26,sh000300,沪深300,4726.87,-0.1905
2026-02-27,sh000300,沪深300,4710.65,-0.3431
2026-03-02,sh000300,沪深300,4728.67,0.3825
2026-03-03,sh000300,沪深300,4655.9,-1.5389
2026-03-04,sh000300,沪深300,4602.62,-1.1444
2026-03-05,sh000300,沪深300,4647.69,0.9792
2026-03-06,sh000300,沪深300,4660.44,0.2743
2026-03-09,sh000300,沪深300,4615.46,-0.9651
2026-03-10,sh000300,沪深300,4674.76,1.2848
2026-03-11,sh000300,沪深300,4704.5,0.6362
2026-03-12,sh000300,沪深300,4687.56,-0.3601
2026-03-13,sh000300,沪深300,4669.14,-0.393
2026-03-16,sh000300,沪深300,4671.56,0.0518
2026-03-17,sh000300,沪深300,4637.44,-0.7304
2026-03-18,sh000300,沪深300,4658.33,0.4505
2026-03-19,sh000300,沪深300,4583.25,-1.6117
2026-03-20,sh000300,沪深300,4567.02,-0.3541
2026-03-23,sh000300,沪深300,4418.0,-3.263
2026-03-24,sh000300,沪深300,4474.72,1.2838
2026-03-25,sh000300,沪深300,4537.47,1.4023
2026-03-26,sh000300,沪深300,4477.53,-1.321
2026-03-27,sh000300,沪深300,4502.57,0.5592
2026-03-30,sh000300,沪深300,4491.95,-0.2359
2026-03-31,sh000300,沪深300,4450.05,-0.9328
2026-04-01,sh000300,沪深300,4526.07,1.7083
2026-04-02,sh000300,沪深300,4478.91,-1.042
2026-04-03,sh000300,沪深300,4440.79,-0.8511
2026-04-07,sh000300,沪深300,4440.62,-0.0038
2026-04-08,sh000300,沪深300,4595.56,3.4892
2026-04-09,sh000300,沪深300,4566.22,-0.6384
2026-04-10,sh000300,沪深300,4636.57,1.5407
2026-04-13,sh000300,沪深300,4646.15,0.2066
2026-04-14,sh000300,沪深300,4701.28,1.1866
2026-04-15,sh000300,沪深300,4685.25,-0.341
2026-04-16,sh000300,沪深300,4736.61,1.0962
2026-04-17,sh000300,沪深300,4728.67,-0.1676
2026-04-20,sh000300,沪深300,4757.44,0.6084
2026-04-21,sh000300,沪深300,4768.0,0.222
2026-04-22,sh000300,沪深300,4799.63,0.6634
2026-04-23,sh000300,沪深300,4786.33,-0.2771
2026-04-24,sh000300,沪深300,4769.37,-0.3543
2026-04-27,sh000300,沪深300,4770.95,0.0331
2026-04-28,sh000300,沪深300,4758.21,-0.267
2026-04-29,sh000300,沪深300,4810.35,1.0958
2026-04-30,sh000300,沪深300,4807.31,-0.0632
2026-05-06,sh000300,沪深300,4877.09,1.4515
2026-05-07,sh000300,沪深300,4900.51,0.4802
2026-05-08,sh000300,沪深300,4871.91,-0.5836
2026-05-11,sh000300,沪深300,4951.84,1.6406
2026-05-12,sh000300,沪深300,4948.05,-0.0765
2026-05-13,sh000300,沪深300,4998.34,1.0164
2026-05-14,sh000300,沪深300,4914.6,-1.6754
2026-05-15,sh000300,沪深300,4859.59,-1.1193
2026-05-18,sh000300,沪深300,4833.52,-0.5365
2026-05-19,sh000300,沪深300,4852.88,0.4005
2026-05-20,sh000300,沪深300,4850.7,-0.0449
2026-05-21,sh000300,沪深300,4783.1,-1.3936
2026-05-22,sh000300,沪深300,4845.1,1.2962
2026-05-25,sh000300,沪深300,4921.6,1.5789
2026-05-26,sh000300,沪深300,4947.85,0.5334
2026-05-27,sh000300,沪深300,4908.17,-0.802
2026-05-28,sh000300,沪深300,4914.21,0.1231
2026-05-29,sh000300,沪深300,4892.12,-0.4495
2026-06-01,sh000300,沪深300,4844.26,-0.9783
2026-06-02,sh000300,沪深300,4914.56,1.4512
2026-06-03,sh000300,沪深300,4938.81,0.4934
2026-06-04,sh000300,沪深300,4904.75,-0.6896
2026-06-05,sh000300,沪深300,4816.92,-1.7907
2026-06-08,sh000300,沪深300,4713.64,-2.1441
2026-06-09,sh000300,沪深300,4801.81,1.8705
2026-06-10,sh000300,沪深300,4748.59,-1.1083
2026-06-11,sh000300,沪深300,4722.41,-0.5513
2026-06-12,sh000300,沪深300,4777.32,1.1628
2026-06-15,sh000300,沪深300,4891.71,2.3944
2026-06-16,sh000300,沪深300,4884.23,-0.1529
2026-06-17,sh000300,沪深300,4931.39,0.9656
2026-06-18,sh000300,沪深300,4941.6,0.207
2026-06-22,sh000300,沪深300,5059.66,2.3891
2026-06-23,sh000300,沪深300,4919.39,-2.7723
2026-06-24,sh000300,沪深300,4943.02,0.4803
2026-06-25,sh000300,沪深300,5020.1,1.5594
2026-06-26,sh000300,沪深300,4868.22,-3.0254
2026-06-29,sh000300,沪深300,4926.92,1.2058
2026-06-30,sh000300,沪深300,4979.43,1.0658
2026-07-01,sh000300,沪深300,4958.98,-0.4107
2026-07-02,sh000300,沪深300,4812.3,-2.9579
2026-07-03,sh000300,沪深300,4842.17,0.6207
2026-07-06,sh000300,沪深300,4842.0,-0.0035
2026-07-07,sh000300,沪深300,4792.26,-1.0273
2026-07-08,sh000300,沪深300,4755.53,-0.7664
2026-07-09,sh000300,沪深300,4876.31,2.5398
2026-07-10,sh000300,沪深300,4780.79,-1.9589
2026-07-13,sh000300,沪深300,4695.38,-1.7865
2026-07-14,sh000300,沪深300,4796.5,2.1536
2026-07-15,sh000300,沪深300,4786.78,-0.2026
2026-07-16,sh000300,沪深300,4698.43,-1.8457
2026-07-17,sh000300,沪深300,4529.1,-3.604
2026-07-20,sh000300,沪深300,4598.32,1.5283
2026-07-21,sh000300,沪深300,4739.23,3.0644
2026-07-22,sh000300,沪深300,4717.24,-0.464
2026-07-23,sh000300,沪深300,4728.0,0.2281
2026-07-24,sh000300,沪深300,4649.19,-1.6669
2026-07-27,sh000300,沪深300,4702.43,1.1451
2026-07-28,sh000300,沪深300,4569.52,-2.8264
2026-07-29,sh000300,沪深300,4600.26,0.6727
2026-07-30,sh000300,沪深300,4549.72,-1.0986
2026-07-31,sh000300,沪深300,4588.2,0.8458
2026-08-03,sh000300,沪深300,4543.18,-0.9812
2026-08-04,sh000300,沪深300,4600.93,1.2711
2026-08-05,sh000300,沪深300,4658.15,1.2437
2026-08-06,sh000300,沪深300,4651.31,-0.1468
2026-08-07,sh000300,沪深300,4694.44,0.9273
2026-08-10,sh000300,沪深300,4702.02,0.1615
2026-08-11,sh000300,沪深300,4663.79,-0.8131
2026-08-12,sh000300,沪深300,4690.92,0.5817
2026-08-13,sh000300,沪深300,4663.95,-0.5749
2026-08-14,sh000300,沪深300,4665.88,0.0414
2026-08-17,sh000300,沪深300,4741.1,1.6121
2026-08-18,sh000300,沪深300,4725.81,-0.3225
2026-08-19,sh000300,沪深300,4588.7,-2.9013
2016-01-04,sz399001,深证成指,11626.04,
2016-01-05,sz399001,深证成指,11468.06,-1.3588
2016-01-06,sz399001,深证成指,11724.88,2.2394
2016-01-07,sz399001,深证成指,10760.27,-8.227
2016-01-08,sz399001,深证成指,10888.91,1.1955
2016-01-11,sz399001,深证成指,10212.46,-6.2123
2016-01-12,sz399001,深证成指,10293.7,0.7955
2016-01-13,sz399001,深证成指,9978.82,-3.059
2016-01-14,sz399001,深证成指,10344.94,3.669
2016-01-15,sz399001,深证成指,9997.92,-3.3545
2016-01-18,sz399001,深证成指,10155.96,1.5807
2016-01-19,sz399001,深证成指,10501.79,3.4052
2016-01-20,sz399001,深证成指,10366.85,-1.2849
2016-01-21,sz399001,深证成指,9975.97,-3.7705
2016-01-22,sz399001,深证成指,10111.57,1.3593
2016-01-25,sz399001,深证成指,10192.53,0.8007
2016-01-26,sz399001,深证成指,9483.55,-6.9559
2016-01-27,sz399001,深证成指,9422.43,-0.6445
2016-01-28,sz399001,深证成指,9082.59,-3.6067
2016-01-29,sz399001,深证成指,9418.2,3.6951
2016-02-01,sz399001,深证成指,9322.01,-1.0213
2016-02-02,sz399001,深证成指,9610.93,3.0993
2016-02-03,sz399001,深证成指,9638.87,0.2907
2016-02-04,sz399001,深证成指,9793.07,1.5998
2016-02-05,sz399001,深证成指,9673.48,-1.2212
2016-02-15,sz399001,深证成指,9668.84,-0.048
2016-02-16,sz399001,深证成指,10045.37,3.8943
2016-02-17,sz399001,深证成指,10161.77,1.1587
2016-02-18,sz399001,深证成指,10116.4,-0.4465
2016-02-19,sz399001,深证成指,10162.32,0.4539
2016-02-22,sz399001,深证成指,10370.99,2.0534
2016-02-23,sz399001,深证成指,10299.67,-0.6877
2016-02-24,sz399001,深证成指,10307.63,0.0773
2016-02-25,sz399001,深证成指,9551.08,-7.3397
2016-02-26,sz399001,深证成指,9573.7,0.2368
2016-02-29,sz399001,深证成指,9097.36,-4.9755
2016-03-01,sz399001,深证成指,9322.0,2.4693
2016-03-02,sz399001,深证成指,9766.37,4.7669
2016-03-03,sz399001,深证成指,9762.01,-0.0446
2016-03-04,sz399001,深证成指,9536.71,-2.3079
2016-03-07,sz399001,深证成指,9703.83,1.7524
2016-03-08,sz399001,深证成指,9732.73,0.2978
2016-03-09,sz399001,深证成指,9523.14,-2.1535
2016-03-10,sz399001,深证成指,9390.35,-1.3944
2016-03-11,sz399001,深证成指,9363.41,-0.2869
2016-03-14,sz399001,深证成指,9665.13,3.2223
2016-03-15,sz399001,深证成指,9574.19,-0.9409
2016-03-16,sz399001,深证成指,9469.03,-1.0984
2016-03-17,sz399001,深证成指,9791.85,3.4092
2016-03-18,sz399001,深证成指,10126.59,3.4186
2016-03-21,sz399001,深证成指,10394.14,2.6421
2016-03-22,sz399001,深证成指,10344.08,-0.4816
2016-03-23,sz399001,深证成指,10442.38,0.9503
2016-03-24,sz399001,深证成指,10283.68,-1.5198
2016-03-25,sz399001,深证成指,10339.68,0.5446
2016-03-28,sz399001,深证成指,10276.84,-0.6078
2016-03-29,sz399001,深证成指,10094.71,-1.7722
2016-03-30,sz399001,深证成指,10445.69,3.4769
2016-03-31,sz399001,深证成指,10455.37,0.0927
2016-04-01,sz399001,深证成指,10379.65,-0.7242
2016-04-05,sz399001,深证成指,10640.27,2.5109
2016-04-06,sz399001,深证成指,10683.86,0.4097
2016-04-07,sz399001,深证成指,10504.88,-1.6752
2016-04-08,sz399001,深证成指,10413.54,-0.8695
2016-04-11,sz399001,深证成指,10609.59,1.8826
2016-04-12,sz399001,深证成指,10533.41,-0.718
2016-04-13,sz399001,深证成指,10684.92,1.4384
2016-04-14,sz399001,深证成指,10771.61,0.8113
2016-04-15,sz399001,深证成指,10733.63,-0.3526
2016-04-18,sz399001,深证成指,10568.93,-1.5344
2016-04-19,sz399001,深证成指,10602.46,0.3173
2016-04-20,sz399001,深证成指,10164.74,-4.1285
2016-04-21,sz399001,深证成指,10058.8,-1.0422
2016-04-22,sz399001,深证成指,10151.76,0.9242
2016-04-25,sz399001,深证成指,10106.79,-0.443
2016-04-26,sz399001,深证成指,10209.9,1.0202
2016-04-27,sz399001,深证成指,10174.16,-0.3501
2016-04-28,sz399001,深证成指,10149.91,-0.2383
2016-04-29,sz399001,深证成指,10141.54,-0.0825
2016-05-03,sz399001,深证成指,10441.92,2.9619
2016-05-04,sz399001,深证成指,10422.8,-0.1831
2016-05-05,sz399001,深证成指,10474.01,0.4913
2016-05-06,sz399001,深证成指,10100.54,-3.5657
2016-05-09,sz399001,深证成指,9790.48,-3.0697
2016-05-10,sz399001,深证成指,9793.21,0.0279
2016-05-11,sz399001,深证成指,9781.15,-0.1231
2016-05-12,sz399001,深证成指,9796.58,0.1578
2016-05-13,sz399001,深证成指,9759.27,-0.3808
2016-05-16,sz399001,深证成指,9910.08,1.5453
2016-05-17,sz399001,深证成指,9908.79,-0.013
2016-05-18,sz399001,深证成指,9694.78,-2.1598
2016-05-19,sz399001,深证成指,9733.74,0.4019
2016-05-20,sz399001,深证成指,9816.75,0.8528
2016-05-23,sz399001,深证成指,9918.16,1.033
2016-05-24,sz399001,深证成指,9821.7,-0.9726
2016-05-25,sz399001,深证成指,9784.6,-0.3777
2016-05-26,sz399001,深证成指,9826.14,0.4245
2016-05-27,sz399001,深证成指,9813.63,-0.1273
2016-05-30,sz399001,深证成指,9768.84,-0.4564
2016-05-31,sz399001,深证成指,10159.93,4.0034
2016-06-01,sz399001,深证成指,10209.14,0.4844
2016-06-02,sz399001,深证成指,10274.03,0.6356
2016-06-03,sz399001,深证成指,10344.91,0.6899
2016-06-06,sz399001,深证成指,10363.09,0.1757
2016-06-07,sz399001,深证成指,10347.84,-0.1472
2016-06-08,sz399001,深证成指,10316.82,-0.2998
2016-06-13,sz399001,深证成指,9862.58,-4.4029
2016-06-14,sz399001,深证成指,9895.15,0.3302
2016-06-15,sz399001,深证成指,10173.85,2.8165
2016-06-16,sz399001,深证成指,10115.12,-0.5773
2016-06-17,sz399001,深证成指,10182.53,0.6664
2016-06-20,sz399001,深证成指,10221.85,0.3862
2016-06-21,sz399001,深证成指,10131.86,-0.8804
2016-06-22,sz399001,深证成指,10297.98,1.6396
2016-06-23,sz399001,深证成指,10255.27,-0.4147
2016-06-24,sz399001,深证成指,10147.7,-1.0489
2016-06-27,sz399001,深证成指,10377.57,2.2652
2016-06-28,sz399001,深证成指,10463.45,0.8276
2016-06-29,sz399001,深证成指,10460.97,-0.0237
2016-06-30,sz399001,深证成指,10489.99,0.2774
2016-07-01,sz399001,深证成指,10458.43,-0.3009
2016-07-04,sz399001,深证成指,10609.86,1.4479
2016-07-05,sz399001,深证成指,10602.77,-0.0668
2016-07-06,sz399001,深证成指,10641.65,0.3667
2016-07-07,sz399001,深证成指,10620.58,-0.198
2016-07-08,sz399001,深证成指,10611.8,-0.0827
2016-07-11,sz399001,深证成指,10594.82,-0.16
2016-07-12,sz399001,深证成指,10757.84,1.5387
2016-07-13,sz399001,深证成指,10853.55,0.8897
2016-07-14,sz399001,深证成指,10854.13,0.0053
2016-07-15,sz399001,深证成指,10823.21,-0.2849
2016-07-18,sz399001,深证成指,10762.0,-0.5655
2016-07-19,sz399001,深证成指,10778.25,0.151
2016-07-20,sz399001,深证成指,10759.86,-0.1706
2016-07-21,sz399001,深证成指,10787.21,0.2542
2016-07-22,sz399001,深证成指,10709.07,-0.7244
2016-07-25,sz399001,深证成指,10718.36,0.0867
2016-07-26,sz399001,深证成指,10852.21,1.2488
2016-07-27,sz399001,深证成指,10405.85,-4.1131
2016-07-28,sz399001,深证成指,10396.3,-0.0918
2016-07-29,sz399001,深证成指,10329.43,-0.6432
2016-08-01,sz399001,深证成指,10185.48,-1.3936
2016-08-02,sz399001,深证成指,10250.54,0.6388
2016-08-03,sz399001,深证成指,10281.25,0.2996
2016-08-04,sz399001,深证成指,10366.5,0.8292
2016-08-05,sz399001,深证成指,10342.28,-0.2336
2016-08-08,sz399001,深证成指,10468.88,1.2241
2016-08-09,sz399001,深证成指,10564.78,0.916
2016-08-10,sz399001,深证成指,10511.16,-0.5075
2016-08-11,sz399001,深证成指,10390.96,-1.1435
2016-08-12,sz399001,深证成指,10528.1,1.3198
2016-08-15,sz399001,深证成指,10822.11,2.7926
2016-08-16,sz399001,深证成指,10882.95,0.5622
2016-08-17,sz399001,深证成指,10890.69,0.0711
2016-08-18,sz399001,深证成指,10879.2,-0.1055
2016-08-19,sz399001,深证成指,10872.71,-0.0597
2016-08-22,sz399001,深证成指,10731.4,-1.2997
2016-08-23,sz399001,深证成指,10750.29,0.176
2016-08-24,sz399001,深证成指,10760.44,0.0944
2016-08-25,sz399001,深证成指,10679.15,-0.7555
2016-08-26,sz399001,深证成指,10693.75,0.1367
2016-08-29,sz399001,深证成指,10724.4,0.2866
2016-08-30,sz399001,深证成指,10729.12,0.044
2016-08-31,sz399001,深证成指,10757.88,0.2681
2016-09-01,sz399001,深证成指,10669.51,-0.8214
2016-09-02,sz399001,深证成指,10640.42,-0.2726
2016-09-05,sz399001,深证成指,10695.45,0.5172
2016-09-06,sz399001,深证成指,10861.5,1.5525
2016-09-07,sz399001,深证成指,10838.71,-0.2098
2016-09-08,sz399001,深证成指,10851.19,0.1151
2016-09-09,sz399001,深证成指,10762.79,-0.8147
2016-09-12,sz399001,深证成指,10461.58,-2.7986
2016-09-13,sz399001,深证成指,10514.58,0.5066
2016-09-14,sz399001,深证成指,10454.24,-0.5739
2016-09-19,sz399001,深证成指,10557.25,0.9853
2016-09-20,sz399001,深证成指,10544.53,-0.1205
2016-09-21,sz399001,深证成指,10583.4,0.3686
2016-09-22,sz399001,深证成指,10662.21,0.7447
2016-09-23,sz399001,深证成指,10609.7,-0.4925
2016-09-26,sz399001,深证成指,10392.7,-2.0453
2016-09-27,sz399001,深证成指,10476.97,0.8109
2016-09-28,sz399001,深证成指,10467.16,-0.0936
2016-09-29,sz399001,深证成指,10512.25,0.4308
2016-09-30,sz399001,深证成指,10567.58,0.5263
2016-10-10,sz399001,深证成指,10741.69,1.6476
2016-10-11,sz399001,深证成指,10782.31,0.3782
2016-10-12,sz399001,深证成指,10788.59,0.0582
2016-10-13,sz399001,深证成指,10787.49,-0.0102
2016-10-14,sz399001,深证成指,10759.68,-0.2578
2016-10-17,sz399001,深证成指,10651.5,-1.0054
2016-10-18,sz399001,深证成指,10797.02,1.3662
2016-10-19,sz399001,深证成指,10757.92,-0.3621
2016-10-20,sz399001,深证成指,10784.33,0.2455
2016-10-21,sz399001,深证成指,10748.9,-0.3285
2016-10-24,sz399001,深证成指,10842.64,0.8721
2016-10-25,sz399001,深证成指,10871.5,0.2662
2016-10-26,sz399001,深证成指,10817.51,-0.4966
2016-10-27,sz399001,深证成指,10788.97,-0.2638
2016-10-28,sz399001,深证成指,10711.04,-0.7223
2016-10-31,sz399001,深证成指,10704.3,-0.0629
2016-11-01,sz399001,深证成指,10796.14,0.858
2016-11-02,sz399001,深证成指,10692.65,-0.9586
2016-11-03,sz399001,深证成指,10743.96,0.4799
2016-11-04,sz399001,深证成指,10702.57,-0.3852
2016-11-07,sz399001,深证成指,10695.18,-0.069
2016-11-08,sz399001,深证成指,10763.13,0.6353
2016-11-09,sz399001,深证成指,10697.11,-0.6134
2016-11-10,sz399001,深证成指,10821.66,1.1643
2016-11-11,sz399001,深证成指,10878.14,0.5219
2016-11-14,sz399001,深证成指,10907.53,0.2702
2016-11-15,sz399001,深证成指,10958.1,0.4636
2016-11-16,sz399001,深证成指,10968.08,0.0911
2016-11-17,sz399001,深证成指,10945.42,-0.2066
2016-11-18,sz399001,深证成指,10889.11,-0.5145
2016-11-21,sz399001,深证成指,10899.92,0.0993
2016-11-22,sz399001,深证成指,10985.6,0.7861
2016-11-23,sz399001,深证成指,10973.8,-0.1074
2016-11-24,sz399001,深证成指,10967.47,-0.0577
2016-11-25,sz399001,深证成指,11036.53,0.6297
2016-11-28,sz399001,深证成指,11068.87,0.293
2016-11-29,sz399001,深证成指,11034.7,-0.3087
2016-11-30,sz399001,深证成指,11012.19,-0.204
2016-12-01,sz399001,深证成指,11088.16,0.6899
2016-12-02,sz399001,深证成指,10912.63,-1.583
2016-12-05,sz399001,深证成指,10784.33,-1.1757
2016-12-06,sz399001,深证成指,10779.76,-0.0424
2016-12-07,sz399001,深证成指,10855.72,0.7047
2016-12-08,sz399001,深证成指,10812.3,-0.4
2016-12-09,sz399001,深证成指,10789.62,-0.2098
2016-12-12,sz399001,深证成指,10302.85,-4.5115
2016-12-13,sz399001,深证成指,10332.28,0.2856
2016-12-14,sz399001,深证成指,10232.82,-0.9626
2016-12-15,sz399001,深证成指,10256.11,0.2276
2016-12-16,sz399001,深证成指,10334.76,0.7669
2016-12-19,sz399001,深证成指,10283.16,-0.4993
2016-12-20,sz399001,深证成指,10245.33,-0.3679
2016-12-21,sz399001,深证成指,10313.57,0.6661
2016-12-22,sz399001,深证成指,10306.92,-0.0645
2016-12-23,sz399001,深证成指,10199.86,-1.0387
2016-12-26,sz399001,深证成指,10233.42,0.329
2016-12-27,sz399001,深证成指,10230.57,-0.0278
2016-12-28,sz399001,深证成指,10187.16,-0.4243
2016-12-29,sz399001,深证成指,10159.45,-0.272
2016-12-30,sz399001,深证成指,10177.14,0.1741
2017-01-03,sz399001,深证成指,10262.85,0.8422
2017-01-04,sz399001,深证成指,10384.87,1.1889
2017-01-05,sz399001,深证成指,10371.47,-0.129
2017-01-06,sz399001,深证成指,10289.36,-0.7917
2017-01-09,sz399001,深证成指,10331.79,0.4124
2017-01-10,sz399001,深证成指,10306.34,-0.2463
2017-01-11,sz399001,深证成指,10215.48,-0.8816
2017-01-12,sz399001,深证成指,10131.23,-0.8247
2017-01-13,sz399001,深证成指,10008.3,-1.2134
2017-01-16,sz399001,深证成指,9712.8,-2.9525
2017-01-17,sz399001,深证成指,9826.79,1.1736
2017-01-18,sz399001,深证成指,9804.76,-0.2242
2017-01-19,sz399001,深证成指,9768.57,-0.3691
2017-01-20,sz399001,深证成指,9906.14,1.4083
2017-01-23,sz399001,深证成指,9976.19,0.7071
2017-01-24,sz399001,深证成指,9941.55,-0.3472
2017-01-25,sz399001,深证成指,9977.96,0.3662
2017-01-26,sz399001,深证成指,10052.05,0.7425
2017-02-03,sz399001,深证成指,10004.84,-0.4697
2017-02-06,sz399001,深证成指,10078.73,0.7385
2017-02-07,sz399001,深证成指,10055.57,-0.2298
2017-02-08,sz399001,深证成指,10130.12,0.7414
2017-02-09,sz399001,深证成指,10182.73,0.5193
2017-02-10,sz399001,深证成指,10186.38,0.0358
2017-02-13,sz399001,深证成指,10270.83,0.829
2017-02-14,sz399001,深证成指,10264.92,-0.0575
2017-02-15,sz399001,深证成指,10177.25,-0.8541
2017-02-16,sz399001,深证成指,10253.96,0.7537
2017-02-17,sz399001,深证成指,10197.92,-0.5465
2017-02-20,sz399001,深证成指,10329.0,1.2854
2017-02-21,sz399001,深证成指,10405.75,0.7431
2017-02-22,sz399001,深证成指,10444.38,0.3712
2017-02-23,sz399001,深证成指,10432.64,-0.1124
2017-02-24,sz399001,深证成指,10443.73,0.1063
2017-02-27,sz399001,深证成指,10353.55,-0.8635
2017-02-28,sz399001,深证成指,10391.34,0.365
2017-03-01,sz399001,深证成指,10418.62,0.2625
2017-03-02,sz399001,深证成指,10367.31,-0.4925
2017-03-03,sz399001,深证成指,10397.05,0.2869
2017-03-06,sz399001,深证成指,10522.28,1.2045
2017-03-07,sz399001,深证成指,10552.14,0.2838
2017-03-08,sz399001,深证成指,10498.31,-0.5101
2017-03-09,sz399001,深证成指,10421.06,-0.7358
2017-03-10,sz399001,深证成指,10451.01,0.2874
2017-03-13,sz399001,深证成指,10559.88,1.0417
2017-03-14,sz399001,深证成指,10531.73,-0.2666
2017-03-15,sz399001,深证成指,10543.01,0.1071
2017-03-16,sz399001,深证成指,10624.42,0.7722
2017-03-17,sz399001,深证成指,10515.41,-1.026
2017-03-20,sz399001,深证成指,10532.33,0.1609
2017-03-21,sz399001,深证成指,10586.62,0.5155
2017-03-22,sz399001,深证成指,10553.53,-0.3126
2017-03-23,sz399001,深证成指,10583.04,0.2796
2017-03-24,sz399001,深证成指,10646.72,0.6017
2017-03-27,sz399001,深证成指,10581.92,-0.6086
2017-03-28,sz399001,深证成指,10563.29,-0.1761
2017-03-29,sz399001,深证成指,10520.82,-0.4021
2017-03-30,sz399001,深证成指,10348.27,-1.6401
2017-03-31,sz399001,深证成指,10428.72,0.7774
2017-04-05,sz399001,深证成指,10627.13,1.9025
2017-04-06,sz399001,深证成指,10656.17,0.2733
2017-04-07,sz399001,深证成指,10669.48,0.1249
2017-04-10,sz399001,深证成指,10603.28,-0.6205
2017-04-11,sz399001,深证成指,10655.79,0.4952
2017-04-12,sz399001,深证成指,10587.31,-0.6427
2017-04-13,sz399001,深证成指,10654.09,0.6308
2017-04-14,sz399001,深证成指,10519.86,-1.2599
2017-04-17,sz399001,深证成指,10450.86,-0.6559
2017-04-18,sz399001,深证成指,10411.44,-0.3772
2017-04-19,sz399001,深证成指,10348.41,-0.6054
2017-04-20,sz399001,深证成指,10359.09,0.1032
2017-04-21,sz399001,深证成指,10314.35,-0.4319
2017-04-24,sz399001,深证成指,10091.89,-2.1568
2017-04-25,sz399001,深证成指,10165.21,0.7265
2017-04-26,sz399001,深证成指,10204.84,0.3899
2017-04-27,sz399001,深证成指,10229.19,0.2386
2017-04-28,sz399001,深证成指,10234.65,0.0534
2017-05-02,sz399001,深证成指,10223.97,-0.1044
2017-05-03,sz399001,深证成指,10184.14,-0.3896
2017-05-04,sz399001,深证成指,10147.44,-0.3604
2017-05-05,sz399001,深证成指,10024.44,-1.2121
2017-05-08,sz399001,深证成指,9833.17,-1.908
2017-05-09,sz399001,深证成指,9885.34,0.5306
2017-05-10,sz399001,深证成指,9756.81,-1.3002
2017-05-11,sz399001,深证成指,9776.45,0.2013
2017-05-12,sz399001,深证成指,9787.99,0.118
2017-05-15,sz399001,深证成指,9845.6,0.5886
2017-05-16,sz399001,深证成指,10046.66,2.0421
2017-05-17,sz399001,深证成指,10030.11,-0.1647
2017-05-18,sz399001,深证成指,9974.35,-0.5559
2017-05-19,sz399001,深证成指,9970.96,-0.034
2017-05-22,sz399001,深证成指,9899.65,-0.7152
2017-05-23,sz399001,深证成指,9763.78,-1.3725
2017-05-24,sz399001,深证成指,9812.46,0.4986
2017-05-25,sz399001,深证成指,9893.78,0.8287
2017-05-26,sz399001,深证成指,9859.23,-0.3492
2017-05-31,sz399001,深证成指,9864.84,0.0569
2017-06-01,sz399001,深证成指,9730.33,-1.3635
2017-06-02,sz399001,深证成指,9794.89,0.6635
2017-06-05,sz399001,深证成指,9842.6,0.4871
2017-06-06,sz399001,深证成指,9915.92,0.7449
2017-06-07,sz399001,深证成指,10109.88,1.956
2017-06-08,sz399001,深证成指,10148.72,0.3842
2017-06-09,sz399001,深证成指,10177.45,0.2831
2017-06-12,sz399001,深证成指,10119.99,-0.5646
2017-06-13,sz399001,深证成指,10224.82,1.0359
2017-06-14,sz399001,深证成指,10151.53,-0.7168
2017-06-15,sz399001,深证成指,10221.69,0.6911
2017-06-16,sz399001,深证成指,10191.24,-0.2979
2017-06-19,sz399001,深证成指,10262.8,0.7022
2017-06-20,sz399001,深证成指,10288.53,0.2507
2017-06-21,sz399001,深证成指,10367.17,0.7643
2017-06-22,sz399001,深证成指,10265.2,-0.9836
2017-06-23,sz399001,深证成指,10366.78,0.9896
2017-06-26,sz399001,深证成指,10537.59,1.6477
2017-06-27,sz399001,深证成指,10535.36,-0.0212
2017-06-28,sz399001,深证成指,10451.57,-0.7953
2017-06-29,sz399001,深证成指,10511.86,0.5769
2017-06-30,sz399001,深证成指,10529.61,0.1689
2017-07-03,sz399001,深证成指,10535.05,0.0517
2017-07-04,sz399001,深证成指,10474.83,-0.5716
2017-07-05,sz399001,深证成指,10561.09,0.8235
2017-07-06,sz399001,深证成指,10562.06,0.0092
2017-07-07,sz399001,深证成指,10563.72,0.0157
2017-07-10,sz399001,深证成指,10505.6,-0.5502
2017-07-11,sz399001,深证成指,10467.71,-0.3607
2017-07-12,sz399001,深证成指,10453.19,-0.1387
2017-07-13,sz399001,深证成指,10466.1,0.1235
2017-07-14,sz399001,深证成指,10427.79,-0.366
2017-07-17,sz399001,深证成指,10055.8,-3.5673
2017-07-18,sz399001,深证成指,10103.76,0.4769
2017-07-19,sz399001,深证成指,10295.58,1.8985
2017-07-20,sz399001,深证成指,10366.98,0.6935
2017-07-21,sz399001,深证成指,10364.82,-0.0208
2017-07-24,sz399001,深证成指,10404.22,0.3801
2017-07-25,sz399001,深证成指,10353.21,-0.4903
2017-07-26,sz399001,深证成指,10297.34,-0.5396
2017-07-27,sz399001,深证成指,10395.19,0.9502
2017-07-28,sz399001,深证成指,10437.94,0.4112
2017-07-31,sz399001,深证成指,10505.04,0.6428
2017-08-01,sz399001,深证成指,10525.35,0.1933
2017-08-02,sz399001,深证成指,10469.34,-0.5321
2017-08-03,sz399001,深证成指,10436.17,-0.3168
2017-08-04,sz399001,深证成指,10361.23,-0.7181
2017-08-07,sz399001,深证成指,10451.08,0.8672
2017-08-08,sz399001,深证成指,10496.25,0.4322
2017-08-09,sz399001,深证成指,10544.59,0.4605
2017-08-10,sz399001,深证成指,10480.64,-0.6065
2017-08-11,sz399001,深证成指,10291.35,-1.8061
2017-08-14,sz399001,深证成指,10519.8,2.2198
2017-08-15,sz399001,深证成指,10559.78,0.38
2017-08-16,sz399001,深证成指,10600.78,0.3883
2017-08-17,sz399001,深证成指,10653.73,0.4995
2017-08-18,sz399001,深证成指,10614.08,-0.3722
2017-08-21,sz399001,深证成指,10689.77,0.7131
2017-08-22,sz399001,深证成指,10653.98,-0.3348
2017-08-23,sz399001,深证成指,10619.34,-0.3251
2017-08-24,sz399001,深证成指,10552.96,-0.6251
2017-08-25,sz399001,深证成指,10659.01,1.0049
2017-08-28,sz399001,深证成指,10809.74,1.4141
2017-08-29,sz399001,深证成指,10762.37,-0.4382
2017-08-30,sz399001,深证成指,10813.93,0.4791
2017-08-31,sz399001,深证成指,10816.64,0.0251
2017-09-01,sz399001,深证成指,10880.56,0.5909
2017-09-04,sz399001,深证成指,10962.85,0.7563
2017-09-05,sz399001,深证成指,10986.95,0.2198
2017-09-06,sz399001,深证成指,11024.59,0.3426
2017-09-07,sz399001,深证成指,10969.13,-0.5031
2017-09-08,sz399001,深证成指,10970.77,0.015
2017-09-11,sz399001,深证成指,11053.73,0.7562
2017-09-12,sz399001,深证成指,11043.61,-0.0916
2017-09-13,sz399001,深证成指,11091.49,0.4336
2017-09-14,sz399001,深证成指,11070.49,-0.1893
2017-09-15,sz399001,深证成指,11063.1,-0.0668
2017-09-18,sz399001,深证成指,11153.53,0.8174
2017-09-19,sz399001,深证成指,11083.9,-0.6243
2017-09-20,sz399001,深证成指,11191.13,0.9674
2017-09-21,sz399001,深证成指,11098.34,-0.8291
2017-09-22,sz399001,深证成指,11069.82,-0.257
2017-09-25,sz399001,深证成指,10930.67,-1.257
2017-09-26,sz399001,深证成指,10950.77,0.1839
2017-09-27,sz399001,深证成指,11036.78,0.7854
2017-09-28,sz399001,深证成指,11031.42,-0.0486
2017-09-29,sz399001,深证成指,11087.19,0.5056
2017-10-09,sz399001,深证成指,11264.27,1.5972
2017-10-10,sz399001,深证成指,11329.51,0.5792
2017-10-11,sz399001,深证成指,11312.5,-0.1501
2017-10-12,sz399001,深证成指,11307.33,-0.0457
2017-10-13,sz399001,深证成指,11399.09,0.8115
2017-10-16,sz399001,深证成指,11271.2,-1.1219
2017-10-17,sz399001,深证成指,11275.34,0.0367
2017-10-18,sz399001,深证成指,11282.75,0.0657
2017-10-19,sz399001,深证成指,11189.55,-0.826
2017-10-20,sz399001,深证成指,11238.88,0.4409
2017-10-23,sz399001,深证成指,11306.31,0.6
2017-10-24,sz399001,深证成指,11339.13,0.2903
2017-10-25,sz399001,深证成指,11437.21,0.865
2017-10-26,sz399001,深证成指,11461.29,0.2105
2017-10-27,sz399001,深证成指,11444.52,-0.1463
2017-10-30,sz399001,深证成指,11312.61,-1.1526
2017-10-31,sz399001,深证成指,11367.62,0.4863
2017-11-01,sz399001,深证成指,11350.32,-0.1522
2017-11-02,sz399001,深证成指,11292.42,-0.5101
2017-11-03,sz399001,深证成指,11215.19,-0.6839
2017-11-06,sz399001,深证成指,11373.74,1.4137
2017-11-07,sz399001,深证成指,11467.97,0.8285
2017-11-08,sz399001,深证成指,11447.4,-0.1794
2017-11-09,sz399001,深证成指,11553.24,0.9246
2017-11-10,sz399001,深证成指,11645.05,0.7947
2017-11-13,sz399001,深证成指,11695.0,0.4289
2017-11-14,sz399001,深证成指,11582.92,-0.9584
2017-11-15,sz399001,深证成指,11462.11,-1.043
2017-11-16,sz399001,深证成指,11537.96,0.6617
2017-11-17,sz399001,深证成指,11292.93,-2.1237
2017-11-20,sz399001,深证成指,11437.55,1.2806
2017-11-21,sz399001,深证成指,11602.1,1.4387
2017-11-22,sz399001,深证成指,11560.8,-0.356
2017-11-23,sz399001,深证成指,11175.47,-3.3331
2017-11-24,sz399001,深证成指,11168.39,-0.0634
2017-11-27,sz399001,深证成指,10954.18,-1.918
2017-11-28,sz399001,深证成指,11091.14,1.2503
2017-11-29,sz399001,深证成指,11082.13,-0.0812
2017-11-30,sz399001,深证成指,10944.1,-1.2455
2017-12-01,sz399001,深证成指,11013.15,0.6309
2017-12-04,sz399001,深证成指,11014.55,0.0127
2017-12-05,sz399001,深证成指,10854.75,-1.4508
2017-12-06,sz399001,深证成指,10911.33,0.5212
2017-12-07,sz399001,深证成指,10801.25,-1.0089
2017-12-08,sz399001,深证成指,10935.06,1.2388
2017-12-11,sz399001,深证成指,11143.26,1.904
2017-12-12,sz399001,深证成指,11043.21,-0.8979
2017-12-13,sz399001,深证成指,11143.89,0.9117
2017-12-14,sz399001,深证成指,11110.18,-0.3025
2017-12-15,sz399001,深证成指,10998.12,-1.0086
2017-12-18,sz399001,深证成指,10960.12,-0.3455
2017-12-19,sz399001,深证成指,11074.99,1.0481
2017-12-20,sz399001,深证成指,11003.33,-0.647
2017-12-21,sz399001,深证成指,11118.25,1.0444
2017-12-22,sz399001,深证成指,11094.16,-0.2167
2017-12-25,sz399001,深证成指,11005.5,-0.7992
2017-12-26,sz399001,深证成指,11021.83,0.1484
2017-12-27,sz399001,深证成指,10911.21,-1.0036
2017-12-28,sz399001,深证成指,10974.01,0.5756
2017-12-29,sz399001,深证成指,11040.45,0.6054
2018-01-02,sz399001,深证成指,11178.05,1.2463
2018-01-03,sz399001,深证成指,11280.3,0.9147
2018-01-04,sz399001,深证成指,11341.35,0.5412
2018-01-05,sz399001,深证成指,11342.85,0.0132
2018-01-08,sz399001,深证成指,11382.72,0.3515
2018-01-09,sz399001,深证成指,11447.09,0.5655
2018-01-10,sz399001,深证成指,11437.08,-0.0874
2018-01-11,sz399001,深证成指,11464.2,0.2371
2018-01-12,sz399001,深证成指,11461.99,-0.0193
2018-01-15,sz399001,深证成指,11307.46,-1.3482
2018-01-16,sz399001,深证成指,11386.91,0.7026
2018-01-17,sz399001,深证成指,11303.97,-0.7284
2018-01-18,sz399001,深证成指,11319.91,0.141
2018-01-19,sz399001,深证成指,11296.27,-0.2088
2018-01-22,sz399001,深证成指,11513.08,1.9193
2018-01-23,sz399001,深证成指,11555.25,0.3663
2018-01-24,sz399001,深证成指,11607.57,0.4528
2018-01-25,sz399001,深证成指,11552.56,-0.4739
2018-01-26,sz399001,深证成指,11557.82,0.0455
2018-01-29,sz399001,深证成指,11352.72,-1.7746
2018-01-30,sz399001,深证成指,11278.78,-0.6513
2018-01-31,sz399001,深证成指,11159.68,-1.056
2018-02-01,sz399001,深证成指,10864.34,-2.6465
2018-02-02,sz399001,深证成指,10925.16,0.5598
2018-02-05,sz399001,深证成指,10836.25,-0.8138
2018-02-06,sz399001,深证成指,10377.61,-4.2325
2018-02-07,sz399001,深证成指,10246.97,-1.2589
2018-02-08,sz399001,深证成指,10372.59,1.2259
2018-02-09,sz399001,深证成指,10001.23,-3.5802
2018-02-12,sz399001,深证成指,10291.88,2.9061
2018-02-13,sz399001,深证成指,10362.43,0.6855
2018-02-14,sz399001,深证成指,10431.91,0.6705
2018-02-22,sz399001,深证成指,10658.94,2.1763
2018-02-23,sz399001,深证成指,10662.79,0.0361
2018-02-26,sz399001,深证成指,10895.56,2.183
2018-02-27,sz399001,深证成指,10807.53,-0.8079
2018-02-28,sz399001,深证成指,10828.73,0.1962
2018-03-01,sz399001,深证成指,10943.13,1.0564
2018-03-02,sz399001,深证成指,10856.25,-0.7939
2018-03-05,sz399001,深证成指,10875.68,0.179
2018-03-06,sz399001,深证成指,11007.95,1.2162
2018-03-07,sz399001,深证成指,10904.99,-0.9353
2018-03-08,sz399001,深证成指,11019.08,1.0462
2018-03-09,sz399001,深证成指,11194.91,1.5957
2018-03-12,sz399001,深证成指,11326.27,1.1734
2018-03-13,sz399001,深证成指,11241.41,-0.7492
2018-03-14,sz399001,深证成指,11139.63,-0.9054
2018-03-15,sz399001,深证成指,11163.65,0.2156
2018-03-16,sz399001,深证成指,11051.12,-1.008
2018-03-19,sz399001,深证成指,11068.49,0.1572
2018-03-20,sz399001,深证成指,11077.8,0.0841
2018-03-21,sz399001,深证成指,10980.55,-0.8779
2018-03-22,sz399001,深证成指,10877.25,-0.9408
2018-03-23,sz399001,深证成指,10439.99,-4.0199
2018-03-26,sz399001,深证成指,10564.38,1.1915
2018-03-27,sz399001,深证成指,10775.71,2.0004
2018-03-28,sz399001,深证成指,10630.69,-1.3458
2018-03-29,sz399001,深证成指,10755.92,1.178
2018-03-30,sz399001,深证成指,10868.66,1.0482
2018-04-02,sz399001,深证成指,10852.95,-0.1445
2018-04-03,sz399001,深证成指,10754.29,-0.9091
2018-04-04,sz399001,深证成指,10684.56,-0.6484
2018-04-09,sz399001,深证成指,10653.38,-0.2918
2018-04-10,sz399001,深证成指,10765.62,1.0536
2018-04-11,sz399001,深证成指,10808.37,0.3971
2018-04-12,sz399001,深证成指,10726.96,-0.7532
2018-04-13,sz399001,深证成指,10687.02,-0.3723
2018-04-16,sz399001,深证成指,10621.79,-0.6104
2018-04-17,sz399001,深证成指,10395.16,-2.1336
2018-04-18,sz399001,深证成指,10491.15,0.9234
2018-04-19,sz399001,深证成指,10598.35,1.0218
2018-04-20,sz399001,深证成指,10408.91,-1.7874
2018-04-23,sz399001,深证成指,10330.63,-0.752
2018-04-24,sz399001,深证成指,10556.82,2.1895
2018-04-25,sz399001,深证成指,10547.1,-0.0921
2018-04-26,sz399001,深证成指,10292.12,-2.4175
2018-04-27,sz399001,深证成指,10324.47,0.3143
2018-05-02,sz399001,深证成指,10342.85,0.178
2018-05-03,sz399001,深证成指,10458.62,1.1193
2018-05-04,sz399001,深证成指,10426.19,-0.3101
2018-05-07,sz399001,深证成指,10626.51,1.9213
2018-05-08,sz399001,深证成指,10707.8,0.765
2018-05-09,sz399001,深证成指,10689.07,-0.1749
2018-05-10,sz399001,深证成指,10729.77,0.3808
2018-05-11,sz399001,深证成指,10634.3,-0.8898
2018-05-14,sz399001,深证成指,10671.46,0.3494
2018-05-15,sz399001,深证成指,10747.99,0.7171
2018-05-16,sz399001,深证成指,10701.32,-0.4342
2018-05-17,sz399001,深证成指,10635.5,-0.6151
2018-05-18,sz399001,深证成指,10672.52,0.3481
2018-05-21,sz399001,深证成指,10765.35,0.8698
2018-05-22,sz399001,深证成指,10765.8,0.0042
2018-05-23,sz399001,深证成指,10631.12,-1.251
2018-05-24,sz399001,深证成指,10564.13,-0.6301
2018-05-25,sz399001,深证成指,10448.22,-1.0972
2018-05-28,sz399001,深证成指,10465.54,0.1658
2018-05-29,sz399001,深证成指,10349.07,-1.1129
2018-05-30,sz399001,深证成指,10105.79,-2.3507
2018-05-31,sz399001,深证成指,10295.73,1.8795
2018-06-01,sz399001,深证成指,10169.35,-1.2275
2018-06-04,sz399001,深证成指,10204.32,0.3439
2018-06-05,sz399001,深证成指,10385.61,1.7766
2018-06-06,sz399001,深证成指,10365.13,-0.1972
2018-06-07,sz399001,深证成指,10313.85,-0.4947
2018-06-08,sz399001,深证成指,10205.52,-1.0503
2018-06-11,sz399001,深证成指,10175.35,-0.2956
2018-06-12,sz399001,深证成指,10315.28,1.3752
2018-06-13,sz399001,深证成指,10161.65,-1.4893
2018-06-14,sz399001,深证成指,10084.18,-0.7624
2018-06-15,sz399001,深证成指,9943.13,-1.3987
2018-06-19,sz399001,深证成指,9414.76,-5.3139
2018-06-20,sz399001,深证成指,9501.34,0.9196
2018-06-21,sz399001,深证成指,9316.68,-1.9435
2018-06-22,sz399001,深证成指,9409.95,1.0011
2018-06-25,sz399001,深证成指,9324.83,-0.9046
2018-06-26,sz399001,深证成指,9339.37,0.1559
2018-06-27,sz399001,深证成指,9168.66,-1.8279
2018-06-28,sz399001,深证成指,9071.73,-1.0572
2018-06-29,sz399001,深证成指,9379.47,3.3923
2018-07-02,sz399001,深证成指,9179.8,-2.1288
2018-07-03,sz399001,深证成指,9221.54,0.4547
2018-07-04,sz399001,深证成指,9035.49,-2.0176
2018-07-05,sz399001,深证成指,8862.18,-1.9181
2018-07-06,sz399001,深证成指,8911.34,0.5547
2018-07-09,sz399001,深证成指,9160.62,2.7973
2018-07-10,sz399001,深证成指,9205.43,0.4892
2018-07-11,sz399001,深证成指,9023.82,-1.9729
2018-07-12,sz399001,深证成指,9273.61,2.7681
2018-07-13,sz399001,深证成指,9326.97,0.5754
2018-07-16,sz399001,深证成指,9317.36,-0.103
2018-07-17,sz399001,深证成指,9285.16,-0.3456
2018-07-18,sz399001,深证成指,9195.24,-0.9684
2018-07-19,sz399001,深证成指,9148.78,-0.5053
2018-07-20,sz399001,深证成指,9251.48,1.1226
2018-07-23,sz399001,深证成指,9314.3,0.679
2018-07-24,sz399001,深证成指,9465.8,1.6265
2018-07-25,sz399001,深证成指,9463.76,-0.0216
2018-07-26,sz399001,深证成指,9352.25,-1.1783
2018-07-27,sz399001,深证成指,9295.93,-0.6022
2018-07-30,sz399001,深证成指,9181.94,-1.2262
2018-07-31,sz399001,深证成指,9178.78,-0.0344
2018-08-01,sz399001,深证成指,9005.37,-1.8892
2018-08-02,sz399001,深证成指,8780.56,-2.4964
2018-08-03,sz399001,深证成指,8602.12,-2.0322
2018-08-06,sz399001,深证成指,8422.84,-2.0841
2018-08-07,sz399001,深证成指,8674.03,2.9822
2018-08-08,sz399001,深证成指,8499.22,-2.0153
2018-08-09,sz399001,深证成指,8752.2,2.9765
2018-08-10,sz399001,深证成指,8813.49,0.7003
2018-08-13,sz399001,深证成指,8844.86,0.3559
2018-08-14,sz399001,深证成指,8784.9,-0.6779
2018-08-15,sz399001,深证成指,8581.18,-2.319
2018-08-16,sz399001,深证成指,8500.42,-0.9411
2018-08-17,sz399001,深证成指,8357.04,-1.6867
2018-08-20,sz399001,深证成指,8414.15,0.6834
2018-08-21,sz399001,深证成指,8549.06,1.6034
2018-08-22,sz399001,深证成指,8454.75,-1.1032
2018-08-23,sz399001,深证成指,8501.39,0.5516
2018-08-24,sz399001,深证成指,8484.74,-0.1959
2018-08-27,sz399001,深证成指,8728.56,2.8736
2018-08-28,sz399001,深证成指,8733.75,0.0595
2018-08-29,sz399001,深证成指,8678.26,-0.6354
2018-08-30,sz399001,深证成指,8552.8,-1.4457
2018-08-31,sz399001,深证成指,8465.47,-1.0211
2018-09-03,sz399001,深证成指,8455.55,-0.1172
2018-09-04,sz399001,深证成指,8554.44,1.1695
2018-09-05,sz399001,深证成指,8402.51,-1.776
2018-09-06,sz399001,深证成指,8324.16,-0.9325
2018-09-07,sz399001,深证成指,8322.36,-0.0216
2018-09-10,sz399001,深证成指,8158.49,-1.969
2018-09-11,sz399001,深证成指,8168.1,0.1178
2018-09-12,sz399001,深证成指,8111.16,-0.6971
2018-09-13,sz399001,深证成指,8163.76,0.6485
2018-09-14,sz399001,深证成指,8113.88,-0.611
2018-09-17,sz399001,深证成指,7999.35,-1.4115
2018-09-18,sz399001,深证成指,8133.22,1.6735
2018-09-19,sz399001,深证成指,8248.12,1.4127
2018-09-20,sz399001,深证成指,8233.89,-0.1725
2018-09-21,sz399001,深证成指,8409.18,2.1289
2018-09-25,sz399001,深证成指,8353.38,-0.6636
2018-09-26,sz399001,深证成指,8420.54,0.804
2018-09-27,sz399001,深证成指,8334.75,-1.0188
2018-09-28,sz399001,深证成指,8401.09,0.7959
2018-10-08,sz399001,深证成指,8060.83,-4.0502
2018-10-09,sz399001,深证成指,8046.39,-0.1791
2018-10-10,sz399001,深证成指,8010.69,-0.4437
2018-10-11,sz399001,深证成指,7524.09,-6.0744
2018-10-12,sz399001,深证成指,7558.28,0.4544
2018-10-15,sz399001,深证成指,7444.48,-1.5056
2018-10-16,sz399001,深证成指,7298.98,-1.9545
2018-10-17,sz399001,深证成指,7365.21,0.9074
2018-10-18,sz399001,深证成指,7187.49,-2.413
2018-10-19,sz399001,深证成指,7387.74,2.7861
2018-10-22,sz399001,深证成指,7748.82,4.8876
2018-10-23,sz399001,深证成指,7574.99,-2.2433
2018-10-24,sz399001,深证成指,7545.11,-0.3945
2018-10-25,sz399001,深证成指,7529.41,-0.2081
2018-10-26,sz399001,深证成指,7504.72,-0.3279
2018-10-29,sz399001,深证成指,7322.24,-2.4315
2018-10-30,sz399001,深证成指,7375.23,0.7237
2018-10-31,sz399001,深证成指,7482.83,1.4589
2018-11-01,sz399001,深证成指,7567.79,1.1354
2018-11-02,sz399001,深证成指,7867.54,3.9609
2018-11-05,sz399001,深证成指,7839.08,-0.3617
2018-11-06,sz399001,深证成指,7791.25,-0.6101
2018-11-07,sz399001,深证成指,7752.04,-0.5033
2018-11-08,sz399001,深证成指,7698.02,-0.6968
2018-11-09,sz399001,深证成指,7648.55,-0.6426
2018-11-12,sz399001,深证成指,7832.29,2.4023
2018-11-13,sz399001,深证成指,7963.66,1.6773
2018-11-14,sz399001,深证成指,7908.55,-0.692
2018-11-15,sz399001,深证成指,8002.1,1.1829
2018-11-16,sz399001,深证成指,8062.29,0.7522
2018-11-19,sz399001,深证成指,8108.85,0.5775
2018-11-20,sz399001,深证成指,7879.52,-2.8281
2018-11-21,sz399001,深证成指,7908.47,0.3674
2018-11-22,sz399001,深证成指,7893.99,-0.1831
2018-11-23,sz399001,深证成指,7636.7,-3.2593
2018-11-26,sz399001,深证成指,7615.91,-0.2722
2018-11-27,sz399001,深证成指,7635.16,0.2528
2018-11-28,sz399001,深证成指,7757.07,1.5967
2018-11-29,sz399001,深证成指,7597.01,-2.0634
2018-11-30,sz399001,深证成指,7681.75,1.1154
2018-12-03,sz399001,深证成指,7938.47,3.3419
2018-12-04,sz399001,深证成指,7953.72,0.1921
2018-12-05,sz399001,深证成指,7928.51,-0.317
2018-12-06,sz399001,深证成指,7735.05,-2.4401
2018-12-07,sz399001,深证成指,7733.89,-0.015
2018-12-10,sz399001,深证成指,7624.86,-1.4098
2018-12-11,sz399001,深证成指,7685.4,0.794
2018-12-12,sz399001,深证成指,7698.02,0.1642
2018-12-13,sz399001,深证成指,7808.04,1.4292
2018-12-14,sz399001,深证成指,7629.65,-2.2847
2018-12-17,sz399001,深证成指,7592.65,-0.485
2018-12-18,sz399001,深证成指,7530.32,-0.8209
2018-12-19,sz399001,深证成指,7418.69,-1.4824
2018-12-20,sz399001,深证成指,7426.44,0.1045
2018-12-21,sz399001,深证成指,7337.6,-1.1963
2018-12-24,sz399001,深证成指,7392.56,0.749
2018-12-25,sz399001,深证成指,7332.35,-0.8145
2018-12-26,sz399001,深证成指,7289.55,-0.5837
2018-12-27,sz399001,深证成指,7215.34,-1.018
2018-12-28,sz399001,深证成指,7239.79,0.3389
2019-01-02,sz399001,深证成指,7149.27,-1.2503
2019-01-03,sz399001,深证成指,7089.44,-0.8369
2019-01-04,sz399001,深证成指,7284.84,2.7562
2019-01-07,sz399001,深证成指,7400.2,1.5836
2019-01-08,sz399001,深证成指,7391.65,-0.1155
2019-01-09,sz399001,深证成指,7447.93,0.7614
2019-01-10,sz399001,深证成指,7428.61,-0.2594
2019-01-11,sz399001,深证成指,7474.01,0.6112
2019-01-14,sz399001,深证成指,7409.2,-0.8671
2019-01-15,sz399001,深证成指,7547.35,1.8646
2019-01-16,sz399001,深证成指,7540.45,-0.0914
2019-01-17,sz399001,深证成指,7470.36,-0.9295
2019-01-18,sz399001,深证成指,7581.39,1.4863
2019-01-21,sz399001,深证成指,7626.24,0.5916
2019-01-22,sz399001,深证成指,7516.79,-1.4352
2019-01-23,sz399001,深证成指,7523.77,0.0929
2019-01-24,sz399001,深证成指,7573.52,0.6612
2019-01-25,sz399001,深证成指,7595.45,0.2896
2019-01-28,sz399001,深证成指,7589.58,-0.0773
2019-01-29,sz399001,深证成指,7551.3,-0.5044
2019-01-30,sz399001,深证成指,7470.47,-1.0704
2019-01-31,sz399001,深证成指,7479.22,0.1171
2019-02-01,sz399001,深证成指,7684.0,2.738
2019-02-11,sz399001,深证成指,7919.05,3.059
2019-02-12,sz399001,深证成指,8010.07,1.1494
2019-02-13,sz399001,深证成指,8171.21,2.0117
2019-02-14,sz399001,深证成指,8219.96,0.5966
2019-02-15,sz399001,深证成指,8125.63,-1.1476
2019-02-18,sz399001,深证成指,8446.92,3.954
2019-02-19,sz399001,深证成指,8440.87,-0.0716
2019-02-20,sz399001,深证成指,8473.43,0.3857
2019-02-21,sz399001,深证成指,8451.71,-0.2563
2019-02-22,sz399001,深证成指,8651.2,2.3604
2019-02-25,sz399001,深证成指,9134.58,5.5874
2019-02-26,sz399001,深证成指,9089.04,-0.4985
2019-02-27,sz399001,深证成指,9005.77,-0.9162
2019-02-28,sz399001,深证成指,9031.93,0.2905
2019-03-01,sz399001,深证成指,9167.65,1.5027
2019-03-04,sz399001,深证成指,9384.42,2.3645
2019-03-05,sz399001,深证成指,9595.74,2.2518
2019-03-06,sz399001,深证成指,9700.49,1.0916
2019-03-07,sz399001,深证成指,9678.11,-0.2307
2019-03-08,sz399001,深证成指,9363.72,-3.2485
2019-03-11,sz399001,深证成指,9704.33,3.6376
2019-03-12,sz399001,深证成指,9841.24,1.4108
2019-03-13,sz399001,深证成指,9592.05,-2.5321
2019-03-14,sz399001,深证成指,9417.93,-1.8153
2019-03-15,sz399001,深证成指,9550.54,1.4081
2019-03-18,sz399001,深证成指,9843.43,3.0667
2019-03-19,sz399001,深证成指,9839.74,-0.0375
2019-03-20,sz399001,深证成指,9800.6,-0.3978
2019-03-21,sz399001,深证成指,9869.8,0.7061
2019-03-22,sz399001,深证成指,9879.22,0.0954
2019-03-25,sz399001,深证成指,9701.7,-1.7969
2019-03-26,sz399001,深证成指,9513.0,-1.945
2019-03-27,sz399001,深证成指,9609.44,1.0138
2019-03-28,sz399001,深证成指,9546.51,-0.6549
2019-03-29,sz399001,深证成指,9906.86,3.7747
2019-04-01,sz399001,深证成指,10267.7,3.6423
2019-04-02,sz399001,深证成指,10260.36,-0.0715
2019-04-03,sz399001,深证成指,10340.51,0.7812
2019-04-04,sz399001,深证成指,10415.8,0.7281
2019-04-08,sz399001,深证成指,10351.87,-0.6138
2019-04-09,sz399001,深证成指,10436.62,0.8187
2019-04-10,sz399001,深证成指,10435.08,-0.0148
2019-04-11,sz399001,深证成指,10158.4,-2.6514
2019-04-12,sz399001,深证成指,10132.34,-0.2565
2019-04-15,sz399001,深证成指,10053.76,-0.7755
2019-04-16,sz399001,深证成指,10287.64,2.3263
2019-04-17,sz399001,深证成指,10344.43,0.552
2019-04-18,sz399001,深证成指,10287.67,-0.5487
2019-04-19,sz399001,深证成指,10418.24,1.2692
2019-04-22,sz399001,深证成指,10224.31,-1.8614
2019-04-23,sz399001,深证成指,10124.66,-0.9746
2019-04-24,sz399001,深证成指,10236.27,1.1024
2019-04-25,sz399001,深证成指,9907.63,-3.2105
2019-04-26,sz399001,深证成指,9780.82,-1.2799
2019-04-29,sz399001,深证成指,9622.49,-1.6188
2019-04-30,sz399001,深证成指,9674.53,0.5408
2019-05-06,sz399001,深证成指,8943.52,-7.556
2019-05-07,sz399001,深证成指,9089.46,1.6318
2019-05-08,sz399001,深证成指,9002.53,-0.9564
2019-05-09,sz399001,深证成指,8877.31,-1.3909
2019-05-10,sz399001,深证成指,9235.39,4.0337
2019-05-13,sz399001,深证成指,9103.36,-1.4296
2019-05-14,sz399001,深证成指,9038.36,-0.714
2019-05-15,sz399001,深证成指,9259.03,2.4415
2019-05-16,sz399001,深证成指,9293.32,0.3703
2019-05-17,sz399001,深证成指,9000.19,-3.1542
2019-05-20,sz399001,深证成指,8916.11,-0.9342
2019-05-21,sz399001,深证成指,9087.52,1.9225
2019-05-22,sz399001,深证成指,9041.22,-0.5095
2019-05-23,sz399001,深证成指,8809.54,-2.5625
2019-05-24,sz399001,深证成指,8776.77,-0.372
2019-05-27,sz399001,深证成指,8979.83,2.3136
2019-05-28,sz399001,深证成指,9035.69,0.6221
2019-05-29,sz399001,深证成指,9010.36,-0.2803
2019-05-30,sz399001,深证成指,8943.35,-0.7437
2019-05-31,sz399001,深证成指,8922.69,-0.231
2019-06-03,sz399001,深证成指,8856.99,-0.7363
2019-06-04,sz399001,深证成指,8748.27,-1.2275
2019-06-05,sz399001,深证成指,8746.05,-0.0254
2019-06-06,sz399001,深证成指,8584.94,-1.8421
2019-06-10,sz399001,深证成指,8711.79,1.4776
2019-06-11,sz399001,深证成指,9037.67,3.7407
2019-06-12,sz399001,深证成指,8954.72,-0.9178
2019-06-13,sz399001,深证成指,8951.61,-0.0347
2019-06-14,sz399001,深证成指,8810.13,-1.5805
2019-06-17,sz399001,深证成指,8780.87,-0.3321
2019-06-18,sz399001,深证成指,8804.32,0.2671
2019-06-19,sz399001,深证成指,8925.73,1.379
2019-06-20,sz399001,深证成指,9134.96,2.3441
2019-06-21,sz399001,深证成指,9214.27,0.8682
2019-06-24,sz399001,深证成指,9212.12,-0.0233
2019-06-25,sz399001,深证成指,9118.1,-1.0206
2019-06-26,sz399001,深证成指,9122.43,0.0475
2019-06-27,sz399001,深证成指,9239.48,1.2831
2019-06-28,sz399001,深证成指,9178.31,-0.6621
2019-07-01,sz399001,深证成指,9530.46,3.8368
2019-07-02,sz399001,深证成指,9545.52,0.158
2019-07-03,sz399001,深证成指,9419.84,-1.3166
2019-07-04,sz399001,深证成指,9368.3,-0.5471
2019-07-05,sz399001,深证成指,9443.21,0.7996
2019-07-08,sz399001,深证成指,9186.29,-2.7207
2019-07-09,sz399001,深证成指,9198.79,0.1361
2019-07-10,sz399001,深证成指,9166.15,-0.3548
2019-07-11,sz399001,深证成指,9152.77,-0.146
2019-07-12,sz399001,深证成指,9213.38,0.6622
2019-07-15,sz399001,深证成指,9309.42,1.0424
2019-07-16,sz399001,深证成指,9283.41,-0.2794
2019-07-17,sz399001,深证成指,9302.0,0.2002
2019-07-18,sz399001,深证成指,9154.65,-1.5841
2019-07-19,sz399001,深证成指,9228.55,0.8072
2019-07-22,sz399001,深证成指,9122.64,-1.1476
2019-07-23,sz399001,深证成指,9175.83,0.5831
2019-07-24,sz399001,深证成指,9266.3,0.986
2019-07-25,sz399001,深证成指,9344.82,0.8474
2019-07-26,sz399001,深证成指,9349.0,0.0447
2019-07-29,sz399001,深证成指,9354.28,0.0565
2019-07-30,sz399001,深证成指,9399.1,0.4791
2019-07-31,sz399001,深证成指,9326.61,-0.7712
2019-08-01,sz399001,深证成指,9268.05,-0.6279
2019-08-02,sz399001,深证成指,9136.46,-1.4198
2019-08-05,sz399001,深证成指,8984.73,-1.6607
2019-08-06,sz399001,深证成指,8859.47,-1.3941
2019-08-07,sz399001,深证成指,8814.74,-0.5049
2019-08-08,sz399001,深证成指,8919.28,1.186
2019-08-09,sz399001,深证成指,8795.18,-1.3914
2019-08-12,sz399001,深证成指,8978.52,2.0846
2019-08-13,sz399001,深证成指,8902.63,-0.8452
2019-08-14,sz399001,深证成指,8966.47,0.7171
2019-08-15,sz399001,深证成指,9009.68,0.4819
2019-08-16,sz399001,深证成指,9060.92,0.5687
2019-08-19,sz399001,深证成指,9328.97,2.9583
2019-08-20,sz399001,深证成指,9328.73,-0.0026
2019-08-21,sz399001,深证成指,9322.75,-0.0641
2019-08-22,sz399001,深证成指,9350.56,0.2983
2019-08-23,sz399001,深证成指,9362.55,0.1282
2019-08-26,sz399001,深证成指,9270.39,-0.9843
2019-08-27,sz399001,深证成指,9443.18,1.8639
2019-08-28,sz399001,深证成指,9414.0,-0.309
2019-08-29,sz399001,深证成指,9398.47,-0.165
2019-08-30,sz399001,深证成指,9365.68,-0.3489
2019-09-02,sz399001,深证成指,9569.47,2.1759
2019-09-03,sz399001,深证成指,9633.69,0.6711
2019-09-04,sz399001,深证成指,9700.32,0.6916
2019-09-05,sz399001,深证成指,9783.5,0.8575
2019-09-06,sz399001,深证成指,9823.42,0.408
2019-09-09,sz399001,深证成指,10001.93,1.8172
2019-09-10,sz399001,深证成指,9964.93,-0.3699
2019-09-11,sz399001,深证成指,9853.72,-1.116
2019-09-12,sz399001,深证成指,9919.8,0.6706
2019-09-16,sz399001,深证成指,9918.09,-0.0172
2019-09-17,sz399001,深证成指,9722.8,-1.969
2019-09-18,sz399001,深证成指,9753.31,0.3138
2019-09-19,sz399001,深证成指,9852.2,1.0139
2019-09-20,sz399001,深证成指,9881.25,0.2949
2019-09-23,sz399001,深证成指,9781.14,-1.0131
2019-09-24,sz399001,深证成指,9811.38,0.3092
2019-09-25,sz399001,深证成指,9671.06,-1.4302
2019-09-26,sz399001,深证成指,9464.84,-2.1323
2019-09-27,sz399001,深证成指,9548.96,0.8888
2019-09-30,sz399001,深证成指,9446.24,-1.0757
2019-10-08,sz399001,深证成指,9474.75,0.3018
2019-10-09,sz399001,深证成指,9506.56,0.3357
2019-10-10,sz399001,深证成指,9638.1,1.3837
2019-10-11,sz399001,深证成指,9666.58,0.2955
2019-10-14,sz399001,深证成指,9786.64,1.242
2019-10-15,sz399001,深证成指,9671.73,-1.1742
2019-10-16,sz399001,深证成指,9642.06,-0.3068
2019-10-17,sz399001,深证成指,9645.39,0.0345
2019-10-18,sz399001,深证成指,9533.5,-1.16
2019-10-21,sz399001,深证成指,9553.57,0.2105
2019-10-22,sz399001,深证成指,9642.09,0.9266
2019-10-23,sz399001,深证成指,9567.75,-0.771
2019-10-24,sz399001,深证成指,9555.76,-0.1253
2019-10-25,sz399001,深证成指,9660.44,1.0955
2019-10-28,sz399001,深证成指,9801.87,1.464
2019-10-29,sz399001,深证成指,9746.03,-0.5697
2019-10-30,sz399001,深证成指,9681.54,-0.6617
2019-10-31,sz399001,深证成指,9635.33,-0.4773
2019-11-01,sz399001,深证成指,9802.33,1.7332
2019-11-04,sz399001,深证成指,9868.13,0.6713
2019-11-05,sz399001,深证成指,9938.61,0.7142
2019-11-06,sz399001,深证成指,9860.97,-0.7812
2019-11-07,sz399001,深证成指,9917.49,0.5732
2019-11-08,sz399001,深证成指,9895.34,-0.2233
2019-11-11,sz399001,深证成指,9680.57,-2.1704
2019-11-12,sz399001,深证成指,9670.14,-0.1077
2019-11-13,sz399001,深证成指,9687.85,0.1831
2019-11-14,sz399001,深证成指,9746.56,0.606
2019-11-15,sz399001,深证成指,9647.99,-1.0113
2019-11-18,sz399001,深证成指,9715.27,0.6973
2019-11-19,sz399001,深证成指,9889.75,1.7959
2019-11-20,sz399001,深证成指,9809.05,-0.816
2019-11-21,sz399001,深证成指,9774.44,-0.3528
2019-11-22,sz399001,深证成指,9626.9,-1.5094
2019-11-25,sz399001,深证成指,9626.36,-0.0056
2019-11-26,sz399001,深证成指,9677.23,0.5284
2019-11-27,sz399001,深证成指,9648.39,-0.298
2019-11-28,sz399001,深证成指,9622.14,-0.2721
2019-11-29,sz399001,深证成指,9582.16,-0.4155
2019-12-02,sz399001,深证成指,9605.19,0.2403
2019-12-03,sz399001,深证成指,9657.65,0.5462
2019-12-04,sz399001,深证成指,9687.95,0.3137
2019-12-05,sz399001,深证成指,9799.07,1.147
2019-12-06,sz399001,深证成指,9878.62,0.8118
2019-12-09,sz399001,深证成指,9876.27,-0.0238
2019-12-10,sz399001,深证成指,9915.87,0.401
2019-12-11,sz399001,深证成指,9852.71,-0.637
2019-12-12,sz399001,深证成指,9836.23,-0.1673
2019-12-13,sz399001,深证成指,10004.62,1.7119
2019-12-16,sz399001,深证成指,10158.24,1.5355
2019-12-17,sz399001,深证成指,10306.03,1.4549
2019-12-18,sz399001,深证成指,10294.66,-0.1103
2019-12-19,sz399001,深证成指,10296.29,0.0158
2019-12-20,sz399001,深证成指,10229.49,-0.6488
2019-12-23,sz399001,深证成指,10056.21,-1.6939
2019-12-24,sz399001,深证成指,10189.29,1.3234
2019-12-25,sz399001,深证成指,10229.58,0.3954
2019-12-26,sz399001,深证成指,10303.71,0.7247
2019-12-27,sz399001,深证成指,10233.77,-0.6788
2019-12-30,sz399001,深证成指,10365.96,1.2917
2019-12-31,sz399001,深证成指,10430.77,0.6252
2020-01-02,sz399001,深证成指,10638.82,1.9946
2020-01-03,sz399001,深证成指,10656.41,0.1653
2020-01-06,sz399001,深证成指,10698.27,0.3928
2020-01-07,sz399001,深证成指,10829.04,1.2223
2020-01-08,sz399001,深证成指,10706.87,-1.1282
2020-01-09,sz399001,深证成指,10898.17,1.7867
2020-01-10,sz399001,深证成指,10879.84,-0.1682
2020-01-13,sz399001,深证成指,11040.2,1.4739
2020-01-14,sz399001,深证成指,10988.77,-0.4658
2020-01-15,sz399001,深证成指,10972.32,-0.1497
2020-01-16,sz399001,深证成指,10967.44,-0.0445
2020-01-17,sz399001,深证成指,10954.39,-0.119
2020-01-20,sz399001,深证成指,11115.88,1.4742
2020-01-21,sz399001,深证成指,10953.41,-1.4616
2020-01-22,sz399001,深证成指,11072.06,1.0832
2020-01-23,sz399001,深证成指,10681.9,-3.5238
2020-02-03,sz399001,深证成指,9779.67,-8.4463
2020-02-04,sz399001,深证成指,10089.67,3.1698
2020-02-05,sz399001,深证成指,10305.5,2.1391
2020-02-06,sz399001,深证成指,10601.34,2.8707
2020-02-07,sz399001,深证成指,10611.55,0.0963
2020-02-10,sz399001,深证成指,10728.46,1.1017
2020-02-11,sz399001,深证成指,10768.63,0.3744
2020-02-12,sz399001,深证成指,10940.79,1.5987
2020-02-13,sz399001,深证成指,10864.32,-0.6989
2020-02-14,sz399001,深证成指,10916.31,0.4785
2020-02-17,sz399001,深证成指,11241.5,2.9789
2020-02-18,sz399001,深证成指,11306.49,0.5781
2020-02-19,sz399001,深证成指,11235.6,-0.627
2020-02-20,sz399001,深证成指,11509.09,2.4341
2020-02-21,sz399001,深证成指,11629.7,1.048
2020-02-24,sz399001,深证成指,11772.38,1.2269
2020-02-25,sz399001,深证成指,11856.08,0.711
2020-02-26,sz399001,深证成指,11497.55,-3.024
2020-02-27,sz399001,深证成指,11534.02,0.3172
2020-02-28,sz399001,深证成指,10980.77,-4.7967
2020-03-02,sz399001,深证成指,11381.76,3.6517
2020-03-03,sz399001,深证成指,11484.21,0.9001
2020-03-04,sz399001,深证成指,11493.02,0.0767
2020-03-05,sz399001,深证成指,11711.37,1.8998
2020-03-06,sz399001,深证成指,11582.82,-1.0977
2020-03-09,sz399001,深证成指,11108.55,-4.0946
2020-03-10,sz399001,深证成指,11403.47,2.6549
2020-03-11,sz399001,深证成指,11200.05,-1.7838
2020-03-12,sz399001,深证成指,10941.01,-2.3128
2020-03-13,sz399001,深证成指,10831.13,-1.0043
2020-03-16,sz399001,深证成指,10253.28,-5.3351
2020-03-17,sz399001,深证成指,10202.75,-0.4928
2020-03-18,sz399001,深证成指,10029.57,-1.6974
2020-03-19,sz399001,深证成指,10019.86,-0.0968
2020-03-20,sz399001,深证成指,10150.13,1.3001
2020-03-23,sz399001,深证成指,9691.53,-4.5182
2020-03-24,sz399001,深证成指,9921.68,2.3748
2020-03-25,sz399001,深证成指,10241.08,3.2192
2020-03-26,sz399001,深证成指,10155.36,-0.837
2020-03-27,sz399001,深证成指,10109.91,-0.4475
2020-03-30,sz399001,深证成指,9904.95,-2.0273
2020-03-31,sz399001,深证成指,9962.3,0.579
2020-04-01,sz399001,深证成指,9951.84,-0.105
2020-04-02,sz399001,深证成指,10179.2,2.2846
2020-04-03,sz399001,深证成指,10110.11,-0.6787
2020-04-07,sz399001,深证成指,10428.91,3.1533
2020-04-08,sz399001,深证成指,10386.54,-0.4063
2020-04-09,sz399001,深证成指,10463.05,0.7366
2020-04-10,sz399001,深证成指,10298.41,-1.5735
2020-04-13,sz399001,深证成指,10223.16,-0.7307
2020-04-14,sz399001,深证成指,10475.71,2.4704
2020-04-15,sz399001,深证成指,10417.37,-0.5569
2020-04-16,sz399001,深证成指,10470.79,0.5128
2020-04-17,sz399001,深证成指,10527.99,0.5463
2020-04-20,sz399001,深证成指,10621.5,0.8882
2020-04-21,sz399001,深证成指,10506.86,-1.0793
2020-04-22,sz399001,深证成指,10617.19,1.0501
2020-04-23,sz399001,深证成指,10564.05,-0.5005
2020-04-24,sz399001,深证成指,10423.46,-1.3308
2020-04-27,sz399001,深证成指,10452.17,0.2754
2020-04-28,sz399001,深证成指,10501.15,0.4686
2020-04-29,sz399001,深证成指,10514.17,0.124
2020-04-30,sz399001,深证成指,10721.78,1.9746
2020-05-06,sz399001,深证成指,10883.22,1.5057
2020-05-07,sz399001,深证成指,10863.29,-0.1831
2020-05-08,sz399001,深证成指,11001.58,1.273
2020-05-11,sz399001,深证成指,10969.28,-0.2936
2020-05-12,sz399001,深证成指,11015.56,0.4219
2020-05-13,sz399001,深证成指,11074.59,0.5359
2020-05-14,sz399001,深证成指,10962.15,-1.0153
2020-05-15,sz399001,深证成指,10964.89,0.025
2020-05-18,sz399001,深证成指,10921.15,-0.3989
2020-05-19,sz399001,深证成指,11052.85,1.2059
2020-05-20,sz399001,深证成指,10948.48,-0.9443
2020-05-21,sz399001,深证成指,10845.4,-0.9415
2020-05-22,sz399001,深证成指,10604.97,-2.2169
2020-05-25,sz399001,深证成指,10592.84,-0.1144
2020-05-26,sz399001,深证成指,10815.43,2.1013
2020-05-27,sz399001,深证成指,10682.7,-1.2272
2020-05-28,sz399001,深证成指,10653.49,-0.2734
2020-05-29,sz399001,深证成指,10746.08,0.8691
2020-06-01,sz399001,深证成指,11102.15,3.3135
2020-06-02,sz399001,深证成指,11112.5,0.0932
2020-06-03,sz399001,深证成指,11108.36,-0.0373
2020-06-04,sz399001,深证成指,11139.26,0.2782
2020-06-05,sz399001,深证成指,11180.6,0.3711
2020-06-08,sz399001,深证成指,11215.76,0.3145
2020-06-09,sz399001,深证成指,11284.24,0.6106
2020-06-10,sz399001,深证成指,11335.86,0.4575
2020-06-11,sz399001,深证成指,11243.62,-0.8137
2020-06-12,sz399001,深证成指,11251.71,0.072
2020-06-15,sz399001,深证成指,11192.27,-0.5283
2020-06-16,sz399001,深证成指,11398.97,1.8468
2020-06-17,sz399001,深证成指,11420.84,0.1919
2020-06-18,sz399001,深证成指,11494.55,0.6454
2020-06-19,sz399001,深证成指,11668.13,1.5101
2020-06-22,sz399001,深证成指,11702.44,0.294
2020-06-23,sz399001,深证成指,11794.01,0.7825
2020-06-24,sz399001,深证成指,11813.53,0.1655
2020-06-29,sz399001,深证成指,11752.36,-0.5178
2020-06-30,sz399001,深证成指,11992.35,2.0421
2020-07-01,sz399001,深证成指,12112.96,1.0057
2020-07-02,sz399001,深证成指,12269.49,1.2923
2020-07-03,sz399001,深证成指,12433.26,1.3348
2020-07-06,sz399001,深证成指,12941.72,4.0895
2020-07-07,sz399001,深证成指,13163.98,1.7174
2020-07-08,sz399001,深证成指,13406.37,1.8413
2020-07-09,sz399001,深证成指,13754.74,2.5985
2020-07-10,sz399001,深证成指,13671.24,-0.6071
2020-07-13,sz399001,深证成指,14149.14,3.4957
2020-07-14,sz399001,深证成指,13996.46,-1.0791
2020-07-15,sz399001,深证成指,13734.13,-1.8743
2020-07-16,sz399001,深证成指,12996.34,-5.3719
2020-07-17,sz399001,深证成指,13114.94,0.9126
2020-07-20,sz399001,深证成指,13448.85,2.546
2020-07-21,sz399001,深证成指,13536.17,0.6493
2020-07-22,sz399001,深证成指,13657.03,0.8929
2020-07-23,sz399001,深证成指,13661.5,0.0327
2020-07-24,sz399001,深证成指,12935.7,-5.3127
2020-07-27,sz399001,深证成指,12976.87,0.3183
2020-07-28,sz399001,深证成指,13147.35,1.3137
2020-07-29,sz399001,深证成指,13557.44,3.1192
2020-07-30,sz399001,深证成指,13466.85,-0.6682
2020-07-31,sz399001,深证成指,13637.88,1.27
2020-08-03,sz399001,深证成指,13964.56,2.3954
2020-08-04,sz399001,深证成指,13860.46,-0.7455
2020-08-05,sz399001,深证成指,13960.92,0.7248
2020-08-06,sz399001,深证成指,13863.13,-0.7005
2020-08-07,sz399001,深证成指,13648.5,-1.5482
2020-08-10,sz399001,深证成指,13657.31,0.0645
2020-08-11,sz399001,深证成指,13466.27,-1.3988
2020-08-12,sz399001,深证成指,13308.52,-1.1714
2020-08-13,sz399001,深证成指,13291.32,-0.1292
2020-08-14,sz399001,深证成指,13489.01,1.4874
2020-08-17,sz399001,深证成指,13742.23,1.8772
2020-08-18,sz399001,深证成指,13768.17,0.1888
2020-08-19,sz399001,深证成指,13480.85,-2.0868
2020-08-20,sz399001,深证成指,13320.92,-1.1863
2020-08-21,sz399001,深证成指,13478.0,1.1792
2020-08-24,sz399001,深证成指,13666.69,1.4
2020-08-25,sz399001,深证成指,13669.41,0.0199
2020-08-26,sz399001,深证成指,13428.4,-1.7631
2020-08-27,sz399001,深证成指,13535.09,0.7945
2020-08-28,sz399001,深证成指,13851.32,2.3364
2020-08-31,sz399001,深证成指,13758.23,-0.6721
2020-09-01,sz399001,深证成指,13849.66,0.6645
2020-09-02,sz399001,深证成指,13887.42,0.2726
2020-09-03,sz399001,深证成指,13772.37,-0.8284
2020-09-04,sz399001,深证成指,13656.66,-0.8402
2020-09-07,sz399001,深证成指,13284.03,-2.7286
2020-09-08,sz399001,深证成指,13293.33,0.07
2020-09-09,sz399001,深证成指,12861.75,-3.2466
2020-09-10,sz399001,深证成指,12742.85,-0.9244
2020-09-11,sz399001,深证成指,12942.95,1.5703
2020-09-14,sz399001,深证成指,13021.99,0.6107
2020-09-15,sz399001,深证成指,13143.46,0.9328
2020-09-16,sz399001,深证成指,13011.28,-1.0057
2020-09-17,sz399001,深证成指,13015.19,0.0301
2020-09-18,sz399001,深证成指,13245.09,1.7664
2020-09-21,sz399001,深证成指,13149.5,-0.7217
2020-09-22,sz399001,深证成指,13023.43,-0.9587
2020-09-23,sz399001,深证成指,13110.07,0.6653
2020-09-24,sz399001,深证成指,12816.61,-2.2384
2020-09-25,sz399001,深证成指,12814.17,-0.019
2020-09-28,sz399001,深证成指,12760.93,-0.4155
2020-09-29,sz399001,深证成指,12900.7,1.0953
2020-09-30,sz399001,深证成指,12907.45,0.0523
2020-10-09,sz399001,深证成指,13289.26,2.9581
2020-10-12,sz399001,深证成指,13708.07,3.1515
2020-10-13,sz399001,深证成指,13798.58,0.6603
2020-10-14,sz399001,深证成指,13691.04,-0.7794
2020-10-15,sz399001,深证成指,13624.89,-0.4832
2020-10-16,sz399001,深证成指,13532.73,-0.6764
2020-10-19,sz399001,深证成指,13421.19,-0.8242
2020-10-20,sz399001,深证成指,13603.88,1.3612
2020-10-21,sz399001,深证成指,13467.91,-0.9995
2020-10-22,sz399001,深证成指,13396.18,-0.5326
2020-10-23,sz399001,深证成指,13128.46,-1.9985
2020-10-26,sz399001,深证成指,13191.25,0.4783
2020-10-27,sz399001,深证成指,13269.65,0.5943
2020-10-28,sz399001,深证成指,13388.1,0.8926
2020-10-29,sz399001,深证成指,13519.66,0.9827
2020-10-30,sz399001,深证成指,13236.6,-2.0937
2020-11-02,sz399001,深证成指,13420.96,1.3928
2020-11-03,sz399001,深证成指,13580.04,1.1853
2020-11-04,sz399001,深证成指,13659.5,0.5851
2020-11-05,sz399001,深证成指,13894.26,1.7187
2020-11-06,sz399001,深证成指,13838.42,-0.4019
2020-11-09,sz399001,深证成指,14141.15,2.1876
2020-11-10,sz399001,深证成指,13993.34,-1.0452
2020-11-11,sz399001,深证成指,13720.17,-1.9521
2020-11-12,sz399001,深证成指,13792.07,0.524
2020-11-13,sz399001,深证成指,13754.55,-0.272
2020-11-16,sz399001,深证成指,13850.83,0.7
2020-11-17,sz399001,深证成指,13732.52,-0.8542
2020-11-18,sz399001,深证成指,13658.2,-0.5412
2020-11-19,sz399001,深证成指,13777.45,0.8731
2020-11-20,sz399001,深证成指,13852.42,0.5442
2020-11-23,sz399001,深证成指,13955.29,0.7426
2020-11-24,sz399001,深证成指,13902.54,-0.378
2020-11-25,sz399001,深证成指,13656.09,-1.7727
2020-11-26,sz399001,深证成指,13599.99,-0.4108
2020-11-27,sz399001,深证成指,13690.88,0.6683
2020-11-30,sz399001,深证成指,13670.11,-0.1517
2020-12-01,sz399001,深证成指,13930.38,1.9039
2020-12-02,sz399001,深证成指,13961.58,0.224
2020-12-03,sz399001,深证成指,13970.68,0.0652
2020-12-04,sz399001,深证成指,14026.66,0.4007
2020-12-07,sz399001,深证成指,13973.48,-0.3791
2020-12-08,sz399001,深证成指,13973.89,0.0029
2020-12-09,sz399001,深证成指,13716.53,-1.8417
2020-12-10,sz399001,深证成指,13731.34,0.108
2020-12-11,sz399001,深证成指,13555.14,-1.2832
2020-12-14,sz399001,深证成指,13692.13,1.0106
2020-12-15,sz399001,深证成指,13763.31,0.5199
2020-12-16,sz399001,深证成指,13751.09,-0.0888
2020-12-17,sz399001,深证成指,13889.87,1.0092
2020-12-18,sz399001,深证成指,13854.12,-0.2574
2020-12-21,sz399001,深证成指,14134.85,2.0263
2020-12-22,sz399001,深证成指,13882.3,-1.7867
2020-12-23,sz399001,深证成指,14015.02,0.956
2020-12-24,sz399001,深证成指,13915.57,-0.7096
2020-12-25,sz399001,深证成指,14017.06,0.7293
2020-12-28,sz399001,深证成指,14044.1,0.1929
2020-12-29,sz399001,深证成指,13970.21,-0.5261
2020-12-30,sz399001,深证成指,14201.57,1.6561
2020-12-31,sz399001,深证成指,14470.68,1.8949
2021-01-04,sz399001,深证成指,14827.47,2.4656
2021-01-05,sz399001,深证成指,15147.57,2.1588
2021-01-06,sz399001,深证成指,15187.61,0.2643
2021-01-07,sz399001,深证成指,15356.4,1.1114
2021-01-08,sz399001,深证成指,15319.29,-0.2417
2021-01-11,sz399001,深证成指,15115.38,-1.3311
2021-01-12,sz399001,深证成指,15460.03,2.2801
2021-01-13,sz399001,深证成指,15365.43,-0.6119
2021-01-14,sz399001,深证成指,15070.13,-1.9218
2021-01-15,sz399001,深证成指,15031.7,-0.255
2021-01-18,sz399001,深证成指,15269.27,1.5805
2021-01-19,sz399001,深证成指,15003.99,-1.7373
2021-01-20,sz399001,深证成指,15223.36,1.4621
2021-01-21,sz399001,深证成指,15520.6,1.9525
2021-01-22,sz399001,深证成指,15628.73,0.6967
2021-01-25,sz399001,深证成指,15710.19,0.5212
2021-01-26,sz399001,深证成指,15352.42,-2.2773
2021-01-27,sz399001,深证成指,15413.84,0.4001
2021-01-28,sz399001,深证成指,14913.21,-3.2479
2021-01-29,sz399001,深证成指,14821.99,-0.6117
2021-02-01,sz399001,深证成指,15024.24,1.3645
2021-02-02,sz399001,深证成指,15335.66,2.0728
2021-02-03,sz399001,深证成指,15233.15,-0.6684
2021-02-04,sz399001,深证成指,15105.94,-0.8351
2021-02-05,sz399001,深证成指,15007.29,-0.6531
2021-02-08,sz399001,深证成指,15269.63,1.7481
2021-02-09,sz399001,深证成指,15630.57,2.3638
2021-02-10,sz399001,深证成指,15962.25,2.122
2021-02-18,sz399001,深证成指,15767.44,-1.2204
2021-02-19,sz399001,深证成指,15823.11,0.3531
2021-02-22,sz399001,深证成指,15336.95,-3.0725
2021-02-23,sz399001,深证成指,15243.25,-0.6109
2021-02-24,sz399001,深证成指,14870.67,-2.4442
2021-02-25,sz399001,深证成指,14828.8,-0.2816
2021-02-26,sz399001,深证成指,14507.45,-2.1671
2021-03-01,sz399001,深证成指,14857.34,2.4118
2021-03-02,sz399001,深证成指,14751.12,-0.7149
2021-03-03,sz399001,深证成指,14932.38,1.2288
2021-03-04,sz399001,深证成指,14416.06,-3.4577
2021-03-05,sz399001,深证成指,14412.31,-0.026
2021-03-08,sz399001,深证成指,13863.81,-3.8058
2021-03-09,sz399001,深证成指,13475.72,-2.7993
2021-03-10,sz399001,深证成指,13563.34,0.6502
2021-03-11,sz399001,深证成指,13866.37,2.2342
2021-03-12,sz399001,深证成指,13897.03,0.2211
2021-03-15,sz399001,深证成指,13520.07,-2.7125
2021-03-16,sz399001,深证成指,13642.96,0.9089
2021-03-17,sz399001,深证成指,13809.77,1.2227
2021-03-18,sz399001,深证成指,13963.92,1.1162
2021-03-19,sz399001,深证成指,13606.0,-2.5632
2021-03-22,sz399001,深证成指,13760.97,1.139
2021-03-23,sz399001,深证成指,13607.27,-1.1169
2021-03-24,sz399001,深证成指,13407.35,-1.4692
2021-03-25,sz399001,深证成指,13421.16,0.103
2021-03-26,sz399001,深证成指,13769.68,2.5968
2021-03-29,sz399001,深证成指,13771.26,0.0115
2021-03-30,sz399001,深证成指,13888.44,0.8509
2021-03-31,sz399001,深证成指,13778.67,-0.7904
2021-04-01,sz399001,深证成指,13979.69,1.4589
2021-04-02,sz399001,深证成指,14122.61,1.0223
2021-04-06,sz399001,深证成指,14083.34,-0.2781
2021-04-07,sz399001,深证成指,13979.31,-0.7387
2021-04-08,sz399001,深证成指,13989.94,0.076
2021-04-09,sz399001,深证成指,13813.31,-1.2626
2021-04-12,sz399001,深证成指,13495.72,-2.2992
2021-04-13,sz399001,深证成指,13528.31,0.2415
2021-04-14,sz399001,深证成指,13738.0,1.55
2021-04-15,sz399001,深证成指,13680.27,-0.4202
2021-04-16,sz399001,深证成指,13720.74,0.2958
2021-04-19,sz399001,深证成指,14117.8,2.8939
2021-04-20,sz399001,深证成指,14101.9,-0.1126
2021-04-21,sz399001,深证成指,14151.15,0.3492
2021-04-22,sz399001,深证成指,14209.44,0.4119
2021-04-23,sz399001,深证成指,14351.86,1.0023
2021-04-26,sz399001,深证成指,14224.45,-0.8878
2021-04-27,sz399001,深证成指,14264.08,0.2786
2021-04-28,sz399001,深证成指,14398.38,0.9415
2021-04-29,sz399001,深证成指,14464.08,0.4563
2021-04-30,sz399001,深证成指,14438.57,-0.1764
2021-05-06,sz399001,深证成指,14210.6,-1.5789
2021-05-07,sz399001,深证成指,13933.81,-1.9478
2021-05-10,sz399001,深证成指,13917.97,-0.1137
2021-05-11,sz399001,深证成指,13966.79,0.3508
2021-05-12,sz399001,深证成指,14064.87,0.7022
2021-05-13,sz399001,深证成指,13917.65,-1.0467
2021-05-14,sz399001,深证成指,14208.78,2.0918
2021-05-17,sz399001,深证成指,14456.54,1.7437
2021-05-18,sz399001,深证成指,14450.6,-0.0411
2021-05-19,sz399001,深证成指,14484.46,0.2343
2021-05-20,sz399001,深证成指,14535.1,0.3496
2021-05-21,sz399001,深证成指,14417.46,-0.8094
2021-05-24,sz399001,深证成指,14506.61,0.6183
2021-05-25,sz399001,深证成指,14846.45,2.3427
2021-05-26,sz399001,深证成指,14793.68,-0.3554
2021-05-27,sz399001,深证成指,14897.19,0.6997
2021-05-28,sz399001,深证成指,14852.88,-0.2974
2021-05-31,sz399001,深证成指,14996.38,0.9661
2021-06-01,sz399001,深证成指,15034.78,0.2561
2021-06-02,sz399001,深证成指,14857.91,-1.1764
2021-06-03,sz399001,深证成指,14761.13,-0.6514
2021-06-04,sz399001,深证成指,14870.91,0.7437
2021-06-07,sz399001,深证成指,14862.6,-0.0559
2021-06-08,sz399001,深证成指,14716.98,-0.9798
2021-06-09,sz399001,深证成指,14718.4,0.0096
2021-06-10,sz399001,深证成指,14893.59,1.1903
2021-06-11,sz399001,深证成指,14801.24,-0.6201
2021-06-15,sz399001,深证成指,14673.34,-0.8641
2021-06-16,sz399001,深证成指,14295.93,-2.5721
2021-06-17,sz399001,深证成指,14472.37,1.2342
2021-06-18,sz399001,深证成指,14583.67,0.7691
2021-06-21,sz399001,深证成指,14641.29,0.3951
2021-06-22,sz399001,深证成指,14696.29,0.3756
2021-06-23,sz399001,深证成指,14843.83,1.0039
2021-06-24,sz399001,深证成指,14784.8,-0.3977
2021-06-25,sz399001,深证成指,15003.85,1.4816
2021-06-28,sz399001,深证成指,15150.17,0.9752
2021-06-29,sz399001,深证成指,14999.8,-0.9925
2021-06-30,sz399001,深证成指,15161.7,1.0793
2021-07-01,sz399001,深证成指,15038.88,-0.8101
2021-07-02,sz399001,深证成指,14670.71,-2.4481
2021-07-05,sz399001,深证成指,14718.66,0.3268
2021-07-06,sz399001,深证成指,14667.65,-0.3466
2021-07-07,sz399001,深证成指,14940.05,1.8571
2021-07-08,sz399001,深证成指,14882.9,-0.3825
2021-07-09,sz399001,深证成指,14844.36,-0.259
2021-07-12,sz399001,深证成指,15161.52,2.1366
2021-07-13,sz399001,深证成指,15189.29,0.1832
2021-07-14,sz399001,深证成指,15056.32,-0.8754
2021-07-15,sz399001,深证成指,15169.33,0.7506
2021-07-16,sz399001,深证成指,14972.21,-1.2995
2021-07-19,sz399001,深证成指,14992.9,0.1382
2021-07-20,sz399001,深证成指,15011.35,0.1231
2021-07-21,sz399001,深证成指,15212.6,1.3407
2021-07-22,sz399001,深证成指,15262.19,0.326
2021-07-23,sz399001,深证成指,15028.57,-1.5307
2021-07-26,sz399001,深证成指,14630.85,-2.6464
2021-07-27,sz399001,深证成指,14093.63,-3.6718
2021-07-28,sz399001,深证成指,14086.42,-0.0512
2021-07-29,sz399001,深证成指,14515.32,3.0448
2021-07-30,sz399001,深证成指,14473.21,-0.2901
2021-08-02,sz399001,深证成指,14798.16,2.2452
2021-08-03,sz399001,深证成指,14736.92,-0.4138
2021-08-04,sz399001,深证成指,14990.11,1.7181
2021-08-05,sz399001,深证成指,14872.23,-0.7864
2021-08-06,sz399001,深证成指,14827.41,-0.3014
2021-08-09,sz399001,深证成指,14941.44,0.769
2021-08-10,sz399001,深证成指,15057.59,0.7774
2021-08-11,sz399001,深证成指,15021.17,-0.2419
2021-08-12,sz399001,深证成指,14901.97,-0.7935
2021-08-13,sz399001,深证成指,14799.03,-0.6908
2021-08-16,sz399001,深证成指,14693.74,-0.7115
2021-08-17,sz399001,深证成指,14350.65,-2.3349
2021-08-18,sz399001,深证成指,14454.11,0.7209
2021-08-19,sz399001,深证成指,14487.36,0.23
2021-08-20,sz399001,深证成指,14253.54,-1.614
2021-08-23,sz399001,深证成指,14535.88,1.9808
2021-08-24,sz399001,深证成指,14663.55,0.8783
2021-08-25,sz399001,深证成指,14697.5,0.2315
2021-08-26,sz399001,深证成指,14415.46,-1.919
2021-08-27,sz399001,深证成指,14436.9,0.1487
2021-08-30,sz399001,深证成指,14423.37,-0.0937
2021-08-31,sz399001,深证成指,14328.38,-0.6586
2021-09-01,sz399001,深证成指,14314.09,-0.0997
2021-09-02,sz399001,深证成指,14277.34,-0.2567
2021-09-03,sz399001,深证成指,14179.86,-0.6828
2021-09-06,sz399001,深证成指,14546.6,2.5863
2021-09-07,sz399001,深证成指,14702.9,1.0745
2021-09-08,sz399001,深证成指,14688.08,-0.1008
2021-09-09,sz399001,深证成指,14698.53,0.0711
2021-09-10,sz399001,深证成指,14771.87,0.499
2021-09-13,sz399001,深证成指,14705.83,-0.4471
2021-09-14,sz399001,深证成指,14626.09,-0.5422
2021-09-15,sz399001,深证成指,14536.31,-0.6138
2021-09-16,sz399001,深证成指,14258.13,-1.9137
2021-09-17,sz399001,深证成指,14359.36,0.71
2021-09-22,sz399001,深证成指,14277.08,-0.573
2021-09-23,sz399001,深证成指,14387.36,0.7724
2021-09-24,sz399001,深证成指,14357.85,-0.2051
2021-09-27,sz399001,深证成指,14344.29,-0.0944
2021-09-28,sz399001,深证成指,14313.82,-0.2124
2021-09-29,sz399001,深证成指,14079.02,-1.6404
2021-09-30,sz399001,深证成指,14309.01,1.6336
2021-10-08,sz399001,深证成指,14414.16,0.7349
2021-10-11,sz399001,深证成指,14367.6,-0.323
2021-10-12,sz399001,深证成指,14135.38,-1.6163
2021-10-13,sz399001,深证成指,14353.08,1.5401
2021-10-14,sz399001,深证成指,14341.38,-0.0815
2021-10-15,sz399001,深证成指,14415.99,0.5202
2021-10-18,sz399001,深证成指,14350.02,-0.4576
2021-10-19,sz399001,深证成指,14499.77,1.0436
2021-10-20,sz399001,深证成指,14452.25,-0.3277
2021-10-21,sz399001,深证成指,14444.86,-0.0511
2021-10-22,sz399001,深证成指,14492.82,0.332
2021-10-25,sz399001,深证成指,14596.72,0.7169
2021-10-26,sz399001,深证成指,14552.82,-0.3008
2021-10-27,sz399001,深证成指,14393.51,-1.0947
2021-10-28,sz399001,深证成指,14244.82,-1.033
2021-10-29,sz399001,深证成指,14451.38,1.4501
2021-11-01,sz399001,深证成指,14476.53,0.174
2021-11-02,sz399001,深证成指,14377.27,-0.6857
2021-11-03,sz399001,深证成指,14367.78,-0.066
2021-11-04,sz399001,深证成指,14555.27,1.3049
2021-11-05,sz399001,深证成指,14462.62,-0.6365
2021-11-08,sz399001,深证成指,14508.86,0.3197
2021-11-09,sz399001,深证成指,14571.93,0.4347
2021-11-10,sz399001,深证成指,14515.88,-0.3846
2021-11-11,sz399001,深证成指,14699.74,1.2666
2021-11-12,sz399001,深证成指,14705.37,0.0383
2021-11-15,sz399001,深证成指,14636.39,-0.4691
2021-11-16,sz399001,深证成指,14613.97,-0.1532
2021-11-17,sz399001,深证成指,14711.18,0.6652
2021-11-18,sz399001,深证成指,14579.17,-0.8973
2021-11-19,sz399001,深证成指,14752.49,1.1888
2021-11-22,sz399001,深证成指,14960.66,1.4111
2021-11-23,sz399001,深证成指,14905.13,-0.3712
2021-11-24,sz399001,深证成指,14887.59,-0.1177
2021-11-25,sz399001,深证成指,14827.95,-0.4006
2021-11-26,sz399001,深证成指,14777.17,-0.3425
2021-11-29,sz399001,深证成指,14810.2,0.2235
2021-11-30,sz399001,深证成指,14795.73,-0.0977
2021-12-01,sz399001,深证成指,14794.25,-0.01
2021-12-02,sz399001,深证成指,14765.56,-0.1939
2021-12-03,sz399001,深证成指,14892.05,0.8567
2021-12-06,sz399001,深证成指,14752.96,-0.934
2021-12-07,sz399001,深证成指,14697.17,-0.3782
2021-12-08,sz399001,深证成指,14964.46,1.8186
2021-12-09,sz399001,深证成指,15147.88,1.2257
2021-12-10,sz399001,深证成指,15111.56,-0.2398
2021-12-13,sz399001,深证成指,15212.49,0.6679
2021-12-14,sz399001,深证成指,15136.78,-0.4977
2021-12-15,sz399001,深证成指,15026.21,-0.7305
2021-12-16,sz399001,深证成指,15112.81,0.5763
2021-12-17,sz399001,深证成指,14867.55,-1.6229
2021-12-20,sz399001,深证成指,14569.18,-2.0069
2021-12-21,sz399001,深证成指,14688.98,0.8223
2021-12-22,sz399001,深证成指,14791.33,0.6968
2021-12-23,sz399001,深证成指,14863.93,0.4908
2021-12-24,sz399001,深证成指,14710.33,-1.0334
2021-12-27,sz399001,深证成指,14715.65,0.0362
2021-12-28,sz399001,深证成指,14837.87,0.8305
2021-12-29,sz399001,深证成指,14653.82,-1.2404
2021-12-30,sz399001,深证成指,14796.23,0.9718
2021-12-31,sz399001,深证成指,14857.35,0.4131
2022-01-04,sz399001,深证成指,14791.31,-0.4445
2022-01-05,sz399001,深证成指,14525.76,-1.7953
2022-01-06,sz399001,深证成指,14429.51,-0.6626
2022-01-07,sz399001,深证成指,14343.65,-0.595
2022-01-10,sz399001,深证成指,14406.97,0.4414
2022-01-11,sz399001,深证成指,14223.35,-1.2745
2022-01-12,sz399001,深证成指,14421.2,1.391
2022-01-13,sz399001,深证成指,14138.34,-1.9614
2022-01-14,sz399001,深证成指,14150.57,0.0865
2022-01-17,sz399001,深证成指,14363.57,1.5052
2022-01-18,sz399001,深证成指,14391.39,0.1937
2022-01-19,sz399001,深证成指,14207.19,-1.2799
2022-01-20,sz399001,深证成指,14198.3,-0.0626
2022-01-21,sz399001,深证成指,14029.55,-1.1885
2022-01-24,sz399001,深证成指,14081.79,0.3724
2022-01-25,sz399001,深证成指,13683.89,-2.8256
2022-01-26,sz399001,深证成指,13780.3,0.7046
2022-01-27,sz399001,深证成指,13398.84,-2.7682
2022-01-28,sz399001,深证成指,13328.06,-0.5283
2022-02-07,sz399001,深证成指,13456.65,0.9648
2022-02-08,sz399001,深证成指,13325.41,-0.9753
2022-02-09,sz399001,深证成指,13531.31,1.5452
2022-02-10,sz399001,深证成指,13432.07,-0.7334
2022-02-11,sz399001,深证成指,13224.38,-1.5462
2022-02-14,sz399001,深证成指,13123.21,-0.765
2022-02-15,sz399001,深证成指,13345.63,1.6949
2022-02-16,sz399001,深证成指,13376.36,0.2303
2022-02-17,sz399001,深证成指,13422.9,0.3479
2022-02-18,sz399001,深证成指,13459.68,0.274
2022-02-21,sz399001,深证成指,13471.16,0.0853
2022-02-22,sz399001,深证成指,13297.11,-1.292
2022-02-23,sz399001,深证成指,13549.99,1.9018
2022-02-24,sz399001,深证成指,13252.24,-2.1974
2022-02-25,sz399001,深证成指,13412.92,1.2125
2022-02-28,sz399001,深证成指,13455.73,0.3192
2022-03-01,sz399001,深证成指,13488.64,0.2446
2022-03-02,sz399001,深证成指,13346.96,-1.0504
2022-03-03,sz399001,深证成指,13201.82,-1.0874
2022-03-04,sz399001,深证成指,13020.46,-1.3737
2022-03-07,sz399001,深证成指,12573.43,-3.4333
2022-03-08,sz399001,深证成指,12244.5,-2.6161
2022-03-09,sz399001,深证成指,12107.17,-1.1216
2022-03-10,sz399001,深证成指,12370.95,2.1787
2022-03-11,sz399001,深证成指,12447.37,0.6177
2022-03-14,sz399001,深证成指,12063.63,-3.0829
2022-03-15,sz399001,深证成指,11537.24,-4.3634
2022-03-16,sz399001,深证成指,12000.96,4.0193
2022-03-17,sz399001,深证成指,12289.97,2.4082
2022-03-18,sz399001,深证成指,12328.65,0.3147
2022-03-21,sz399001,深证成指,12379.64,0.4136
2022-03-22,sz399001,深证成指,12318.78,-0.4916
2022-03-23,sz399001,深证成指,12408.65,0.7295
2022-03-24,sz399001,深证成指,12305.5,-0.8313
2022-03-25,sz399001,深证成指,12072.73,-1.8916
2022-03-28,sz399001,深证成指,11949.94,-1.0171
2022-03-29,sz399001,深证成指,11895.08,-0.4591
2022-03-30,sz399001,深证成指,12263.8,3.0998
2022-03-31,sz399001,深证成指,12118.25,-1.1868
2022-04-01,sz399001,深证成指,12227.93,0.9051
2022-04-06,sz399001,深证成指,12172.91,-0.45
2022-04-07,sz399001,深证成指,11972.02,-1.6503
2022-04-08,sz399001,深证成指,11959.27,-0.1065
2022-04-11,sz399001,深证成指,11520.21,-3.6713
2022-04-12,sz399001,深证成指,11756.38,2.05
2022-04-13,sz399001,深证成指,11568.17,-1.6009
2022-04-14,sz399001,深证成指,11714.62,1.266
2022-04-15,sz399001,深证成指,11648.57,-0.5638
2022-04-18,sz399001,深证成指,11691.47,0.3683
2022-04-19,sz399001,深证成指,11633.32,-0.4974
2022-04-20,sz399001,深证成指,11392.23,-2.0724
2022-04-21,sz399001,深证成指,11084.28,-2.7032
2022-04-22,sz399001,深证成指,11051.7,-0.2939
2022-04-25,sz399001,深证成指,10379.28,-6.0843
2022-04-26,sz399001,深证成指,10206.64,-1.6633
2022-04-27,sz399001,深证成指,10652.9,4.3723
2022-04-28,sz399001,深证成指,10628.92,-0.2251
2022-04-29,sz399001,深证成指,11021.44,3.6929
2022-05-05,sz399001,深证成指,11046.38,0.2263
2022-05-06,sz399001,深证成指,10809.88,-2.141
2022-05-09,sz399001,深证成指,10765.63,-0.4093
2022-05-10,sz399001,深证成指,10912.74,1.3665
2022-05-11,sz399001,深证成指,11109.48,1.8028
2022-05-12,sz399001,深证成指,11094.87,-0.1315
2022-05-13,sz399001,深证成指,11159.79,0.5851
2022-05-16,sz399001,深证成指,11093.37,-0.5952
2022-05-17,sz399001,深证成指,11230.16,1.2331
2022-05-18,sz399001,深证成指,11208.08,-0.1966
2022-05-19,sz399001,深证成指,11250.06,0.3746
2022-05-20,sz399001,深证成指,11454.53,1.8175
2022-05-23,sz399001,深证成指,11447.95,-0.0574
2022-05-24,sz399001,深证成指,11065.92,-3.3371
2022-05-25,sz399001,深证成指,11143.18,0.6982
2022-05-26,sz399001,深证成指,11206.82,0.5711
2022-05-27,sz399001,深证成指,11193.59,-0.1181
2022-05-30,sz399001,深证成指,11310.28,1.0425
2022-05-31,sz399001,深证成指,11527.62,1.9216
2022-06-01,sz399001,深证成指,11551.27,0.2052
2022-06-02,sz399001,深证成指,11628.31,0.6669
2022-06-06,sz399001,深证成指,11938.12,2.6643
2022-06-07,sz399001,深证成指,11935.57,-0.0214
2022-06-08,sz399001,深证成指,12033.26,0.8185
2022-06-09,sz399001,深证成指,11810.58,-1.8505
2022-06-10,sz399001,深证成指,12035.15,1.9014
2022-06-13,sz399001,深证成指,11999.31,-0.2978
2022-06-14,sz399001,深证成指,12023.79,0.204
2022-06-15,sz399001,深证成指,12137.76,0.9479
2022-06-16,sz399001,深证成指,12150.96,0.1088
2022-06-17,sz399001,深证成指,12331.14,1.4828
2022-06-20,sz399001,深证成指,12487.13,1.265
2022-06-21,sz399001,深证成指,12423.86,-0.5067
2022-06-22,sz399001,深证成指,12246.55,-1.4272
2022-06-23,sz399001,深证成指,12514.73,2.1898
2022-06-24,sz399001,深证成指,12686.03,1.3688
2022-06-27,sz399001,深证成指,12825.57,1.1
2022-06-28,sz399001,深证成指,12982.69,1.2251
2022-06-29,sz399001,深证成指,12696.5,-2.2044
2022-06-30,sz399001,深证成指,12896.2,1.5729
2022-07-01,sz399001,深证成指,12860.36,-0.2779
2022-07-04,sz399001,深证成指,13026.25,1.2899
2022-07-05,sz399001,深证成指,12973.11,-0.4079
2022-07-06,sz399001,深证成指,12811.33,-1.247
2022-07-07,sz399001,深证成指,12935.85,0.972
2022-07-08,sz399001,深证成指,12857.13,-0.6085
2022-07-11,sz399001,深证成指,12617.23,-1.8659
2022-07-12,sz399001,深证成指,12439.27,-1.4105
2022-07-13,sz399001,深证成指,12508.89,0.5597
2022-07-14,sz399001,深证成指,12602.78,0.7506
2022-07-15,sz399001,深证成指,12411.01,-1.5216
2022-07-18,sz399001,深证成指,12532.65,0.9801
2022-07-19,sz399001,深证成指,12494.77,-0.3023
2022-07-20,sz399001,深证成指,12573.12,0.6271
2022-07-21,sz399001,深证成指,12455.19,-0.938
2022-07-22,sz399001,深证成指,12394.02,-0.4911
2022-07-25,sz399001,深证成指,12291.59,-0.8264
2022-07-26,sz399001,深证成指,12408.56,0.9516
2022-07-27,sz399001,深证成指,12399.69,-0.0715
2022-07-28,sz399001,深证成指,12428.72,0.2341
2022-07-29,sz399001,深证成指,12266.92,-1.3018
2022-08-01,sz399001,深证成指,12413.87,1.1979
2022-08-02,sz399001,深证成指,12120.02,-2.3671
2022-08-03,sz399001,深证成指,11982.26,-1.1366
2022-08-04,sz399001,深证成指,12065.22,0.6924
2022-08-05,sz399001,深证成指,12269.21,1.6907
2022-08-08,sz399001,深证成指,12302.15,0.2685
2022-08-09,sz399001,深证成指,12331.09,0.2352
2022-08-10,sz399001,深证成指,12223.51,-0.8724
2022-08-11,sz399001,深证成指,12474.03,2.0495
2022-08-12,sz399001,深证成指,12419.39,-0.438
2022-08-15,sz399001,深证成指,12460.22,0.3288
2022-08-16,sz399001,深证成指,12470.11,0.0794
2022-08-17,sz399001,深证成指,12595.46,1.0052
2022-08-18,sz399001,深证成指,12517.32,-0.6204
2022-08-19,sz399001,深证成指,12358.54,-1.2685
2022-08-22,sz399001,深证成指,12505.68,1.1906
2022-08-23,sz399001,深证成指,12455.15,-0.4041
2022-08-24,sz399001,深证成指,12096.39,-2.8804
2022-08-25,sz399001,深证成指,12104.03,0.0632
2022-08-26,sz399001,深证成指,12059.71,-0.3662
2022-08-29,sz399001,深证成指,12018.16,-0.3445
2022-08-30,sz399001,深证成指,11970.79,-0.3942
2022-08-31,sz399001,深证成指,11815.79,-1.2948
2022-09-01,sz399001,深证成指,11712.39,-0.8751
2022-09-02,sz399001,深证成指,11702.39,-0.0854
2022-09-05,sz399001,深证成指,11678.69,-0.2025
2022-09-06,sz399001,深证成指,11799.81,1.0371
2022-09-07,sz399001,深证成指,11849.08,0.4175
2022-09-08,sz399001,深证成指,11746.92,-0.8622
2022-09-09,sz399001,深证成指,11877.79,1.1141
2022-09-13,sz399001,深证成指,11923.47,0.3846
2022-09-14,sz399001,深证成指,11774.78,-1.247
2022-09-15,sz399001,深证成指,11526.96,-2.1047
2022-09-16,sz399001,深证成指,11261.5,-2.3029
2022-09-19,sz399001,深证成指,11207.04,-0.4836
2022-09-20,sz399001,深证成指,11283.92,0.686
2022-09-21,sz399001,深证成指,11208.51,-0.6683
2022-09-22,sz399001,深证成指,11114.43,-0.8394
2022-09-23,sz399001,深证成指,11006.41,-0.9719
2022-09-26,sz399001,深证成指,10962.56,-0.3984
2022-09-27,sz399001,深证成指,11175.12,1.939
2022-09-28,sz399001,深证成指,10899.7,-2.4646
2022-09-29,sz399001,深证成指,10919.44,0.1811
2022-09-30,sz399001,深证成指,10778.61,-1.2897
2022-10-10,sz399001,深证成指,10522.12,-2.3796
2022-10-11,sz399001,深证成指,10577.81,0.5293
2022-10-12,sz399001,深证成指,10838.48,2.4643
2022-10-13,sz399001,深证成指,10817.67,-0.192
2022-10-14,sz399001,深证成指,11121.71,2.8106
2022-10-17,sz399001,深证成指,11162.26,0.3646
2022-10-18,sz399001,深证成指,11187.7,0.2279
2022-10-19,sz399001,深证成指,11027.24,-1.4343
2022-10-20,sz399001,深证成指,10965.33,-0.5614
2022-10-21,sz399001,深证成指,10918.97,-0.4228
2022-10-24,sz399001,深证成指,10694.61,-2.0548
2022-10-25,sz399001,深证成指,10639.82,-0.5123
2022-10-26,sz399001,深证成指,10818.33,1.6778
2022-10-27,sz399001,深证成指,10750.14,-0.6303
2022-10-28,sz399001,深证成指,10401.84,-3.24
2022-10-31,sz399001,深证成指,10397.04,-0.0461
2022-11-01,sz399001,深证成指,10734.25,3.2433
2022-11-02,sz399001,深证成指,10877.51,1.3346
2022-11-03,sz399001,深证成指,10840.06,-0.3443
2022-11-04,sz399001,深证成指,11187.43,3.2045
2022-11-07,sz399001,深证成指,11207.73,0.1815
2022-11-08,sz399001,深证成指,11142.93,-0.5782
2022-11-09,sz399001,深证成指,11055.29,-0.7865
2022-11-10,sz399001,深证成指,10908.55,-1.3273
2022-11-11,sz399001,深证成指,11139.77,2.1196
2022-11-14,sz399001,深证成指,11113.46,-0.2362
2022-11-15,sz399001,深证成指,11351.33,2.1404
2022-11-16,sz399001,深证成指,11235.56,-1.0199
2022-11-17,sz399001,深证成指,11221.45,-0.1256
2022-11-18,sz399001,深证成指,11180.43,-0.3655
2022-11-21,sz399001,深证成指,11134.47,-0.4111
2022-11-22,sz399001,深证成指,11002.93,-1.1814
2022-11-23,sz399001,深证成指,10972.81,-0.2737
2022-11-24,sz399001,深证成指,10956.68,-0.147
2022-11-25,sz399001,深证成指,10904.27,-0.4783
2022-11-28,sz399001,深证成指,10829.08,-0.6895
2022-11-29,sz399001,深证成指,11089.01,2.4003
2022-11-30,sz399001,深证成指,11108.5,0.1758
2022-12-01,sz399001,深证成指,11264.16,1.4013
2022-12-02,sz399001,深证成指,11219.79,-0.3939
2022-12-05,sz399001,深证成指,11323.34,0.9229
2022-12-06,sz399001,深证成指,11398.82,0.6666
2022-12-07,sz399001,深证成指,11418.76,0.1749
2022-12-08,sz399001,深证成指,11389.79,-0.2537
2022-12-09,sz399001,深证成指,11501.58,0.9815
2022-12-12,sz399001,深证成指,11399.13,-0.8907
2022-12-13,sz399001,深证成指,11323.7,-0.6617
2022-12-14,sz399001,深证成指,11321.81,-0.0167
2022-12-15,sz399001,深证成指,11358.11,0.3206
2022-12-16,sz399001,深证成指,11295.03,-0.5554
2022-12-19,sz399001,深证成指,11124.7,-1.508
2022-12-20,sz399001,深证成指,10949.12,-1.5783
2022-12-21,sz399001,深证成指,10912.09,-0.3382
2022-12-22,sz399001,深证成指,10876.31,-0.3279
2022-12-23,sz399001,深证成指,10849.64,-0.2452
2022-12-26,sz399001,深证成指,10978.99,1.1922
2022-12-27,sz399001,深证成指,11106.5,1.1614
2022-12-28,sz399001,深证成指,11010.53,-0.8641
2022-12-29,sz399001,深证成指,10996.41,-0.1282
2022-12-30,sz399001,深证成指,11015.99,0.1781
2023-01-03,sz399001,深证成指,11117.13,0.9181
2023-01-04,sz399001,深证成指,11095.37,-0.1957
2023-01-05,sz399001,深证成指,11332.01,2.1328
2023-01-06,sz399001,深证成指,11367.73,0.3152
2023-01-09,sz399001,深证成指,11450.15,0.725
2023-01-10,sz399001,深证成指,11506.79,0.4947
2023-01-11,sz399001,深证成指,11439.44,-0.5853
2023-01-12,sz399001,深证成指,11465.73,0.2298
2023-01-13,sz399001,深证成指,11602.3,1.1911
2023-01-16,sz399001,深证成指,11785.77,1.5813
2023-01-17,sz399001,深证成指,11800.55,0.1254
2023-01-18,sz399001,深证成指,11810.66,0.0857
2023-01-19,sz399001,深证成指,11913.26,0.8687
2023-01-20,sz399001,深证成指,11980.62,0.5654
2023-01-30,sz399001,深证成指,12097.76,0.9777
2023-01-31,sz399001,深证成指,12001.26,-0.7977
2023-02-01,sz399001,深证成指,12158.19,1.3076
2023-02-02,sz399001,深证成指,12131.2,-0.222
2023-02-03,sz399001,深证成指,12054.29,-0.634
2023-02-06,sz399001,深证成指,11912.56,-1.1758
2023-02-07,sz399001,深证成指,11926.88,0.1202
2023-02-08,sz399001,深证成指,11853.46,-0.6156
2023-02-09,sz399001,深证成指,12048.27,1.6435
2023-02-10,sz399001,深证成指,11976.85,-0.5928
2023-02-13,sz399001,深证成指,12113.61,1.1419
2023-02-14,sz399001,深证成指,12094.94,-0.1541
2023-02-15,sz399001,深证成指,12064.38,-0.2527
2023-02-16,sz399001,深证成指,11907.4,-1.3012
2023-02-17,sz399001,深证成指,11715.77,-1.6093
2023-02-20,sz399001,深证成指,11954.13,2.0345
2023-02-21,sz399001,深证成指,11968.6,0.121
2023-02-22,sz399001,深证成指,11900.12,-0.5722
2023-02-23,sz399001,深证成指,11884.3,-0.1329
2023-02-24,sz399001,深证成指,11787.45,-0.8149
2023-02-27,sz399001,深证成指,11701.95,-0.7253
2023-02-28,sz399001,深证成指,11783.8,0.6995
2023-03-01,sz399001,深证成指,11914.32,1.1076
2023-03-02,sz399001,深证成指,11849.51,-0.544
2023-03-03,sz399001,深证成指,11851.92,0.0203
2023-03-06,sz399001,深证成指,11842.88,-0.0763
2023-03-07,sz399001,深证成指,11608.58,-1.9784
2023-03-08,sz399001,深证成指,11598.29,-0.0886
2023-03-09,sz399001,深证成指,11579.99,-0.1578
2023-03-10,sz399001,深证成指,11442.54,-1.187
2023-03-13,sz399001,深证成指,11505.02,0.546
2023-03-14,sz399001,深证成指,11416.57,-0.7688
2023-03-15,sz399001,深证成指,11413.43,-0.0275
2023-03-16,sz399001,深证成指,11237.7,-1.5397
2023-03-17,sz399001,深证成指,11278.05,0.3591
2023-03-20,sz399001,深证成指,11247.13,-0.2742
2023-03-21,sz399001,深证成指,11427.25,1.6015
2023-03-22,sz399001,深证成指,11496.93,0.6098
2023-03-23,sz399001,深证成指,11605.29,0.9425
2023-03-24,sz399001,深证成指,11634.22,0.2493
2023-03-27,sz399001,深证成指,11647.94,0.1179
2023-03-28,sz399001,深证成指,11564.45,-0.7168
2023-03-29,sz399001,深证成指,11579.92,0.1338
2023-03-30,sz399001,深证成指,11651.83,0.621
2023-03-31,sz399001,深证成指,11726.4,0.64
2023-04-03,sz399001,深证成指,11889.42,1.3902
2023-04-04,sz399001,深证成指,11859.48,-0.2518
2023-04-06,sz399001,深证成指,11866.31,0.0576
2023-04-07,sz399001,深证成指,11967.74,0.8548
2023-04-10,sz399001,深证成指,11871.93,-0.8006
2023-04-11,sz399001,深证成指,11877.15,0.044
2023-04-12,sz399001,深证成指,11883.51,0.0535
2023-04-13,sz399001,深证成指,11739.84,-1.209
2023-04-14,sz399001,深证成指,11800.09,0.5132
2023-04-17,sz399001,深证成指,11855.48,0.4694
2023-04-18,sz399001,深证成指,11860.4,0.0415
2023-04-19,sz399001,深证成指,11760.27,-0.8442
2023-04-20,sz399001,深证成指,11717.26,-0.3657
2023-04-21,sz399001,深证成指,11450.43,-2.2772
2023-04-24,sz399001,深证成指,11317.01,-1.1652
2023-04-25,sz399001,深证成指,11149.01,-1.4845
2023-04-26,sz399001,深证成指,11185.68,0.3289
2023-04-27,sz399001,深证成指,11217.0,0.28
2023-04-28,sz399001,深证成指,11338.67,1.0847
2023-05-04,sz399001,深证成指,11273.87,-0.5715
2023-05-05,sz399001,深证成指,11180.87,-0.8249
2023-05-08,sz399001,深证成指,11225.77,0.4016
2023-05-09,sz399001,深证成指,11125.02,-0.8975
2023-05-10,sz399001,深证成指,11140.19,0.1364
2023-05-11,sz399001,深证成指,11142.53,0.021
2023-05-12,sz399001,深证成指,11005.64,-1.2285
2023-05-15,sz399001,深证成指,11178.62,1.5717
2023-05-16,sz399001,深证成指,11099.26,-0.7099
2023-05-17,sz399001,深证成指,11091.08,-0.0737
2023-05-18,sz399001,深证成指,11078.28,-0.1154
2023-05-19,sz399001,深证成指,11091.36,0.1181
2023-05-22,sz399001,深证成指,11127.04,0.3217
2023-05-23,sz399001,深证成指,11012.58,-1.0287
2023-05-24,sz399001,深证成指,10920.33,-0.8377
2023-05-25,sz399001,深证成指,10896.58,-0.2175
2023-05-26,sz399001,深证成指,10909.65,0.1199
2023-05-29,sz399001,深证成指,10822.09,-0.8026
2023-05-30,sz399001,深证成指,10869.55,0.4385
2023-05-31,sz399001,深证成指,10793.85,-0.6964
2023-06-01,sz399001,深证成指,10835.9,0.3896
2023-06-02,sz399001,深证成指,10998.08,1.4967
2023-06-05,sz399001,深证成指,10946.08,-0.4728
2023-06-06,sz399001,深证成指,10773.45,-1.5771
2023-06-07,sz399001,深证成指,10708.82,-0.5999
2023-06-08,sz399001,深证成指,10722.87,0.1312
2023-06-09,sz399001,深证成指,10793.93,0.6627
2023-06-12,sz399001,深证成指,10873.74,0.7394
2023-06-13,sz399001,深证成指,10955.96,0.7561
2023-06-14,sz399001,深证成指,10984.56,0.261
2023-06-15,sz399001,深证成指,11182.94,1.806
2023-06-16,sz399001,深证成指,11306.53,1.1052
2023-06-19,sz399001,深证成指,11274.05,-0.2873
2023-06-20,sz399001,深证成指,11305.35,0.2776
2023-06-21,sz399001,深证成指,11058.63,-2.1823
2023-06-26,sz399001,深证成指,10872.3,-1.6849
2023-06-27,sz399001,深证成指,10978.08,0.9729
2023-06-28,sz399001,深证成指,10926.32,-0.4715
2023-06-29,sz399001,深证成指,10915.5,-0.099
2023-06-30,sz399001,深证成指,11026.59,1.0177
2023-07-03,sz399001,深证成指,11091.56,0.5892
2023-07-04,sz399001,深证成指,11130.3,0.3493
2023-07-05,sz399001,深证成指,11029.3,-0.9074
2023-07-06,sz399001,深证成指,10968.37,-0.5524
2023-07-07,sz399001,深证成指,10888.55,-0.7277
2023-07-10,sz399001,深证成指,10942.83,0.4985
2023-07-11,sz399001,深证成指,11028.68,0.7845
2023-07-12,sz399001,深证成指,10919.26,-0.9921
2023-07-13,sz399001,深证成指,11095.44,1.6135
2023-07-14,sz399001,深证成指,11080.32,-0.1363
2023-07-17,sz399001,深证成指,11010.36,-0.6314
2023-07-18,sz399001,深证成指,10972.96,-0.3397
2023-07-19,sz399001,深证成指,10932.65,-0.3674
2023-07-20,sz399001,深证成指,10816.27,-1.0645
2023-07-21,sz399001,深证成指,10810.18,-0.0563
2023-07-24,sz399001,深证成指,10747.79,-0.5771
2023-07-25,sz399001,深证成指,11021.29,2.5447
2023-07-26,sz399001,深证成指,10968.98,-0.4746
2023-07-27,sz399001,深证成指,10923.77,-0.4122
2023-07-28,sz399001,深证成指,11100.4,1.6169
2023-07-31,sz399001,深证成指,11183.91,0.7523
2023-08-01,sz399001,深证成指,11143.23,-0.3637
2023-08-02,sz399001,深证成指,11104.16,-0.3506
2023-08-03,sz399001,深证成指,11163.42,0.5337
2023-08-04,sz399001,深证成指,11238.06,0.6686
2023-08-07,sz399001,深证成指,11145.03,-0.8278
2023-08-08,sz399001,深证成指,11098.45,-0.4179
2023-08-09,sz399001,深证成指,11039.45,-0.5316
2023-08-10,sz399001,深证成指,11050.22,0.0976
2023-08-11,sz399001,深证成指,10808.87,-2.1841
2023-08-14,sz399001,深证成指,10755.14,-0.4971
2023-08-15,sz399001,深证成指,10679.73,-0.7012
2023-08-16,sz399001,深证成指,10579.56,-0.9379
2023-08-17,sz399001,深证成指,10644.52,0.614
2023-08-18,sz399001,深证成指,10458.51,-1.7475
2023-08-21,sz399001,深证成指,10320.39,-1.3206
2023-08-22,sz399001,深证成指,10374.73,0.5265
2023-08-23,sz399001,深证成指,10152.6,-2.1411
2023-08-24,sz399001,深证成指,10256.19,1.0203
2023-08-25,sz399001,深证成指,10130.47,-1.2258
2023-08-28,sz399001,深证成指,10233.15,1.0136
2023-08-29,sz399001,深证成指,10454.98,2.1678
2023-08-30,sz399001,深证成指,10482.5,0.2632
2023-08-31,sz399001,深证成指,10418.21,-0.6133
2023-09-01,sz399001,深证成指,10463.74,0.437
2023-09-04,sz399001,深证成指,10611.74,1.4144
2023-09-05,sz399001,深证成指,10540.71,-0.6694
2023-09-06,sz399001,深证成指,10515.21,-0.2419
2023-09-07,sz399001,深证成指,10321.44,-1.8428
2023-09-08,sz399001,深证成指,10281.88,-0.3833
2023-09-11,sz399001,深证成指,10382.38,0.9774
2023-09-12,sz399001,深证成指,10373.99,-0.0808
2023-09-13,sz399001,深证成指,10255.87,-1.1386
2023-09-14,sz399001,深证成指,10197.59,-0.5683
2023-09-15,sz399001,深证成指,10144.59,-0.5197
2023-09-18,sz399001,深证成指,10200.04,0.5466
2023-09-19,sz399001,深证成指,10125.73,-0.7285
2023-09-20,sz399001,深证成指,10072.46,-0.5261
2023-09-21,sz399001,深证成指,9981.67,-0.9014
2023-09-22,sz399001,深证成指,10178.74,1.9743
2023-09-25,sz399001,深证成指,10120.62,-0.571
2023-09-26,sz399001,深证成指,10060.15,-0.5975
2023-09-27,sz399001,深证成指,10104.32,0.4391
2023-09-28,sz399001,深证成指,10109.53,0.0516
2023-10-09,sz399001,深证成指,10106.96,-0.0254
2023-10-10,sz399001,深证成指,10050.04,-0.5632
2023-10-11,sz399001,深证成指,10084.89,0.3468
2023-10-12,sz399001,深证成指,10168.49,0.829
2023-10-13,sz399001,深证成指,10068.28,-0.9855
2023-10-16,sz399001,深证成指,9924.92,-1.4239
2023-10-17,sz399001,深证成指,9940.22,0.1542
2023-10-18,sz399001,深证成指,9816.68,-1.2428
2023-10-19,sz399001,深证成指,9655.09,-1.6461
2023-10-20,sz399001,深证成指,9570.36,-0.8776
2023-10-23,sz399001,深证成指,9425.98,-1.5086
2023-10-24,sz399001,深证成指,9483.9,0.6145
2023-10-25,sz399001,深证成指,9528.31,0.4683
2023-10-26,sz399001,深证成指,9566.1,0.3966
2023-10-27,sz399001,深证成指,9770.84,2.1403
2023-10-30,sz399001,深证成指,9927.99,1.6084
2023-10-31,sz399001,深证成指,9863.8,-0.6466
2023-11-01,sz399001,深证成指,9826.73,-0.3758
2023-11-02,sz399001,深证成指,9734.77,-0.9358
2023-11-03,sz399001,深证成指,9853.89,1.2237
2023-11-06,sz399001,深证成指,10071.56,2.209
2023-11-07,sz399001,深证成指,10056.49,-0.1496
2023-11-08,sz399001,深证成指,10052.09,-0.0438
2023-11-09,sz399001,深证成指,10032.09,-0.199
2023-11-10,sz399001,深证成指,9978.54,-0.5338
2023-11-13,sz399001,深证成指,9988.83,0.1031
2023-11-14,sz399001,深证成指,10005.56,0.1675
2023-11-15,sz399001,深证成指,10077.96,0.7236
2023-11-16,sz399001,深证成指,9954.4,-1.226
2023-11-17,sz399001,深证成指,9979.69,0.2541
2023-11-20,sz399001,深证成指,10022.7,0.431
2023-11-21,sz399001,深证成指,9997.09,-0.2555
2023-11-22,sz399001,深证成指,9855.66,-1.4147
2023-11-23,sz399001,深证成指,9933.02,0.7849
2023-11-24,sz399001,深证成指,9839.52,-0.9413
2023-11-27,sz399001,深证成指,9785.57,-0.5483
2023-11-28,sz399001,深证成指,9833.46,0.4894
2023-11-29,sz399001,深证成指,9744.39,-0.9058
2023-11-30,sz399001,深证成指,9726.92,-0.1793
2023-12-01,sz399001,深证成指,9720.57,-0.0653
2023-12-04,sz399001,深证成指,9660.44,-0.6186
2023-12-05,sz399001,深证成指,9470.36,-1.9676
2023-12-06,sz399001,深证成指,9533.25,0.6641
2023-12-07,sz399001,深证成指,9519.91,-0.1399
2023-12-08,sz399001,深证成指,9553.92,0.3573
2023-12-11,sz399001,深证成指,9632.61,0.8236
2023-12-12,sz399001,深证成指,9625.26,-0.0763
2023-12-13,sz399001,深证成指,9476.62,-1.5443
2023-12-14,sz399001,深证成指,9417.97,-0.6189
2023-12-15,sz399001,深证成指,9385.33,-0.3466
2023-12-18,sz399001,深证成指,9279.39,-1.1288
2023-12-19,sz399001,深证成指,9289.34,0.1072
2023-12-20,sz399001,深证成指,9158.44,-1.4091
2023-12-21,sz399001,深证成指,9257.09,1.0771
2023-12-22,sz399001,深证成指,9221.31,-0.3865
2023-12-25,sz399001,深证成指,9256.28,0.3792
2023-12-26,sz399001,深证成指,9157.25,-1.0699
2023-12-27,sz399001,深证成指,9191.74,0.3766
2023-12-28,sz399001,深证成指,9441.05,2.7123
2023-12-29,sz399001,深证成指,9524.69,0.8859
2024-01-02,sz399001,深证成指,9401.35,-1.295
2024-01-03,sz399001,深证成指,9330.86,-0.7498
2024-01-04,sz399001,深证成指,9215.25,-1.239
2024-01-05,sz399001,深证成指,9116.44,-1.0722
2024-01-08,sz399001,深证成指,8947.72,-1.8507
2024-01-09,sz399001,深证成指,8971.72,0.2682
2024-01-10,sz399001,深证成指,8922.79,-0.5454
2024-01-11,sz399001,深证成指,9053.88,1.4692
2024-01-12,sz399001,深证成指,8996.26,-0.6364
2024-01-15,sz399001,深证成指,8963.93,-0.3594
2024-01-16,sz399001,深证成指,8992.07,0.3139
2024-01-17,sz399001,深证成指,8759.76,-2.5835
2024-01-18,sz399001,深证成指,8847.0,0.9959
2024-01-19,sz399001,深证成指,8787.02,-0.678
2024-01-22,sz399001,深证成指,8479.55,-3.4991
2024-01-23,sz399001,深证成指,8596.28,1.3766
2024-01-24,sz399001,深证成指,8682.19,0.9994
2024-01-25,sz399001,深证成指,8856.22,2.0044
2024-01-26,sz399001,深证成指,8762.33,-1.0602
2024-01-29,sz399001,深证成指,8581.76,-2.0608
2024-01-30,sz399001,深证成指,8375.98,-2.3979
2024-01-31,sz399001,深证成指,8212.84,-1.9477
2024-02-01,sz399001,深证成指,8240.48,0.3365
2024-02-02,sz399001,深证成指,8055.77,-2.2415
2024-02-05,sz399001,深证成指,7964.71,-1.1304
2024-02-06,sz399001,深证成指,8460.38,6.2233
2024-02-07,sz399001,深证成指,8708.24,2.9297
2024-02-08,sz399001,深证成指,8820.6,1.2903
2024-02-19,sz399001,深证成指,8902.33,0.9266
2024-02-20,sz399001,深证成指,8905.96,0.0408
2024-02-21,sz399001,深证成指,8975.97,0.7861
2024-02-22,sz399001,深证成指,9043.75,0.7551
2024-02-23,sz399001,深证成指,9069.42,0.2838
2024-02-26,sz399001,深证成指,9066.09,-0.0367
2024-02-27,sz399001,深证成指,9269.57,2.2444
2024-02-28,sz399001,深证成指,9047.09,-2.4001
2024-02-29,sz399001,深证成指,9330.44,3.1319
2024-03-01,sz399001,深证成指,9434.75,1.118
2024-03-04,sz399001,深证成指,9438.24,0.037
2024-03-05,sz399001,深证成指,9416.8,-0.2272
2024-03-06,sz399001,深证成指,9395.65,-0.2246
2024-03-07,sz399001,深证成指,9267.12,-1.368
2024-03-08,sz399001,深证成指,9369.05,1.0999
2024-03-11,sz399001,深证成指,9581.53,2.2679
2024-03-12,sz399001,深证成指,9630.54,0.5115
2024-03-13,sz399001,深证成指,9604.99,-0.2653
2024-03-14,sz399001,深证成指,9555.42,-0.5161
2024-03-15,sz399001,深证成指,9612.75,0.6
2024-03-18,sz399001,深证成指,9752.83,1.4572
2024-03-19,sz399001,深证成指,9696.69,-0.5756
2024-03-20,sz399001,深证成指,9717.37,0.2133
2024-03-21,sz399001,深证成指,9682.51,-0.3587
2024-03-22,sz399001,深证成指,9565.56,-1.2078
2024-03-25,sz399001,深证成指,9422.61,-1.4944
2024-03-26,sz399001,深证成指,9449.43,0.2846
2024-03-27,sz399001,深证成指,9222.47,-2.4018
2024-03-28,sz399001,深证成指,9342.92,1.306
2024-03-29,sz399001,深证成指,9400.85,0.62
2024-04-01,sz399001,深证成指,9647.07,2.6191
2024-04-02,sz399001,深证成指,9586.95,-0.6232
2024-04-03,sz399001,深证成指,9544.77,-0.44
2024-
04-08,sz399001,深证成指,9394.61,-1.5732
2024-04-09,sz399001,深证成指,9448.98,0.5787
2024-04-10,sz399001,深证成指,9297.96,-1.5983
2024-04-11,sz399001,深证成指,9300.77,0.0302
2024-04-12,sz399001,深证成指,9228.23,-0.7799
2024-04-15,sz399001,深证成指,9369.7,1.533
2024-04-16,sz399001,深证成指,9155.07,-2.2907
2024-04-17,sz399001,深证成指,9381.77,2.4762
2024-04-18,sz399001,深证成指,9376.81,-0.0529
2024-04-19,sz399001,深证成指,9279.46,-1.0382
2024-04-22,sz399001,深证成指,9239.14,-0.4345
2024-04-23,sz399001,深证成指,9183.14,-0.6061
2024-04-24,sz399001,深证成指,9251.13,0.7404
2024-04-25,sz399001,深证成指,9264.48,0.1443
2024-04-26,sz399001,深证成指,9463.91,2.1526
2024-04-29,sz399001,深证成指,9673.76,2.2174
2024-04-30,sz399001,深证成指,9587.12,-0.8956
2024-05-06,sz399001,深证成指,9779.21,2.0036
2024-05-07,sz399001,深证成指,9770.94,-0.0846
2024-05-08,sz399001,深证成指,9638.82,-1.3522
2024-05-09,sz399001,深证成指,9788.07,1.5484
2024-05-10,sz399001,深证成指,9731.24,-0.5806
2024-05-13,sz399001,深证成指,9673.32,-0.5952
2024-05-14,sz399001,深证成指,9668.73,-0.0475
2024-05-15,sz399001,深证成指,9583.54,-0.8811
2024-05-16,sz399001,深证成指,9604.13,0.2148
2024-05-17,sz399001,深证成指,9709.42,1.0963
2024-05-20,sz399001,深证成指,9750.82,0.4264
2024-05-21,sz399001,深证成指,9681.66,-0.7093
2024-05-22,sz399001,深证成指,9693.05,0.1176
2024-05-23,sz399001,深证成指,9541.64,-1.562
2024-05-24,sz399001,深证成指,9424.58,-1.2268
2024-05-27,sz399001,深证成指,9507.75,0.8825
2024-05-28,sz399001,深证成指,9391.05,-1.2274
2024-05-29,sz399001,深证成指,9414.98,0.2548
2024-05-30,sz399001,深证成指,9384.72,-0.3214
2024-05-31,sz399001,深证成指,9364.38,-0.2167
2024-06-03,sz399001,深证成指,9370.5,0.0654
2024-06-04,sz399001,深证成指,9469.32,1.0546
2024-06-05,sz399001,深证成指,9393.61,-0.7995
2024-06-06,sz399001,深证成指,9340.01,-0.5706
2024-06-07,sz399001,深证成指,9255.68,-0.9029
2024-06-11,sz399001,深证成指,9262.35,0.0721
2024-06-12,sz399001,深证成指,9269.94,0.0819
2024-06-13,sz399001,深证成指,9206.24,-0.6872
2024-06-14,sz399001,深证成指,9252.25,0.4998
2024-06-17,sz399001,深证成指,9281.25,0.3134
2024-06-18,sz399001,深证成指,9318.47,0.401
2024-06-19,sz399001,深证成指,9219.07,-1.0667
2024-06-20,sz399001,深证成指,9068.85,-1.6294
2024-06-21,sz399001,深证成指,9064.84,-0.0442
2024-06-24,sz399001,深证成指,8924.17,-1.5518
2024-06-25,sz399001,深证成指,8850.29,-0.8279
2024-06-26,sz399001,深证成指,8987.3,1.5481
2024-06-27,sz399001,深证成指,8849.7,-1.531
2024-06-28,sz399001,深证成指,8848.7,-0.0113
2024-07-01,sz399001,深证成指,8899.17,0.5704
2024-07-02,sz399001,深证成指,8812.67,-0.972
2024-07-03,sz399001,深证成指,8760.43,-0.5928
2024-07-04,sz399001,深证成指,8673.83,-0.9885
2024-07-05,sz399001,深证成指,8695.55,0.2504
2024-07-08,sz399001,深证成指,8561.95,-1.5364
2024-07-09,sz399001,深证成指,8705.94,1.6817
2024-07-10,sz399001,深证成指,8697.22,-0.1002
2024-07-11,sz399001,深证成指,8870.36,1.9908
2024-07-12,sz399001,深证成指,8854.08,-0.1835
2024-07-15,sz399001,深证成指,8801.62,-0.5925
2024-07-16,sz399001,深证成指,8877.02,0.8567
2024-07-17,sz399001,深证成指,8835.14,-0.4718
2024-07-18,sz399001,深证成指,8879.33,0.5002
2024-07-19,sz399001,深证成指,8903.23,0.2692
2024-07-22,sz399001,深证成指,8869.82,-0.3753
2024-07-23,sz399001,深证成指,8606.58,-2.9678
2024-07-24,sz399001,深证成指,8493.1,-1.3185
2024-07-25,sz399001,深证成指,8474.7,-0.2166
2024-07-26,sz399001,深证成指,8597.17,1.4451
2024-07-29,sz399001,深证成指,8514.65,-0.9599
2024-07-30,sz399001,深证成指,8468.58,-0.5411
2024-07-31,sz399001,深证成指,8754.09,3.3714
2024-08-01,sz399001,深证成指,8673.58,-0.9197
2024-08-02,sz399001,深证成指,8553.55,-1.3839
2024-08-05,sz399001,深证成指,8395.05,-1.853
2024-08-06,sz399001,深证成指,8463.86,0.8196
2024-08-07,sz399001,深证成指,8449.58,-0.1687
2024-08-08,sz399001,深证成指,8446.21,-0.0399
2024-08-09,sz399001,深证成指,8393.7,-0.6217
2024-08-12,sz399001,深证成指,8373.47,-0.241
2024-08-13,sz399001,深证成指,8409.22,0.4269
2024-08-14,sz399001,深证成指,8311.0,-1.168
2024-08-15,sz399001,深证成指,8370.12,0.7113
2024-08-16,sz399001,深证成指,8349.87,-0.2419
2024-08-19,sz399001,深证成指,8356.9,0.0842
2024-08-20,sz399001,深证成指,8252.87,-1.2448
2024-08-21,sz399001,深证成指,8229.75,-0.2801
2024-08-22,sz399001,深证成指,8162.17,-0.8212
2024-08-23,sz399001,深证成指,8181.92,0.242
2024-08-26,sz399001,深证成指,8194.65,0.1556
2024-08-27,sz399001,深证成指,8103.76,-1.1091
2024-08-28,sz399001,深证成指,8078.82,-0.3078
2024-08-29,sz399001,深证成指,8154.44,0.936
2024-08-30,sz399001,深证成指,8348.48,2.3796
2024-09-02,sz399001,深证成指,8172.21,-2.1114
2024-09-03,sz399001,深证成指,8268.05,1.1728
2024-09-04,sz399001,深证成指,8226.24,-0.5057
2024-09-05,sz399001,深证成指,8249.66,0.2847
2024-09-06,sz399001,深证成指,8130.77,-1.4412
2024-09-09,sz399001,深证成指,8063.27,-0.8302
2024-09-10,sz399001,深证成指,8073.83,0.131
2024-09-11,sz399001,深证成指,8105.38,0.3908
2024-09-12,sz399001,深证成指,8054.24,-0.6309
2024-09-13,sz399001,深证成指,7983.55,-0.8777
2024-09-18,sz399001,深证成指,7992.25,0.109
2024-09-19,sz399001,深证成指,8087.6,1.193
2024-09-20,sz399001,深证成指,8075.14,-0.1541
2024-09-23,sz399001,深证成指,8083.38,0.102
2024-09-24,sz399001,深证成指,8435.7,4.3586
2024-09-25,sz399001,深证成指,8537.73,1.2095
2024-09-26,sz399001,深证成指,8916.65,4.4382
2024-09-27,sz399001,深证成指,9514.86,6.7089
2024-09-30,sz399001,深证成指,10529.76,10.6665
2024-10-08,sz399001,深证成指,11495.1,9.1677
2024-10-09,sz399001,深证成指,10557.81,-8.1538
2024-10-10,sz399001,深证成指,10471.08,-0.8215
2024-10-11,sz399001,深证成指,10060.74,-3.9188
2024-10-14,sz399001,深证成指,10327.4,2.6505
2024-10-15,sz399001,深证成指,10066.52,-2.5261
2024-10-16,sz399001,深证成指,9965.02,-1.0083
2024-10-17,sz399001,深证成指,9891.76,-0.7352
2024-10-18,sz399001,深证成指,10357.68,4.7102
2024-10-21,sz399001,深证成指,10470.91,1.0932
2024-10-22,sz399001,深证成指,10559.51,0.8462
2024-10-23,sz399001,深证成指,10576.41,0.16
2024-10-24,sz399001,深证成指,10441.75,-1.2732
2024-10-25,sz399001,深证成指,10619.85,1.7057
2024-10-28,sz399001,深证成指,10685.89,0.6219
2024-10-29,sz399001,深证成指,10543.33,-1.3341
2024-10-30,sz399001,深证成指,10530.85,-0.1184
2024-10-31,sz399001,深证成指,10591.22,0.5733
2024-11-01,sz399001,深证成指,10455.5,-1.2814
2024-11-04,sz399001,深证成指,10663.1,1.9856
2024-11-05,sz399001,深证成指,11006.94,3.2246
2024-11-06,sz399001,深证成指,10968.14,-0.3525
2024-11-07,sz399001,深证成指,11235.92,2.4414
2024-11-08,sz399001,深证成指,11161.7,-0.6606
2024-11-11,sz399001,深证成指,11388.57,2.0326
2024-11-12,sz399001,深证成指,11314.46,-0.6507
2024-11-13,sz399001,深证成指,11359.29,0.3962
2024-11-14,sz399001,深证成指,11037.78,-2.8304
2024-11-15,sz399001,深证成指,10748.97,-2.6166
2024-11-18,sz399001,深证成指,10544.02,-1.9067
2024-11-19,sz399001,深证成指,10743.84,1.8951
2024-11-20,sz399001,深证成指,10827.19,0.7758
2024-11-21,sz399001,深证成指,10819.88,-0.0675
2024-11-22,sz399001,深证成指,10438.72,-3.5228
2024-11-25,sz399001,深证成指,10420.52,-0.1744
2024-11-26,sz399001,深证成指,10333.23,-0.8377
2024-11-27,sz399001,深证成指,10566.1,2.2536
2024-11-28,sz399001,深证成指,10432.54,-1.264
2024-11-29,sz399001,深证成指,10611.72,1.7175
2024-12-02,sz399001,深证成指,10756.55,1.3648
2024-12-03,sz399001,深证成指,10713.58,-0.3995
2024-12-04,sz399001,深证成指,10604.01,-1.0227
2024-12-05,sz399001,深证成指,10634.49,0.2874
2024-12-06,sz399001,深证成指,10791.34,1.4749
2024-12-09,sz399001,深证成指,10731.66,-0.553
2024-12-10,sz399001,深证成指,10812.58,0.754
2024-12-11,sz399001,深证成指,10848.42,0.3315
2024-12-12,sz399001,深证成指,10957.13,1.0021
2024-12-13,sz399001,深证成指,10713.07,-2.2274
2024-12-16,sz399001,深证成指,10573.92,-1.2989
2024-12-17,sz399001,深证成指,10537.43,-0.3451
2024-12-18,sz399001,深证成指,10584.27,0.4445
2024-12-19,sz399001,深证成指,10649.03,0.6119
2024-12-20,sz399001,深证成指,10646.62,-0.0226
2024-12-23,sz399001,深证成指,10537.4,-1.0259
2024-12-24,sz399001,深证成指,10671.43,1.2719
2024-12-25,sz399001,深证成指,10603.1,-0.6403
2024-12-26,sz399001,深证成指,10673.97,0.6684
2024-12-27,sz399001,深证成指,10659.98,-0.1311
2024-12-30,sz399001,深证成指,10671.16,0.1049
2024-12-31,sz399001,深证成指,10414.61,-2.4041
2025-01-02,sz399001,深证成指,10088.06,-3.1355
2025-01-03,sz399001,深证成指,9897.12,-1.8927
2025-01-06,sz399001,深证成指,9885.65,-0.1159
2025-01-07,sz399001,深证成指,9998.76,1.1442
2025-01-08,sz399001,深证成指,9944.64,-0.5413
2025-01-09,sz399001,深证成指,9976.0,0.3153
2025-01-10,sz399001,深证成指,9795.94,-1.8049
2025-01-13,sz399001,深证成指,9796.18,0.0024
2025-01-14,sz399001,深证成指,10165.17,3.7667
2025-01-15,sz399001,深证成指,10060.13,-1.0333
2025-01-16,sz399001,深证成指,10101.09,0.4072
2025-01-17,sz399001,深证成指,10161.32,0.5963
2025-01-20,sz399001,深证成指,10256.4,0.9357
2025-01-21,sz399001,深证成指,10305.69,0.4806
2025-01-22,sz399001,深证成指,10225.87,-0.7745
2025-01-23,sz399001,深证成指,10176.17,-0.486
2025-01-24,sz399001,深证成指,10292.73,1.1454
2025-01-27,sz399001,深证成指,10156.07,-1.3277
2025-02-05,sz399001,深证成指,10164.22,0.0802
2025-02-06,sz399001,深证成指,10393.63,2.257
2025-02-07,sz399001,深证成指,10576.0,1.7546
2025-02-10,sz399001,深证成指,10631.25,0.5224
2025-02-11,sz399001,深证成指,10557.62,-0.6926
2025-02-12,sz399001,深证成指,10708.88,1.4327
2025-02-13,sz399001,深证成指,10626.62,-0.7681
2025-02-14,sz399001,深证成指,10749.46,1.156
2025-02-17,sz399001,深证成指,10791.06,0.387
2025-02-18,sz399001,深证成指,10617.26,-1.6106
2025-02-19,sz399001,深证成指,10772.65,1.4636
2025-02-20,sz399001,深证成指,10794.54,0.2032
2025-02-21,sz399001,深证成指,10991.37,1.8234
2025-02-24,sz399001,深证成指,10983.04,-0.0758
2025-02-25,sz399001,深证成指,10854.5,-1.1703
2025-02-26,sz399001,深证成指,10955.65,0.9319
2025-02-27,sz399001,深证成指,10927.51,-0.2569
2025-02-28,sz399001,深证成指,10611.24,-2.8943
2025-03-03,sz399001,深证成指,10649.59,0.3614
2025-03-04,sz399001,深证成指,10679.44,0.2803
2025-03-05,sz399001,深证成指,10709.46,0.2811
2025-03-06,sz399001,深证成指,10898.75,1.7675
2025-03-07,sz399001,深证成指,10843.73,-0.5048
2025-03-10,sz399001,深证成指,10825.7,-0.1663
2025-03-11,sz399001,深证成指,10861.16,0.3276
2025-03-12,sz399001,深证成指,10843.23,-0.1651
2025-03-13,sz399001,深证成指,10736.19,-0.9872
2025-03-14,sz399001,深证成指,10978.3,2.2551
2025-03-17,sz399001,深证成指,10957.82,-0.1865
2025-03-18,sz399001,深证成指,11014.75,0.5195
2025-03-19,sz399001,深证成指,10979.05,-0.3241
2025-03-20,sz399001,深证成指,10879.49,-0.9068
2025-03-21,sz399001,深证成指,10687.55,-1.7642
2025-03-24,sz399001,深证成指,10695.49,0.0743
2025-03-25,sz399001,深证成指,10649.08,-0.4339
2025-03-26,sz399001,深证成指,10643.82,-0.0494
2025-03-27,sz399001,深证成指,10668.1,0.2281
2025-03-28,sz399001,深证成指,10607.33,-0.5696
2025-03-31,sz399001,深证成指,10504.33,-0.971
2025-04-01,sz399001,深证成指,10503.66,-0.0064
2025-04-02,sz399001,深证成指,10513.12,0.0901
2025-04-03,sz399001,深证成指,10365.73,-1.402
2025-04-07,sz399001,深证成指,9364.5,-9.659
2025-04-08,sz399001,深证成指,9424.68,0.6426
2025-04-09,sz399001,深证成指,9539.89,1.2224
2025-04-10,sz399001,深证成指,9754.64,2.2511
2025-04-11,sz399001,深证成指,9834.44,0.8181
2025-04-14,sz399001,深证成指,9884.3,0.507
2025-04-15,sz399001,深证成指,9858.1,-0.2651
2025-04-16,sz399001,深证成指,9774.73,-0.8457
2025-04-17,sz399001,深证成指,9759.05,-0.1604
2025-04-18,sz399001,深证成指,9781.65,0.2316
2025-04-21,sz399001,深证成指,9905.53,1.2665
2025-04-22,sz399001,深证成指,9870.05,-0.3582
2025-04-23,sz399001,深证成指,9935.8,0.6662
2025-04-24,sz399001,深证成指,9878.32,-0.5785
2025-04-25,sz399001,深证成指,9917.05,0.3921
2025-04-28,sz399001,深证成指,9855.2,-0.6237
2025-04-29,sz399001,深证成指,9849.8,-0.0548
2025-04-30,sz399001,深证成指,9899.82,0.5078
2025-05-06,sz399001,深证成指,10082.34,1.8437
2025-05-07,sz399001,深证成指,10104.13,0.2161
2025-05-08,sz399001,深证成指,10197.66,0.9257
2025-05-09,sz399001,深证成指,10126.83,-0.6946
2025-05-12,sz399001,深证成指,10301.16,1.7215
2025-05-13,sz399001,深证成指,10288.08,-0.127
2025-05-14,sz399001,深证成指,10354.22,0.6429
2025-05-15,sz399001,深证成指,10186.45,-1.6203
2025-05-16,sz399001,深证成指,10179.6,-0.0672
2025-05-19,sz399001,深证成指,10171.09,-0.0836
2025-05-20,sz399001,深证成指,10249.17,0.7677
2025-05-21,sz399001,深证成指,10294.22,0.4395
2025-05-22,sz399001,深证成指,10219.62,-0.7247
2025-05-23,sz399001,深证成指,10132.41,-0.8534
2025-05-26,sz399001,深证成指,10091.16,-0.4071
2025-05-27,sz399001,深证成指,10029.11,-0.6149
2025-05-28,sz399001,深证成指,10003.26,-0.2577
2025-05-29,sz399001,深证成指,10127.2,1.239
2025-05-30,sz399001,深证成指,10040.63,-0.8548
2025-06-03,sz399001,深证成指,10057.17,0.1647
2025-06-04,sz399001,深证成指,10144.58,0.8691
2025-06-05,sz399001,深证成指,10203.5,0.5808
2025-06-06,sz399001,深证成指,10183.7,-0.1941
2025-06-09,sz399001,深证成指,10250.14,0.6524
2025-06-10,sz399001,深证成指,10162.18,-0.8581
2025-06-11,sz399001,深证成指,10246.02,0.825
2025-06-12,sz399001,深证成指,10234.34,-0.114
2025-06-13,sz399001,深证成指,10122.11,-1.0966
2025-06-16,sz399001,深证成指,10163.55,0.4094
2025-06-17,sz399001,深证成指,10151.43,-0.1192
2025-06-18,sz399001,深证成指,10175.59,0.238
2025-06-19,sz399001,深证成指,10051.97,-1.2149
2025-06-20,sz399001,深证成指,10005.03,-0.467
2025-06-23,sz399001,深证成指,10048.39,0.4334
2025-06-24,sz399001,深证成指,10217.63,1.6842
2025-06-25,sz399001,深证成指,10393.72,1.7234
2025-06-26,sz399001,深证成指,10343.48,-0.4834
2025-06-27,sz399001,深证成指,10378.55,0.3391
2025-06-30,sz399001,深证成指,10465.12,0.8341
2025-07-01,sz399001,深证成指,10476.29,0.1067
2025-07-02,sz399001,深证成指,10412.63,-0.6077
2025-07-03,sz399001,深证成指,10534.58,1.1712
2025-07-04,sz399001,深证成指,10508.76,-0.2451
2025-07-07,sz399001,深证成指,10435.51,-0.697
2025-07-08,sz399001,深证成指,10588.39,1.465
2025-07-09,sz399001,深证成指,10581.8,-0.0622
2025-07-10,sz399001,深证成指,10631.13,0.4662
2025-07-11,sz399001,深证成指,10696.1,0.6111
2025-07-14,sz399001,深证成指,10684.52,-0.1083
2025-07-15,sz399001,深证成指,10744.56,0.5619
2025-07-16,sz399001,深证成指,10720.81,-0.221
2025-07-17,sz399001,深证成指,10873.62,1.4254
2025-07-18,sz399001,深证成指,10913.84,0.3699
2025-07-21,sz399001,深证成指,11007.49,0.8581
2025-07-22,sz399001,深证成指,11099.83,0.8389
2025-07-23,sz399001,深证成指,11059.04,-0.3675
2025-07-24,sz399001,深证成指,11193.06,1.2119
2025-07-25,sz399001,深证成指,11168.14,-0.2226
2025-07-28,sz399001,深证成指,11217.58,0.4427
2025-07-29,sz399001,深证成指,11289.41,0.6403
2025-07-30,sz399001,深证成指,11203.03,-0.7651
2025-07-31,sz399001,深证成指,11009.77,-1.7251
2025-08-01,sz399001,深证成指,10991.32,-0.1676
2025-08-04,sz399001,深证成指,11041.56,0.4571
2025-08-05,sz399001,深证成指,11106.96,0.5923
2025-08-06,sz399001,深证成指,11177.78,0.6376
2025-08-07,sz399001,深证成指,11157.94,-0.1775
2025-08-08,sz399001,深证成指,11128.67,-0.2623
2025-08-11,sz399001,深证成指,11291.43,1.4625
2025-08-12,sz399001,深证成指,11351.63,0.5331
2025-08-13,sz399001,深证成指,11551.37,1.7596
2025-08-14,sz399001,深证成指,11451.43,-0.8652
2025-08-15,sz399001,深证成指,11634.67,1.6001
2025-08-18,sz399001,深证成指,11835.57,1.7267
2025-08-19,sz399001,深证成指,11821.63,-0.1178
2025-08-20,sz399001,深证成指,11926.74,0.8891
2025-08-21,sz399001,深证成指,11919.76,-0.0585
2025-08-22,sz399001,深证成指,12166.06,2.0663
2025-08-25,sz399001,深证成指,12441.07,2.2605
2025-08-26,sz399001,深证成指,12473.17,0.258
2025-08-27,sz399001,深证成指,12295.07,-1.4279
2025-08-28,sz399001,深证成指,12571.37,2.2472
2025-08-29,sz399001,深证成指,12696.15,0.9926
2025-09-01,sz399001,深证成指,12828.95,1.046
2025-09-02,sz399001,深证成指,12553.84,-2.1444
2025-09-03,sz399001,深证成指,12472.0,-0.6519
2025-09-04,sz399001,深证成指,12118.7,-2.8327
2025-09-05,sz399001,深证成指,12590.56,3.8937
2025-09-08,sz399001,深证成指,12666.84,0.6059
2025-09-09,sz399001,深证成指,12510.6,-1.2335
2025-09-10,sz399001,深证成指,12557.68,0.3763
2025-09-11,sz399001,深证成指,12979.89,3.3622
2025-09-12,sz399001,深证成指,12924.13,-0.4296
2025-09-15,sz399001,深证成指,13005.77,0.6317
2025-09-16,sz399001,深证成指,13063.97,0.4475
2025-09-17,sz399001,深证成指,13215.46,1.1596
2025-09-18,sz399001,深证成指,13075.66,-1.0579
2025-09-19,sz399001,深证成指,13070.86,-0.0367
2025-09-22,sz399001,深证成指,13157.97,0.6664
2025-09-23,sz399001,深证成指,13119.82,-0.2899
2025-09-24,sz399001,深证成指,13356.14,1.8012
2025-09-25,sz399001,深证成指,13445.9,0.6721
2025-09-26,sz399001,深证成指,13209.0,-1.7619
2025-09-29,sz399001,深证成指,13479.43,2.0473
2025-09-30,sz399001,深证成指,13526.51,0.3493
2025-10-09,sz399001,深证成指,13725.56,1.4716
2025-10-10,sz399001,深证成指,13355.42,-2.6967
2025-10-13,sz399001,深证成指,13231.47,-0.9281
2025-10-14,sz399001,深证成指,12895.11,-2.5421
2025-10-15,sz399001,深证成指,13118.75,1.7343
2025-10-16,sz399001,深证成指,13086.41,-0.2465
2025-10-17,sz399001,深证成指,12688.94,-3.0373
2025-10-20,sz399001,深证成指,12813.21,0.9794
2025-10-21,sz399001,深证成指,13077.32,2.0612
2025-10-22,sz399001,深证成指,12996.61,-0.6172
2025-10-23,sz399001,深证成指,13025.45,0.2219
2025-10-24,sz399001,深证成指,13289.18,2.0247
2025-10-27,sz399001,深证成指,13489.4,1.5066
2025-10-28,sz399001,深证成指,13430.1,-0.4396
2025-10-29,sz399001,深证成指,13691.38,1.9455
2025-10-30,sz399001,深证成指,13532.13,-1.1631
2025-10-31,sz399001,深证成指,13378.21,-1.1374
2025-11-03,sz399001,深证成指,13404.06,0.1932
2025-11-04,sz399001,深证成指,13175.22,-1.7072
2025-11-05,sz399001,深证成指,13223.56,0.3669
2025-11-06,sz399001,深证成指,13452.42,1.7307
2025-11-07,sz399001,深证成指,13404.06,-0.3595
2025-11-10,sz399001,深证成指,13427.61,0.1757
2025-11-11,sz399001,深证成指,13289.0,-1.0323
2025-11-12,sz399001,深证成指,13240.62,-0.3641
2025-11-13,sz399001,深证成指,13476.52,1.7816
2025-11-14,sz399001,深证成指,13216.03,-1.9329
2025-11-17,sz399001,深证成指,13202.0,-0.1062
2025-11-18,sz399001,深证成指,13080.49,-0.9204
2025-11-19,sz399001,深证成指,13080.09,-0.0031
2025-11-20,sz399001,深证成指,12980.82,-0.7589
2025-11-21,sz399001,深证成指,12538.07,-3.4108
2025-11-24,sz399001,深证成指,12585.08,0.3749
2025-11-25,sz399001,深证成指,12777.31,1.5274
2025-11-26,sz399001,深证成指,12907.83,1.0215
2025-11-27,sz399001,深证成指,12875.2,-0.2528
2025-11-28,sz399001,深证成指,12984.08,0.8457
2025-12-01,sz399001,深证成指,13146.72,1.2526
2025-12-02,sz399001,深证成指,13056.7,-0.6847
2025-12-03,sz399001,深证成指,12955.25,-0.777
2025-12-04,sz399001,深证成指,13006.72,0.3973
2025-12-05,sz399001,深证成指,13147.68,1.0837
2025-12-08,sz399001,深证成指,13329.99,1.3866
2025-12-09,sz399001,深证成指,13277.36,-0.3948
2025-12-10,sz399001,深证成指,13316.42,0.2942
2025-12-11,sz399001,深证成指,13147.39,-1.2693
2025-12-12,sz399001,深证成指,13258.33,0.8438
2025-12-15,sz399001,深证成指,13112.09,-1.103
2025-12-16,sz399001,深证成指,12914.67,-1.5056
2025-12-17,sz399001,深证成指,13224.51,2.3991
2025-12-18,sz399001,深证成指,13053.97,-1.2896
2025-12-19,sz399001,深证成指,13140.21,0.6606
2025-12-22,sz399001,深证成指,13332.73,1.4651
2025-12-23,sz399001,深证成指,13368.99,0.272
2025-12-24,sz399001,深证成指,13486.42,0.8784
2025-12-25,sz399001,深证成指,13531.41,0.3336
2025-12-26,sz399001,深证成指,13603.89,0.5356
2025-12-29,sz399001,深证成指,13537.1,-0.491
2025-12-30,sz399001,深证成指,13604.07,0.4947
2025-12-31,sz399001,深证成指,13525.02,-0.5811
2026-01-05,sz399001,深证成指,13828.63,2.2448
2026-01-06,sz399001,深证成指,14022.55,1.4023
2026-01-07,sz399001,深证成指,14030.56,0.0571
2026-01-08,sz399001,深证成指,13959.48,-0.5066
2026-01-09,sz399001,深证成指,14120.15,1.151
2026-01-12,sz399001,深证成指,14366.91,1.7476
2026-01-13,sz399001,深证成指,14169.4,-1.3748
2026-01-14,sz399001,深证成指,14248.6,0.559
2026-01-15,sz399001,深证成指,14306.73,0.408
2026-01-16,sz399001,深证成指,14281.08,-0.1793
2026-01-19,sz399001,深证成指,14294.05,0.0908
2026-01-20,sz399001,深证成指,14155.63,-0.9684
2026-01-21,sz399001,深证成指,14255.13,0.7029
2026-01-22,sz399001,深证成指,14327.05,0.5045
2026-01-23,sz399001,深证成指,14439.66,0.786
2026-01-26,sz399001,深证成指,14316.64,-0.852
2026-01-27,sz399001,深证成指,14329.91,0.0927
2026-01-28,sz399001,深证成指,14342.89,0.0906
2026-01-29,sz399001,深证成指,14300.08,-0.2985
2026-01-30,sz399001,深证成指,14205.89,-0.6587
2026-02-02,sz399001,深证成指,13824.35,-2.6858
2026-02-03,sz399001,深证成指,14127.11,2.19
2026-02-04,sz399001,深证成指,14156.27,0.2064
2026-02-05,sz399001,深证成指,13952.71,-1.4379
2026-02-06,sz399001,深证成指,13906.73,-0.3295
2026-02-09,sz399001,深证成指,14208.44,2.1695
2026-02-10,sz399001,深证成指,14210.63,0.0154
2026-02-11,sz399001,深证成指,14160.93,-0.3497
2026-02-12,sz399001,深证成指,14283.0,0.862
2026-02-13,sz399001,深证成指,14100.19,-1.2799
2026-02-24,sz399001,深证成指,14291.57,1.3573
2026-02-25,sz399001,深证成指,14475.87,1.2896
2026-02-26,sz399001,深证成指,14503.79,0.1929
2026-02-27,sz399001,深证成指,14495.09,-0.06
2026-03-02,sz399001,深证成指,14465.79,-0.2021
2026-03-03,sz399001,深证成指,14022.39,-3.0652
2026-03-04,sz399001,深证成指,13917.75,-0.7462
2026-03-05,sz399001,深证成指,14088.84,1.2293
2026-03-06,sz399001,深证成指,14172.63,0.5947
2026-03-09,sz399001,深证成指,14067.5,-0.7418
2026-03-10,sz399001,深证成指,14354.07,2.0371
2026-03-11,sz399001,深证成指,14465.41,0.7757
2026-03-12,sz399001,深证成指,14374.87,-0.6259
2026-03-13,sz399001,深证成指,14280.78,-0.6545
2026-03-16,sz399001,深证成指,14307.58,0.1877
2026-03-17,sz399001,深证成指,14039.73,-1.8721
2026-03-18,sz399001,深证成指,14187.8,1.0546
2026-03-19,sz399001,深证成指,13901.57,-2.0174
2026-03-20,sz399001,深证成指,13866.2,-0.2544
2026-03-23,sz399001,深证成指,13345.51,-3.7551
2026-03-24,sz399001,深证成指,13536.56,1.4316
2026-03-25,sz399001,深证成指,13801.0,1.9535
2026-03-26,sz399001,深证成指,13606.44,-1.4098
2026-03-27,sz399001,深证成指,13760.37,1.1313
2026-03-30,sz399001,深证成指,13726.19,-0.2484
2026-03-31,sz399001,深证成指,13478.06,-1.8077
2026-04-01,sz399001,深证成指,13706.52,1.6951
2026-04-02,sz399001,深证成指,13486.94,-1.602
2026-04-03,sz399001,深证成指,13352.9,-0.9939
2026-04-07,sz399001,深证成指,13400.41,0.3558
2026-04-08,sz399001,深证成指,14042.5,4.7916
2026-04-09,sz399001,深证成指,13996.27,-0.3292
2026-04-10,sz399001,深证成指,14309.47,2.2377
2026-04-13,sz399001,深证成指,14407.86,0.6876
2026-04-14,sz399001,深证成指,14639.95,1.6109
2026-04-15,sz399001,深证成指,14498.45,-0.9665
2026-04-16,sz399001,深证成指,14796.33,2.0546
2026-04-17,sz399001,深证成指,14885.42,0.6021
2026-04-20,sz399001,深证成指,14966.75,0.5464
2026-04-21,sz399001,深证成指,14982.14,0.1028
2026-04-22,sz399001,深证成指,15177.29,1.3026
2026-04-23,sz399001,深证成指,15043.45,-0.8818
2026-04-24,sz399001,深证成指,14940.3,-0.6857
2026-04-27,sz399001,深证成指,14995.75,0.3711
2026-04-28,sz399001,深证成指,14830.46,-1.1022
2026-04-29,sz399001,深证成指,15120.92,1.9585
2026-04-30,sz399001,深证成指,15107.55,-0.0884
2026-05-06,sz399001,深证成指,15459.62,2.3304
2026-05-07,sz399001,深证成指,15641.89,1.179
2026-05-08,sz399001,深证成指,15563.8,-0.4992
2026-05-11,sz399001,深证成指,15899.3,2.1556
2026-05-12,sz399001,深证成指,15824.92,-0.4678
2026-05-13,sz399001,深证成指,16089.75,1.6735
2026-05-14,sz399001,深证成指,15745.74,-2.1381
2026-05-15,sz399001,深证成指,15561.37,-1.1709
2026-05-18,sz399001,深证成指,15530.23,-0.2001
2026-05-19,sz399001,深证成指,15569.91,0.2555
2026-05-20,sz399001,深证成指,15569.98,0.0004
2026-05-21,sz399001,深证成指,15247.27,-2.0726
2026-05-22,sz399001,深证成指,15597.3,2.2957
2026-05-25,sz399001,深证成指,15856.61,1.6625
2026-05-26,sz399001,深证成指,15876.16,0.1233
2026-05-27,sz399001,深证成指,15736.47,-0.8799
2026-05-28,sz399001,深证成指,15861.89,0.797
2026-05-29,sz399001,深证成指,15575.13,-1.8079
2026-06-01,sz399001,深证成指,15340.36,-1.5073
2026-06-02,sz399001,深证成指,15591.13,1.6347
2026-06-03,sz399001,深证成指,15704.71,0.7285
2026-06-04,sz399001,深证成指,15661.57,-0.2747
2026-06-05,sz399001,深证成指,15314.7,-2.2148
2026-06-08,sz399001,深证成指,14821.19,-3.2225
2026-06-09,sz399001,深证成指,15268.71,3.0195
2026-06-10,sz399001,深证成指,14954.1,-2.0605
2026-06-11,sz399001,深证成指,14851.98,-0.6829
2026-06-12,sz399001,深证成指,14963.41,0.7503
2026-06-15,sz399001,深证成指,15531.11,3.7939
2026-06-16,sz399001,深证成指,15675.25,0.9281
2026-06-17,sz399001,深证成指,15880.95,1.3123
2026-06-18,sz399001,深证成指,16030.7,0.943
2026-06-22,sz399001,深证成指,16372.5,2.1322
2026-06-23,sz399001,深证成指,15854.2,-3.1657
2026-06-24,sz399001,深证成指,16051.32,1.2433
2026-06-25,sz399001,深证成指,16344.08,1.8239
2026-06-26,sz399001,深证成指,15782.22,-3.4377
2026-06-29,sz399001,深证成指,15812.87,0.1942
2026-06-30,sz399001,深证成指,16205.56,2.4834
2026-07-01,sz399001,深证成指,16119.17,-0.5331
2026-07-02,sz399001,深证成指,15498.81,-3.8486
2026-07-03,sz399001,深证成指,15597.51,0.6368
2026-07-06,sz399001,深证成指,15416.8,-1.1586
2026-07-07,sz399001,深证成指,15225.11,-1.2434
2026-07-08,sz399001,深证成指,14939.73,-1.8744
2026-07-09,sz399001,深证成指,15398.73,3.0723
2026-07-10,sz399001,深证成指,15046.67,-2.2863
2026-07-13,sz399001,深证成指,14522.85,-3.4813
2026-07-14,sz399001,深证成指,14924.87,2.7682
2026-07-15,sz399001,深证成指,14779.4,-0.9747
2026-07-16,sz399001,深证成指,14488.65,-1.9673
2026-07-17,sz399001,深证成指,13706.88,-5.3957
2026-07-20,sz399001,深证成指,13610.23,-0.7051
2026-07-21,sz399001,深证成指,14264.29,4.8056
2026-07-22,sz399001,深证成指,14061.44,-1.4221
2026-07-23,sz399001,深证成指,14123.31,0.44
2026-07-24,sz399001,深证成指,13774.68,-2.4685
2026-07-27,sz399001,深证成指,14148.73,2.7155
2026-07-28,sz399001,深证成指,13509.68,-4.5167
2026-07-29,sz399001,深证成指,13658.44,1.1011
2026-07-30,sz399001,深证成指,13285.8,-2.7283
2026-07-31,sz399001,深证成指,13578.93,2.2063
2026-08-03,sz399001,深证成指,13448.29,-0.9621
2026-08-04,sz399001,深证成指,13885.71,3.2526
2026-08-05,sz399001,深证成指,14144.2,1.8616
2026-08-06,sz399001,深证成指,14110.12,-0.2409
2026-08-07,sz399001,深证成指,14311.01,1.4237
2026-08-10,sz399001,深证成指,14316.96,0.0416
2026-08-11,sz399001,深证成指,14259.44,-0.4018
2026-08-12,sz399001,深证成指,14414.43,1.0869
2026-08-13,sz399001,深证成指,14289.44,-0.8671
2026-08-14,sz399001,深证成指,14354.31,0.454
2026-08-17,sz399001,深证成指,14704.27,2.438
2026-08-18,sz399001,深证成指,14622.5,-0.5561
2026-08-19,sz399001,深证成指,13890.15,-5.0084
2016-01-04,sz399006,创业板指,2491.24,
2016-01-05,sz399006,创业板指,2416.73,-2.9909
2016-01-06,sz399006,创业板指,2468.37,2.1368
2016-01-07,sz399006,创业板指,2256.52,-8.5826
2016-01-08,sz399006,创业板指,2248.99,-0.3337
2016-01-11,sz399006,创业板指,2106.36,-6.342
2016-01-12,sz399006,创业板指,2147.53,1.9546
2016-01-13,sz399006,创业板指,2059.78,-4.0861
2016-01-14,sz399006,创业板指,2175.01,5.5943
2016-01-15,sz399006,创业板指,2112.9,-2.8556
2016-01-18,sz399006,创业板指,2174.93,2.9358
2016-01-19,sz399006,创业板指,2241.7,3.07
2016-01-20,sz399006,创业板指,2204.65,-1.6528
2016-01-21,sz399006,创业板指,2112.4,-4.1843
2016-01-22,sz399006,创业板指,2149.59,1.7606
2016-01-25,sz399006,创业板指,2158.82,0.4294
2016-01-26,sz399006,创业板指,1994.05,-7.6324
2016-01-27,sz399006,创业板指,1997.47,0.1715
2016-01-28,sz399006,创业板指,1906.46,-4.5563
2016-01-29,sz399006,创业板指,1994.06,4.5949
2016-02-01,sz399006,创业板指,1992.69,-0.0687
2016-02-02,sz399006,创业板指,2075.29,4.1452
2016-02-03,sz399006,创业板指,2090.51,0.7334
2016-02-04,sz399006,创业板指,2126.64,1.7283
2016-02-05,sz399006,创业板指,2096.99,-1.3942
2016-02-15,sz399006,创业板指,2116.84,0.9466
2016-02-16,sz399006,创业板指,2201.93,4.0197
2016-02-17,sz399006,创业板指,2215.34,0.609
2016-02-18,sz399006,创业板指,2190.91,-1.1028
2016-02-19,sz399006,创业板指,2211.01,0.9174
2016-02-22,sz399006,创业板指,2245.56,1.5626
2016-02-23,sz399006,创业板指,2218.12,-1.222
2016-02-24,sz399006,创业板指,2203.74,-0.6483
2016-02-25,sz399006,创业板指,2037.14,-7.5599
2016-02-26,sz399006,创业板指,2014.92,-1.0907
2016-02-29,sz399006,创业板指,1880.15,-6.6886
2016-03-01,sz399006,创业板指,1934.92,2.9131
2016-03-02,sz399006,创业板指,2017.6,4.273
2016-03-03,sz399006,创业板指,2007.08,-0.5214
2016-03-04,sz399006,创业板指,1907.04,-4.9844
2016-03-07,sz399006,创业板指,1953.33,2.4273
2016-03-08,sz399006,创业板指,2002.19,2.5014
2016-03-09,sz399006,创业板指,1970.81,-1.5673
2016-03-10,sz399006,创业板指,1936.97,-1.7171
2016-03-11,sz399006,创业板指,1934.87,-0.1084
2016-03-14,sz399006,创业板指,2023.13,4.5615
2016-03-15,sz399006,创业板指,1996.92,-1.2955
2016-03-16,sz399006,创业板指,1977.54,-0.9705
2016-03-17,sz399006,创业板指,2087.29,5.5498
2016-03-18,sz399006,创业板指,2177.87,4.3396
2016-03-21,sz399006,创业板指,2227.03,2.2573
2016-03-22,sz399006,创业板指,2221.7,-0.2393
2016-03-23,sz399006,创业板指,2259.11,1.6838
2016-03-24,sz399006,创业板指,2219.77,-1.7414
2016-03-25,sz399006,创业板指,2216.09,-0.1658
2016-03-28,sz399006,创业板指,2199.69,-0.74
2016-03-29,sz399006,创业板指,2152.55,-2.143
2016-03-30,sz399006,创业板指,2248.78,4.4705
2016-03-31,sz399006,创业板指,2238.29,-0.4665
2016-04-01,sz399006,创业板指,2205.37,-1.4708
2016-04-05,sz399006,创业板指,2279.52,3.3622
2016-04-06,sz399006,创业板指,2297.04,0.7686
2016-04-07,sz399006,创业板指,2248.68,-2.1053
2016-04-08,sz399006,创业板指,2229.93,-0.8338
2016-04-11,sz399006,创业板指,2283.14,2.3862
2016-04-12,sz399006,创业板指,2264.02,-0.8374
2016-04-13,sz399006,创业板指,2294.01,1.3246
2016-04-14,sz399006,创业板指,2324.39,1.3243
2016-04-15,sz399006,创业板指,2309.68,-0.6329
2016-04-18,sz399006,创业板指,2265.59,-1.9089
2016-04-19,sz399006,创业板指,2272.52,0.3059
2016-04-20,sz399006,创业板指,2145.24,-5.6008
2016-04-21,sz399006,创业板指,2110.16,-1.6352
2016-04-22,sz399006,创业板指,2136.92,1.2682
2016-04-25,sz399006,创业板指,2126.83,-0.4722
2016-04-26,sz399006,创业板指,2155.7,1.3574
2016-04-27,sz399006,创业板指,2146.61,-0.4217
2016-04-28,sz399006,创业板指,2155.23,0.4016
2016-04-29,sz399006,创业板指,2138.74,-0.7651
2016-05-03,sz399006,创业板指,2217.23,3.6699
2016-05-04,sz399006,创业板指,2211.02,-0.2801
2016-05-05,sz399006,创业板指,2224.1,0.5916
2016-05-06,sz399006,创业板指,2129.19,-4.2673
2016-05-09,sz399006,创业板指,2053.6,-3.5502
2016-05-10,sz399006,创业板指,2054.22,0.0302
2016-05-11,sz399006,创业板指,2034.93,-0.939
2016-05-12,sz399006,创业板指,2034.56,-0.0182
2016-05-13,sz399006,创业板指,2025.22,-0.4591
2016-05-16,sz399006,创业板指,2057.86,1.6117
2016-05-17,sz399006,创业板指,2081.44,1.1459
2016-05-18,sz399006,创业板指,2020.48,-2.9287
2016-05-19,sz399006,创业板指,2037.4,0.8374
2016-05-20,sz399006,创业板指,2065.3,1.3694
2016-05-23,sz399006,创业板指,2098.23,1.5944
2016-05-24,sz399006,创业板指,2075.51,-1.0828
2016-05-25,sz399006,创业板指,2067.25,-0.398
2016-05-26,sz399006,创业板指,2086.01,0.9075
2016-05-27,sz399006,创业板指,2069.89,-0.7728
2016-05-30,sz399006,创业板指,2058.52,-0.5493
2016-05-31,sz399006,创业板指,2159.8,4.92
2016-06-01,sz399006,创业板指,2168.82,0.4176
2016-06-02,sz399006,创业板指,2188.56,0.9102
2016-06-03,sz399006,创业板指,2204.97,0.7498
2016-06-06,sz399006,创业板指,2199.3,-0.2571
2016-06-07,sz399006,创业板指,2196.73,-0.1169
2016-06-08,sz399006,创业板指,2186.54,-0.4639
2016-06-13,sz399006,创业板指,2054.71,-6.0292
2016-06-14,sz399006,创业板指,2058.31,0.1752
2016-06-15,sz399006,创业板指,2128.8,3.4247
2016-06-16,sz399006,创业板指,2101.42,-1.2862
2016-06-17,sz399006,创业板指,2122.89,1.0217
2016-06-20,sz399006,创业板指,2119.63,-0.1536
2016-06-21,sz399006,创业板指,2092.0,-1.3035
2016-06-22,sz399006,创业板指,2144.82,2.5249
2016-06-23,sz399006,创业板指,2137.49,-0.3418
2016-06-24,sz399006,创业板指,2127.36,-0.4739
2016-06-27,sz399006,创业板指,2191.81,3.0296
2016-06-28,sz399006,创业板指,2216.71,1.136
2016-06-29,sz399006,创业板指,2209.79,-0.3122
2016-06-30,sz399006,创业板指,2227.79,0.8146
2016-07-01,sz399006,创业板指,2211.18,-0.7456
2016-07-04,sz399006,创业板指,2248.71,1.6973
2016-07-05,sz399006,创业板指,2246.02,-0.1196
2016-07-06,sz399006,创业板指,2241.56,-0.1986
2016-07-07,sz399006,创业板指,2233.92,-0.3408
2016-07-08,sz399006,创业板指,2239.0,0.2274
2016-07-11,sz399006,创业板指,2218.59,-0.9116
2016-07-12,sz399006,创业板指,2247.35,1.2963
2016-07-13,sz399006,创业板指,2285.37,1.6918
2016-07-14,sz399006,创业板指,2293.08,0.3374
2016-07-15,sz399006,创业板指,2263.78,-1.2778
2016-07-18,sz399006,创业板指,2249.87,-0.6145
2016-07-19,sz399006,创业板指,2273.72,1.0601
2016-07-20,sz399006,创业板指,2268.53,-0.2283
2016-07-21,sz399006,创业板指,2265.13,-0.1499
2016-07-22,sz399006,创业板指,2250.0,-0.668
2016-07-25,sz399006,创业板指,2245.89,-0.1827
2016-07-26,sz399006,创业板指,2279.55,1.4987
2016-07-27,sz399006,创业板指,2155.39,-5.4467
2016-07-28,sz399006,创业板指,2139.74,-0.7261
2016-07-29,sz399006,创业板指,2122.41,-0.8099
2016-08-01,sz399006,创业板指,2099.18,-1.0945
2016-08-02,sz399006,创业板指,2113.21,0.6684
2016-08-03,sz399006,创业板指,2108.31,-0.2319
2016-08-04,sz399006,创业板指,2129.65,1.0122
2016-08-05,sz399006,创业板指,2109.05,-0.9673
2016-08-08,sz399006,创业板指,2130.59,1.0213
2016-08-09,sz399006,创业板指,2154.5,1.1222
2016-08-10,sz399006,创业板指,2137.0,-0.8123
2016-08-11,sz399006,创业板指,2103.4,-1.5723
2016-08-12,sz399006,创业板指,2123.84,0.9718
2016-08-15,sz399006,创业板指,2193.21,3.2663
2016-08-16,sz399006,创业板指,2201.1,0.3597
2016-08-17,sz399006,创业板指,2208.2,0.3226
2016-08-18,sz399006,创业板指,2201.59,-0.2993
2016-08-19,sz399006,创业板指,2204.56,0.1349
2016-08-22,sz399006,创业板指,2167.4,-1.6856
2016-08-23,sz399006,创业板指,2174.16,0.3119
2016-08-24,sz399006,创业板指,2192.17,0.8284
2016-08-25,sz399006,创业板指,2180.66,-0.5251
2016-08-26,sz399006,创业板指,2189.75,0.4168
2016-08-29,sz399006,创业板指,2193.2,0.1576
2016-08-30,sz399006,创业板指,2195.53,0.1062
2016-08-31,sz399006,创业板指,2191.76,-0.1717
2016-09-01,sz399006,创业板指,2181.33,-0.4759
2016-09-02,sz399006,创业板指,2170.86,-0.48
2016-09-05,sz399006,创业板指,2182.69,0.5449
2016-09-06,sz399006,创业板指,2222.84,1.8395
2016-09-07,sz399006,创业板指,2212.05,-0.4854
2016-09-08,sz399006,创业板指,2223.47,0.5163
2016-09-09,sz399006,创业板指,2202.97,-0.922
2016-09-12,sz399006,创业板指,2145.56,-2.606
2016-09-13,sz399006,创业板指,2145.87,0.0144
2016-09-14,sz399006,创业板指,2144.56,-0.061
2016-09-19,sz399006,创业板指,2165.21,0.9629
2016-09-20,sz399006,创业板指,2158.43,-0.3131
2016-09-21,sz399006,创业板指,2162.13,0.1714
2016-09-22,sz399006,创业板指,2168.42,0.2909
2016-09-23,sz399006,创业板指,2156.51,-0.5492
2016-09-26,sz399006,创业板指,2122.9,-1.5585
2016-09-27,sz399006,创业板指,2140.8,0.8432
2016-09-28,sz399006,创业板指,2139.63,-0.0547
2016-09-29,sz399006,创业板指,2146.18,0.3061
2016-09-30,sz399006,创业板指,2149.9,0.1733
2016-10-10,sz399006,创业板指,2208.47,2.7243
2016-10-11,sz399006,创业板指,2210.86,0.1082
2016-10-12,sz399006,创业板指,2209.69,-0.0529
2016-10-13,sz399006,创业板指,2208.57,-0.0507
2016-10-14,sz399006,创业板指,2194.23,-0.6493
2016-10-17,sz399006,创业板指,2167.86,-1.2018
2016-10-18,sz399006,创业板指,2198.14,1.3968
2016-10-19,sz399006,创业板指,2184.91,-0.6019
2016-10-20,sz399006,创业板指,2193.25,0.3817
2016-10-21,sz399006,创业板指,2181.0,-0.5585
2016-10-24,sz399006,创业板指,2200.8,0.9078
2016-10-25,sz399006,创业板指,2200.21,-0.0268
2016-10-26,sz399006,创业板指,2184.49,-0.7145
2016-10-27,sz399006,创业板指,2182.48,-0.092
2016-10-28,sz399006,创业板指,2165.43,-0.7812
2016-10-31,sz399006,创业板指,2159.76,-0.2618
2016-11-01,sz399006,创业板指,2176.45,0.7728
2016-11-02,sz399006,创业板指,2146.4,-1.3807
2016-11-03,sz399006,创业板指,2153.19,0.3163
2016-11-04,sz399006,创业板指,2145.23,-0.3697
2016-11-07,sz399006,创业板指,2130.3,-0.696
2016-11-08,sz399006,创业板指,2150.3,0.9388
2016-11-09,sz399006,创业板指,2123.85,-1.2301
2016-11-10,sz399006,创业板指,2143.32,0.9167
2016-11-11,sz399006,创业板指,2147.11,0.1768
2016-11-14,sz399006,创业板指,2161.69,0.6791
2016-11-15,sz399006,创业板指,2179.3,0.8146
2016-11-16,sz399006,创业板指,2182.47,0.1455
2016-11-17,sz399006,创业板指,2163.04,-0.8903
2016-11-18,sz399006,创业板指,2157.96,-0.2349
2016-11-21,sz399006,创业板指,2152.6,-0.2484
2016-11-22,sz399006,创业板指,2177.65,1.1637
2016-11-23,sz399006,创业板指,2165.71,-0.5483
2016-11-24,sz399006,创业板指,2146.63,-0.881
2016-11-25,sz399006,创业板指,2167.53,0.9736
2016-11-28,sz399006,创业板指,2166.04,-0.0687
2016-11-29,sz399006,创业板指,2160.35,-0.2627
2016-11-30,sz399006,创业板指,2183.05,1.0508
2016-12-01,sz399006,创业板指,2181.93,-0.0513
2016-12-02,sz399006,创业板指,2143.45,-1.7636
2016-12-05,sz399006,创业板指,2143.88,0.0201
2016-12-06,sz399006,创业板指,2122.26,-1.0085
2016-12-07,sz399006,创业板指,2134.99,0.5998
2016-12-08,sz399006,创业板指,2114.71,-0.9499
2016-12-09,sz399006,创业板指,2099.89,-0.7008
2016-12-12,sz399006,创业板指,1984.4,-5.4998
2016-12-13,sz399006,创业板指,1985.04,0.0323
2016-12-14,sz399006,创业板指,1963.08,-1.1063
2016-12-15,sz399006,创业板指,1975.85,0.6505
2016-12-16,sz399006,创业板指,1998.11,1.1266
2016-12-19,sz399006,创业板指,1980.41,-0.8858
2016-12-20,sz399006,创业板指,1982.3,0.0954
2016-12-21,sz399006,创业板指,1991.7,0.4742
2016-12-22,sz399006,创业板指,1986.27,-0.2726
2016-12-23,sz399006,创业板指,1964.54,-1.094
2016-12-26,sz399006,创业板指,1974.01,0.482
2016-12-27,sz399006,创业板指,1968.62,-0.273
2016-12-28,sz399006,创业板指,1957.16,-0.5821
2016-12-29,sz399006,创业板指,1959.24,0.1063
2016-12-30,sz399006,创业板指,1962.06,0.1439
2017-01-03,sz399006,创业板指,1963.26,0.0612
2017-01-04,sz399006,创业板指,1991.56,1.4415
2017-01-05,sz399006,创业板指,1983.97,-0.3811
2017-01-06,sz399006,创业板指,1965.03,-0.9547
2017-01-09,sz399006,创业板指,1961.62,-0.1735
2017-01-10,sz399006,创业板指,1951.68,-0.5067
2017-01-11,sz399006,创业板指,1937.55,-0.724
2017-01-12,sz399006,创业板指,1930.15,-0.3819
2017-01-13,sz399006,创业板指,1899.94,-1.5652
2017-01-16,sz399006,创业板指,1830.85,-3.6364
2017-01-17,sz399006,创业板指,1867.87,2.022
2017-01-18,sz399006,创业板指,1845.79,-1.1821
2017-01-19,sz399006,创业板指,1844.14,-0.0894
2017-01-20,sz399006,创业板指,1880.75,1.9852
2017-01-23,sz399006,创业板指,1887.32,0.3493
2017-01-24,sz399006,创业板指,1861.22,-1.3829
2017-01-25,sz399006,创业板指,1870.7,0.5093
2017-01-26,sz399006,创业板指,1886.23,0.8302
2017-02-03,sz399006,创业板指,1876.76,-0.5021
2017-02-06,sz399006,创业板指,1900.45,1.2623
2017-02-07,sz399006,创业板指,1889.13,-0.5956
2017-02-08,sz399006,创业板指,1903.63,0.7675
2017-02-09,sz399006,创业板指,1914.08,0.549
2017-02-10,sz399006,创业板指,1904.69,-0.4906
2017-02-13,sz399006,创业板指,1913.68,0.472
2017-02-14,sz399006,创业板指,1909.4,-0.2237
2017-02-15,sz399006,创业板指,1892.36,-0.8924
2017-02-16,sz399006,创业板指,1897.63,0.2785
2017-02-17,sz399006,创业板指,1882.87,-0.7778
2017-02-20,sz399006,创业板指,1894.96,0.6421
2017-02-21,sz399006,创业板指,1921.08,1.3784
2017-02-22,sz399006,创业板指,1919.97,-0.0578
2017-02-23,sz399006,创业板指,1925.95,0.3115
2017-02-24,sz399006,创业板指,1938.44,0.6485
2017-02-27,sz399006,创业板指,1926.77,-0.602
2017-02-28,sz399006,创业板指,1927.16,0.0202
2017-03-01,sz399006,创业板指,1931.97,0.2496
2017-03-02,sz399006,创业板指,1920.41,-0.5984
2017-03-03,sz399006,创业板指,1928.29,0.4103
2017-03-06,sz399006,创业板指,1962.77,1.7881
2017-03-07,sz399006,创业板指,1977.85,0.7683
2017-03-08,sz399006,创业板指,1964.63,-0.6684
2017-03-09,sz399006,创业板指,1953.94,-0.5441
2017-03-10,sz399006,创业板指,1950.01,-0.2011
2017-03-13,sz399006,创业板指,1970.88,1.0703
2017-03-14,sz399006,创业板指,1958.02,-0.6525
2017-03-15,sz399006,创业板指,1957.82,-0.0102
2017-03-16,sz399006,创业板指,1966.73,0.4551
2017-03-17,sz399006,创业板指,1949.66,-0.8679
2017-03-20,sz399006,创业板指,1953.82,0.2134
2017-03-21,sz399006,创业板指,1961.06,0.3706
2017-03-22,sz399006,创业板指,1948.58,-0.6364
2017-03-23,sz399006,创业板指,1948.37,-0.0108
2017-03-24,sz399006,创业板指,1965.14,0.8607
2017-03-27,sz399006,创业板指,1947.53,-0.8961
2017-03-28,sz399006,创业板指,1944.36,-0.1628
2017-03-29,sz399006,创业板指,1929.2,-0.7797
2017-03-30,sz399006,创业板指,1893.7,-1.8401
2017-03-31,sz399006,创业板指,1907.34,0.7203
2017-04-05,sz399006,创业板指,1943.16,1.878
2017-04-06,sz399006,创业板指,1944.24,0.0556
2017-04-07,sz399006,创业板指,1946.05,0.0931
2017-04-10,sz399006,创业板指,1912.45,-1.7266
2017-04-11,sz399006,创业板指,1917.63,0.2709
2017-04-12,sz399006,创业板指,1897.51,-1.0492
2017-04-13,sz399006,创业板指,1910.48,0.6835
2017-04-14,sz399006,创业板指,1887.46,-1.2049
2017-04-17,sz399006,创业板指,1868.28,-1.0162
2017-04-18,sz399006,创业板指,1848.2,-1.0748
2017-04-19,sz399006,创业板指,1845.38,-0.1526
2017-04-20,sz399006,创业板指,1850.39,0.2715
2017-04-21,sz399006,创业板指,1839.01,-0.615
2017-04-24,sz399006,创业板指,1809.91,-1.5824
2017-04-25,sz399006,创业板指,1818.87,0.4951
2017-04-26,sz399006,创业板指,1820.48,0.0885
2017-04-27,sz399006,创业板指,1842.92,1.2326
2017-04-28,sz399006,创业板指,1850.73,0.4238
2017-05-02,sz399006,创业板指,1850.85,0.0065
2017-05-03,sz399006,创业板指,1840.45,-0.5619
2017-05-04,sz399006,创业板指,1838.1,-0.1277
2017-05-05,sz399006,创业板指,1818.19,-1.0832
2017-05-08,sz399006,创业板指,1788.71,-1.6214
2017-05-09,sz399006,创业板指,1802.49,0.7704
2017-05-10,sz399006,创业板指,1771.32,-1.7293
2017-05-11,sz399006,创业板指,1772.41,0.0615
2017-05-12,sz399006,创业板指,1774.63,0.1253
2017-05-15,sz399006,创业板指,1778.64,0.226
2017-05-16,sz399006,创业板指,1814.94,2.0409
2017-05-17,sz399006,创业板指,1822.64,0.4243
2017-05-18,sz399006,创业板指,1813.51,-0.5009
2017-05-19,sz399006,创业板指,1801.08,-0.6854
2017-05-22,sz399006,创业板指,1788.08,-0.7218
2017-05-23,sz399006,创业板指,1758.24,-1.6688
2017-05-24,sz399006,创业板指,1776.28,1.026
2017-05-25,sz399006,创业板指,1777.69,0.0794
2017-05-26,sz399006,创业板指,1759.63,-1.0159
2017-05-31,sz399006,创业板指,1763.73,0.233
2017-06-01,sz399006,创业板指,1728.49,-1.998
2017-06-02,sz399006,创业板指,1745.93,1.009
2017-06-05,sz399006,创业板指,1761.25,0.8775
2017-06-06,sz399006,创业板指,1766.39,0.2918
2017-06-07,sz399006,创业板指,1799.85,1.8943
2017-06-08,sz399006,创业板指,1794.75,-0.2834
2017-06-09,sz399006,创业板指,1796.14,0.0774
2017-06-12,sz399006,创业板指,1775.55,-1.1463
2017-06-13,sz399006,创业板指,1795.63,1.1309
2017-06-14,sz399006,创业板指,1790.64,-0.2779
2017-06-15,sz399006,创业板指,1816.26,1.4308
2017-06-16,sz399006,创业板指,1810.05,-0.3419
2017-06-19,sz399006,创业板指,1816.4,0.3508
2017-06-20,sz399006,创业板指,1820.98,0.2521
2017-06-21,sz399006,创业板指,1824.69,0.2037
2017-06-22,sz399006,创业板指,1798.38,-1.4419
2017-06-23,sz399006,创业板指,1807.43,0.5032
2017-06-26,sz399006,创业板指,1821.28,0.7663
2017-06-27,sz399006,创业板指,1819.93,-0.0741
2017-06-28,sz399006,创业板指,1808.2,-0.6445
2017-06-29,sz399006,创业板指,1813.55,0.2959
2017-06-30,sz399006,创业板指,1818.07,0.2492
2017-07-03,sz399006,创业板指,1835.99,0.9857
2017-07-04,sz399006,创业板指,1829.51,-0.3529
2017-07-05,sz399006,创业板指,1836.63,0.3892
2017-07-06,sz399006,创业板指,1839.0,0.129
2017-07-07,sz399006,创业板指,1835.44,-0.1936
2017-07-10,sz399006,创业板指,1803.25,-1.7538
2017-07-11,sz399006,创业板指,1783.91,-1.0725
2017-07-12,sz399006,创业板指,1786.75,0.1592
2017-07-13,sz399006,创业板指,1778.86,-0.4416
2017-07-14,sz399006,创业板指,1745.57,-1.8714
2017-07-17,sz399006,创业板指,1656.43,-5.1066
2017-07-18,sz399006,创业板指,1667.49,0.6677
2017-07-19,sz399006,创业板指,1684.77,1.0363
2017-07-20,sz399006,创业板指,1688.61,0.2279
2017-07-21,sz399006,创业板指,1690.15,0.0912
2017-07-24,sz399006,创业板指,1686.44,-0.2195
2017-07-25,sz399006,创业板指,1688.1,0.0984
2017-07-26,sz399006,创业板指,1681.31,-0.4022
2017-07-27,sz399006,创业板指,1742.19,3.621
2017-07-28,sz399006,创业板指,1734.07,-0.4661
2017-07-31,sz399006,创业板指,1736.3,0.1286
2017-08-01,sz399006,创业板指,1741.07,0.2747
2017-08-02,sz399006,创业板指,1724.83,-0.9328
2017-08-03,sz399006,创业板指,1733.12,0.4806
2017-08-04,sz399006,创业板指,1719.62,-0.7789
2017-08-07,sz399006,创业板指,1732.43,0.7449
2017-08-08,sz399006,创业板指,1762.42,1.7311
2017-08-09,sz399006,创业板指,1763.05,0.0357
2017-08-10,sz399006,创业板指,1753.67,-0.532
2017-08-11,sz399006,创业板指,1742.14,-0.6575
2017-08-14,sz399006,创业板指,1793.48,2.947
2017-08-15,sz399006,创业板指,1798.57,0.2838
2017-08-16,sz399006,创业板指,1825.19,1.4801
2017-08-17,sz399006,创业板指,1833.4,0.4498
2017-08-18,sz399006,创业板指,1821.8,-0.6327
2017-08-21,sz399006,创业板指,1829.22,0.4073
2017-08-22,sz399006,创业板指,1814.92,-0.7818
2017-08-23,sz399006,创业板指,1807.37,-0.416
2017-08-24,sz399006,创业板指,1795.74,-0.6435
2017-08-25,sz399006,创业板指,1812.88,0.9545
2017-08-28,sz399006,创业板指,1842.83,1.6521
2017-08-29,sz399006,创业板指,1831.59,-0.6099
2017-08-30,sz399006,创业板指,1838.63,0.3844
2017-08-31,sz399006,创业板指,1849.38,0.5847
2017-09-01,sz399006,创业板指,1865.25,0.8581
2017-09-04,sz399006,创业板指,1883.62,0.9849
2017-09-05,sz399006,创业板指,1885.16,0.0818
2017-09-06,sz399006,创业板指,1902.86,0.9389
2017-09-07,sz399006,创业板指,1890.38,-0.6559
2017-09-08,sz399006,创业板指,1885.27,-0.2703
2017-09-11,sz399006,创业板指,1896.38,0.5893
2017-09-12,sz399006,创业板指,1884.48,-0.6275
2017-09-13,sz399006,创业板指,1888.43,0.2096
2017-09-14,sz399006,创业板指,1879.25,-0.4861
2017-09-15,sz399006,创业板指,1875.64,-0.1921
2017-09-18,sz399006,创业板指,1894.8,1.0215
2017-09-19,sz399006,创业板指,1880.3,-0.7653
2017-09-20,sz399006,创业板指,1892.67,0.6579
2017-09-21,sz399006,创业板指,1872.77,-1.0514
2017-09-22,sz399006,创业板指,1866.43,-0.3385
2017-09-25,sz399006,创业板指,1843.62,-1.2221
2017-09-26,sz399006,创业板指,1839.46,-0.2256
2017-09-27,sz399006,创业板指,1854.94,0.8416
2017-09-28,sz399006,创业板指,1854.73,-0.0113
2017-09-29,sz399006,创业板指,1866.98,0.6605
2017-10-09,sz399006,创业板指,1889.84,1.2244
2017-10-10,sz399006,创业板指,1917.46,1.4615
2017-10-11,sz399006,创业板指,1901.55,-0.8297
2017-10-12,sz399006,创业板指,1899.99,-0.082
2017-10-13,sz399006,创业板指,1926.07,1.3726
2017-10-16,sz399006,创业板指,1882.69,-2.2523
2017-10-17,sz399006,创业板指,1876.99,-0.3028
2017-10-18,sz399006,创业板指,1868.16,-0.4704
2017-10-19,sz399006,创业板指,1862.61,-0.2971
2017-10-20,sz399006,创业板指,1880.21,0.9449
2017-10-23,sz399006,创业板指,1898.76,0.9866
2017-10-24,sz399006,创业板指,1901.69,0.1543
2017-10-25,sz399006,创业板指,1913.26,0.6084
2017-10-26,sz399006,创业板指,1910.72,-0.1328
2017-10-27,sz399006,创业板指,1896.22,-0.7589
2017-10-30,sz399006,创业板指,1855.99,-2.1216
2017-10-31,sz399006,创业板指,1869.79,0.7435
2017-11-01,sz399006,创业板指,1872.75,0.1583
2017-11-02,sz399006,创业板指,1847.56,-1.3451
2017-11-03,sz399006,创业板指,1832.97,-0.7897
2017-11-06,sz399006,创业板指,1850.3,0.9455
2017-11-07,sz399006,创业板指,1859.07,0.474
2017-11-08,sz399006,创业板指,1866.14,0.3803
2017-11-09,sz399006,创业板指,1884.11,0.963
2017-11-10,sz399006,创业板指,1900.63,0.8768
2017-11-13,sz399006,创业板指,1906.44,0.3057
2017-11-14,sz399006,创业板指,1896.72,-0.5099
2017-11-15,sz399006,创业板指,1868.08,-1.51
2017-11-16,sz399006,创业板指,1878.26,0.5449
2017-11-17,sz399006,创业板指,1833.9,-2.3618
2017-11-20,sz399006,创业板指,1859.75,1.4096
2017-11-21,sz399006,创业板指,1856.96,-0.15
2017-11-22,sz399006,创业板指,1853.38,-0.1928
2017-11-23,sz399006,创业板指,1794.78,-3.1618
2017-11-24,sz399006,创业板指,1782.66,-0.6753
2017-11-27,sz399006,创业板指,1760.9,-1.2206
2017-11-28,sz399006,创业板指,1793.87,1.8723
2017-11-29,sz399006,创业板指,1787.38,-0.3618
2017-11-30,sz399006,创业板指,1770.3,-0.9556
2017-12-01,sz399006,创业板指,1804.62,1.9387
2017-12-04,sz399006,创业板指,1797.77,-0.3796
2017-12-05,sz399006,创业板指,1758.59,-2.1794
2017-12-06,sz399006,创业板指,1784.31,1.4625
2017-12-07,sz399006,创业板指,1776.99,-0.4102
2017-12-08,sz399006,创业板指,1792.16,0.8537
2017-12-11,sz399006,创业板指,1816.99,1.3855
2017-12-12,sz399006,创业板指,1798.69,-1.0072
2017-12-13,sz399006,创业板指,1806.09,0.4114
2017-12-14,sz399006,创业板指,1794.34,-0.6506
2017-12-15,sz399006,创业板指,1783.97,-0.5779
2017-12-18,sz399006,创业板指,1780.64,-0.1867
2017-12-19,sz399006,创业板指,1798.5,1.003
2017-12-20,sz399006,创业板指,1782.41,-0.8946
2017-12-21,sz399006,创业板指,1789.74,0.4112
2017-12-22,sz399006,创业板指,1779.34,-0.5811
2017-12-25,sz399006,创业板指,1755.81,-1.3224
2017-12-26,sz399006,创业板指,1758.82,0.1714
2017-12-27,sz399006,创业板指,1745.24,-0.7721
2017-12-28,sz399006,创业板指,1745.02,-0.0126
2017-12-29,sz399006,创业板指,1752.65,0.4372
2018-01-02,sz399006,创业板指,1769.67,0.9711
2018-01-03,sz399006,创业板指,1795.38,1.4528
2018-01-04,sz399006,创业板指,1794.61,-0.0429
2018-01-05,sz399006,创业板指,1801.42,0.3795
2018-01-08,sz399006,创业板指,1806.16,0.2631
2018-01-09,sz399006,创业板指,1803.59,-0.1423
2018-01-10,sz399006,创业板指,1791.09,-0.6931
2018-01-11,sz399006,创业板指,1804.24,0.7342
2018-01-12,sz399006,创业板指,1785.71,-1.027
2018-01-15,sz399006,创业板指,1732.62,-2.973
2018-01-16,sz399006,创业板指,1729.6,-0.1743
2018-01-17,sz399006,创业板指,1742.03,0.7187
2018-01-18,sz399006,创业板指,1738.0,-0.2313
2018-01-19,sz399006,创业板指,1728.14,-0.5673
2018-01-22,sz399006,创业板指,1768.21,2.3187
2018-01-23,sz399006,创业板指,1767.83,-0.0215
2018-01-24,sz399006,创业板指,1813.28,2.5709
2018-01-25,sz399006,创业板指,1810.84,-0.1346
2018-01-26,sz399006,创业板指,1816.8,0.3291
2018-01-29,sz399006,创业板指,1799.77,-0.9374
2018-01-30,sz399006,创业板指,1782.4,-0.9651
2018-01-31,sz399006,创业板指,1735.06,-2.656
2018-02-01,sz399006,创业板指,1697.39,-2.1711
2018-02-02,sz399006,创业板指,1702.43,0.2969
2018-02-05,sz399006,创业板指,1688.27,-0.8318
2018-02-06,sz399006,创业板指,1598.12,-5.3398
2018-02-07,sz399006,创业板指,1616.4,1.1438
2018-02-08,sz399006,创业板指,1641.43,1.5485
2018-02-09,sz399006,创业板指,1592.51,-2.9803
2018-02-12,sz399006,创业板指,1648.07,3.4888
2018-02-13,sz399006,创业板指,1648.58,0.0309
2018-02-14,sz399006,创业板指,1646.77,-0.1098
2018-02-22,sz399006,创业板指,1677.77,1.8825
2018-02-23,sz399006,创业板指,1668.84,-0.5323
2018-02-26,sz399006,创业板指,1729.15,3.6139
2018-02-27,sz399006,创业板指,1743.54,0.8322
2018-02-28,sz399006,创业板指,1753.63,0.5787
2018-03-01,sz399006,创业板指,1789.85,2.0654
2018-03-02,sz399006,创业板指,1772.01,-0.9967
2018-03-05,sz399006,创业板指,1795.69,1.3363
2018-03-06,sz399006,创业板指,1797.61,0.1069
2018-03-07,sz399006,创业板指,1785.27,-0.6865
2018-03-08,sz399006,创业板指,1793.22,0.4453
2018-03-09,sz399006,创业板指,1856.46,3.5266
2018-03-12,sz399006,创业板指,1882.41,1.3978
2018-03-13,sz399006,创业板指,1872.68,-0.5169
2018-03-14,sz399006,创业板指,1841.29,-1.6762
2018-03-15,sz399006,创业板指,1848.71,0.403
2018-03-16,sz399006,创业板指,1821.32,-1.4816
2018-03-19,sz399006,创业板指,1842.92,1.186
2018-03-20,sz399006,创业板指,1864.62,1.1775
2018-03-21,sz399006,创业板指,1829.91,-1.8615
2018-03-22,sz399006,创业板指,1817.23,-0.6929
2018-03-23,sz399006,创业板指,1726.02,-5.0192
2018-03-26,sz399006,创业板指,1780.61,3.1628
2018-03-27,sz399006,创业板指,1844.69,3.5988
2018-03-28,sz399006,创业板指,1835.15,-0.5172
2018-03-29,sz399006,创业板指,1842.19,0.3836
2018-03-30,sz399006,创业板指,1900.48,3.1642
2018-04-02,sz399006,创业板指,1900.26,-0.0116
2018-04-03,sz399006,创业板指,1872.47,-1.4624
2018-04-04,sz399006,创业板指,1836.81,-1.9044
2018-04-09,sz399006,创业板指,1841.65,0.2635
2018-04-10,sz399006,创业板指,1835.52,-0.3329
2018-04-11,sz399006,创业板指,1834.63,-0.0485
2018-04-12,sz399006,创业板指,1826.89,-0.4219
2018-04-13,sz399006,创业板指,1824.59,-0.1259
2018-04-16,sz399006,创业板指,1838.71,0.7739
2018-04-17,sz399006,创业板指,1783.74,-2.9896
2018-04-18,sz399006,创业板指,1822.26,2.1595
2018-04-19,sz399006,创业板指,1820.28,-0.1087
2018-04-20,sz399006,创业板指,1782.81,-2.0585
2018-04-23,sz399006,创业板指,1753.05,-1.6693
2018-04-24,sz399006,创业板指,1806.86,3.0695
2018-04-25,sz399006,创业板指,1819.41,0.6946
2018-04-26,sz399006,创业板指,1781.28,-2.0957
2018-04-27,sz399006,创业板指,1805.6,1.3653
2018-05-02,sz399006,创业板指,1801.57,-0.2232
2018-05-03,sz399006,创业板指,1826.79,1.3999
2018-05-04,sz399006,创业板指,1814.86,-0.6531
2018-05-07,sz399006,创业板指,1852.34,2.0652
2018-05-08,sz399006,创业板指,1856.87,0.2446
2018-05-09,sz399006,创业板指,1855.81,-0.0571
2018-05-10,sz399006,创业板指,1865.36,0.5146
2018-05-11,sz399006,创业板指,1834.78,-1.6394
2018-05-14,sz399006,创业板指,1830.98,-0.2071
2018-05-15,sz399006,创业板指,1858.01,1.4763
2018-05-16,sz399006,创业板指,1846.68,-0.6098
2018-05-17,sz399006,创业板指,1831.21,-0.8377
2018-05-18,sz399006,创业板指,1836.75,0.3025
2018-05-21,sz399006,创业板指,1862.48,1.4008
2018-05-22,sz399006,创业板指,1876.0,0.7259
2018-05-23,sz399006,创业板指,1845.97,-1.6007
2018-05-24,sz399006,创业板指,1838.4,-0.4101
2018-05-25,sz399006,创业板指,1804.55,-1.8413
2018-05-28,sz399006,创业板指,1796.91,-0.4234
2018-05-29,sz399006,创业板指,1773.65,-1.2944
2018-05-30,sz399006,创业板指,1726.22,-2.6741
2018-05-31,sz399006,创业板指,1743.74,1.0149
2018-06-01,sz399006,创业板指,1709.55,-1.9607
2018-06-04,sz399006,创业板指,1702.93,-0.3872
2018-06-05,sz399006,创业板指,1746.11,2.5356
2018-06-06,sz399006,创业板指,1743.25,-0.1638
2018-06-07,sz399006,创业板指,1730.38,-0.7383
2018-06-08,sz399006,创业板指,1711.52,-1.0899
2018-06-11,sz399006,创业板指,1688.62,-1.338
2018-06-12,sz399006,创业板指,1712.77,1.4302
2018-06-13,sz399006,创业板指,1685.9,-1.5688
2018-06-14,sz399006,创业板指,1673.32,-0.7462
2018-06-15,sz399006,创业板指,1641.66,-1.892
2018-06-19,sz399006,创业板指,1547.15,-5.757
2018-06-20,sz399006,创业板指,1563.79,1.0755
2018-06-21,sz399006,创业板指,1521.68,-2.6928
2018-06-22,sz399006,创业板指,1549.66,1.8388
2018-06-25,sz399006,创业板指,1538.56,-0.7163
2018-06-26,sz399006,创业板指,1564.92,1.7133
2018-06-27,sz399006,创业板指,1546.23,-1.1943
2018-06-28,sz399006,创业板指,1543.66,-0.1662
2018-06-29,sz399006,创业板指,1606.72,4.0851
2018-07-02,sz399006,创业板指,1588.37,-1.1421
2018-07-03,sz399006,创业板指,1607.12,1.1805
2018-07-04,sz399006,创业板指,1565.61,-2.5829
2018-07-05,sz399006,创业板指,1532.68,-2.1033
2018-07-06,sz399006,创业板指,1541.31,0.5631
2018-07-09,sz399006,创业板指,1581.93,2.6354
2018-07-10,sz399006,创业板指,1592.98,0.6985
2018-07-11,sz399006,创业板指,1563.01,-1.8814
2018-07-12,sz399006,创业板指,1614.63,3.3026
2018-07-13,sz399006,创业板指,1618.46,0.2372
2018-07-16,sz399006,创业板指,1616.91,-0.0958
2018-07-17,sz399006,创业板指,1621.63,0.2919
2018-07-18,sz399006,创业板指,1607.88,-0.8479
2018-07-19,sz399006,创业板指,1590.06,-1.1083
2018-07-20,sz399006,创业板指,1609.55,1.2257
2018-07-23,sz399006,创业板指,1620.97,0.7095
2018-07-24,sz399006,创业板指,1629.61,0.533
2018-07-25,sz399006,创业板指,1632.32,0.1663
2018-07-26,sz399006,创业板指,1606.12,-1.6051
2018-07-27,sz399006,创业板指,1594.57,-0.7191
2018-07-30,sz399006,创业板指,1559.64,-2.1906
2018-07-31,sz399006,创业板指,1561.26,0.1039
2018-08-01,sz399006,创业板指,1541.86,-1.2426
2018-08-02,sz399006,创业板指,1510.09,-2.0605
2018-08-03,sz399006,创业板指,1481.61,-1.886
2018-08-06,sz399006,创业板指,1440.8,-2.7544
2018-08-07,sz399006,创业板指,1479.44,2.6818
2018-08-08,sz399006,创业板指,1447.76,-2.1414
2018-08-09,sz399006,创业板指,1497.61,3.4433
2018-08-10,sz399006,创业板指,1511.71,0.9415
2018-08-13,sz399006,创业板指,1531.34,1.2985
2018-08-14,sz399006,创业板指,1518.49,-0.8391
2018-08-15,sz399006,创业板指,1478.51,-2.6329
2018-08-16,sz399006,创业板指,1463.87,-0.9902
2018-08-17,sz399006,创业板指,1434.31,-2.0193
2018-08-20,sz399006,创业板指,1435.69,0.0962
2018-08-21,sz399006,创业板指,1456.97,1.4822
2018-08-22,sz399006,创业板指,1439.55,-1.1956
2018-08-23,sz399006,创业板指,1455.5,1.108
2018-08-24,sz399006,创业板指,1450.09,-0.3717
2018-08-27,sz399006,创业板指,1493.43,2.9888
2018-08-28,sz399006,创业板指,1493.11,-0.0214
2018-08-29,sz399006,创业板指,1481.19,-0.7983
2018-08-30,sz399006,创业板指,1457.92,-1.571
2018-08-31,sz399006,创业板指,1435.2,-1.5584
2018-09-03,sz399006,创业板指,1443.69,0.5916
2018-09-04,sz399006,创业板指,1455.5,0.818
2018-09-05,sz399006,创业板指,1430.24,-1.7355
2018-09-06,sz399006,创业板指,1422.87,-0.5153
2018-09-07,sz399006,创业板指,1425.23,0.1659
2018-09-10,sz399006,创业板指,1390.82,-2.4143
2018-09-11,sz399006,创业板指,1395.17,0.3128
2018-09-12,sz399006,创业板指,1385.8,-0.6716
2018-09-13,sz399006,创业板指,1391.28,0.3954
2018-09-14,sz399006,创业板指,1366.56,-1.7768
2018-09-17,sz399006,创业板指,1349.78,-1.2279
2018-09-18,sz399006,创业板指,1377.3,2.0389
2018-09-19,sz399006,创业板指,1392.4,1.0963
2018-09-20,sz399006,创业板指,1387.62,-0.3433
2018-09-21,sz399006,创业板指,1411.12,1.6935
2018-09-25,sz399006,创业板指,1405.81,-0.3763
2018-09-26,sz399006,创业板指,1420.75,1.0627
2018-09-27,sz399006,创业板指,1400.36,-1.4352
2018-09-28,sz399006,创业板指,1411.34,0.7841
2018-10-08,sz399006,创业板指,1353.67,-4.0862
2018-10-09,sz399006,创业板指,1345.95,-0.5703
2018-10-10,sz399006,创业板指,1346.71,0.0565
2018-10-11,sz399006,创业板指,1261.88,-6.2991
2018-10-12,sz399006,创业板指,1268.41,0.5175
2018-10-15,sz399006,创业板指,1250.22,-1.4341
2018-10-16,sz399006,创业板指,1216.69,-2.6819
2018-10-17,sz399006,创业板指,1231.86,1.2468
2018-10-18,sz399006,创业板指,1205.03,-2.178
2018-10-19,sz399006,创业板指,1249.89,3.7227
2018-10-22,sz399006,创业板指,1314.94,5.2045
2018-10-23,sz399006,创业板指,1292.06,-1.74
2018-10-24,sz399006,创业板指,1284.1,-0.6161
2018-10-25,sz399006,创业板指,1273.6,-0.8177
2018-10-26,sz399006,创业板指,1263.19,-0.8174
2018-10-29,sz399006,创业板指,1250.48,-1.0062
2018-10-30,sz399006,创业板指,1259.95,0.7573
2018-10-31,sz399006,创业板指,1275.57,1.2397
2018-11-01,sz399006,创业板指,1286.33,0.8435
2018-11-02,sz399006,创业板指,1348.28,4.816
2018-11-05,sz399006,创业板指,1348.88,0.0445
2018-11-06,sz399006,创业板指,1349.11,0.0171
2018-11-07,sz399006,创业板指,1345.77,-0.2476
2018-11-08,sz399006,创业板指,1329.59,-1.2023
2018-11-09,sz399006,创业板指,1322.83,-0.5084
2018-11-12,sz399006,创业板指,1368.79,3.4744
2018-11-13,sz399006,创业板指,1392.06,1.7
2018-11-14,sz399006,创业板指,1385.73,-0.4547
2018-11-15,sz399006,创业板指,1405.25,1.4086
2018-11-16,sz399006,创业板指,1403.28,-0.1402
2018-11-19,sz399006,创业板指,1394.4,-0.6328
2018-11-20,sz399006,创业板指,1355.33,-2.8019
2018-11-21,sz399006,创业板指,1363.03,0.5681
2018-11-22,sz399006,创业板指,1353.92,-0.6684
2018-11-23,sz399006,创业板指,1308.74,-3.337
2018-11-26,sz399006,创业板指,1304.56,-0.3194
2018-11-27,sz399006,创业板指,1315.43,0.8332
2018-11-28,sz399006,创业板指,1341.08,1.9499
2018-11-29,sz399006,创业板指,1312.72,-2.1147
2018-11-30,sz399006,创业板指,1329.39,1.2699
2018-12-03,sz399006,创业板指,1372.79,3.2647
2018-12-04,sz399006,创业板指,1378.75,0.4342
2018-12-05,sz399006,创业板指,1381.77,0.219
2018-12-06,sz399006,创业板指,1345.76,-2.6061
2018-12-07,sz399006,创业板指,1341.02,-0.3522
2018-12-10,sz399006,创业板指,1326.85,-1.0567
2018-12-11,sz399006,创业板指,1338.08,0.8464
2018-12-12,sz399006,创业板指,1338.73,0.0486
2018-12-13,sz399006,创业板指,1348.5,0.7298
2018-12-14,sz399006,创业板指,1310.46,-2.8209
2018-12-17,sz399006,创业板指,1299.18,-0.8608
2018-12-18,sz399006,创业板指,1293.34,-0.4495
2018-12-19,sz399006,创业板指,1268.81,-1.8966
2018-12-20,sz399006,创业板指,1278.16,0.7369
2018-12-21,sz399006,创业板指,1270.3,-0.6149
2018-12-24,sz399006,创业板指,1284.33,1.1045
2018-12-25,sz399006,创业板指,1273.45,-0.8471
2018-12-26,sz399006,创业板指,1264.07,-0.7366
2018-12-27,sz399006,创业板指,1248.08,-1.265
2018-12-28,sz399006,创业板指,1250.53,0.1963
2019-01-02,sz399006,创业板指,1228.77,-1.7401
2019-01-03,sz399006,创业板指,1214.5,-1.1613
2019-01-04,sz399006,创业板指,1245.16,2.5245
2019-01-07,sz399006,创业板指,1268.06,1.8391
2019-01-08,sz399006,创业板指,1263.51,-0.3588
2019-01-09,sz399006,创业板指,1262.52,-0.0784
2019-01-10,sz399006,创业板指,1258.99,-0.2796
2019-01-11,sz399006,创业板指,1261.56,0.2041
2019-01-14,sz399006,创业板指,1246.0,-1.2334
2019-01-15,sz399006,创业板指,1266.28,1.6276
2019-01-16,sz399006,创业板指,1267.31,0.0813
2019-01-17,sz399006,创业板指,1251.41,-1.2546
2019-01-18,sz399006,创业板指,1269.51,1.4464
2019-01-21,sz399006,创业板指,1274.79,0.4159
2019-01-22,sz399006,创业板指,1252.24,-1.7689
2019-01-23,sz399006,创业板指,1251.13,-0.0886
2019-01-24,sz399006,创业板指,1265.16,1.1214
2019-01-25,sz399006,创业板指,1265.49,0.0261
2019-01-28,sz399006,创业板指,1259.74,-0.4544
2019-01-29,sz399006,创业板指,1243.59,-1.282
2019-01-30,sz399006,创业板指,1230.82,-1.0269
2019-01-31,sz399006,创业板指,1227.99,-0.2299
2019-02-01,sz399006,创业板指,1271.28,3.5253
2019-02-11,sz399006,创业板指,1316.1,3.5256
2019-02-12,sz399006,创业板指,1332.27,1.2286
2019-02-13,sz399006,创业板指,1357.67,1.9065
2019-02-14,sz399006,创业板指,1361.94,0.3145
2019-02-15,sz399006,创业板指,1357.84,-0.301
2019-02-18,sz399006,创业板指,1413.6,4.1065
2019-02-19,sz399006,创业板指,1406.04,-0.5348
2019-02-20,sz399006,创业板指,1408.38,0.1664
2019-02-21,sz399006,创业板指,1412.54,0.2954
2019-02-22,sz399006,创业板指,1456.3,3.098
2019-02-25,sz399006,创业板指,1536.37,5.4982
2019-02-26,sz399006,创业板指,1546.99,0.6912
2019-02-27,sz399006,创业板指,1520.42,-1.7175
2019-02-28,sz399006,创业板指,1535.68,1.0037
2019-03-01,sz399006,创业板指,1567.87,2.0961
2019-03-04,sz399006,创业板指,1619.71,3.3064
2019-03-05,sz399006,创业板指,1676.57,3.5105
2019-03-06,sz399006,创业板指,1700.5,1.4273
2019-03-07,sz399006,创业板指,1692.42,-0.4752
2019-03-08,sz399006,创业板指,1654.49,-2.2412
2019-03-11,sz399006,创业板指,1727.8,4.431
2019-03-12,sz399006,创业板指,1773.43,2.6409
2019-03-13,sz399006,创业板指,1693.86,-4.4868
2019-03-14,sz399006,创业板指,1650.19,-2.5781
2019-03-15,sz399006,创业板指,1662.62,0.7532
2019-03-18,sz399006,创业板指,1707.06,2.6729
2019-03-19,sz399006,创业板指,1708.87,0.106
2019-03-20,sz399006,创业板指,1687.9,-1.2271
2019-03-21,sz399006,创业板指,1703.86,0.9456
2019-03-22,sz399006,创业板指,1693.87,-0.5863
2019-03-25,sz399006,创业板指,1668.84,-1.4777
2019-03-26,sz399006,创业板指,1630.19,-2.316
2019-03-27,sz399006,创业板指,1637.77,0.465
2019-03-28,sz399006,创业板指,1626.82,-0.6686
2019-03-29,sz399006,创业板指,1693.55,4.1019
2019-04-01,sz399006,创业板指,1760.89,3.9763
2019-04-02,sz399006,创业板指,1754.16,-0.3822
2019-04-03,sz399006,创业板指,1768.18,0.7992
2019-04-04,sz399006,创业板指,1777.26,0.5135
2019-04-08,sz399006,创业板指,1739.66,-2.1156
2019-04-09,sz399006,创业板指,1741.17,0.0868
2019-04-10,sz399006,创业板指,1726.64,-0.8345
2019-04-11,sz399006,创业板指,1691.1,-2.0583
2019-04-12,sz399006,创业板指,1695.73,0.2738
2019-04-15,sz399006,创业板指,1666.9,-1.7002
2019-04-16,sz399006,创业板指,1697.53,1.8375
2019-04-17,sz399006,创业板指,1717.44,1.1729
2019-04-18,sz399006,创业板指,1704.55,-0.7505
2019-04-19,sz399006,创业板指,1715.8,0.66
2019-04-22,sz399006,创业板指,1697.51,-1.066
2019-04-23,sz399006,创业板指,1683.8,-0.8077
2019-04-24,sz399006,创业板指,1718.85,2.0816
2019-04-25,sz399006,创业板指,1669.98,-2.8432
2019-04-26,sz399006,创业板指,1657.82,-0.7282
2019-04-29,sz399006,创业板指,1615.62,-2.5455
2019-04-30,sz399006,创业板指,1623.78,0.5051
2019-05-06,sz399006,创业板指,1494.89,-7.9377
2019-05-07,sz399006,创业板指,1504.16,0.6201
2019-05-08,sz399006,创业板指,1481.87,-1.4819
2019-05-09,sz399006,创业板指,1469.48,-0.8361
2019-05-10,sz399006,创业板指,1533.87,4.3818
2019-05-13,sz399006,创业板指,1503.06,-2.0086
2019-05-14,sz399006,创业板指,1494.6,-0.5629
2019-05-15,sz399006,创业板指,1528.69,2.2809
2019-05-16,sz399006,创业板指,1533.67,0.3258
2019-05-17,sz399006,创业板指,1478.75,-3.581
2019-05-20,sz399006,创业板指,1469.31,-0.6384
2019-05-21,sz399006,创业板指,1493.72,1.6613
2019-05-22,sz399006,创业板指,1488.63,-0.3408
2019-05-23,sz399006,创业板指,1451.25,-2.511
2019-05-24,sz399006,创业板指,1443.75,-0.5168
2019-05-27,sz399006,创业板指,1491.95,3.3385
2019-05-28,sz399006,创业板指,1505.16,0.8854
2019-05-29,sz399006,创业板指,1497.89,-0.483
2019-05-30,sz399006,创业板指,1485.24,-0.8445
2019-05-31,sz399006,创业板指,1483.66,-0.1064
2019-06-03,sz399006,创业板指,1468.98,-0.9894
2019-06-04,sz399006,创业板指,1456.27,-0.8652
2019-06-05,sz399006,创业板指,1451.18,-0.3495
2019-06-06,sz399006,创业板指,1416.06,-2.4201
2019-06-10,sz399006,创业板指,1431.34,1.0791
2019-06-11,sz399006,创业板指,1487.35,3.9131
2019-06-12,sz399006,创业板指,1473.9,-0.9043
2019-06-13,sz399006,创业板指,1479.83,0.4023
2019-06-14,sz399006,创业板指,1453.96,-1.7482
2019-06-17,sz399006,创业板指,1442.35,-0.7985
2019-06-18,sz399006,创业板指,1455.75,0.929
2019-06-19,sz399006,创业板指,1469.99,0.9782
2019-06-20,sz399006,创业板指,1498.01,1.9061
2019-06-21,sz399006,创业板指,1523.81,1.7223
2019-06-24,sz399006,创业板指,1514.47,-0.6129
2019-06-25,sz399006,创业板指,1498.47,-1.0565
2019-06-26,sz399006,创业板指,1504.55,0.4057
2019-06-27,sz399006,创业板指,1525.24,1.3752
2019-06-28,sz399006,创业板指,1511.51,-0.9002
2019-07-01,sz399006,创业板指,1568.16,3.7479
2019-07-02,sz399006,创业板指,1570.51,0.1499
2019-07-03,sz399006,创业板指,1544.36,-1.6651
2019-07-04,sz399006,创业板指,1532.74,-0.7524
2019-07-05,sz399006,创业板指,1547.74,0.9786
2019-07-08,sz399006,创业板指,1506.66,-2.6542
2019-07-09,sz399006,创业板指,1517.79,0.7387
2019-07-10,sz399006,创业板指,1510.44,-0.4843
2019-07-11,sz399006,创业板指,1514.2,0.2489
2019-07-12,sz399006,创业板指,1518.07,0.2556
2019-07-15,sz399006,创业板指,1547.47,1.9367
2019-07-16,sz399006,创业板指,1545.27,-0.1422
2019-07-17,sz399006,创业板指,1550.22,0.3203
2019-07-18,sz399006,创业板指,1524.48,-1.6604
2019-07-19,sz399006,创业板指,1541.98,1.1479
2019-07-22,sz399006,创业板指,1515.97,-1.6868
2019-07-23,sz399006,创业板指,1534.93,1.2507
2019-07-24,sz399006,创业板指,1553.72,1.2242
2019-07-25,sz399006,创业板指,1566.08,0.7955
2019-07-26,sz399006,创业板指,1561.86,-0.2695
2019-07-29,sz399006,创业板指,1566.52,0.2984
2019-07-30,sz399006,创业板指,1580.13,0.8688
2019-07-31,sz399006,创业板指,1570.39,-0.6164
2019-08-01,sz399006,创业板指,1573.87,0.2216
2019-08-02,sz399006,创业板指,1556.74,-1.0884
2019-08-05,sz399006,创业板指,1531.37,-1.6297
2019-08-06,sz399006,创业板指,1507.91,-1.532
2019-08-07,sz399006,创业板指,1500.25,-0.508
2019-08-08,sz399006,创业板指,1522.97,1.5144
2019-08-09,sz399006,创业板指,1507.71,-1.002
2019-08-12,sz399006,创业板指,1539.91,2.1357
2019-08-13,sz399006,创业板指,1524.36,-1.0098
2019-08-14,sz399006,创业板指,1536.66,0.8069
2019-08-15,sz399006,创业板指,1555.77,1.2436
2019-08-16,sz399006,创业板指,1567.99,0.7855
2019-08-19,sz399006,创业板指,1622.84,3.4981
2019-08-20,sz399006,创业板指,1611.59,-0.6932
2019-08-21,sz399006,创业板指,1609.83,-0.1092
2019-08-22,sz399006,创业板指,1613.46,0.2255
2019-08-23,sz399006,创业板指,1615.56,0.1302
2019-08-26,sz399006,创业板指,1600.8,-0.9136
2019-08-27,sz399006,创业板指,1628.12,1.7066
2019-08-28,sz399006,创业板指,1625.19,-0.18
2019-08-29,sz399006,创业板指,1620.86,-0.2664
2019-08-30,sz399006,创业板指,1610.9,-0.6145
2019-09-02,sz399006,创业板指,1652.29,2.5694
2019-09-03,sz399006,创业板指,1660.43,0.4926
2019-09-04,sz399006,创业板指,1669.41,0.5408
2019-09-05,sz399006,创业板指,1689.05,1.1765
2019-09-06,sz399006,创业板指,1692.24,0.1889
2019-09-09,sz399006,创业板指,1733.23,2.4222
2019-09-10,sz399006,创业板指,1725.31,-0.457
2019-09-11,sz399006,创业板指,1703.54,-1.2618
2019-09-12,sz399006,创业板指,1710.57,0.4127
2019-09-16,sz399006,创业板指,1714.37,0.2221
2019-09-17,sz399006,创业板指,1677.99,-2.1221
2019-09-18,sz399006,创业板指,1679.31,0.0787
2019-09-19,sz399006,创业板指,1705.6,1.5655
2019-09-20,sz399006,创业板指,1705.05,-0.0322
2019-09-23,sz399006,创业板指,1684.32,-1.2158
2019-09-24,sz399006,创业板指,1694.6,0.6103
2019-09-25,sz399006,创业板指,1672.65,-1.2953
2019-09-26,sz399006,创业板指,1623.79,-2.9211
2019-09-27,sz399006,创业板指,1647.53,1.462
2019-09-30,sz399006,创业板指,1627.55,-1.2127
2019-10-08,sz399006,创业板指,1616.58,-0.674
2019-10-09,sz399006,创业板指,1622.42,0.3613
2019-10-10,sz399006,创业板指,1666.97,2.7459
2019-10-11,sz399006,创业板指,1666.84,-0.0078
2019-10-14,sz399006,创业板指,1679.38,0.7523
2019-10-15,sz399006,创业板指,1660.89,-1.101
2019-10-16,sz399006,创业板指,1656.37,-0.2721
2019-10-17,sz399006,创业板指,1658.26,0.1141
2019-10-18,sz399006,创业板指,1648.63,-0.5807
2019-10-21,sz399006,创业板指,1644.51,-0.2499
2019-10-22,sz399006,创业板指,1666.87,1.3597
2019-10-23,sz399006,创业板指,1650.29,-0.9947
2019-10-24,sz399006,创业板指,1653.87,0.2169
2019-10-25,sz399006,创业板指,1675.34,1.2982
2019-10-28,sz399006,创业板指,1704.42,1.7358
2019-10-29,sz399006,创业板指,1686.58,-1.0467
2019-10-30,sz399006,创业板指,1684.08,-0.1482
2019-10-31,sz399006,创业板指,1671.31,-0.7583
2019-11-01,sz399006,创业板指,1687.0,0.9388
2019-11-04,sz399006,创业板指,1699.92,0.7659
2019-11-05,sz399006,创业板指,1713.29,0.7865
2019-11-06,sz399006,创业板指,1703.02,-0.5994
2019-11-07,sz399006,创业板指,1715.58,0.7375
2019-11-08,sz399006,创业板指,1711.22,-0.2541
2019-11-11,sz399006,创业板指,1673.13,-2.2259
2019-11-12,sz399006,创业板指,1671.44,-0.101
2019-11-13,sz399006,创业板指,1681.79,0.6192
2019-11-14,sz399006,创业板指,1692.58,0.6416
2019-11-15,sz399006,创业板指,1674.78,-1.0516
2019-11-18,sz399006,创业板指,1682.49,0.4604
2019-11-19,sz399006,创业板指,1729.08,2.7691
2019-11-20,sz399006,创业板指,1719.67,-0.5442
2019-11-21,sz399006,创业板指,1713.2,-0.3762
2019-11-22,sz399006,创业板指,1679.8,-1.9496
2019-11-25,sz399006,创业板指,1661.77,-1.0733
2019-11-26,sz399006,创业板指,1679.08,1.0417
2019-11-27,sz399006,创业板指,1674.39,-0.2793
2019-11-28,sz399006,创业板指,1673.8,-0.0352
2019-11-29,sz399006,创业板指,1664.9,-0.5317
2019-12-02,sz399006,创业板指,1669.54,0.2787
2019-12-03,sz399006,创业板指,1675.39,0.3504
2019-12-04,sz399006,创业板指,1673.78,-0.0961
2019-12-05,sz399006,创业板指,1709.83,2.1538
2019-12-06,sz399006,创业板指,1726.8,0.9925
2019-12-09,sz399006,创业板指,1721.07,-0.3318
2019-12-10,sz399006,创业板指,1734.02,0.7524
2019-12-11,sz399006,创业板指,1718.26,-0.9089
2019-12-12,sz399006,创业板指,1720.99,0.1589
2019-12-13,sz399006,创业板指,1755.41,2.0
2019-12-16,sz399006,创业板指,1780.33,1.4196
2019-12-17,sz399006,创业板指,1801.62,1.1958
2019-12-18,sz399006,创业板指,1792.42,-0.5107
2019-12-19,sz399006,创业板指,1790.44,-0.1105
2019-12-20,sz399006,创业板指,1771.71,-1.0461
2019-12-23,sz399006,创业板指,1736.62,-1.9806
2019-12-24,sz399006,创业板指,1769.87,1.9146
2019-12-25,sz399006,创业板指,1784.4,0.821
2019-12-26,sz399006,创业板指,1793.64,0.5178
2019-12-27,sz399006,创业板指,1767.58,-1.4529
2019-12-30,sz399006,创业板指,1790.24,1.282
2019-12-31,sz399006,创业板指,1798.12,0.4402
2020-01-02,sz399006,创业板指,1832.74,1.9253
2020-01-03,sz399006,创业板指,1836.01,0.1784
2020-01-06,sz399006,创业板指,1859.92,1.3023
2020-01-07,sz399006,创业板指,1893.21,1.7899
2020-01-08,sz399006,创业板指,1862.7,-1.6115
2020-01-09,sz399006,创业板指,1913.14,2.7079
2020-01-10,sz399006,创业板指,1904.19,-0.4678
2020-01-13,sz399006,创业板指,1935.07,1.6217
2020-01-14,sz399006,创业板指,1922.56,-0.6465
2020-01-15,sz399006,创业板指,1924.24,0.0874
2020-01-16,sz399006,创业板指,1929.96,0.2973
2020-01-17,sz399006,创业板指,1932.51,0.1321
2020-01-20,sz399006,创业板指,1982.18,2.5702
2020-01-21,sz399006,创业板指,1967.03,-0.7643
2020-01-22,sz399006,创业板指,1993.9,1.366
2020-01-23,sz399006,创业板指,1927.74,-3.3181
2020-02-03,sz399006,创业板指,1795.77,-6.8458
2020-02-04,sz399006,创业板指,1882.69,4.8403
2020-02-05,sz399006,创业板指,1939.62,3.0239
2020-02-06,sz399006,创业板指,2012.25,3.7445
2020-02-07,sz399006,创业板指,2015.8,0.1764
2020-02-10,sz399006,创业板指,2042.18,1.3087
2020-02-11,sz399006,创业板指,2028.44,-0.6728
2020-02-12,sz399006,创业板指,2085.28,2.8022
2020-02-13,sz399006,创业板指,2064.6,-0.9917
2020-02-14,sz399006,创业板指,2069.22,0.2238
2020-02-17,sz399006,创业板指,2146.18,3.7193
2020-02-18,sz399006,创业板指,2170.95,1.1541
2020-02-19,sz399006,创业板指,2139.44,-1.4514
2020-02-20,sz399006,创业板指,2186.74,2.2109
2020-02-21,sz399006,创业板指,2226.64,1.8246
2020-02-24,sz399006,创业板指,2263.97,1.6765
2020-02-25,sz399006,创业板指,2287.31,1.0309
2020-02-26,sz399006,创业板指,2180.7,-4.6609
2020-02-27,sz399006,创业板指,2196.71,0.7342
2020-02-28,sz399006,创业板指,2071.57,-5.6967
2020-03-02,sz399006,创业板指,2135.42,3.0822
2020-03-03,sz399006,创业板指,2173.35,1.7762
2020-03-04,sz399006,创业板指,2169.44,-0.1799
2020-03-05,sz399006,创业板指,2209.59,1.8507
2020-03-06,sz399006,创业板指,2192.94,-0.7535
2020-03-09,sz399006,创业板指,2093.06,-4.5546
2020-03-10,sz399006,创业板指,2148.81,2.6636
2020-03-11,sz399006,创业板指,2101.46,-2.2035
2020-03-12,sz399006,创业板指,2045.93,-2.6424
2020-03-13,sz399006,创业板指,2030.58,-0.7503
2020-03-16,sz399006,创业板指,1910.77,-5.9003
2020-03-17,sz399006,创业板指,1917.7,0.3627
2020-03-18,sz399006,创业板指,1887.04,-1.5988
2020-03-19,sz399006,创业板指,1894.94,0.4186
2020-03-20,sz399006,创业板指,1915.05,1.0612
2020-03-23,sz399006,创业板指,1827.05,-4.5952
2020-03-24,sz399006,创业板指,1876.91,2.729
2020-03-25,sz399006,创业板指,1937.85,3.2468
2020-03-26,sz399006,创业板指,1927.28,-0.5454
2020-03-27,sz399006,创业板指,1903.88,-1.2141
2020-03-30,sz399006,创业板指,1860.48,-2.2796
2020-03-31,sz399006,创业板指,1871.92,0.6149
2020-04-01,sz399006,创业板指,1864.8,-0.3804
2020-04-02,sz399006,创业板指,1916.95,2.7965
2020-04-03,sz399006,创业板指,1906.67,-0.5363
2020-04-07,sz399006,创业板指,1969.78,3.31
2020-04-08,sz399006,创业板指,1964.76,-0.2549
2020-04-09,sz399006,创业板指,1997.14,1.648
2020-04-10,sz399006,创业板指,1949.88,-2.3664
2020-04-13,sz399006,创业板指,1923.08,-1.3744
2020-04-14,sz399006,创业板指,1985.43,3.2422
2020-04-15,sz399006,创业板指,1977.51,-0.3989
2020-04-16,sz399006,创业板指,2008.39,1.5616
2020-04-17,sz399006,创业板指,2020.77,0.6164
2020-04-20,sz399006,创业板指,2043.44,1.1218
2020-04-21,sz399006,创业板指,2023.94,-0.9543
2020-04-22,sz399006,创业板指,2043.17,0.9501
2020-04-23,sz399006,创业板指,2029.52,-0.6681
2020-04-24,sz399006,创业板指,2003.75,-1.2698
2020-04-27,sz399006,创业板指,2018.67,0.7446
2020-04-28,sz399006,创业板指,2030.72,0.5969
2020-04-29,sz399006,创业板指,2030.48,-0.0118
2020-04-30,sz399006,创业板指,2069.43,1.9183
2020-05-06,sz399006,创业板指,2110.27,1.9735
2020-05-07,sz399006,创业板指,2106.84,-0.1625
2020-05-08,sz399006,创业板指,2125.24,0.8733
2020-05-11,sz399006,创业板指,2102.83,-1.0545
2020-05-12,sz399006,创业板指,2124.15,1.0139
2020-05-13,sz399006,创业板指,2140.68,0.7782
2020-05-14,sz399006,创业板指,2117.65,-1.0758
2020-05-15,sz399006,创业板指,2124.31,0.3145
2020-05-18,sz399006,创业板指,2114.86,-0.4449
2020-05-19,sz399006,创业板指,2144.12,1.3835
2020-05-20,sz399006,创业板指,2118.12,-1.2126
2020-05-21,sz399006,创业板指,2099.43,-0.8824
2020-05-22,sz399006,创业板指,2046.6,-2.5164
2020-05-25,sz399006,创业板指,2052.3,0.2785
2020-05-26,sz399006,创业板指,2112.97,2.9562
2020-05-27,sz399006,创业板指,2071.47,-1.9641
2020-05-28,sz399006,创业板指,2054.96,-0.797
2020-05-29,sz399006,创业板指,2086.67,1.5431
2020-06-01,sz399006,创业板指,2158.22,3.4289
2020-06-02,sz399006,创业板指,2145.29,-0.5991
2020-06-03,sz399006,创业板指,2143.12,-0.1012
2020-06-04,sz399006,创业板指,2151.39,0.3859
2020-06-05,sz399006,创业板指,2166.38,0.6968
2020-06-08,sz399006,创业板指,2153.56,-0.5918
2020-06-09,sz399006,创业板指,2181.59,1.3016
2020-06-10,sz399006,创业板指,2201.99,0.9351
2020-06-11,sz399006,创业板指,2195.64,-0.2884
2020-06-12,sz399006,创业板指,2206.76,0.5065
2020-06-15,sz399006,创业板指,2219.55,0.5796
2020-06-16,sz399006,创业板指,2260.46,1.8432
2020-06-17,sz399006,创业板指,2263.96,0.1548
2020-06-18,sz399006,创业板指,2266.03,0.0914
2020-06-19,sz399006,创业板指,2319.45,2.3574
2020-06-22,sz399006,创业板指,2342.88,1.0102
2020-06-23,sz399006,创业板指,2382.05,1.6719
2020-06-24,sz399006,创业板指,2382.47,0.0176
2020-06-29,sz399006,创业板指,2372.54,-0.4168
2020-06-30,sz399006,创业板指,2438.2,2.7675
2020-07-01,sz399006,创业板指,2419.63,-0.7616
2020-07-02,sz399006,创业板指,2424.39,0.1967
2020-07-03,sz399006,创业板指,2462.56,1.5744
2020-07-06,sz399006,创业板指,2529.49,2.7179
2020-07-07,sz399006,创业板指,2591.26,2.442
2020-07-08,sz399006,创业板指,2651.97,2.3429
2020-07-09,sz399006,创业板指,2757.65,3.985
2020-07-10,sz399006,创业板指,2778.46,0.7546
2020-07-13,sz399006,创业板指,2889.43,3.9939
2020-07-14,sz399006,创业板指,2858.67,-1.0646
2020-07-15,sz399006,创业板指,2813.06,-1.5955
2020-07-16,sz399006,创业板指,2646.26,-5.9295
2020-07-17,sz399006,创业板指,2662.4,0.6099
2020-07-20,sz399006,创业板指,2697.3,1.3108
2020-07-21,sz399006,创业板指,2736.51,1.4537
2020-07-22,sz399006,创业板指,2769.03,1.1884
2020-07-23,sz399006,创业板指,2799.67,1.1065
2020-07-24,sz399006,创业板指,2627.84,-6.1375
2020-07-27,sz399006,创业板指,2631.76,0.1492
2020-07-28,sz399006,创业板指,2666.52,1.3208
2020-07-29,sz399006,创业板指,2767.4,3.7832
2020-07-30,sz399006,创业板指,2743.63,-0.8589
2020-07-31,sz399006,创业板指,2795.4,1.8869
2020-08-03,sz399006,创业板指,2868.88,2.6286
2020-08-04,sz399006,创业板指,2832.84,-1.2562
2020-08-05,sz399006,创业板指,2860.24,0.9672
2020-08-06,sz399006,创业板指,2814.37,-1.6037
2020-08-07,sz399006,创业板指,2749.95,-2.289
2020-08-10,sz399006,创业板指,2735.26,-0.5342
2020-08-11,sz399006,创业板指,2688.7,-1.7022
2020-08-12,sz399006,创业板指,2635.5,-1.9787
2020-08-13,sz399006,创业板指,2622.64,-0.488
2020-08-14,sz399006,创业板指,2668.71,1.7566
2020-08-17,sz399006,创业板指,2696.39,1.0372
2020-08-18,sz399006,创业板指,2701.06,0.1732
2020-08-19,sz399006,创业板指,2612.84,-3.2661
2020-08-20,sz399006,创业板指,2587.86,-0.956
2020-08-21,sz399006,创业板指,2632.45,1.723
2020-08-24,sz399006,创业板指,2684.63,1.9822
2020-08-25,sz399006,创业板指,2701.6,0.6321
2020-08-26,sz399006,创业板指,2644.14,-2.1269
2020-08-27,sz399006,创业板指,2689.17,1.703
2020-08-28,sz399006,创业板指,2757.84,2.5536
2020-08-31,sz399006,创业板指,2728.31,-1.0708
2020-09-01,sz399006,创业板指,2750.42,0.8104
2020-09-02,sz399006,创业板指,2771.85,0.7792
2020-09-03,sz399006,创业板指,2746.95,-0.8983
2020-09-04,sz399006,创业板指,2732.15,-0.5388
2020-09-07,sz399006,创业板指,2641.2,-3.3289
2020-09-08,sz399006,创业板指,2650.63,0.357
2020-09-09,sz399006,创业板指,2523.4,-4.8
2020-09-10,sz399006,创业板指,2483.03,-1.5998
2020-09-11,sz399006,创业板指,2536.62,2.1583
2020-09-14,sz399006,创业板指,2572.6,1.4184
2020-09-15,sz399006,创业板指,2595.15,0.8765
2020-09-16,sz399006,创业板指,2554.8,-1.5548
2020-09-17,sz399006,创业板指,2557.32,0.0986
2020-09-18,sz399006,创业板指,2596.08,1.5156
2020-09-21,sz399006,创业板指,2569.22,-1.0346
2020-09-22,sz399006,创业板指,2555.54,-0.5325
2020-09-23,sz399006,创业板指,2599.88,1.7351
2020-09-24,sz399006,创业板指,2535.87,-2.462
2020-09-25,sz399006,创业板指,2540.43,0.1798
2020-09-28,sz399006,创业板指,2521.25,-0.755
2020-09-29,sz399006,创业板指,2563.38,1.671
2020-09-30,sz399006,创业板指,2574.76,0.4439
2020-10-09,sz399006,创业板指,2672.93,3.8128
2020-10-12,sz399006,创业板指,2777.39,3.9081
2020-10-13,sz399006,创业板指,2784.72,0.2639
2020-10-14,sz399006,创业板指,2764.24,-0.7354
2020-10-15,sz399006,创业板指,2737.96,-0.9507
2020-10-16,sz399006,创业板指,2724.5,-0.4916
2020-10-19,sz399006,创业板指,2689.67,-1.2784
2020-10-20,sz399006,创业板指,2740.58,1.8928
2020-10-21,sz399006,创业板指,2700.53,-1.4614
2020-10-22,sz399006,创业板指,2673.59,-0.9976
2020-10-23,sz399006,创业板指,2600.84,-2.7211
2020-10-26,sz399006,创业板指,2617.74,0.6498
2020-10-27,sz399006,创业板指,2650.76,1.2614
2020-10-28,sz399006,创业板指,2670.48,0.7439
2020-10-29,sz399006,创业板指,2699.92,1.1024
2020-10-30,sz399006,创业板指,2655.86,-1.6319
2020-11-02,sz399006,创业板指,2708.39,1.9779
2020-11-03,sz399006,创业板指,2744.31,1.3262
2020-11-04,sz399006,创业板指,2750.55,0.2274
2020-11-05,sz399006,创业板指,2787.88,1.3572
2020-11-06,sz399006,创业板指,2733.07,-1.966
2020-11-09,sz399006,创业板指,2814.0,2.9611
2020-11-10,sz399006,创业板指,2773.22,-1.4492
2020-11-11,sz399006,创业板指,2681.52,-3.3066
2020-11-12,sz399006,创业板指,2700.51,0.7082
2020-11-13,sz399006,创业板指,2706.81,0.2333
2020-11-16,sz399006,创业板指,2712.41,0.2069
2020-11-17,sz399006,创业板指,2658.09,-2.0026
2020-11-18,sz399006,创业板指,2620.67,-1.4078
2020-11-19,sz399006,创业板指,2645.16,0.9345
2020-11-20,sz399006,创业板指,2667.09,0.8291
2020-11-23,sz399006,创业板指,2686.36,0.7225
2020-11-24,sz399006,创业板指,2674.8,-0.4303
2020-11-25,sz399006,创业板指,2615.53,-2.2159
2020-11-26,sz399006,创业板指,2609.39,-0.2348
2020-11-27,sz399006,创业板指,2618.99,0.3679
2020-11-30,sz399006,创业板指,2631.89,0.4926
2020-12-01,sz399006,创业板指,2698.44,2.5286
2020-12-02,sz399006,创业板指,2682.97,-0.5733
2020-12-03,sz399006,创业板指,2712.52,1.1014
2020-12-04,sz399006,创业板指,2730.84,0.6754
2020-12-07,sz399006,创业板指,2726.48,-0.1597
2020-12-08,sz399006,创业板指,2746.28,0.7262
2020-12-09,sz399006,创业板指,2697.83,-1.7642
2020-12-10,sz399006,创业板指,2718.55,0.768
2020-12-11,sz399006,创业板指,2687.78,-1.1319
2020-12-14,sz399006,创业板指,2726.6,1.4443
2020-12-15,sz399006,创业板指,2758.85,1.1828
2020-12-16,sz399006,创业板指,2760.64,0.0649
2020-12-17,sz399006,创业板指,2785.62,0.9049
2020-12-18,sz399006,创业板指,2780.73,-0.1755
2020-12-21,sz399006,创业板指,2882.44,3.6577
2020-12-22,sz399006,创业板指,2811.75,-2.4524
2020-12-23,sz399006,创业板指,2842.97,1.1103
2020-12-24,sz399006,创业板指,2820.75,-0.7816
2020-12-25,sz399006,创业板指,2840.8,0.7108
2020-12-28,sz399006,创业板指,2842.81,0.0708
2020-12-29,sz399006,创业板指,2813.0,-1.0486
2020-12-30,sz399006,创业板指,2900.54,3.112
2020-12-31,sz399006,创业板指,2966.26,2.2658
2021-01-04,sz399006,创业板指,3078.11,3.7707
2021-01-05,sz399006,创业板指,3097.98,0.6455
2021-01-06,sz399006,创业板指,3115.09,0.5523
2021-01-07,sz399006,创业板指,3162.4,1.5187
2021-01-08,sz399006,创业板指,3150.78,-0.3674
2021-01-11,sz399006,创业板指,3092.86,-1.8383
2021-01-12,sz399006,创业板指,3180.35,2.8288
2021-01-13,sz399006,创业板指,3130.3,-1.5737
2021-01-14,sz399006,创业板指,3089.18,-1.3136
2021-01-15,sz399006,创业板指,3089.94,0.0246
2021-01-18,sz399006,创业板指,3149.2,1.9178
2021-01-19,sz399006,创业板指,3084.49,-2.0548
2021-01-20,sz399006,创业板指,3204.93,3.9047
2021-01-21,sz399006,创业板指,3283.72,2.4584
2021-01-22,sz399006,创业板指,3358.24,2.2694
2021-01-25,sz399006,创业板指,3355.24,-0.0893
2021-01-26,sz399006,创业板指,3258.36,-2.8874
2021-01-27,sz399006,创业板指,3281.03,0.6957
2021-01-28,sz399006,创业板指,3161.86,-3.6321
2021-01-29,sz399006,创业板指,3128.87,-1.0434
2021-02-01,sz399006,创业板指,3159.99,0.9946
2021-02-02,sz399006,创业板指,3228.7,2.1744
2021-02-03,sz399006,创业板指,3223.77,-0.1527
2021-02-04,sz399006,创业板指,3200.55,-0.7203
2021-02-05,sz399006,创业板指,3193.71,-0.2137
2021-02-08,sz399006,创业板指,3278.06,2.6411
2021-02-09,sz399006,创业板指,3334.24,1.7138
2021-02-10,sz399006,创业板指,3413.81,2.3865
2021-02-18,sz399006,创业板指,3320.14,-2.7439
2021-02-19,sz399006,创业板指,3285.53,-1.0424
2021-02-22,sz399006,创业板指,3138.67,-4.4699
2021-02-23,sz399006,创业板指,3112.36,-0.8383
2021-02-24,sz399006,创业板指,3007.46,-3.3704
2021-02-25,sz399006,创业板指,2977.18,-1.0068
2021-02-26,sz399006,创业板指,2914.11,-2.1184
2021-03-01,sz399006,创业板指,2994.75,2.7672
2021-03-02,sz399006,创业板指,2966.89,-0.9303
2021-03-03,sz399006,创业板指,2997.75,1.0401
2021-03-04,sz399006,创业板指,2851.87,-4.8663
2021-03-05,sz399006,创业板指,2871.97,0.7048
2021-03-08,sz399006,创业板指,2728.84,-4.9837
2021-03-09,sz399006,创业板指,2633.45,-3.4956
2021-03-10,sz399006,创业板指,2676.7,1.6423
2021-03-11,sz399006,创业板指,2746.58,2.6107
2021-03-12,sz399006,创业板指,2756.81,0.3725
2021-03-15,sz399006,创业板指,2644.01,-4.0917
2021-03-16,sz399006,创业板指,2672.12,1.0632
2021-03-17,sz399006,创业板指,2704.14,1.1983
2021-03-18,sz399006,创业板指,2748.73,1.649
2021-03-19,sz399006,创业板指,2671.52,-2.8089
2021-03-22,sz399006,创业板指,2698.26,1.0009
2021-03-23,sz399006,创业板指,2668.08,-1.1185
2021-03-24,sz399006,创业板指,2634.61,-1.2545
2021-03-25,sz399006,创业板指,2656.0,0.8119
2021-03-26,sz399006,创业板指,2745.4,3.366
2021-03-29,sz399006,创业板指,2733.96,-0.4167
2021-03-30,sz399006,创业板指,2771.32,1.3665
2021-03-31,sz399006,创业板指,2758.5,-0.4626
2021-04-01,sz399006,创业板指,2815.41,2.0631
2021-04-02,sz399006,创业板指,2852.23,1.3078
2021-04-06,sz399006,创业板指,2831.6,-0.7233
2021-04-07,sz399006,创业板指,2807.2,-0.8617
2021-04-08,sz399006,创业板指,2826.99,0.705
2021-04-09,sz399006,创业板指,2783.33,-1.5444
2021-04-12,sz399006,创业板指,2719.95,-2.2771
2021-04-13,sz399006,创业板指,2742.85,0.8419
2021-04-14,sz399006,创业板指,2804.41,2.2444
2021-04-15,sz399006,创业板指,2790.64,-0.491
2021-04-16,sz399006,创业板指,2783.37,-0.2605
2021-04-19,sz399006,创业板指,2898.73,4.1446
2021-04-20,sz399006,创业板指,2896.11,-0.0904
2021-04-21,sz399006,创业板指,2916.97,0.7203
2021-04-22,sz399006,创业板指,2939.4,0.7689
2021-04-23,sz399006,创业板指,2994.49,1.8742
2021-04-26,sz399006,创业板指,2969.4,-0.8379
2021-04-27,sz399006,创业板指,2986.03,0.56
2021-04-28,sz399006,创业板指,3050.58,2.1617
2021-04-29,sz399006,创业板指,3051.42,0.0275
2021-04-30,sz399006,创业板指,3091.4,1.3102
2021-05-06,sz399006,创业板指,3014.81,-2.4775
2021-05-07,sz399006,创业板指,2910.41,-3.4629
2021-05-10,sz399006,创业板指,2921.72,0.3886
2021-05-11,sz399006,创业板指,2921.34,-0.013
2021-05-12,sz399006,创业板指,2960.36,1.3357
2021-05-13,sz399006,创业板指,2943.62,-0.5655
2021-05-14,sz399006,创业板指,3033.81,3.0639
2021-05-17,sz399006,创业板指,3112.74,2.6017
2021-05-18,sz399006,创业板指,3090.12,-0.7267
2021-05-19,sz399006,创业板指,3114.72,0.7961
2021-05-20,sz399006,创业板指,3143.62,0.9279
2021-05-21,sz399006,创业板指,3113.26,-0.9658
2021-05-24,sz399006,创业板指,3139.69,0.8489
2021-05-25,sz399006,创业板指,3227.36,2.7923
2021-05-26,sz399006,创业板指,3196.85,-0.9454
2021-05-27,sz399006,创业板指,3226.11,0.9153
2021-05-28,sz399006,创业板指,3232.29,0.1916
2021-05-31,sz399006,创业板指,3309.07,2.3754
2021-06-01,sz399006,创业板指,3300.16,-0.2693
2021-06-02,sz399006,创业板指,3243.02,-1.7314
2021-06-03,sz399006,创业板指,3201.78,-1.2717
2021-06-04,sz399006,创业板指,3242.61,1.2752
2021-06-07,sz399006,创业板指,3228.24,-0.4432
2021-06-08,sz399006,创业板指,3208.57,-0.6093
2021-06-09,sz399006,创业板指,3207.63,-0.0293
2021-06-10,sz399006,创业板指,3285.51,2.428
2021-06-11,sz399006,创业板指,3298.5,0.3954
2021-06-15,sz399006,创业板指,3262.19,-1.1008
2021-06-16,sz399006,创业板指,3125.7,-4.184
2021-06-17,sz399006,创业板指,3188.59,2.012
2021-06-18,sz399006,创业板指,3239.23,1.5882
2021-06-21,sz399006,创业板指,3270.58,0.9678
2021-06-22,sz399006,创业板指,3281.99,0.3489
2021-06-23,sz399006,创业板指,3318.95,1.1261
2021-06-24,sz399006,创业板指,3279.16,-1.1989
2021-06-25,sz399006,创业板指,3347.7,2.0902
2021-06-28,sz399006,创业板指,3412.86,1.9464
2021-06-29,sz399006,创业板指,3406.24,-0.194
2021-06-30,sz399006,创业板指,3477.18,2.0826
2021-07-01,sz399006,创业板指,3455.36,-0.6275
2021-07-02,sz399006,创业板指,3333.9,-3.5151
2021-07-05,sz399006,创业板指,3352.12,0.5465
2021-07-06,sz399006,创业板指,3291.99,-1.7938
2021-07-07,sz399006,创业板指,3409.59,3.5723
2021-07-08,sz399006,创业板指,3432.96,0.6854
2021-07-09,sz399006,创业板指,3409.31,-0.6889
2021-07-12,sz399006,创业板指,3534.76,3.6796
2021-07-13,sz399006,创业板指,3514.98,-0.5596
2021-07-14,sz399006,创业板指,3488.63,-0.7496
2021-07-15,sz399006,创业板指,3537.39,1.3977
2021-07-16,sz399006,创业板指,3432.65,-2.9609
2021-07-19,sz399006,创业板指,3449.53,0.4917
2021-07-20,sz399006,创业板指,3463.79,0.4134
2021-07-21,sz399006,创业板指,3560.05,2.779
2021-07-22,sz399006,创业板指,3544.44,-0.4385
2021-07-23,sz399006,创业板指,3469.87,-2.1039
2021-07-26,sz399006,创业板指,3371.23,-2.8428
2021-07-27,sz399006,创业板指,3232.84,-4.105
2021-07-28,sz399006,创业板指,3284.92,1.611
2021-07-29,sz399006,创业板指,3459.72,5.3213
2021-07-30,sz399006,创业板指,3440.18,-0.5648
2021-08-02,sz399006,创业板指,3493.36,1.5458
2021-08-03,sz399006,创业板指,3477.23,-0.4617
2021-08-04,sz399006,创业板指,3563.13,2.4704
2021-08-05,sz399006,创业板指,3532.5,-0.8596
2021-08-06,sz399006,创业板指,3490.9,-1.1776
2021-08-09,sz399006,创业板指,3456.75,-0.9783
2021-08-10,sz399006,创业板指,3468.67,0.3448
2021-08-11,sz399006,创业板指,3437.06,-0.9113
2021-08-12,sz399006,创业板指,3386.43,-1.4731
2021-08-13,sz399006,创业板指,3345.13,-1.2196
2021-08-16,sz399006,创业板指,3301.39,-1.3076
2021-08-17,sz399006,创业板指,3224.15,-2.3396
2021-08-18,sz399006,创业板指,3248.37,0.7512
2021-08-19,sz399006,创业板指,3278.36,0.9232
2021-08-20,sz399006,创业板指,3192.9,-2.6068
2021-08-23,sz399006,创业板指,3293.77,3.1592
2021-08-24,sz399006,创业板指,3330.58,1.1176
2021-08-25,sz399006,创业板指,3348.66,0.5428
2021-08-26,sz399006,创业板指,3264.45,-2.5147
2021-08-27,sz399006,创业板指,3257.07,-0.2261
2021-08-30,sz399006,创业板指,3271.8,0.4522
2021-08-31,sz399006,创业板指,3214.12,-1.7629
2021-09-01,sz399006,创业板指,3186.85,-0.8484
2021-09-02,sz399006,创业板指,3138.8,-1.5078
2021-09-03,sz399006,创业板指,3102.15,-1.1676
2021-09-06,sz399006,创业板指,3228.09,4.0598
2021-09-07,sz399006,创业板指,3251.49,0.7249
2021-09-08,sz399006,创业板指,3219.95,-0.97
2021-09-09,sz399006,创业板指,3221.94,0.0618
2021-09-10,sz399006,创业板指,3232.01,0.3125
2021-09-13,sz399006,创业板指,3194.27,-1.1677
2021-09-14,sz399006,创业板指,3236.55,1.3236
2021-09-15,sz399006,创业板指,3200.4,-1.1169
2021-09-16,sz399006,创业板指,3128.84,-2.236
2021-09-17,sz399006,创业板指,3193.26,2.0589
2021-09-22,sz399006,创业板指,3164.33,-0.906
2021-09-23,sz399006,创业板指,3182.47,0.5733
2021-09-24,sz399006,创业板指,3207.82,0.7966
2021-09-27,sz399006,创业板指,3231.58,0.7407
2021-09-28,sz399006,创业板指,3211.45,-0.6229
2021-09-29,sz399006,创业板指,3175.15,-1.1303
2021-09-30,sz399006,创业板指,3244.65,2.1889
2021-10-08,sz399006,创业板指,3243.2,-0.0447
2021-10-11,sz399006,创业板指,3196.19,-1.4495
2021-10-12,sz399006,创业板指,3138.26,-1.8125
2021-10-13,sz399006,创业板指,3210.16,2.2911
2021-10-14,sz399006,创业板指,3215.74,0.1738
2021-10-15,sz399006,创业板指,3276.32,1.8839
2021-10-18,sz399006,创业板指,3276.48,0.0049
2021-10-19,sz399006,创业板指,3297.29,0.6351
2021-10-20,sz399006,创业板指,3285.12,-0.3691
2021-10-21,sz399006,创业板指,3279.49,-0.1714
2021-10-22,sz399006,创业板指,3284.91,0.1653
2021-10-25,sz399006,创业板指,3338.62,1.6351
2021-10-26,sz399006,创业板指,3327.54,-0.3319
2021-10-27,sz399006,创业板指,3308.96,-0.5584
2021-10-28,sz399006,创业板指,3278.36,-0.9248
2021-10-29,sz399006,创业板指,3350.67,2.2057
2021-11-01,sz399006,创业板指,3331.91,-0.5599
2021-11-02,sz399006,创业板指,3339.6,0.2308
2021-11-03,sz399006,创业板指,3327.09,-0.3746
2021-11-04,sz399006,创业板指,3362.25,1.0568
2021-11-05,sz399006,创业板指,3352.75,-0.2825
2021-11-08,sz399006,创业板指,3380.29,0.8214
2021-11-09,sz399006,创业板指,3409.94,0.8771
2021-11-10,sz399006,创业板指,3399.66,-0.3015
2021-11-11,sz399006,创业板指,3433.24,0.9877
2021-11-12,sz399006,创业板指,3430.14,-0.0903
2021-11-15,sz399006,创业板指,3401.87,-0.8242
2021-11-16,sz399006,创业板指,3393.71,-0.2399
2021-11-17,sz399006,创业板指,3421.33,0.8139
2021-11-18,sz399006,创业板指,3383.91,-1.0937
2021-11-19,sz399006,创业板指,3418.96,1.0358
2021-11-22,sz399006,创业板指,3505.73,2.5379
2021-11-23,sz399006,创业板指,3492.77,-0.3697
2021-11-24,sz399006,创业板指,3478.66,-0.404
2021-11-25,sz399006,创业板指,3474.45,-0.121
2021-11-26,sz399006,创业板指,3468.87,-0.1606
2021-11-29,sz399006,创业板指,3503.41,0.9957
2021-11-30,sz399006,创业板指,3495.59,-0.2232
2021-12-01,sz399006,创业板指,3473.37,-0.6357
2021-12-02,sz399006,创业板指,3466.91,-0.186
2021-12-03,sz399006,创业板指,3478.67,0.3392
2021-12-06,sz399006,创业板指,3405.93,-2.091
2021-12-07,sz399006,创业板指,3368.78,-1.0907
2021-12-08,sz399006,创业板指,3424.7,1.6599
2021-12-09,sz399006,创业板指,3459.32,1.0109
2021-12-10,sz399006,创业板指,3466.8,0.2162
2021-12-13,sz399006,创业板指,3496.96,0.87
2021-12-14,sz399006,创业板指,3495.06,-0.0543
2021-12-15,sz399006,创业板指,3464.76,-0.8669
2021-12-16,sz399006,创业板指,3490.45,0.7415
2021-12-17,sz399006,创业板指,3434.34,-1.6075
2021-12-20,sz399006,创业板指,3332.61,-2.9621
2021-12-21,sz399006,创业板指,3350.43,0.5347
2021-12-22,sz399006,创业板指,3368.7,0.5453
2021-12-23,sz399006,创业板指,3373.7,0.1484
2021-12-24,sz399006,创业板指,3297.11,-2.2702
2021-12-27,sz399006,创业板指,3293.81,-0.1001
2021-12-28,sz399006,创业板指,3328.56,1.055
2021-12-29,sz399006,创业板指,3281.9,-1.4018
2021-12-30,sz399006,创业板指,3322.79,1.2459
2021-12-31,sz399006,创业板指,3322.67,-0.0036
2022-01-04,sz399006,创业板指,3250.16,-2.1823
2022-01-05,sz399006,创业板指,3161.51,-2.7276
2022-01-06,sz399006,创业板指,3127.48,-1.0764
2022-01-07,sz399006,创业板指,3096.88,-0.9784
2022-01-10,sz399006,创业板指,3095.69,-0.0384
2022-01-11,sz399006,创业板指,3056.15,-1.2773
2022-01-12,sz399006,创业板指,3136.69,2.6353
2022-01-13,sz399006,创业板指,3083.14,-1.7072
2022-01-14,sz399006,创业板指,3119.41,1.1764
2022-01-17,sz399006,创业板指,3170.41,1.6349
2022-01-18,sz399006,创业板指,3144.33,-0.8226
2022-01-19,sz399006,创业板指,3075.98,-2.1738
2022-01-20,sz399006,创业板指,3065.99,-0.3248
2022-01-21,sz399006,创业板指,3034.68,-1.0212
2022-01-24,sz399006,创业板指,3056.43,0.7167
2022-01-25,sz399006,创业板指,2974.96,-2.6655
2022-01-26,sz399006,创业板指,3004.41,0.9899
2022-01-27,sz399006,创业板指,2906.76,-3.2502
2022-01-28,sz399006,创业板指,2908.94,0.075
2022-02-07,sz399006,创业板指,2917.86,0.3066
2022-02-08,sz399006,创业板指,2846.48,-2.4463
2022-02-09,sz399006,创业板指,2883.6,1.3041
2022-02-10,sz399006,创业板指,2826.52,-1.9795
2022-02-11,sz399006,创业板指,2746.38,-2.8353
2022-02-14,sz399006,创业板指,2732.01,-0.5232
2022-02-15,sz399006,创业板指,2816.44,3.0904
2022-02-16,sz399006,创业板指,2818.4,0.0696
2022-02-17,sz399006,创业板指,2839.83,0.7604
2022-02-18,sz399006,创业板指,2826.81,-0.4585
2022-02-21,sz399006,创业板指,2804.6,-0.7857
2022-02-22,sz399006,创业板指,2765.91,-1.3795
2022-02-23,sz399006,创业板指,2843.87,2.8186
2022-02-24,sz399006,创业板指,2783.9,-2.1087
2022-02-25,sz399006,创业板指,2855.8,2.5827
2022-02-28,sz399006,创业板指,2881.31,0.8933
2022-03-01,sz399006,创业板指,2885.79,0.1555
2022-03-02,sz399006,创业板指,2834.64,-1.7725
2022-03-03,sz399006,创业板指,2791.95,-1.506
2022-03-04,sz399006,创业板指,2748.64,-1.5512
2022-03-07,sz399006,创业板指,2630.37,-4.3029
2022-03-08,sz399006,创业板指,2582.99,-1.8013
2022-03-09,sz399006,创业板指,2566.72,-0.6299
2022-03-10,sz399006,创业板指,2635.19,2.6676
2022-03-11,sz399006,创业板指,2665.46,1.1487
2022-03-14,sz399006,创业板指,2570.45,-3.5645
2022-03-15,sz399006,创业板指,2504.78,-2.5548
2022-03-16,sz399006,创业板指,2635.08,5.2021
2022-03-17,sz399006,创业板指,2710.73,2.8709
2022-03-18,sz399006,创业板指,2713.79,0.1129
2022-03-21,sz399006,创业板指,2726.18,0.4566
2022-03-22,sz399006,创业板指,2688.23,-1.3921
2022-03-23,sz399006,创业板指,2715.95,1.0312
2022-03-24,sz399006,创业板指,2706.21,-0.3586
2022-03-25,sz399006,创业板指,2637.94,-2.5227
2022-03-28,sz399006,创业板指,2594.13,-1.6608
2022-03-29,sz399006,创业板指,2592.67,-0.0563
2022-03-30,sz399006,创业板指,2696.83,4.0175
2022-03-31,sz399006,创业板指,2659.49,-1.3846
2022-04-01,sz399006,创业板指,2666.97,0.2813
2022-04-06,sz399006,创业板指,2633.91,-1.2396
2022-04-07,sz399006,创业板指,2578.53,-2.1026
2022-04-08,sz399006,创业板指,2569.91,-0.3343
2022-04-11,sz399006,创业板指,2462.04,-4.1974
2022-04-12,sz399006,创业板指,2523.69,2.504
2022-04-13,sz399006,创业板指,2466.84,-2.2527
2022-04-14,sz399006,创业板指,2466.29,-0.0223
2022-04-15,sz399006,创业板指,2460.36,-0.2404
2022-04-18,sz399006,创业板指,2487.77,1.1141
2022-04-19,sz399006,创业板指,2453.55,-1.3755
2022-04-20,sz399006,创业板指,2363.65,-3.6641
2022-04-21,sz399006,创业板指,2312.46,-2.1657
2022-04-22,sz399006,创业板指,2296.6,-0.6858
2022-04-25,sz399006,创业板指,2169.0,-5.556
2022-04-26,sz399006,创业板指,2150.51,-0.8525
2022-04-27,sz399006,创业板指,2269.17,5.5178
2022-04-28,sz399006,创业板指,2227.65,-1.8297
2022-04-29,sz399006,创业板指,2319.14,4.107
2022-05-05,sz399006,创业板指,2288.4,-1.3255
2022-05-06,sz399006,创业板指,2244.97,-1.8978
2022-05-09,sz399006,创业板指,2228.07,-0.7528
2022-05-10,sz399006,创业板指,2276.35,2.1669
2022-05-11,sz399006,创业板指,2346.15,3.0663
2022-05-12,sz399006,创业板指,2351.27,0.2182
2022-05-13,sz399006,创业板指,2358.16,0.293
2022-05-16,sz399006,创业板指,2331.23,-1.142
2022-05-17,sz399006,创业板指,2369.09,1.624
2022-05-18,sz399006,创业板指,2365.38,-0.1566
2022-05-19,sz399006,创业板指,2377.13,0.4967
2022-05-20,sz399006,创业板指,2417.35,1.692
2022-05-23,sz399006,创业板指,2410.12,-0.2991
2022-05-24,sz399006,创业板指,2318.07,-3.8193
2022-05-25,sz399006,创业板指,2325.6,0.3248
2022-05-26,sz399006,创业板指,2321.13,-0.1922
2022-05-27,sz399006,创业板指,2322.48,0.0582
2022-05-30,sz399006,创业板指,2350.38,1.2013
2022-05-31,sz399006,创业板指,2405.08,2.3273
2022-06-01,sz399006,创业板指,2428.96,0.9929
2022-06-02,sz399006,创业板指,2458.26,1.2063
2022-06-06,sz399006,创业板指,2554.66,3.9215
2022-06-07,sz399006,创业板指,2554.63,-0.0012
2022-06-08,sz399006,创业板指,2576.34,0.8498
2022-06-09,sz399006,创业板指,2500.21,-2.955
2022-06-10,sz399006,创业板指,2556.47,2.2502
2022-06-13,sz399006,创业板指,2546.49,-0.3904
2022-06-14,sz399006,创业板指,2548.31,0.0715
2022-06-15,sz399006,创业板指,2575.09,1.0509
2022-06-16,sz399006,创业板指,2585.47,0.4031
2022-06-17,sz399006,创业板指,2657.21,2.7747
2022-06-20,sz399006,创业板指,2710.14,1.9919
2022-06-21,sz399006,创业板指,2692.98,-0.6332
2022-06-22,sz399006,创业板指,2677.29,-0.5826
2022-06-23,sz399006,创业板指,2760.1,3.0931
2022-06-24,sz399006,创业板指,2824.44,2.3311
2022-06-27,sz399006,创业板指,2830.6,0.2181
2022-06-28,sz399006,创业板指,2840.42,0.3469
2022-06-29,sz399006,创业板指,2768.61,-2.5281
2022-06-30,sz399006,创业板指,2810.6,1.5166
2022-07-01,sz399006,创业板指,2781.94,-1.0197
2022-07-04,sz399006,创业板指,2834.69,1.8962
2022-07-05,sz399006,创业板指,2825.13,-0.3373
2022-07-06,sz399006,创业板指,2802.72,-0.7932
2022-07-07,sz399006,创业板指,2849.71,1.6766
2022-07-08,sz399006,创业板指,2817.64,-1.1254
2022-07-11,sz399006,创业板指,2767.46,-1.7809
2022-07-12,sz399006,创业板指,2702.69,-2.3404
2022-07-13,sz399006,创业板指,2746.86,1.6343
2022-07-14,sz399006,创业板指,2819.13,2.631
2022-07-15,sz399006,创业板指,2760.5,-2.0797
2022-07-18,sz399006,创业板指,2800.36,1.4439
2022-07-19,sz399006,创业板指,2750.87,-1.7673
2022-07-20,sz399006,创业板指,2765.16,0.5195
2022-07-21,sz399006,创业板指,2751.41,-0.4973
2022-07-22,sz399006,创业板指,2737.31,-0.5125
2022-07-25,sz399006,创业板指,2704.95,-1.1822
2022-07-26,sz399006,创业板指,2713.46,0.3146
2022-07-27,sz399006,创业板指,2714.25,0.0291
2022-07-28,sz399006,创业板指,2705.9,-0.3076
2022-07-29,sz399006,创业板指,2670.45,-1.3101
2022-08-01,sz399006,创业板指,2733.74,2.37
2022-08-02,sz399006,创业板指,2678.62,-2.0163
2022-08-03,sz399006,创业板指,2628.82,-1.8592
2022-08-04,sz399006,创业板指,2640.78,0.455
2022-08-05,sz399006,创业板指,2683.6,1.6215
2022-08-08,sz399006,创业板指,2675.69,-0.2948
2022-08-09,sz399006,创业板指,2694.8,0.7142
2022-08-10,sz399006,创业板指,2658.58,-1.3441
2022-08-11,sz399006,创业板指,2721.49,2.3663
2022-08-12,sz399006,创业板指,2690.83,-1.1266
2022-08-15,sz399006,创业板指,2718.59,1.0317
2022-08-16,sz399006,创业板指,2731.39,0.4708
2022-08-17,sz399006,创业板指,2777.91,1.7032
2022-08-18,sz399006,创业板指,2775.82,-0.0752
2022-08-19,sz399006,创业板指,2734.22,-1.4987
2022-08-22,sz399006,创业板指,2779.02,1.6385
2022-08-23,sz399006,创业板指,2780.31,0.0464
2022-08-24,sz399006,创业板指,2679.05,-3.642
2022-08-25,sz399006,创业板指,2667.3,-0.4386
2022-08-26,sz399006,创业板指,2640.29,-1.0126
2022-08-29,sz399006,创业板指,2630.51,-0.3704
2022-08-30,sz399006,创业板指,2612.14,-0.6983
2022-08-31,sz399006,创业板指,2570.41,-1.5975
2022-09-01,sz399006,创业板指,2533.85,-1.4223
2022-09-02,sz399006,创业板指,2533.02,-0.0328
2022-09-05,sz399006,创业板指,2538.2,0.2045
2022-09-06,sz399006,创业板指,2540.64,0.0961
2022-09-07,sz399006,创业板指,2570.8,1.1871
2022-09-08,sz399006,创业板指,2523.01,-1.859
2022-09-09,sz399006,创业板指,2548.22,0.9992
2022-09-13,sz399006,创业板指,2550.63,0.0946
2022-09-14,sz399006,创业板指,2503.82,-1.8352
2022-09-15,sz399006,创业板指,2424.19,-3.1803
2022-09-16,sz399006,创业板指,2367.4,-2.3426
2022-09-19,sz399006,创业板指,2350.38,-0.7189
2022-09-20,sz399006,创业板指,2366.9,0.7029
2022-09-21,sz399006,创业板指,2331.52,-1.4948
2022-09-22,sz399006,创业板指,2319.42,-0.519
2022-09-23,sz399006,创业板指,2303.91,-0.6687
2022-09-26,sz399006,创业板指,2323.05,0.8308
2022-09-27,sz399006,创业板指,2374.74,2.2251
2022-09-28,sz399006,创业板指,2313.77,-2.5674
2022-09-29,sz399006,创业板指,2333.0,0.8311
2022-09-30,sz399006,创业板指,2288.97,-1.8873
2022-10-10,sz399006,创业板指,2236.24,-2.3037
2022-10-11,sz399006,创业板指,2261.89,1.147
2022-10-12,sz399006,创业板指,2343.3,3.5992
2022-10-13,sz399006,创业板指,2350.69,0.3154
2022-10-14,sz399006,创业板指,2434.22,3.5534
2022-10-17,sz399006,创业板指,2435.02,0.0329
2022-10-18,sz399006,创业板指,2446.93,0.4891
2022-10-19,sz399006,创业板指,2425.96,-0.857
2022-10-20,sz399006,创业板指,2401.72,-0.9992
2022-10-21,sz399006,创业板指,2395.16,-0.2731
2022-10-24,sz399006,创业板指,2336.84,-2.4349
2022-10-25,sz399006,创业板指,2314.55,-0.9539
2022-10-26,sz399006,创业板指,2372.88,2.5201
2022-10-27,sz399006,创业板指,2337.25,-1.5016
2022-10-28,sz399006,创业板指,2250.51,-3.7112
2022-10-31,sz399006,创业板指,2265.08,0.6474
2022-11-01,sz399006,创业板指,2337.65,3.2039
2022-11-02,sz399006,创业板指,2375.86,1.6345
2022-11-03,sz399006,创业板指,2376.06,0.0084
2022-11-04,sz399006,创业板指,2451.22,3.1632
2022-11-07,sz399006,创业板指,2454.69,0.1416
2022-11-08,sz399006,创业板指,2432.4,-0.9081
2022-11-09,sz399006,创业板指,2399.34,-1.3592
2022-11-10,sz399006,创业板指,2357.13,-1.7592
2022-11-11,sz399006,创业板指,2405.32,2.0444
2022-11-14,sz399006,创业板指,2375.21,-1.2518
2022-11-15,sz399006,创业板指,2431.73,2.3796
2022-11-16,sz399006,创业板指,2402.91,-1.1852
2022-11-17,sz399006,创业板指,2385.86,-0.7096
2022-11-18,sz399006,创业板指,2389.76,0.1635
2022-11-21,sz399006,创业板指,2387.3,-0.1029
2022-11-22,sz399006,创业板指,2343.55,-1.8326
2022-11-23,sz399006,创业板指,2340.34,-0.137
2022-11-24,sz399006,创业板指,2335.52,-0.206
2022-11-25,sz399006,创业板指,2309.36,-1.1201
2022-11-28,sz399006,创业板指,2298.8,-0.4573
2022-11-29,sz399006,创业板指,2339.79,1.7831
2022-11-30,sz399006,创业板指,2345.31,0.2359
2022-12-01,sz399006,创业板指,2381.18,1.5294
2022-12-02,sz399006,创业板指,2383.32,0.0899
2022-12-05,sz399006,创业板指,2377.11,-0.2606
2022-12-06,sz399006,创业板指,2393.28,0.6802
2022-12-07,sz399006,创业板指,2414.04,0.8674
2022-12-08,sz399006,创业板指,2411.81,-0.0924
2022-12-09,sz399006,创业板指,2420.63,0.3657
2022-12-12,sz399006,创业板指,2401.52,-0.7895
2022-12-13,sz399006,创业板指,2376.2,-1.0543
2022-12-14,sz399006,创业板指,2368.08,-0.3417
2022-12-15,sz399006,创业板指,2399.12,1.3108
2022-12-16,sz399006,创业板指,2373.72,-1.0587
2022-12-19,sz399006,创业板指,2346.7,-1.1383
2022-12-20,sz399006,创业板指,2310.8,-1.5298
2022-12-21,sz399006,创业板指,2303.7,-0.3073
2022-12-22,sz399006,创业板指,2295.32,-0.3638
2022-12-23,sz399006,创业板指,2286.19,-0.3978
2022-12-26,sz399006,创业板指,2331.41,1.978
2022-12-27,sz399006,创业板指,2359.5,1.2049
2022-12-28,sz399006,创业板指,2338.26,-0.9002
2022-12-29,sz399006,创业板指,2349.38,0.4756
2022-12-30,sz399006,创业板指,2346.77,-0.1111
2023-01-03,sz399006,创业板指,2356.42,0.4112
2023-01-04,sz399006,创业板指,2335.12,-0.9039
2023-01-05,sz399006,创业板指,2399.46,2.7553
2023-01-06,sz399006,创业板指,2422.14,0.9452
2023-01-09,sz399006,创业板指,2440.37,0.7526
2023-01-10,sz399006,创业板指,2474.01,1.3785
2023-01-11,sz399006,创业板指,2445.97,-1.1334
2023-01-12,sz399006,创业板指,2458.49,0.5119
2023-01-13,sz399006,创业板指,2493.13,1.409
2023-01-16,sz399006,创业板指,2539.52,1.8607
2023-01-17,sz399006,创业板指,2545.55,0.2374
2023-01-18,sz399006,创业板指,2543.9,-0.0648
2023-01-19,sz399006,创业板指,2571.44,1.0826
2023-01-20,sz399006,创业板指,2585.96,0.5647
2023-01-30,sz399006,创业板指,2613.89,1.0801
2023-01-31,sz399006,创业板指,2580.84,-1.2644
2023-02-01,sz399006,创业板指,2613.69,1.2728
2023-02-02,sz399006,创业板指,2602.32,-0.435
2023-02-03,sz399006,创业板指,2580.11,-0.8535
2023-02-06,sz399006,创业板指,2544.09,-1.3961
2023-02-07,sz399006,创业板指,2537.97,-0.2406
2023-02-08,sz399006,创业板指,2525.88,-0.4764
2023-02-09,sz399006,创业板指,2569.73,1.736
2023-02-10,sz399006,创业板指,2545.16,-0.9561
2023-02-13,sz399006,创业板指,2573.18,1.1009
2023-02-14,sz399006,创业板指,2565.15,-0.3121
2023-02-15,sz399006,创业板指,2547.2,-0.6998
2023-02-16,sz399006,创业板指,2512.5,-1.3623
2023-02-17,sz399006,创业板指,2449.35,-2.5134
2023-02-20,sz399006,创业板指,2480.79,1.2836
2023-02-21,sz399006,创业板指,2469.81,-0.4426
2023-02-22,sz399006,创业板指,2451.9,-0.7252
2023-02-23,sz399006,创业板指,2457.48,0.2276
2023-02-24,sz399006,创业板指,2428.94,-1.1614
2023-02-27,sz399006,创业板指,2409.79,-0.7884
2023-02-28,sz399006,创业板指,2429.03,0.7984
2023-03-01,sz399006,创业板指,2443.95,0.6142
2023-03-02,sz399006,创业板指,2418.6,-1.0373
2023-03-03,sz399006,创业板指,2422.44,0.1588
2023-03-06,sz399006,创业板指,2431.56,0.3765
2023-03-07,sz399006,创业板指,2383.73,-1.967
2023-03-08,sz399006,创业板指,2377.58,-0.258
2023-03-09,sz399006,创业板指,2372.68,-0.2061
2023-03-10,sz399006,创业板指,2370.36,-0.0978
2023-03-13,sz399006,创业板指,2357.07,-0.5607
2023-03-14,sz399006,创业板指,2343.11,-0.5923
2023-03-15,sz399006,创业板指,2337.46,-0.2411
2023-03-16,sz399006,创业板指,2302.05,-1.5149
2023-03-17,sz399006,创业板指,2293.67,-0.364
2023-03-20,sz399006,创业板指,2291.92,-0.0763
2023-03-21,sz399006,创业板指,2337.26,1.9783
2023-03-22,sz399006,创业板指,2341.92,0.1994
2023-03-23,sz399006,创业板指,2361.41,0.8322
2023-03-24,sz399006,创业板指,2370.38,0.3799
2023-03-27,sz399006,创业板指,2398.02,1.1661
2023-03-28,sz399006,创业板指,2369.17,-1.2031
2023-03-29,sz399006,创业板指,2371.19,0.0853
2023-03-30,sz399006,创业板指,2383.04,0.4997
2023-03-31,sz399006,创业板指,2399.5,0.6907
2023-04-03,sz399006,创业板指,2440.21,1.6966
2023-04-04,sz399006,创业板指,2421.65,-0.7606
2023-04-06,sz399006,创业板指,2426.57,0.2032
2023-04-07,sz399006,创业板指,2446.95,0.8399
2023-04-10,sz399006,创业板指,2443.52,-0.1402
2023-04-11,sz399006,创业板指,2439.4,-0.1686
2023-04-12,sz399006,创业板指,2429.29,-0.4144
2023-04-13,sz399006,创业板指,2405.76,-0.9686
2023-04-14,sz399006,创业板指,2428.09,0.9282
2023-04-17,sz399006,创业板指,2434.44,0.2615
2023-04-18,sz399006,创业板指,2431.1,-0.1372
2023-04-19,sz399006,创业板指,2415.76,-0.631
2023-04-20,sz399006,创业板指,2386.67,-1.2042
2023-04-21,sz399006,创业板指,2341.19,-1.9056
2023-04-24,sz399006,创业板指,2301.24,-1.7064
2023-04-25,sz399006,创业板指,2259.19,-1.8273
2023-04-26,sz399006,创业板指,2294.06,1.5435
2023-04-27,sz399006,创业板指,2307.27,0.5758
2023-04-28,sz399006,创业板指,2324.72,0.7563
2023-05-04,sz399006,创业板指,2297.67,-1.1636
2023-05-05,sz399006,创业板指,2267.63,-1.3074
2023-05-08,sz399006,创业板指,2273.4,0.2545
2023-05-09,sz399006,创业板指,2245.82,-1.2132
2023-05-10,sz399006,创业板指,2262.22,0.7302
2023-05-11,sz399006,创业板指,2276.57,0.6343
2023-05-12,sz399006,创业板指,2252.38,-1.0626
2023-05-15,sz399006,创业板指,2299.93,2.1111
2023-05-16,sz399006,创业板指,2294.19,-0.2496
2023-05-17,sz399006,创业板指,2293.64,-0.024
2023-05-18,sz399006,创业板指,2277.97,-0.6832
2023-05-19,sz399006,创业板指,2278.59,0.0272
2023-05-22,sz399006,创业板指,2280.15,0.0685
2023-05-23,sz399006,创业板指,2253.33,-1.1762
2023-05-24,sz399006,创业板指,2245.26,-0.3581
2023-05-25,sz399006,创业板指,2244.18,-0.0481
2023-05-26,sz399006,创业板指,2229.27,-0.6644
2023-05-29,sz399006,创业板指,2203.84,-1.1407
2023-05-30,sz399006,创业板指,2218.6,0.6697
2023-05-31,sz399006,创业板指,2193.41,-1.1354
2023-06-01,sz399006,创业板指,2206.43,0.5936
2023-06-02,sz399006,创业板指,2233.27,1.2164
2023-06-05,sz399006,创业板指,2202.14,-1.3939
2023-06-06,sz399006,创业板指,2164.81,-1.6952
2023-06-07,sz399006,创业板指,2129.9,-1.6126
2023-06-08,sz399006,创业板指,2123.96,-0.2789
2023-06-09,sz399006,创业板指,2143.01,0.8969
2023-06-12,sz399006,创业板指,2152.42,0.4391
2023-06-13,sz399006,创业板指,2166.96,0.6755
2023-06-14,sz399006,创业板指,2163.34,-0.1671
2023-06-15,sz399006,创业板指,2237.74,3.4391
2023-06-16,sz399006,创业板指,2270.06,1.4443
2023-06-19,sz399006,创业板指,2265.18,-0.215
2023-06-20,sz399006,创业板指,2271.42,0.2755
2023-06-21,sz399006,创业板指,2211.84,-2.623
2023-06-26,sz399006,创业板指,2186.25,-1.157
2023-06-27,sz399006,创业板指,2191.83,0.2552
2023-06-28,sz399006,创业板指,2182.1,-0.4439
2023-06-29,sz399006,创业板指,2180.06,-0.0935
2023-06-30,sz399006,创业板指,2215.0,1.6027
2023-07-03,sz399006,创业板指,2228.21,0.5964
2023-07-04,sz399006,创业板指,2232.75,0.2038
2023-07-05,sz399006,创业板指,2212.42,-0.9105
2023-07-06,sz399006,创业板指,2192.19,-0.9144
2023-07-07,sz399006,创业板指,2169.21,-1.0483
2023-07-10,sz399006,创业板指,2198.86,1.3669
2023-07-11,sz399006,创业板指,2216.78,0.815
2023-07-12,sz399006,创业板指,2196.85,-0.8991
2023-07-13,sz399006,创业板指,2237.52,1.8513
2023-07-14,sz399006,创业板指,2224.1,-0.5998
2023-07-17,sz399006,创业板指,2207.44,-0.7491
2023-07-18,sz399006,创业板指,2200.62,-0.309
2023-07-19,sz399006,创业板指,2177.25,-1.062
2023-07-20,sz399006,创业板指,2155.65,-0.9921
2023-07-21,sz399006,创业板指,2163.12,0.3465
2023-07-24,sz399006,创业板指,2146.93,-0.7485
2023-07-25,sz399006,创业板指,2192.9,2.1412
2023-07-26,sz399006,创业板指,2191.17,-0.0789
2023-07-27,sz399006,创业板指,2184.1,-0.3227
2023-07-28,sz399006,创业板指,2219.54,1.6226
2023-07-31,sz399006,创业板指,2236.67,0.7718
2023-08-01,sz399006,创业板指,2223.8,-0.5754
2023-08-02,sz399006,创业板指,2218.57,-0.2352
2023-08-03,sz399006,创业板指,2241.98,1.0552
2023-08-04,sz399006,创业板指,2263.37,0.9541
2023-08-07,sz399006,创业板指,2240.77,-0.9985
2023-08-08,sz399006,创业板指,2228.91,-0.5293
2023-08-09,sz399006,创业板指,2228.73,-0.0081
2023-08-10,sz399006,创业板指,2239.31,0.4747
2023-08-11,sz399006,创业板指,2187.04,-2.3342
2023-08-14,sz399006,创业板指,2164.69,-1.0219
2023-08-15,sz399006,创业板指,2148.67,-0.7401
2023-08-16,sz399006,创业板指,2132.97,-0.7307
2023-08-17,sz399006,创业板指,2147.06,0.6606
2023-08-18,sz399006,创业板指,2118.92,-1.3106
2023-08-21,sz399006,创业板指,2084.97,-1.6022
2023-08-22,sz399006,创业板指,2086.94,0.0945
2023-08-23,sz399006,创业板指,2038.98,-2.2981
2023-08-24,sz399006,创业板指,2064.57,1.255
2023-08-25,sz399006,创业板指,2040.4,-1.1707
2023-08-28,sz399006,创业板指,2060.04,0.9626
2023-08-29,sz399006,创业板指,2118.19,2.8228
2023-08-30,sz399006,创业板指,2117.13,-0.05
2023-08-31,sz399006,创业板指,2102.58,-0.6873
2023-09-01,sz399006,创业板指,2100.26,-0.1103
2023-09-04,sz399006,创业板指,2118.03,0.8461
2023-09-05,sz399006,创业板指,2111.33,-0.3163
2023-09-06,sz399006,创业板指,2101.4,-0.4703
2023-09-07,sz399006,创业板指,2056.98,-2.1138
2023-09-08,sz399006,创业板指,2049.77,-0.3505
2023-09-11,sz399006,创业板指,2063.19,0.6547
2023-09-12,sz399006,创业板指,2051.04,-0.5889
2023-09-13,sz399006,创业板指,2027.73,-1.1365
2023-09-14,sz399006,创业板指,2011.88,-0.7817
2023-09-15,sz399006,创业板指,2002.73,-0.4548
2023-09-18,sz399006,创业板指,2020.47,0.8858
2023-09-19,sz399006,创业板指,2002.66,-0.8815
2023-09-20,sz399006,创业板指,1987.3,-0.767
2023-09-21,sz399006,创业板指,1967.61,-0.9908
2023-09-22,sz399006,创业板指,2013.34,2.3241
2023-09-25,sz399006,创业板指,2005.26,-0.4013
2023-09-26,sz399006,创业板指,1989.83,-0.7695
2023-09-27,sz399006,创业板指,2006.22,0.8237
2023-09-28,sz399006,创业板指,2003.91,-0.1151
2023-10-09,sz399006,创业板指,1998.61,-0.2645
2023-10-10,sz399006,创业板指,1987.94,-0.5339
2023-10-11,sz399006,创业板指,2003.9,0.8028
2023-10-12,sz399006,创业板指,2019.1,0.7585
2023-10-13,sz399006,创业板指,1996.6,-1.1144
2023-10-16,sz399006,创业板指,1956.72,-1.9974
2023-10-17,sz399006,创业板指,1961.89,0.2642
2023-10-18,sz399006,创业板指,1938.44,-1.1953
2023-10-19,sz399006,创业板指,1913.7,-1.2763
2023-10-20,sz399006,创业板指,1896.95,-0.8753
2023-10-23,sz399006,创业板指,1864.91,-1.689
2023-10-24,sz399006,创业板指,1880.81,0.8526
2023-10-25,sz399006,创业板指,1863.8,-0.9044
2023-10-26,sz399006,创业板指,1875.86,0.6471
2023-10-27,sz399006,创业板指,1929.91,2.8813
2023-10-30,sz399006,创业板指,1977.69,2.4758
2023-10-31,sz399006,创业板指,1968.23,-0.4783
2023-11-01,sz399006,创业板指,1959.13,-0.4623
2023-11-02,sz399006,创业板指,1939.7,-0.9918
2023-11-03,sz399006,创业板指,1968.21,1.4698
2023-11-06,sz399006,创业板指,2032.34,3.2583
2023-11-07,sz399006,创业板指,2022.77,-0.4709
2023-11-08,sz399006,创业板指,2023.13,0.0178
2023-11-09,sz399006,创业板指,2018.38,-0.2348
2023-11-10,sz399006,创业板指,2005.24,-0.651
2023-11-13,sz399006,创业板指,2009.21,0.198
2023-11-14,sz399006,创业板指,2004.81,-0.219
2023-11-15,sz399006,创业板指,2015.36,0.5262
2023-11-16,sz399006,创业板指,1978.12,-1.8478
2023-11-17,sz399006,创业板指,1986.53,0.4252
2023-11-20,sz399006,创业板指,1992.97,0.3242
2023-11-21,sz399006,创业板指,1984.27,-0.4365
2023-11-22,sz399006,创业板指,1950.01,-1.7266
2023-11-23,sz399006,创业板指,1961.35,0.5815
2023-11-24,sz399006,创业板指,1937.94,-1.1936
2023-11-27,sz399006,创业板指,1926.2,-0.6058
2023-11-28,sz399006,创业板指,1938.42,0.6344
2023-11-29,sz399006,创业板指,1917.9,-1.0586
2023-11-30,sz399006,创业板指,1922.59,0.2445
2023-12-01,sz399006,创业板指,1926.28,0.1919
2023-12-04,sz399006,创业板指,1908.92,-0.9012
2023-12-05,sz399006,创业板指,1871.1,-1.9812
2023-12-06,sz399006,创业板指,1881.94,0.5793
2023-12-07,sz399006,创业板指,1877.21,-0.2513
2023-12-08,sz399006,创业板指,1892.18,0.7975
2023-12-11,sz399006,创业板指,1915.74,1.2451
2023-12-12,sz399006,创业板指,1903.87,-0.6196
2023-12-13,sz399006,创业板指,1872.34,-1.6561
2023-12-14,sz399006,创业板指,1860.51,-0.6318
2023-12-15,sz399006,创业板指,1848.5,-0.6455
2023-12-18,sz399006,创业板指,1820.0,-1.5418
2023-12-19,sz399006,创业板指,1827.67,0.4214
2023-12-20,sz399006,创业板指,1802.88,-1.3564
2023-12-21,sz399006,创业板指,1832.62,1.6496
2023-12-22,sz399006,创业板指,1825.84,-0.37
2023-12-25,sz399006,创业板指,1831.57,0.3138
2023-12-26,sz399006,创业板指,1808.5,-1.2596
2023-12-27,sz399006,创业板指,1809.83,0.0735
2023-12-28,sz399006,创业板指,1879.5,3.8495
2023-12-29,sz399006,创业板指,1891.37,0.6316
2024-01-02,sz399006,创业板指,1855.92,-1.8743
2024-01-03,sz399006,创业板指,1834.73,-1.1418
2024-01-04,sz399006,创业板指,1801.76,-1.797
2024-01-05,sz399006,创业板指,1775.58,-1.453
2024-01-08,sz399006,创业板指,1744.41,-1.7555
2024-01-09,sz399006,创业板指,1750.78,0.3652
2024-01-10,sz399006,创业板指,1743.2,-0.4329
2024-01-11,sz399006,创业板指,1777.27,1.9545
2024-01-12,sz399006,创业板指,1761.16,-0.9064
2024-01-15,sz399006,创业板指,1745.61,-0.8829
2024-01-16,sz399006,创业板指,1752.23,0.3792
2024-01-17,sz399006,创业板指,1699.62,-3.0025
2024-01-18,sz399006,创业板指,1732.36,1.9263
2024-01-19,sz399006,创业板指,1715.44,-0.9767
2024-01-22,sz399006,创业板指,1666.88,-2.8308
2024-01-23,sz399006,创业板指,1687.61,1.2436
2024-01-24,sz399006,创业板指,1696.19,0.5084
2024-01-25,sz399006,创业板指,1720.78,1.4497
2024-01-26,sz399006,创业板指,1682.48,-2.2257
2024-01-29,sz399006,创业板指,1623.81,-3.4871
2024-01-30,sz399006,创业板指,1583.77,-2.4658
2024-01-31,sz399006,创业板指,1573.37,-0.6567
2024-02-01,sz399006,创业板指,1589.04,0.996
2024-02-02,sz399006,创业板指,1550.37,-2.4335
2024-02-05,sz399006,创业板指,1562.61,0.7895
2024-02-06,sz399006,创业板指,1667.45,6.7093
2024-02-07,sz399006,创业板指,1707.02,2.3731
2024-02-08,sz399006,创业板指,1726.86,1.1623
2024-02-19,sz399006,创业板指,1746.42,1.1327
2024-02-20,sz399006,创业板指,1746.18,-0.0137
2024-02-21,sz399006,创业板指,1752.48,0.3608
2024-02-22,sz399006,创业板指,1757.87,0.3076
2024-02-23,sz399006,创业板指,1758.19,0.0182
2024-02-26,sz399006,创业板指,1751.7,-0.3691
2024-02-27,sz399006,创业板指,1793.98,2.4137
2024-02-28,sz399006,创业板指,1748.97,-2.5089
2024-02-29,sz399006,创业板指,1807.03,3.3197
2024-03-01,sz399006,创业板指,1824.03,0.9408
2024-03-04,sz399006,创业板指,1834.83,0.5921
2024-03-05,sz399006,创业板指,1833.66,-0.0638
2024-03-06,sz399006,创业板指,1832.58,-0.0589
2024-03-07,sz399006,创业板指,1789.94,-2.3268
2024-03-08,sz399006,创业板指,1807.29,0.9693
2024-03-11,sz399006,创业板指,1890.41,4.5992
2024-03-12,sz399006,创业板指,1906.04,0.8268
2024-03-13,sz399006,创业板指,1895.15,-0.5713
2024-03-14,sz399006,创业板指,1883.02,-0.6401
2024-03-15,sz399006,创业板指,1884.09,0.0568
2024-03-18,sz399006,创业板指,1926.4,2.2456
2024-03-19,sz399006,创业板指,1906.94,-1.0102
2024-03-20,sz399006,创业板指,1909.25,0.1211
2024-03-21,sz399006,创业板指,1897.09,-0.6369
2024-03-22,sz399006,创业板指,1869.17,-1.4717
2024-03-25,sz399006,创业板指,1833.44,-1.9115
2024-03-26,sz399006,创业板指,1841.54,0.4418
2024-03-27,sz399006,创业板指,1789.82,-2.8085
2024-03-28,sz399006,创业板指,1806.9,0.9543
2024-03-29,sz399006,创业板指,1818.2,0.6254
2024-04-01,sz399006,创业板指,1872.12,2.9656
2024-04-02,sz399006,创业板指,1860.49,-0.6212
2024-04-03,sz399006,创业板指,1840.41,-1.0793
2024-04-08,sz399006,创业板指,1807.05,-1.8126
2024-04-09,sz399006,创业板指,1827.58,1.1361
2024-04-10,sz399006,创业板指,1789.94,-2.0596
2024-04-11,sz399006,创业板指,1782.09,-0.4386
2024-04-12,sz399006,创业板指,1762.88,-1.0779
2024-04-15,sz399006,创业板指,1795.52,1.8515
2024-04-16,sz399006,创业板指,1760.2,-1.9671
2024-04-17,sz399006,创业板指,1797.31,2.1083
2024-04-18,sz399006,创业板指,1787.49,-0.5464
2024-04-19,sz399006,创业板指,1756.0,-1.7617
2024-04-22,sz399006,创业板指,1750.46,-0.3155
2024-04-23,sz399006,创业板指,1753.16,0.1542
2024-04-24,sz399006,创业板指,1765.41,0.6987
2024-04-25,sz399006,创业板指,1764.73,-0.0385
2024-04-26,sz399006,创业板指,1823.74,3.3439
2024-04-29,sz399006,创业板指,1887.57,3.5
2024-04-30,sz399006,创业板指,1858.39,-1.5459
2024-05-06,sz399006,创业板指,1895.21,1.9813
2024-05-07,sz399006,创业板指,1892.54,-0.1409
2024-05-08,sz399006,创业板指,1865.11,-1.4494
2024-05-09,sz399006,创业板指,1900.01,1.8712
2024-05-10,sz399006,创业板指,1878.17,-1.1495
2024-05-13,sz399006,创业板指,1860.37,-0.9477
2024-05-14,sz399006,创业板指,1855.6,-0.2564
2024-05-15,sz399006,创业板指,1838.89,-0.9005
2024-05-16,sz399006,创业板指,1844.21,0.2893
2024-05-17,sz399006,创业板指,1864.94,1.1241
2024-05-20,sz399006,创业板指,1875.93,0.5893
2024-05-21,sz399006,创业板指,1861.48,-0.7703
2024-05-22,sz399006,创业板指,1877.93,0.8837
2024-05-23,sz399006,创业板指,1852.07,-1.377
2024-05-24,sz399006,创业板指,1818.56,-1.8093
2024-05-27,sz399006,创业板指,1830.96,0.6819
2024-05-28,sz399006,创业板指,1806.25,-1.3496
2024-05-29,sz399006,创业板指,1811.07,0.2669
2024-05-30,sz399006,创业板指,1813.15,0.1148
2024-05-31,sz399006,创业板指,1805.11,-0.4434
2024-06-03,sz399006,创业板指,1819.46,0.795
2024-06-04,sz399006,创业板指,1843.59,1.3262
2024-06-05,sz399006,创业板指,1833.55,-0.5446
2024-06-06,sz399006,创业板指,1820.45,-0.7145
2024-06-07,sz399006,创业板指,1781.07,-2.1632
2024-06-11,sz399006,创业板指,1787.3,0.3498
2024-06-12,sz399006,创业板指,1779.42,-0.4409
2024-06-13,sz399006,创业板指,1777.79,-0.0916
2024-06-14,sz399006,创业板指,1791.36,0.7633
2024-06-17,sz399006,创业板指,1806.19,0.8279
2024-06-18,sz399006,创业板指,1811.36,0.2862
2024-06-19,sz399006,创业板指,1788.5,-1.262
2024-06-20,sz399006,创业板指,1762.7,-1.4425
2024-06-21,sz399006,创业板指,1755.88,-0.3869
2024-06-24,sz399006,创业板指,1731.51,-1.3879
2024-06-25,sz399006,创业板指,1700.02,-1.8186
2024-06-26,sz399006,创业板指,1730.64,1.8012
2024-06-27,sz399006,创业板指,1703.2,-1.5855
2024-06-28,sz399006,创业板指,1683.43,-1.1608
2024-07-01,sz399006,创业板指,1682.69,-0.044
2024-07-02,sz399006,创业板指,1665.04,-1.0489
2024-07-03,sz399006,创业板指,1660.12,-0.2955
2024-07-04,sz399006,创业板指,1647.22,-0.7771
2024-07-05,sz399006,创业板指,1655.59,0.5081
2024-07-08,sz399006,创业板指,1628.76,-1.6206
2024-07-09,sz399006,创业板指,1652.12,1.4342
2024-07-10,sz399006,创业板指,1651.11,-0.0611
2024-07-11,sz399006,创业板指,1685.12,2.0598
2024-07-12,sz399006,创业板指,1683.63,-0.0884
2024-07-15,sz399006,创业板指,1673.01,-0.6308
2024-07-16,sz399006,创业板指,1696.34,1.3945
2024-07-17,sz399006,创业板指,1696.45,0.0065
2024-07-18,sz399006,创业板指,1717.71,1.2532
2024-07-19,sz399006,创业板指,1725.49,0.4529
2024-07-22,sz399006,创业板指,1723.91,-0.0916
2024-07-23,sz399006,创业板指,1671.44,-3.0437
2024-07-24,sz399006,创业板指,1650.91,-1.2283
2024-07-25,sz399006,创业板指,1644.45,-0.3913
2024-07-26,sz399006,创业板指,1659.53,0.917
2024-07-29,sz399006,创业板指,1635.67,-1.4378
2024-07-30,sz399006,创业板指,1630.95,-0.2886
2024-07-31,sz399006,创业板指,1688.14,3.5065
2024-08-01,sz399006,创业板指,1665.97,-1.3133
2024-08-02,sz399006,创业板指,1638.3,-1.6609
2024-08-05,sz399006,创业板指,1607.29,-1.8928
2024-08-06,sz399006,创业板指,1627.36,1.2487
2024-08-07,sz399006,创业板指,1620.33,-0.432
2024-08-08,sz399006,创业板指,1611.51,-0.5443
2024-08-09,sz399006,创业板指,1595.64,-0.9848
2024-08-12,sz399006,创业板指,1592.39,-0.2037
2024-08-13,sz399006,创业板指,1607.19,0.9294
2024-08-14,sz399006,创业板指,1584.33,-1.4224
2024-08-15,sz399006,创业板指,1592.71,0.5289
2024-08-16,sz399006,创业板指,1591.46,-0.0785
2024-08-19,sz399006,创业板指,1589.29,-0.1364
2024-08-20,sz399006,创业板指,1567.97,-1.3415
2024-08-21,sz399006,创业板指,1558.51,-0.6033
2024-08-22,sz399006,创业板指,1546.63,-0.7623
2024-08-23,sz399006,创业板指,1546.9,0.0175
2024-08-26,sz399006,创业板指,1545.31,-0.1028
2024-08-27,sz399006,创业板指,1530.74,-0.9429
2024-08-28,sz399006,创业板指,1531.45,0.0464
2024-08-29,sz399006,创业板指,1541.4,0.6497
2024-08-30,sz399006,创业板指,1580.46,2.5341
2024-09-02,sz399006,创业板指,1536.95,-2.753
2024-09-03,sz399006,创业板指,1556.32,1.2603
2024-09-04,sz399006,创业板指,1554.64,-0.1079
2024-09-05,sz399006,创业板指,1564.72,0.6484
2024-09-06,sz399006,创业板指,1538.07,-1.7032
2024-09-09,sz399006,创业板指,1539.04,0.0631
2024-09-10,sz399006,创业板指,1539.98,0.0611
2024-09-11,sz399006,创业板指,1558.33,1.1916
2024-09-12,sz399006,创业板指,1551.81,-0.4184
2024-09-13,sz399006,创业板指,1535.17,-1.0723
2024-09-18,sz399006,创业板指,1533.47,-0.1107
2024-09-19,sz399006,创业板指,1546.47,0.8478
2024-09-20,sz399006,创业板指,1536.6,-0.6382
2024-09-23,sz399006,创业板指,1530.51,-0.3963
2024-09-24,sz399006,创业板指,1615.32,5.5413
2024-09-25,sz399006,创业板指,1641.54,1.6232
2024-09-26,sz399006,创业板指,1714.14,4.4227
2024-09-27,sz399006,创业板指,1885.49,9.9963
2024-09-30,sz399006,创业板指,2175.09,15.3594
2024-10-08,sz399006,创业板指,2550.28,17.2494
2024-10-09,sz399006,创业板指,2280.1,-10.5941
2024-10-10,sz399006,创业板指,2212.91,-2.9468
2024-10-11,sz399006,创业板指,2100.87,-5.063
2024-10-14,sz399006,创业板指,2155.4,2.5956
2024-10-15,sz399006,创业板指,2085.99,-3.2203
2024-10-16,sz399006,创业板指,2039.95,-2.2071
2024-10-17,sz399006,创业板指,2033.48,-0.3172
2024-10-18,sz399006,创业板指,2195.1,7.948
2024-10-21,sz399006,创业板指,2210.34,0.6943
2024-10-22,sz399006,创业板指,2216.99,0.3009
2024-10-23,sz399006,创业板指,2205.3,-0.5273
2024-10-24,sz399006,创业板指,2175.1,-1.3694
2024-10-25,sz399006,创业板指,2238.9,2.9332
2024-10-28,sz399006,创业板指,2229.12,-0.4368
2024-10-29,sz399006,创业板指,2177.31,-2.3242
2024-10-30,sz399006,创业板指,2151.51,-1.1849
2024-10-31,sz399006,创业板指,2164.46,0.6019
2024-11-01,sz399006,创业板指,2123.74,-1.8813
2024-11-04,sz399006,创业板指,2185.98,2.9307
2024-11-05,sz399006,创业板指,2289.84,4.7512
2024-11-06,sz399006,创业板指,2265.83,-1.0485
2024-11-07,sz399006,创业板指,2350.76,3.7483
2024-11-08,sz399006,创业板指,2321.59,-1.2409
2024-11-11,sz399006,创业板指,2392.44,3.0518
2024-11-12,sz399006,创业板指,2390.8,-0.0685
2024-11-13,sz399006,创业板指,2417.25,1.1063
2024-11-14,sz399006,创业板指,2334.96,-3.4043
2024-11-15,sz399006,创业板指,2243.62,-3.9118
2024-11-18,sz399006,创业板指,2190.95,-2.3475
2024-11-19,sz399006,创业板指,2256.61,2.9969
2024-11-20,sz399006,创业板指,2267.85,0.4981
2024-11-21,sz399006,创业板指,2265.87,-0.0873
2024-11-22,sz399006,创业板指,2175.57,-3.9852
2024-11-25,sz399006,创业板指,2175.18,-0.0179
2024-11-26,sz399006,创业板指,2150.1,-1.153
2024-11-27,sz399006,创业板指,2208.78,2.7292
2024-11-28,sz399006,创业板指,2169.8,-1.7648
2024-11-29,sz399006,创业板指,2224.0,2.4979
2024-12-02,sz399006,创业板指,2255.5,1.4164
2024-12-03,sz399006,创业板指,2245.5,-0.4434
2024-12-04,sz399006,创业板指,2213.41,-1.4291
2024-12-05,sz399006,创业板指,2221.46,0.3637
2024-12-06,sz399006,创业板指,2267.06,2.0527
2024-12-09,sz399006,创业板指,2248.63,-0.8129
2024-12-10,sz399006,创业板指,2264.05,0.6858
2024-12-11,sz399006,创业板指,2261.58,-0.1091
2024-12-12,sz399006,创业板指,2292.15,1.3517
2024-12-13,sz399006,创业板指,2235.26,-2.4819
2024-12-16,sz399006,创业板指,2201.53,-1.509
2024-12-17,sz399006,创业板指,2201.18,-0.0159
2024-12-18,sz399006,创业板指,2202.14,0.0436
2024-12-19,sz399006,创业板指,2213.54,0.5177
2024-12-20,sz399006,创业板指,2209.66,-0.1753
2024-12-23,sz399006,创业板指,2187.94,-0.983
2024-12-24,sz399006,创业板指,2213.55,1.1705
2024-12-25,sz399006,创业板指,2201.3,-0.5534
2024-12-26,sz399006,创业板指,2209.85,0.3884
2024-12-27,sz399006,创业板指,2204.9,-0.224
2024-12-30,sz399006,创业板指,2206.29,0.063
2024-12-31,sz399006,创业板指,2141.6,-2.9321
2025-01-02,sz399006,创业板指,2060.44,-3.7897
2025-01-03,sz399006,创业板指,2015.97,-2.1583
2025-01-06,sz399006,创业板指,2014.19,-0.0883
2025-01-07,sz399006,创业板指,2028.36,0.7035
2025-01-08,sz399006,创业板指,2008.44,-0.9821
2025-01-09,sz399006,创业板指,2010.66,0.1105
2025-01-10,sz399006,创业板指,1975.3,-1.7586
2025-01-13,sz399006,创业板指,1982.46,0.3625
2025-01-14,sz399006,创业板指,2075.76,4.7063
2025-01-15,sz399006,创业板指,2037.93,-1.8225
2025-01-16,sz399006,创业板指,2051.35,0.6585
2025-01-17,sz399006,创业板指,2067.27,0.7761
2025-01-20,sz399006,创业板指,2104.73,1.8121
2025-01-21,sz399006,创业板指,2112.39,0.3639
2025-01-22,sz399006,创业板指,2101.03,-0.5378
2025-01-23,sz399006,创业板指,2093.31,-0.3674
2025-01-24,sz399006,创业板指,2121.84,1.3629
2025-01-27,sz399006,创业板指,2063.82,-2.7344
2025-02-05,sz399006,创业板指,2062.92,-0.0436
2025-02-06,sz399006,创业板指,2120.75,2.8033
2025-02-07,sz399006,创业板指,2174.35,2.5274
2025-02-10,sz399006,创业板指,2183.88,0.4383
2025-02-11,sz399006,创业板指,2152.73,-1.4264
2025-02-12,sz399006,创业板指,2191.76,1.813
2025-02-13,sz399006,创业板指,2176.16,-0.7118
2025-02-14,sz399006,创业板指,2215.3,1.7986
2025-02-17,sz399006,创业板指,2226.62,0.511
2025-02-18,sz399006,创业板指,2182.57,-1.9783
2025-02-19,sz399006,创业板指,2226.98,2.0348
2025-02-20,sz399006,创业板指,2225.58,-0.0629
2025-02-21,sz399006,创业板指,2281.51,2.5131
2025-02-24,sz399006,创业板指,2266.24,-0.6693
2025-02-25,sz399006,创业板指,2240.59,-1.1318
2025-02-26,sz399006,创业板指,2268.22,1.2332
2025-02-27,sz399006,创业板指,2256.51,-0.5163
2025-02-28,sz399006,创业板指,2170.39,-3.8165
2025-03-03,sz399006,创业板指,2196.52,1.2039
2025-03-04,sz399006,创业板指,2190.08,-0.2932
2025-03-05,sz399006,创业板指,2190.36,0.0128
2025-03-06,sz399006,创业板指,2234.69,2.0239
2025-03-07,sz399006,创业板指,2205.31,-1.3147
2025-03-10,sz399006,创业板指,2199.88,-0.2462
2025-03-11,sz399006,创业板指,2204.03,0.1886
2025-03-12,sz399006,创业板指,2191.27,-0.5789
2025-03-13,sz399006,创业板指,2166.0,-1.1532
2025-03-14,sz399006,创业板指,2226.72,2.8033
2025-03-17,sz399006,创业板指,2215.13,-0.5205
2025-03-18,sz399006,创业板指,2228.64,0.6099
2025-03-19,sz399006,创业板指,2222.35,-0.2822
2025-03-20,sz399006,创业板指,2200.03,-1.0043
2025-03-21,sz399006,创业板指,2152.28,-2.1704
2025-03-24,sz399006,创业板指,2152.55,0.0125
2025-03-25,sz399006,创业板指,2145.48,-0.3284
2025-03-26,sz399006,创业板指,2139.9,-0.2601
2025-03-27,sz399006,创业板指,2145.1,0.243
2025-03-28,sz399006,创业板指,2128.21,-0.7874
2025-03-31,sz399006,创业板指,2103.7,-1.1517
2025-04-01,sz399006,创业板指,2101.88,-0.0865
2025-04-02,sz399006,创业板指,2104.63,0.1308
2025-04-03,sz399006,创业板指,2065.4,-1.864
2025-04-07,sz399006,创业板指,1807.21,-12.5007
2025-04-08,sz399006,创业板指,1840.31,1.8316
2025-04-09,sz399006,创业板指,1858.36,0.9808
2025-04-10,sz399006,创业板指,1900.53,2.2692
2025-04-11,sz399006,创业板指,1926.37,1.3596
2025-04-14,sz399006,创业板指,1932.91,0.3395
2025-04-15,sz399006,创业板指,1930.4,-0.1299
2025-04-16,sz399006,创业板指,1907.11,-1.2065
2025-04-17,sz399006,创业板指,1908.78,0.0876
2025-04-18,sz399006,创业板指,1913.97,0.2719
2025-04-21,sz399006,创业板指,1944.32,1.5857
2025-04-22,sz399006,创业板指,1928.43,-0.8173
2025-04-23,sz399006,创业板指,1949.16,1.075
2025-04-24,sz399006,创业板指,1935.86,-0.6823
2025-04-25,sz399006,创业板指,1947.19,0.5853
2025-04-28,sz399006,创业板指,1934.46,-0.6538
2025-04-29,sz399006,创业板指,1931.94,-0.1303
2025-04-30,sz399006,创业板指,1948.03,0.8328
2025-05-06,sz399006,创业板指,1986.41,1.9702
2025-05-07,sz399006,创业板指,1996.51,0.5085
2025-05-08,sz399006,创业板指,2029.45,1.6499
2025-05-09,sz399006,创业板指,2011.77,-0.8712
2025-05-12,sz399006,创业板指,2064.71,2.6315
2025-05-13,sz399006,创业板指,2062.26,-0.1187
2025-05-14,sz399006,创业板指,2083.14,1.0125
2025-05-15,sz399006,创业板指,2043.25,-1.9149
2025-05-16,sz399006,创业板指,2039.45,-0.186
2025-05-19,sz399006,创业板指,2032.76,-0.328
2025-05-20,sz399006,创业板指,2048.46,0.7723
2025-05-21,sz399006,创业板指,2065.39,0.8265
2025-05-22,sz399006,创业板指,2045.57,-0.9596
2025-05-23,sz399006,创业板指,2021.5,-1.1767
2025-05-26,sz399006,创业板指,2005.26,-0.8034
2025-05-27,sz399006,创业板指,1991.64,-0.6792
2025-05-28,sz399006,创业板指,1985.38,-0.3143
2025-05-29,sz399006,创业板指,2012.55,1.3685
2025-05-30,sz399006,创业板指,1993.19,-0.962
2025-06-03,sz399006,创业板指,2002.7,0.4771
2025-06-04,sz399006,创业板指,2024.93,1.11
2025-06-05,sz399006,创业板指,2048.61,1.1694
2025-06-06,sz399006,创业板指,2039.44,-0.4476
2025-06-09,sz399006,创业板指,2061.29,1.0714
2025-06-10,sz399006,创业板指,2037.27,-1.1653
2025-06-11,sz399006,创业板指,2061.87,1.2075
2025-06-12,sz399006,创业板指,2067.15,0.2561
2025-06-13,sz399006,创业板指,2043.82,-1.1286
2025-06-16,sz399006,创业板指,2057.32,0.6605
2025-06-17,sz399006,创业板指,2049.94,-0.3587
2025-06-18,sz399006,创业板指,2054.73,0.2337
2025-06-19,sz399006,创业板指,2026.82,-1.3583
2025-06-20,sz399006,创业板指,2009.89,-0.8353
2025-06-23,sz399006,创业板指,2017.63,0.3851
2025-06-24,sz399006,创业板指,2064.13,2.3047
2025-06-25,sz399006,创业板指,2128.39,3.1132
2025-06-26,sz399006,创业板指,2114.43,-0.6559
2025-06-27,sz399006,创业板指,2124.34,0.4687
2025-06-30,sz399006,创业板指,2153.01,1.3496
2025-07-01,sz399006,创业板指,2147.92,-0.2364
2025-07-02,sz399006,创业板指,2123.72,-1.1267
2025-07-03,sz399006,创业板指,2164.09,1.9009
2025-07-04,sz399006,创业板指,2156.23,-0.3632
2025-07-07,sz399006,创业板指,2130.19,-1.2077
2025-07-08,sz399006,创业板指,2181.08,2.389
2025-07-09,sz399006,创业板指,2184.67,0.1646
2025-07-10,sz399006,创业板指,2189.58,0.2247
2025-07-11,sz399006,创业板指,2207.1,0.8002
2025-07-14,sz399006,创业板指,2197.07,-0.4544
2025-07-15,sz399006,创业板指,2235.05,1.7287
2025-07-16,sz399006,创业板指,2230.19,-0.2174
2025-07-17,sz399006,创业板指,2269.33,1.755
2025-07-18,sz399006,创业板指,2277.15,0.3446
2025-07-21,sz399006,创业板指,2296.88,0.8664
2025-07-22,sz399006,创业板指,2310.86,0.6087
2025-07-23,sz399006,创业板指,2310.67,-0.0082
2025-07-24,sz399006,创业板指,2345.37,1.5017
2025-07-25,sz399006,创业板指,2340.06,-0.2264
2025-07-28,sz399006,创业板指,2362.6,0.9632
2025-07-29,sz399006,创业板指,2406.59,1.8619
2025-07-30,sz399006,创业板指,2367.68,-1.6168
2025-07-31,sz399006,创业板指,2328.31,-1.6628
2025-08-01,sz399006,创业板指,2322.63,-0.244
2025-08-04,sz399006,创业板指,2334.32,0.5033
2025-08-05,sz399006,创业板指,2343.38,0.3881
2025-08-06,sz399006,创业板指,2358.95,0.6644
2025-08-07,sz399006,创业板指,2342.86,-0.6821
2025-08-08,sz399006,创业板指,2333.96,-0.3799
2025-08-11,sz399006,创业板指,2379.82,1.9649
2025-08-12,sz399006,创业板指,2409.4,1.243
2025-08-13,sz399006,创业板指,2496.5,3.615
2025-08-14,sz399006,创业板指,2469.66,-1.0751
2025-08-15,sz399006,创业板指,2534.22,2.6141
2025-08-18,sz399006,创业板指,2606.2,2.8403
2025-08-19,sz399006,创业板指,2601.74,-0.1711
2025-08-20,sz399006,创业板指,2607.65,0.2272
2025-08-21,sz399006,创业板指,2595.47,-0.4671
2025-08-22,sz399006,创业板指,2682.55,3.3551
2025-08-25,sz399006,创业板指,2762.99,2.9986
2025-08-26,sz399006,创业板指,2742.13,-0.755
2025-08-27,sz399006,创业板指,2723.2,-0.6903
2025-08-28,sz399006,创业板指,2827.17,3.8179
2025-08-29,sz399006,创业板指,2890.13,2.227
2025-09-01,sz399006,创业板指,2956.37,2.2919
2025-09-02,sz399006,创业板指,2872.22,-2.8464
2025-09-03,sz399006,创业板指,2899.37,0.9453
2025-09-04,sz399006,创业板指,2776.25,-4.2464
2025-09-05,sz399006,创业板指,2958.18,6.5531
2025-09-08,sz399006,创业板指,2933.25,-0.8427
2025-09-09,sz399006,创业板指,2867.97,-2.2255
2025-09-10,sz399006,创业板指,2904.27,1.2657
2025-09-11,sz399006,创业板指,3053.75,5.1469
2025-09-12,sz399006,创业板指,3020.42,-1.0914
2025-09-15,sz399006,创业板指,3066.18,1.515
2025-09-16,sz399006,创业板指,3087.04,0.6803
2025-09-17,sz399006,创业板指,3147.35,1.9537
2025-09-18,sz399006,创业板指,3095.85,-1.6363
2025-09-19,sz399006,创业板指,3091.0,-0.1567
2025-09-22,sz399006,创业板指,3107.89,0.5464
2025-09-23,sz399006,创业板指,3114.55,0.2143
2025-09-24,sz399006,创业板指,3185.57,2.2803
2025-09-25,sz399006,创业板指,3235.76,1.5755
2025-09-26,sz399006,创业板指,3151.53,-2.6031
2025-09-29,sz399006,创业板指,3238.01,2.7441
2025-09-30,sz399006,创业板指,3238.16,0.0046
2025-10-09,sz399006,创业板指,3261.82,0.7307
2025-10-10,sz399006,创业板指,3113.26,-4.5545
2025-10-13,sz399006,创业板指,3078.76,-1.1082
2025-10-14,sz399006,创业板指,2955.98,-3.988
2025-10-15,sz399006,创业板指,3025.87,2.3644
2025-10-16,sz399006,创业板指,3037.44,0.3824
2025-10-17,sz399006,创业板指,2935.37,-3.3604
2025-10-20,sz399006,创业板指,2993.45,1.9786
2025-10-21,sz399006,创业板指,3083.72,3.0156
2025-10-22,sz399006,创业板指,3059.32,-0.7913
2025-10-23,sz399006,创业板指,3062.16,0.0928
2025-10-24,sz399006,创业板指,3171.57,3.573
2025-10-27,sz399006,创业板指,3234.45,1.9826
2025-10-28,sz399006,创业板指,3229.58,-0.1506
2025-10-29,sz399006,创业板指,3324.27,2.932
2025-10-30,sz399006,创业板指,3263.02,-1.8425
2025-10-31,sz399006,创业板指,3187.53,-2.3135
2025-11-03,sz399006,创业板指,3196.87,0.293
2025-11-04,sz399006,创业板指,3134.09,-1.9638
2025-11-05,sz399006,创业板指,3166.23,1.0255
2025-11-06,sz399006,创业板指,3224.62,1.8441
2025-11-07,sz399006,创业板指,3208.21,-0.5089
2025-11-10,sz399006,创业板指,3178.83,-0.9158
2025-11-11,sz399006,创业板指,3134.32,-1.4002
2025-11-12,sz399006,创业板指,3122.03,-0.3921
2025-11-13,sz399006,创业板指,3201.75,2.5535
2025-11-14,sz399006,创业板指,3111.51,-2.8185
2025-11-17,sz399006,创业板指,3105.2,-0.2028
2025-11-18,sz399006,创业板指,3069.22,-1.1587
2025-11-19,sz399006,创业板指,3076.85,0.2486
2025-11-20,sz399006,创业板指,3042.34,-1.1216
2025-11-21,sz399006,创业板指,2920.08,-4.0186
2025-11-24,sz399006,创业板指,2929.04,0.3068
2025-11-25,sz399006,创业板指,2980.93,1.7716
2025-11-26,sz399006,创业板指,3044.69,2.1389
2025-11-27,sz399006,创业板指,3031.3,-0.4398
2025-11-28,sz399006,创业板指,3052.59,0.7023
2025-12-01,sz399006,创业板指,3092.5,1.3074
2025-12-02,sz399006,创业板指,3071.15,-0.6904
2025-12-03,sz399006,创业板指,3036.79,-1.1188
2025-12-04,sz399006,创业板指,3067.48,1.0106
2025-12-05,sz399006,创业板指,3109.3,1.3633
2025-12-08,sz399006,创业板指,3190.27,2.6041
2025-12-09,sz399006,创业板指,3209.6,0.6059
2025-12-10,sz399006,创业板指,3209.0,-0.0187
2025-12-11,sz399006,创业板指,3163.67,-1.4126
2025-12-12,sz399006,创业板指,3194.36,0.9701
2025-12-15,sz399006,创业板指,3137.8,-1.7706
2025-12-16,sz399006,创业板指,3071.76,-2.1047
2025-12-17,sz399006,创业板指,3175.91,3.3906
2025-12-18,sz399006,创业板指,3107.06,-2.1679
2025-12-19,sz399006,创业板指,3122.24,0.4886
2025-12-22,sz399006,创业板指,3191.98,2.2337
2025-12-23,sz399006,创业板指,3205.01,0.4082
2025-12-24,sz399006,创业板指,3229.58,0.7666
2025-12-25,sz399006,创业板指,3239.34,0.3022
2025-12-26,sz399006,创业板指,3243.88,0.1402
2025-12-29,sz399006,创业板指,3222.61,-0.6557
2025-12-30,sz399006,创业板指,3242.9,0.6296
2025-12-31,sz399006,创业板指,3203.17,-1.2251
2026-01-05,sz399006,创业板指,3294.55,2.8528
2026-01-06,sz399006,创业板指,3319.29,0.7509
2026-01-07,sz399006,创业板指,3329.69,0.3133
2026-01-08,sz399006,创业板指,3302.31,-0.8223
2026-01-09,sz399006,创业板指,3327.81,0.7722
2026-01-12,sz399006,创业板指,3388.34,1.8189
2026-01-13,sz399006,创业板指,3321.89,-1.9611
2026-01-14,sz399006,创业板指,3349.14,0.8203
2026-01-15,sz399006,创业板指,3367.92,0.5607
2026-01-16,sz399006,创业板指,3361.02,-0.2049
2026-01-19,sz399006,创业板指,3337.61,-0.6965
2026-01-20,sz399006,创业板指,3277.98,-1.7866
2026-01-21,sz399006,创业板指,3295.52,0.5351
2026-01-22,sz399006,创业板指,3328.65,1.0053
2026-01-23,sz399006,创业板指,3349.5,0.6264
2026-01-26,sz399006,创业板指,3319.15,-0.9061
2026-01-27,sz399006,创业板指,3342.6,0.7065
2026-01-28,sz399006,创业板指,3323.56,-0.5696
2026-01-29,sz399006,创业板指,3304.51,-0.5732
2026-01-30,sz399006,创业板指,3346.36,1.2665
2026-02-02,sz399006,创业板指,3264.11,-2.4579
2026-02-03,sz399006,创业板指,3324.89,1.8621
2026-02-04,sz399006,创业板指,3311.51,-0.4024
2026-02-05,sz399006,创业板指,3260.28,-1.547
2026-02-06,sz399006,创业板指,3236.46,-0.7306
2026-02-09,sz399006,创业板指,3332.77,2.9758
2026-02-10,sz399006,创业板指,3320.54,-0.367
2026-02-11,sz399006,创业板指,3284.74,-1.0781
2026-02-12,sz399006,创业板指,3328.06,1.3188
2026-02-13,sz399006,创业板指,3275.96,-1.5655
2026-02-24,sz399006,创业板指,3308.26,0.986
2026-02-25,sz399006,创业板指,3354.82,1.4074
2026-02-26,sz399006,创业板指,3344.98,-0.2933
2026-02-27,sz399006,创业板指,3310.3,-1.0368
2026-03-02,sz399006,创业板指,3294.16,-0.4876
2026-03-03,sz399006,创业板指,3209.48,-2.5706
2026-03-04,sz399006,创业板指,3164.37,-1.4055
2026-03-05,sz399006,创业板指,3216.94,1.6613
2026-03-06,sz399006,创业板指,3229.3,0.3842
2026-03-09,sz399006,创业板指,3208.58,-0.6416
2026-03-10,sz399006,创业板指,3306.14,3.0406
2026-03-11,sz399006,创业板指,3349.53,1.3124
2026-03-12,sz399006,创业板指,3317.52,-0.9557
2026-03-13,sz399006,创业板指,3310.28,-0.2182
2026-03-16,sz399006,创业板指,3357.02,1.412
2026-03-17,sz399006,创业板指,3280.06,-2.2925
2026-03-18,sz399006,创业板指,3346.37,2.0216
2026-03-19,sz399006,创业板指,3309.1,-1.1137
2026-03-20,sz399006,创业板指,3352.1,1.2994
2026-03-23,sz399006,创业板指,3235.22,-3.4868
2026-03-24,sz399006,创业板指,3251.55,0.5048
2026-03-25,sz399006,创业板指,3316.97,2.012
2026-03-26,sz399006,创业板指,3272.49,-1.341
2026-03-27,sz399006,创业板指,3295.88,0.7147
2026-03-30,sz399006,创业板指,3273.36,-0.6833
2026-03-31,sz399006,创业板指,3184.95,-2.7009
2026-04-01,sz399006,创业板指,3247.52,1.9646
2026-04-02,sz399006,创业板指,3172.65,-2.3055
2026-04-03,sz399006,创业板指,3149.6,-0.7265
2026-04-07,sz399006,创业板指,3160.82,0.3562
2026-04-08,sz399006,创业板指,3347.61,5.9095
2026-04-09,sz399006,创业板指,3323.3,-0.7262
2026-04-10,sz399006,创业板指,3448.79,3.7761
2026-04-13,sz399006,创业板指,3476.44,0.8017
2026-04-14,sz399006,创业板指,3558.53,2.3613
2026-04-15,sz399006,创业板指,3514.96,-1.2244
2026-04-16,sz399006,创业板指,3626.27,3.1668
2026-04-17,sz399006,创业板指,3678.29,1.4345
2026-04-20,sz399006,创业板指,3677.58,-0.0193
2026-04-21,sz399006,创业板指,3688.94,0.3089
2026-04-22,sz399006,创业板指,3752.76,1.73
2026-04-23,sz399006,创业板指,3720.25,-0.8663
2026-04-24,sz399006,创业板指,3667.79,-1.4101
2026-04-27,sz399006,创业板指,3648.79,-0.518
2026-04-28,sz399006,创业板指,3596.71,-1.4273
2026-04-29,sz399006,创业板指,3687.17,2.5151
2026-04-30,sz399006,创业板指,3677.15,-0.2718
2026-05-06,sz399006,创业板指,3778.16,2.747
2026-05-07,sz399006,创业板指,3833.06,1.4531
2026-05-08,sz399006,创业板指,3796.13,-0.9635
2026-05-11,sz399006,创业板指,3928.97,3.4994
2026-05-12,sz399006,创业板指,3934.88,0.1504
2026-05-13,sz399006,创业板指,4038.33,2.6291
2026-05-14,sz399006,创业板指,3951.14,-2.1591
2026-05-15,sz399006,创业板指,3929.06,-0.5588
2026-05-18,sz399006,创业板指,3914.88,-0.3609
2026-05-19,sz399006,创业板指,3908.44,-0.1645
2026-05-20,sz399006,创业板指,3921.79,0.3416
2026-05-21,sz399006,创业板指,3829.78,-2.3461
2026-05-22,sz399006,创业板指,3938.5,2.8388
2026-05-25,sz399006,创业板指,4021.16,2.0988
2026-05-26,sz399006,创业板指,4043.07,0.5449
2026-05-27,sz399006,创业板指,4045.77,0.0668
2026-05-28,sz399006,创业板指,4125.07,1.9601
2026-05-29,sz399006,创业板指,4037.95,-2.112
2026-06-01,sz399006,创业板指,3950.94,-2.1548
2026-06-02,sz399006,创业板指,4055.87,2.6558
2026-06-03,sz399006,创业板指,4122.99,1.6549
2026-06-04,sz399006,创业板指,4088.88,-0.8273
2026-06-05,sz399006,创业板指,3957.94,-3.2023
2026-06-08,sz399006,创业板指,3811.79,-3.6926
2026-06-09,sz399006,创业板指,3961.75,3.9341
2026-06-10,sz399006,创业板指,3854.79,-2.6998
2026-06-11,sz399006,创业板指,3811.25,-1.1295
2026-06-12,sz399006,创业板指,3830.35,0.5011
2026-06-15,sz399006,创业板指,4033.53,5.3045
2026-06-16,sz399006,创业板指,4102.94,1.7208
2026-06-17,sz399006,创业板指,4167.05,1.5625
2026-06-18,sz399006,创业板指,4252.39,2.048
2026-06-22,sz399006,创业板指,4359.39,2.5162
2026-06-23,sz399006,创业板指,4192.19,-3.8354
2026-06-24,sz399006,创业板指,4251.42,1.4129
2026-06-25,sz399006,创业板指,4371.99,2.836
2026-06-26,sz399006,创业板指,4194.21,-4.0663
2026-06-29,sz399006,创业板指,4216.7,0.5362
2026-06-30,sz399006,创业板指,4342.71,2.9884
2026-07-01,sz399006,创业板指,4260.72,-1.888
2026-07-02,sz399006,创业板指,4017.27,-5.7138
2026-07-03,sz399006,创业板指,4019.93,0.0662
2026-07-06,sz399006,创业板指,3948.86,-1.7679
2026-07-07,sz399006,创业板指,3911.91,-0.9357
2026-07-08,sz399006,创业板指,3845.35,-1.7015
2026-07-09,sz399006,创业板指,4018.17,4.4943
2026-07-10,sz399006,创业板指,3842.73,-4.3662
2026-07-13,sz399006,创业板指,3723.52,-3.1022
2026-07-14,sz399006,创业板指,3851.14,3.4274
2026-07-15,sz399006,创业板指,3804.7,-1.2059
2026-07-16,sz399006,创业板指,3692.46,-2.95
2026-07-17,sz399006,创业板指,3428.63,-7.1451
2026-07-20,sz399006,创业板指,3443.1,0.422
2026-07-21,sz399006,创业板指,3685.97,7.0538
2026-07-22,sz399006,创业板指,3566.73,-3.235
2026-07-23,sz399006,创业板指,3575.52,0.2464
2026-07-24,sz399006,创业板指,3480.87,-2.6472
2026-07-27,sz399006,创业板指,3590.79,3.1578
2026-07-28,sz399006,创业板指,3327.03,-7.3455
2026-07-29,sz399006,创业板指,3378.7,1.553
2026-07-30,sz399006,创业板指,3244.62,-3.9684
2026-07-31,sz399006,创业板指,3343.96,3.0617
2026-08-03,sz399006,创业板指,3302.55,-1.2384
2026-08-04,sz399006,创业板指,3488.97,5.6447
2026-08-05,sz399006,创业板指,3535.14,1.3233
2026-08-06,sz399006,创业板指,3515.56,-0.5539
2026-08-07,sz399006,创业板指,3563.12,1.3528
2026-08-10,sz399006,创业板指,3537.21,-0.7272
2026-08-11,sz399006,创业板指,3549.16,0.3378
2026-08-12,sz399006,创业板指,3602.08,1.4911
2026-08-13,sz399006,创业板指,3586.04,-0.4453
2026-08-14,sz399006,创业板指,3626.3,1.1227
2026-08-17,sz399006,创业板指,3740.16,3.1398
2026-08-18,sz399006,创业板指,3705.56,-0.9251
2026-08-19,sz399006,创业板指,3473.49,-6.2628

