日期,标的代码,标的名称,收盘价,涨跌幅
2016-01-04,sh600017,日照港,5.95,
2016-01-05,sh600017,日照港,5.8,-2.521
2016-01-06,sh600017,日照港,6.03,3.9655
2016-01-07,sh600017,日照港,5.52,-8.4577
2016-01-08,sh600017,日照港,5.65,2.3551
2016-01-11,sh600017,日照港,5.17,-8.4956
2016-01-12,sh600017,日照港,5.32,2.9014
2016-01-13,sh600017,日照港,5.19,-2.4436
2016-01-14,sh600017,日照港,5.26,1.3487
2016-01-15,sh600017,日照港,5.03,-4.3726
2016-01-18,sh600017,日照港,5.04,0.1988
2016-01-19,sh600017,日照港,5.21,3.373
2016-01-20,sh600017,日照港,5.25,0.7678
2016-01-21,sh600017,日照港,5.0,-4.7619
2016-01-22,sh600017,日照港,5.06,1.2
2016-01-25,sh600017,日照港,5.09,0.5929
2016-01-26,sh600017,日照港,4.64,-8.8409
2016-01-27,sh600017,日照港,4.44,-4.3103
2016-01-28,sh600017,日照港,4.11,-7.4324
2016-01-29,sh600017,日照港,4.22,2.6764
2016-02-01,sh600017,日照港,4.08,-3.3175
2016-02-02,sh600017,日照港,4.18,2.451
2016-02-03,sh600017,日照港,4.18,0.0
2016-02-04,sh600017,日照港,4.26,1.9139
2016-02-05,sh600017,日照港,4.42,3.7559
2016-02-15,sh600017,日照港,4.44,0.4525
2016-02-16,sh600017,日照港,4.62,4.0541
2016-02-17,sh600017,日照港,4.73,2.381
2016-02-18,sh600017,日照港,4.79,1.2685
2016-02-19,sh600017,日照港,4.71,-1.6701
2016-02-22,sh600017,日照港,4.79,1.6985
2016-02-23,sh600017,日照港,4.68,-2.2965
2016-02-24,sh600017,日照港,4.77,1.9231
2016-02-25,sh600017,日照港,4.29,-10.0629
2016-02-26,sh600017,日照港,4.3,0.2331
2016-02-29,sh600017,日照港,4.08,-5.1163
2016-03-01,sh600017,日照港,4.16,1.9608
2016-03-02,sh600017,日照港,4.45,6.9712
2016-03-03,sh600017,日照港,4.46,0.2247
2016-03-04,sh600017,日照港,4.46,0.0
2016-03-07,sh600017,日照港,4.53,1.5695
2016-03-08,sh600017,日照港,4.6,1.5453
2016-03-09,sh600017,日照港,4.43,-3.6957
2016-03-10,sh600017,日照港,4.3,-2.9345
2016-03-11,sh600017,日照港,4.25,-1.1628
2016-03-14,sh600017,日照港,4.4,3.5294
2016-03-15,sh600017,日照港,4.35,-1.1364
2016-03-16,sh600017,日照港,4.31,-0.9195
2016-03-17,sh600017,日照港,4.41,2.3202
2016-03-18,sh600017,日照港,4.58,3.8549
2016-03-21,sh600017,日照港,4.65,1.5284
2016-03-22,sh600017,日照港,4.58,-1.5054
2016-03-23,sh600017,日照港,4.57,-0.2183
2016-03-24,sh600017,日照港,4.56,-0.2188
2016-03-25,sh600017,日照港,4.64,1.7544
2016-03-28,sh600017,日照港,4.64,0.0
2016-03-29,sh600017,日照港,4.72,1.7241
2016-03-30,sh600017,日照港,5.02,6.3559
2016-03-31,sh600017,日照港,5.22,3.9841
2016-04-01,sh600017,日照港,5.1,-2.2989
2016-04-05,sh600017,日照港,5.15,0.9804
2016-04-06,sh600017,日照港,5.01,-2.7184
2016-04-07,sh600017,日照港,5.0,-0.1996
2016-04-08,sh600017,日照港,4.85,-3.0
2016-04-11,sh600017,日照港,4.94,1.8557
2016-04-12,sh600017,日照港,4.92,-0.4049
2016-04-13,sh600017,日照港,5.04,2.439
2016-04-14,sh600017,日照港,5.03,-0.1984
2016-04-15,sh600017,日照港,4.99,-0.7952
2016-04-18,sh600017,日照港,4.85,-2.8056
2016-04-19,sh600017,日照港,4.86,0.2062
2016-04-20,sh600017,日照港,4.57,-5.9671
2016-04-21,sh600017,日照港,4.47,-2.1882
2016-04-22,sh600017,日照港,4.5,0.6711
2016-04-25,sh600017,日照港,4.46,-0.8889
2016-04-26,sh600017,日照港,4.48,0.4484
2016-04-27,sh600017,日照港,4.45,-0.6696
2016-04-28,sh600017,日照港,4.4,-1.1236
2016-04-29,sh600017,日照港,4.38,-0.4545
2016-05-03,sh600017,日照港,4.48,2.2831
2016-05-04,sh600017,日照港,4.52,0.8929
2016-05-05,sh600017,日照港,4.51,-0.2212
2016-05-06,sh600017,日照港,4.33,-3.9911
2016-05-09,sh600017,日照港,4.17,-3.6952
2016-05-10,sh600017,日照港,4.22,1.199
2016-05-11,sh600017,日照港,4.21,-0.237
2016-05-12,sh600017,日照港,4.17,-0.9501
2016-05-13,sh600017,日照港,4.18,0.2398
2016-05-16,sh600017,日照港,4.23,1.1962
2016-05-17,sh600017,日照港,4.19,-0.9456
2016-05-18,sh600017,日照港,4.15,-0.9547
2016-05-19,sh600017,日照港,4.14,-0.241
2016-05-20,sh600017,日照港,4.15,0.2415
2016-05-23,sh600017,日照港,4.18,0.7229
2016-05-24,sh600017,日照港,4.14,-0.9569
2016-05-25,sh600017,日照港,4.17,0.7246
2016-05-26,sh600017,日照港,4.15,-0.4796
2016-05-27,sh600017,日照港,4.13,-0.4819
2016-05-30,sh600017,日照港,4.1,-0.7264
2016-05-31,sh600017,日照港,4.22,2.9268
2016-06-01,sh600017,日照港,4.25,0.7109
2016-06-02,sh600017,日照港,4.23,-0.4706
2016-06-03,sh600017,日照港,4.23,0.0
2016-06-06,sh600017,日照港,4.22,-0.2364
2016-06-07,sh600017,日照港,4.19,-0.7109
2016-06-08,sh600017,日照港,4.19,0.0
2016-06-13,sh600017,日照港,4.01,-4.2959
2016-06-14,sh600017,日照港,4.04,0.7481
2016-06-15,sh600017,日照港,4.11,1.7327
2016-06-16,sh600017,日照港,4.05,-1.4599
2016-06-17,sh600017,日照港,4.07,0.4938
2016-06-20,sh600017,日照港,4.05,-0.4914
2016-06-21,sh600017,日照港,4.05,0.0
2016-06-22,sh600017,日照港,4.07,0.4938
2016-06-23,sh600017,日照港,4.04,-0.7371
2016-06-24,sh600017,日照港,3.99,-1.2376
2016-06-27,sh600017,日照港,4.02,0.7519
2016-06-28,sh600017,日照港,4.06,0.995
2016-06-29,sh600017,日照港,4.07,0.2463
2016-06-30,sh600017,日照港,4.05,-0.4914
2016-07-01,sh600017,日照港,4.02,-0.7407
2016-07-04,sh600017,日照港,4.08,1.4925
2016-07-05,sh600017,日照港,4.15,1.7157
2016-07-06,sh600017,日照港,4.13,-0.4819
2016-07-07,sh600017,日照港,4.15,0.4843
2016-07-08,sh600017,日照港,4.2,1.2048
2016-07-11,sh600017,日照港,4.27,1.6667
2016-07-12,sh600017,日照港,4.28,0.2342
2016-07-13,sh600017,日照港,4.26,-0.4673
2016-07-14,sh600017,日照港,4.26,0.0
2016-07-15,sh600017,日照港,4.25,-0.2347
2016-07-18,sh600017,日照港,4.19,-1.4118
2016-07-19,sh600017,日照港,4.24,1.1933
2016-07-20,sh600017,日照港,4.19,-1.1792
2016-07-21,sh600017,日照港,4.19,0.0
2016-07-22,sh600017,日照港,4.13,-1.432
2016-07-25,sh600017,日照港,4.14,0.2421
2016-07-26,sh600017,日照港,4.17,0.7246
2016-07-27,sh600017,日照港,4.13,-0.9592
2016-07-28,sh600017,日照港,4.11,-0.4843
2016-07-29,sh600017,日照港,4.12,0.2433
2016-08-01,sh600017,日照港,4.06,-1.4563
2016-08-02,sh600017,日照港,4.06,0.0
2016-08-03,sh600017,日照港,4.07,0.2463
2016-08-04,sh600017,日照港,4.07,0.0
2016-08-05,sh600017,日照港,4.07,0.0
2016-08-08,sh600017,日照港,4.1,0.7371
2016-08-09,sh600017,日照港,4.1,0.0
2016-08-10,sh600017,日照港,4.1,0.0
2016-08-11,sh600017,日照港,4.07,-0.7317
2016-08-12,sh600017,日照港,4.1,0.7371
2016-08-15,sh600017,日照港,4.17,1.7073
2016-08-16,sh600017,日照港,4.17,0.0
2016-08-17,sh600017,日照港,4.17,0.0
2016-08-18,sh600017,日照港,4.21,0.9592
2016-08-19,sh600017,日照港,4.18,-0.7126
2016-08-22,sh600017,日照港,4.16,-0.4785
2016-08-23,sh600017,日照港,4.17,0.2404
2016-08-24,sh600017,日照港,4.16,-0.2398
2016-08-25,sh600017,日照港,4.11,-1.2019
2016-08-26,sh600017,日照港,4.1,-0.2433
2016-08-29,sh600017,日照港,4.1,0.0
2016-08-30,sh600017,日照港,4.1,0.0
2016-08-31,sh600017,日照港,4.09,-0.2439
2016-09-01,sh600017,日照港,4.09,0.0
2016-09-02,sh600017,日照港,4.07,-0.489
2016-09-05,sh600017,日照港,4.08,0.2457
2016-09-06,sh600017,日照港,4.1,0.4902
2016-09-07,sh600017,日照港,4.1,0.0
2016-09-08,sh600017,日照港,4.1,0.0
2016-09-09,sh600017,日照港,4.1,0.0
2016-09-12,sh600017,日照港,4.04,-1.4634
2016-09-13,sh600017,日照港,4.04,0.0
2016-09-14,sh600017,日照港,4.02,-0.495
2016-09-19,sh600017,日照港,4.03,0.2488
2016-09-20,sh600017,日照港,4.01,-0.4963
2016-09-21,sh600017,日照港,4.02,0.2494
2016-09-22,sh600017,日照港,4.03,0.2488
2016-09-23,sh600017,日照港,4.02,-0.2481
2016-09-26,sh600017,日照港,3.95,-1.7413
2016-09-27,sh600017,日照港,3.96,0.2532
2016-09-28,sh600017,日照港,3.94,-0.5051
2016-09-29,sh600017,日照港,3.94,0.0
2016-09-30,sh600017,日照港,3.94,0.0
2016-10-10,sh600017,日照港,3.97,0.7614
2016-10-11,sh600017,日照港,4.03,1.5113
2016-10-12,sh600017,日照港,4.04,0.2481
2016-10-13,sh600017,日照港,4.02,-0.495
2016-10-14,sh600017,日照港,4.01,-0.2488
2016-10-17,sh600017,日照港,3.99,-0.4988
2016-10-18,sh600017,日照港,4.05,1.5038
2016-10-19,sh600017,日照港,4.03,-0.4938
2016-10-20,sh600017,日照港,4.07,0.9926
2016-10-21,sh600017,日照港,4.12,1.2285
2016-10-24,sh600017,日照港,4.16,0.9709
2016-10-25,sh600017,日照港,4.16,0.0
2016-10-26,sh600017,日照港,4.11,-1.2019
2016-10-27,sh600017,日照港,4.09,-0.4866
2016-10-28,sh600017,日照港,4.05,-0.978
2016-10-31,sh600017,日照港,4.03,-0.4938
2016-11-01,sh600017,日照港,4.05,0.4963
2016-11-02,sh600017,日照港,3.99,-1.4815
2016-11-03,sh600017,日照港,4.02,0.7519
2016-11-04,sh600017,日照港,4.01,-0.2488
2016-11-07,sh600017,日照港,4.02,0.2494
2016-11-08,sh600017,日照港,4.06,0.995
2016-11-09,sh600017,日照港,4.04,-0.4926
2016-11-10,sh600017,日照港,4.08,0.9901
2016-11-11,sh600017,日照港,4.13,1.2255
2016-11-14,sh600017,日照港,4.22,2.1792
2016-11-15,sh600017,日照港,4.27,1.1848
2016-11-16,sh600017,日照港,4.35,1.8735
2016-11-17,sh600017,日照港,4.29,-1.3793
2016-11-18,sh600017,日照港,4.25,-0.9324
2016-11-21,sh600017,日照港,4.23,-0.4706
2016-11-22,sh600017,日照港,4.26,0.7092
2016-11-23,sh600017,日照港,4.18,-1.8779
2016-11-24,sh600017,日照港,4.16,-0.4785
2016-11-25,sh600017,日照港,4.19,0.7212
2016-11-28,sh600017,日照港,4.26,1.6706
2016-11-29,sh600017,日照港,4.25,-0.2347
2016-11-30,sh600017,日照港,4.23,-0.4706
2016-12-01,sh600017,日照港,4.26,0.7092
2016-12-02,sh600017,日照港,4.16,-2.3474
2016-12-05,sh600017,日照港,4.14,-0.4808
2016-12-06,sh600017,日照港,4.14,0.0
2016-12-07,sh600017,日照港,4.18,0.9662
2016-12-08,sh600017,日照港,4.22,0.9569
2016-12-09,sh600017,日照港,4.18,-0.9479
2016-12-12,sh600017,日照港,4.02,-3.8278
2016-12-13,sh600017,日照港,4.04,0.4975
2016-12-14,sh600017,日照港,4.01,-0.7426
2016-12-15,sh600017,日照港,4.03,0.4988
2016-12-16,sh600017,日照港,4.03,0.0
2016-12-19,sh600017,日照港,4.03,0.0
2016-12-20,sh600017,日照港,4.05,0.4963
2016-12-21,sh600017,日照港,4.12,1.7284
2016-12-22,sh600017,日照港,4.11,-0.2427
2016-12-23,sh600017,日照港,4.04,-1.7032
2016-12-26,sh600017,日照港,4.07,0.7426
2016-12-27,sh600017,日照港,4.06,-0.2457
2016-12-28,sh600017,日照港,4.02,-0.9852
2016-12-29,sh600017,日照港,4.03,0.2488
2016-12-30,sh600017,日照港,4.05,0.4963
2017-01-03,sh600017,日照港,4.1,1.2346
2017-01-04,sh600017,日照港,4.13,0.7317
2017-01-05,sh600017,日照港,4.12,-0.2421
2017-01-06,sh600017,日照港,4.11,-0.2427
2017-01-09,sh600017,日照港,4.12,0.2433
2017-01-10,sh600017,日照港,4.13,0.2427
2017-01-11,sh600017,日照港,4.08,-1.2107
2017-01-12,sh600017,日照港,4.05,-0.7353
2017-01-13,sh600017,日照港,4.02,-0.7407
2017-01-16,sh600017,日照港,3.95,-1.7413
2017-01-17,sh600017,日照港,3.99,1.0127
2017-01-18,sh600017,日照港,3.97,-0.5013
2017-01-19,sh600017,日照港,3.96,-0.2519
2017-01-20,sh600017,日照港,3.99,0.7576
2017-01-23,sh600017,日照港,4.0,0.2506
2017-01-24,sh600017,日照港,3.99,-0.25
2017-01-25,sh600017,日照港,3.99,0.0
2017-01-26,sh600017,日照港,4.0,0.2506
2017-02-03,sh600017,日照港,3.99,-0.25
2017-02-06,sh600017,日照港,4.01,0.5013
2017-02-07,sh600017,日照港,4.0,-0.2494
2017-02-08,sh600017,日照港,4.03,0.75
2017-02-09,sh600017,日照港,4.04,0.2481
2017-02-10,sh600017,日照港,4.09,1.2376
2017-02-13,sh600017,日照港,4.12,0.7335
2017-02-14,sh600017,日照港,4.13,0.2427
2017-02-15,sh600017,日照港,4.15,0.4843
2017-02-16,sh600017,日照港,4.18,0.7229
2017-02-17,sh600017,日照港,4.17,-0.2392
2017-02-20,sh600017,日照港,4.22,1.199
2017-02-21,sh600017,日照港,4.2,-0.4739
2017-02-22,sh600017,日照港,4.25,1.1905
2017-02-23,sh600017,日照港,4.19,-1.4118
2017-02-24,sh600017,日照港,4.19,0.0
2017-02-27,sh600017,日照港,4.13,-1.432
2017-02-28,sh600017,日照港,4.17,0.9685
2017-03-01,sh600017,日照港,4.15,-0.4796
2017-03-02,sh600017,日照港,4.15,0.0
2017-03-03,sh600017,日照港,4.12,-0.7229
2017-03-06,sh600017,日照港,4.15,0.7282
2017-03-07,sh600017,日照港,4.15,0.0
2017-03-08,sh600017,日照港,4.13,-0.4819
2017-03-09,sh600017,日照港,4.07,-1.4528
2017-03-10,sh600017,日照港,4.05,-0.4914
2017-03-13,sh600017,日照港,4.08,0.7407
2017-03-14,sh600017,日照港,4.08,0.0
2017-03-15,sh600017,日照港,4.06,-0.4902
2017-03-16,sh600017,日照港,4.11,1.2315
2017-03-17,sh600017,日照港,4.06,-1.2165
2017-03-20,sh600017,日照港,4.08,0.4926
2017-03-21,sh600017,日照港,4.08,0.0
2017-03-22,sh600017,日照港,4.08,0.0
2017-03-23,sh600017,日照港,4.06,-0.4902
2017-03-24,sh600017,日照港,4.16,2.4631
2017-03-27,sh600017,日照港,4.29,3.125
2017-03-28,sh600017,日照港,4.21,-1.8648
2017-03-29,sh600017,日照港,4.63,9.9762
2017-03-30,sh600017,日照港,4.55,-1.7279
2017-03-31,sh600017,日照港,4.3,-5.4945
2017-04-05,sh600017,日照港,4.37,1.6279
2017-04-06,sh600017,日照港,4.53,3.6613
2017-04-07,sh600017,日照港,4.41,-2.649
2017-04-10,sh600017,日照港,4.4,-0.2268
2017-04-11,sh600017,日照港,4.57,3.8636
2017-04-12,sh600017,日照港,4.5,-1.5317
2017-04-13,sh600017,日照港,4.62,2.6667
2017-04-14,sh600017,日照港,4.48,-3.0303
2017-04-17,sh600017,日照港,4.47,-0.2232
2017-04-18,sh600017,日照港,4.41,-1.3423
2017-04-19,sh600017,日照港,4.26,-3.4014
2017-04-20,sh600017,日照港,4.33,1.6432
2017-04-21,sh600017,日照港,4.28,-1.1547
2017-04-24,sh600017,日照港,4.12,-3.7383
2017-04-25,sh600017,日照港,4.18,1.4563
2017-04-26,sh600017,日照港,4.15,-0.7177
2017-04-27,sh600017,日照港,4.25,2.4096
2017-04-28,sh600017,日照港,4.26,0.2353
2017-05-02,sh600017,日照港,4.29,0.7042
2017-05-03,sh600017,日照港,4.34,1.1655
2017-05-04,sh600017,日照港,4.3,-0.9217
2017-05-05,sh600017,日照港,4.26,-0.9302
2017-05-08,sh600017,日照港,4.14,-2.8169
2017-05-09,sh600017,日照港,4.18,0.9662
2017-05-10,sh600017,日照港,4.05,-3.11
2017-05-11,sh600017,日照港,4.15,2.4691
2017-05-12,sh600017,日照港,4.22,1.6867
2017-05-15,sh600017,日照港,4.22,0.0
2017-05-16,sh600017,日照港,4.31,2.1327
2017-05-17,sh600017,日照港,4.31,0.0
2017-05-18,sh600017,日照港,4.28,-0.6961
2017-05-19,sh600017,日照港,4.27,-0.2336
2017-05-22,sh600017,日照港,4.2,-1.6393
2017-05-23,sh600017,日照港,4.12,-1.9048
2017-05-24,sh600017,日照港,4.19,1.699
2017-05-25,sh600017,日照港,4.24,1.1933
2017-05-26,sh600017,日照港,4.22,-0.4717
2017-05-31,sh600017,日照港,4.29,1.6588
2017-06-01,sh600017,日照港,4.22,-1.6317
2017-06-02,sh600017,日照港,4.29,1.6588
2017-06-05,sh600017,日照港,4.34,1.1655
2017-06-06,sh600017,日照港,4.34,0.0
2017-06-07,sh600017,日照港,4.41,1.6129
2017-06-08,sh600017,日照港,4.38,-0.6803
2017-06-09,sh600017,日照港,4.37,-0.2283
2017-06-12,sh600017,日照港,4.35,-0.4577
2017-06-13,sh600017,日照港,4.44,2.069
2017-06-14,sh600017,日照港,4.41,-0.6757
2017-06-15,sh600017,日照港,4.41,0.0
2017-06-16,sh600017,日照港,4.34,-1.5873
2017-06-19,sh600017,日照港,4.43,2.0737
2017-06-20,sh600017,日照港,4.42,-0.2257
2017-06-21,sh600017,日照港,4.38,-0.905
2017-06-22,sh600017,日照港,4.32,-1.3699
2017-06-23,sh600017,日照港,4.34,0.463
2017-06-26,sh600017,日照港,4.37,0.6912
2017-06-27,sh600017,日照港,4.37,0.0
2017-06-28,sh600017,日照港,4.46,2.0595
2017-06-29,sh600017,日照港,4.49,0.6726
2017-06-30,sh600017,日照港,4.5,0.2227
2017-07-03,sh600017,日照港,4.47,-0.6667
2017-07-04,sh600017,日照港,4.47,0.0
2017-07-05,sh600017,日照港,4.47,0.0
2017-07-06,sh600017,日照港,4.6,2.9083
2017-07-07,sh600017,日照港,4.54,-1.3043
2017-07-10,sh600017,日照港,4.61,1.5419
2017-07-11,sh600017,日照港,4.5,-2.3861
2017-07-12,sh600017,日照港,4.44,-1.3333
2017-07-13,sh600017,日照港,4.46,0.4505
2017-07-14,sh600017,日照港,4.53,1.5695
2017-07-17,sh600017,日照港,4.36,-3.7528
2017-07-18,sh600017,日照港,4.41,1.1468
2017-07-19,sh600017,日照港,4.5,2.0408
2017-07-20,sh600017,日照港,4.52,0.4444
2017-07-21,sh600017,日照港,4.49,-0.6637
2017-07-24,sh600017,日照港,4.62,2.8953
2017-07-25,sh600017,日照港,4.64,0.4329
2017-07-26,sh600017,日照港,4.59,-1.0776
2017-07-27,sh600017,日照港,4.76,3.7037
2017-07-28,sh600017,日照港,4.69,-1.4706
2017-07-31,sh600017,日照港,4.68,-0.2132
2017-08-01,sh600017,日照港,4.71,0.641
2017-08-02,sh600017,日照港,4.77,1.2739
2017-08-03,sh600017,日照港,4.73,-0.8386
2017-08-04,sh600017,日照港,4.66,-1.4799
2017-08-07,sh600017,日照港,4.7,0.8584
2017-08-08,sh600017,日照港,4.65,-1.0638
2017-08-09,sh600017,日照港,4.65,0.0
2017-08-10,sh600017,日照港,4.57,-1.7204
2017-08-11,sh600017,日照港,4.46,-2.407
2017-08-14,sh600017,日照港,4.52,1.3453
2017-08-15,sh600017,日照港,4.55,0.6637
2017-08-16,sh600017,日照港,4.52,-0.6593
2017-08-17,sh600017,日照港,4.56,0.885
2017-08-18,sh600017,日照港,4.55,-0.2193
2017-08-21,sh600017,日照港,4.57,0.4396
2017-08-22,sh600017,日照港,4.54,-0.6565
2017-08-23,sh600017,日照港,4.52,-0.4405
2017-08-24,sh600017,日照港,4.43,-1.9912
2017-08-25,sh600017,日照港,4.5,1.5801
2017-08-28,sh600017,日照港,4.53,0.6667
2017-08-29,sh600017,日照港,4.55,0.4415
2017-08-30,sh600017,日照港,4.56,0.2198
2017-08-31,sh600017,日照港,4.56,0.0
2017-09-01,sh600017,日照港,4.61,1.0965
2017-09-04,sh600017,日照港,4.59,-0.4338
2017-09-05,sh600017,日照港,4.57,-0.4357
2017-09-06,sh600017,日照港,4.54,-0.6565
2017-09-07,sh600017,日照港,4.49,-1.1013
2017-09-08,sh600017,日照港,4.52,0.6682
2017-09-11,sh600017,日照港,4.49,-0.6637
2017-09-12,sh600017,日照港,4.46,-0.6682
2017-09-13,sh600017,日照港,4.48,0.4484
2017-09-14,sh600017,日照港,4.48,0.0
2017-09-15,sh600017,日照港,4.41,-1.5625
2017-09-18,sh600017,日照港,4.41,0.0
2017-09-19,sh600017,日照港,4.42,0.2268
2017-09-20,sh600017,日照港,4.44,0.4525
2017-09-21,sh600017,日照港,4.38,-1.3514
2017-09-22,sh600017,日照港,4.32,-1.3699
2017-09-25,sh600017,日照港,4.24,-1.8519
2017-09-26,sh600017,日照港,4.26,0.4717
2017-09-27,sh600017,日照港,4.27,0.2347
2017-09-28,sh600017,日照港,4.21,-1.4052
2017-09-29,sh600017,日照港,4.22,0.2375
2017-10-09,sh600017,日照港,4.3,1.8957
2017-10-10,sh600017,日照港,4.32,0.4651
2017-10-11,sh600017,日照港,4.33,0.2315
2017-10-12,sh600017,日照港,4.3,-0.6928
2017-10-13,sh600017,日照港,4.31,0.2326
2017-10-16,sh600017,日照港,4.28,-0.6961
2017-10-17,sh600017,日照港,4.25,-0.7009
2017-10-18,sh600017,日照港,4.26,0.2353
2017-10-19,sh600017,日照港,4.2,-1.4085
2017-10-20,sh600017,日照港,4.3,2.381
2017-10-23,sh600017,日照港,4.28,-0.4651
2017-10-24,sh600017,日照港,4.27,-0.2336
2017-10-25,sh600017,日照港,4.26,-0.2342
2017-10-26,sh600017,日照港,4.27,0.2347
2017-10-27,sh600017,日照港,4.28,0.2342
2017-10-30,sh600017,日照港,4.19,-2.1028
2017-10-31,sh600017,日照港,4.25,1.432
2017-11-01,sh600017,日照港,4.21,-0.9412
2017-11-02,sh600017,日照港,4.15,-1.4252
2017-11-03,sh600017,日照港,4.11,-0.9639
2017-11-06,sh600017,日照港,4.13,0.4866
2017-11-07,sh600017,日照港,4.14,0.2421
2017-11-08,sh600017,日照港,4.15,0.2415
2017-11-09,sh600017,日照港,4.14,-0.241
2017-11-10,sh600017,日照港,4.1,-0.9662
2017-11-13,sh600017,日照港,4.11,0.2439
2017-11-14,sh600017,日照港,4.12,0.2433
2017-11-15,sh600017,日照港,4.05,-1.699
2017-11-16,sh600017,日照港,4.02,-0.7407
2017-11-17,sh600017,日照港,3.93,-2.2388
2017-11-20,sh600017,日照港,3.95,0.5089
2017-11-21,sh600017,日照港,3.98,0.7595
2017-11-22,sh600017,日照港,3.99,0.2513
2017-11-23,sh600017,日照港,3.91,-2.005
2017-11-24,sh600017,日照港,3.95,1.023
2017-11-27,sh600017,日照港,3.94,-0.2532
2017-11-28,sh600017,日照港,3.95,0.2538
2017-11-29,sh600017,日照港,3.95,0.0
2017-11-30,sh600017,日照港,3.93,-0.5063
2017-12-01,sh600017,日照港,3.95,0.5089
2017-12-04,sh600017,日照港,3.94,-0.2532
2017-12-05,sh600017,日照港,3.91,-0.7614
2017-12-06,sh600017,日照港,3.9,-0.2558
2017-12-07,sh600017,日照港,3.9,0.0
2017-12-08,sh600017,日照港,3.92,0.5128
2017-12-11,sh600017,日照港,3.95,0.7653
2017-12-12,sh600017,日照港,3.91,-1.0127
2017-12-13,sh600017,日照港,3.93,0.5115
2017-12-14,sh600017,日照港,3.94,0.2545
2017-12-15,sh600017,日照港,3.9,-1.0152
2017-12-18,sh600017,日照港,3.92,0.5128
2017-12-19,sh600017,日照港,3.92,0.0
2017-12-20,sh600017,日照港,3.88,-1.0204
2017-12-21,sh600017,日照港,3.88,0.0
2017-12-22,sh600017,日照港,3.89,0.2577
2017-12-25,sh600017,日照港,3.88,-0.2571
2017-12-26,sh600017,日照港,3.89,0.2577
2017-12-27,sh600017,日照港,3.87,-0.5141
2017-12-28,sh600017,日照港,3.86,-0.2584
2017-12-29,sh600017,日照港,3.88,0.5181
2018-01-02,sh600017,日照港,3.91,0.7732
2018-01-03,sh600017,日照港,3.95,1.023
2018-01-04,sh600017,日照港,3.96,0.2532
2018-01-05,sh600017,日照港,3.96,0.0
2018-01-08,sh600017,日照港,3.98,0.5051
2018-01-09,sh600017,日照港,3.97,-0.2513
2018-01-10,sh600017,日照港,3.98,0.2519
2018-01-11,sh600017,日照港,3.97,-0.2513
2018-01-12,sh600017,日照港,3.95,-0.5038
2018-01-15,sh600017,日照港,3.89,-1.519
2018-01-16,sh600017,日照港,3.9,0.2571
2018-01-17,sh600017,日照港,3.96,1.5385
2018-01-18,sh600017,日照港,3.98,0.5051
2018-01-19,sh600017,日照港,4.01,0.7538
2018-01-22,sh600017,日照港,4.01,0.0
2018-01-23,sh600017,日照港,4.02,0.2494
2018-01-24,sh600017,日照港,4.01,-0.2488
2018-01-25,sh600017,日照港,4.03,0.4988
2018-01-26,sh600017,日照港,4.04,0.2481
2018-01-29,sh600017,日照港,4.03,-0.2475
2018-01-30,sh600017,日照港,4.03,0.0
2018-01-31,sh600017,日照港,3.94,-2.2333
2018-02-01,sh600017,日照港,3.88,-1.5228
2018-02-02,sh600017,日照港,3.9,0.5155
2018-02-05,sh600017,日照港,3.89,-0.2564
2018-02-06,sh600017,日照港,3.74,-3.856
2018-02-07,sh600017,日照港,3.74,0.0
2018-02-08,sh600017,日照港,3.77,0.8021
2018-02-09,sh600017,日照港,3.68,-2.3873
2018-02-12,sh600017,日照港,3.71,0.8152
2018-02-13,sh600017,日照港,3.72,0.2695
2018-02-14,sh600017,日照港,3.72,0.0
2018-02-22,sh600017,日照港,3.75,0.8065
2018-02-23,sh600017,日照港,3.8,1.3333
2018-02-26,sh600017,日照港,3.82,0.5263
2018-02-27,sh600017,日照港,3.79,-0.7853
2018-02-28,sh600017,日照港,3.8,0.2639
2018-03-01,sh600017,日照港,3.79,-0.2632
2018-03-02,sh600017,日照港,3.77,-0.5277
2018-03-05,sh600017,日照港,3.76,-0.2653
2018-03-06,sh600017,日照港,3.79,0.7979
2018-03-07,sh600017,日照港,3.8,0.2639
2018-03-08,sh600017,日照港,3.8,0.0
2018-03-09,sh600017,日照港,3.85,1.3158
2018-03-12,sh600017,日照港,3.83,-0.5195
2018-03-13,sh600017,日照港,3.84,0.2611
2018-03-14,sh600017,日照港,3.8,-1.0417
2018-03-15,sh600017,日照港,3.79,-0.2632
2018-03-16,sh600017,日照港,3.76,-0.7916
2018-03-19,sh600017,日照港,3.78,0.5319
2018-03-20,sh600017,日照港,3.74,-1.0582
2018-03-21,sh600017,日照港,3.74,0.0
2018-03-22,sh600017,日照港,3.76,0.5348
2018-03-23,sh600017,日照港,3.56,-5.3191
2018-03-26,sh600017,日照港,3.63,1.9663
2018-03-27,sh600017,日照港,3.7,1.9284
2018-03-28,sh600017,日照港,3.68,-0.5405
2018-03-29,sh600017,日照港,3.68,0.0
2018-03-30,sh600017,日照港,3.68,0.0
2018-04-02,sh600017,日照港,3.65,-0.8152
2018-04-03,sh600017,日照港,3.71,1.6438
2018-04-04,sh600017,日照港,3.7,-0.2695
2018-04-09,sh600017,日照港,3.72,0.5405
2018-04-10,sh600017,日照港,3.75,0.8065
2018-04-11,sh600017,日照港,3.75,0.0
2018-04-12,sh600017,日照港,3.8,1.3333
2018-04-13,sh600017,日照港,3.83,0.7895
2018-04-16,sh600017,日照港,3.81,-0.5222
2018-04-17,sh600017,日照港,3.77,-1.0499
2018-04-18,sh600017,日照港,3.81,1.061
2018-04-19,sh600017,日照港,3.84,0.7874
2018-04-20,sh600017,日照港,3.79,-1.3021
2018-04-23,sh600017,日照港,3.81,0.5277
2018-04-24,sh600017,日照港,3.83,0.5249
2018-04-25,sh600017,日照港,3.87,1.0444
2018-04-26,sh600017,日照港,3.76,-2.8424
2018-04-27,sh600017,日照港,3.83,1.8617
2018-05-02,sh600017,日照港,3.83,0.0
2018-05-03,sh600017,日照港,3.9,1.8277
2018-05-04,sh600017,日照港,3.94,1.0256
2018-05-07,sh600017,日照港,3.93,-0.2538
2018-05-08,sh600017,日照港,3.98,1.2723
2018-05-09,sh600017,日照港,4.03,1.2563
2018-05-10,sh600017,日照港,4.03,0.0
2018-05-11,sh600017,日照港,3.94,-2.2333
2018-05-14,sh600017,日照港,3.92,-0.5076
2018-05-15,sh600017,日照港,3.89,-0.7653
2018-05-16,sh600017,日照港,3.85,-1.0283
2018-05-17,sh600017,日照港,3.86,0.2597
2018-05-18,sh600017,日照港,3.87,0.2591
2018-05-21,sh600017,日照港,4.02,3.876
2018-05-22,sh600017,日照港,3.98,-0.995
2018-05-23,sh600017,日照港,3.89,-2.2613
2018-05-24,sh600017,日照港,3.88,-0.2571
2018-05-25,sh600017,日照港,3.84,-1.0309
2018-05-28,sh600017,日照港,3.85,0.2604
2018-05-29,sh600017,日照港,3.89,1.039
2018-05-30,sh600017,日照港,3.66,-5.9126
2018-05-31,sh600017,日照港,3.72,1.6393
2018-06-01,sh600017,日照港,3.67,-1.3441
2018-06-04,sh600017,日照港,3.75,2.1798
2018-06-05,sh600017,日照港,3.75,0.0
2018-06-06,sh600017,日照港,3.71,-1.0667
2018-06-07,sh600017,日照港,3.66,-1.3477
2018-06-08,sh600017,日照港,3.59,-1.9126
2018-06-11,sh600017,日照港,3.51,-2.2284
2018-06-12,sh600017,日照港,3.55,1.1396
2018-06-13,sh600017,日照港,3.45,-2.8169
2018-06-14,sh600017,日照港,3.46,0.2899
2018-06-15,sh600017,日照港,3.45,-0.289
2018-06-19,sh600017,日照港,3.11,-9.8551
2018-06-20,sh600017,日照港,3.16,1.6077
2018-06-21,sh600017,日照港,3.11,-1.5823
2018-06-22,sh600017,日照港,3.14,0.9646
2018-06-25,sh600017,日照港,3.15,0.3185
2018-06-26,sh600017,日照港,3.15,0.0
2018-06-27,sh600017,日照港,3.16,0.3175
2018-06-28,sh600017,日照港,3.15,-0.3165
2018-06-29,sh600017,日照港,3.21,1.9048
2018-07-02,sh600017,日照港,3.2,-0.3115
2018-07-03,sh600017,日照港,3.27,2.1875
2018-07-04,sh600017,日照港,3.22,-1.5291
2018-07-05,sh600017,日照港,3.12,-3.1056
2018-07-06,sh600017,日照港,3.14,0.641
2018-07-09,sh600017,日照港,3.19,1.5924
2018-07-10,sh600017,日照港,3.2,0.3135
2018-07-11,sh600017,日照港,3.21,0.3125
2018-07-12,sh600017,日照港,3.24,0.9346
2018-07-13,sh600017,日照港,3.24,0.0
2018-07-16,sh600017,日照港,3.22,-0.6173
2018-07-17,sh600017,日照港,3.17,-1.5528
2018-07-18,sh600017,日照港,3.17,0.0
2018-07-19,sh600017,日照港,3.18,0.3155
2018-07-20,sh600017,日照港,3.22,1.2579
2018-07-23,sh600017,日照港,3.28,1.8634
2018-07-24,sh600017,日照港,3.33,1.5244
2018-07-25,sh600017,日照港,3.3,-0.9009
2018-07-26,sh600017,日照港,3.34,1.2121
2018-07-27,sh600017,日照港,3.34,0.0
2018-07-30,sh600017,日照港,3.31,-0.8982
2018-07-31,sh600017,日照港,3.33,0.6042
2018-08-01,sh600017,日照港,3.3,-0.9009
2018-08-02,sh600017,日照港,3.18,-3.6364
2018-08-03,sh600017,日照港,3.19,0.3145
2018-08-06,sh600017,日照港,3.21,0.627
2018-08-07,sh600017,日照港,3.31,3.1153
2018-08-08,sh600017,日照港,3.26,-1.5106
2018-08-09,sh600017,日照港,3.31,1.5337
2018-08-10,sh600017,日照港,3.31,0.0
2018-08-13,sh600017,日照港,3.28,-0.9063
2018-08-14,sh600017,日照港,3.28,0.0
2018-08-15,sh600017,日照港,3.21,-2.1341
2018-08-16,sh600017,日照港,3.17,-1.2461
2018-08-17,sh600017,日照港,3.12,-1.5773
2018-08-20,sh600017,日照港,3.12,0.0
2018-08-21,sh600017,日照港,3.13,0.3205
2018-08-22,sh600017,日照港,3.13,0.0
2018-08-23,sh600017,日照港,3.1,-0.9585
2018-08-24,sh600017,日照港,3.1,0.0
2018-08-27,sh600017,日照港,3.14,1.2903
2018-08-28,sh600017,日照港,3.14,0.0
2018-08-29,sh600017,日照港,3.11,-0.9554
2018-08-30,sh600017,日照港,3.08,-0.9646
2018-08-31,sh600017,日照港,3.08,0.0
2018-09-03,sh600017,日照港,3.05,-0.974
2018-09-04,sh600017,日照港,3.05,0.0
2018-09-05,sh600017,日照港,3.04,-0.3279
2018-09-06,sh600017,日照港,3.01,-0.9868
2018-09-07,sh600017,日照港,3.04,0.9967
2018-09-10,sh600017,日照港,2.99,-1.6447
2018-09-11,sh600017,日照港,3.0,0.3344
2018-09-12,sh600017,日照港,2.99,-0.3333
2018-09-13,sh600017,日照港,3.02,1.0033
2018-09-14,sh600017,日照港,3.0,-0.6623
2018-09-17,sh600017,日照港,2.95,-1.6667
2018-09-18,sh600017,日照港,2.98,1.0169
2018-09-19,sh600017,日照港,3.0,0.6711
2018-09-20,sh600017,日照港,3.0,0.0
2018-09-21,sh600017,日照港,3.04,1.3333
2018-09-25,sh600017,日照港,3.04,0.0
2018-09-26,sh600017,日照港,3.04,0.0
2018-09-27,sh600017,日照港,3.02,-0.6579
2018-09-28,sh600017,日照港,3.04,0.6623
2018-10-08,sh600017,日照港,2.97,-2.3026
2018-10-09,sh600017,日照港,2.98,0.3367
2018-10-10,sh600017,日照港,2.98,0.0
2018-10-11,sh600017,日照港,2.71,-9.0604
2018-10-12,sh600017,日照港,2.66,-1.845
2018-10-15,sh600017,日照港,2.6,-2.2556
2018-10-16,sh600017,日照港,2.55,-1.9231
2018-10-17,sh600017,日照港,2.58,1.1765
2018-10-18,sh600017,日照港,2.49,-3.4884
2018-10-19,sh600017,日照港,2.53,1.6064
2018-10-22,sh600017,日照港,2.69,6.3241
2018-10-23,sh600017,日照港,2.65,-1.487
2018-10-24,sh600017,日照港,2.67,0.7547
2018-10-25,sh600017,日照港,2.71,1.4981
2018-10-26,sh600017,日照港,2.69,-0.738
2018-10-29,sh600017,日照港,2.68,-0.3717
2018-10-30,sh600017,日照港,2.72,1.4925
2018-10-31,sh600017,日照港,2.79,2.5735
2018-11-01,sh600017,日照港,2.79,0.0
2018-11-02,sh600017,日照港,2.86,2.509
2018-11-05,sh600017,日照港,2.84,-0.6993
2018-11-06,sh600017,日照港,2.84,0.0
2018-11-07,sh600017,日照港,2.84,0.0
2018-11-08,sh600017,日照港,2.82,-0.7042
2018-11-09,sh600017,日照港,2.85,1.0638
2018-11-12,sh600017,日照港,2.92,2.4561
2018-11-13,sh600017,日照港,2.95,1.0274
2018-11-14,sh600017,日照港,2.93,-0.678
2018-11-15,sh600017,日照港,2.96,1.0239
2018-11-16,sh600017,日照港,2.96,0.0
2018-11-19,sh600017,日照港,3.0,1.3514
2018-11-20,sh600017,日照港,2.91,-3.0
2018-11-21,sh600017,日照港,2.91,0.0
2018-11-22,sh600017,日照港,2.9,-0.3436
2018-11-23,sh600017,日照港,2.8,-3.4483
2018-11-26,sh600017,日照港,2.83,1.0714
2018-11-27,sh600017,日照港,2.83,0.0
2018-11-28,sh600017,日照港,2.87,1.4134
2018-11-29,sh600017,日照港,2.84,-1.0453
2018-11-30,sh600017,日照港,2.85,0.3521
2018-12-03,sh600017,日照港,2.93,2.807
2018-12-04,sh600017,日照港,2.96,1.0239
2018-12-05,sh600017,日照港,2.94,-0.6757
2018-12-06,sh600017,日照港,2.93,-0.3401
2018-12-07,sh600017,日照港,2.9,-1.0239
2018-12-10,sh600017,日照港,2.88,-0.6897
2018-12-11,sh600017,日照港,2.87,-0.3472
2018-12-12,sh600017,日照港,2.88,0.3484
2018-12-13,sh600017,日照港,2.92,1.3889
2018-12-14,sh600017,日照港,2.85,-2.3973
2018-12-17,sh600017,日照港,2.84,-0.3509
2018-12-18,sh600017,日照港,2.85,0.3521
2018-12-19,sh600017,日照港,2.82,-1.0526
2018-12-20,sh600017,日照港,2.86,1.4184
2018-12-21,sh600017,日照港,2.79,-2.4476
2018-12-24,sh600017,日照港,2.8,0.3584
2018-12-25,sh600017,日照港,2.79,-0.3571
2018-12-26,sh600017,日照港,2.79,0.0
2018-12-27,sh600017,日照港,2.76,-1.0753
2018-12-28,sh600017,日照港,2.76,0.0
2019-01-02,sh600017,日照港,2.7,-2.1739
2019-01-03,sh600017,日照港,2.73,1.1111
2019-01-04,sh600017,日照港,2.78,1.8315
2019-01-07,sh600017,日照港,2.84,2.1583
2019-01-08,sh600017,日照港,2.92,2.8169
2019-01-09,sh600017,日照港,2.92,0.0
2019-01-10,sh600017,日照港,2.92,0.0
2019-01-11,sh600017,日照港,2.9,-0.6849
2019-01-14,sh600017,日照港,2.89,-0.3448
2019-01-15,sh600017,日照港,2.91,0.692
2019-01-16,sh600017,日照港,2.9,-0.3436
2019-01-17,sh600017,日照港,2.88,-0.6897
2019-01-18,sh600017,日照港,2.89,0.3472
2019-01-21,sh600017,日照港,2.9,0.346
2019-01-22,sh600017,日照港,2.84,-2.069
2019-01-23,sh600017,日照港,2.84,0.0
2019-01-24,sh600017,日照港,2.88,1.4085
2019-01-25,sh600017,日照港,2.86,-0.6944
2019-01-28,sh600017,日照港,2.86,0.0
2019-01-29,sh600017,日照港,2.8,-2.0979
2019-01-30,sh600017,日照港,2.79,-0.3571
2019-01-31,sh600017,日照港,2.8,0.3584
2019-02-01,sh600017,日照港,2.85,1.7857
2019-02-11,sh600017,日照港,2.92,2.4561
2019-02-12,sh600017,日照港,2.92,0.0
2019-02-13,sh600017,日照港,2.98,2.0548
2019-02-14,sh600017,日照港,3.0,0.6711
2019-02-15,sh600017,日照港,2.95,-1.6667
2019-02-18,sh600017,日照港,3.07,4.0678
2019-02-19,sh600017,日照港,3.05,-0.6515
2019-02-20,sh600017,日照港,3.05,0.0
2019-02-21,sh600017,日照港,3.05,0.0
2019-02-22,sh600017,日照港,3.08,0.9836
2019-02-25,sh600017,日照港,3.24,5.1948
2019-02-26,sh600017,日照港,3.29,1.5432
2019-02-27,sh600017,日照港,3.26,-0.9119
2019-02-28,sh600017,日照港,3.28,0.6135
2019-03-01,sh600017,日照港,3.26,-0.6098
2019-03-04,sh600017,日照港,3.29,0.9202
2019-03-05,sh600017,日照港,3.32,0.9119
2019-03-06,sh600017,日照港,3.39,2.1084
2019-03-07,sh600017,日照港,3.46,2.0649
2019-03-08,sh600017,日照港,3.21,-7.2254
2019-03-11,sh600017,日照港,3.43,6.8536
2019-03-12,sh600017,日照港,3.4,-0.8746
2019-03-13,sh600017,日照港,3.32,-2.3529
2019-03-14,sh600017,日照港,3.25,-2.1084
2019-03-15,sh600017,日照港,3.32,2.1538
2019-03-18,sh600017,日照港,3.38,1.8072
2019-03-19,sh600017,日照港,3.44,1.7751
2019-03-20,sh600017,日照港,3.46,0.5814
2019-03-21,sh600017,日照港,3.44,-0.578
2019-03-22,sh600017,日照港,3.56,3.4884
2019-03-25,sh600017,日照港,3.47,-2.5281
2019-03-26,sh600017,日照港,3.52,1.4409
2019-03-27,sh600017,日照港,3.67,4.2614
2019-03-28,sh600017,日照港,3.67,0.0
2019-03-29,sh600017,日照港,3.63,-1.0899
2019-04-01,sh600017,日照港,3.76,3.5813
2019-04-02,sh600017,日照港,3.72,-1.0638
2019-04-03,sh600017,日照港,3.78,1.6129
2019-04-04,sh600017,日照港,3.76,-0.5291
2019-04-08,sh600017,日照港,3.73,-0.7979
2019-04-09,sh600017,日照港,3.68,-1.3405
2019-04-10,sh600017,日照港,3.7,0.5435
2019-04-11,sh600017,日照港,3.76,1.6216
2019-04-12,sh600017,日照港,3.71,-1.3298
2019-04-15,sh600017,日照港,3.66,-1.3477
2019-04-16,sh600017,日照港,3.65,-0.2732
2019-04-17,sh600017,日照港,3.64,-0.274
2019-04-18,sh600017,日照港,3.6,-1.0989
2019-04-19,sh600017,日照港,3.61,0.2778
2019-04-22,sh600017,日照港,3.53,-2.2161
2019-04-23,sh600017,日照港,3.46,-1.983
2019-04-24,sh600017,日照港,3.48,0.578
2019-04-25,sh600017,日照港,3.35,-3.7356
2019-04-26,sh600017,日照港,3.37,0.597
2019-04-29,sh600017,日照港,3.38,0.2967
2019-04-30,sh600017,日照港,3.43,1.4793
2019-05-06,sh600017,日照港,3.14,-8.4548
2019-05-07,sh600017,日照港,3.18,1.2739
2019-05-08,sh600017,日照港,3.16,-0.6289
2019-05-09,sh600017,日照港,3.1,-1.8987
2019-05-10,sh600017,日照港,3.16,1.9355
2019-05-13,sh600017,日照港,3.11,-1.5823
2019-05-14,sh600017,日照港,3.08,-0.9646
2019-05-15,sh600017,日照港,3.15,2.2727
2019-05-16,sh600017,日照港,3.17,0.6349
2019-05-17,sh600017,日照港,3.17,0.0
2019-05-20,sh600017,日照港,3.07,-3.1546
2019-05-21,sh600017,日照港,3.11,1.3029
2019-05-22,sh600017,日照港,3.05,-1.9293
2019-05-23,sh600017,日照港,3.02,-0.9836
2019-05-24,sh600017,日照港,3.02,0.0
2019-05-27,sh600017,日照港,3.09,2.3179
2019-05-28,sh600017,日照港,3.07,-0.6472
2019-05-29,sh600017,日照港,3.07,0.0
2019-05-30,sh600017,日照港,3.05,-0.6515
2019-05-31,sh600017,日照港,3.07,0.6557
2019-06-03,sh600017,日照港,3.04,-0.9772
2019-06-04,sh600017,日照港,3.05,0.3289
2019-06-05,sh600017,日照港,3.01,-1.3115
2019-06-06,sh600017,日照港,2.96,-1.6611
2019-06-10,sh600017,日照港,2.97,0.3378
2019-06-11,sh600017,日照港,3.06,3.0303
2019-06-12,sh600017,日照港,3.03,-0.9804
2019-06-13,sh600017,日照港,3.03,0.0
2019-06-14,sh600017,日照港,3.0,-0.9901
2019-06-17,sh600017,日照港,3.02,0.6667
2019-06-18,sh600017,日照港,3.04,0.6623
2019-06-19,sh600017,日照港,3.34,9.8684
2019-06-20,sh600017,日照港,3.24,-2.994
2019-06-21,sh600017,日照港,3.22,-0.6173
2019-06-24,sh600017,日照港,3.17,-1.5528
2019-06-25,sh600017,日照港,3.15,-0.6309
2019-06-26,sh600017,日照港,3.15,0.0
2019-06-27,sh600017,日照港,3.17,0.6349
2019-06-28,sh600017,日照港,3.15,-0.6309
2019-07-01,sh600017,日照港,3.2,1.5873
2019-07-02,sh600017,日照港,3.17,-0.9375
2019-07-03,sh600017,日照港,3.14,-0.9464
2019-07-04,sh600017,日照港,3.14,0.0
2019-07-05,sh600017,日照港,3.21,2.2293
2019-07-08,sh600017,日照港,3.08,-4.0498
2019-07-09,sh600017,日照港,3.08,0.0
2019-07-10,sh600017,日照港,3.06,-0.6494
2019-07-11,sh600017,日照港,3.08,0.6536
2019-07-12,sh600017,日照港,3.12,1.2987
2019-07-15,sh600017,日照港,3.09,-0.9615
2019-07-16,sh600017,日照港,3.13,1.2945
2019-07-17,sh600017,日照港,3.1,-0.9585
2019-07-18,sh600017,日照港,3.05,-1.6129
2019-07-19,sh600017,日照港,3.06,0.3279
2019-07-22,sh600017,日照港,3.02,-1.3072
2019-07-23,sh600017,日照港,3.04,0.6623
2019-07-24,sh600017,日照港,3.08,1.3158
2019-07-25,sh600017,日照港,3.08,0.0
2019-07-26,sh600017,日照港,3.09,0.3247
2019-07-29,sh600017,日照港,3.08,-0.3236
2019-07-30,sh600017,日照港,3.09,0.3247
2019-07-31,sh600017,日照港,3.09,0.0
2019-08-01,sh600017,日照港,3.06,-0.9709
2019-08-02,sh600017,日照港,3.03,-0.9804
2019-08-05,sh600017,日照港,2.99,-1.3201
2019-08-06,sh600017,日照港,2.89,-3.3445
2019-08-07,sh600017,日照港,2.89,0.0
2019-08-08,sh600017,日照港,2.9,0.346
2019-08-09,sh600017,日照港,2.87,-1.0345
2019-08-12,sh600017,日照港,2.9,1.0453
2019-08-13,sh600017,日照港,2.89,-0.3448
2019-08-14,sh600017,日照港,2.92,1.0381
2019-08-15,sh600017,日照港,2.89,-1.0274
2019-08-16,sh600017,日照港,2.89,0.0
2019-08-19,sh600017,日照港,2.95,2.0761
2019-08-20,sh600017,日照港,2.95,0.0
2019-08-21,sh600017,日照港,2.97,0.678
2019-08-22,sh600017,日照港,2.95,-0.6734
2019-08-23,sh600017,日照港,3.1,5.0847
2019-08-26,sh600017,日照港,3.01,-2.9032
2019-08-27,sh600017,日照港,3.07,1.9934
2019-08-28,sh600017,日照港,3.01,-1.9544
2019-08-29,sh600017,日照港,2.99,-0.6645
2019-08-30,sh600017,日照港,2.95,-1.3378
2019-09-02,sh600017,日照港,3.0,1.6949
2019-09-03,sh600017,日照港,2.99,-0.3333
2019-09-04,sh600017,日照港,3.02,1.0033
2019-09-05,sh600017,日照港,3.03,0.3311
2019-09-06,sh600017,日照港,3.07,1.3201
2019-09-09,sh600017,日照港,3.08,0.3257
2019-09-10,sh600017,日照港,3.07,-0.3247
2019-09-11,sh600017,日照港,3.06,-0.3257
2019-09-12,sh600017,日照港,3.07,0.3268
2019-09-16,sh600017,日照港,3.06,-0.3257
2019-09-17,sh600017,日照港,2.99,-2.2876
2019-09-18,sh600017,日照港,2.99,0.0
2019-09-19,sh600017,日照港,3.0,0.3344
2019-09-20,sh600017,日照港,3.0,0.0
2019-09-23,sh600017,日照港,2.97,-1.0
2019-09-24,sh600017,日照港,2.97,0.0
2019-09-25,sh600017,日照港,2.95,-0.6734
2019-09-26,sh600017,日照港,2.92,-1.0169
2019-09-27,sh600017,日照港,2.95,1.0274
2019-09-30,sh600017,日照港,2.95,0.0
2019-10-08,sh600017,日照港,2.95,0.0
2019-10-09,sh600017,日照港,2.96,0.339
2019-10-10,sh600017,日照港,2.98,0.6757
2019-10-11,sh600017,日照港,3.0,0.6711
2019-10-14,sh600017,日照港,3.02,0.6667
2019-10-15,sh600017,日照港,3.02,0.0
2019-10-16,sh600017,日照港,3.0,-0.6623
2019-10-17,sh600017,日照港,3.01,0.3333
2019-10-18,sh600017,日照港,2.96,-1.6611
2019-10-21,sh600017,日照港,2.95,-0.3378
2019-10-22,sh600017,日照港,2.94,-0.339
2019-10-23,sh600017,日照港,2.94,0.0
2019-10-24,sh600017,日照港,2.94,0.0
2019-10-25,sh600017,日照港,2.95,0.3401
2019-10-28,sh600017,日照港,2.97,0.678
2019-10-29,sh600017,日照港,2.93,-1.3468
2019-10-30,sh600017,日照港,2.91,-0.6826
2019-10-31,sh600017,日照港,2.88,-1.0309
2019-11-01,sh600017,日照港,2.9,0.6944
2019-11-04,sh600017,日照港,2.9,0.0
2019-11-05,sh600017,日照港,2.91,0.3448
2019-11-06,sh600017,日照港,2.88,-1.0309
2019-11-07,sh600017,日照港,2.9,0.6944
2019-11-08,sh600017,日照港,2.9,0.0
2019-11-11,sh600017,日照港,2.83,-2.4138
2019-11-12,sh600017,日照港,2.85,0.7067
2019-11-13,sh600017,日照港,2.82,-1.0526
2019-11-14,sh600017,日照港,2.82,0.0
2019-11-15,sh600017,日照港,2.79,-1.0638
2019-11-18,sh600017,日照港,2.8,0.3584
2019-11-19,sh600017,日照港,2.82,0.7143
2019-11-20,sh600017,日照港,2.78,-1.4184
2019-11-21,sh600017,日照港,2.79,0.3597
2019-11-22,sh600017,日照港,2.8,0.3584
2019-11-25,sh600017,日照港,2.85,1.7857
2019-11-26,sh600017,日照港,2.83,-0.7018
2019-11-27,sh600017,日照港,2.82,-0.3534
2019-11-28,sh600017,日照港,2.82,0.0
2019-11-29,sh600017,日照港,2.82,0.0
2019-12-02,sh600017,日照港,2.82,0.0
2019-12-03,sh600017,日照港,2.83,0.3546
2019-12-04,sh600017,日照港,2.83,0.0
2019-12-05,sh600017,日照港,2.84,0.3534
2019-12-06,sh600017,日照港,2.85,0.3521
2019-12-09,sh600017,日照港,2.85,0.0
2019-12-10,sh600017,日照港,2.84,-0.3509
2019-12-11,sh600017,日照港,2.84,0.0
2019-12-12,sh600017,日照港,2.83,-0.3521
2019-12-13,sh600017,日照港,2.85,0.7067
2019-12-16,sh600017,日照港,2.88,1.0526
2019-12-17,sh600017,日照港,2.91,1.0417
2019-12-18,sh600017,日照港,2.91,0.0
2019-12-19,sh600017,日照港,2.93,0.6873
2019-12-20,sh600017,日照港,2.92,-0.3413
2019-12-23,sh600017,日照港,2.86,-2.0548
2019-12-24,sh600017,日照港,2.89,1.049
2019-12-25,sh600017,日照港,2.87,-0.692
2019-12-26,sh600017,日照港,2.88,0.3484
2019-12-27,sh600017,日照港,2.89,0.3472
2019-12-30,sh600017,日照港,2.91,0.692
2019-12-31,sh600017,日照港,2.91,0.0
2020-01-02,sh600017,日照港,2.95,1.3746
2020-01-03,sh600017,日照港,2.95,0.0
2020-01-06,sh600017,日照港,2.93,-0.678
2020-01-07,sh600017,日照港,2.95,0.6826
2020-01-08,sh600017,日照港,2.92,-1.0169
2020-01-09,sh600017,日照港,2.93,0.3425
2020-01-10,sh600017,日照港,2.93,0.0
2020-01-13,sh600017,日照港,2.93,0.0
2020-01-14,sh600017,日照港,2.93,0.0
2020-01-15,sh600017,日照港,2.91,-0.6826
2020-01-16,sh600017,日照港,2.89,-0.6873
2020-01-17,sh600017,日照港,2.87,-0.692
2020-01-20,sh600017,日照港,2.89,0.6969
2020-01-21,sh600017,日照港,2.85,-1.3841
2020-01-22,sh600017,日照港,2.85,0.0
2020-01-23,sh600017,日照港,2.79,-2.1053
2020-02-03,sh600017,日照港,2.51,-10.0358
2020-02-04,sh600017,日照港,2.49,-0.7968
2020-02-05,sh600017,日照港,2.54,2.008
2020-02-06,sh600017,日照港,2.54,0.0
2020-02-07,sh600017,日照港,2.52,-0.7874
2020-02-10,sh600017,日照港,2.59,2.7778
2020-02-11,sh600017,日照港,2.58,-0.3861
2020-02-12,sh600017,日照港,2.59,0.3876
2020-02-13,sh600017,日照港,2.58,-0.3861
2020-02-14,sh600017,日照港,2.59,0.3876
2020-02-17,sh600017,日照港,2.64,1.9305
2020-02-18,sh600017,日照港,2.65,0.3788
2020-02-19,sh600017,日照港,2.64,-0.3774
2020-02-20,sh600017,日照港,2.69,1.8939
2020-02-21,sh600017,日照港,2.7,0.3717
2020-02-24,sh600017,日照港,2.66,-1.4815
2020-02-25,sh600017,日照港,2.62,-1.5038
2020-02-26,sh600017,日照港,2.65,1.145
2020-02-27,sh600017,日照港,2.66,0.3774
2020-02-28,sh600017,日照港,2.58,-3.0075
2020-03-02,sh600017,日照港,2.63,1.938
2020-03-03,sh600017,日照港,2.71,3.0418
2020-03-04,sh600017,日照港,2.75,1.476
2020-03-05,sh600017,日照港,2.75,0.0
2020-03-06,sh600017,日照港,2.71,-1.4545
2020-03-09,sh600017,日照港,2.67,-1.476
2020-03-10,sh600017,日照港,2.69,0.7491
2020-03-11,sh600017,日照港,2.71,0.7435
2020-03-12,sh600017,日照港,2.66,-1.845
2020-03-13,sh600017,日照港,2.61,-1.8797
2020-03-16,sh600017,日照港,2.55,-2.2989
2020-03-17,sh600017,日照港,2.55,0.0
2020-03-18,sh600017,日照港,2.53,-0.7843
2020-03-19,sh600017,日照港,2.54,0.3953
2020-03-20,sh600017,日照港,2.56,0.7874
2020-03-23,sh600017,日照港,2.45,-4.2969
2020-03-24,sh600017,日照港,2.49,1.6327
2020-03-25,sh600017,日照港,2.53,1.6064
2020-03-26,sh600017,日照港,2.49,-1.581
2020-03-27,sh600017,日照港,2.52,1.2048
2020-03-30,sh600017,日照港,2.46,-2.381
2020-03-31,sh600017,日照港,2.47,0.4065
2020-04-01,sh600017,日照港,2.45,-0.8097
2020-04-02,sh600017,日照港,2.48,1.2245
2020-04-03,sh600017,日照港,2.45,-1.2097
2020-04-07,sh600017,日照港,2.49,1.6327
2020-04-08,sh600017,日照港,2.49,0.0
2020-04-09,sh600017,日照港,2.49,0.0
2020-04-10,sh600017,日照港,2.5,0.4016
2020-04-13,sh600017,日照港,2.46,-1.6
2020-04-14,sh600017,日照港,2.47,0.4065
2020-04-15,sh600017,日照港,2.46,-0.4049
2020-04-16,sh600017,日照港,2.46,0.0
2020-04-17,sh600017,日照港,2.45,-0.4065
2020-04-20,sh600017,日照港,2.45,0.0
2020-04-21,sh600017,日照港,2.45,0.0
2020-04-22,sh600017,日照港,2.44,-0.4082
2020-04-23,sh600017,日照港,2.46,0.8197
2020-04-24,sh600017,日照港,2.43,-1.2195
2020-04-27,sh600017,日照港,2.42,-0.4115
2020-04-28,sh600017,日照港,2.37,-2.0661
2020-04-29,sh600017,日照港,2.38,0.4219
2020-04-30,sh600017,日照港,2.43,2.1008
2020-05-06,sh600017,日照港,2.46,1.2346
2020-05-07,sh600017,日照港,2.47,0.4065
2020-05-08,sh600017,日照港,2.48,0.4049
2020-05-11,sh600017,日照港,2.48,0.0
2020-05-12,sh600017,日照港,2.47,-0.4032
2020-05-13,sh600017,日照港,2.47,0.0
2020-05-14,sh600017,日照港,2.45,-0.8097
2020-05-15,sh600017,日照港,2.47,0.8163
2020-05-18,sh600017,日照港,2.46,-0.4049
2020-05-19,sh600017,日照港,2.48,0.813
2020-05-20,sh600017,日照港,2.48,0.0
2020-05-21,sh600017,日照港,2.46,-0.8065
2020-05-22,sh600017,日照港,2.43,-1.2195
2020-05-25,sh600017,日照港,2.47,1.6461
2020-05-26,sh600017,日照港,2.47,0.0
2020-05-27,sh600017,日照港,2.48,0.4049
2020-05-28,sh600017,日照港,2.47,-0.4032
2020-05-29,sh600017,日照港,2.49,0.8097
2020-06-01,sh600017,日照港,2.52,1.2048
2020-06-02,sh600017,日照港,2.58,2.381
2020-06-03,sh600017,日照港,2.53,-1.938
2020-06-04,sh600017,日照港,2.54,0.3953
2020-06-05,sh600017,日照港,2.51,-1.1811
2020-06-08,sh600017,日照港,2.52,0.3984
2020-06-09,sh600017,日照港,2.56,1.5873
2020-06-10,sh600017,日照港,2.52,-1.5625
2020-06-11,sh600017,日照港,2.49,-1.1905
2020-06-12,sh600017,日照港,2.48,-0.4016
2020-06-15,sh600017,日照港,2.46,-0.8065
2020-06-16,sh600017,日照港,2.5,1.626
2020-06-17,sh600017,日照港,2.5,0.0
2020-06-18,sh600017,日照港,2.53,1.2
2020-06-19,sh600017,日照港,2.53,0.0
2020-06-22,sh600017,日照港,2.53,0.0
2020-06-23,sh600017,日照港,2.52,-0.3953
2020-06-24,sh600017,日照港,2.5,-0.7937
2020-06-29,sh600017,日照港,2.47,-1.2
2020-06-30,sh600017,日照港,2.49,0.8097
2020-07-01,sh600017,日照港,2.5,0.4016
2020-07-02,sh600017,日照港,2.54,1.6
2020-07-03,sh600017,日照港,2.6,2.3622
2020-07-06,sh600017,日照港,2.73,5.0
2020-07-07,sh600017,日照港,2.73,0.0
2020-07-08,sh600017,日照港,2.81,2.9304
2020-07-09,sh600017,日照港,2.9,3.2028
2020-07-10,sh600017,日照港,2.96,2.069
2020-07-13,sh600017,日照港,3.21,8.4459
2020-07-14,sh600017,日照港,3.23,0.6231
2020-07-15,sh600017,日照港,3.02,-6.5015
2020-07-16,sh600017,日照港,2.88,-4.6358
2020-07-17,sh600017,日照港,2.92,1.3889
2020-07-20,sh600017,日照港,2.97,1.7123
2020-07-21,sh600017,日照港,2.91,-2.0202
2020-07-22,sh600017,日照港,2.9,-0.3436
2020-07-23,sh600017,日照港,2.95,1.7241
2020-07-24,sh600017,日照港,2.8,-5.0847
2020-07-27,sh600017,日照港,2.79,-0.3571
2020-07-28,sh600017,日照港,2.8,0.3584
2020-07-29,sh600017,日照港,2.83,1.0714
2020-07-30,sh600017,日照港,2.81,-0.7067
2020-07-31,sh600017,日照港,2.81,0.0
2020-08-03,sh600017,日照港,2.87,2.1352
2020-08-04,sh600017,日照港,2.87,0.0
2020-08-05,sh600017,日照港,2.84,-1.0453
2020-08-06,sh600017,日照港,2.83,-0.3521
2020-08-07,sh600017,日照港,2.8,-1.0601
2020-08-10,sh600017,日照港,2.81,0.3571
2020-08-11,sh600017,日照港,2.79,-0.7117
2020-08-12,sh600017,日照港,2.77,-0.7168
2020-08-13,sh600017,日照港,2.78,0.361
2020-08-14,sh600017,日照港,2.8,0.7194
2020-08-17,sh600017,日照港,2.84,1.4286
2020-08-18,sh600017,日照港,2.84,0.0
2020-08-19,sh600017,日照港,2.83,-0.3521
2020-08-20,sh600017,日照港,2.82,-0.3534
2020-08-21,sh600017,日照港,2.82,0.0
2020-08-24,sh600017,日照港,2.83,0.3546
2020-08-25,sh600017,日照港,2.79,-1.4134
2020-08-26,sh600017,日照港,2.77,-0.7168
2020-08-27,sh600017,日照港,2.81,1.444
2020-08-28,sh600017,日照港,2.86,1.7794
2020-08-31,sh600017,日照港,2.82,-1.3986
2020-09-01,sh600017,日照港,2.84,0.7092
2020-09-02,sh600017,日照港,2.87,1.0563
2020-09-03,sh600017,日照港,2.92,1.7422
2020-09-04,sh600017,日照港,2.93,0.3425
2020-09-07,sh600017,日照港,2.93,0.0
2020-09-08,sh600017,日照港,3.06,4.4369
2020-09-09,sh600017,日照港,3.06,0.0
2020-09-10,sh600017,日照港,2.91,-4.902
2020-09-11,sh600017,日照港,2.9,-0.3436
2020-09-14,sh600017,日照港,2.87,-1.0345
2020-09-15,sh600017,日照港,2.85,-0.6969
2020-09-16,sh600017,日照港,2.87,0.7018
2020-09-17,sh600017,日照港,2.86,-0.3484
2020-09-18,sh600017,日照港,2.91,1.7483
2020-09-21,sh600017,日照港,2.89,-0.6873
2020-09-22,sh600017,日照港,2.83,-2.0761
2020-09-23,sh600017,日照港,2.84,0.3534
2020-09-24,sh600017,日照港,2.77,-2.4648
2020-09-25,sh600017,日照港,2.79,0.722
2020-09-28,sh600017,日照港,2.76,-1.0753
2020-09-29,sh600017,日照港,2.77,0.3623
2020-09-30,sh600017,日照港,2.75,-0.722
2020-10-09,sh600017,日照港,2.8,1.8182
2020-10-12,sh600017,日照港,2.84,1.4286
2020-10-13,sh600017,日照港,2.82,-0.7042
2020-10-14,sh600017,日照港,2.82,0.0
2020-10-15,sh600017,日照港,2.78,-1.4184
2020-10-16,sh600017,日照港,2.8,0.7194
2020-10-19,sh600017,日照港,2.8,0.0
2020-10-20,sh600017,日照港,2.8,0.0
2020-10-21,sh600017,日照港,2.77,-1.0714
2020-10-22,sh600017,日照港,2.78,0.361
2020-10-23,sh600017,日照港,2.78,0.0
2020-10-26,sh600017,日照港,2.77,-0.3597
2020-10-27,sh600017,日照港,2.73,-1.444
2020-10-28,sh600017,日照港,2.72,-0.3663
2020-10-29,sh600017,日照港,2.75,1.1029
2020-10-30,sh600017,日照港,2.72,-1.0909
2020-11-02,sh600017,日照港,2.67,-1.8382
2020-11-03,sh600017,日照港,2.71,1.4981
2020-11-04,sh600017,日照港,2.69,-0.738
2020-11-05,sh600017,日照港,2.73,1.487
2020-11-06,sh600017,日照港,2.77,1.4652
2020-11-09,sh600017,日照港,2.85,2.8881
2020-11-10,sh600017,日照港,2.83,-0.7018
2020-11-11,sh600017,日照港,2.83,0.0
2020-11-12,sh600017,日照港,2.94,3.8869
2020-11-13,sh600017,日照港,2.87,-2.381
2020-11-16,sh600017,日照港,2.96,3.1359
2020-11-17,sh600017,日照港,3.11,5.0676
2020-11-18,sh600017,日照港,3.01,-3.2154
2020-11-19,sh600017,日照港,2.89,-3.9867
2020-11-20,sh600017,日照港,2.94,1.7301
2020-11-23,sh600017,日照港,2.94,0.0
2020-11-24,sh600017,日照港,2.93,-0.3401
2020-11-25,sh600017,日照港,2.88,-1.7065
2020-11-26,sh600017,日照港,2.89,0.3472
2020-11-27,sh600017,日照港,2.89,0.0
2020-11-30,sh600017,日照港,2.9,0.346
2020-12-01,sh600017,日照港,2.93,1.0345
2020-12-02,sh600017,日照港,2.94,0.3413
2020-12-03,sh600017,日照港,2.92,-0.6803
2020-12-04,sh600017,日照港,2.92,0.0
2020-12-07,sh600017,日照港,2.87,-1.7123
2020-12-08,sh600017,日照港,2.85,-0.6969
2020-12-09,sh600017,日照港,2.79,-2.1053
2020-12-10,sh600017,日照港,2.77,-0.7168
2020-12-11,sh600017,日照港,2.8,1.083
2020-12-14,sh600017,日照港,2.74,-2.1429
2020-12-15,sh600017,日照港,2.77,1.0949
2020-12-16,sh600017,日照港,2.75,-0.722
2020-12-17,sh600017,日照港,2.81,2.1818
2020-12-18,sh600017,日照港,2.84,1.0676
2020-12-21,sh600017,日照港,2.84,0.0
2020-12-22,sh600017,日照港,2.77,-2.4648
2020-12-23,sh600017,日照港,2.77,0.0
2020-12-24,sh600017,日照港,2.76,-0.361
2020-12-25,sh600017,日照港,2.84,2.8986
2020-12-28,sh600017,日照港,2.81,-1.0563
2020-12-29,sh600017,日照港,2.9,3.2028
2020-12-30,sh600017,日照港,2.9,0.0
2020-12-31,sh600017,日照港,2.88,-0.6897
2021-01-04,sh600017,日照港,2.9,0.6944
2021-01-05,sh600017,日照港,2.95,1.7241
2021-01-06,sh600017,日照港,2.89,-2.0339
2021-01-07,sh600017,日照港,2.86,-1.0381
2021-01-08,sh600017,日照港,2.86,0.0
2021-01-11,sh600017,日照港,2.79,-2.4476
2021-01-12,sh600017,日照港,2.8,0.3584
2021-01-13,sh600017,日照港,2.81,0.3571
2021-01-14,sh600017,日照港,2.84,1.0676
2021-01-15,sh600017,日照港,2.84,0.0
2021-01-18,sh600017,日照港,2.86,0.7042
2021-01-19,sh600017,日照港,2.87,0.3497
2021-01-20,sh600017,日照港,2.84,-1.0453
2021-01-21,sh600017,日照港,2.88,1.4085
2021-01-22,sh600017,日照港,2.84,-1.3889
2021-01-25,sh600017,日照港,2.78,-2.1127
2021-01-26,sh600017,日照港,2.75,-1.0791
2021-01-27,sh600017,日照港,2.75,0.0
2021-01-28,sh600017,日照港,2.71,-1.4545
2021-01-29,sh600017,日照港,2.68,-1.107
2021-02-01,sh600017,日照港,2.7,0.7463
2021-02-02,sh600017,日照港,2.72,0.7407
2021-02-03,sh600017,日照港,2.67,-1.8382
2021-02-04,sh600017,日照港,2.6,-2.6217
2021-02-05,sh600017,日照港,2.61,0.3846
2021-02-08,sh600017,日照港,2.63,0.7663
2021-02-09,sh600017,日照港,2.64,0.3802
2021-02-10,sh600017,日照港,2.66,0.7576
2021-02-18,sh600017,日照港,2.7,1.5038
2021-02-19,sh600017,日照港,2.76,2.2222
2021-02-22,sh600017,日照港,2.79,1.087
2021-02-23,sh600017,日照港,2.79,0.0
2021-02-24,sh600017,日照港,2.77,-0.7168
2021-02-25,sh600017,日照港,2.77,0.0
2021-02-26,sh600017,日照港,2.73,-1.444
2021-03-01,sh600017,日照港,2.76,1.0989
2021-03-02,sh600017,日照港,2.75,-0.3623
2021-03-03,sh600017,日照港,2.78,1.0909
2021-03-04,sh600017,日照港,2.79,0.3597
2021-03-05,sh600017,日照港,2.82,1.0753
2021-03-08,sh600017,日照港,2.8,-0.7092
2021-03-09,sh600017,日照港,2.83,1.0714
2021-03-10,sh600017,日照港,2.74,-3.1802
2021-03-11,sh600017,日照港,2.8,2.1898
2021-03-12,sh600017,日照港,2.83,1.0714
2021-03-15,sh600017,日照港,2.87,1.4134
2021-03-16,sh600017,日照港,2.88,0.3484
2021-03-17,sh600017,日照港,2.86,-0.6944
2021-03-18,sh600017,日照港,2.85,-0.3497
2021-03-19,sh600017,日照港,2.82,-1.0526
2021-03-22,sh600017,日照港,2.89,2.4823
2021-03-23,sh600017,日照港,2.84,-1.7301
2021-03-24,sh600017,日照港,2.82,-0.7042
2021-03-25,sh600017,日照港,2.81,-0.3546
2021-03-26,sh600017,日照港,2.83,0.7117
2021-03-29,sh600017,日照港,2.86,1.0601
2021-03-30,sh600017,日照港,2.81,-1.7483
2021-03-31,sh600017,日照港,2.89,2.847
2021-04-01,sh600017,日照港,2.88,-0.346
2021-04-02,sh600017,日照港,2.87,-0.3472
2021-04-06,sh600017,日照港,2.84,-1.0453
2021-04-07,sh600017,日照港,2.88,1.4085
2021-04-08,sh600017,日照港,2.84,-1.3889
2021-04-09,sh600017,日照港,2.83,-0.3521
2021-04-12,sh600017,日照港,2.85,0.7067
2021-04-13,sh600017,日照港,2.83,-0.7018
2021-04-14,sh600017,日照港,2.84,0.3534
2021-04-15,sh600017,日照港,2.82,-0.7042
2021-04-16,sh600017,日照港,2.86,1.4184
2021-04-19,sh600017,日照港,2.86,0.0
2021-04-20,sh600017,日照港,2.84,-0.6993
2021-04-21,sh600017,日照港,2.82,-0.7042
2021-04-22,sh600017,日照港,2.82,0.0
2021-04-23,sh600017,日照港,2.76,-2.1277
2021-04-26,sh600017,日照港,2.74,-0.7246
2021-04-27,sh600017,日照港,2.75,0.365
2021-04-28,sh600017,日照港,2.76,0.3636
2021-04-29,sh600017,日照港,2.76,0.0
2021-04-30,sh600017,日照港,2.73,-1.087
2021-05-06,sh600017,日照港,2.75,0.7326
2021-05-07,sh600017,日照港,2.78,1.0909
2021-05-10,sh600017,日照港,2.78,0.0
2021-05-11,sh600017,日照港,2.79,0.3597
2021-05-12,sh600017,日照港,2.81,0.7168
2021-05-13,sh600017,日照港,2.78,-1.0676
2021-05-14,sh600017,日照港,2.8,0.7194
2021-05-17,sh600017,日照港,2.77,-1.0714
2021-05-18,sh600017,日照港,2.77,0.0
2021-05-19,sh600017,日照港,2.74,-1.083
2021-05-20,sh600017,日照港,2.73,-0.365
2021-05-21,sh600017,日照港,2.74,0.3663
2021-05-24,sh600017,日照港,2.74,0.0
2021-05-25,sh600017,日照港,2.75,0.365
2021-05-26,sh600017,日照港,2.77,0.7273
2021-05-27,sh600017,日照港,2.76,-0.361
2021-05-28,sh600017,日照港,2.76,0.0
2021-05-31,sh600017,日照港,2.75,-0.3623
2021-06-01,sh600017,日照港,2.76,0.3636
2021-06-02,sh600017,日照港,2.76,0.0
2021-06-03,sh600017,日照港,2.77,0.3623
2021-06-04,sh600017,日照港,2.72,-1.8051
2021-06-07,sh600017,日照港,2.72,0.0
2021-06-08,sh600017,日照港,2.71,-0.3676
2021-06-09,sh600017,日照港,2.72,0.369
2021-06-10,sh600017,日照港,2.71,-0.3676
2021-06-11,sh600017,日照港,2.72,0.369
2021-06-15,sh600017,日照港,2.67,-1.8382
2021-06-16,sh600017,日照港,2.66,-0.3745
2021-06-17,sh600017,日照港,2.67,0.3759
2021-06-18,sh600017,日照港,2.66,-0.3745
2021-06-21,sh600017,日照港,2.67,0.3759
2021-06-22,sh600017,日照港,2.67,0.0
2021-06-23,sh600017,日照港,2.7,1.1236
2021-06-24,sh600017,日照港,2.7,0.0
2021-06-25,sh600017,日照港,2.7,0.0
2021-06-28,sh600017,日照港,2.67,-1.1111
2021-06-29,sh600017,日照港,2.66,-0.3745
2021-06-30,sh600017,日照港,2.67,0.3759
2021-07-01,sh600017,日照港,2.65,-0.7491
2021-07-02,sh600017,日照港,2.65,0.0
2021-07-05,sh600017,日照港,2.66,0.3774
2021-07-06,sh600017,日照港,2.67,0.3759
2021-07-07,sh600017,日照港,2.66,-0.3745
2021-07-08,sh600017,日照港,2.64,-0.7519
2021-07-09,sh600017,日照港,2.65,0.3788
2021-07-12,sh600017,日照港,2.65,0.0
2021-07-13,sh600017,日照港,2.64,-0.3774
2021-07-14,sh600017,日照港,2.62,-0.7576
2021-07-15,sh600017,日照港,2.61,-0.3817
2021-07-16,sh600017,日照港,2.6,-0.3831
2021-07-19,sh600017,日照港,2.6,0.0
2021-07-20,sh600017,日照港,2.59,-0.3846
2021-07-21,sh600017,日照港,2.59,0.0
2021-07-22,sh600017,日照港,2.62,1.1583
2021-07-23,sh600017,日照港,2.63,0.3817
2021-07-26,sh600017,日照港,2.6,-1.1407
2021-07-27,sh600017,日照港,2.56,-1.5385
2021-07-28,sh600017,日照港,2.53,-1.1719
2021-07-29,sh600017,日照港,2.53,0.0
2021-07-30,sh600017,日照港,2.52,-0.3953
2021-08-02,sh600017,日照港,2.54,0.7937
2021-08-03,sh600017,日照港,2.55,0.3937
2021-08-04,sh600017,日照港,2.55,0.0
2021-08-05,sh600017,日照港,2.53,-0.7843
2021-08-06,sh600017,日照港,2.52,-0.3953
2021-08-09,sh600017,日照港,2.55,1.1905
2021-08-10,sh600017,日照港,2.55,0.0
2021-08-11,sh600017,日照港,2.61,2.3529
2021-08-12,sh600017,日照港,2.59,-0.7663
2021-08-13,sh600017,日照港,2.57,-0.7722
2021-08-16,sh600017,日照港,2.59,0.7782
2021-08-17,sh600017,日照港,2.56,-1.1583
2021-08-18,sh600017,日照港,2.57,0.3906
2021-08-19,sh600017,日照港,2.58,0.3891
2021-08-20,sh600017,日照港,2.56,-0.7752
2021-08-23,sh600017,日照港,2.58,0.7812
2021-08-24,sh600017,日照港,2.61,1.1628
2021-08-25,sh600017,日照港,2.62,0.3831
2021-08-26,sh600017,日照港,2.65,1.145
2021-08-27,sh600017,日照港,2.62,-1.1321
2021-08-30,sh600017,日照港,2.6,-0.7634
2021-08-31,sh600017,日照港,2.64,1.5385
2021-09-01,sh600017,日照港,2.67,1.1364
2021-09-02,sh600017,日照港,2.68,0.3745
2021-09-03,sh600017,日照港,2.69,0.3731
2021-09-06,sh600017,日照港,2.71,0.7435
2021-09-07,sh600017,日照港,2.75,1.476
2021-09-08,sh600017,日照港,2.8,1.8182
2021-09-09,sh600017,日照港,2.87,2.5
2021-09-10,sh600017,日照港,2.82,-1.7422
2021-09-13,sh600017,日照港,2.87,1.773
2021-09-14,sh600017,日照港,2.79,-2.7875
2021-09-15,sh600017,日照港,2.83,1.4337
2021-09-16,sh600017,日照港,2.8,-1.0601
2021-09-17,sh600017,日照港,2.79,-0.3571
2021-09-22,sh600017,日照港,2.89,3.5842
2021-09-23,sh600017,日照港,2.91,0.692
2021-09-24,sh600017,日照港,2.83,-2.7491
2021-09-27,sh600017,日照港,2.75,-2.8269
2021-09-28,sh600017,日照港,2.82,2.5455
2021-09-29,sh600017,日照港,2.74,-2.8369
2021-09-30,sh600017,日照港,2.75,0.365
2021-10-08,sh600017,日照港,2.83,2.9091
2021-10-11,sh600017,日照港,2.82,-0.3534
2021-10-12,sh600017,日照港,2.74,-2.8369
2021-10-13,sh600017,日照港,2.71,-1.0949
2021-10-14,sh600017,日照港,2.71,0.0
2021-10-15,sh600017,日照港,2.65,-2.214
2021-10-18,sh600017,日照港,2.7,1.8868
2021-10-19,sh600017,日照港,2.68,-0.7407
2021-10-20,sh600017,日照港,2.68,0.0
2021-10-21,sh600017,日照港,2.66,-0.7463
2021-10-22,sh600017,日照港,2.64,-0.7519
2021-10-25,sh600017,日照港,2.63,-0.3788
2021-10-26,sh600017,日照港,2.62,-0.3802
2021-10-27,sh600017,日照港,2.59,-1.145
2021-10-28,sh600017,日照港,2.59,0.0
2021-10-29,sh600017,日照港,2.62,1.1583
2021-11-01,sh600017,日照港,2.62,0.0
2021-11-02,sh600017,日照港,2.58,-1.5267
2021-11-03,sh600017,日照港,2.6,0.7752
2021-11-04,sh600017,日照港,2.61,0.3846
2021-11-05,sh600017,日照港,2.59,-0.7663
2021-11-08,sh600017,日照港,2.61,0.7722
2021-11-09,sh600017,日照港,2.62,0.3831
2021-11-10,sh600017,日照港,2.62,0.0
2021-11-11,sh600017,日照港,2.64,0.7634
2021-11-12,sh600017,日照港,2.64,0.0
2021-11-15,sh600017,日照港,2.64,0.0
2021-11-16,sh600017,日照港,2.65,0.3788
2021-11-17,sh600017,日照港,2.66,0.3774
2021-11-18,sh600017,日照港,2.64,-0.7519
2021-11-19,sh600017,日照港,2.66,0.7576
2021-11-22,sh600017,日照港,2.65,-0.3759
2021-11-23,sh600017,日照港,2.67,0.7547
2021-11-24,sh600017,日照港,2.68,0.3745
2021-11-25,sh600017,日照港,2.66,-0.7463
2021-11-26,sh600017,日照港,2.63,-1.1278
2021-11-29,sh600017,日照港,2.61,-0.7605
2021-11-30,sh600017,日照港,2.62,0.3831
2021-12-01,sh600017,日照港,2.65,1.145
2021-12-02,sh600017,日照港,2.66,0.3774
2021-12-03,sh600017,日照港,2.75,3.3835
2021-12-06,sh600017,日照港,2.71,-1.4545
2021-12-07,sh600017,日照港,2.73,0.738
2021-12-08,sh600017,日照港,2.72,-0.3663
2021-12-09,sh600017,日照港,2.73,0.3676
2021-12-10,sh600017,日照港,2.83,3.663
2021-12-13,sh600017,日照港,2.82,-0.3534
2021-12-14,sh600017,日照港,2.89,2.4823
2021-12-15,sh600017,日照港,2.88,-0.346
2021-12-16,sh600017,日照港,2.83,-1.7361
2021-12-17,sh600017,日照港,2.81,-0.7067
2021-12-20,sh600017,日照港,2.81,0.0
2021-12-21,sh600017,日照港,2.88,2.4911
2021-12-22,sh600017,日照港,2.85,-1.0417
2021-12-23,sh600017,日照港,2.82,-1.0526
2021-12-24,sh600017,日照港,2.79,-1.0638
2021-12-27,sh600017,日照港,2.78,-0.3584
2021-12-28,sh600017,日照港,2.76,-0.7194
2021-12-29,sh600017,日照港,2.78,0.7246
2021-12-30,sh600017,日照港,2.79,0.3597
2021-12-31,sh600017,日照港,2.81,0.7168
2022-01-04,sh600017,日照港,2.87,2.1352
2022-01-05,sh600017,日照港,2.86,-0.3484
2022-01-06,sh600017,日照港,2.89,1.049
2022-01-07,sh600017,日照港,2.91,0.692
2022-01-10,sh600017,日照港,2.9,-0.3436
2022-01-11,sh600017,日照港,2.89,-0.3448
2022-01-12,sh600017,日照港,2.88,-0.346
2022-01-13,sh600017,日照港,2.88,0.0
2022-01-14,sh600017,日照港,2.82,-2.0833
2022-01-17,sh600017,日照港,2.83,0.3546
2022-01-18,sh600017,日照港,2.84,0.3534
2022-01-19,sh600017,日照港,2.84,0.0
2022-01-20,sh600017,日照港,2.82,-0.7042
2022-01-21,sh600017,日照港,2.78,-1.4184
2022-01-24,sh600017,日照港,2.83,1.7986
2022-01-25,sh600017,日照港,2.71,-4.2403
2022-01-26,sh600017,日照港,2.76,1.845
2022-01-27,sh600017,日照港,2.73,-1.087
2022-01-28,sh600017,日照港,2.75,0.7326
2022-02-07,sh600017,日照港,2.84,3.2727
2022-02-08,sh600017,日照港,2.96,4.2254
2022-02-09,sh600017,日照港,2.94,-0.6757
2022-02-10,sh600017,日照港,2.95,0.3401
2022-02-11,sh600017,日照港,2.91,-1.3559
2022-02-14,sh600017,日照港,2.89,-0.6873
2022-02-15,sh600017,日照港,2.86,-1.0381
2022-02-16,sh600017,日照港,2.91,1.7483
2022-02-17,sh600017,日照港,2.86,-1.7182
2022-02-18,sh600017,日照港,2.94,2.7972
2022-02-21,sh600017,日照港,2.94,0.0
2022-02-22,sh600017,日照港,2.89,-1.7007
2022-02-23,sh600017,日照港,2.87,-0.692
2022-02-24,sh600017,日照港,2.81,-2.0906
2022-02-25,sh600017,日照港,2.91,3.5587
2022-02-28,sh600017,日照港,3.0,3.0928
2022-03-01,sh600017,日照港,2.98,-0.6667
2022-03-02,sh600017,日照港,3.04,2.0134
2022-03-03,sh600017,日照港,3.18,4.6053
2022-03-04,sh600017,日照港,3.07,-3.4591
2022-03-07,sh600017,日照港,3.02,-1.6287
2022-03-08,sh600017,日照港,2.93,-2.9801
2022-03-09,sh600017,日照港,2.85,-2.7304
2022-03-10,sh600017,日照港,2.84,-0.3509
2022-03-11,sh600017,日照港,2.89,1.7606
2022-03-14,sh600017,日照港,2.81,-2.7682
2022-03-15,sh600017,日照港,2.62,-6.7616
2022-03-16,sh600017,日照港,2.7,3.0534
2022-03-17,sh600017,日照港,2.69,-0.3704
2022-03-18,sh600017,日照港,2.76,2.6022
2022-03-21,sh600017,日照港,2.77,0.3623
2022-03-22,sh600017,日照港,2.79,0.722
2022-03-23,sh600017,日照港,2.76,-1.0753
2022-03-24,sh600017,日照港,2.76,0.0
2022-03-25,sh600017,日照港,2.75,-0.3623
2022-03-28,sh600017,日照港,2.79,1.4545
2022-03-29,sh600017,日照港,2.78,-0.3584
2022-03-30,sh600017,日照港,2.81,1.0791
2022-03-31,sh600017,日照港,2.88,2.4911
2022-04-01,sh600017,日照港,3.0,4.1667
2022-04-06,sh600017,日照港,3.09,3.0
2022-04-07,sh600017,日照港,3.02,-2.2654
2022-04-08,sh600017,日照港,3.02,0.0
2022-04-11,sh600017,日照港,2.96,-1.9868
2022-04-12,sh600017,日照港,3.09,4.3919
2022-04-13,sh600017,日照港,3.06,-0.9709
2022-04-14,sh600017,日照港,3.08,0.6536
2022-04-15,sh600017,日照港,3.03,-1.6234
2022-04-18,sh600017,日照港,2.98,-1.6502
2022-04-19,sh600017,日照港,3.01,1.0067
2022-04-20,sh600017,日照港,2.97,-1.3289
2022-04-21,sh600017,日照港,2.85,-4.0404
2022-04-22,sh600017,日照港,2.9,1.7544
2022-04-25,sh600017,日照港,2.75,-5.1724
2022-04-26,sh600017,日照港,2.66,-3.2727
2022-04-27,sh600017,日照港,2.76,3.7594
2022-04-28,sh600017,日照港,2.79,1.087
2022-04-29,sh600017,日照港,2.82,1.0753
2022-05-05,sh600017,日照港,2.84,0.7092
2022-05-06,sh600017,日照港,2.74,-3.5211
2022-05-09,sh600017,日照港,2.84,3.6496
2022-05-10,sh600017,日照港,2.85,0.3521
2022-05-11,sh600017,日照港,2.81,-1.4035
2022-05-12,sh600017,日照港,2.8,-0.3559
2022-05-13,sh600017,日照港,2.94,5.0
2022-05-16,sh600017,日照港,2.97,1.0204
2022-05-17,sh600017,日照港,2.91,-2.0202
2022-05-18,sh600017,日照港,2.86,-1.7182
2022-05-19,sh600017,日照港,2.86,0.0
2022-05-20,sh600017,日照港,2.9,1.3986
2022-05-23,sh600017,日照港,2.92,0.6897
2022-05-24,sh600017,日照港,2.83,-3.0822
2022-05-25,sh600017,日照港,3.11,9.894
2022-05-26,sh600017,日照港,3.22,3.537
2022-05-27,sh600017,日照港,3.15,-2.1739
2022-05-30,sh600017,日照港,3.08,-2.2222
2022-05-31,sh600017,日照港,3.03,-1.6234
2022-06-01,sh600017,日照港,3.11,2.6403
2022-06-02,sh600017,日照港,3.06,-1.6077
2022-06-06,sh600017,日照港,3.1,1.3072
2022-06-07,sh600017,日照港,3.25,4.8387
2022-06-08,sh600017,日照港,3.16,-2.7692
2022-06-09,sh600017,日照港,3.08,-2.5316
2022-06-10,sh600017,日照港,3.15,2.2727
2022-06-13,sh600017,日照港,3.12,-0.9524
2022-06-14,sh600017,日照港,3.18,1.9231
2022-06-15,sh600017,日照港,3.15,-0.9434
2022-06-16,sh600017,日照港,3.15,0.0
2022-06-17,sh600017,日照港,3.13,-0.6349
2022-06-20,sh600017,日照港,3.09,-1.278
2022-06-21,sh600017,日照港,3.05,-1.2945
2022-06-22,sh600017,日照港,3.09,1.3115
2022-06-23,sh600017,日照港,3.13,1.2945
2022-06-24,sh600017,日照港,3.1,-0.9585
2022-06-27,sh600017,日照港,3.07,-0.9677
2022-06-28,sh600017,日照港,3.11,1.3029
2022-06-29,sh600017,日照港,3.06,-1.6077
2022-06-30,sh600017,日照港,3.04,-0.6536
2022-07-01,sh600017,日照港,3.02,-0.6579
2022-07-04,sh600017,日照港,3.08,1.9868
2022-07-05,sh600017,日照港,3.16,2.5974
2022-07-06,sh600017,日照港,3.07,-2.8481
2022-07-07,sh600017,日照港,3.16,2.9316
2022-07-08,sh600017,日照港,3.17,0.3165
2022-07-11,sh600017,日照港,3.2,0.9464
2022-07-12,sh600017,日照港,3.22,0.625
2022-07-13,sh600017,日照港,3.26,1.2422
2022-07-14,sh600017,日照港,3.18,-2.454
2022-07-15,sh600017,日照港,3.03,-4.717
2022-07-18,sh600017,日照港,3.21,5.9406
2022-07-19,sh600017,日照港,3.21,0.0
2022-07-20,sh600017,日照港,3.23,0.6231
2022-07-21,sh600017,日照港,3.21,-0.6192
2022-07-22,sh600017,日照港,3.22,0.3115
2022-07-25,sh600017,日照港,3.26,1.2422
2022-07-26,sh600017,日照港,3.26,0.0
2022-07-27,sh600017,日照港,3.2,-1.8405
2022-07-28,sh600017,日照港,3.18,-0.625
2022-07-29,sh600017,日照港,3.15,-0.9434
2022-08-01,sh600017,日照港,3.13,-0.6349
2022-08-02,sh600017,日照港,2.97,-5.1118
2022-08-03,sh600017,日照港,2.89,-2.6936
2022-08-04,sh600017,日照港,2.9,0.346
2022-08-05,sh600017,日照港,2.93,1.0345
2022-08-08,sh600017,日照港,2.91,-0.6826
2022-08-09,sh600017,日照港,2.89,-0.6873
2022-08-10,sh600017,日照港,2.87,-0.692
2022-08-11,sh600017,日照港,2.93,2.0906
2022-08-12,sh600017,日照港,2.95,0.6826
2022-08-15,sh600017,日照港,2.93,-0.678
2022-08-16,sh600017,日照港,2.95,0.6826
2022-08-17,sh600017,日照港,2.97,0.678
2022-08-18,sh600017,日照港,2.95,-0.6734
2022-08-19,sh600017,日照港,2.95,0.0
2022-08-22,sh600017,日照港,2.98,1.0169
2022-08-23,sh600017,日照港,3.0,0.6711
2022-08-24,sh600017,日照港,2.96,-1.3333
2022-08-25,sh600017,日照港,3.07,3.7162
2022-08-26,sh600017,日照港,3.07,0.0
2022-08-29,sh600017,日照港,3.08,0.3257
2022-08-30,sh600017,日照港,3.15,2.2727
2022-08-31,sh600017,日照港,3.08,-2.2222
2022-09-01,sh600017,日照港,3.06,-0.6494
2022-09-02,sh600017,日照港,3.04,-0.6536
2022-09-05,sh600017,日照港,3.12,2.6316
2022-09-06,sh600017,日照港,3.13,0.3205
2022-09-07,sh600017,日照港,3.1,-0.9585
2022-09-08,sh600017,日照港,3.1,0.0
2022-09-09,sh600017,日照港,3.09,-0.3226
2022-09-13,sh600017,日照港,3.08,-0.3236
2022-09-14,sh600017,日照港,3.07,-0.3247
2022-09-15,sh600017,日照港,3.03,-1.3029
2022-09-16,sh600017,日照港,2.91,-3.9604
2022-09-19,sh600017,日照港,2.9,-0.3436
2022-09-20,sh600017,日照港,2.95,1.7241
2022-09-21,sh600017,日照港,3.03,2.7119
2022-09-22,sh600017,日照港,2.98,-1.6502
2022-09-23,sh600017,日照港,2.95,-1.0067
2022-09-26,sh600017,日照港,2.82,-4.4068
2022-09-27,sh600017,日照港,2.84,0.7092
2022-09-28,sh600017,日照港,2.79,-1.7606
2022-09-29,sh600017,日照港,2.75,-1.4337
2022-09-30,sh600017,日照港,2.75,0.0
2022-10-10,sh600017,日照港,2.75,0.0
2022-10-11,sh600017,日照港,2.74,-0.3636
2022-10-12,sh600017,日照港,2.78,1.4599
2022-10-13,sh600017,日照港,2.76,-0.7194
2022-10-14,sh600017,日照港,2.8,1.4493
2022-10-17,sh600017,日照港,2.82,0.7143
2022-10-18,sh600017,日照港,2.82,0.0
2022-10-19,sh600017,日照港,2.85,1.0638
2022-10-20,sh600017,日照港,2.81,-1.4035
2022-10-21,sh600017,日照港,2.82,0.3559
2022-10-24,sh600017,日照港,2.75,-2.4823
2022-10-25,sh600017,日照港,2.76,0.3636
2022-10-26,sh600017,日照港,2.76,0.0
2022-10-27,sh600017,日照港,2.78,0.7246
2022-10-28,sh600017,日照港,2.69,-3.2374
2022-10-31,sh600017,日照港,2.64,-1.8587
2022-11-01,sh600017,日照港,2.69,1.8939
2022-11-02,sh600017,日照港,2.7,0.3717
2022-11-03,sh600017,日照港,2.69,-0.3704
2022-11-04,sh600017,日照港,2.73,1.487
2022-11-07,sh600017,日照港,2.75,0.7326
2022-11-08,sh600017,日照港,2.73,-0.7273
2022-11-09,sh600017,日照港,2.73,0.0
2022-11-10,sh600017,日照港,2.78,1.8315
2022-11-11,sh600017,日照港,2.8,0.7194
2022-11-14,sh600017,日照港,2.82,0.7143
2022-11-15,sh600017,日照港,2.82,0.0
2022-11-16,sh600017,日照港,2.82,0.0
2022-11-17,sh600017,日照港,2.84,0.7092
2022-11-18,sh600017,日照港,2.81,-1.0563
2022-11-21,sh600017,日照港,2.78,-1.0676
2022-11-22,sh600017,日照港,2.82,1.4388
2022-11-23,sh600017,日照港,2.84,0.7092
2022-11-24,sh600017,日照港,2.84,0.0
2022-11-25,sh600017,日照港,2.88,1.4085
2022-11-28,sh600017,日照港,2.87,-0.3472
2022-11-29,sh600017,日照港,2.9,1.0453
2022-11-30,sh600017,日照港,2.88,-0.6897
2022-12-01,sh600017,日照港,2.86,-0.6944
2022-12-02,sh600017,日照港,2.85,-0.3497
2022-12-05,sh600017,日照港,2.95,3.5088
2022-12-06,sh600017,日照港,2.9,-1.6949
2022-12-07,sh600017,日照港,2.92,0.6897
2022-12-08,sh600017,日照港,2.95,1.0274
2022-12-09,sh600017,日照港,2.92,-1.0169
2022-12-12,sh600017,日照港,2.87,-1.7123
2022-12-13,sh600017,日照港,2.92,1.7422
2022-12-14,sh600017,日照港,2.87,-1.7123
2022-12-15,sh600017,日照港,2.84,-1.0453
2022-12-16,sh600017,日照港,2.89,1.7606
2022-12-19,sh600017,日照港,2.82,-2.4221
2022-12-20,sh600017,日照港,2.78,-1.4184
2022-12-21,sh600017,日照港,2.79,0.3597
2022-12-22,sh600017,日照港,2.73,-2.1505
2022-12-23,sh600017,日照港,2.73,0.0
2022-12-26,sh600017,日照港,2.73,0.0
2022-12-27,sh600017,日照港,2.83,3.663
2022-12-28,sh600017,日照港,2.8,-1.0601
2022-12-29,sh600017,日照港,2.75,-1.7857
2022-12-30,sh600017,日照港,2.82,2.5455
2023-01-03,sh600017,日照港,2.82,0.0
2023-01-04,sh600017,日照港,2.85,1.0638
2023-01-05,sh600017,日照港,2.84,-0.3509
2023-01-06,sh600017,日照港,2.79,-1.7606
2023-01-09,sh600017,日照港,2.79,0.0
2023-01-10,sh600017,日照港,2.75,-1.4337
2023-01-11,sh600017,日照港,2.75,0.0
2023-01-12,sh600017,日照港,2.73,-0.7273
2023-01-13,sh600017,日照港,2.75,0.7326
2023-01-16,sh600017,日照港,2.76,0.3636
2023-01-17,sh600017,日照港,2.76,0.0
2023-01-18,sh600017,日照港,2.77,0.3623
2023-01-19,sh600017,日照港,2.79,0.722
2023-01-20,sh600017,日照港,2.82,1.0753
2023-01-30,sh600017,日照港,2.84,0.7092
2023-01-31,sh600017,日照港,2.85,0.3521
2023-02-01,sh600017,日照港,2.87,0.7018
2023-02-02,sh600017,日照港,2.85,-0.6969
2023-02-03,sh600017,日照港,2.84,-0.3509
2023-02-06,sh600017,日照港,2.86,0.7042
2023-02-07,sh600017,日照港,2.86,0.0
2023-02-08,sh600017,日照港,2.83,-1.049
2023-02-09,sh600017,日照港,2.87,1.4134
2023-02-10,sh600017,日照港,2.87,0.0
2023-02-13,sh600017,日照港,2.88,0.3484
2023-02-14,sh600017,日照港,2.88,0.0
2023-02-15,sh600017,日照港,2.86,-0.6944
2023-02-16,sh600017,日照港,2.83,-1.049
2023-02-17,sh600017,日照港,2.83,0.0
2023-02-20,sh600017,日照港,2.86,1.0601
2023-02-21,sh600017,日照港,2.89,1.049
2023-02-22,sh600017,日照港,2.88,-0.346
2023-02-23,sh600017,日照港,2.87,-0.3472
2023-02-24,sh600017,日照港,2.86,-0.3484
2023-02-27,sh600017,日照港,2.85,-0.3497
2023-02-28,sh600017,日照港,2.88,1.0526
2023-03-01,sh600017,日照港,2.9,0.6944
2023-03-02,sh600017,日照港,2.93,1.0345
2023-03-03,sh600017,日照港,2.94,0.3413
2023-03-06,sh600017,日照港,2.94,0.0
2023-03-07,sh600017,日照港,2.91,-1.0204
2023-03-08,sh600017,日照港,2.93,0.6873
2023-03-09,sh600017,日照港,2.92,-0.3413
2023-03-10,sh600017,日照港,2.88,-1.3699
2023-03-13,sh600017,日照港,2.91,1.0417
2023-03-14,sh600017,日照港,2.91,0.0
2023-03-15,sh600017,日照港,2.98,2.4055
2023-03-16,sh600017,日照港,2.97,-0.3356
2023-03-17,sh600017,日照港,3.01,1.3468
2023-03-20,sh600017,日照港,2.98,-0.9967
2023-03-21,sh600017,日照港,2.96,-0.6711
2023-03-22,sh600017,日照港,2.97,0.3378
2023-03-23,sh600017,日照港,2.94,-1.0101
2023-03-24,sh600017,日照港,2.91,-1.0204
2023-03-27,sh600017,日照港,2.88,-1.0309
2023-03-28,sh600017,日照港,2.87,-0.3472
2023-03-29,sh600017,日照港,2.84,-1.0453
2023-03-30,sh600017,日照港,2.84,0.0
2023-03-31,sh600017,日照港,2.79,-1.7606
2023-04-03,sh600017,日照港,2.83,1.4337
2023-04-04,sh600017,日照港,2.85,0.7067
2023-04-06,sh600017,日照港,2.82,-1.0526
2023-04-07,sh600017,日照港,2.82,0.0
2023-04-10,sh600017,日照港,2.8,-0.7092
2023-04-11,sh600017,日照港,2.79,-0.3571
2023-04-12,sh600017,日照港,2.84,1.7921
2023-04-13,sh600017,日照港,2.85,0.3521
2023-04-14,sh600017,日照港,2.87,0.7018
2023-04-17,sh600017,日照港,2.92,1.7422
2023-04-18,sh600017,日照港,2.92,0.0
2023-04-19,sh600017,日照港,2.94,0.6849
2023-04-20,sh600017,日照港,2.93,-0.3401
2023-04-21,sh600017,日照港,2.9,-1.0239
2023-04-24,sh600017,日照港,2.91,0.3448
2023-04-25,sh600017,日照港,2.91,0.0
2023-04-26,sh600017,日照港,2.92,0.3436
2023-04-27,sh600017,日照港,2.92,0.0
2023-04-28,sh600017,日照港,3.0,2.7397
2023-05-04,sh600017,日照港,3.22,7.3333
2023-05-05,sh600017,日照港,3.28,1.8634
2023-05-08,sh600017,日照港,3.32,1.2195
2023-05-09,sh600017,日照港,3.42,3.012
2023-05-10,sh600017,日照港,3.35,-2.0468
2023-05-11,sh600017,日照港,3.35,0.0
2023-05-12,sh600017,日照港,3.31,-1.194
2023-05-15,sh600017,日照港,3.31,0.0
2023-05-16,sh600017,日照港,3.23,-2.4169
2023-05-17,sh600017,日照港,3.22,-0.3096
2023-05-18,sh600017,日照港,3.19,-0.9317
2023-05-19,sh600017,日照港,3.13,-1.8809
2023-05-22,sh600017,日照港,3.11,-0.639
2023-05-23,sh600017,日照港,3.04,-2.2508
2023-05-24,sh600017,日照港,3.02,-0.6579
2023-05-25,sh600017,日照港,3.04,0.6623
2023-05-26,sh600017,日照港,3.02,-0.6579
2023-05-29,sh600017,日照港,3.03,0.3311
2023-05-30,sh600017,日照港,3.05,0.6601
2023-05-31,sh600017,日照港,2.99,-1.9672
2023-06-01,sh600017,日照港,3.01,0.6689
2023-06-02,sh600017,日照港,3.01,0.0
2023-06-05,sh600017,日照港,3.0,-0.3322
2023-06-06,sh600017,日照港,2.97,-1.0
2023-06-07,sh600017,日照港,3.03,2.0202
2023-06-08,sh600017,日照港,3.06,0.9901
2023-06-09,sh600017,日照港,3.03,-0.9804
2023-06-12,sh600017,日照港,2.99,-1.3201
2023-06-13,sh600017,日照港,2.95,-1.3378
2023-06-14,sh600017,日照港,2.93,-0.678
2023-06-15,sh600017,日照港,2.92,-0.3413
2023-06-16,sh600017,日照港,2.93,0.3425
2023-06-19,sh600017,日照港,2.88,-1.7065
2023-06-20,sh600017,日照港,2.86,-0.6944
2023-06-21,sh600017,日照港,2.84,-0.6993
2023-06-26,sh600017,日照港,2.81,-1.0563
2023-06-27,sh600017,日照港,2.87,2.1352
2023-06-28,sh600017,日照港,2.91,1.3937
2023-06-29,sh600017,日照港,2.93,0.6873
2023-06-30,sh600017,日照港,2.99,2.0478
2023-07-03,sh600017,日照港,2.98,-0.3344
2023-07-04,sh600017,日照港,2.94,-1.3423
2023-07-05,sh600017,日照港,2.94,0.0
2023-07-06,sh600017,日照港,2.93,-0.3401
2023-07-07,sh600017,日照港,2.95,0.6826
2023-07-10,sh600017,日照港,2.96,0.339
2023-07-11,sh600017,日照港,2.95,-0.3378
2023-07-12,sh600017,日照港,2.91,-1.3559
2023-07-13,sh600017,日照港,2.93,0.6873
2023-07-14,sh600017,日照港,2.94,0.3413
2023-07-17,sh600017,日照港,2.96,0.6803
2023-07-18,sh600017,日照港,2.96,0.0
2023-07-19,sh600017,日照港,2.98,0.6757
2023-07-20,sh600017,日照港,2.95,-1.0067
2023-07-21,sh600017,日照港,2.97,0.678
2023-07-24,sh600017,日照港,2.98,0.3367
2023-07-25,sh600017,日照港,3.01,1.0067
2023-07-26,sh600017,日照港,3.02,0.3322
2023-07-27,sh600017,日照港,3.03,0.3311
2023-07-28,sh600017,日照港,3.1,2.3102
2023-07-31,sh600017,日照港,3.13,0.9677
2023-08-01,sh600017,日照港,3.14,0.3195
2023-08-02,sh600017,日照港,3.11,-0.9554
2023-08-03,sh600017,日照港,3.11,0.0
2023-08-04,sh600017,日照港,3.08,-0.9646
2023-08-07,sh600017,日照港,3.05,-0.974
2023-08-08,sh600017,日照港,3.04,-0.3279
2023-08-09,sh600017,日照港,3.02,-0.6579
2023-08-10,sh600017,日照港,3.06,1.3245
2023-08-11,sh600017,日照港,3.0,-1.9608
2023-08-14,sh600017,日照港,3.02,0.6667
2023-08-15,sh600017,日照港,3.05,0.9934
2023-08-16,sh600017,日照港,3.02,-0.9836
2023-08-17,sh600017,日照港,3.03,0.3311
2023-08-18,sh600017,日照港,3.04,0.33
2023-08-21,sh600017,日照港,3.01,-0.9868
2023-08-22,sh600017,日照港,3.0,-0.3322
2023-08-23,sh600017,日照港,2.97,-1.0
2023-08-24,sh600017,日照港,2.91,-2.0202
2023-08-25,sh600017,日照港,2.92,0.3436
2023-08-28,sh600017,日照港,3.02,3.4247
2023-08-29,sh600017,日照港,2.98,-1.3245
2023-08-30,sh600017,日照港,2.9,-2.6846
2023-08-31,sh600017,日照港,2.9,0.0
2023-09-01,sh600017,日照港,2.96,2.069
2023-09-04,sh600017,日照港,3.04,2.7027
2023-09-05,sh600017,日照港,3.01,-0.9868
2023-09-06,sh600017,日照港,2.96,-1.6611
2023-09-07,sh600017,日照港,2.93,-1.0135
2023-09-08,sh600017,日照港,2.91,-0.6826
2023-09-11,sh600017,日照港,2.94,1.0309
2023-09-12,sh600017,日照港,2.95,0.3401
2023-09-13,sh600017,日照港,2.95,0.0
2023-09-14,sh600017,日照港,2.98,1.0169
2023-09-15,sh600017,日照港,3.03,1.6779
2023-09-18,sh600017,日照港,3.0,-0.9901
2023-09-19,sh600017,日照港,3.04,1.3333
2023-09-20,sh600017,日照港,3.01,-0.9868
2023-09-21,sh600017,日照港,3.02,0.3322
2023-09-22,sh600017,日照港,3.02,0.0
2023-09-25,sh600017,日照港,3.05,0.9934
2023-09-26,sh600017,日照港,3.04,-0.3279
2023-09-27,sh600017,日照港,3.02,-0.6579
2023-09-28,sh600017,日照港,3.0,-0.6623
2023-10-09,sh600017,日照港,2.99,-0.3333
2023-10-10,sh600017,日照港,2.93,-2.0067
2023-10-11,sh600017,日照港,2.91,-0.6826
2023-10-12,sh600017,日照港,2.95,1.3746
2023-10-13,sh600017,日照港,2.92,-1.0169
2023-10-16,sh600017,日照港,2.95,1.0274
2023-10-17,sh600017,日照港,2.95,0.0
2023-10-18,sh600017,日照港,2.9,-1.6949
2023-10-19,sh600017,日照港,2.86,-1.3793
2023-10-20,sh600017,日照港,2.85,-0.3497
2023-10-23,sh600017,日照港,2.79,-2.1053
2023-10-24,sh600017,日照港,2.83,1.4337
2023-10-25,sh600017,日照港,2.89,2.1201
2023-10-26,sh600017,日照港,2.91,0.692
2023-10-27,sh600017,日照港,2.89,-0.6873
2023-10-30,sh600017,日照港,2.86,-1.0381
2023-10-31,sh600017,日照港,2.85,-0.3497
2023-11-01,sh600017,日照港,2.85,0.0
2023-11-02,sh600017,日照港,2.84,-0.3509
2023-11-03,sh600017,日照港,2.83,-0.3521
2023-11-06,sh600017,日照港,2.86,1.0601
2023-11-07,sh600017,日照港,2.85,-0.3497
2023-11-08,sh600017,日照港,2.83,-0.7018
2023-11-09,sh600017,日照港,2.83,0.0
2023-11-10,sh600017,日照港,2.82,-0.3534
2023-11-13,sh600017,日照港,2.84,0.7092
2023-11-14,sh600017,日照港,2.85,0.3521
2023-11-15,sh600017,日照港,2.84,-0.3509
2023-11-16,sh600017,日照港,2.82,-0.7042
2023-11-17,sh600017,日照港,2.82,0.0
2023-11-20,sh600017,日照港,2.82,0.0
2023-11-21,sh600017,日照港,2.83,0.3546
2023-11-22,sh600017,日照港,2.83,0.0
2023-11-23,sh600017,日照港,2.85,0.7067
2023-11-24,sh600017,日照港,2.84,-0.3509
2023-11-27,sh600017,日照港,2.84,0.0
2023-11-28,sh600017,日照港,2.85,0.3521
2023-11-29,sh600017,日照港,2.82,-1.0526
2023-11-30,sh600017,日照港,2.83,0.3546
2023-12-01,sh600017,日照港,2.85,0.7067
2023-12-04,sh600017,日照港,2.87,0.7018
2023-12-05,sh600017,日照港,2.82,-1.7422
2023-12-06,sh600017,日照港,2.8,-0.7092
2023-12-07,sh600017,日照港,2.8,0.0
2023-12-08,sh600017,日照港,2.79,-0.3571
2023-12-11,sh600017,日照港,2.81,0.7168
2023-12-12,sh600017,日照港,2.82,0.3559
2023-12-13,sh600017,日照港,2.82,0.0
2023-12-14,sh600017,日照港,2.85,1.0638
2023-12-15,sh600017,日照港,2.84,-0.3509
2023-12-18,sh600017,日照港,2.83,-0.3521
2023-12-19,sh600017,日照港,2.8,-1.0601
2023-12-20,sh600017,日照港,2.77,-1.0714
2023-12-21,sh600017,日照港,2.77,0.0
2023-12-22,sh600017,日照港,2.76,-0.361
2023-12-25,sh600017,日照港,2.75,-0.3623
2023-12-26,sh600017,日照港,2.72,-1.0909
2023-12-27,sh600017,日照港,2.73,0.3676
2023-12-28,sh600017,日照港,2.75,0.7326
2023-12-29,sh600017,日照港,2.75,0.0
2024-01-02,sh600017,日照港,2.76,0.3636
2024-01-03,sh600017,日照港,2.78,0.7246
2024-01-04,sh600017,日照港,2.76,-0.7194
2024-01-05,sh600017,日照港,2.75,-0.3623
2024-01-08,sh600017,日照港,2.7,-1.8182
2024-01-09,sh600017,日照港,2.72,0.7407
2024-01-10,sh600017,日照港,2.71,-0.3676
2024-01-11,sh600017,日照港,2.73,0.738
2024-01-12,sh600017,日照港,2.74,0.3663
2024-01-15,sh600017,日照港,2.75,0.365
2024-01-16,sh600017,日照港,2.74,-0.3636
2024-01-17,sh600017,日照港,2.71,-1.0949
2024-01-18,sh600017,日照港,2.67,-1.476
2024-01-19,sh600017,日照港,2.64,-1.1236
2024-01-22,sh600017,日照港,2.53,-4.1667
2024-01-23,sh600017,日照港,2.56,1.1858
2024-01-24,sh600017,日照港,2.65,3.5156
2024-01-25,sh600017,日照港,2.73,3.0189
2024-01-26,sh600017,日照港,2.76,1.0989
2024-01-29,sh600017,日照港,2.76,0.0
2024-01-30,sh600017,日照港,2.71,-1.8116
2024-01-31,sh600017,日照港,2.67,-1.476
2024-02-01,sh600017,日照港,2.67,0.0
2024-02-02,sh600017,日照港,2.62,-1.8727
2024-02-05,sh600017,日照港,2.57,-1.9084
2024-02-06,sh600017,日照港,2.66,3.5019
2024-02-07,sh600017,日照港,2.74,3.0075
2024-02-08,sh600017,日照港,2.74,0.0
2024-02-19,sh600017,日照港,2.74,0.0
2024-02-20,sh600017,日照港,2.75,0.365
2024-02-21,sh600017,日照港,2.75,0.0
2024-02-22,sh600017,日照港,2.76,0.3636
2024-02-23,sh600017,日照港,2.78,0.7246
2024-02-26,sh600017,日照港,2.75,-1.0791
2024-02-27,sh600017,日照港,2.8,1.8182
2024-02-28,sh600017,日照港,2.75,-1.7857
2024-02-29,sh600017,日照港,2.78,1.0909
2024-03-01,sh600017,日照港,2.78,0.0
2024-03-04,sh600017,日照港,2.76,-0.7194
2024-03-05,sh600017,日照港,2.75,-0.3623
2024-03-06,sh600017,日照港,2.75,0.0
2024-03-07,sh600017,日照港,2.75,0.0
2024-03-08,sh600017,日照港,2.77,0.7273
2024-03-11,sh600017,日照港,2.78,0.361
2024-03-12,sh600017,日照港,2.78,0.0
2024-03-13,sh600017,日照港,2.76,-0.7194
2024-03-14,sh600017,日照港,2.78,0.7246
2024-03-15,sh600017,日照港,2.78,0.0
2024-03-18,sh600017,日照港,2.81,1.0791
2024-03-19,sh600017,日照港,2.78,-1.0676
2024-03-20,sh600017,日照港,2.79,0.3597
2024-03-21,sh600017,日照港,2.79,0.0
2024-03-22,sh600017,日照港,2.75,-1.4337
2024-03-25,sh600017,日照港,2.73,-0.7273
2024-03-26,sh600017,日照港,2.74,0.3663
2024-03-27,sh600017,日照港,2.74,0.0
2024-03-28,sh600017,日照港,2.75,0.365
2024-03-29,sh600017,日照港,2.77,0.7273
2024-04-01,sh600017,日照港,2.78,0.361
2024-04-02,sh600017,日照港,2.81,1.0791
2024-04-03,sh600017,日照港,2.84,1.0676
2024-04-08,sh600017,日照港,2.82,-0.7042
2024-04-09,sh600017,日照港,2.81,-0.3546
2024-04-10,sh600017,日照港,2.81,0.0
2024-04-11,sh600017,日照港,2.84,1.0676
2024-04-12,sh600017,日照港,2.82,-0.7042
2024-04-15,sh600017,日照港,2.85,1.0638
2024-04-16,sh600017,日照港,2.79,-2.1053
2024-04-17,sh600017,日照港,2.87,2.8674
2024-04-18,sh600017,日照港,2.87,0.0
2024-04-19,sh600017,日照港,2.87,0.0
2024-04-22,sh600017,日照港,2.83,-1.3937
2024-04-23,sh600017,日照港,2.81,-0.7067
2024-04-24,sh600017,日照港,2.82,0.3559
2024-04-25,sh600017,日照港,2.83,0.3546
2024-04-26,sh600017,日照港,2.81,-0.7067
2024-04-29,sh600017,日照港,2.83,0.7117
2024-04-30,sh600017,日照港,2.82,-0.3534
2024-05-06,sh600017,日照港,2.87,1.773
2024-05-07,sh600017,日照港,2.87,0.0
2024-05-08,sh600017,日照港,2.84,-1.0453
2024-05-09,sh600017,日照港,2.9,2.1127
2024-05-10,sh600017,日照港,2.9,0.0
2024-05-13,sh600017,日照港,2.97,2.4138
2024-05-14,sh600017,日照港,2.95,-0.6734
2024-05-15,sh600017,日照港,2.92,-1.0169
2024-05-16,sh600017,日照港,2.91,-0.3425
2024-05-17,sh600017,日照港,2.93,0.6873
2024-05-20,sh600017,日照港,2.99,2.0478
2024-05-21,sh600017,日照港,2.99,0.0
2024-05-22,sh600017,日照港,2.97,-0.6689
2024-05-23,sh600017,日照港,2.88,-3.0303
2024-05-24,sh600017,日照港,2.86,-0.6944
2024-05-27,sh600017,日照港,2.94,2.7972
2024-05-28,sh600017,日照港,2.88,-2.0408
2024-05-29,sh600017,日照港,2.87,-0.3472
2024-05-30,sh600017,日照港,2.85,-0.6969
2024-05-31,sh600017,日照港,2.86,0.3509
2024-06-03,sh600017,日照港,2.78,-2.7972
2024-06-04,sh600017,日照港,2.8,0.7194
2024-06-05,sh600017,日照港,2.77,-1.0714
2024-06-06,sh600017,日照港,2.74,-1.083
2024-06-07,sh600017,日照港,2.8,2.1898
2024-06-11,sh600017,日照港,2.75,-1.7857
2024-06-12,sh600017,日照港,2.74,-0.3636
2024-06-13,sh600017,日照港,2.7,-1.4599
2024-06-14,sh600017,日照港,2.66,-1.4815
2024-06-17,sh600017,日照港,2.66,0.0
2024-06-18,sh600017,日照港,2.7,1.5038
2024-06-19,sh600017,日照港,2.7,0.0
2024-06-20,sh600017,日照港,2.67,-1.1111
2024-06-21,sh600017,日照港,2.68,0.3745
2024-06-24,sh600017,日照港,2.61,-2.6119
2024-06-25,sh600017,日照港,2.63,0.7663
2024-06-26,sh600017,日照港,2.66,1.1407
2024-06-27,sh600017,日照港,2.64,-0.7519
2024-06-28,sh600017,日照港,2.67,1.1364
2024-07-01,sh600017,日照港,2.7,1.1236
2024-07-02,sh600017,日照港,2.72,0.7407
2024-07-03,sh600017,日照港,2.72,0.0
2024-07-04,sh600017,日照港,2.7,-0.7353
2024-07-05,sh600017,日照港,2.73,1.1111
2024-07-08,sh600017,日照港,2.68,-1.8315
2024-07-09,sh600017,日照港,2.73,1.8657
2024-07-10,sh600017,日照港,2.7,-1.0989
2024-07-11,sh600017,日照港,2.72,0.7407
2024-07-12,sh600017,日照港,2.73,0.3676
2024-07-15,sh600017,日照港,2.72,-0.3663
2024-07-16,sh600017,日照港,2.72,0.0
2024-07-17,sh600017,日照港,2.71,-0.3676
2024-07-18,sh600017,日照港,2.72,0.369
2024-07-19,sh600017,日照港,2.72,0.0
2024-07-22,sh600017,日照港,2.7,-0.7353
2024-07-23,sh600017,日照港,2.7,0.0
2024-07-24,sh600017,日照港,2.72,0.7407
2024-07-25,sh600017,日照港,2.73,0.3676
2024-07-26,sh600017,日照港,2.76,1.0989
2024-07-29,sh600017,日照港,2.78,0.7246
2024-07-30,sh600017,日照港,2.83,1.7986
2024-07-31,sh600017,日照港,2.85,0.7067
2024-08-01,sh600017,日照港,2.89,1.4035
2024-08-02,sh600017,日照港,2.87,-0.692
2024-08-05,sh600017,日照港,2.84,-1.0453
2024-08-06,sh600017,日照港,2.85,0.3521
2024-08-07,sh600017,日照港,2.82,-1.0526
2024-08-08,sh600017,日照港,2.83,0.3546
2024-08-09,sh600017,日照港,2.82,-0.3534
2024-08-12,sh600017,日照港,2.8,-0.7092
2024-08-13,sh600017,日照港,2.82,0.7143
2024-08-14,sh600017,日照港,2.81,-0.3546
2024-08-15,sh600017,日照港,2.84,1.0676
2024-08-16,sh600017,日照港,2.83,-0.3521
2024-08-19,sh600017,日照港,2.86,1.0601
2024-08-20,sh600017,日照港,2.81,-1.7483
2024-08-21,sh600017,日照港,2.8,-0.3559
2024-08-22,sh600017,日照港,2.79,-0.3571
2024-08-23,sh600017,日照港,2.78,-0.3584
2024-08-26,sh600017,日照港,2.77,-0.3597
2024-08-27,sh600017,日照港,2.77,0.0
2024-08-28,sh600017,日照港,2.78,0.361
2024-08-29,sh600017,日照港,2.71,-2.518
2024-08-30,sh600017,日照港,2.73,0.738
2024-09-02,sh600017,日照港,2.73,0.0
2024-09-03,sh600017,日照港,2.69,-1.4652
2024-09-04,sh600017,日照港,2.66,-1.1152
2024-09-05,sh600017,日照港,2.67,0.3759
2024-09-06,sh600017,日照港,2.67,0.0
2024-09-09,sh600017,日照港,2.65,-0.7491
2024-09-10,sh600017,日照港,2.65,0.0
2024-09-11,sh600017,日照港,2.59,-2.2642
2024-09-12,sh600017,日照港,2.6,0.3861
2024-09-13,sh600017,日照港,2.6,0.0
2024-09-18,sh600017,日照港,2.6,0.0
2024-09-19,sh600017,日照港,2.63,1.1538
2024-09-20,sh600017,日照港,2.62,-0.3802
2024-09-23,sh600017,日照港,2.64,0.7634
2024-09-24,sh600017,日照港,2.72,3.0303
2024-09-25,sh600017,日照港,2.77,1.8382
2024-09-26,sh600017,日照港,2.88,3.9711
2024-09-27,sh600017,日照港,2.91,1.0417
2024-09-30,sh600017,日照港,3.13,7.5601
2024-10-08,sh600017,日照港,3.2,2.2364
2024-10-09,sh600017,日照港,2.99,-6.5625
2024-10-10,sh600017,日照港,3.04,1.6722
2024-10-11,sh600017,日照港,2.96,-2.6316
2024-10-14,sh600017,日照港,3.02,2.027
2024-10-15,sh600017,日照港,2.96,-1.9868
2024-10-16,sh600017,日照港,3.01,1.6892
2024-10-17,sh600017,日照港,2.95,-1.9934
2024-10-18,sh600017,日照港,2.97,0.678
2024-10-21,sh600017,日照港,2.95,-0.6734
2024-10-22,sh600017,日照港,2.98,1.0169
2024-10-23,sh600017,日照港,3.01,1.0067
2024-10-24,sh600017,日照港,3.01,0.0
2024-10-25,sh600017,日照港,3.04,0.9967
2024-10-28,sh600017,日照港,3.13,2.9605
2024-10-29,sh600017,日照港,3.04,-2.8754
2024-10-30,sh600017,日照港,3.08,1.3158
2024-10-31,sh600017,日照港,3.16,2.5974
2024-11-01,sh600017,日照港,3.15,-0.3165
2024-11-04,sh600017,日照港,3.14,-0.3175
2024-11-05,sh600017,日照港,3.2,1.9108
2024-11-06,sh600017,日照港,3.25,1.5625
2024-11-07,sh600017,日照港,3.3,1.5385
2024-11-08,sh600017,日照港,3.23,-2.1212
2024-11-11,sh600017,日照港,3.2,-0.9288
2024-11-12,sh600017,日照港,3.16,-1.25
2024-11-13,sh600017,日照港,3.17,0.3165
2024-11-14,sh600017,日照港,3.1,-2.2082
2024-11-15,sh600017,日照港,3.11,0.3226
2024-11-18,sh600017,日照港,3.21,3.2154
2024-11-19,sh600017,日照港,3.23,0.6231
2024-11-20,sh600017,日照港,3.27,1.2384
2024-11-21,sh600017,日照港,3.23,-1.2232
2024-11-22,sh600017,日照港,3.15,-2.4768
2024-11-25,sh600017,日照港,3.18,0.9524
2024-11-26,sh600017,日照港,3.22,1.2579
2024-11-27,sh600017,日照港,3.22,0.0
2024-11-28,sh600017,日照港,3.26,1.2422
2024-11-29,sh600017,日照港,3.26,0.0
2024-12-02,sh600017,日照港,3.32,1.8405
2024-12-03,sh600017,日照港,3.33,0.3012
2024-12-04,sh600017,日照港,3.27,-1.8018
2024-12-05,sh600017,日照港,3.31,1.2232
2024-12-06,sh600017,日照港,3.39,2.4169
2024-12-09,sh600017,日照港,3.42,0.885
2024-12-10,sh600017,日照港,3.35,-2.0468
2024-12-11,sh600017,日照港,3.41,1.791
2024-12-12,sh600017,日照港,3.43,0.5865
2024-12-13,sh600017,日照港,3.33,-2.9155
2024-12-16,sh600017,日照港,3.36,0.9009
2024-12-17,sh600017,日照港,3.28,-2.381
2024-12-18,sh600017,日照港,3.28,0.0
2024-12-19,sh600017,日照港,3.24,-1.2195
2024-12-20,sh600017,日照港,3.21,-0.9259
2024-12-23,sh600017,日照港,3.18,-0.9346
2024-12-24,sh600017,日照港,3.24,1.8868
2024-12-25,sh600017,日照港,3.25,0.3086
2024-12-26,sh600017,日照港,3.19,-1.8462
2024-12-27,sh600017,日照港,3.26,2.1944
2024-12-30,sh600017,日照港,3.25,-0.3067
2024-12-31,sh600017,日照港,3.2,-1.5385
2025-01-02,sh600017,日照港,3.1,-3.125
2025-01-03,sh600017,日照港,3.06,-1.2903
2025-01-06,sh600017,日照港,3.07,0.3268
2025-01-07,sh600017,日照港,3.05,-0.6515
2025-01-08,sh600017,日照港,3.04,-0.3279
2025-01-09,sh600017,日照港,2.98,-1.9737
2025-01-10,sh600017,日照港,2.92,-2.0134
2025-01-13,sh600017,日照港,2.91,-0.3425
2025-01-14,sh600017,日照港,2.97,2.0619
2025-01-15,sh600017,日照港,2.95,-0.6734
2025-01-16,sh600017,日照港,2.98,1.0169
2025-01-17,sh600017,日照港,2.98,0.0
2025-01-20,sh600017,日照港,2.99,0.3356
2025-01-21,sh600017,日照港,2.97,-0.6689
2025-01-22,sh600017,日照港,2.95,-0.6734
2025-01-23,sh600017,日照港,3.0,1.6949
2025-01-24,sh600017,日照港,3.0,0.0
2025-01-27,sh600017,日照港,3.04,1.3333
2025-02-05,sh600017,日照港,3.0,-1.3158
2025-02-06,sh600017,日照港,3.01,0.3333
2025-02-07,sh600017,日照港,3.04,0.9967
2025-02-10,sh600017,日照港,3.03,-0.3289
2025-02-11,sh600017,日照港,3.04,0.33
2025-02-12,sh600017,日照港,3.04,0.0
2025-02-13,sh600017,日照港,3.03,-0.3289
2025-02-14,sh600017,日照港,3.02,-0.33
2025-02-17,sh600017,日照港,3.02,0.0
2025-02-18,sh600017,日照港,2.99,-0.9934
2025-02-19,sh600017,日照港,2.97,-0.6689
2025-02-20,sh600017,日照港,2.96,-0.3367
2025-02-21,sh600017,日照港,2.95,-0.3378
2025-02-24,sh600017,日照港,2.98,1.0169
2025-02-25,sh600017,日照港,2.95,-1.0067
2025-02-26,sh600017,日照港,3.0,1.6949
2025-02-27,sh600017,日照港,3.0,0.0
2025-02-28,sh600017,日照港,2.99,-0.3333
2025-03-03,sh600017,日照港,2.99,0.0
2025-03-04,sh600017,日照港,2.99,0.0
2025-03-05,sh600017,日照港,2.97,-0.6689
2025-03-06,sh600017,日照港,2.98,0.3367
2025-03-07,sh600017,日照港,2.99,0.3356
2025-03-10,sh600017,日照港,3.01,0.6689
2025-03-11,sh600017,日照港,3.02,0.3322
2025-03-12,sh600017,日照港,3.03,0.3311
2025-03-13,sh600017,日照港,3.03,0.0
2025-03-14,sh600017,日照港,3.08,1.6502
2025-03-17,sh600017,日照港,3.1,0.6494
2025-03-18,sh600017,日照港,3.15,1.6129
2025-03-19,sh600017,日照港,3.14,-0.3175
2025-03-20,sh600017,日照港,3.14,0.0
2025-03-21,sh600017,日照港,3.17,0.9554
2025-03-24,sh600017,日照港,3.17,0.0
2025-03-25,sh600017,日照港,3.2,0.9464
2025-03-26,sh600017,日照港,3.19,-0.3125
2025-03-27,sh600017,日照港,3.16,-0.9404
2025-03-28,sh600017,日照港,3.11,-1.5823
2025-03-31,sh600017,日照港,3.07,-1.2862
2025-04-01,sh600017,日照港,3.09,0.6515
2025-04-02,sh600017,日照港,3.07,-0.6472
2025-04-03,sh600017,日照港,3.22,4.886
2025-04-07,sh600017,日照港,2.9,-9.9379
2025-04-08,sh600017,日照港,3.03,4.4828
2025-04-09,sh600017,日照港,3.33,9.901
2025-04-10,sh600017,日照港,3.47,4.2042
2025-04-11,sh600017,日照港,3.36,-3.17
2025-04-14,sh600017,日照港,3.27,-2.6786
2025-04-15,sh600017,日照港,3.16,-3.3639
2025-04-16,sh600017,日照港,3.25,2.8481
2025-04-17,sh600017,日照港,3.19,-1.8462
2025-04-18,sh600017,日照港,3.11,-2.5078
2025-04-21,sh600017,日照港,3.11,0.0
2025-04-22,sh600017,日照港,3.15,1.2862
2025-04-23,sh600017,日照港,3.14,-0.3175
2025-04-24,sh600017,日照港,3.11,-0.9554
2025-04-25,sh600017,日照港,3.11,0.0
2025-04-28,sh600017,日照港,3.08,-0.9646
2025-04-29,sh600017,日照港,3.04,-1.2987
2025-04-30,sh600017,日照港,3.0,-1.3158
2025-05-06,sh600017,日照港,3.04,1.3333
2025-05-07,sh600017,日照港,3.06,0.6579
2025-05-08,sh600017,日照港,3.05,-0.3268
2025-05-09,sh600017,日照港,3.05,0.0
2025-05-12,sh600017,日照港,3.08,0.9836
2025-05-13,sh600017,日照港,3.2,3.8961
2025-05-14,sh600017,日照港,3.26,1.875
2025-05-15,sh600017,日照港,3.19,-2.1472
2025-05-16,sh600017,日照港,3.18,-0.3135
2025-05-19,sh600017,日照港,3.44,8.1761
2025-05-20,sh600017,日照港,3.25,-5.5233
2025-05-21,sh600017,日照港,3.27,0.6154
2025-05-22,sh600017,日照港,3.21,-1.8349
2025-05-23,sh600017,日照港,3.12,-2.8037
2025-05-26,sh600017,日照港,3.12,0.0
2025-05-27,sh600017,日照港,3.14,0.641
2025-05-28,sh600017,日照港,3.14,0.0
2025-05-29,sh600017,日照港,3.17,0.9554
2025-05-30,sh600017,日照港,3.15,-0.6309
2025-06-03,sh600017,日照港,3.21,1.9048
2025-06-04,sh600017,日照港,3.2,-0.3115
2025-06-05,sh600017,日照港,3.17,-0.9375
2025-06-06,sh600017,日照港,3.18,0.3155
2025-06-09,sh600017,日照港,3.21,0.9434
2025-06-10,sh600017,日照港,3.27,1.8692
2025-06-11,sh600017,日照港,3.23,-1.2232
2025-06-12,sh600017,日照港,3.2,-0.9288
2025-06-13,sh600017,日照港,3.11,-2.8125
2025-06-16,sh600017,日照港,3.12,0.3215
2025-06-17,sh600017,日照港,3.14,0.641
2025-06-18,sh600017,日照港,3.11,-0.9554
2025-06-19,sh600017,日照港,3.05,-1.9293
2025-06-20,sh600017,日照港,3.07,0.6557
2025-06-23,sh600017,日照港,3.16,2.9316
2025-06-24,sh600017,日照港,3.12,-1.2658
2025-06-25,sh600017,日照港,3.13,0.3205
2025-06-26,sh600017,日照港,3.11,-0.639
2025-06-27,sh600017,日照港,3.12,0.3215
2025-06-30,sh600017,日照港,3.1,-0.641
2025-07-01,sh600017,日照港,3.12,0.6452
2025-07-02,sh600017,日照港,3.14,0.641
2025-07-03,sh600017,日照港,3.14,0.0
2025-07-04,sh600017,日照港,3.15,0.3185
2025-07-07,sh600017,日照港,3.16,0.3175
2025-07-08,sh600017,日照港,3.18,0.6329
2025-07-09,sh600017,日照港,3.22,1.2579
2025-07-10,sh600017,日照港,3.27,1.5528
2025-07-11,sh600017,日照港,3.25,-0.6116
2025-07-14,sh600017,日照港,3.26,0.3077
2025-07-15,sh600017,日照港,3.22,-1.227
2025-07-16,sh600017,日照港,3.22,0.0
2025-07-17,sh600017,日照港,3.2,-0.6211
2025-07-18,sh600017,日照港,3.21,0.3125
2025-07-21,sh600017,日照港,3.26,1.5576
2025-07-22,sh600017,日照港,3.31,1.5337
2025-07-23,sh600017,日照港,3.3,-0.3021
2025-07-24,sh600017,日照港,3.38,2.4242
2025-07-25,sh600017,日照港,3.33,-1.4793
2025-07-28,sh600017,日照港,3.28,-1.5015
2025-07-29,sh600017,日照港,3.27,-0.3049
2025-07-30,sh600017,日照港,3.27,0.0
2025-07-31,sh600017,日照港,3.2,-2.1407
2025-08-01,sh600017,日照港,3.2,0.0
2025-08-04,sh600017,日照港,3.19,-0.3125
2025-08-05,sh600017,日照港,3.21,0.627
2025-08-06,sh600017,日照港,3.23,0.6231
2025-08-07,sh600017,日照港,3.22,-0.3096
2025-08-08,sh600017,日照港,3.26,1.2422
2025-08-11,sh600017,日照港,3.28,0.6135
2025-08-12,sh600017,日照港,3.27,-0.3049
2025-08-13,sh600017,日照港,3.27,0.0
2025-08-14,sh600017,日照港,3.21,-1.8349
2025-08-15,sh600017,日照港,3.23,0.6231
2025-08-18,sh600017,日照港,3.22,-0.3096
2025-08-19,sh600017,日照港,3.24,0.6211
2025-08-20,sh600017,日照港,3.25,0.3086
2025-08-21,sh600017,日照港,3.26,0.3077
2025-08-22,sh600017,日照港,3.28,0.6135
2025-08-25,sh600017,日照港,3.31,0.9146
2025-08-26,sh600017,日照港,3.32,0.3021
2025-08-27,sh600017,日照港,3.23,-2.7108
2025-08-28,sh600017,日照港,3.23,0.0
2025-08-29,sh600017,日照港,3.21,-0.6192
2025-09-01,sh600017,日照港,3.19,-0.6231
2025-09-02,sh600017,日照港,3.2,0.3135
2025-09-03,sh600017,日照港,3.14,-1.875
2025-09-04,sh600017,日照港,3.16,0.6369
2025-09-05,sh600017,日照港,3.16,0.0
2025-09-08,sh600017,日照港,3.18,0.6329
2025-09-09,sh600017,日照港,3.17,-0.3145
2025-09-10,sh600017,日照港,3.17,0.0
2025-09-11,sh600017,日照港,3.19,0.6309
2025-09-12,sh600017,日照港,3.21,0.627
2025-09-15,sh600017,日照港,3.2,-0.3115
2025-09-16,sh600017,日照港,3.27,2.1875
2025-09-17,sh600017,日照港,3.28,0.3058
2025-09-18,sh600017,日照港,3.23,-1.5244
2025-09-19,sh600017,日照港,3.25,0.6192
2025-09-22,sh600017,日照港,3.19,-1.8462
2025-09-23,sh600017,日照港,3.15,-1.2539
2025-09-24,sh600017,日照港,3.16,0.3175
2025-09-25,sh600017,日照港,3.09,-2.2152
2025-09-26,sh600017,日照港,3.07,-0.6472
2025-09-29,sh600017,日照港,3.1,0.9772
2025-09-30,sh600017,日照港,3.06,-1.2903
2025-10-09,sh600017,日照港,3.1,1.3072
2025-10-10,sh600017,日照港,3.15,1.6129
2025-10-13,sh600017,日照港,3.14,-0.3175
2025-10-14,sh600017,日照港,3.18,1.2739
2025-10-15,sh600017,日照港,3.17,-0.3145
2025-10-16,sh600017,日照港,3.18,0.3155
2025-10-17,sh600017,日照港,3.17,-0.3145
2025-10-20,sh600017,日照港,3.18,0.3155
2025-10-21,sh600017,日照港,3.23,1.5723
2025-10-22,sh600017,日照港,3.22,-0.3096
2025-10-23,sh600017,日照港,3.26,1.2422
2025-10-24,sh600017,日照港,3.22,-1.227
2025-10-27,sh600017,日照港,3.23,0.3106
2025-10-28,sh600017,日照港,3.25,0.6192
2025-10-29,sh600017,日照港,3.23,-0.6154
2025-10-30,sh600017,日照港,3.24,0.3096
2025-10-31,sh600017,日照港,3.18,-1.8519
2025-11-03,sh600017,日照港,3.19,0.3145
2025-11-04,sh600017,日照港,3.21,0.627
2025-11-05,sh600017,日照港,3.23,0.6231
2025-11-06,sh600017,日照港,3.23,0.0
2025-11-07,sh600017,日照港,3.25,0.6192
2025-11-10,sh600017,日照港,3.25,0.0
2025-11-11,sh600017,日照港,3.26,0.3077
2025-11-12,sh600017,日照港,3.24,-0.6135
2025-11-13,sh600017,日照港,3.25,0.3086
2025-11-14,sh600017,日照港,3.27,0.6154
2025-11-17,sh600017,日照港,3.28,0.3058
2025-11-18,sh600017,日照港,3.18,-3.0488
2025-11-19,sh600017,日照港,3.14,-1.2579
2025-11-20,sh600017,日照港,3.14,0.0
2025-11-21,sh600017,日照港,3.04,-3.1847
2025-11-24,sh600017,日照港,3.02,-0.6579
2025-11-25,sh600017,日照港,3.03,0.3311
2025-11-26,sh600017,日照港,3.02,-0.33
2025-11-27,sh600017,日照港,3.0,-0.6623
2025-11-28,sh600017,日照港,3.01,0.3333
2025-12-01,sh600017,日照港,3.03,0.6645
2025-12-02,sh600017,日照港,3.04,0.33
2025-12-03,sh600017,日照港,3.05,0.3289
2025-12-04,sh600017,日照港,3.03,-0.6557
2025-12-05,sh600017,日照港,3.05,0.6601
2025-12-08,sh600017,日照港,3.03,-0.6557
2025-12-09,sh600017,日照港,2.99,-1.3201
2025-12-10,sh600017,日照港,3.01,0.6689
2025-12-11,sh600017,日照港,2.99,-0.6645
2025-12-12,sh600017,日照港,2.98,-0.3344
2025-12-15,sh600017,日照港,3.0,0.6711
2025-12-16,sh600017,日照港,2.96,-1.3333
2025-12-17,sh600017,日照港,2.97,0.3378
2025-12-18,sh600017,日照港,2.99,0.6734
2025-12-19,sh600017,日照港,3.02,1.0033
2025-12-22,sh600017,日照港,3.03,0.3311
2025-12-23,sh600017,日照港,3.02,-0.33
2025-12-24,sh600017,日照港,3.02,0.0
2025-12-25,sh600017,日照港,3.04,0.6623
2025-12-26,sh600017,日照港,3.02,-0.6579
2025-12-29,sh600017,日照港,3.01,-0.3311
2025-12-30,sh600017,日照港,2.99,-0.6645
2025-12-31,sh600017,日照港,3.0,0.3344
2026-01-05,sh600017,日照港,3.0,0.0
2026-01-06,sh600017,日照港,3.03,1.0
2026-01-07,sh600017,日照港,3.02,-0.33
2026-01-08,sh600017,日照港,3.02,0.0
2026-01-09,sh600017,日照港,3.03,0.3311
2026-01-12,sh600017,日照港,3.06,0.9901
2026-01-13,sh600017,日照港,3.05,-0.3268
2026-01-14,sh600017,日照港,3.03,-0.6557
2026-01-15,sh600017,日照港,3.04,0.33
2026-01-16,sh600017,日照港,3.02,-0.6579
2026-01-19,sh600017,日照港,3.05,0.9934
2026-01-20,sh600017,日照港,3.08,0.9836
2026-01-21,sh600017,日照港,3.05,-0.974
2026-01-22,sh600017,日照港,3.1,1.6393
2026-01-23,sh600017,日照港,3.11,0.3226
2026-01-26,sh600017,日照港,3.13,0.6431
2026-01-27,sh600017,日照港,3.11,-0.639
2026-01-28,sh600017,日照港,3.16,1.6077
2026-01-29,sh600017,日照港,3.17,0.3165
2026-01-30,sh600017,日照港,3.17,0.0
2026-02-02,sh600017,日照港,3.1,-2.2082
2026-02-03,sh600017,日照港,3.11,0.3226
2026-02-04,sh600017,日照港,3.18,2.2508
2026-02-05,sh600017,日照港,3.15,-0.9434
2026-02-06,sh600017,日照港,3.13,-0.6349
2026-02-09,sh600017,日照港,3.14,0.3195
2026-02-10,sh600017,日照港,3.12,-0.6369
2026-02-11,sh600017,日照港,3.14,0.641
2026-02-12,sh600017,日照港,3.11,-0.9554
2026-02-13,sh600017,日照港,3.03,-2.5723
2026-02-24,sh600017,日照港,3.1,2.3102
2026-02-25,sh600017,日照港,3.16,1.9355
2026-02-26,sh600017,日照港,3.15,-0.3165
2026-02-27,sh600017,日照港,3.23,2.5397
2026-03-02,sh600017,日照港,3.24,0.3096
2026-03-03,sh600017,日照港,3.23,-0.3086
2026-03-04,sh600017,日照港,3.16,-2.1672
2026-03-05,sh600017,日照港,3.12,-1.2658
2026-03-06,sh600017,日照港,3.18,1.9231
2026-03-09,sh600017,日照港,3.16,-0.6289
2026-03-10,sh600017,日照港,3.18,0.6329
2026-03-11,sh600017,日照港,3.24,1.8868
2026-03-12,sh600017,日照港,3.3,1.8519
2026-03-13,sh600017,日照港,3.28,-0.6061
2026-03-16,sh600017,日照港,3.28,0.0
2026-03-17,sh600017,日照港,3.24,-1.2195
2026-03-18,sh600017,日照港,3.22,-0.6173
2026-03-19,sh600017,日照港,3.19,-0.9317
2026-03-20,sh600017,日照港,3.2,0.3135
2026-03-23,sh600017,日照港,3.0,-6.25
2026-03-24,sh600017,日照港,3.12,4.0
2026-03-25,sh600017,日照港,3.28,5.1282
2026-03-26,sh600017,日照港,3.29,0.3049
2026-03-27,sh600017,日照港,3.17,-3.6474
2026-03-30,sh600017,日照港,3.09,-2.5237
2026-03-31,sh600017,日照港,3.09,0.0
2026-04-01,sh600017,日照港,3.08,-0.3236
2026-04-02,sh600017,日照港,3.11,0.974
2026-04-03,sh600017,日照港,3.05,-1.9293
2026-04-07,sh600017,日照港,3.05,0.0
2026-04-08,sh600017,日照港,3.12,2.2951
2026-04-09,sh600017,日照港,3.04,-2.5641
2026-04-10,sh600017,日照港,3.01,-0.9868
2026-04-13,sh600017,日照港,3.0,-0.3322
2026-04-14,sh600017,日照港,2.98,-0.6667
2026-04-15,sh600017,日照港,2.99,0.3356
2026-04-16,sh600017,日照港,2.98,-0.3344
2026-04-17,sh600017,日照港,2.98,0.0
2026-04-20,sh600017,日照港,2.97,-0.3356
2026-04-21,sh600017,日照港,2.98,0.3367
2026-04-22,sh600017,日照港,2.97,-0.3356
2026-04-23,sh600017,日照港,3.0,1.0101
2026-04-24,sh600017,日照港,2.99,-0.3333
2026-04-27,sh600017,日照港,2.97,-0.6689
2026-04-28,sh600017,日照港,2.98,0.3367
2026-04-29,sh600017,日照港,2.99,0.3356
2026-04-30,sh600017,日照港,2.96,-1.0033
2026-05-06,sh600017,日照港,2.97,0.3378
2026-05-07,sh600017,日照港,2.97,0.0
2026-05-08,sh600017,日照港,2.98,0.3367
2026-05-11,sh600017,日照港,2.97,-0.3356
2026-05-12,sh600017,日照港,2.97,0.0
2026-05-13,sh600017,日照港,2.96,-0.3367
2026-05-14,sh600017,日照港,2.9,-2.027
2026-05-15,sh600017,日照港,2.85,-1.7241
2026-05-18,sh600017,日照港,2.82,-1.0526
2026-05-19,sh600017,日照港,2.85,1.0638
2026-05-20,sh600017,日照港,2.79,-2.1053
2026-05-21,sh600017,日照港,2.79,0.0
2026-05-22,sh600017,日照港,2.78,-0.3584
2026-05-25,sh600017,日照港,2.79,0.3597
2026-05-26,sh600017,日照港,2.79,0.0
2026-05-27,sh600017,日照港,2.75,-1.4337
2026-05-28,sh600017,日照港,2.74,-0.3636
2026-05-29,sh600017,日照港,2.77,1.0949
2026-06-01,sh600017,日照港,2.85,2.8881
2026-06-02,sh600017,日照港,2.82,-1.0526
2026-06-03,sh600017,日照港,2.79,-1.0638
2026-06-04,sh600017,日照港,2.76,-1.0753
2026-06-05,sh600017,日照港,2.8,1.4493
2026-06-08,sh600017,日照港,2.73,-2.5
2026-06-09,sh600017,日照港,2.7,-1.0989
2026-06-10,sh600017,日照港,2.69,-0.3704
2026-06-11,sh600017,日照港,2.65,-1.487
2026-06-12,sh600017,日照港,2.69,1.5094
2026-06-15,sh600017,日照港,2.72,1.1152
2026-06-16,sh600017,日照港,2.66,-2.2059
2026-06-17,sh600017,日照港,2.65,-0.3759
2026-06-18,sh600017,日照港,2.6,-1.8868
2026-06-22,sh600017,日照港,2.6,0.0
2026-06-23,sh600017,日照港,2.67,2.6923
2026-06-24,sh600017,日照港,2.59,-2.9963
2026-06-25,sh600017,日照港,2.57,-0.7722
2026-06-26,sh600017,日照港,2.54,-1.1673
2026-06-29,sh600017,日照港,2.55,0.3937
2026-06-30,sh600017,日照港,2.5,-1.9608
2026-07-01,sh600017,日照港,2.57,2.8
2026-07-02,sh600017,日照港,2.58,0.3891
2026-07-03,sh600017,日照港,2.6,0.7752
2026-07-06,sh600017,日照港,2.64,1.5385
2026-07-07,sh600017,日照港,2.61,-1.1364
2026-07-08,sh600017,日照港,2.62,0.3831
2026-07-09,sh600017,日照港,2.59,-1.145
2026-07-10,sh600017,日照港,2.6,0.3861
2026-07-13,sh600017,日照港,2.64,1.5385
2026-07-14,sh600017,日照港,2.68,1.5152
2026-07-15,sh600017,日照港,2.72,1.4925
2026-07-16,sh600017,日照港,2.72,0.0
2026-07-17,sh600017,日照港,2.7,-0.7353
2026-07-20,sh600017,日照港,2.73,1.1111
2026-07-21,sh600017,日照港,2.71,-0.7326
2026-07-22,sh600017,日照港,2.72,0.369
2026-07-23,sh600017,日照港,2.74,0.7353
2026-07-24,sh600017,日照港,2.7,-1.4599
2026-07-27,sh600017,日照港,2.71,0.3704
2026-07-28,sh600017,日照港,2.72,0.369
2026-07-29,sh600017,日照港,2.74,0.7353
2026-07-30,sh600017,日照港,2.78,1.4599
2026-07-31,sh600017,日照港,2.78,0.0
2026-08-03,sh600017,日照港,2.82,1.4388
2026-08-04,sh600017,日照港,2.76,-2.1277
2026-08-05,sh600017,日照港,2.75,-0.3623
2026-08-06,sh600017,日照港,2.72,-1.0909
2026-08-07,sh600017,日照港,2.68,-1.4706
2026-08-10,sh600017,日照港,2.72,1.4925
2026-08-11,sh600017,日照港,2.69,-1.1029
2026-08-12,sh600017,日照港,2.68,-0.3717
2026-08-13,sh600017,日照港,2.67,-0.3731
2026-08-14,sh600017,日照港,2.66,-0.3745
2026-08-17,sh600017,日照港,2.67,0.3759
2026-08-18,sh600017,日照港,2.67,0.0
2026-08-19,sh600017,日照港,2.67,0.0
2016-01-04,sh600018,上港集团,5.98,
2016-01-05,sh600018,上港集团,6.03,0.8361
2016-01-06,sh600018,上港集团,6.13,1.6584
2016-01-07,sh600018,上港集团,5.66,-7.6672
2016-01-08,sh600018,上港集团,5.83,3.0035
2016-01-11,sh600018,上港集团,5.55,-4.8027
2016-01-12,sh600018,上港集团,5.57,0.3604
2016-01-13,sh600018,上港集团,5.4,-3.0521
2016-01-14,sh600018,上港集团,5.44,0.7407
2016-01-15,sh600018,上港集团,5.12,-5.8824
2016-01-18,sh600018,上港集团,5.13,0.1953
2016-01-19,sh600018,上港集团,5.32,3.7037
2016-01-20,sh600018,上港集团,5.35,0.5639
2016-01-21,sh600018,上港集团,5.24,-2.0561
2016-01-22,sh600018,上港集团,5.29,0.9542
2016-01-25,sh600018,上港集团,5.32,0.5671
2016-01-26,sh600018,上港集团,4.86,-8.6466
2016-01-27,sh600018,上港集团,4.75,-2.2634
2016-01-28,sh600018,上港集团,4.53,-4.6316
2016-01-29,sh600018,上港集团,4.67,3.0905
2016-02-01,sh600018,上港集团,4.63,-0.8565
2016-02-02,sh600018,上港集团,4.72,1.9438
2016-02-03,sh600018,上港集团,4.66,-1.2712
2016-02-04,sh600018,上港集团,4.73,1.5021
2016-02-05,sh600018,上港集团,4.71,-0.4228
2016-02-15,sh600018,上港集团,4.64,-1.4862
2016-02-16,sh600018,上港集团,4.82,3.8793
2016-02-17,sh600018,上港集团,4.92,2.0747
2016-02-18,sh600018,上港集团,4.87,-1.0163
2016-02-19,sh600018,上港集团,4.84,-0.616
2016-02-22,sh600018,上港集团,4.94,2.0661
2016-02-23,sh600018,上港集团,4.92,-0.4049
2016-02-24,sh600018,上港集团,5.02,2.0325
2016-02-25,sh600018,上港集团,4.57,-8.9641
2016-02-26,sh600018,上港集团,4.74,3.7199
2016-02-29,sh600018,上港集团,4.64,-2.1097
2016-03-01,sh600018,上港集团,4.69,1.0776
2016-03-02,sh600018,上港集团,4.9,4.4776
2016-03-03,sh600018,上港集团,4.92,0.4082
2016-03-04,sh600018,上港集团,5.22,6.0976
2016-03-07,sh600018,上港集团,5.15,-1.341
2016-03-08,sh600018,上港集团,5.18,0.5825
2016-03-09,sh600018,上港集团,5.15,-0.5792
2016-03-10,sh600018,上港集团,5.04,-2.1359
2016-03-11,sh600018,上港集团,5.06,0.3968
2016-03-14,sh600018,上港集团,5.08,0.3953
2016-03-15,sh600018,上港集团,5.06,-0.3937
2016-03-16,sh600018,上港集团,5.13,1.3834
2016-03-17,sh600018,上港集团,5.16,0.5848
2016-03-18,sh600018,上港集团,5.14,-0.3876
2016-03-21,sh600018,上港集团,5.18,0.7782
2016-03-22,sh600018,上港集团,5.14,-0.7722
2016-03-23,sh600018,上港集团,5.14,0.0
2016-03-24,sh600018,上港集团,5.05,-1.751
2016-03-25,sh600018,上港集团,5.1,0.9901
2016-03-28,sh600018,上港集团,5.12,0.3922
2016-03-29,sh600018,上港集团,5.0,-2.3438
2016-03-30,sh600018,上港集团,5.1,2.0
2016-03-31,sh600018,上港集团,5.55,8.8235
2016-04-01,sh600018,上港集团,5.43,-2.1622
2016-04-05,sh600018,上港集团,5.4,-0.5525
2016-04-06,sh600018,上港集团,5.32,-1.4815
2016-04-07,sh600018,上港集团,5.24,-1.5038
2016-04-08,sh600018,上港集团,5.21,-0.5725
2016-04-11,sh600018,上港集团,5.26,0.9597
2016-04-12,sh600018,上港集团,5.23,-0.5703
2016-04-13,sh600018,上港集团,5.3,1.3384
2016-04-14,sh600018,上港集团,5.31,0.1887
2016-04-15,sh600018,上港集团,5.26,-0.9416
2016-04-18,sh600018,上港集团,5.18,-1.5209
2016-04-19,sh600018,上港集团,5.2,0.3861
2016-04-20,sh600018,上港集团,5.11,-1.7308
2016-04-21,sh600018,上港集团,5.01,-1.9569
2016-04-22,sh600018,上港集团,5.02,0.1996
2016-04-25,sh600018,上港集团,4.97,-0.996
2016-04-26,sh600018,上港集团,4.98,0.2012
2016-04-27,sh600018,上港集团,4.95,-0.6024
2016-04-28,sh600018,上港集团,4.92,-0.6061
2016-04-29,sh600018,上港集团,4.91,-0.2033
2016-05-03,sh600018,上港集团,5.03,2.444
2016-05-04,sh600018,上港集团,5.03,0.0
2016-05-05,sh600018,上港集团,5.06,0.5964
2016-05-06,sh600018,上港集团,4.94,-2.3715
2016-05-09,sh600018,上港集团,4.81,-2.6316
2016-05-10,sh600018,上港集团,4.95,2.9106
2016-05-11,sh600018,上港集团,4.99,0.8081
2016-05-12,sh600018,上港集团,5.06,1.4028
2016-05-13,sh600018,上港集团,4.99,-1.3834
2016-05-16,sh600018,上港集团,5.12,2.6052
2016-05-17,sh600018,上港集团,5.11,-0.1953
2016-05-18,sh600018,上港集团,5.1,-0.1957
2016-05-19,sh600018,上港集团,5.12,0.3922
2016-05-20,sh600018,上港集团,5.09,-0.5859
2016-05-23,sh600018,上港集团,5.15,1.1788
2016-05-24,sh600018,上港集团,5.12,-0.5825
2016-05-25,sh600018,上港集团,5.08,-0.7812
2016-05-26,sh600018,上港集团,5.07,-0.1969
2016-05-27,sh600018,上港集团,5.07,0.0
2016-05-30,sh600018,上港集团,5.11,0.789
2016-05-31,sh600018,上港集团,5.24,2.544
2016-06-01,sh600018,上港集团,5.21,-0.5725
2016-06-02,sh600018,上港集团,5.2,-0.1919
2016-06-03,sh600018,上港集团,5.21,0.1923
2016-06-06,sh600018,上港集团,5.17,-0.7678
2016-06-07,sh600018,上港集团,5.17,0.0
2016-06-08,sh600018,上港集团,5.15,-0.3868
2016-06-13,sh600018,上港集团,5.02,-2.5243
2016-06-14,sh600018,上港集团,5.04,0.3984
2016-06-15,sh600018,上港集团,5.11,1.3889
2016-06-16,sh600018,上港集团,5.03,-1.5656
2016-06-17,sh600018,上港集团,5.03,0.0
2016-06-20,sh600018,上港集团,5.02,-0.1988
2016-06-21,sh600018,上港集团,5.02,0.0
2016-06-22,sh600018,上港集团,5.06,0.7968
2016-06-23,sh600018,上港集团,5.02,-0.7905
2016-06-24,sh600018,上港集团,4.97,-0.996
2016-06-27,sh600018,上港集团,5.02,1.006
2016-06-28,sh600018,上港集团,5.08,1.1952
2016-06-29,sh600018,上港集团,5.11,0.5906
2016-06-30,sh600018,上港集团,5.1,-0.1957
2016-07-01,sh600018,上港集团,5.1,0.0
2016-07-04,sh600018,上港集团,5.19,1.7647
2016-07-05,sh600018,上港集团,5.19,0.0
2016-07-06,sh600018,上港集团,5.2,0.1927
2016-07-07,sh600018,上港集团,5.2,0.0
2016-07-08,sh600018,上港集团,5.25,0.9615
2016-07-11,sh600018,上港集团,5.24,-0.1905
2016-07-12,sh600018,上港集团,5.31,1.3359
2016-07-13,sh600018,上港集团,5.4,1.6949
2016-07-14,sh600018,上港集团,5.36,-0.7407
2016-07-15,sh600018,上港集团,5.36,0.0
2016-07-18,sh600018,上港集团,5.35,-0.1866
2016-07-19,sh600018,上港集团,5.21,-2.6168
2016-07-20,sh600018,上港集团,5.22,0.1919
2016-07-21,sh600018,上港集团,5.26,0.7663
2016-07-22,sh600018,上港集团,5.23,-0.5703
2016-07-25,sh600018,上港集团,5.26,0.5736
2016-07-26,sh600018,上港集团,5.32,1.1407
2016-07-27,sh600018,上港集团,5.61,5.4511
2016-07-28,sh600018,上港集团,5.49,-2.139
2016-07-29,sh600018,上港集团,5.34,-2.7322
2016-08-01,sh600018,上港集团,5.34,0.0
2016-08-02,sh600018,上港集团,5.49,2.809
2016-08-03,sh600018,上港集团,5.45,-0.7286
2016-08-04,sh600018,上港集团,5.38,-1.2844
2016-08-05,sh600018,上港集团,5.38,0.0
2016-08-08,sh600018,上港集团,5.34,-0.7435
2016-08-09,sh600018,上港集团,5.33,-0.1873
2016-08-10,sh600018,上港集团,5.26,-1.3133
2016-08-11,sh600018,上港集团,5.2,-1.1407
2016-08-12,sh600018,上港集团,5.26,1.1538
2016-08-15,sh600018,上港集团,5.32,1.1407
2016-08-16,sh600018,上港集团,5.28,-0.7519
2016-08-17,sh600018,上港集团,5.27,-0.1894
2016-08-18,sh600018,上港集团,5.33,1.1385
2016-08-19,sh600018,上港集团,5.27,-1.1257
2016-08-22,sh600018,上港集团,5.2,-1.3283
2016-08-23,sh600018,上港集团,5.2,0.0
2016-08-24,sh600018,上港集团,5.23,0.5769
2016-08-25,sh600018,上港集团,5.18,-0.956
2016-08-26,sh600018,上港集团,5.18,0.0
2016-08-29,sh600018,上港集团,5.14,-0.7722
2016-08-30,sh600018,上港集团,5.16,0.3891
2016-08-31,sh600018,上港集团,5.17,0.1938
2016-09-01,sh600018,上港集团,5.17,0.0
2016-09-02,sh600018,上港集团,5.21,0.7737
2016-09-05,sh600018,上港集团,5.21,0.0
2016-09-06,sh600018,上港集团,5.2,-0.1919
2016-09-07,sh600018,上港集团,5.18,-0.3846
2016-09-08,sh600018,上港集团,5.26,1.5444
2016-09-09,sh600018,上港集团,5.27,0.1901
2016-09-12,sh600018,上港集团,5.46,3.6053
2016-09-13,sh600018,上港集团,5.36,-1.8315
2016-09-14,sh600018,上港集团,5.28,-1.4925
2016-09-19,sh600018,上港集团,5.27,-0.1894
2016-09-20,sh600018,上港集团,5.26,-0.1898
2016-09-21,sh600018,上港集团,5.25,-0.1901
2016-09-22,sh600018,上港集团,5.26,0.1905
2016-09-23,sh600018,上港集团,5.26,0.0
2016-09-26,sh600018,上港集团,5.13,-2.4715
2016-09-27,sh600018,上港集团,5.14,0.1949
2016-09-28,sh600018,上港集团,5.11,-0.5837
2016-09-29,sh600018,上港集团,5.11,0.0
2016-09-30,sh600018,上港集团,5.12,0.1957
2016-10-10,sh600018,上港集团,5.19,1.3672
2016-10-11,sh600018,上港集团,5.19,0.0
2016-10-12,sh600018,上港集团,5.18,-0.1927
2016-10-13,sh600018,上港集团,5.2,0.3861
2016-10-14,sh600018,上港集团,5.18,-0.3846
2016-10-17,sh600018,上港集团,5.14,-0.7722
2016-10-18,sh600018,上港集团,5.19,0.9728
2016-10-19,sh600018,上港集团,5.19,0.0
2016-10-20,sh600018,上港集团,5.18,-0.1927
2016-10-21,sh600018,上港集团,5.23,0.9653
2016-10-24,sh600018,上港集团,5.25,0.3824
2016-10-25,sh600018,上港集团,5.23,-0.381
2016-10-26,sh600018,上港集团,5.22,-0.1912
2016-10-27,sh600018,上港集团,5.18,-0.7663
2016-10-28,sh600018,上港集团,5.18,0.0
2016-10-31,sh600018,上港集团,5.18,0.0
2016-11-01,sh600018,上港集团,5.19,0.1931
2016-11-02,sh600018,上港集团,5.14,-0.9634
2016-11-03,sh600018,上港集团,5.16,0.3891
2016-11-04,sh600018,上港集团,5.14,-0.3876
2016-11-07,sh600018,上港集团,5.13,-0.1946
2016-11-08,sh600018,上港集团,5.14,0.1949
2016-11-09,sh600018,上港集团,5.12,-0.3891
2016-11-10,sh600018,上港集团,5.17,0.9766
2016-11-11,sh600018,上港集团,5.22,0.9671
2016-11-14,sh600018,上港集团,5.26,0.7663
2016-11-15,sh600018,上港集团,5.27,0.1901
2016-11-16,sh600018,上港集团,5.31,0.759
2016-11-17,sh600018,上港集团,5.34,0.565
2016-11-18,sh600018,上港集团,5.26,-1.4981
2016-11-21,sh600018,上港集团,5.28,0.3802
2016-11-22,sh600018,上港集团,5.32,0.7576
2016-11-23,sh600018,上港集团,5.33,0.188
2016-11-24,sh600018,上港集团,5.31,-0.3752
2016-11-25,sh600018,上港集团,5.3,-0.1883
2016-11-28,sh600018,上港集团,5.36,1.1321
2016-11-29,sh600018,上港集团,5.44,1.4925
2016-11-30,sh600018,上港集团,5.31,-2.3897
2016-12-01,sh600018,上港集团,5.39,1.5066
2016-12-02,sh600018,上港集团,5.35,-0.7421
2016-12-05,sh600018,上港集团,5.32,-0.5607
2016-12-06,sh600018,上港集团,5.26,-1.1278
2016-12-07,sh600018,上港集团,5.26,0.0
2016-12-08,sh600018,上港集团,5.21,-0.9506
2016-12-09,sh600018,上港集团,5.22,0.1919
2016-12-12,sh600018,上港集团,5.15,-1.341
2016-12-13,sh600018,上港集团,5.12,-0.5825
2016-12-14,sh600018,上港集团,5.06,-1.1719
2016-12-15,sh600018,上港集团,5.06,0.0
2016-12-16,sh600018,上港集团,5.1,0.7905
2016-12-19,sh600018,上港集团,5.09,-0.1961
2016-12-20,sh600018,上港集团,5.1,0.1965
2016-12-21,sh600018,上港集团,5.13,0.5882
2016-12-22,sh600018,上港集团,5.16,0.5848
2016-12-23,sh600018,上港集团,5.12,-0.7752
2016-12-26,sh600018,上港集团,5.1,-0.3906
2016-12-27,sh600018,上港集团,5.06,-0.7843
2016-12-28,sh600018,上港集团,5.11,0.9881
2016-12-29,sh600018,上港集团,5.08,-0.5871
2016-12-30,sh600018,上港集团,5.12,0.7874
2017-01-03,sh600018,上港集团,5.14,0.3906
2017-01-04,sh600018,上港集团,5.18,0.7782
2017-01-05,sh600018,上港集团,5.25,1.3514
2017-01-06,sh600018,上港集团,5.23,-0.381
2017-01-09,sh600018,上港集团,5.25,0.3824
2017-01-10,sh600018,上港集团,5.22,-0.5714
2017-01-11,sh600018,上港集团,5.18,-0.7663
2017-01-12,sh600018,上港集团,5.24,1.1583
2017-01-13,sh600018,上港集团,5.29,0.9542
2017-01-16,sh600018,上港集团,5.37,1.5123
2017-01-17,sh600018,上港集团,5.34,-0.5587
2017-01-18,sh600018,上港集团,5.35,0.1873
2017-01-19,sh600018,上港集团,5.3,-0.9346
2017-01-20,sh600018,上港集团,5.37,1.3208
2017-01-23,sh600018,上港集团,5.37,0.0
2017-01-24,sh600018,上港集团,5.36,-0.1862
2017-01-25,sh600018,上港集团,5.37,0.1866
2017-01-26,sh600018,上港集团,5.34,-0.5587
2017-02-03,sh600018,上港集团,5.31,-0.5618
2017-02-06,sh600018,上港集团,5.39,1.5066
2017-02-07,sh600018,上港集团,5.41,0.3711
2017-02-08,sh600018,上港集团,5.42,0.1848
2017-02-09,sh600018,上港集团,5.37,-0.9225
2017-02-10,sh600018,上港集团,5.39,0.3724
2017-02-13,sh600018,上港集团,5.4,0.1855
2017-02-14,sh600018,上港集团,5.43,0.5556
2017-02-15,sh600018,上港集团,5.97,9.9448
2017-02-16,sh600018,上港集团,6.24,4.5226
2017-02-17,sh600018,上港集团,6.0,-3.8462
2017-02-20,sh600018,上港集团,6.05,0.8333
2017-02-21,sh600018,上港集团,5.97,-1.3223
2017-02-22,sh600018,上港集团,5.95,-0.335
2017-02-23,sh600018,上港集团,5.89,-1.0084
2017-02-24,sh600018,上港集团,6.1,3.5654
2017-02-27,sh600018,上港集团,5.94,-2.623
2017-02-28,sh600018,上港集团,5.91,-0.5051
2017-03-01,sh600018,上港集团,5.93,0.3384
2017-03-02,sh600018,上港集团,5.81,-2.0236
2017-03-03,sh600018,上港集团,5.85,0.6885
2017-03-06,sh600018,上港集团,5.87,0.3419
2017-03-07,sh600018,上港集团,5.89,0.3407
2017-03-08,sh600018,上港集团,5.86,-0.5093
2017-03-09,sh600018,上港集团,5.7,-2.7304
2017-03-10,sh600018,上港集团,5.65,-0.8772
2017-03-13,sh600018,上港集团,5.62,-0.531
2017-03-14,sh600018,上港集团,5.6,-0.3559
2017-03-15,sh600018,上港集团,5.63,0.5357
2017-03-16,sh600018,上港集团,5.65,0.3552
2017-03-17,sh600018,上港集团,5.57,-1.4159
2017-03-20,sh600018,上港集团,5.61,0.7181
2017-03-21,sh600018,上港集团,5.66,0.8913
2017-03-22,sh600018,上港集团,5.68,0.3534
2017-03-23,sh600018,上港集团,5.65,-0.5282
2017-03-24,sh600018,上港集团,5.86,3.7168
2017-03-27,sh600018,上港集团,5.96,1.7065
2017-03-28,sh600018,上港集团,5.87,-1.5101
2017-03-29,sh600018,上港集团,6.1,3.9182
2017-03-30,sh600018,上港集团,6.02,-1.3115
2017-03-31,sh600018,上港集团,5.9,-1.9934
2017-04-05,sh600018,上港集团,5.96,1.0169
2017-04-06,sh600018,上港集团,6.07,1.8456
2017-04-07,sh600018,上港集团,6.0,-1.1532
2017-04-10,sh600018,上港集团,5.98,-0.3333
2017-04-11,sh600018,上港集团,6.11,2.1739
2017-04-12,sh600018,上港集团,6.24,2.1277
2017-04-13,sh600018,上港集团,6.15,-1.4423
2017-04-14,sh600018,上港集团,6.01,-2.2764
2017-04-17,sh600018,上港集团,6.05,0.6656
2017-04-18,sh600018,上港集团,5.96,-1.4876
2017-04-19,sh600018,上港集团,5.97,0.1678
2017-04-20,sh600018,上港集团,5.99,0.335
2017-04-21,sh600018,上港集团,6.06,1.1686
2017-04-24,sh600018,上港集团,6.14,1.3201
2017-04-25,sh600018,上港集团,6.04,-1.6287
2017-04-26,sh600018,上港集团,5.95,-1.4901
2017-04-27,sh600018,上港集团,6.04,1.5126
2017-04-28,sh600018,上港集团,6.04,0.0
2017-05-02,sh600018,上港集团,5.96,-1.3245
2017-05-03,sh600018,上港集团,5.88,-1.3423
2017-05-04,sh600018,上港集团,5.86,-0.3401
2017-05-05,sh600018,上港集团,5.88,0.3413
2017-05-08,sh600018,上港集团,5.97,1.5306
2017-05-09,sh600018,上港集团,5.92,-0.8375
2017-05-10,sh600018,上港集团,5.87,-0.8446
2017-05-11,sh600018,上港集团,5.94,1.1925
2017-05-12,sh600018,上港集团,5.96,0.3367
2017-05-15,sh600018,上港集团,6.02,1.0067
2017-05-16,sh600018,上港集团,6.08,0.9967
2017-05-17,sh600018,上港集团,6.08,0.0
2017-05-18,sh600018,上港集团,6.11,0.4934
2017-05-19,sh600018,上港集团,6.09,-0.3273
2017-05-22,sh600018,上港集团,6.12,0.4926
2017-05-23,sh600018,上港集团,6.19,1.1438
2017-05-24,sh600018,上港集团,6.2,0.1616
2017-05-25,sh600018,上港集团,6.18,-0.3226
2017-05-26,sh600018,上港集团,6.21,0.4854
2017-05-31,sh600018,上港集团,6.3,1.4493
2017-06-01,sh600018,上港集团,6.39,1.4286
2017-06-02,sh600018,上港集团,6.25,-2.1909
2017-06-05,sh600018,上港集团,6.17,-1.28
2017-06-06,sh600018,上港集团,6.19,0.3241
2017-06-07,sh600018,上港集团,6.19,0.0
2017-06-13,sh600018,上港集团,6.11,-1.2924
2017-06-14,sh600018,上港集团,6.18,1.1457
2017-06-15,sh600018,上港集团,6.17,-0.1618
2017-06-16,sh600018,上港集团,6.12,-0.8104
2017-06-19,sh600018,上港集团,6.13,0.1634
2017-06-20,sh600018,上港集团,6.15,0.3263
2017-06-21,sh600018,上港集团,6.19,0.6504
2017-06-22,sh600018,上港集团,6.28,1.454
2017-06-23,sh600018,上港集团,6.29,0.1592
2017-06-26,sh600018,上港集团,6.31,0.318
2017-06-27,sh600018,上港集团,6.31,0.0
2017-06-28,sh600018,上港集团,6.26,-0.7924
2017-06-29,sh600018,上港集团,6.27,0.1597
2017-06-30,sh600018,上港集团,6.34,1.1164
2017-07-03,sh600018,上港集团,6.35,0.1577
2017-07-04,sh600018,上港集团,6.39,0.6299
2017-07-05,sh600018,上港集团,6.29,-1.5649
2017-07-06,sh600018,上港集团,6.3,0.159
2017-07-07,sh600018,上港集团,6.4,1.5873
2017-07-10,sh600018,上港集团,6.6,3.125
2017-07-11,sh600018,上港集团,6.56,-0.6061
2017-07-12,sh600018,上港集团,6.57,0.1524
2017-07-13,sh600018,上港集团,6.66,1.3699
2017-07-14,sh600018,上港集团,6.66,0.0
2017-07-17,sh600018,上港集团,6.7,0.6006
2017-07-18,sh600018,上港集团,6.59,-1.6418
2017-07-19,sh600018,上港集团,6.49,-1.5175
2017-07-20,sh600018,上港集团,6.73,3.698
2017-07-21,sh600018,上港集团,6.67,-0.8915
2017-07-24,sh600018,上港集团,6.63,-0.5997
2017-07-25,sh600018,上港集团,6.75,1.81
2017-07-26,sh600018,上港集团,6.82,1.037
2017-07-27,sh600018,上港集团,6.88,0.8798
2017-07-28,sh600018,上港集团,6.8,-1.1628
2017-07-31,sh600018,上港集团,6.79,-0.1471
2017-08-01,sh600018,上港集团,6.72,-1.0309
2017-08-02,sh600018,上港集团,6.58,-2.0833
2017-08-03,sh600018,上港集团,6.61,0.4559
2017-08-04,sh600018,上港集团,6.59,-0.3026
2017-08-07,sh600018,上港集团,6.58,-0.1517
2017-08-08,sh600018,上港集团,6.65,1.0638
2017-08-09,sh600018,上港集团,6.54,-1.6541
2017-08-10,sh600018,上港集团,6.58,0.6116
2017-08-11,sh600018,上港集团,6.61,0.4559
2017-08-14,sh600018,上港集团,6.54,-1.059
2017-08-15,sh600018,上港集团,6.46,-1.2232
2017-08-16,sh600018,上港集团,6.34,-1.8576
2017-08-17,sh600018,上港集团,6.38,0.6309
2017-08-18,sh600018,上港集团,6.4,0.3135
2017-08-21,sh600018,上港集团,6.43,0.4687
2017-08-22,sh600018,上港集团,6.4,-0.4666
2017-08-23,sh600018,上港集团,6.38,-0.3125
2017-08-24,sh600018,上港集团,6.34,-0.627
2017-08-25,sh600018,上港集团,6.38,0.6309
2017-08-28,sh600018,上港集团,6.41,0.4702
2017-08-29,sh600018,上港集团,6.46,0.78
2017-08-30,sh600018,上港集团,6.51,0.774
2017-08-31,sh600018,上港集团,6.52,0.1536
2017-09-01,sh600018,上港集团,6.41,-1.6871
2017-09-04,sh600018,上港集团,6.52,1.7161
2017-09-05,sh600018,上港集团,6.5,-0.3067
2017-09-06,sh600018,上港集团,6.5,0.0
2017-09-07,sh600018,上港集团,6.55,0.7692
2017-09-08,sh600018,上港集团,6.57,0.3053
2017-09-11,sh600018,上港集团,6.53,-0.6088
2017-09-12,sh600018,上港集团,6.52,-0.1531
2017-09-13,sh600018,上港集团,6.48,-0.6135
2017-09-14,sh600018,上港集团,6.59,1.6975
2017-09-15,sh600018,上港集团,6.58,-0.1517
2017-09-18,sh600018,上港集团,6.55,-0.4559
2017-09-19,sh600018,上港集团,6.59,0.6107
2017-09-20,sh600018,上港集团,6.62,0.4552
2017-09-21,sh600018,上港集团,6.57,-0.7553
2017-09-22,sh600018,上港集团,6.61,0.6088
2017-09-25,sh600018,上港集团,6.69,1.2103
2017-09-26,sh600018,上港集团,6.75,0.8969
2017-09-27,sh600018,上港集团,6.75,0.0
2017-09-28,sh600018,上港集团,6.76,0.1481
2017-09-29,sh600018,上港集团,6.69,-1.0355
2017-10-09,sh600018,上港集团,6.69,0.0
2017-10-10,sh600018,上港集团,6.73,0.5979
2017-10-11,sh600018,上港集团,6.76,0.4458
2017-10-12,sh600018,上港集团,6.72,-0.5917
2017-10-13,sh600018,上港集团,6.88,2.381
2017-10-16,sh600018,上港集团,6.89,0.1453
2017-10-17,sh600018,上港集团,7.0,1.5965
2017-10-18,sh600018,上港集团,7.11,1.5714
2017-10-19,sh600018,上港集团,7.16,0.7032
2017-10-20,sh600018,上港集团,7.88,10.0559
2017-10-23,sh600018,上港集团,7.93,0.6345
2017-10-24,sh600018,上港集团,7.64,-3.657
2017-10-25,sh600018,上港集团,7.52,-1.5707
2017-10-26,sh600018,上港集团,7.56,0.5319
2017-10-27,sh600018,上港集团,8.0,5.8201
2017-10-30,sh600018,上港集团,8.04,0.5
2017-10-31,sh600018,上港集团,8.64,7.4627
2017-11-01,sh600018,上港集团,8.1,-6.25
2017-11-02,sh600018,上港集团,8.12,0.2469
2017-11-03,sh600018,上港集团,7.82,-3.6946
2017-11-06,sh600018,上港集团,7.78,-0.5115
2017-11-07,sh600018,上港集团,7.69,-1.1568
2017-11-08,sh600018,上港集团,7.74,0.6502
2017-11-09,sh600018,上港集团,7.52,-2.8424
2017-11-10,sh600018,上港集团,7.5,-0.266
2017-11-13,sh600018,上港集团,7.62,1.6
2017-11-14,sh600018,上港集团,8.23,8.0052
2017-11-15,sh600018,上港集团,7.98,-3.0377
2017-11-16,sh600018,上港集团,7.93,-0.6266
2017-11-17,sh600018,上港集团,8.08,1.8916
2017-11-20,sh600018,上港集团,8.23,1.8564
2017-11-21,sh600018,上港集团,8.02,-2.5516
2017-11-22,sh600018,上港集团,7.8,-2.7431
2017-11-23,sh600018,上港集团,7.41,-5.0
2017-11-24,sh600018,上港集团,7.44,0.4049
2017-11-27,sh600018,上港集团,7.46,0.2688
2017-11-28,sh600018,上港集团,7.54,1.0724
2017-11-29,sh600018,上港集团,7.44,-1.3263
2017-11-30,sh600018,上港集团,7.45,0.1344
2017-12-01,sh600018,上港集团,7.46,0.1342
2017-12-04,sh600018,上港集团,7.47,0.134
2017-12-05,sh600018,上港集团,7.62,2.008
2017-12-06,sh600018,上港集团,7.55,-0.9186
2017-12-07,sh600018,上港集团,7.43,-1.5894
2017-12-08,sh600018,上港集团,7.39,-0.5384
2017-12-11,sh600018,上港集团,7.44,0.6766
2017-12-12,sh600018,上港集团,7.34,-1.3441
2017-12-13,sh600018,上港集团,7.44,1.3624
2017-12-14,sh600018,上港集团,7.34,-1.3441
2017-12-15,sh600018,上港集团,7.11,-3.1335
2017-12-18,sh600018,上港集团,6.99,-1.6878
2017-12-19,sh600018,上港集团,6.98,-0.1431
2017-12-20,sh600018,上港集团,6.82,-2.2923
2017-12-21,sh600018,上港集团,6.78,-0.5865
2017-12-22,sh600018,上港集团,6.82,0.59
2017-12-25,sh600018,上港集团,6.61,-3.0792
2017-12-26,sh600018,上港集团,6.8,2.8744
2017-12-27,sh600018,上港集团,6.61,-2.7941
2017-12-28,sh600018,上港集团,6.62,0.1513
2017-12-29,sh600018,上港集团,6.65,0.4532
2018-01-02,sh600018,上港集团,6.76,1.6541
2018-01-03,sh600018,上港集团,6.86,1.4793
2018-01-04,sh600018,上港集团,7.53,9.7668
2018-01-05,sh600018,上港集团,7.16,-4.9137
2018-01-08,sh600018,上港集团,7.18,0.2793
2018-01-09,sh600018,上港集团,7.06,-1.6713
2018-01-10,sh600018,上港集团,7.01,-0.7082
2018-01-11,sh600018,上港集团,6.98,-0.428
2018-01-12,sh600018,上港集团,7.02,0.5731
2018-01-15,sh600018,上港集团,7.05,0.4274
2018-01-16,sh600018,上港集团,7.09,0.5674
2018-01-17,sh600018,上港集团,7.15,0.8463
2018-01-18,sh600018,上港集团,7.12,-0.4196
2018-01-19,sh600018,上港集团,7.15,0.4213
2018-01-22,sh600018,上港集团,7.15,0.0
2018-01-23,sh600018,上港集团,7.31,2.2378
2018-01-24,sh600018,上港集团,7.32,0.1368
2018-01-25,sh600018,上港集团,7.35,0.4098
2018-01-26,sh600018,上港集团,7.51,2.1769
2018-01-29,sh600018,上港集团,7.45,-0.7989
2018-01-30,sh600018,上港集团,7.22,-3.0872
2018-01-31,sh600018,上港集团,7.24,0.277
2018-02-01,sh600018,上港集团,7.34,1.3812
2018-02-02,sh600018,上港集团,7.49,2.0436
2018-02-05,sh600018,上港集团,7.61,1.6021
2018-02-06,sh600018,上港集团,7.6,-0.1314
2018-02-07,sh600018,上港集团,7.41,-2.5
2018-02-08,sh600018,上港集团,7.24,-2.2942
2018-02-09,sh600018,上港集团,6.94,-4.1436
2018-02-12,sh600018,上港集团,6.93,-0.1441
2018-02-13,sh600018,上港集团,6.94,0.1443
2018-02-14,sh600018,上港集团,6.99,0.7205
2018-02-22,sh600018,上港集团,7.21,3.1474
2018-02-23,sh600018,上港集团,7.38,2.3578
2018-02-26,sh600018,上港集团,7.48,1.355
2018-02-27,sh600018,上港集团,7.48,0.0
2018-02-28,sh600018,上港集团,7.59,1.4706
2018-03-01,sh600018,上港集团,7.55,-0.527
2018-03-02,sh600018,上港集团,7.66,1.457
2018-03-05,sh600018,上港集团,7.68,0.2611
2018-03-06,sh600018,上港集团,7.51,-2.2135
2018-03-07,sh600018,上港集团,7.53,0.2663
2018-03-08,sh600018,上港集团,7.52,-0.1328
2018-03-09,sh600018,上港集团,7.52,0.0
2018-03-12,sh600018,上港集团,7.46,-0.7979
2018-03-13,sh600018,上港集团,7.57,1.4745
2018-03-14,sh600018,上港集团,7.41,-2.1136
2018-03-15,sh600018,上港集团,7.36,-0.6748
2018-03-16,sh600018,上港集团,7.33,-0.4076
2018-03-19,sh600018,上港集团,7.24,-1.2278
2018-03-20,sh600018,上港集团,7.17,-0.9669
2018-03-21,sh600018,上港集团,7.18,0.1395
2018-03-22,sh600018,上港集团,7.15,-0.4178
2018-03-23,sh600018,上港集团,7.11,-0.5594
2018-03-26,sh600018,上港集团,6.96,-2.1097
2018-03-27,sh600018,上港集团,7.14,2.5862
2018-03-28,sh600018,上港集团,7.09,-0.7003
2018-03-29,sh600018,上港集团,7.11,0.2821
2018-03-30,sh600018,上港集团,7.05,-0.8439
2018-04-02,sh600018,上港集团,7.01,-0.5674
2018-04-03,sh600018,上港集团,7.21,2.8531
2018-04-04,sh600018,上港集团,7.35,1.9417
2018-04-09,sh600018,上港集团,7.55,2.7211
2018-04-10,sh600018,上港集团,7.29,-3.4437
2018-04-11,sh600018,上港集团,7.48,2.6063
2018-04-12,sh600018,上港集团,7.36,-1.6043
2018-04-13,sh600018,上港集团,7.29,-0.9511
2018-04-16,sh600018,上港集团,7.06,-3.155
2018-04-17,sh600018,上港集团,6.92,-1.983
2018-04-18,sh600018,上港集团,6.89,-0.4335
2018-04-19,sh600018,上港集团,6.92,0.4354
2018-04-20,sh600018,上港集团,6.88,-0.578
2018-04-23,sh600018,上港集团,6.88,0.0
2018-04-24,sh600018,上港集团,6.99,1.5988
2018-04-25,sh600018,上港集团,6.98,-0.1431
2018-04-26,sh600018,上港集团,6.97,-0.1433
2018-04-27,sh600018,上港集团,6.97,0.0
2018-05-02,sh600018,上港集团,6.85,-1.7217
2018-05-03,sh600018,上港集团,6.83,-0.292
2018-05-04,sh600018,上港集团,6.69,-2.0498
2018-05-07,sh600018,上港集团,6.75,0.8969
2018-05-08,sh600018,上港集团,6.81,0.8889
2018-05-09,sh600018,上港集团,6.79,-0.2937
2018-05-10,sh600018,上港集团,6.81,0.2946
2018-05-11,sh600018,上港集团,6.75,-0.8811
2018-05-14,sh600018,上港集团,6.75,0.0
2018-05-15,sh600018,上港集团,6.81,0.8889
2018-05-16,sh600018,上港集团,6.75,-0.8811
2018-05-17,sh600018,上港集团,6.62,-1.9259
2018-05-18,sh600018,上港集团,6.63,0.1511
2018-05-21,sh600018,上港集团,6.77,2.1116
2018-05-22,sh600018,上港集团,6.75,-0.2954
2018-05-23,sh600018,上港集团,6.76,0.1481
2018-05-24,sh600018,上港集团,6.71,-0.7396
2018-05-25,sh600018,上港集团,6.73,0.2981
2018-05-28,sh600018,上港集团,6.66,-1.0401
2018-05-29,sh600018,上港集团,6.69,0.4505
2018-05-30,sh600018,上港集团,6.49,-2.9895
2018-05-31,sh600018,上港集团,6.51,0.3082
2018-06-01,sh600018,上港集团,6.48,-0.4608
2018-06-04,sh600018,上港集团,6.5,0.3086
2018-06-05,sh600018,上港集团,6.55,0.7692
2018-06-06,sh600018,上港集团,6.64,1.374
2018-06-07,sh600018,上港集团,6.63,-0.1506
2018-06-08,sh600018,上港集团,6.38,-3.7707
2018-06-11,sh600018,上港集团,6.28,-1.5674
2018-06-12,sh600018,上港集团,6.3,0.3185
2018-06-13,sh600018,上港集团,6.29,-0.1587
2018-06-14,sh600018,上港集团,6.26,-0.4769
2018-06-15,sh600018,上港集团,6.08,-2.8754
2018-06-19,sh600018,上港集团,6.13,0.8224
2018-06-20,sh600018,上港集团,6.01,-1.9576
2018-06-21,sh600018,上港集团,5.79,-3.6606
2018-06-22,sh600018,上港集团,5.85,1.0363
2018-06-25,sh600018,上港集团,5.9,0.8547
2018-06-26,sh600018,上港集团,5.88,-0.339
2018-06-27,sh600018,上港集团,5.89,0.1701
2018-06-28,sh600018,上港集团,5.87,-0.3396
2018-06-29,sh600018,上港集团,5.96,1.5332
2018-07-02,sh600018,上港集团,5.89,-1.1745
2018-07-03,sh600018,上港集团,5.94,0.8489
2018-07-04,sh600018,上港集团,5.92,-0.3367
2018-07-05,sh600018,上港集团,6.0,1.3514
2018-07-06,sh600018,上港集团,5.98,-0.3333
2018-07-09,sh600018,上港集团,6.04,1.0033
2018-07-10,sh600018,上港集团,6.11,1.1589
2018-07-11,sh600018,上港集团,5.99,-1.964
2018-07-12,sh600018,上港集团,6.08,1.5025
2018-07-13,sh600018,上港集团,6.04,-0.6579
2018-07-16,sh600018,上港集团,6.03,-0.1656
2018-07-17,sh600018,上港集团,5.97,-0.995
2018-07-18,sh600018,上港集团,5.96,-0.1675
2018-07-19,sh600018,上港集团,5.86,-1.6779
2018-07-20,sh600018,上港集团,5.89,0.5119
2018-07-23,sh600018,上港集团,6.02,2.2071
2018-07-24,sh600018,上港集团,6.11,1.495
2018-07-25,sh600018,上港集团,6.12,0.1637
2018-07-26,sh600018,上港集团,6.13,0.1634
2018-07-27,sh600018,上港集团,6.13,0.0
2018-07-30,sh600018,上港集团,6.16,0.4894
2018-07-31,sh600018,上港集团,6.06,-1.6234
2018-08-01,sh600018,上港集团,6.1,0.6601
2018-08-02,sh600018,上港集团,5.9,-3.2787
2018-08-03,sh600018,上港集团,5.87,-0.5085
2018-08-06,sh600018,上港集团,5.78,-1.5332
2018-08-07,sh600018,上港集团,5.89,1.9031
2018-08-08,sh600018,上港集团,5.88,-0.1698
2018-08-09,sh600018,上港集团,5.9,0.3401
2018-08-10,sh600018,上港集团,5.9,0.0
2018-08-13,sh600018,上港集团,5.9,0.0
2018-08-14,sh600018,上港集团,5.91,0.1695
2018-08-15,sh600018,上港集团,5.82,-1.5228
2018-08-16,sh600018,上港集团,5.7,-2.0619
2018-08-17,sh600018,上港集团,5.6,-1.7544
2018-08-20,sh600018,上港集团,5.65,0.8929
2018-08-21,sh600018,上港集团,5.67,0.354
2018-08-22,sh600018,上港集团,5.68,0.1764
2018-08-23,sh600018,上港集团,5.65,-0.5282
2018-08-24,sh600018,上港集团,5.61,-0.708
2018-08-27,sh600018,上港集团,5.69,1.426
2018-08-28,sh600018,上港集团,5.74,0.8787
2018-08-29,sh600018,上港集团,5.72,-0.3484
2018-08-30,sh600018,上港集团,5.61,-1.9231
2018-08-31,sh600018,上港集团,5.61,0.0
2018-09-03,sh600018,上港集团,5.43,-3.2086
2018-09-04,sh600018,上港集团,5.49,1.105
2018-09-05,sh600018,上港集团,5.38,-2.0036
2018-09-06,sh600018,上港集团,5.3,-1.487
2018-09-07,sh600018,上港集团,5.29,-0.1887
2018-09-10,sh600018,上港集团,5.08,-3.9698
2018-09-11,sh600018,上港集团,5.05,-0.5906
2018-09-12,sh600018,上港集团,5.02,-0.5941
2018-09-13,sh600018,上港集团,5.12,1.992
2018-09-14,sh600018,上港集团,5.13,0.1953
2018-09-17,sh600018,上港集团,5.12,-0.1949
2018-09-18,sh600018,上港集团,5.19,1.3672
2018-09-19,sh600018,上港集团,5.25,1.1561
2018-09-20,sh600018,上港集团,5.25,0.0
2018-09-21,sh600018,上港集团,5.3,0.9524
2018-09-25,sh600018,上港集团,5.24,-1.1321
2018-09-26,sh600018,上港集团,5.33,1.7176
2018-09-27,sh600018,上港集团,5.36,0.5629
2018-09-28,sh600018,上港集团,5.41,0.9328
2018-10-08,sh600018,上港集团,5.24,-3.1423
2018-10-09,sh600018,上港集团,5.24,0.0
2018-10-10,sh600018,上港集团,5.23,-0.1908
2018-10-11,sh600018,上港集团,4.86,-7.0746
2018-10-12,sh600018,上港集团,4.93,1.4403
2018-10-15,sh600018,上港集团,5.0,1.4199
2018-10-16,sh600018,上港集团,5.0,0.0
2018-10-17,sh600018,上港集团,5.08,1.6
2018-10-18,sh600018,上港集团,5.03,-0.9843
2018-10-19,sh600018,上港集团,5.16,2.5845
2018-10-22,sh600018,上港集团,5.34,3.4884
2018-10-23,sh600018,上港集团,5.28,-1.1236
2018-10-24,sh600018,上港集团,5.31,0.5682
2018-10-25,sh600018,上港集团,5.31,0.0
2018-10-26,sh600018,上港集团,5.32,0.1883
2018-10-29,sh600018,上港集团,5.31,-0.188
2018-10-30,sh600018,上港集团,5.36,0.9416
2018-10-31,sh600018,上港集团,5.4,0.7463
2018-11-01,sh600018,上港集团,5.5,1.8519
2018-11-02,sh600018,上港集团,5.71,3.8182
2018-11-05,sh600018,上港集团,5.57,-2.4518
2018-11-06,sh600018,上港集团,5.7,2.3339
2018-11-07,sh600018,上港集团,5.63,-1.2281
2018-11-08,sh600018,上港集团,5.49,-2.4867
2018-11-09,sh600018,上港集团,5.41,-1.4572
2018-11-12,sh600018,上港集团,5.46,0.9242
2018-11-13,sh600018,上港集团,5.5,0.7326
2018-11-14,sh600018,上港集团,5.54,0.7273
2018-11-15,sh600018,上港集团,5.59,0.9025
2018-11-16,sh600018,上港集团,5.87,5.0089
2018-11-19,sh600018,上港集团,5.87,0.0
2018-11-20,sh600018,上港集团,5.64,-3.9182
2018-11-21,sh600018,上港集团,5.64,0.0
2018-11-22,sh600018,上港集团,5.66,0.3546
2018-11-23,sh600018,上港集团,5.53,-2.2968
2018-11-26,sh600018,上港集团,5.53,0.0
2018-11-27,sh600018,上港集团,5.51,-0.3617
2018-11-28,sh600018,上港集团,5.58,1.2704
2018-11-29,sh600018,上港集团,5.52,-1.0753
2018-11-30,sh600018,上港集团,5.57,0.9058
2018-12-03,sh600018,上港集团,5.68,1.9749
2018-12-04,sh600018,上港集团,5.7,0.3521
2018-12-05,sh600018,上港集团,5.64,-1.0526
2018-12-06,sh600018,上港集团,5.47,-3.0142
2018-12-07,sh600018,上港集团,5.52,0.9141
2018-12-10,sh600018,上港集团,5.44,-1.4493
2018-12-11,sh600018,上港集团,5.43,-0.1838
2018-12-12,sh600018,上港集团,5.46,0.5525
2018-12-13,sh600018,上港集团,5.46,0.0
2018-12-14,sh600018,上港集团,5.32,-2.5641
2018-12-17,sh600018,上港集团,5.35,0.5639
2018-12-18,sh600018,上港集团,5.33,-0.3738
2018-12-19,sh600018,上港集团,5.33,0.0
2018-12-20,sh600018,上港集团,5.36,0.5629
2018-12-21,sh600018,上港集团,5.24,-2.2388
2018-12-24,sh600018,上港集团,5.22,-0.3817
2018-12-25,sh600018,上港集团,5.13,-1.7241
2018-12-26,sh600018,上港集团,5.1,-0.5848
2018-12-27,sh600018,上港集团,5.07,-0.5882
2018-12-28,sh600018,上港集团,5.18,2.1696
2019-01-02,sh600018,上港集团,5.13,-0.9653
2019-01-03,sh600018,上港集团,5.19,1.1696
2019-01-04,sh600018,上港集团,5.25,1.1561
2019-01-07,sh600018,上港集团,5.27,0.381
2019-01-08,sh600018,上港集团,5.29,0.3795
2019-01-09,sh600018,上港集团,5.32,0.5671
2019-01-10,sh600018,上港集团,5.27,-0.9398
2019-01-11,sh600018,上港集团,5.31,0.759
2019-01-14,sh600018,上港集团,5.27,-0.7533
2019-01-15,sh600018,上港集团,5.33,1.1385
2019-01-16,sh600018,上港集团,5.35,0.3752
2019-01-17,sh600018,上港集团,5.28,-1.3084
2019-01-18,sh600018,上港集团,5.33,0.947
2019-01-21,sh600018,上港集团,5.31,-0.3752
2019-01-22,sh600018,上港集团,5.27,-0.7533
2019-01-23,sh600018,上港集团,5.22,-0.9488
2019-01-24,sh600018,上港集团,5.22,0.0
2019-01-25,sh600018,上港集团,5.35,2.4904
2019-01-28,sh600018,上港集团,5.45,1.8692
2019-01-29,sh600018,上港集团,5.43,-0.367
2019-01-30,sh600018,上港集团,5.33,-1.8416
2019-01-31,sh600018,上港集团,5.37,0.7505
2019-02-01,sh600018,上港集团,5.42,0.9311
2019-02-11,sh600018,上港集团,5.46,0.738
2019-02-12,sh600018,上港集团,5.52,1.0989
2019-02-13,sh600018,上港集团,5.59,1.2681
2019-02-14,sh600018,上港集团,5.57,-0.3578
2019-02-15,sh600018,上港集团,5.52,-0.8977
2019-02-18,sh600018,上港集团,5.63,1.9928
2019-02-19,sh600018,上港集团,5.66,0.5329
2019-02-20,sh600018,上港集团,5.66,0.0
2019-02-21,sh600018,上港集团,5.59,-1.2367
2019-02-22,sh600018,上港集团,5.68,1.61
2019-02-25,sh600018,上港集团,5.99,5.4577
2019-02-26,sh600018,上港集团,6.02,0.5008
2019-02-27,sh600018,上港集团,5.99,-0.4983
2019-02-28,sh600018,上港集团,5.97,-0.3339
2019-03-01,sh600018,上港集团,6.04,1.1725
2019-03-04,sh600018,上港集团,6.07,0.4967
2019-03-05,sh600018,上港集团,6.18,1.8122
2019-03-06,sh600018,上港集团,6.45,4.3689
2019-03-07,sh600018,上港集团,6.44,-0.155
2019-03-08,sh600018,上港集团,6.32,-1.8634
2019-03-11,sh600018,上港集团,6.95,9.9684
2019-03-12,sh600018,上港集团,7.31,5.1799
2019-03-13,sh600018,上港集团,7.42,1.5048
2019-03-14,sh600018,上港集团,7.23,-2.5606
2019-03-15,sh600018,上港集团,7.42,2.6279
2019-03-18,sh600018,上港集团,7.25,-2.2911
2019-03-19,sh600018,上港集团,7.24,-0.1379
2019-03-20,sh600018,上港集团,7.17,-0.9669
2019-03-21,sh600018,上港集团,7.17,0.0
2019-03-22,sh600018,上港集团,7.25,1.1158
2019-03-25,sh600018,上港集团,7.15,-1.3793
2019-03-26,sh600018,上港集团,6.92,-3.2168
2019-03-27,sh600018,上港集团,6.99,1.0116
2019-03-28,sh600018,上港集团,6.95,-0.5722
2019-03-29,sh600018,上港集团,7.27,4.6043
2019-04-01,sh600018,上港集团,7.38,1.5131
2019-04-02,sh600018,上港集团,7.33,-0.6775
2019-04-03,sh600018,上港集团,8.06,9.9591
2019-04-04,sh600018,上港集团,8.87,10.0496
2019-04-08,sh600018,上港集团,8.55,-3.6077
2019-04-09,sh600018,上港集团,7.96,-6.9006
2019-04-10,sh600018,上港集团,8.11,1.8844
2019-04-11,sh600018,上港集团,8.11,0.0
2019-04-12,sh600018,上港集团,8.36,3.0826
2019-04-15,sh600018,上港集团,8.7,4.067
2019-04-16,sh600018,上港集团,8.89,2.1839
2019-04-17,sh600018,上港集团,8.75,-1.5748
2019-04-18,sh600018,上港集团,8.49,-2.9714
2019-04-19,sh600018,上港集团,8.4,-1.0601
2019-04-22,sh600018,上港集团,8.57,2.0238
2019-04-23,sh600018,上港集团,8.93,4.2007
2019-04-24,sh600018,上港集团,8.49,-4.9272
2019-04-25,sh600018,上港集团,8.17,-3.7691
2019-04-26,sh600018,上港集团,7.88,-3.5496
2019-04-29,sh600018,上港集团,7.94,0.7614
2019-04-30,sh600018,上港集团,8.07,1.6373
2019-05-06,sh600018,上港集团,7.3,-9.5415
2019-05-07,sh600018,上港集团,7.33,0.411
2019-05-08,sh600018,上港集团,7.14,-2.5921
2019-05-09,sh600018,上港集团,6.91,-3.2213
2019-05-10,sh600018,上港集团,7.5,8.5384
2019-05-13,sh600018,上港集团,7.8,4.0
2019-05-14,sh600018,上港集团,7.5,-3.8462
2019-05-15,sh600018,上港集团,7.65,2.0
2019-05-16,sh600018,上港集团,7.52,-1.6993
2019-05-17,sh600018,上港集团,7.38,-1.8617
2019-05-20,sh600018,上港集团,7.16,-2.981
2019-05-21,sh600018,上港集团,7.35,2.6536
2019-05-22,sh600018,上港集团,7.38,0.4082
2019-05-23,sh600018,上港集团,7.29,-1.2195
2019-05-24,sh600018,上港集团,7.4,1.5089
2019-05-27,sh600018,上港集团,7.46,0.8108
2019-05-28,sh600018,上港集团,7.69,3.0831
2019-05-29,sh600018,上港集团,7.58,-1.4304
2019-05-30,sh600018,上港集团,7.37,-2.7704
2019-05-31,sh600018,上港集团,7.57,2.7137
2019-06-03,sh600018,上港集团,7.46,-1.4531
2019-06-04,sh600018,上港集团,7.22,-3.2172
2019-06-05,sh600018,上港集团,6.71,-7.0637
2019-06-06,sh600018,上港集团,6.44,-4.0238
2019-06-10,sh600018,上港集团,6.39,-0.7764
2019-06-11,sh600018,上港集团,6.67,4.3818
2019-06-12,sh600018,上港集团,6.6,-1.0495
2019-06-13,sh600018,上港集团,6.56,-0.6061
2019-06-14,sh600018,上港集团,6.39,-2.5915
2019-06-17,sh600018,上港集团,6.43,0.626
2019-06-18,sh600018,上港集团,6.38,-0.7776
2019-06-19,sh600018,上港集团,6.73,5.4859
2019-06-20,sh600018,上港集团,6.86,1.9316
2019-06-21,sh600018,上港集团,7.0,2.0408
2019-06-24,sh600018,上港集团,7.01,0.1429
2019-06-25,sh600018,上港集团,6.87,-1.9971
2019-06-26,sh600018,上港集团,6.84,-0.4367
2019-06-27,sh600018,上港集团,7.06,3.2164
2019-06-28,sh600018,上港集团,6.82,-3.3994
2019-07-01,sh600018,上港集团,7.04,3.2258
2019-07-02,sh600018,上港集团,6.98,-0.8523
2019-07-03,sh600018,上港集团,6.82,-2.2923
2019-07-04,sh600018,上港集团,6.83,0.1466
2019-07-05,sh600018,上港集团,6.83,0.0
2019-07-08,sh600018,上港集团,6.55,-4.0996
2019-07-09,sh600018,上港集团,6.42,-1.9847
2019-07-10,sh600018,上港集团,6.35,-1.0903
2019-07-11,sh600018,上港集团,6.37,0.315
2019-07-12,sh600018,上港集团,6.45,1.2559
2019-07-15,sh600018,上港集团,6.47,0.3101
2019-07-16,sh600018,上港集团,6.55,1.2365
2019-07-17,sh600018,上港集团,6.79,3.6641
2019-07-18,sh600018,上港集团,6.73,-0.8837
2019-07-19,sh600018,上港集团,6.81,1.1887
2019-07-22,sh600018,上港集团,6.71,-1.4684
2019-07-23,sh600018,上港集团,6.79,1.1923
2019-07-24,sh600018,上港集团,6.76,-0.4418
2019-07-25,sh600018,上港集团,7.11,5.1775
2019-07-26,sh600018,上港集团,7.51,5.6259
2019-07-29,sh600018,上港集团,7.4,-1.4647
2019-07-30,sh600018,上港集团,7.3,-1.3514
2019-07-31,sh600018,上港集团,7.28,-0.274
2019-08-01,sh600018,上港集团,7.21,-0.9615
2019-08-02,sh600018,上港集团,7.16,-0.6935
2019-08-05,sh600018,上港集团,7.23,0.9777
2019-08-06,sh600018,上港集团,6.81,-5.8091
2019-08-07,sh600018,上港集团,6.13,-9.9853
2019-08-08,sh600018,上港集团,5.93,-3.2626
2019-08-09,sh600018,上港集团,5.93,0.0
2019-08-12,sh600018,上港集团,5.91,-0.3373
2019-08-13,sh600018,上港集团,5.79,-2.0305
2019-08-14,sh600018,上港集团,5.79,0.0
2019-08-15,sh600018,上港集团,5.76,-0.5181
2019-08-16,sh600018,上港集团,5.74,-0.3472
2019-08-19,sh600018,上港集团,5.87,2.2648
2019-08-20,sh600018,上港集团,5.92,0.8518
2019-08-21,sh600018,上港集团,6.08,2.7027
2019-08-22,sh600018,上港集团,5.99,-1.4803
2019-08-23,sh600018,上港集团,5.92,-1.1686
2019-08-26,sh600018,上港集团,5.76,-2.7027
2019-08-27,sh600018,上港集团,5.87,1.9097
2019-08-28,sh600018,上港集团,5.81,-1.0221
2019-08-29,sh600018,上港集团,5.87,1.0327
2019-08-30,sh600018,上港集团,5.74,-2.2147
2019-09-02,sh600018,上港集团,5.81,1.2195
2019-09-03,sh600018,上港集团,5.88,1.2048
2019-09-04,sh600018,上港集团,5.98,1.7007
2019-09-05,sh600018,上港集团,6.0,0.3344
2019-09-06,sh600018,上港集团,6.06,1.0
2019-09-09,sh600018,上港集团,6.08,0.33
2019-09-10,sh600018,上港集团,6.03,-0.8224
2019-09-11,sh600018,上港集团,6.04,0.1658
2019-09-12,sh600018,上港集团,6.11,1.1589
2019-09-16,sh600018,上港集团,6.22,1.8003
2019-09-17,sh600018,上港集团,6.08,-2.2508
2019-09-18,sh600018,上港集团,6.08,0.0
2019-09-19,sh600018,上港集团,6.11,0.4934
2019-09-20,sh600018,上港集团,6.17,0.982
2019-09-23,sh600018,上港集团,5.99,-2.9173
2019-09-24,sh600018,上港集团,5.96,-0.5008
2019-09-25,sh600018,上港集团,5.82,-2.349
2019-09-26,sh600018,上港集团,5.73,-1.5464
2019-09-27,sh600018,上港集团,5.76,0.5236
2019-09-30,sh600018,上港集团,5.69,-1.2153
2019-10-08,sh600018,上港集团,5.7,0.1757
2019-10-09,sh600018,上港集团,5.73,0.5263
2019-10-10,sh600018,上港集团,5.79,1.0471
2019-10-11,sh600018,上港集团,5.9,1.8998
2019-10-14,sh600018,上港集团,5.96,1.0169
2019-10-15,sh600018,上港集团,5.88,-1.3423
2019-10-16,sh600018,上港集团,5.86,-0.3401
2019-10-17,sh600018,上港集团,5.91,0.8532
2019-10-18,sh600018,上港集团,5.76,-2.5381
2019-10-21,sh600018,上港集团,5.79,0.5208
2019-10-22,sh600018,上港集团,5.81,0.3454
2019-10-23,sh600018,上港集团,5.75,-1.0327
2019-10-24,sh600018,上港集团,5.79,0.6957
2019-10-25,sh600018,上港集团,5.79,0.0
2019-10-28,sh600018,上港集团,5.84,0.8636
2019-10-29,sh600018,上港集团,5.88,0.6849
2019-10-30,sh600018,上港集团,5.78,-1.7007
2019-10-31,sh600018,上港集团,5.81,0.519
2019-11-01,sh600018,上港集团,5.88,1.2048
2019-11-04,sh600018,上港集团,6.0,2.0408
2019-11-05,sh600018,上港集团,5.95,-0.8333
2019-11-06,sh600018,上港集团,5.91,-0.6723
2019-11-07,sh600018,上港集团,5.87,-0.6768
2019-11-08,sh600018,上港集团,5.8,-1.1925
2019-11-11,sh600018,上港集团,5.69,-1.8966
2019-11-12,sh600018,上港集团,5.69,0.0
2019-11-13,sh600018,上港集团,5.59,-1.7575
2019-11-14,sh600018,上港集团,5.61,0.3578
2019-11-15,sh600018,上港集团,5.52,-1.6043
2019-11-18,sh600018,上港集团,5.56,0.7246
2019-11-19,sh600018,上港集团,5.63,1.259
2019-11-20,sh600018,上港集团,5.56,-1.2433
2019-11-21,sh600018,上港集团,5.54,-0.3597
2019-11-22,sh600018,上港集团,5.55,0.1805
2019-11-25,sh600018,上港集团,5.65,1.8018
2019-11-26,sh600018,上港集团,5.74,1.5929
2019-11-27,sh600018,上港集团,5.59,-2.6132
2019-11-28,sh600018,上港集团,5.59,0.0
2019-11-29,sh600018,上港集团,5.57,-0.3578
2019-12-02,sh600018,上港集团,5.65,1.4363
2019-12-03,sh600018,上港集团,5.64,-0.177
2019-12-04,sh600018,上港集团,5.62,-0.3546
2019-12-05,sh600018,上港集团,5.64,0.3559
2019-12-06,sh600018,上港集团,5.67,0.5319
2019-12-09,sh600018,上港集团,5.62,-0.8818
2019-12-10,sh600018,上港集团,5.58,-0.7117
2019-12-11,sh600018,上港集团,5.58,0.0
2019-12-12,sh600018,上港集团,5.58,0.0
2019-12-13,sh600018,上港集团,5.73,2.6882
2019-12-16,sh600018,上港集团,5.82,1.5707
2019-12-17,sh600018,上港集团,5.9,1.3746
2019-12-18,sh600018,上港集团,5.85,-0.8475
2019-12-19,sh600018,上港集团,5.87,0.3419
2019-12-20,sh600018,上港集团,5.83,-0.6814
2019-12-23,sh600018,上港集团,5.69,-2.4014
2019-12-24,sh600018,上港集团,5.7,0.1757
2019-12-25,sh600018,上港集团,5.67,-0.5263
2019-12-26,sh600018,上港集团,5.68,0.1764
2019-12-27,sh600018,上港集团,5.7,0.3521
2019-12-30,sh600018,上港集团,5.71,0.1754
2019-12-31,sh600018,上港集团,5.77,1.0508
2020-01-02,sh600018,上港集团,5.85,1.3865
2020-01-03,sh600018,上港集团,5.87,0.3419
2020-01-06,sh600018,上港集团,5.85,-0.3407
2020-01-07,sh600018,上港集团,5.87,0.3419
2020-01-08,sh600018,上港集团,5.71,-2.7257
2020-01-09,sh600018,上港集团,5.75,0.7005
2020-01-10,sh600018,上港集团,5.67,-1.3913
2020-01-13,sh600018,上港集团,5.66,-0.1764
2020-01-14,sh600018,上港集团,5.68,0.3534
2020-01-15,sh600018,上港集团,5.59,-1.5845
2020-01-16,sh600018,上港集团,5.58,-0.1789
2020-01-17,sh600018,上港集团,5.54,-0.7168
2020-01-20,sh600018,上港集团,5.54,0.0
2020-01-21,sh600018,上港集团,5.46,-1.444
2020-01-22,sh600018,上港集团,5.39,-1.2821
2020-01-23,sh600018,上港集团,5.2,-3.525
2020-02-03,sh600018,上港集团,4.68,-10.0
2020-02-04,sh600018,上港集团,4.51,-3.6325
2020-02-05,sh600018,上港集团,4.57,1.3304
2020-02-06,sh600018,上港集团,4.61,0.8753
2020-02-07,sh600018,上港集团,4.7,1.9523
2020-02-10,sh600018,上港集团,4.71,0.2128
2020-02-11,sh600018,上港集团,4.78,1.4862
2020-02-12,sh600018,上港集团,4.85,1.4644
2020-02-13,sh600018,上港集团,4.76,-1.8557
2020-02-14,sh600018,上港集团,4.74,-0.4202
2020-02-17,sh600018,上港集团,4.88,2.9536
2020-02-18,sh600018,上港集团,4.89,0.2049
2020-02-19,sh600018,上港集团,4.86,-0.6135
2020-02-20,sh600018,上港集团,4.92,1.2346
2020-02-21,sh600018,上港集团,4.9,-0.4065
2020-02-24,sh600018,上港集团,4.77,-2.6531
2020-02-25,sh600018,上港集团,4.69,-1.6771
2020-02-26,sh600018,上港集团,4.71,0.4264
2020-02-27,sh600018,上港集团,4.72,0.2123
2020-02-28,sh600018,上港集团,4.54,-3.8136
2020-03-02,sh600018,上港集团,4.65,2.4229
2020-03-03,sh600018,上港集团,4.8,3.2258
2020-03-04,sh600018,上港集团,4.83,0.625
2020-03-05,sh600018,上港集团,4.85,0.4141
2020-03-06,sh600018,上港集团,4.77,-1.6495
2020-03-09,sh600018,上港集团,4.68,-1.8868
2020-03-10,sh600018,上港集团,4.7,0.4274
2020-03-11,sh600018,上港集团,4.82,2.5532
2020-03-12,sh600018,上港集团,4.73,-1.8672
2020-03-13,sh600018,上港集团,4.65,-1.6913
2020-03-16,sh600018,上港集团,4.56,-1.9355
2020-03-17,sh600018,上港集团,4.51,-1.0965
2020-03-18,sh600018,上港集团,4.4,-2.439
2020-03-19,sh600018,上港集团,4.34,-1.3636
2020-03-20,sh600018,上港集团,4.43,2.0737
2020-03-23,sh600018,上港集团,4.26,-3.8375
2020-03-24,sh600018,上港集团,4.3,0.939
2020-03-25,sh600018,上港集团,4.44,3.2558
2020-03-26,sh600018,上港集团,4.47,0.6757
2020-03-27,sh600018,上港集团,4.48,0.2237
2020-03-30,sh600018,上港集团,4.44,-0.8929
2020-03-31,sh600018,上港集团,4.48,0.9009
2020-04-01,sh600018,上港集团,4.38,-2.2321
2020-04-02,sh600018,上港集团,4.4,0.4566
2020-04-03,sh600018,上港集团,4.36,-0.9091
2020-04-07,sh600018,上港集团,4.43,1.6055
2020-04-08,sh600018,上港集团,4.42,-0.2257
2020-04-09,sh600018,上港集团,4.41,-0.2262
2020-04-10,sh600018,上港集团,4.43,0.4535
2020-04-13,sh600018,上港集团,4.34,-2.0316
2020-04-14,sh600018,上港集团,4.38,0.9217
2020-04-15,sh600018,上港集团,4.33,-1.1416
2020-04-16,sh600018,上港集团,4.32,-0.2309
2020-04-17,sh600018,上港集团,4.32,0.0
2020-04-20,sh600018,上港集团,4.31,-0.2315
2020-04-21,sh600018,上港集团,4.28,-0.6961
2020-04-22,sh600018,上港集团,4.28,0.0
2020-04-23,sh600018,上港集团,4.29,0.2336
2020-04-24,sh600018,上港集团,4.24,-1.1655
2020-04-27,sh600018,上港集团,4.24,0.0
2020-04-28,sh600018,上港集团,4.13,-2.5943
2020-04-29,sh600018,上港集团,4.12,-0.2421
2020-04-30,sh600018,上港集团,4.18,1.4563
2020-05-06,sh600018,上港集团,4.23,1.1962
2020-05-07,sh600018,上港集团,4.19,-0.9456
2020-05-08,sh600018,上港集团,4.18,-0.2387
2020-05-11,sh600018,上港集团,4.16,-0.4785
2020-05-12,sh600018,上港集团,4.1,-1.4423
2020-05-13,sh600018,上港集团,4.09,-0.2439
2020-05-14,sh600018,上港集团,4.04,-1.2225
2020-05-15,sh600018,上港集团,4.09,1.2376
2020-05-18,sh600018,上港集团,4.05,-0.978
2020-05-19,sh600018,上港集团,4.06,0.2469
2020-05-20,sh600018,上港集团,4.05,-0.2463
2020-05-21,sh600018,上港集团,4.01,-0.9877
2020-05-22,sh600018,上港集团,3.98,-0.7481
2020-05-25,sh600018,上港集团,3.99,0.2513
2020-05-26,sh600018,上港集团,3.98,-0.2506
2020-05-27,sh600018,上港集团,4.0,0.5025
2020-05-28,sh600018,上港集团,4.05,1.25
2020-05-29,sh600018,上港集团,4.05,0.0
2020-06-01,sh600018,上港集团,4.08,0.7407
2020-06-02,sh600018,上港集团,4.3,5.3922
2020-06-03,sh600018,上港集团,4.18,-2.7907
2020-06-04,sh600018,上港集团,4.15,-0.7177
2020-06-05,sh600018,上港集团,4.25,2.4096
2020-06-08,sh600018,上港集团,4.25,0.0
2020-06-09,sh600018,上港集团,4.25,0.0
2020-06-10,sh600018,上港集团,4.21,-0.9412
2020-06-11,sh600018,上港集团,4.17,-0.9501
2020-06-12,sh600018,上港集团,4.17,0.0
2020-06-15,sh600018,上港集团,4.13,-0.9592
2020-06-16,sh600018,上港集团,4.24,2.6634
2020-06-17,sh600018,上港集团,4.2,-0.9434
2020-06-18,sh600018,上港集团,4.23,0.7143
2020-06-19,sh600018,上港集团,4.25,0.4728
2020-06-22,sh600018,上港集团,4.19,-1.4118
2020-06-23,sh600018,上港集团,4.17,-0.4773
2020-06-24,sh600018,上港集团,4.22,1.199
2020-06-29,sh600018,上港集团,4.15,-1.6588
2020-06-30,sh600018,上港集团,4.2,1.2048
2020-07-01,sh600018,上港集团,4.22,0.4762
2020-07-02,sh600018,上港集团,4.39,4.0284
2020-07-03,sh600018,上港集团,4.48,2.0501
2020-07-06,sh600018,上港集团,4.74,5.8036
2020-07-07,sh600018,上港集团,4.67,-1.4768
2020-07-08,sh600018,上港集团,4.74,1.4989
2020-07-09,sh600018,上港集团,4.83,1.8987
2020-07-10,sh600018,上港集团,4.8,-0.6211
2020-07-13,sh600018,上港集团,4.89,1.875
2020-07-14,sh600018,上港集团,4.81,-1.636
2020-07-15,sh600018,上港集团,4.67,-2.9106
2020-07-16,sh600018,上港集团,4.5,-3.6403
2020-07-17,sh600018,上港集团,4.44,-1.3333
2020-07-20,sh600018,上港集团,4.61,3.8288
2020-07-21,sh600018,上港集团,4.57,-0.8677
2020-07-22,sh600018,上港集团,4.55,-0.4376
2020-07-23,sh600018,上港集团,4.52,-0.6593
2020-07-24,sh600018,上港集团,4.41,-2.4336
2020-07-27,sh600018,上港集团,4.41,0.0
2020-07-28,sh600018,上港集团,4.42,0.2268
2020-07-29,sh600018,上港集团,4.5,1.81
2020-07-30,sh600018,上港集团,4.53,0.6667
2020-07-31,sh600018,上港集团,4.51,-0.4415
2020-08-03,sh600018,上港集团,4.56,1.1086
2020-08-04,sh600018,上港集团,4.71,3.2895
2020-08-05,sh600018,上港集团,4.59,-2.5478
2020-08-06,sh600018,上港集团,4.53,-1.3072
2020-08-07,sh600018,上港集团,4.48,-1.1038
2020-08-10,sh600018,上港集团,4.51,0.6696
2020-08-11,sh600018,上港集团,4.44,-1.5521
2020-08-12,sh600018,上港集团,4.55,2.4775
2020-08-13,sh600018,上港集团,4.51,-0.8791
2020-08-14,sh600018,上港集团,4.52,0.2217
2020-08-17,sh600018,上港集团,4.59,1.5487
2020-08-18,sh600018,上港集团,4.57,-0.4357
2020-08-19,sh600018,上港集团,4.53,-0.8753
2020-08-20,sh600018,上港集团,4.47,-1.3245
2020-08-21,sh600018,上港集团,4.49,0.4474
2020-08-24,sh600018,上港集团,4.5,0.2227
2020-08-25,sh600018,上港集团,4.48,-0.4444
2020-08-26,sh600018,上港集团,4.42,-1.3393
2020-08-27,sh600018,上港集团,4.41,-0.2262
2020-08-28,sh600018,上港集团,4.44,0.6803
2020-08-31,sh600018,上港集团,4.44,0.0
2020-09-01,sh600018,上港集团,4.42,-0.4505
2020-09-02,sh600018,上港集团,4.4,-0.4525
2020-09-03,sh600018,上港集团,4.4,0.0
2020-09-04,sh600018,上港集团,4.37,-0.6818
2020-09-07,sh600018,上港集团,4.34,-0.6865
2020-09-08,sh600018,上港集团,4.37,0.6912
2020-09-09,sh600018,上港集团,4.41,0.9153
2020-09-10,sh600018,上港集团,4.33,-1.8141
2020-09-11,sh600018,上港集团,4.31,-0.4619
2020-09-14,sh600018,上港集团,4.33,0.464
2020-09-15,sh600018,上港集团,4.34,0.2309
2020-09-16,sh600018,上港集团,4.32,-0.4608
2020-09-17,sh600018,上港集团,4.32,0.0
2020-09-18,sh600018,上港集团,4.42,2.3148
2020-09-21,sh600018,上港集团,4.4,-0.4525
2020-09-22,sh600018,上港集团,4.34,-1.3636
2020-09-23,sh600018,上港集团,4.33,-0.2304
2020-09-24,sh600018,上港集团,4.26,-1.6166
2020-09-25,sh600018,上港集团,4.2,-1.4085
2020-09-28,sh600018,上港集团,4.18,-0.4762
2020-09-29,sh600018,上港集团,4.19,0.2392
2020-09-30,sh600018,上港集团,4.18,-0.2387
2020-10-09,sh600018,上港集团,4.22,0.9569
2020-10-12,sh600018,上港集团,4.32,2.3697
2020-10-13,sh600018,上港集团,4.31,-0.2315
2020-10-14,sh600018,上港集团,4.25,-1.3921
2020-10-15,sh600018,上港集团,4.23,-0.4706
2020-10-16,sh600018,上港集团,4.25,0.4728
2020-10-19,sh600018,上港集团,4.34,2.1176
2020-10-20,sh600018,上港集团,4.29,-1.1521
2020-10-21,sh600018,上港集团,4.29,0.0
2020-10-22,sh600018,上港集团,4.29,0.0
2020-10-23,sh600018,上港集团,4.31,0.4662
2020-10-26,sh600018,上港集团,4.22,-2.0882
2020-10-27,sh600018,上港集团,4.25,0.7109
2020-10-28,sh600018,上港集团,4.23,-0.4706
2020-10-29,sh600018,上港集团,4.25,0.4728
2020-10-30,sh600018,上港集团,4.18,-1.6471
2020-11-02,sh600018,上港集团,4.15,-0.7177
2020-11-03,sh600018,上港集团,4.2,1.2048
2020-11-04,sh600018,上港集团,4.18,-0.4762
2020-11-05,sh600018,上港集团,4.31,3.11
2020-11-06,sh600018,上港集团,4.52,4.8724
2020-11-09,sh600018,上港集团,4.89,8.1858
2020-11-10,sh600018,上港集团,4.75,-2.863
2020-11-11,sh600018,上港集团,4.56,-4.0
2020-11-12,sh600018,上港集团,4.55,-0.2193
2020-11-13,sh600018,上港集团,4.45,-2.1978
2020-11-16,sh600018,上港集团,4.52,1.573
2020-11-17,sh600018,上港集团,4.68,3.5398
2020-11-18,sh600018,上港集团,4.65,-0.641
2020-11-19,sh600018,上港集团,4.57,-1.7204
2020-11-20,sh600018,上港集团,4.66,1.9694
2020-11-23,sh600018,上港集团,4.75,1.9313
2020-11-24,sh600018,上港集团,4.67,-1.6842
2020-11-25,sh600018,上港集团,4.6,-1.4989
2020-11-26,sh600018,上港集团,4.61,0.2174
2020-11-27,sh600018,上港集团,4.61,0.0
2020-11-30,sh600018,上港集团,4.63,0.4338
2020-12-01,sh600018,上港集团,4.69,1.2959
2020-12-02,sh600018,上港集团,4.69,0.0
2020-12-03,sh600018,上港集团,4.64,-1.0661
2020-12-04,sh600018,上港集团,4.64,0.0
2020-12-07,sh600018,上港集团,4.56,-1.7241
2020-12-08,sh600018,上港集团,4.54,-0.4386
2020-12-09,sh600018,上港集团,4.49,-1.1013
2020-12-10,sh600018,上港集团,4.47,-0.4454
2020-12-11,sh600018,上港集团,4.39,-1.7897
2020-12-14,sh600018,上港集团,4.4,0.2278
2020-12-15,sh600018,上港集团,4.45,1.1364
2020-12-16,sh600018,上港集团,4.45,0.0
2020-12-17,sh600018,上港集团,4.54,2.0225
2020-12-18,sh600018,上港集团,4.55,0.2203
2020-12-21,sh600018,上港集团,4.51,-0.8791
2020-12-22,sh600018,上港集团,4.41,-2.2173
2020-12-23,sh600018,上港集团,4.41,0.0
2020-12-24,sh600018,上港集团,4.45,0.907
2020-12-25,sh600018,上港集团,4.58,2.9213
2020-12-28,sh600018,上港集团,4.51,-1.5284
2020-12-29,sh600018,上港集团,4.61,2.2173
2020-12-30,sh600018,上港集团,4.6,-0.2169
2020-12-31,sh600018,上港集团,4.57,-0.6522
2021-01-04,sh600018,上港集团,4.69,2.6258
2021-01-05,sh600018,上港集团,4.69,0.0
2021-01-06,sh600018,上港集团,4.66,-0.6397
2021-01-07,sh600018,上港集团,4.64,-0.4292
2021-01-08,sh600018,上港集团,4.79,3.2328
2021-01-11,sh600018,上港集团,4.67,-2.5052
2021-01-12,sh600018,上港集团,4.67,0.0
2021-01-13,sh600018,上港集团,4.76,1.9272
2021-01-14,sh600018,上港集团,4.99,4.8319
2021-01-15,sh600018,上港集团,4.84,-3.006
2021-01-18,sh600018,上港集团,4.85,0.2066
2021-01-19,sh600018,上港集团,4.72,-2.6804
2021-01-20,sh600018,上港集团,4.68,-0.8475
2021-01-21,sh600018,上港集团,4.68,0.0
2021-01-22,sh600018,上港集团,4.58,-2.1368
2021-01-25,sh600018,上港集团,4.52,-1.31
2021-01-26,sh600018,上港集团,4.49,-0.6637
2021-01-27,sh600018,上港集团,4.52,0.6682
2021-01-28,sh600018,上港集团,4.41,-2.4336
2021-01-29,sh600018,上港集团,4.41,0.0
2021-02-01,sh600018,上港集团,4.43,0.4535
2021-02-02,sh600018,上港集团,4.52,2.0316
2021-02-03,sh600018,上港集团,4.43,-1.9912
2021-02-04,sh600018,上港集团,4.33,-2.2573
2021-02-05,sh600018,上港集团,4.3,-0.6928
2021-02-08,sh600018,上港集团,4.36,1.3953
2021-02-09,sh600018,上港集团,4.4,0.9174
2021-02-10,sh600018,上港集团,4.41,0.2273
2021-02-18,sh600018,上港集团,4.52,2.4943
2021-02-19,sh600018,上港集团,4.76,5.3097
2021-02-22,sh600018,上港集团,4.77,0.2101
2021-02-23,sh600018,上港集团,4.74,-0.6289
2021-02-24,sh600018,上港集团,4.78,0.8439
2021-02-25,sh600018,上港集团,4.85,1.4644
2021-02-26,sh600018,上港集团,4.77,-1.6495
2021-03-01,sh600018,上港集团,4.83,1.2579
2021-03-02,sh600018,上港集团,4.76,-1.4493
2021-03-03,sh600018,上港集团,4.77,0.2101
2021-03-04,sh600018,上港集团,4.77,0.0
2021-03-05,sh600018,上港集团,4.75,-0.4193
2021-03-08,sh600018,上港集团,4.77,0.4211
2021-03-09,sh600018,上港集团,4.86,1.8868
2021-03-10,sh600018,上港集团,4.65,-4.321
2021-03-11,sh600018,上港集团,4.8,3.2258
2021-03-12,sh600018,上港集团,4.91,2.2917
2021-03-15,sh600018,上港集团,4.95,0.8147
2021-03-16,sh600018,上港集团,4.96,0.202
2021-03-17,sh600018,上港集团,4.95,-0.2016
2021-03-18,sh600018,上港集团,4.89,-1.2121
2021-03-19,sh600018,上港集团,4.85,-0.818
2021-03-22,sh600018,上港集团,4.93,1.6495
2021-03-23,sh600018,上港集团,4.84,-1.8256
2021-03-24,sh600018,上港集团,4.69,-3.0992
2021-03-25,sh600018,上港集团,4.68,-0.2132
2021-03-26,sh600018,上港集团,4.73,1.0684
2021-03-29,sh600018,上港集团,4.75,0.4228
2021-03-30,sh600018,上港集团,4.74,-0.2105
2021-03-31,sh600018,上港集团,4.78,0.8439
2021-04-01,sh600018,上港集团,4.76,-0.4184
2021-04-02,sh600018,上港集团,4.79,0.6303
2021-04-06,sh600018,上港集团,4.75,-0.8351
2021-04-07,sh600018,上港集团,4.85,2.1053
2021-04-08,sh600018,上港集团,4.76,-1.8557
2021-04-09,sh600018,上港集团,4.7,-1.2605
2021-04-12,sh600018,上港集团,4.68,-0.4255
2021-04-13,sh600018,上港集团,4.6,-1.7094
2021-04-14,sh600018,上港集团,4.62,0.4348
2021-04-15,sh600018,上港集团,4.56,-1.2987
2021-04-16,sh600018,上港集团,4.63,1.5351
2021-04-19,sh600018,上港集团,4.65,0.432
2021-04-20,sh600018,上港集团,4.65,0.0
2021-04-21,sh600018,上港集团,4.56,-1.9355
2021-04-22,sh600018,上港集团,4.54,-0.4386
2021-04-23,sh600018,上港集团,4.52,-0.4405
2021-04-26,sh600018,上港集团,4.5,-0.4425
2021-04-27,sh600018,上港集团,4.45,-1.1111
2021-04-28,sh600018,上港集团,4.49,0.8989
2021-04-29,sh600018,上港集团,4.58,2.0045
2021-04-30,sh600018,上港集团,4.63,1.0917
2021-05-06,sh600018,上港集团,4.7,1.5119
2021-05-07,sh600018,上港集团,4.72,0.4255
2021-05-10,sh600018,上港集团,4.73,0.2119
2021-05-11,sh600018,上港集团,4.78,1.0571
2021-05-12,sh600018,上港集团,4.8,0.4184
2021-05-13,sh600018,上港集团,4.78,-0.4167
2021-05-14,sh600018,上港集团,4.8,0.4184
2021-05-17,sh600018,上港集团,4.77,-0.625
2021-05-18,sh600018,上港集团,4.82,1.0482
2021-05-19,sh600018,上港集团,4.76,-1.2448
2021-05-20,sh600018,上港集团,4.74,-0.4202
2021-05-21,sh600018,上港集团,4.78,0.8439
2021-05-24,sh600018,上港集团,4.77,-0.2092
2021-05-25,sh600018,上港集团,4.84,1.4675
2021-05-26,sh600018,上港集团,4.76,-1.6529
2021-05-27,sh600018,上港集团,4.84,1.6807
2021-05-28,sh600018,上港集团,4.77,-1.4463
2021-05-31,sh600018,上港集团,4.69,-1.6771
2021-06-01,sh600018,上港集团,4.71,0.4264
2021-06-02,sh600018,上港集团,4.73,0.4246
2021-06-03,sh600018,上港集团,5.19,9.7252
2021-06-04,sh600018,上港集团,4.76,-8.2852
2021-06-07,sh600018,上港集团,4.68,-1.6807
2021-06-08,sh600018,上港集团,4.73,1.0684
2021-06-09,sh600018,上港集团,4.69,-0.8457
2021-06-10,sh600018,上港集团,4.73,0.8529
2021-06-11,sh600018,上港集团,4.7,-0.6342
2021-06-15,sh600018,上港集团,4.63,-1.4894
2021-06-16,sh600018,上港集团,4.64,0.216
2021-06-17,sh600018,上港集团,4.63,-0.2155
2021-06-18,sh600018,上港集团,4.63,0.0
2021-06-21,sh600018,上港集团,4.6,-0.6479
2021-06-22,sh600018,上港集团,4.63,0.6522
2021-06-23,sh600018,上港集团,4.67,0.8639
2021-06-24,sh600018,上港集团,4.74,1.4989
2021-06-25,sh600018,上港集团,4.76,0.4219
2021-06-28,sh600018,上港集团,4.77,0.2101
2021-06-29,sh600018,上港集团,4.79,0.4193
2021-06-30,sh600018,上港集团,4.77,-0.4175
2021-07-01,sh600018,上港集团,4.76,-0.2096
2021-07-02,sh600018,上港集团,4.74,-0.4202
2021-07-05,sh600018,上港集团,5.05,6.5401
2021-07-06,sh600018,上港集团,5.27,4.3564
2021-07-07,sh600018,上港集团,5.33,1.1385
2021-07-08,sh600018,上港集团,5.32,-0.1876
2021-07-09,sh600018,上港集团,5.27,-0.9398
2021-07-12,sh600018,上港集团,5.19,-1.518
2021-07-13,sh600018,上港集团,5.24,0.9634
2021-07-14,sh600018,上港集团,5.18,-1.145
2021-07-15,sh600018,上港集团,5.21,0.5792
2021-07-16,sh600018,上港集团,5.13,-1.5355
2021-07-19,sh600018,上港集团,5.19,1.1696
2021-07-20,sh600018,上港集团,5.17,-0.3854
2021-07-21,sh600018,上港集团,5.22,0.9671
2021-07-22,sh600018,上港集团,5.22,0.0
2021-07-23,sh600018,上港集团,5.2,-0.3831
2021-07-26,sh600018,上港集团,5.06,-2.6923
2021-07-27,sh600018,上港集团,4.94,-2.3715
2021-07-28,sh600018,上港集团,4.95,0.2024
2021-07-29,sh600018,上港集团,4.97,0.404
2021-07-30,sh600018,上港集团,4.93,-0.8048
2021-08-02,sh600018,上港集团,5.07,2.8398
2021-08-03,sh600018,上港集团,5.05,-0.3945
2021-08-04,sh600018,上港集团,5.03,-0.396
2021-08-05,sh600018,上港集团,5.05,0.3976
2021-08-06,sh600018,上港集团,5.0,-0.9901
2021-08-09,sh600018,上港集团,5.11,2.2
2021-08-10,sh600018,上港集团,5.09,-0.3914
2021-08-11,sh600018,上港集团,5.05,-0.7859
2021-08-12,sh600018,上港集团,5.08,0.5941
2021-08-13,sh600018,上港集团,5.07,-0.1969
2021-08-16,sh600018,上港集团,5.12,0.9862
2021-08-17,sh600018,上港集团,5.0,-2.3438
2021-08-18,sh600018,上港集团,5.19,3.8
2021-08-19,sh600018,上港集团,5.11,-1.5414
2021-08-20,sh600018,上港集团,5.07,-0.7828
2021-08-23,sh600018,上港集团,5.13,1.1834
2021-08-24,sh600018,上港集团,5.16,0.5848
2021-08-25,sh600018,上港集团,5.26,1.938
2021-08-26,sh600018,上港集团,5.26,0.0
2021-08-27,sh600018,上港集团,5.22,-0.7605
2021-08-30,sh600018,上港集团,5.54,6.1303
2021-08-31,sh600018,上港集团,5.59,0.9025
2021-09-01,sh600018,上港集团,5.8,3.7567
2021-09-02,sh600018,上港集团,5.95,2.5862
2021-09-03,sh600018,上港集团,5.83,-2.0168
2021-09-06,sh600018,上港集团,5.9,1.2007
2021-09-07,sh600018,上港集团,5.97,1.1864
2021-09-08,sh600018,上港集团,6.23,4.3551
2021-09-09,sh600018,上港集团,6.15,-1.2841
2021-09-10,sh600018,上港集团,6.09,-0.9756
2021-09-13,sh600018,上港集团,6.17,1.3136
2021-09-14,sh600018,上港集团,6.17,0.0
2021-09-15,sh600018,上港集团,6.26,1.4587
2021-09-16,sh600018,上港集团,6.13,-2.0767
2021-09-17,sh600018,上港集团,6.23,1.6313
2021-09-22,sh600018,上港集团,6.22,-0.1605
2021-09-23,sh600018,上港集团,6.29,1.1254
2021-09-24,sh600018,上港集团,6.18,-1.7488
2021-09-27,sh600018,上港集团,6.11,-1.1327
2021-09-28,sh600018,上港集团,6.12,0.1637
2021-09-29,sh600018,上港集团,5.96,-2.6144
2021-09-30,sh600018,上港集团,6.09,2.1812
2021-10-08,sh600018,上港集团,6.11,0.3284
2021-10-11,sh600018,上港集团,6.06,-0.8183
2021-10-12,sh600018,上港集团,5.9,-2.6403
2021-10-13,sh600018,上港集团,5.75,-2.5424
2021-10-14,sh600018,上港集团,5.6,-2.6087
2021-10-15,sh600018,上港集团,5.75,2.6786
2021-10-18,sh600018,上港集团,5.89,2.4348
2021-10-19,sh600018,上港集团,5.91,0.3396
2021-10-20,sh600018,上港集团,5.95,0.6768
2021-10-21,sh600018,上港集团,5.81,-2.3529
2021-10-22,sh600018,上港集团,5.77,-0.6885
2021-10-25,sh600018,上港集团,5.76,-0.1733
2021-10-26,sh600018,上港集团,5.79,0.5208
2021-10-27,sh600018,上港集团,5.69,-1.7271
2021-10-28,sh600018,上港集团,5.6,-1.5817
2021-10-29,sh600018,上港集团,5.66,1.0714
2021-11-01,sh600018,上港集团,5.1,-9.894
2021-11-02,sh600018,上港集团,4.91,-3.7255
2021-11-03,sh600018,上港集团,4.84,-1.4257
2021-11-04,sh600018,上港集团,4.81,-0.6198
2021-11-05,sh600018,上港集团,4.71,-2.079
2021-11-08,sh600018,上港集团,4.68,-0.6369
2021-11-09,sh600018,上港集团,4.63,-1.0684
2021-11-10,sh600018,上港集团,4.64,0.216
2021-11-11,sh600018,上港集团,4.68,0.8621
2021-11-12,sh600018,上港集团,4.62,-1.2821
2021-11-15,sh600018,上港集团,4.66,0.8658
2021-11-16,sh600018,上港集团,4.63,-0.6438
2021-11-17,sh600018,上港集团,4.68,1.0799
2021-11-18,sh600018,上港集团,4.67,-0.2137
2021-11-19,sh600018,上港集团,4.72,1.0707
2021-11-22,sh600018,上港集团,4.78,1.2712
2021-11-23,sh600018,上港集团,4.91,2.7197
2021-11-24,sh600018,上港集团,4.86,-1.0183
2021-11-25,sh600018,上港集团,4.9,0.823
2021-11-26,sh600018,上港集团,4.77,-2.6531
2021-11-29,sh600018,上港集团,4.73,-0.8386
2021-11-30,sh600018,上港集团,4.79,1.2685
2021-12-01,sh600018,上港集团,4.85,1.2526
2021-12-02,sh600018,上港集团,5.06,4.3299
2021-12-03,sh600018,上港集团,5.57,10.0791
2021-12-06,sh600018,上港集团,5.8,4.1293
2021-12-07,sh600018,上港集团,5.6,-3.4483
2021-12-08,sh600018,上港集团,5.72,2.1429
2021-12-09,sh600018,上港集团,5.82,1.7483
2021-12-10,sh600018,上港集团,5.7,-2.0619
2021-12-13,sh600018,上港集团,5.57,-2.2807
2021-12-14,sh600018,上港集团,5.42,-2.693
2021-12-15,sh600018,上港集团,5.42,0.0
2021-12-16,sh600018,上港集团,5.49,1.2915
2021-12-17,sh600018,上港集团,5.51,0.3643
2021-12-20,sh600018,上港集团,5.51,0.0
2021-12-21,sh600018,上港集团,5.67,2.9038
2021-12-22,sh600018,上港集团,5.61,-1.0582
2021-12-23,sh600018,上港集团,5.56,-0.8913
2021-12-24,sh600018,上港集团,5.48,-1.4388
2021-12-27,sh600018,上港集团,5.42,-1.0949
2021-12-28,sh600018,上港集团,5.44,0.369
2021-12-29,sh600018,上港集团,5.45,0.1838
2021-12-30,sh600018,上港集团,5.49,0.7339
2021-12-31,sh600018,上港集团,5.48,-0.1821
2022-01-04,sh600018,上港集团,5.65,3.1022
2022-01-05,sh600018,上港集团,6.07,7.4336
2022-01-06,sh600018,上港集团,5.95,-1.9769
2022-01-07,sh600018,上港集团,6.14,3.1933
2022-01-10,sh600018,上港集团,6.07,-1.1401
2022-01-11,sh600018,上港集团,5.97,-1.6474
2022-01-12,sh600018,上港集团,5.95,-0.335
2022-01-13,sh600018,上港集团,5.94,-0.1681
2022-01-14,sh600018,上港集团,5.78,-2.6936
2022-01-17,sh600018,上港集团,5.76,-0.346
2022-01-18,sh600018,上港集团,5.89,2.2569
2022-01-19,sh600018,上港集团,5.88,-0.1698
2022-01-20,sh600018,上港集团,5.89,0.1701
2022-01-21,sh600018,上港集团,5.78,-1.8676
2022-01-24,sh600018,上港集团,5.78,0.0
2022-01-25,sh600018,上港集团,5.69,-1.5571
2022-01-26,sh600018,上港集团,5.83,2.4605
2022-01-27,sh600018,上港集团,5.84,0.1715
2022-01-28,sh600018,上港集团,5.67,-2.911
2022-02-07,sh600018,上港集团,5.93,4.5855
2022-02-08,sh600018,上港集团,6.03,1.6863
2022-02-09,sh600018,上港集团,6.06,0.4975
2022-02-10,sh600018,上港集团,6.12,0.9901
2022-02-11,sh600018,上港集团,6.1,-0.3268
2022-02-14,sh600018,上港集团,5.88,-3.6066
2022-02-15,sh600018,上港集团,5.77,-1.8707
2022-02-16,sh600018,上港集团,5.92,2.5997
2022-02-17,sh600018,上港集团,5.84,-1.3514
2022-02-18,sh600018,上港集团,5.94,1.7123
2022-02-21,sh600018,上港集团,5.87,-1.1785
2022-02-22,sh600018,上港集团,5.79,-1.3629
2022-02-23,sh600018,上港集团,5.74,-0.8636
2022-02-24,sh600018,上港集团,5.6,-2.439
2022-02-25,sh600018,上港集团,5.65,0.8929
2022-02-28,sh600018,上港集团,5.69,0.708
2022-03-01,sh600018,上港集团,5.71,0.3515
2022-03-02,sh600018,上港集团,5.76,0.8757
2022-03-03,sh600018,上港集团,6.05,5.0347
2022-03-04,sh600018,上港集团,5.86,-3.1405
2022-03-07,sh600018,上港集团,5.58,-4.7782
2022-03-08,sh600018,上港集团,5.31,-4.8387
2022-03-09,sh600018,上港集团,5.35,0.7533
2022-03-10,sh600018,上港集团,5.42,1.3084
2022-03-11,sh600018,上港集团,5.62,3.69
2022-03-14,sh600018,上港集团,5.6,-0.3559
2022-03-15,sh600018,上港集团,5.42,-3.2143
2022-03-16,sh600018,上港集团,5.72,5.5351
2022-03-17,sh600018,上港集团,5.67,-0.8741
2022-03-18,sh600018,上港集团,5.63,-0.7055
2022-03-21,sh600018,上港集团,5.53,-1.7762
2022-03-22,sh600018,上港集团,5.6,1.2658
2022-03-23,sh600018,上港集团,5.56,-0.7143
2022-03-24,sh600018,上港集团,5.51,-0.8993
2022-03-25,sh600018,上港集团,5.41,-1.8149
2022-03-28,sh600018,上港集团,5.46,0.9242
2022-03-29,sh600018,上港集团,5.41,-0.9158
2022-03-30,sh600018,上港集团,5.42,0.1848
2022-03-31,sh600018,上港集团,5.47,0.9225
2022-04-01,sh600018,上港集团,6.02,10.0548
2022-04-06,sh600018,上港集团,6.11,1.495
2022-04-07,sh600018,上港集团,6.14,0.491
2022-04-08,sh600018,上港集团,6.27,2.1173
2022-04-11,sh600018,上港集团,6.08,-3.0303
2022-04-12,sh600018,上港集团,6.15,1.1513
2022-04-13,sh600018,上港集团,6.09,-0.9756
2022-04-14,sh600018,上港集团,6.14,0.821
2022-04-15,sh600018,上港集团,6.19,0.8143
2022-04-18,sh600018,上港集团,6.22,0.4847
2022-04-19,sh600018,上港集团,6.24,0.3215
2022-04-20,sh600018,上港集团,6.1,-2.2436
2022-04-21,sh600018,上港集团,5.98,-1.9672
2022-04-22,sh600018,上港集团,6.08,1.6722
2022-04-25,sh600018,上港集团,5.75,-5.4276
2022-04-26,sh600018,上港集团,5.74,-0.1739
2022-04-27,sh600018,上港集团,5.79,0.8711
2022-04-28,sh600018,上港集团,5.82,0.5181
2022-04-29,sh600018,上港集团,5.93,1.89
2022-05-05,sh600018,上港集团,6.4,7.9258
2022-05-06,sh600018,上港集团,6.14,-4.0625
2022-05-09,sh600018,上港集团,6.17,0.4886
2022-05-10,sh600018,上港集团,6.21,0.6483
2022-05-11,sh600018,上港集团,6.01,-3.2206
2022-05-12,sh600018,上港集团,6.05,0.6656
2022-05-13,sh600018,上港集团,6.36,5.124
2022-05-16,sh600018,上港集团,6.24,-1.8868
2022-05-17,sh600018,上港集团,6.13,-1.7628
2022-05-18,sh600018,上港集团,6.08,-0.8157
2022-05-19,sh600018,上港集团,6.02,-0.9868
2022-05-20,sh600018,上港集团,6.16,2.3256
2022-05-23,sh600018,上港集团,6.12,-0.6494
2022-05-24,sh600018,上港集团,5.95,-2.7778
2022-05-25,sh600018,上港集团,6.23,4.7059
2022-05-26,sh600018,上港集团,6.3,1.1236
2022-05-27,sh600018,上港集团,6.3,0.0
2022-05-30,sh600018,上港集团,6.29,-0.1587
2022-05-31,sh600018,上港集团,6.25,-0.6359
2022-06-01,sh600018,上港集团,6.43,2.88
2022-06-02,sh600018,上港集团,6.19,-3.7325
2022-06-06,sh600018,上港集团,6.2,0.1616
2022-06-07,sh600018,上港集团,6.27,1.129
2022-06-08,sh600018,上港集团,6.24,-0.4785
2022-06-09,sh600018,上港集团,6.14,-1.6026
2022-06-10,sh600018,上港集团,6.15,0.1629
2022-06-13,sh600018,上港集团,5.99,-2.6016
2022-06-14,sh600018,上港集团,6.03,0.6678
2022-06-15,sh600018,上港集团,6.06,0.4975
2022-06-16,sh600018,上港集团,5.96,-1.6502
2022-06-17,sh600018,上港集团,5.93,-0.5034
2022-06-20,sh600018,上港集团,5.95,0.3373
2022-06-21,sh600018,上港集团,5.86,-1.5126
2022-06-22,sh600018,上港集团,5.82,-0.6826
2022-06-23,sh600018,上港集团,5.86,0.6873
2022-06-24,sh600018,上港集团,5.9,0.6826
2022-06-27,sh600018,上港集团,5.86,-0.678
2022-06-28,sh600018,上港集团,5.9,0.6826
2022-06-29,sh600018,上港集团,5.83,-1.1864
2022-06-30,sh600018,上港集团,5.83,0.0
2022-07-01,sh600018,上港集团,5.83,0.0
2022-07-04,sh600018,上港集团,5.83,0.0
2022-07-05,sh600018,上港集团,5.92,1.5437
2022-07-06,sh600018,上港集团,5.71,-3.5473
2022-07-07,sh600018,上港集团,5.69,-0.3503
2022-07-08,sh600018,上港集团,5.75,1.0545
2022-07-11,sh600018,上港集团,5.7,-0.8696
2022-07-12,sh600018,上港集团,5.67,-0.5263
2022-07-13,sh600018,上港集团,5.66,-0.1764
2022-07-14,sh600018,上港集团,5.64,-0.3534
2022-07-15,sh600018,上港集团,5.5,-2.4823
2022-07-18,sh600018,上港集团,5.54,0.7273
2022-07-19,sh600018,上港集团,5.6,1.083
2022-07-20,sh600018,上港集团,5.62,0.3571
2022-07-21,sh600018,上港集团,5.57,-0.8897
2022-07-22,sh600018,上港集团,5.6,0.5386
2022-07-25,sh600018,上港集团,5.58,-0.3571
2022-07-26,sh600018,上港集团,5.62,0.7168
2022-07-27,sh600018,上港集团,5.56,-1.0676
2022-07-28,sh600018,上港集团,5.56,0.0
2022-07-29,sh600018,上港集团,5.48,-1.4388
2022-08-01,sh600018,上港集团,5.47,-0.1825
2022-08-02,sh600018,上港集团,5.35,-2.1938
2022-08-03,sh600018,上港集团,5.25,-1.8692
2022-08-04,sh600018,上港集团,5.32,1.3333
2022-08-05,sh600018,上港集团,5.37,0.9398
2022-08-08,sh600018,上港集团,5.4,0.5587
2022-08-09,sh600018,上港集团,5.4,0.0
2022-08-10,sh600018,上港集团,5.37,-0.5556
2022-08-11,sh600018,上港集团,5.47,1.8622
2022-08-12,sh600018,上港集团,5.5,0.5484
2022-08-15,sh600018,上港集团,5.49,-0.1818
2022-08-16,sh600018,上港集团,5.45,-0.7286
2022-08-17,sh600018,上港集团,5.49,0.7339
2022-08-18,sh600018,上港集团,5.41,-1.4572
2022-08-19,sh600018,上港集团,5.25,-2.9575
2022-08-22,sh600018,上港集团,5.38,2.4762
2022-08-23,sh600018,上港集团,5.34,-0.7435
2022-08-24,sh600018,上港集团,5.29,-0.9363
2022-08-25,sh600018,上港集团,5.43,2.6465
2022-08-26,sh600018,上港集团,5.41,-0.3683
2022-08-29,sh600018,上港集团,5.39,-0.3697
2022-08-30,sh600018,上港集团,5.39,0.0
2022-08-31,sh600018,上港集团,5.41,0.3711
2022-09-01,sh600018,上港集团,5.33,-1.4787
2022-09-02,sh600018,上港集团,5.3,-0.5629
2022-09-05,sh600018,上港集团,5.43,2.4528
2022-09-06,sh600018,上港集团,5.49,1.105
2022-09-07,sh600018,上港集团,5.49,0.0
2022-09-08,sh600018,上港集团,5.55,1.0929
2022-09-09,sh600018,上港集团,5.6,0.9009
2022-09-13,sh600018,上港集团,5.54,-1.0714
2022-09-14,sh600018,上港集团,5.49,-0.9025
2022-09-15,sh600018,上港集团,5.51,0.3643
2022-09-16,sh600018,上港集团,5.31,-3.6298
2022-09-19,sh600018,上港集团,5.33,0.3766
2022-09-20,sh600018,上港集团,5.32,-0.1876
2022-09-21,sh600018,上港集团,5.46,2.6316
2022-09-22,sh600018,上港集团,5.5,0.7326
2022-09-23,sh600018,上港集团,5.54,0.7273
2022-09-26,sh600018,上港集团,5.43,-1.9856
2022-09-27,sh600018,上港集团,5.54,2.0258
2022-09-28,sh600018,上港集团,5.54,0.0
2022-09-29,sh600018,上港集团,5.55,0.1805
2022-09-30,sh600018,上港集团,5.56,0.1802
2022-10-10,sh600018,上港集团,5.49,-1.259
2022-10-11,sh600018,上港集团,5.53,0.7286
2022-10-12,sh600018,上港集团,5.51,-0.3617
2022-10-13,sh600018,上港集团,5.47,-0.726
2022-10-14,sh600018,上港集团,5.51,0.7313
2022-10-17,sh600018,上港集团,5.47,-0.726
2022-10-18,sh600018,上港集团,5.47,0.0
2022-10-19,sh600018,上港集团,5.54,1.2797
2022-10-20,sh600018,上港集团,5.41,-2.3466
2022-10-21,sh600018,上港集团,5.49,1.4787
2022-10-24,sh600018,上港集团,5.27,-4.0073
2022-10-25,sh600018,上港集团,5.2,-1.3283
2022-10-26,sh600018,上港集团,5.24,0.7692
2022-10-27,sh600018,上港集团,5.27,0.5725
2022-10-28,sh600018,上港集团,5.15,-2.277
2022-10-31,sh600018,上港集团,5.17,0.3883
2022-11-01,sh600018,上港集团,5.23,1.1605
2022-11-02,sh600018,上港集团,5.23,0.0
2022-11-03,sh600018,上港集团,5.15,-1.5296
2022-11-04,sh600018,上港集团,5.24,1.7476
2022-11-07,sh600018,上港集团,5.32,1.5267
2022-11-08,sh600018,上港集团,5.31,-0.188
2022-11-09,sh600018,上港集团,5.27,-0.7533
2022-11-10,sh600018,上港集团,5.26,-0.1898
2022-11-11,sh600018,上港集团,5.35,1.711
2022-11-14,sh600018,上港集团,5.34,-0.1869
2022-11-15,sh600018,上港集团,5.35,0.1873
2022-11-16,sh600018,上港集团,5.35,0.0
2022-11-17,sh600018,上港集团,5.33,-0.3738
2022-11-18,sh600018,上港集团,5.27,-1.1257
2022-11-21,sh600018,上港集团,5.22,-0.9488
2022-11-22,sh600018,上港集团,5.32,1.9157
2022-11-23,sh600018,上港集团,5.37,0.9398
2022-11-24,sh600018,上港集团,5.33,-0.7449
2022-11-25,sh600018,上港集团,5.43,1.8762
2022-11-28,sh600018,上港集团,5.39,-0.7366
2022-11-29,sh600018,上港集团,5.47,1.4842
2022-11-30,sh600018,上港集团,5.45,-0.3656
2022-12-01,sh600018,上港集团,5.48,0.5505
2022-12-02,sh600018,上港集团,5.41,-1.2774
2022-12-05,sh600018,上港集团,5.54,2.403
2022-12-06,sh600018,上港集团,5.57,0.5415
2022-12-07,sh600018,上港集团,5.57,0.0
2022-12-08,sh600018,上港集团,5.58,0.1795
2022-12-09,sh600018,上港集团,5.56,-0.3584
2022-12-12,sh600018,上港集团,5.48,-1.4388
2022-12-13,sh600018,上港集团,5.49,0.1825
2022-12-14,sh600018,上港集团,5.5,0.1821
2022-12-15,sh600018,上港集团,5.43,-1.2727
2022-12-16,sh600018,上港集团,5.48,0.9208
2022-12-19,sh600018,上港集团,5.3,-3.2847
2022-12-20,sh600018,上港集团,5.26,-0.7547
2022-12-21,sh600018,上港集团,5.27,0.1901
2022-12-22,sh600018,上港集团,5.22,-0.9488
2022-12-23,sh600018,上港集团,5.21,-0.1916
2022-12-26,sh600018,上港集团,5.18,-0.5758
2022-12-27,sh600018,上港集团,5.28,1.9305
2022-12-28,sh600018,上港集团,5.26,-0.3788
2022-12-29,sh600018,上港集团,5.27,0.1901
2022-12-30,sh600018,上港集团,5.34,1.3283
2023-01-03,sh600018,上港集团,5.36,0.3745
2023-01-04,sh600018,上港集团,5.39,0.5597
2023-01-05,sh600018,上港集团,5.39,0.0
2023-01-06,sh600018,上港集团,5.33,-1.1132
2023-01-09,sh600018,上港集团,5.33,0.0
2023-01-10,sh600018,上港集团,5.24,-1.6886
2023-01-11,sh600018,上港集团,5.22,-0.3817
2023-01-12,sh600018,上港集团,5.21,-0.1916
2023-01-13,sh600018,上港集团,5.24,0.5758
2023-01-16,sh600018,上港集团,5.28,0.7634
2023-01-17,sh600018,上港集团,5.27,-0.1894
2023-01-18,sh600018,上港集团,5.25,-0.3795
2023-01-19,sh600018,上港集团,5.27,0.381
2023-01-20,sh600018,上港集团,5.32,0.9488
2023-01-30,sh600018,上港集团,5.33,0.188
2023-01-31,sh600018,上港集团,5.33,0.0
2023-02-01,sh600018,上港集团,5.36,0.5629
2023-02-02,sh600018,上港集团,5.34,-0.3731
2023-02-03,sh600018,上港集团,5.28,-1.1236
2023-02-06,sh600018,上港集团,5.26,-0.3788
2023-02-07,sh600018,上港集团,5.28,0.3802
2023-02-08,sh600018,上港集团,5.27,-0.1894
2023-02-09,sh600018,上港集团,5.28,0.1898
2023-02-10,sh600018,上港集团,5.29,0.1894
2023-02-13,sh600018,上港集团,5.33,0.7561
2023-02-14,sh600018,上港集团,5.31,-0.3752
2023-02-15,sh600018,上港集团,5.28,-0.565
2023-02-16,sh600018,上港集团,5.23,-0.947
2023-02-17,sh600018,上港集团,5.22,-0.1912
2023-02-20,sh600018,上港集团,5.28,1.1494
2023-02-21,sh600018,上港集团,5.31,0.5682
2023-02-22,sh600018,上港集团,5.3,-0.1883
2023-02-23,sh600018,上港集团,5.28,-0.3774
2023-02-24,sh600018,上港集团,5.26,-0.3788
2023-02-27,sh600018,上港集团,5.27,0.1901
2023-02-28,sh600018,上港集团,5.32,0.9488
2023-03-01,sh600018,上港集团,5.35,0.5639
2023-03-02,sh600018,上港集团,5.38,0.5607
2023-03-03,sh600018,上港集团,5.48,1.8587
2023-03-06,sh600018,上港集团,5.46,-0.365
2023-03-07,sh600018,上港集团,5.42,-0.7326
2023-03-08,sh600018,上港集团,5.42,0.0
2023-03-09,sh600018,上港集团,5.39,-0.5535
2023-03-10,sh600018,上港集团,5.37,-0.3711
2023-03-13,sh600018,上港集团,5.45,1.4898
2023-03-14,sh600018,上港集团,5.41,-0.7339
2023-03-15,sh600018,上港集团,5.55,2.5878
2023-03-16,sh600018,上港集团,5.56,0.1802
2023-03-17,sh600018,上港集团,5.59,0.5396
2023-03-20,sh600018,上港集团,5.57,-0.3578
2023-03-21,sh600018,上港集团,5.55,-0.3591
2023-03-22,sh600018,上港集团,5.56,0.1802
2023-03-23,sh600018,上港集团,5.62,1.0791
2023-03-24,sh600018,上港集团,5.55,-1.2456
2023-03-27,sh600018,上港集团,5.52,-0.5405
2023-03-28,sh600018,上港集团,5.55,0.5435
2023-03-29,sh600018,上港集团,5.55,0.0
2023-03-30,sh600018,上港集团,5.57,0.3604
2023-03-31,sh600018,上港集团,5.54,-0.5386
2023-04-03,sh600018,上港集团,5.49,-0.9025
2023-04-04,sh600018,上港集团,5.55,1.0929
2023-04-06,sh600018,上港集团,5.54,-0.1802
2023-04-07,sh600018,上港集团,5.49,-0.9025
2023-04-10,sh600018,上港集团,5.47,-0.3643
2023-04-11,sh600018,上港集团,5.47,0.0
2023-04-12,sh600018,上港集团,5.57,1.8282
2023-04-13,sh600018,上港集团,5.57,0.0
2023-04-14,sh600018,上港集团,5.58,0.1795
2023-04-17,sh600018,上港集团,5.65,1.2545
2023-04-18,sh600018,上港集团,5.73,1.4159
2023-04-19,sh600018,上港集团,5.73,0.0
2023-04-20,sh600018,上港集团,5.7,-0.5236
2023-04-21,sh600018,上港集团,5.66,-0.7018
2023-04-24,sh600018,上港集团,5.6,-1.0601
2023-04-25,sh600018,上港集团,5.65,0.8929
2023-04-26,sh600018,上港集团,5.56,-1.5929
2023-04-27,sh600018,上港集团,5.6,0.7194
2023-04-28,sh600018,上港集团,5.73,2.3214
2023-05-04,sh600018,上港集团,5.79,1.0471
2023-05-05,sh600018,上港集团,5.76,-0.5181
2023-05-08,sh600018,上港集团,5.87,1.9097
2023-05-09,sh600018,上港集团,5.85,-0.3407
2023-05-10,sh600018,上港集团,5.67,-3.0769
2023-05-11,sh600018,上港集团,5.69,0.3527
2023-05-12,sh600018,上港集团,5.69,0.0
2023-05-15,sh600018,上港集团,5.67,-0.3515
2023-05-16,sh600018,上港集团,5.6,-1.2346
2023-05-17,sh600018,上港集团,5.49,-1.9643
2023-05-18,sh600018,上港集团,5.52,0.5464
2023-05-19,sh600018,上港集团,5.44,-1.4493
2023-05-22,sh600018,上港集团,5.42,-0.3676
2023-05-23,sh600018,上港集团,5.33,-1.6605
2023-05-24,sh600018,上港集团,5.23,-1.8762
2023-05-25,sh600018,上港集团,5.23,0.0
2023-05-26,sh600018,上港集团,5.25,0.3824
2023-05-29,sh600018,上港集团,5.3,0.9524
2023-05-30,sh600018,上港集团,5.31,0.1887
2023-05-31,sh600018,上港集团,5.27,-0.7533
2023-06-01,sh600018,上港集团,5.26,-0.1898
2023-06-02,sh600018,上港集团,5.29,0.5703
2023-06-05,sh600018,上港集团,5.3,0.189
2023-06-06,sh600018,上港集团,5.24,-1.1321
2023-06-07,sh600018,上港集团,5.38,2.6718
2023-06-08,sh600018,上港集团,5.43,0.9294
2023-06-09,sh600018,上港集团,5.4,-0.5525
2023-06-12,sh600018,上港集团,5.34,-1.1111
2023-06-13,sh600018,上港集团,5.38,0.7491
2023-06-14,sh600018,上港集团,5.35,-0.5576
2023-06-15,sh600018,上港集团,5.34,-0.1869
2023-06-16,sh600018,上港集团,5.35,0.1873
2023-06-19,sh600018,上港集团,5.26,-1.6822
2023-06-20,sh600018,上港集团,5.19,-1.3308
2023-06-21,sh600018,上港集团,5.17,-0.3854
2023-06-26,sh600018,上港集团,5.05,-2.3211
2023-06-27,sh600018,上港集团,5.17,2.3762
2023-06-28,sh600018,上港集团,5.2,0.5803
2023-06-29,sh600018,上港集团,5.2,0.0
2023-06-30,sh600018,上港集团,5.25,0.9615
2023-07-03,sh600018,上港集团,5.26,0.1905
2023-07-04,sh600018,上港集团,5.23,-0.5703
2023-07-05,sh600018,上港集团,5.21,-0.3824
2023-07-06,sh600018,上港集团,5.17,-0.7678
2023-07-07,sh600018,上港集团,5.25,1.5474
2023-07-10,sh600018,上港集团,5.23,-0.381
2023-07-11,sh600018,上港集团,5.25,0.3824
2023-07-12,sh600018,上港集团,5.21,-0.7619
2023-07-13,sh600018,上港集团,5.25,0.7678
2023-07-14,sh600018,上港集团,5.24,-0.1905
2023-07-17,sh600018,上港集团,5.25,0.1908
2023-07-18,sh600018,上港集团,5.25,0.0
2023-07-19,sh600018,上港集团,5.3,0.9524
2023-07-20,sh600018,上港集团,5.25,-0.9434
2023-07-21,sh600018,上港集团,5.25,0.0
2023-07-24,sh600018,上港集团,5.27,0.381
2023-07-25,sh600018,上港集团,5.31,0.759
2023-07-26,sh600018,上港集团,5.32,0.1883
2023-07-27,sh600018,上港集团,5.32,0.0
2023-07-28,sh600018,上港集团,5.39,1.3158
2023-07-31,sh600018,上港集团,5.42,0.5566
2023-08-01,sh600018,上港集团,5.45,0.5535
2023-08-02,sh600018,上港集团,5.43,-0.367
2023-08-03,sh600018,上港集团,5.42,-0.1842
2023-08-04,sh600018,上港集团,5.42,0.0
2023-08-07,sh600018,上港集团,5.34,-1.476
2023-08-08,sh600018,上港集团,5.34,0.0
2023-08-09,sh600018,上港集团,5.33,-0.1873
2023-08-10,sh600018,上港集团,5.38,0.9381
2023-08-11,sh600018,上港集团,5.18,-3.7175
2023-08-14,sh600018,上港集团,5.18,0.0
2023-08-15,sh600018,上港集团,5.22,0.7722
2023-08-16,sh600018,上港集团,5.19,-0.5747
2023-08-17,sh600018,上港集团,5.18,-0.1927
2023-08-18,sh600018,上港集团,5.2,0.3861
2023-08-21,sh600018,上港集团,5.17,-0.5769
2023-08-22,sh600018,上港集团,5.18,0.1934
2023-08-23,sh600018,上港集团,5.15,-0.5792
2023-08-24,sh600018,上港集团,5.07,-1.5534
2023-08-25,sh600018,上港集团,5.08,0.1972
2023-08-28,sh600018,上港集团,5.15,1.378
2023-08-29,sh600018,上港集团,5.16,0.1942
2023-08-30,sh600018,上港集团,5.11,-0.969
2023-08-31,sh600018,上港集团,5.1,-0.1957
2023-09-01,sh600018,上港集团,5.14,0.7843
2023-09-04,sh600018,上港集团,5.19,0.9728
2023-09-05,sh600018,上港集团,5.15,-0.7707
2023-09-06,sh600018,上港集团,5.14,-0.1942
2023-09-07,sh600018,上港集团,5.11,-0.5837
2023-09-08,sh600018,上港集团,5.07,-0.7828
2023-09-11,sh600018,上港集团,5.1,0.5917
2023-09-12,sh600018,上港集团,5.12,0.3922
2023-09-13,sh600018,上港集团,5.12,0.0
2023-09-14,sh600018,上港集团,5.19,1.3672
2023-09-15,sh600018,上港集团,5.23,0.7707
2023-09-18,sh600018,上港集团,5.18,-0.956
2023-09-19,sh600018,上港集团,5.24,1.1583
2023-09-20,sh600018,上港集团,5.22,-0.3817
2023-09-21,sh600018,上港集团,5.21,-0.1916
2023-09-22,sh600018,上港集团,5.21,0.0
2023-09-25,sh600018,上港集团,5.25,0.7678
2023-09-26,sh600018,上港集团,5.21,-0.7619
2023-09-27,sh600018,上港集团,5.18,-0.5758
2023-09-28,sh600018,上港集团,5.15,-0.5792
2023-10-09,sh600018,上港集团,5.12,-0.5825
2023-10-10,sh600018,上港集团,5.05,-1.3672
2023-10-11,sh600018,上港集团,5.01,-0.7921
2023-10-12,sh600018,上港集团,5.07,1.1976
2023-10-13,sh600018,上港集团,5.05,-0.3945
2023-10-16,sh600018,上港集团,5.08,0.5941
2023-10-17,sh600018,上港集团,5.07,-0.1969
2023-10-18,sh600018,上港集团,5.02,-0.9862
2023-10-19,sh600018,上港集团,4.85,-3.3865
2023-10-20,sh600018,上港集团,4.85,0.0
2023-10-23,sh600018,上港集团,4.82,-0.6186
2023-10-24,sh600018,上港集团,4.84,0.4149
2023-10-25,sh600018,上港集团,4.91,1.4463
2023-10-26,sh600018,上港集团,4.95,0.8147
2023-10-27,sh600018,上港集团,5.0,1.0101
2023-10-30,sh600018,上港集团,4.97,-0.6
2023-10-31,sh600018,上港集团,5.0,0.6036
2023-11-01,sh600018,上港集团,5.03,0.6
2023-11-02,sh600018,上港集团,5.07,0.7952
2023-11-03,sh600018,上港集团,4.99,-1.5779
2023-11-06,sh600018,上港集团,4.98,-0.2004
2023-11-07,sh600018,上港集团,4.98,0.0
2023-11-08,sh600018,上港集团,4.93,-1.004
2023-11-09,sh600018,上港集团,4.95,0.4057
2023-11-10,sh600018,上港集团,4.92,-0.6061
2023-11-13,sh600018,上港集团,4.94,0.4065
2023-11-14,sh600018,上港集团,4.93,-0.2024
2023-11-15,sh600018,上港集团,4.95,0.4057
2023-11-16,sh600018,上港集团,4.91,-0.8081
2023-11-17,sh600018,上港集团,4.88,-0.611
2023-11-20,sh600018,上港集团,4.92,0.8197
2023-11-21,sh600018,上港集团,4.95,0.6098
2023-11-22,sh600018,上港集团,4.97,0.404
2023-11-23,sh600018,上港集团,4.98,0.2012
2023-11-24,sh600018,上港集团,5.0,0.4016
2023-11-27,sh600018,上港集团,5.01,0.2
2023-11-28,sh600018,上港集团,4.99,-0.3992
2023-11-29,sh600018,上港集团,5.0,0.2004
2023-11-30,sh600018,上港集团,5.03,0.6
2023-12-01,sh600018,上港集团,5.03,0.0
2023-12-04,sh600018,上港集团,5.09,1.1928
2023-12-05,sh600018,上港集团,5.01,-1.5717
2023-12-06,sh600018,上港集团,4.99,-0.3992
2023-12-07,sh600018,上港集团,5.0,0.2004
2023-12-08,sh600018,上港集团,5.0,0.0
2023-12-11,sh600018,上港集团,5.06,1.2
2023-12-12,sh600018,上港集团,5.09,0.5929
2023-12-13,sh600018,上港集团,5.08,-0.1965
2023-12-14,sh600018,上港集团,5.08,0.0
2023-12-15,sh600018,上港集团,5.05,-0.5906
2023-12-18,sh600018,上港集团,5.07,0.396
2023-12-19,sh600018,上港集团,5.05,-0.3945
2023-12-20,sh600018,上港集团,5.05,0.0
2023-12-21,sh600018,上港集团,5.07,0.396
2023-12-22,sh600018,上港集团,5.11,0.789
2023-12-25,sh600018,上港集团,5.06,-0.9785
2023-12-26,sh600018,上港集团,5.06,0.0
2023-12-27,sh600018,上港集团,5.07,0.1976
2023-12-28,sh600018,上港集团,4.98,-1.7751
2023-12-29,sh600018,上港集团,4.9,-1.6064
2024-01-02,sh600018,上港集团,4.98,1.6327
2024-01-03,sh600018,上港集团,5.07,1.8072
2024-01-04,sh600018,上港集团,5.08,0.1972
2024-01-05,sh600018,上港集团,5.1,0.3937
2024-01-08,sh600018,上港集团,5.09,-0.1961
2024-01-09,sh600018,上港集团,5.16,1.3752
2024-01-10,sh600018,上港集团,5.2,0.7752
2024-01-11,sh600018,上港集团,5.22,0.3846
2024-01-12,sh600018,上港集团,5.29,1.341
2024-01-15,sh600018,上港集团,5.34,0.9452
2024-01-16,sh600018,上港集团,5.36,0.3745
2024-01-17,sh600018,上港集团,5.31,-0.9328
2024-01-18,sh600018,上港集团,5.28,-0.565
2024-01-19,sh600018,上港集团,5.29,0.1894
2024-01-22,sh600018,上港集团,5.15,-2.6465
2024-01-23,sh600018,上港集团,5.21,1.165
2024-01-24,sh600018,上港集团,5.38,3.263
2024-01-25,sh600018,上港集团,5.48,1.8587
2024-01-26,sh600018,上港集团,5.54,1.0949
2024-01-29,sh600018,上港集团,5.53,-0.1805
2024-01-30,sh600018,上港集团,5.52,-0.1808
2024-01-31,sh600018,上港集团,5.52,0.0
2024-02-01,sh600018,上港集团,5.51,-0.1812
2024-02-02,sh600018,上港集团,5.52,0.1815
2024-02-05,sh600018,上港集团,5.46,-1.087
2024-02-06,sh600018,上港集团,5.59,2.381
2024-02-07,sh600018,上港集团,5.4,-3.3989
2024-02-08,sh600018,上港集团,5.3,-1.8519
2024-02-19,sh600018,上港集团,5.43,2.4528
2024-02-20,sh600018,上港集团,5.56,2.3941
2024-02-21,sh600018,上港集团,5.51,-0.8993
2024-02-22,sh600018,上港集团,5.55,0.726
2024-02-23,sh600018,上港集团,5.56,0.1802
2024-02-26,sh600018,上港集团,5.35,-3.777
2024-02-27,sh600018,上港集团,5.46,2.0561
2024-02-28,sh600018,上港集团,5.41,-0.9158
2024-02-29,sh600018,上港集团,5.43,0.3697
2024-03-01,sh600018,上港集团,5.4,-0.5525
2024-03-04,sh600018,上港集团,5.36,-0.7407
2024-03-05,sh600018,上港集团,5.41,0.9328
2024-03-06,sh600018,上港集团,5.38,-0.5545
2024-03-07,sh600018,上港集团,5.38,0.0
2024-03-08,sh600018,上港集团,5.38,0.0
2024-03-11,sh600018,上港集团,5.34,-0.7435
2024-03-12,sh600018,上港集团,5.26,-1.4981
2024-03-13,sh600018,上港集团,5.25,-0.1901
2024-03-14,sh600018,上港集团,5.27,0.381
2024-03-15,sh600018,上港集团,5.27,0.0
2024-03-18,sh600018,上港集团,5.29,0.3795
2024-03-19,sh600018,上港集团,5.26,-0.5671
2024-03-20,sh600018,上港集团,5.29,0.5703
2024-03-21,sh600018,上港集团,5.27,-0.3781
2024-03-22,sh600018,上港集团,5.24,-0.5693
2024-03-25,sh600018,上港集团,5.29,0.9542
2024-03-26,sh600018,上港集团,5.29,0.0
2024-03-27,sh600018,上港集团,5.28,-0.189
2024-03-28,sh600018,上港集团,5.31,0.5682
2024-03-29,sh600018,上港集团,5.37,1.1299
2024-04-01,sh600018,上港集团,5.4,0.5587
2024-04-02,sh600018,上港集团,5.47,1.2963
2024-04-03,sh600018,上港集团,5.58,2.011
2024-04-08,sh600018,上港集团,5.58,0.0
2024-04-09,sh600018,上港集团,5.61,0.5376
2024-04-10,sh600018,上港集团,5.61,0.0
2024-04-11,sh600018,上港集团,5.61,0.0
2024-04-12,sh600018,上港集团,5.64,0.5348
2024-04-15,sh600018,上港集团,5.74,1.773
2024-04-16,sh600018,上港集团,5.69,-0.8711
2024-04-17,sh600018,上港集团,5.81,2.109
2024-04-18,sh600018,上港集团,5.77,-0.6885
2024-04-19,sh600018,上港集团,5.8,0.5199
2024-04-22,sh600018,上港集团,5.71,-1.5517
2024-04-23,sh600018,上港集团,5.61,-1.7513
2024-04-24,sh600018,上港集团,5.67,1.0695
2024-04-25,sh600018,上港集团,5.71,0.7055
2024-04-26,sh600018,上港集团,5.63,-1.4011
2024-04-29,sh600018,上港集团,5.6,-0.5329
2024-04-30,sh600018,上港集团,5.61,0.1786
2024-05-06,sh600018,上港集团,5.65,0.713
2024-05-07,sh600018,上港集团,5.66,0.177
2024-05-08,sh600018,上港集团,5.66,0.0
2024-05-09,sh600018,上港集团,5.78,2.1201
2024-05-10,sh600018,上港集团,5.78,0.0
2024-05-13,sh600018,上港集团,5.87,1.5571
2024-05-14,sh600018,上港集团,5.81,-1.0221
2024-05-15,sh600018,上港集团,5.64,-2.926
2024-05-16,sh600018,上港集团,5.55,-1.5957
2024-05-17,sh600018,上港集团,5.61,1.0811
2024-05-20,sh600018,上港集团,5.73,2.139
2024-05-21,sh600018,上港集团,5.73,0.0
2024-05-22,sh600018,上港集团,5.67,-1.0471
2024-05-23,sh600018,上港集团,5.59,-1.4109
2024-05-24,sh600018,上港集团,5.62,0.5367
2024-05-27,sh600018,上港集团,5.77,2.669
2024-05-28,sh600018,上港集团,5.76,-0.1733
2024-05-29,sh600018,上港集团,5.73,-0.5208
2024-05-30,sh600018,上港集团,5.71,-0.349
2024-05-31,sh600018,上港集团,5.69,-0.3503
2024-06-03,sh600018,上港集团,5.75,1.0545
2024-06-04,sh600018,上港集团,5.8,0.8696
2024-06-05,sh600018,上港集团,5.76,-0.6897
2024-06-06,sh600018,上港集团,5.73,-0.5208
2024-06-07,sh600018,上港集团,5.86,2.2688
2024-06-11,sh600018,上港集团,5.61,-4.2662
2024-06-12,sh600018,上港集团,5.69,1.426
2024-06-13,sh600018,上港集团,5.63,-1.0545
2024-06-14,sh600018,上港集团,5.59,-0.7105
2024-06-17,sh600018,上港集团,5.55,-0.7156
2024-06-18,sh600018,上港集团,5.68,2.3423
2024-06-19,sh600018,上港集团,5.65,-0.5282
2024-06-20,sh600018,上港集团,5.67,0.354
2024-06-21,sh600018,上港集团,5.69,0.3527
2024-06-24,sh600018,上港集团,5.62,-1.2302
2024-06-25,sh600018,上港集团,5.64,0.3559
2024-06-26,sh600018,上港集团,5.63,-0.1773
2024-06-27,sh600018,上港集团,5.61,-0.3552
2024-06-28,sh600018,上港集团,5.78,3.0303
2024-07-01,sh600018,上港集团,5.84,1.0381
2024-07-02,sh600018,上港集团,5.98,2.3973
2024-07-03,sh600018,上港集团,6.02,0.6689
2024-07-04,sh600018,上港集团,6.0,-0.3322
2024-07-05,sh600018,上港集团,5.93,-1.1667
2024-07-08,sh600018,上港集团,5.93,0.0
2024-07-09,sh600018,上港集团,6.16,3.8786
2024-07-10,sh600018,上港集团,6.0,-2.5974
2024-07-11,sh600018,上港集团,6.0,0.0
2024-07-12,sh600018,上港集团,6.0,0.0
2024-07-15,sh600018,上港集团,6.05,0.8333
2024-07-16,sh600018,上港集团,5.99,-0.9917
2024-07-17,sh600018,上港集团,6.01,0.3339
2024-07-18,sh600018,上港集团,6.09,1.3311
2024-07-19,sh600018,上港集团,6.1,0.1642
2024-07-22,sh600018,上港集团,6.03,-1.1475
2024-07-23,sh600018,上港集团,6.09,0.995
2024-07-24,sh600018,上港集团,6.21,1.9704
2024-07-25,sh600018,上港集团,6.23,0.3221
2024-07-26,sh600018,上港集团,6.14,-1.4446
2024-07-29,sh600018,上港集团,6.17,0.4886
2024-07-30,sh600018,上港集团,6.15,-0.3241
2024-07-31,sh600018,上港集团,6.04,-1.7886
2024-08-01,sh600018,上港集团,6.2,2.649
2024-08-02,sh600018,上港集团,6.17,-0.4839
2024-08-05,sh600018,上港集团,6.1,-1.1345
2024-08-06,sh600018,上港集团,6.03,-1.1475
2024-08-07,sh600018,上港集团,6.04,0.1658
2024-08-08,sh600018,上港集团,6.06,0.3311
2024-08-09,sh600018,上港集团,6.02,-0.6601
2024-08-12,sh600018,上港集团,6.02,0.0
2024-08-13,sh600018,上港集团,6.04,0.3322
2024-08-14,sh600018,上港集团,6.06,0.3311
2024-08-15,sh600018,上港集团,6.21,2.4752
2024-08-16,sh600018,上港集团,6.27,0.9662
2024-08-19,sh600018,上港集团,6.37,1.5949
2024-08-20,sh600018,上港集团,6.32,-0.7849
2024-08-21,sh600018,上港集团,6.32,0.0
2024-08-22,sh600018,上港集团,6.37,0.7911
2024-08-23,sh600018,上港集团,6.35,-0.314
2024-08-26,sh600018,上港集团,6.3,-0.7874
2024-08-27,sh600018,上港集团,6.25,-0.7937
2024-08-28,sh600018,上港集团,6.26,0.16
2024-08-29,sh600018,上港集团,6.11,-2.3962
2024-08-30,sh600018,上港集团,5.92,-3.1097
2024-09-02,sh600018,上港集团,6.15,3.8851
2024-09-03,sh600018,上港集团,6.21,0.9756
2024-09-04,sh600018,上港集团,6.23,0.3221
2024-09-05,sh600018,上港集团,6.16,-1.1236
2024-09-06,sh600018,上港集团,6.14,-0.3247
2024-09-09,sh600018,上港集团,6.04,-1.6287
2024-09-10,sh600018,上港集团,5.95,-1.4901
2024-09-11,sh600018,上港集团,5.7,-4.2017
2024-09-12,sh600018,上港集团,5.72,0.3509
2024-09-13,sh600018,上港集团,5.68,-0.6993
2024-09-18,sh600018,上港集团,5.75,1.2324
2024-09-19,sh600018,上港集团,5.64,-1.913
2024-09-20,sh600018,上港集团,5.6,-0.7092
2024-09-23,sh600018,上港集团,5.7,1.7857
2024-09-24,sh600018,上港集团,5.92,3.8596
2024-09-25,sh600018,上港集团,5.94,0.3378
2024-09-26,sh600018,上港集团,5.98,0.6734
2024-09-27,sh600018,上港集团,6.05,1.1706
2024-09-30,sh600018,上港集团,6.5,7.438
2024-10-08,sh600018,上港集团,6.71,3.2308
2024-10-09,sh600018,上港集团,6.16,-8.1967
2024-10-10,sh600018,上港集团,6.38,3.5714
2024-10-11,sh600018,上港集团,6.27,-1.7241
2024-10-14,sh600018,上港集团,6.34,1.1164
2024-10-15,sh600018,上港集团,6.18,-2.5237
2024-10-16,sh600018,上港集团,6.23,0.8091
2024-10-17,sh600018,上港集团,6.08,-2.4077
2024-10-18,sh600018,上港集团,6.21,2.1382
2024-10-21,sh600018,上港集团,6.15,-0.9662
2024-10-22,sh600018,上港集团,6.22,1.1382
2024-10-23,sh600018,上港集团,6.29,1.1254
2024-10-24,sh600018,上港集团,6.26,-0.4769
2024-10-25,sh600018,上港集团,6.22,-0.639
2024-10-28,sh600018,上港集团,6.24,0.3215
2024-10-29,sh600018,上港集团,6.15,-1.4423
2024-10-30,sh600018,上港集团,6.12,-0.4878
2024-10-31,sh600018,上港集团,5.95,-2.7778
2024-11-01,sh600018,上港集团,6.0,0.8403
2024-11-04,sh600018,上港集团,6.02,0.3333
2024-11-05,sh600018,上港集团,6.05,0.4983
2024-11-06,sh600018,上港集团,6.05,0.0
2024-11-07,sh600018,上港集团,6.13,1.3223
2024-11-08,sh600018,上港集团,6.05,-1.3051
2024-11-11,sh600018,上港集团,6.02,-0.4959
2024-11-12,sh600018,上港集团,5.96,-0.9967
2024-11-13,sh600018,上港集团,6.01,0.8389
2024-11-14,sh600018,上港集团,5.94,-1.1647
2024-11-15,sh600018,上港集团,6.02,1.3468
2024-11-18,sh600018,上港集团,6.07,0.8306
2024-11-19,sh600018,上港集团,5.97,-1.6474
2024-11-20,sh600018,上港集团,6.0,0.5025
2024-11-21,sh600018,上港集团,5.97,-0.5
2024-11-22,sh600018,上港集团,5.82,-2.5126
2024-11-25,sh600018,上港集团,5.68,-2.4055
2024-11-26,sh600018,上港集团,5.73,0.8803
2024-11-27,sh600018,上港集团,5.78,0.8726
2024-11-28,sh600018,上港集团,5.78,0.0
2024-11-29,sh600018,上港集团,5.8,0.346
2024-12-02,sh600018,上港集团,5.82,0.3448
2024-12-03,sh600018,上港集团,5.91,1.5464
2024-12-04,sh600018,上港集团,5.9,-0.1692
2024-12-05,sh600018,上港集团,5.84,-1.0169
2024-12-06,sh600018,上港集团,5.89,0.8562
2024-12-09,sh600018,上港集团,5.9,0.1698
2024-12-10,sh600018,上港集团,5.86,-0.678
2024-12-11,sh600018,上港集团,5.98,2.0478
2024-12-12,sh600018,上港集团,6.09,1.8395
2024-12-13,sh600018,上港集团,6.05,-0.6568
2024-12-16,sh600018,上港集团,6.08,0.4959
2024-12-17,sh600018,上港集团,6.04,-0.6579
2024-12-18,sh600018,上港集团,6.0,-0.6623
2024-12-19,sh600018,上港集团,5.94,-1.0
2024-12-20,sh600018,上港集团,5.87,-1.1785
2024-12-23,sh600018,上港集团,5.99,2.0443
2024-12-24,sh600018,上港集团,6.09,1.6694
2024-12-25,sh600018,上港集团,6.09,0.0
2024-12-26,sh600018,上港集团,5.98,-1.8062
2024-12-27,sh600018,上港集团,6.05,1.1706
2024-12-30,sh600018,上港集团,6.1,0.8264
2024-12-31,sh600018,上港集团,6.12,0.3279
2025-01-02,sh600018,上港集团,5.98,-2.2876
2025-01-03,sh600018,上港集团,5.98,0.0
2025-01-06,sh600018,上港集团,5.94,-0.6689
2025-01-07,sh600018,上港集团,5.84,-1.6835
2025-01-08,sh600018,上港集团,5.91,1.1986
2025-01-09,sh600018,上港集团,5.79,-2.0305
2025-01-10,sh600018,上港集团,5.72,-1.209
2025-01-13,sh600018,上港集团,5.59,-2.2727
2025-01-14,sh600018,上港集团,5.71,2.1467
2025-01-15,sh600018,上港集团,5.7,-0.1751
2025-01-16,sh600018,上港集团,5.71,0.1754
2025-01-17,sh600018,上港集团,5.73,0.3503
2025-01-20,sh600018,上港集团,5.74,0.1745
2025-01-21,sh600018,上港集团,5.7,-0.6969
2025-01-22,sh600018,上港集团,5.68,-0.3509
2025-01-23,sh600018,上港集团,5.76,1.4085
2025-01-24,sh600018,上港集团,5.76,0.0
2025-01-27,sh600018,上港集团,5.92,2.7778
2025-02-05,sh600018,上港集团,5.68,-4.0541
2025-02-06,sh600018,上港集团,5.72,0.7042
2025-02-07,sh600018,上港集团,5.74,0.3497
2025-02-10,sh600018,上港集团,5.76,0.3484
2025-02-11,sh600018,上港集团,5.76,0.0
2025-02-12,sh600018,上港集团,5.74,-0.3472
2025-02-13,sh600018,上港集团,5.76,0.3484
2025-02-14,sh600018,上港集团,5.77,0.1736
2025-02-17,sh600018,上港集团,5.77,0.0
2025-02-18,sh600018,上港集团,5.73,-0.6932
2025-02-19,sh600018,上港集团,5.71,-0.349
2025-02-20,sh600018,上港集团,5.65,-1.0508
2025-02-21,sh600018,上港集团,5.67,0.354
2025-02-24,sh600018,上港集团,5.65,-0.3527
2025-02-25,sh600018,上港集团,5.53,-2.1239
2025-02-26,sh600018,上港集团,5.55,0.3617
2025-02-27,sh600018,上港集团,5.59,0.7207
2025-02-28,sh600018,上港集团,5.56,-0.5367
2025-03-03,sh600018,上港集团,5.54,-0.3597
2025-03-04,sh600018,上港集团,5.54,0.0
2025-03-05,sh600018,上港集团,5.54,0.0
2025-03-06,sh600018,上港集团,5.56,0.361
2025-03-07,sh600018,上港集团,5.56,0.0
2025-03-10,sh600018,上港集团,5.54,-0.3597
2025-03-11,sh600018,上港集团,5.44,-1.8051
2025-03-12,sh600018,上港集团,5.44,0.0
2025-03-13,sh600018,上港集团,5.44,0.0
2025-03-14,sh600018,上港集团,5.52,1.4706
2025-03-17,sh600018,上港集团,5.56,0.7246
2025-03-18,sh600018,上港集团,5.63,1.259
2025-03-19,sh600018,上港集团,5.6,-0.5329
2025-03-20,sh600018,上港集团,5.6,0.0
2025-03-21,sh600018,上港集团,5.63,0.5357
2025-03-24,sh600018,上港集团,5.64,0.1776
2025-03-25,sh600018,上港集团,5.74,1.773
2025-03-26,sh600018,上港集团,5.78,0.6969
2025-03-27,sh600018,上港集团,5.78,0.0
2025-03-28,sh600018,上港集团,5.77,-0.173
2025-03-31,sh600018,上港集团,5.8,0.5199
2025-04-01,sh600018,上港集团,5.76,-0.6897
2025-04-02,sh600018,上港集团,5.68,-1.3889
2025-04-03,sh600018,上港集团,5.76,1.4085
2025-04-07,sh600018,上港集团,5.45,-5.3819
2025-04-08,sh600018,上港集团,5.6,2.7523
2025-04-09,sh600018,上港集团,5.7,1.7857
2025-04-10,sh600018,上港集团,5.57,-2.2807
2025-04-11,sh600018,上港集团,5.54,-0.5386
2025-04-14,sh600018,上港集团,5.52,-0.361
2025-04-15,sh600018,上港集团,5.5,-0.3623
2025-04-16,sh600018,上港集团,5.55,0.9091
2025-04-17,sh600018,上港集团,5.55,0.0
2025-04-18,sh600018,上港集团,5.52,-0.5405
2025-04-21,sh600018,上港集团,5.49,-0.5435
2025-04-22,sh600018,上港集团,5.52,0.5464
2025-04-23,sh600018,上港集团,5.49,-0.5435
2025-04-24,sh600018,上港集团,5.48,-0.1821
2025-04-25,sh600018,上港集团,5.5,0.365
2025-04-28,sh600018,上港集团,5.55,0.9091
2025-04-29,sh600018,上港集团,5.48,-1.2613
2025-04-30,sh600018,上港集团,5.44,-0.7299
2025-05-06,sh600018,上港集团,5.47,0.5515
2025-05-07,sh600018,上港集团,5.58,2.011
2025-05-08,sh600018,上港集团,5.55,-0.5376
2025-05-09,sh600018,上港集团,5.63,1.4414
2025-05-12,sh600018,上港集团,5.67,0.7105
2025-05-13,sh600018,上港集团,5.71,0.7055
2025-05-14,sh600018,上港集团,5.82,1.9264
2025-05-15,sh600018,上港集团,5.81,-0.1718
2025-05-16,sh600018,上港集团,5.78,-0.5164
2025-05-19,sh600018,上港集团,5.88,1.7301
2025-05-20,sh600018,上港集团,5.79,-1.5306
2025-05-21,sh600018,上港集团,5.78,-0.1727
2025-05-22,sh600018,上港集团,5.83,0.8651
2025-05-23,sh600018,上港集团,5.75,-1.3722
2025-05-26,sh600018,上港集团,5.74,-0.1739
2025-05-27,sh600018,上港集团,5.75,0.1742
2025-05-28,sh600018,上港集团,5.76,0.1739
2025-05-29,sh600018,上港集团,5.78,0.3472
2025-05-30,sh600018,上港集团,5.84,1.0381
2025-06-03,sh600018,上港集团,5.83,-0.1712
2025-06-04,sh600018,上港集团,5.76,-1.2007
2025-06-05,sh600018,上港集团,5.76,0.0
2025-06-06,sh600018,上港集团,5.78,0.3472
2025-06-09,sh600018,上港集团,5.77,-0.173
2025-06-10,sh600018,上港集团,5.77,0.0
2025-06-11,sh600018,上港集团,5.8,0.5199
2025-06-12,sh600018,上港集团,5.76,-0.6897
2025-06-13,sh600018,上港集团,5.81,0.8681
2025-06-16,sh600018,上港集团,5.78,-0.5164
2025-06-17,sh600018,上港集团,5.8,0.346
2025-06-18,sh600018,上港集团,5.82,0.3448
2025-06-19,sh600018,上港集团,5.76,-1.0309
2025-06-20,sh600018,上港集团,5.84,1.3889
2025-06-23,sh600018,上港集团,5.9,1.0274
2025-06-24,sh600018,上港集团,5.84,-1.0169
2025-06-25,sh600018,上港集团,5.86,0.3425
2025-06-26,sh600018,上港集团,5.82,-0.6826
2025-06-27,sh600018,上港集团,5.75,-1.2027
2025-06-30,sh600018,上港集团,5.71,-0.6957
2025-07-01,sh600018,上港集团,5.74,0.5254
2025-07-02,sh600018,上港集团,5.82,1.3937
2025-07-03,sh600018,上港集团,5.78,-0.6873
2025-07-04,sh600018,上港集团,5.87,1.5571
2025-07-07,sh600018,上港集团,5.84,-0.5111
2025-07-08,sh600018,上港集团,5.78,-1.0274
2025-07-09,sh600018,上港集团,5.76,-0.346
2025-07-10,sh600018,上港集团,5.8,0.6944
2025-07-11,sh600018,上港集团,5.78,-0.3448
2025-07-14,sh600018,上港集团,5.81,0.519
2025-07-15,sh600018,上港集团,5.74,-1.2048
2025-07-16,sh600018,上港集团,5.74,0.0
2025-07-17,sh600018,上港集团,5.59,-2.6132
2025-07-18,sh600018,上港集团,5.63,0.7156
2025-07-21,sh600018,上港集团,5.71,1.421
2025-07-22,sh600018,上港集团,5.77,1.0508
2025-07-23,sh600018,上港集团,5.77,0.0
2025-07-24,sh600018,上港集团,5.79,0.3466
2025-07-25,sh600018,上港集团,5.72,-1.209
2025-07-28,sh600018,上港集团,5.7,-0.3497
2025-07-29,sh600018,上港集团,5.69,-0.1754
2025-07-30,sh600018,上港集团,5.74,0.8787
2025-07-31,sh600018,上港集团,5.63,-1.9164
2025-08-01,sh600018,上港集团,5.63,0.0
2025-08-04,sh600018,上港集团,5.66,0.5329
2025-08-05,sh600018,上港集团,5.7,0.7067
2025-08-06,sh600018,上港集团,5.7,0.0
2025-08-07,sh600018,上港集团,5.75,0.8772
2025-08-08,sh600018,上港集团,5.75,0.0
2025-08-11,sh600018,上港集团,5.75,0.0
2025-08-12,sh600018,上港集团,5.77,0.3478
2025-08-13,sh600018,上港集团,5.76,-0.1733
2025-08-14,sh600018,上港集团,5.71,-0.8681
2025-08-15,sh600018,上港集团,5.72,0.1751
2025-08-18,sh600018,上港集团,5.72,0.0
2025-08-19,sh600018,上港集团,5.69,-0.5245
2025-08-20,sh600018,上港集团,5.74,0.8787
2025-08-21,sh600018,上港集团,5.81,1.2195
2025-08-22,sh600018,上港集团,5.79,-0.3442
2025-08-25,sh600018,上港集团,5.87,1.3817
2025-08-26,sh600018,上港集团,5.87,0.0
2025-08-27,sh600018,上港集团,5.76,-1.8739
2025-08-28,sh600018,上港集团,5.75,-0.1736
2025-08-29,sh600018,上港集团,5.64,-1.913
2025-09-01,sh600018,上港集团,5.59,-0.8865
2025-09-02,sh600018,上港集团,5.61,0.3578
2025-09-03,sh600018,上港集团,5.56,-0.8913
2025-09-04,sh600018,上港集团,5.56,0.0
2025-09-05,sh600018,上港集团,5.53,-0.5396
2025-09-08,sh600018,上港集团,5.59,1.085
2025-09-09,sh600018,上港集团,5.57,-0.3578
2025-09-10,sh600018,上港集团,5.56,-0.1795
2025-09-11,sh600018,上港集团,5.59,0.5396
2025-09-12,sh600018,上港集团,5.58,-0.1789
2025-09-15,sh600018,上港集团,5.59,0.1792
2025-09-16,sh600018,上港集团,5.61,0.3578
2025-09-17,sh600018,上港集团,5.67,1.0695
2025-09-18,sh600018,上港集团,5.56,-1.94
2025-09-19,sh600018,上港集团,5.56,0.0
2025-09-22,sh600018,上港集团,5.53,-0.5396
2025-09-23,sh600018,上港集团,5.56,0.5425
2025-09-24,sh600018,上港集团,5.54,-0.3597
2025-09-25,sh600018,上港集团,5.51,-0.5415
2025-09-26,sh600018,上港集团,5.48,-0.5445
2025-09-29,sh600018,上港集团,5.47,-0.1825
2025-09-30,sh600018,上港集团,5.45,-0.3656
2025-10-09,sh600018,上港集团,5.53,1.4679
2025-10-10,sh600018,上港集团,5.55,0.3617
2025-10-13,sh600018,上港集团,5.52,-0.5405
2025-10-14,sh600018,上港集团,5.58,1.087
2025-10-15,sh600018,上港集团,5.57,-0.1792
2025-10-16,sh600018,上港集团,5.59,0.3591
2025-10-17,sh600018,上港集团,5.57,-0.3578
2025-10-20,sh600018,上港集团,5.55,-0.3591
2025-10-21,sh600018,上港集团,5.57,0.3604
2025-10-22,sh600018,上港集团,5.6,0.5386
2025-10-23,sh600018,上港集团,5.67,1.25
2025-10-24,sh600018,上港集团,5.62,-0.8818
2025-10-27,sh600018,上港集团,5.67,0.8897
2025-10-28,sh600018,上港集团,5.67,0.0
2025-10-29,sh600018,上港集团,5.65,-0.3527
2025-10-30,sh600018,上港集团,5.67,0.354
2025-10-31,sh600018,上港集团,5.58,-1.5873
2025-11-03,sh600018,上港集团,5.6,0.3584
2025-11-04,sh600018,上港集团,5.59,-0.1786
2025-11-05,sh600018,上港集团,5.6,0.1789
2025-11-06,sh600018,上港集团,5.61,0.1786
2025-11-07,sh600018,上港集团,5.62,0.1783
2025-11-10,sh600018,上港集团,5.72,1.7794
2025-11-11,sh600018,上港集团,5.69,-0.5245
2025-11-12,sh600018,上港集团,5.7,0.1757
2025-11-13,sh600018,上港集团,5.67,-0.5263
2025-11-14,sh600018,上港集团,5.69,0.3527
2025-11-17,sh600018,上港集团,5.64,-0.8787
2025-11-18,sh600018,上港集团,5.59,-0.8865
2025-11-19,sh600018,上港集团,5.58,-0.1789
2025-11-20,sh600018,上港集团,5.6,0.3584
2025-11-21,sh600018,上港集团,5.52,-1.4286
2025-11-24,sh600018,上港集团,5.5,-0.3623
2025-11-25,sh600018,上港集团,5.48,-0.3636
2025-11-26,sh600018,上港集团,5.47,-0.1825
2025-11-27,sh600018,上港集团,5.47,0.0
2025-11-28,sh600018,上港集团,5.47,0.0
2025-12-01,sh600018,上港集团,5.54,1.2797
2025-12-02,sh600018,上港集团,5.58,0.722
2025-12-03,sh600018,上港集团,5.65,1.2545
2025-12-04,sh600018,上港集团,5.69,0.708
2025-12-05,sh600018,上港集团,5.65,-0.703
2025-12-08,sh600018,上港集团,5.61,-0.708
2025-12-09,sh600018,上港集团,5.56,-0.8913
2025-12-10,sh600018,上港集团,5.57,0.1799
2025-12-11,sh600018,上港集团,5.55,-0.3591
2025-12-12,sh600018,上港集团,5.51,-0.7207
2025-12-15,sh600018,上港集团,5.54,0.5445
2025-12-16,sh600018,上港集团,5.51,-0.5415
2025-12-17,sh600018,上港集团,5.51,0.0
2025-12-18,sh600018,上港集团,5.58,1.2704
2025-12-19,sh600018,上港集团,5.57,-0.1792
2025-12-22,sh600018,上港集团,5.57,0.0
2025-12-23,sh600018,上港集团,5.57,0.0
2025-12-24,sh600018,上港集团,5.54,-0.5386
2025-12-25,sh600018,上港集团,5.55,0.1805
2025-12-26,sh600018,上港集团,5.52,-0.5405
2025-12-29,sh600018,上港集团,5.48,-0.7246
2025-12-30,sh600018,上港集团,5.4,-1.4599
2025-12-31,sh600018,上港集团,5.42,0.3704
2026-01-05,sh600018,上港集团,5.43,0.1845
2026-01-06,sh600018,上港集团,5.48,0.9208
2026-01-07,sh600018,上港集团,5.45,-0.5474
2026-01-08,sh600018,上港集团,5.46,0.1835
2026-01-09,sh600018,上港集团,5.47,0.1832
2026-01-12,sh600018,上港集团,5.5,0.5484
2026-01-13,sh600018,上港集团,5.44,-1.0909
2026-01-14,sh600018,上港集团,5.27,-3.125
2026-01-15,sh600018,上港集团,5.24,-0.5693
2026-01-16,sh600018,上港集团,5.15,-1.7176
2026-01-19,sh600018,上港集团,5.19,0.7767
2026-01-20,sh600018,上港集团,5.25,1.1561
2026-01-21,sh600018,上港集团,5.19,-1.1429
2026-01-22,sh600018,上港集团,5.13,-1.1561
2026-01-23,sh600018,上港集团,5.07,-1.1696
2026-01-26,sh600018,上港集团,5.01,-1.1834
2026-01-27,sh600018,上港集团,5.01,0.0
2026-01-28,sh600018,上港集团,4.95,-1.1976
2026-01-29,sh600018,上港集团,4.98,0.6061
2026-01-30,sh600018,上港集团,4.99,0.2008
2026-02-02,sh600018,上港集团,4.94,-1.002
2026-02-03,sh600018,上港集团,4.96,0.4049
2026-02-04,sh600018,上港集团,5.06,2.0161
2026-02-05,sh600018,上港集团,5.05,-0.1976
2026-02-06,sh600018,上港集团,5.04,-0.198
2026-02-09,sh600018,上港集团,5.05,0.1984
2026-02-10,sh600018,上港集团,5.07,0.396
2026-02-11,sh600018,上港集团,5.09,0.3945
2026-02-12,sh600018,上港集团,5.05,-0.7859
2026-02-13,sh600018,上港集团,5.01,-0.7921
2026-02-24,sh600018,上港集团,5.08,1.3972
2026-02-25,sh600018,上港集团,5.06,-0.3937
2026-02-26,sh600018,上港集团,5.07,0.1976
2026-02-27,sh600018,上港集团,5.09,0.3945
2026-03-02,sh600018,上港集团,5.13,0.7859
2026-03-03,sh600018,上港集团,5.19,1.1696
2026-03-04,sh600018,上港集团,5.05,-2.6975
2026-03-05,sh600018,上港集团,5.09,0.7921
2026-03-06,sh600018,上港集团,5.13,0.7859
2026-03-09,sh600018,上港集团,5.09,-0.7797
2026-03-10,sh600018,上港集团,5.11,0.3929
2026-03-11,sh600018,上港集团,5.15,0.7828
2026-03-12,sh600018,上港集团,5.21,1.165
2026-03-13,sh600018,上港集团,5.18,-0.5758
2026-03-16,sh600018,上港集团,5.2,0.3861
2026-03-17,sh600018,上港集团,5.19,-0.1923
2026-03-18,sh600018,上港集团,5.17,-0.3854
2026-03-19,sh600018,上港集团,5.16,-0.1934
2026-03-20,sh600018,上港集团,5.11,-0.969
2026-03-23,sh600018,上港集团,4.95,-3.1311
2026-03-24,sh600018,上港集团,5.08,2.6263
2026-03-25,sh600018,上港集团,5.15,1.378
2026-03-26,sh600018,上港集团,5.12,-0.5825
2026-03-27,sh600018,上港集团,5.06,-1.1719
2026-03-30,sh600018,上港集团,5.09,0.5929
2026-03-31,sh600018,上港集团,5.09,0.0
2026-04-01,sh600018,上港集团,5.04,-0.9823
2026-04-02,sh600018,上港集团,5.08,0.7937
2026-04-03,sh600018,上港集团,5.02,-1.1811
2026-04-07,sh600018,上港集团,4.99,-0.5976
2026-04-08,sh600018,上港集团,5.06,1.4028
2026-04-09,sh600018,上港集团,5.01,-0.9881
2026-04-10,sh600018,上港集团,5.0,-0.1996
2026-04-13,sh600018,上港集团,4.99,-0.2
2026-04-14,sh600018,上港集团,5.0,0.2004
2026-04-15,sh600018,上港集团,4.99,-0.2
2026-04-16,sh600018,上港集团,4.98,-0.2004
2026-04-17,sh600018,上港集团,4.93,-1.004
2026-04-20,sh600018,上港集团,4.89,-0.8114
2026-04-21,sh600018,上港集团,4.93,0.818
2026-04-22,sh600018,上港集团,4.9,-0.6085
2026-04-23,sh600018,上港集团,4.92,0.4082
2026-04-24,sh600018,上港集团,4.9,-0.4065
2026-04-27,sh600018,上港集团,4.87,-0.6122
2026-04-28,sh600018,上港集团,4.9,0.616
2026-04-29,sh600018,上港集团,4.93,0.6122
2026-04-30,sh600018,上港集团,5.0,1.4199
2026-05-06,sh600018,上港集团,5.06,1.2
2026-05-07,sh600018,上港集团,5.06,0.0
2026-05-08,sh600018,上港集团,5.11,0.9881
2026-05-11,sh600018,上港集团,5.11,0.0
2026-05-12,sh600018,上港集团,5.14,0.5871
2026-05-13,sh600018,上港集团,5.12,-0.3891
2026-05-14,sh600018,上港集团,5.11,-0.1953
2026-05-15,sh600018,上港集团,5.1,-0.1957
2026-05-18,sh600018,上港集团,5.06,-0.7843
2026-05-19,sh600018,上港集团,5.15,1.7787
2026-05-20,sh600018,上港集团,5.11,-0.7767
2026-05-21,sh600018,上港集团,5.09,-0.3914
2026-05-22,sh600018,上港集团,5.11,0.3929
2026-05-25,sh600018,上港集团,5.08,-0.5871
2026-05-26,sh600018,上港集团,5.08,0.0
2026-05-27,sh600018,上港集团,5.04,-0.7874
2026-05-28,sh600018,上港集团,5.02,-0.3968
2026-05-29,sh600018,上港集团,5.13,2.1912
2026-06-01,sh600018,上港集团,5.14,0.1949
2026-06-02,sh600018,上港集团,5.14,0.0
2026-06-03,sh600018,上港集团,5.07,-1.3619
2026-06-04,sh600018,上港集团,5.0,-1.3807
2026-06-05,sh600018,上港集团,5.04,0.8
2026-06-08,sh600018,上港集团,4.93,-2.1825
2026-06-09,sh600018,上港集团,4.95,0.4057
2026-06-10,sh600018,上港集团,5.0,1.0101
2026-06-11,sh600018,上港集团,4.97,-0.6
2026-06-12,sh600018,上港集团,5.04,1.4085
2026-06-15,sh600018,上港集团,5.05,0.1984
2026-06-16,sh600018,上港集团,4.95,-1.9802
2026-06-17,sh600018,上港集团,4.97,0.404
2026-06-18,sh600018,上港集团,4.89,-1.6097
2026-06-22,sh600018,上港集团,4.9,0.2045
2026-06-23,sh600018,上港集团,4.94,0.8163
2026-06-24,sh600018,上港集团,4.85,-1.8219
2026-06-25,sh600018,上港集团,4.83,-0.4124
2026-06-26,sh600018,上港集团,4.76,-1.4493
2026-06-29,sh600018,上港集团,4.83,1.4706
2026-06-30,sh600018,上港集团,4.72,-2.2774
2026-07-01,sh600018,上港集团,4.81,1.9068
2026-07-02,sh600018,上港集团,4.83,0.4158
2026-07-03,sh600018,上港集团,4.86,0.6211
2026-07-06,sh600018,上港集团,4.99,2.6749
2026-07-07,sh600018,上港集团,5.01,0.4008
2026-07-08,sh600018,上港集团,5.07,1.1976
2026-07-09,sh600018,上港集团,5.07,0.0
2026-07-10,sh600018,上港集团,5.06,-0.1972
2026-07-13,sh600018,上港集团,5.1,0.7905
2026-07-14,sh600018,上港集团,5.19,1.7647
2026-07-15,sh600018,上港集团,5.24,0.9634
2026-07-16,sh600018,上港集团,5.17,-1.3359
2026-07-17,sh600018,上港集团,5.17,0.0
2026-07-20,sh600018,上港集团,5.22,0.9671
2026-07-21,sh600018,上港集团,5.22,0.0
2026-07-22,sh600018,上港集团,5.25,0.5747
2026-07-23,sh600018,上港集团,5.18,-1.3333
2026-07-24,sh600018,上港集团,5.14,-0.7722
2026-07-27,sh600018,上港集团,5.14,0.0
2026-07-28,sh600018,上港集团,5.16,0.3891
2026-07-29,sh600018,上港集团,5.17,0.1938
2026-07-30,sh600018,上港集团,5.27,1.9342
2026-07-31,sh600018,上港集团,5.29,0.3795
2026-08-03,sh600018,上港集团,5.29,0.0
2026-08-04,sh600018,上港集团,5.19,-1.8904
2026-08-05,sh600018,上港集团,5.17,-0.3854
2026-08-06,sh600018,上港集团,5.2,0.5803
2026-08-07,sh600018,上港集团,5.16,-0.7692
2026-08-10,sh600018,上港集团,5.16,0.0
2026-08-11,sh600018,上港集团,5.15,-0.1938
2026-08-12,sh600018,上港集团,5.12,-0.5825
2026-08-13,sh600018,上港集团,5.1,-0.3906
2026-08-14,sh600018,上港集团,5.07,-0.5882
2026-08-17,sh600018,上港集团,5.09,0.3945
2026-08-18,sh600018,上港集团,5.11,0.3929
2026-08-19,sh600018,上港集团,5.17,1.1742
2016-01-04,sh600026,中远海能,8.32,
2016-01-05,sh600026,中远海能,8.59,3.2452
2016-01-06,sh600026,中远海能,8.65,0.6985
2016-01-07,sh600026,中远海能,7.8,-9.8266
2016-01-08,sh600026,中远海能,8.05,3.2051
2016-01-11,sh600026,中远海能,7.75,-3.7267
2016-01-12,sh600026,中远海能,7.85,1.2903
2016-01-13,sh600026,中远海能,7.49,-4.586
2016-01-14,sh600026,中远海能,7.54,0.6676
2016-01-15,sh600026,中远海能,6.87,-8.8859
2016-01-18,sh600026,中远海能,7.17,4.3668
2016-01-19,sh600026,中远海能,7.3,1.8131
2016-01-20,sh600026,中远海能,7.22,-1.0959
2016-01-21,sh600026,中远海能,6.82,-5.5402
2016-01-22,sh600026,中远海能,6.94,1.7595
2016-01-25,sh600026,中远海能,6.98,0.5764
2016-01-26,sh600026,中远海能,6.3,-9.7421
2016-01-27,sh600026,中远海能,6.12,-2.8571
2016-01-28,sh600026,中远海能,5.73,-6.3725
2016-01-29,sh600026,中远海能,6.1,6.4572
2016-02-01,sh600026,中远海能,5.94,-2.623
2016-02-02,sh600026,中远海能,6.16,3.7037
2016-02-03,sh600026,中远海能,6.1,-0.974
2016-02-04,sh600026,中远海能,6.22,1.9672
2016-02-05,sh600026,中远海能,6.09,-2.09
2016-02-15,sh600026,中远海能,5.96,-2.1346
2016-02-16,sh600026,中远海能,6.56,10.0671
2016-02-17,sh600026,中远海能,6.63,1.0671
2016-02-18,sh600026,中远海能,6.71,1.2066
2016-02-19,sh600026,中远海能,6.63,-1.1923
2016-02-22,sh600026,中远海能,6.73,1.5083
2016-02-23,sh600026,中远海能,6.74,0.1486
2016-02-24,sh600026,中远海能,6.99,3.7092
2016-02-25,sh600026,中远海能,6.29,-10.0143
2016-02-26,sh600026,中远海能,6.45,2.5437
2016-02-29,sh600026,中远海能,5.99,-7.1318
2016-03-01,sh600026,中远海能,6.05,1.0017
2016-03-02,sh600026,中远海能,6.44,6.4463
2016-03-03,sh600026,中远海能,6.69,3.882
2016-03-04,sh600026,中远海能,6.56,-1.9432
2016-03-07,sh600026,中远海能,6.82,3.9634
2016-03-08,sh600026,中远海能,7.33,7.478
2016-03-09,sh600026,中远海能,6.81,-7.0941
2016-03-10,sh600026,中远海能,6.66,-2.2026
2016-03-11,sh600026,中远海能,6.52,-2.1021
2016-03-14,sh600026,中远海能,6.75,3.5276
2016-03-15,sh600026,中远海能,6.62,-1.9259
2016-03-16,sh600026,中远海能,6.51,-1.6616
2016-03-17,sh600026,中远海能,6.71,3.0722
2016-03-18,sh600026,中远海能,6.92,3.1297
2016-03-21,sh600026,中远海能,7.08,2.3121
2016-03-22,sh600026,中远海能,7.01,-0.9887
2016-03-23,sh600026,中远海能,6.99,-0.2853
2016-03-24,sh600026,中远海能,6.76,-3.2904
2016-03-25,sh600026,中远海能,6.79,0.4438
2016-03-28,sh600026,中远海能,6.67,-1.7673
2016-03-29,sh600026,中远海能,6.42,-3.7481
2016-03-30,sh600026,中远海能,6.59,2.648
2016-03-31,sh600026,中远海能,6.64,0.7587
2016-04-01,sh600026,中远海能,6.66,0.3012
2016-04-05,sh600026,中远海能,6.99,4.955
2016-04-06,sh600026,中远海能,6.88,-1.5737
2016-04-07,sh600026,中远海能,6.83,-0.7267
2016-04-08,sh600026,中远海能,6.71,-1.757
2016-04-11,sh600026,中远海能,6.88,2.5335
2016-04-12,sh600026,中远海能,7.07,2.7616
2016-04-13,sh600026,中远海能,7.24,2.4045
2016-04-14,sh600026,中远海能,7.22,-0.2762
2016-04-15,sh600026,中远海能,7.27,0.6925
2016-04-18,sh600026,中远海能,7.13,-1.9257
2016-04-19,sh600026,中远海能,7.1,-0.4208
2016-04-20,sh600026,中远海能,6.74,-5.0704
2016-04-21,sh600026,中远海能,6.68,-0.8902
2016-04-22,sh600026,中远海能,6.61,-1.0479
2016-04-25,sh600026,中远海能,6.47,-2.118
2016-04-26,sh600026,中远海能,6.56,1.391
2016-04-27,sh600026,中远海能,6.48,-1.2195
2016-04-28,sh600026,中远海能,6.4,-1.2346
2016-04-29,sh600026,中远海能,6.41,0.1562
2016-05-03,sh600026,中远海能,6.56,2.3401
2016-05-04,sh600026,中远海能,6.65,1.372
2016-05-05,sh600026,中远海能,6.64,-0.1504
2016-05-06,sh600026,中远海能,6.31,-4.9699
2016-05-09,sh600026,中远海能,6.05,-4.1204
2016-05-10,sh600026,中远海能,6.31,4.2975
2016-05-11,sh600026,中远海能,6.2,-1.7433
2016-05-12,sh600026,中远海能,6.14,-0.9677
2016-05-13,sh600026,中远海能,6.13,-0.1629
2016-05-16,sh600026,中远海能,6.17,0.6525
2016-05-17,sh600026,中远海能,6.15,-0.3241
2016-05-18,sh600026,中远海能,6.1,-0.813
2016-05-19,sh600026,中远海能,6.1,0.0
2016-05-20,sh600026,中远海能,6.14,0.6557
2016-05-23,sh600026,中远海能,6.21,1.1401
2016-05-24,sh600026,中远海能,6.1,-1.7713
2016-05-25,sh600026,中远海能,6.07,-0.4918
2016-05-26,sh600026,中远海能,6.06,-0.1647
2016-05-27,sh600026,中远海能,6.07,0.165
2016-05-30,sh600026,中远海能,6.0,-1.1532
2016-05-31,sh600026,中远海能,6.24,4.0
2016-06-01,sh600026,中远海能,6.24,0.0
2016-06-02,sh600026,中远海能,6.22,-0.3205
2016-06-03,sh600026,中远海能,6.25,0.4823
2016-06-06,sh600026,中远海能,6.26,0.16
2016-06-07,sh600026,中远海能,6.27,0.1597
2016-06-08,sh600026,中远海能,6.31,0.638
2016-06-13,sh600026,中远海能,6.08,-3.645
2016-06-14,sh600026,中远海能,6.01,-1.1513
2016-06-15,sh600026,中远海能,6.06,0.8319
2016-06-16,sh600026,中远海能,5.94,-1.9802
2016-06-17,sh600026,中远海能,5.96,0.3367
2016-06-20,sh600026,中远海能,5.9,-1.0067
2016-06-21,sh600026,中远海能,5.86,-0.678
2016-06-22,sh600026,中远海能,5.91,0.8532
2016-06-23,sh600026,中远海能,5.86,-0.846
2016-06-24,sh600026,中远海能,5.77,-1.5358
2016-06-27,sh600026,中远海能,5.86,1.5598
2016-06-28,sh600026,中远海能,5.9,0.6826
2016-06-29,sh600026,中远海能,5.93,0.5085
2016-06-30,sh600026,中远海能,5.9,-0.5059
2016-07-01,sh600026,中远海能,5.9,0.0
2016-07-04,sh600026,中远海能,6.06,2.7119
2016-07-05,sh600026,中远海能,6.2,2.3102
2016-07-06,sh600026,中远海能,6.16,-0.6452
2016-07-07,sh600026,中远海能,6.17,0.1623
2016-07-08,sh600026,中远海能,6.12,-0.8104
2016-07-11,sh600026,中远海能,6.11,-0.1634
2016-07-12,sh600026,中远海能,6.32,3.437
2016-07-13,sh600026,中远海能,6.38,0.9494
2016-07-14,sh600026,中远海能,6.39,0.1567
2016-07-15,sh600026,中远海能,6.4,0.1565
2016-07-18,sh600026,中远海能,6.35,-0.7813
2016-07-19,sh600026,中远海能,6.36,0.1575
2016-07-20,sh600026,中远海能,6.28,-1.2579
2016-07-21,sh600026,中远海能,6.29,0.1592
2016-07-22,sh600026,中远海能,6.23,-0.9539
2016-07-25,sh600026,中远海能,6.17,-0.9631
2016-07-26,sh600026,中远海能,6.24,1.1345
2016-07-27,sh600026,中远海能,6.06,-2.8846
2016-07-28,sh600026,中远海能,6.2,2.3102
2016-07-29,sh600026,中远海能,6.1,-1.6129
2016-08-01,sh600026,中远海能,6.24,2.2951
2016-08-02,sh600026,中远海能,6.29,0.8013
2016-08-03,sh600026,中远海能,6.37,1.2719
2016-08-04,sh600026,中远海能,6.31,-0.9419
2016-08-05,sh600026,中远海能,6.27,-0.6339
2016-08-08,sh600026,中远海能,6.45,2.8708
2016-08-09,sh600026,中远海能,6.45,0.0
2016-08-10,sh600026,中远海能,6.34,-1.7054
2016-08-11,sh600026,中远海能,6.31,-0.4732
2016-08-12,sh600026,中远海能,6.44,2.0602
2016-08-15,sh600026,中远海能,6.59,2.3292
2016-08-16,sh600026,中远海能,6.62,0.4552
2016-08-17,sh600026,中远海能,6.6,-0.3021
2016-08-18,sh600026,中远海能,6.58,-0.303
2016-08-19,sh600026,中远海能,6.77,2.8875
2016-08-22,sh600026,中远海能,6.64,-1.9202
2016-08-23,sh600026,中远海能,6.64,0.0
2016-08-24,sh600026,中远海能,6.55,-1.3554
2016-08-25,sh600026,中远海能,6.48,-1.0687
2016-08-26,sh600026,中远海能,6.44,-0.6173
2016-08-29,sh600026,中远海能,6.5,0.9317
2016-08-30,sh600026,中远海能,6.48,-0.3077
2016-08-31,sh600026,中远海能,6.5,0.3086
2016-09-01,sh600026,中远海能,6.52,0.3077
2016-09-02,sh600026,中远海能,6.52,0.0
2016-09-05,sh600026,中远海能,6.52,0.0
2016-09-06,sh600026,中远海能,6.58,0.9202
2016-09-07,sh600026,中远海能,6.62,0.6079
2016-09-08,sh600026,中远海能,6.7,1.2085
2016-09-09,sh600026,中远海能,6.72,0.2985
2016-09-12,sh600026,中远海能,6.6,-1.7857
2016-09-13,sh600026,中远海能,6.55,-0.7576
2016-09-14,sh600026,中远海能,6.46,-1.374
2016-09-19,sh600026,中远海能,6.5,0.6192
2016-09-20,sh600026,中远海能,6.46,-0.6154
2016-09-21,sh600026,中远海能,6.49,0.4644
2016-09-22,sh600026,中远海能,6.5,0.1541
2016-09-23,sh600026,中远海能,6.64,2.1538
2016-09-26,sh600026,中远海能,6.49,-2.259
2016-09-27,sh600026,中远海能,6.5,0.1541
2016-09-28,sh600026,中远海能,6.5,0.0
2016-09-29,sh600026,中远海能,6.52,0.3077
2016-09-30,sh600026,中远海能,6.5,-0.3067
2016-10-10,sh600026,中远海能,6.69,2.9231
2016-10-11,sh600026,中远海能,6.71,0.299
2016-10-12,sh600026,中远海能,6.68,-0.4471
2016-10-13,sh600026,中远海能,6.77,1.3473
2016-10-14,sh600026,中远海能,6.77,0.0
2016-10-17,sh600026,中远海能,6.72,-0.7386
2016-10-18,sh600026,中远海能,6.95,3.4226
2016-10-19,sh600026,中远海能,6.91,-0.5755
2016-10-20,sh600026,中远海能,6.85,-0.8683
2016-10-21,sh600026,中远海能,6.96,1.6058
2016-10-24,sh600026,中远海能,7.14,2.5862
2016-10-25,sh600026,中远海能,7.09,-0.7003
2016-10-26,sh600026,中远海能,7.03,-0.8463
2016-10-27,sh600026,中远海能,6.95,-1.138
2016-10-28,sh600026,中远海能,6.82,-1.8705
2016-10-31,sh600026,中远海能,6.8,-0.2933
2016-11-01,sh600026,中远海能,6.87,1.0294
2016-11-02,sh600026,中远海能,6.74,-1.8923
2016-11-03,sh600026,中远海能,6.82,1.1869
2016-11-04,sh600026,中远海能,6.78,-0.5865
2016-11-07,sh600026,中远海能,6.78,0.0
2016-11-08,sh600026,中远海能,6.8,0.295
2016-11-09,sh600026,中远海能,6.7,-1.4706
2016-11-10,sh600026,中远海能,6.94,3.5821
2016-11-11,sh600026,中远海能,7.17,3.3141
2016-11-14,sh600026,中远海能,7.28,1.5342
2016-11-15,sh600026,中远海能,7.26,-0.2747
2016-11-16,sh600026,中远海能,7.46,2.7548
2016-11-17,sh600026,中远海能,7.75,3.8874
2016-11-18,sh600026,中远海能,7.42,-4.2581
2016-11-21,sh600026,中远海能,7.48,0.8086
2016-11-22,sh600026,中远海能,7.5,0.2674
2016-11-23,sh600026,中远海能,7.33,-2.2667
2016-11-24,sh600026,中远海能,7.41,1.0914
2016-11-25,sh600026,中远海能,7.4,-0.135
2016-11-28,sh600026,中远海能,7.63,3.1081
2016-11-29,sh600026,中远海能,7.61,-0.2621
2016-11-30,sh600026,中远海能,7.39,-2.8909
2016-12-01,sh600026,中远海能,7.46,0.9472
2016-12-02,sh600026,中远海能,7.25,-2.815
2016-12-05,sh600026,中远海能,7.23,-0.2759
2016-12-06,sh600026,中远海能,7.19,-0.5533
2016-12-07,sh600026,中远海能,7.24,0.6954
2016-12-08,sh600026,中远海能,7.14,-1.3812
2016-12-09,sh600026,中远海能,7.18,0.5602
2016-12-12,sh600026,中远海能,6.98,-2.7855
2016-12-13,sh600026,中远海能,7.03,0.7163
2016-12-14,sh600026,中远海能,6.92,-1.5647
2016-12-15,sh600026,中远海能,6.91,-0.1445
2016-12-16,sh600026,中远海能,6.92,0.1447
2016-12-19,sh600026,中远海能,6.89,-0.4335
2016-12-20,sh600026,中远海能,6.87,-0.2903
2016-12-21,sh600026,中远海能,7.05,2.6201
2016-12-22,sh600026,中远海能,7.01,-0.5674
2016-12-23,sh600026,中远海能,6.9,-1.5692
2016-12-26,sh600026,中远海能,6.89,-0.1449
2016-12-27,sh600026,中远海能,6.86,-0.4354
2016-12-28,sh600026,中远海能,6.83,-0.4373
2016-12-29,sh600026,中远海能,6.81,-0.2928
2016-12-30,sh600026,中远海能,6.81,0.0
2017-01-03,sh600026,中远海能,6.89,1.1747
2017-01-04,sh600026,中远海能,6.97,1.1611
2017-01-05,sh600026,中远海能,6.98,0.1435
2017-01-06,sh600026,中远海能,7.04,0.8596
2017-01-09,sh600026,中远海能,7.05,0.142
2017-01-10,sh600026,中远海能,7.08,0.4255
2017-01-11,sh600026,中远海能,6.98,-1.4124
2017-01-12,sh600026,中远海能,6.87,-1.5759
2017-01-13,sh600026,中远海能,6.95,1.1645
2017-01-16,sh600026,中远海能,7.03,1.1511
2017-01-17,sh600026,中远海能,7.01,-0.2845
2017-01-18,sh600026,中远海能,7.13,1.7118
2017-01-19,sh600026,中远海能,7.14,0.1403
2017-01-20,sh600026,中远海能,7.16,0.2801
2017-01-23,sh600026,中远海能,7.14,-0.2793
2017-01-24,sh600026,中远海能,7.16,0.2801
2017-01-25,sh600026,中远海能,7.13,-0.419
2017-01-26,sh600026,中远海能,7.12,-0.1403
2017-02-03,sh600026,中远海能,7.07,-0.7022
2017-02-06,sh600026,中远海能,7.03,-0.5658
2017-02-07,sh600026,中远海能,7.14,1.5647
2017-02-08,sh600026,中远海能,7.17,0.4202
2017-02-09,sh600026,中远海能,7.19,0.2789
2017-02-10,sh600026,中远海能,7.26,0.9736
2017-02-13,sh600026,中远海能,7.28,0.2755
2017-02-14,sh600026,中远海能,7.33,0.6868
2017-02-15,sh600026,中远海能,7.25,-1.0914
2017-02-16,sh600026,中远海能,7.34,1.2414
2017-02-17,sh600026,中远海能,7.19,-2.0436
2017-02-20,sh600026,中远海能,7.4,2.9207
2017-02-21,sh600026,中远海能,7.38,-0.2703
2017-02-22,sh600026,中远海能,7.42,0.542
2017-02-23,sh600026,中远海能,7.31,-1.4825
2017-02-24,sh600026,中远海能,7.34,0.4104
2017-02-27,sh600026,中远海能,7.21,-1.7711
2017-02-28,sh600026,中远海能,7.25,0.5548
2017-03-01,sh600026,中远海能,7.23,-0.2759
2017-03-02,sh600026,中远海能,7.19,-0.5533
2017-03-03,sh600026,中远海能,7.07,-1.669
2017-03-06,sh600026,中远海能,7.12,0.7072
2017-03-07,sh600026,中远海能,7.12,0.0
2017-03-08,sh600026,中远海能,7.13,0.1404
2017-03-09,sh600026,中远海能,7.03,-1.4025
2017-03-10,sh600026,中远海能,7.02,-0.1422
2017-03-13,sh600026,中远海能,7.08,0.8547
2017-03-14,sh600026,中远海能,7.06,-0.2825
2017-03-15,sh600026,中远海能,7.07,0.1416
2017-03-16,sh600026,中远海能,7.15,1.1315
2017-03-17,sh600026,中远海能,7.02,-1.8182
2017-03-20,sh600026,中远海能,7.1,1.1396
2017-03-21,sh600026,中远海能,7.11,0.1408
2017-03-22,sh600026,中远海能,7.23,1.6878
2017-03-23,sh600026,中远海能,7.21,-0.2766
2017-03-24,sh600026,中远海能,7.36,2.0804
2017-03-27,sh600026,中远海能,7.29,-0.9511
2017-03-28,sh600026,中远海能,7.32,0.4115
2017-03-29,sh600026,中远海能,7.47,2.0492
2017-03-30,sh600026,中远海能,7.36,-1.4726
2017-03-31,sh600026,中远海能,7.16,-2.7174
2017-04-05,sh600026,中远海能,7.21,0.6983
2017-04-06,sh600026,中远海能,7.32,1.5257
2017-04-07,sh600026,中远海能,7.23,-1.2295
2017-04-10,sh600026,中远海能,7.3,0.9682
2017-04-11,sh600026,中远海能,7.39,1.2329
2017-04-12,sh600026,中远海能,7.31,-1.0825
2017-04-13,sh600026,中远海能,7.38,0.9576
2017-04-14,sh600026,中远海能,7.23,-2.0325
2017-04-17,sh600026,中远海能,7.2,-0.4149
2017-04-18,sh600026,中远海能,7.13,-0.9722
2017-04-19,sh600026,中远海能,6.94,-2.6648
2017-04-20,sh600026,中远海能,6.92,-0.2882
2017-04-21,sh600026,中远海能,6.9,-0.289
2017-04-24,sh600026,中远海能,6.63,-3.913
2017-04-25,sh600026,中远海能,6.66,0.4525
2017-04-26,sh600026,中远海能,6.64,-0.3003
2017-04-27,sh600026,中远海能,6.69,0.753
2017-04-28,sh600026,中远海能,6.67,-0.299
2017-05-02,sh600026,中远海能,6.68,0.1499
2017-05-03,sh600026,中远海能,6.68,0.0
2017-05-04,sh600026,中远海能,6.66,-0.2994
2017-05-05,sh600026,中远海能,6.49,-2.5526
2017-05-08,sh600026,中远海能,6.34,-2.3112
2017-05-09,sh600026,中远海能,6.4,0.9464
2017-05-10,sh600026,中远海能,6.16,-3.75
2017-05-11,sh600026,中远海能,6.12,-0.6494
2017-05-12,sh600026,中远海能,6.18,0.9804
2017-05-15,sh600026,中远海能,6.17,-0.1618
2017-05-16,sh600026,中远海能,6.24,1.1345
2017-05-17,sh600026,中远海能,6.29,0.8013
2017-05-18,sh600026,中远海能,6.21,-1.2719
2017-05-19,sh600026,中远海能,6.24,0.4831
2017-05-22,sh600026,中远海能,6.14,-1.6026
2017-05-23,sh600026,中远海能,6.09,-0.8143
2017-05-24,sh600026,中远海能,6.12,0.4926
2017-05-25,sh600026,中远海能,6.25,2.1242
2017-05-26,sh600026,中远海能,6.23,-0.32
2017-05-31,sh600026,中远海能,6.24,0.1605
2017-06-01,sh600026,中远海能,6.2,-0.641
2017-06-02,sh600026,中远海能,6.28,1.2903
2017-06-05,sh600026,中远海能,6.28,0.0
2017-06-06,sh600026,中远海能,6.3,0.3185
2017-06-07,sh600026,中远海能,6.38,1.2698
2017-06-08,sh600026,中远海能,6.36,-0.3135
2017-06-09,sh600026,中远海能,6.33,-0.4717
2017-06-12,sh600026,中远海能,6.24,-1.4218
2017-06-13,sh600026,中远海能,6.32,1.2821
2017-06-14,sh600026,中远海能,6.34,0.3165
2017-06-15,sh600026,中远海能,6.36,0.3155
2017-06-16,sh600026,中远海能,6.35,-0.1572
2017-06-19,sh600026,中远海能,6.41,0.9449
2017-06-20,sh600026,中远海能,6.4,-0.156
2017-06-21,sh600026,中远海能,6.41,0.1562
2017-06-22,sh600026,中远海能,6.39,-0.312
2017-06-23,sh600026,中远海能,6.39,0.0
2017-06-26,sh600026,中远海能,6.56,2.6604
2017-06-27,sh600026,中远海能,6.57,0.1524
2017-06-28,sh600026,中远海能,6.55,-0.3044
2017-06-29,sh600026,中远海能,6.61,0.916
2017-06-30,sh600026,中远海能,6.63,0.3026
2017-07-03,sh600026,中远海能,6.42,-3.1674
2017-07-04,sh600026,中远海能,6.32,-1.5576
2017-07-05,sh600026,中远海能,6.37,0.7911
2017-07-06,sh600026,中远海能,6.37,0.0
2017-07-07,sh600026,中远海能,6.45,1.2559
2017-07-10,sh600026,中远海能,6.49,0.6202
2017-07-11,sh600026,中远海能,6.44,-0.7704
2017-07-12,sh600026,中远海能,6.39,-0.7764
2017-07-13,sh600026,中远海能,6.51,1.8779
2017-07-14,sh600026,中远海能,6.5,-0.1536
2017-07-17,sh600026,中远海能,6.31,-2.9231
2017-07-18,sh600026,中远海能,6.45,2.2187
2017-07-19,sh600026,中远海能,6.63,2.7907
2017-07-20,sh600026,中远海能,6.59,-0.6033
2017-07-21,sh600026,中远海能,6.67,1.214
2017-07-24,sh600026,中远海能,6.82,2.2489
2017-07-25,sh600026,中远海能,6.71,-1.6129
2017-07-26,sh600026,中远海能,6.71,0.0
2017-07-27,sh600026,中远海能,6.72,0.149
2017-07-28,sh600026,中远海能,6.74,0.2976
2017-07-31,sh600026,中远海能,6.84,1.4837
2017-08-01,sh600026,中远海能,6.8,-0.5848
2017-08-02,sh600026,中远海能,6.74,-0.8824
2017-08-03,sh600026,中远海能,6.75,0.1484
2017-08-04,sh600026,中远海能,6.87,1.7778
2017-08-07,sh600026,中远海能,6.98,1.6012
2017-08-08,sh600026,中远海能,6.99,0.1433
2017-08-09,sh600026,中远海能,6.93,-0.8584
2017-08-10,sh600026,中远海能,7.07,2.0202
2017-08-11,sh600026,中远海能,6.74,-4.6676
2017-08-14,sh600026,中远海能,6.82,1.1869
2017-08-15,sh600026,中远海能,6.74,-1.173
2017-08-16,sh600026,中远海能,6.71,-0.4451
2017-08-17,sh600026,中远海能,6.77,0.8942
2017-08-18,sh600026,中远海能,6.74,-0.4431
2017-08-21,sh600026,中远海能,6.78,0.5935
2017-08-22,sh600026,中远海能,6.73,-0.7375
2017-08-23,sh600026,中远海能,6.63,-1.4859
2017-08-24,sh600026,中远海能,6.55,-1.2066
2017-08-25,sh600026,中远海能,6.64,1.374
2017-08-28,sh600026,中远海能,6.69,0.753
2017-08-29,sh600026,中远海能,6.67,-0.299
2017-08-30,sh600026,中远海能,6.71,0.5997
2017-08-31,sh600026,中远海能,6.66,-0.7452
2017-09-01,sh600026,中远海能,6.74,1.2012
2017-09-04,sh600026,中远海能,6.65,-1.3353
2017-09-05,sh600026,中远海能,6.62,-0.4511
2017-09-06,sh600026,中远海能,6.64,0.3021
2017-09-07,sh600026,中远海能,6.57,-1.0542
2017-09-08,sh600026,中远海能,6.6,0.4566
2017-09-11,sh600026,中远海能,6.62,0.303
2017-09-12,sh600026,中远海能,6.64,0.3021
2017-09-13,sh600026,中远海能,6.59,-0.753
2017-09-14,sh600026,中远海能,6.59,0.0
2017-09-15,sh600026,中远海能,6.52,-1.0622
2017-09-18,sh600026,中远海能,6.53,0.1534
2017-09-19,sh600026,中远海能,6.47,-0.9188
2017-09-20,sh600026,中远海能,6.53,0.9274
2017-09-21,sh600026,中远海能,6.5,-0.4594
2017-09-22,sh600026,中远海能,6.4,-1.5385
2017-09-25,sh600026,中远海能,6.33,-1.0938
2017-09-26,sh600026,中远海能,6.4,1.1058
2017-09-27,sh600026,中远海能,6.39,-0.1563
2017-09-28,sh600026,中远海能,6.33,-0.939
2017-09-29,sh600026,中远海能,6.35,0.316
2017-10-09,sh600026,中远海能,6.43,1.2598
2017-10-10,sh600026,中远海能,6.47,0.6221
2017-10-11,sh600026,中远海能,6.44,-0.4637
2017-10-12,sh600026,中远海能,6.41,-0.4658
2017-10-13,sh600026,中远海能,6.43,0.312
2017-10-16,sh600026,中远海能,6.4,-0.4666
2017-10-17,sh600026,中远海能,6.4,0.0
2017-10-18,sh600026,中远海能,6.35,-0.7813
2017-10-19,sh600026,中远海能,6.26,-1.4173
2017-10-20,sh600026,中远海能,6.49,3.6741
2017-10-23,sh600026,中远海能,6.48,-0.1541
2017-10-24,sh600026,中远海能,6.45,-0.463
2017-10-25,sh600026,中远海能,6.44,-0.155
2017-10-26,sh600026,中远海能,6.45,0.1553
2017-11-01,sh600026,中远海能,6.42,-0.4651
2017-11-02,sh600026,中远海能,6.3,-1.8692
2017-11-03,sh600026,中远海能,6.13,-2.6984
2017-11-06,sh600026,中远海能,6.14,0.1631
2017-11-07,sh600026,中远海能,6.22,1.3029
2017-11-08,sh600026,中远海能,6.19,-0.4823
2017-11-09,sh600026,中远海能,6.2,0.1616
2017-11-10,sh600026,中远海能,6.16,-0.6452
2017-11-13,sh600026,中远海能,6.15,-0.1623
2017-11-14,sh600026,中远海能,6.15,0.0
2017-11-15,sh600026,中远海能,6.1,-0.813
2017-11-16,sh600026,中远海能,6.05,-0.8197
2017-11-17,sh600026,中远海能,5.9,-2.4793
2017-11-20,sh600026,中远海能,5.92,0.339
2017-11-21,sh600026,中远海能,5.99,1.1824
2017-11-22,sh600026,中远海能,6.02,0.5008
2017-11-23,sh600026,中远海能,5.91,-1.8272
2017-11-24,sh600026,中远海能,5.94,0.5076
2017-11-27,sh600026,中远海能,5.94,0.0
2017-11-28,sh600026,中远海能,6.04,1.6835
2017-11-29,sh600026,中远海能,6.07,0.4967
2017-11-30,sh600026,中远海能,6.01,-0.9885
2017-12-01,sh600026,中远海能,6.1,1.4975
2017-12-04,sh600026,中远海能,6.16,0.9836
2017-12-05,sh600026,中远海能,6.04,-1.9481
2017-12-06,sh600026,中远海能,6.02,-0.3311
2017-12-07,sh600026,中远海能,5.96,-0.9967
2017-12-08,sh600026,中远海能,6.01,0.8389
2017-12-11,sh600026,中远海能,6.09,1.3311
2017-12-12,sh600026,中远海能,5.99,-1.642
2017-12-13,sh600026,中远海能,6.08,1.5025
2017-12-14,sh600026,中远海能,6.09,0.1645
2017-12-15,sh600026,中远海能,6.03,-0.9852
2017-12-18,sh600026,中远海能,6.01,-0.3317
2017-12-19,sh600026,中远海能,6.01,0.0
2017-12-20,sh600026,中远海能,6.02,0.1664
2017-12-21,sh600026,中远海能,5.96,-0.9967
2017-12-22,sh600026,中远海能,6.06,1.6779
2017-12-25,sh600026,中远海能,6.05,-0.165
2017-12-26,sh600026,中远海能,6.11,0.9917
2017-12-27,sh600026,中远海能,6.07,-0.6547
2017-12-28,sh600026,中远海能,6.07,0.0
2017-12-29,sh600026,中远海能,6.12,0.8237
2018-01-02,sh600026,中远海能,6.2,1.3072
2018-01-03,sh600026,中远海能,6.23,0.4839
2018-01-04,sh600026,中远海能,6.28,0.8026
2018-01-05,sh600026,中远海能,6.35,1.1146
2018-01-08,sh600026,中远海能,6.32,-0.4724
2018-01-09,sh600026,中远海能,6.27,-0.7911
2018-01-10,sh600026,中远海能,6.25,-0.319
2018-01-11,sh600026,中远海能,6.23,-0.32
2018-01-12,sh600026,中远海能,6.22,-0.1605
2018-01-15,sh600026,中远海能,6.09,-2.09
2018-01-16,sh600026,中远海能,6.13,0.6568
2018-01-17,sh600026,中远海能,6.19,0.9788
2018-01-18,sh600026,中远海能,6.25,0.9693
2018-01-19,sh600026,中远海能,6.24,-0.16
2018-01-22,sh600026,中远海能,6.3,0.9615
2018-01-23,sh600026,中远海能,6.31,0.1587
2018-01-24,sh600026,中远海能,6.37,0.9509
2018-01-25,sh600026,中远海能,6.32,-0.7849
2018-01-26,sh600026,中远海能,6.36,0.6329
2018-01-29,sh600026,中远海能,6.25,-1.7296
2018-01-30,sh600026,中远海能,6.28,0.48
2018-01-31,sh600026,中远海能,6.21,-1.1146
2018-02-01,sh600026,中远海能,6.03,-2.8986
2018-02-02,sh600026,中远海能,6.06,0.4975
2018-02-05,sh600026,中远海能,6.06,0.0
2018-02-06,sh600026,中远海能,5.88,-2.9703
2018-02-07,sh600026,中远海能,5.89,0.1701
2018-02-08,sh600026,中远海能,5.9,0.1698
2018-02-09,sh600026,中远海能,5.52,-6.4407
2018-02-12,sh600026,中远海能,5.58,1.087
2018-02-13,sh600026,中远海能,5.58,0.0
2018-02-14,sh600026,中远海能,5.5,-1.4337
2018-02-22,sh600026,中远海能,5.59,1.6364
2018-02-23,sh600026,中远海能,5.61,0.3578
2018-02-26,sh600026,中远海能,5.69,1.426
2018-02-27,sh600026,中远海能,5.65,-0.703
2018-02-28,sh600026,中远海能,5.65,0.0
2018-03-01,sh600026,中远海能,5.66,0.177
2018-03-02,sh600026,中远海能,5.64,-0.3534
2018-03-05,sh600026,中远海能,5.62,-0.3546
2018-03-06,sh600026,中远海能,5.7,1.4235
2018-03-07,sh600026,中远海能,5.68,-0.3509
2018-03-08,sh600026,中远海能,5.74,1.0563
2018-03-09,sh600026,中远海能,5.77,0.5226
2018-03-12,sh600026,中远海能,5.78,0.1733
2018-03-13,sh600026,中远海能,5.73,-0.8651
2018-03-14,sh600026,中远海能,5.72,-0.1745
2018-03-15,sh600026,中远海能,5.68,-0.6993
2018-03-16,sh600026,中远海能,5.67,-0.1761
2018-03-19,sh600026,中远海能,5.64,-0.5291
2018-03-20,sh600026,中远海能,5.6,-0.7092
2018-03-21,sh600026,中远海能,5.58,-0.3571
2018-03-22,sh600026,中远海能,5.59,0.1792
2018-03-23,sh600026,中远海能,5.27,-5.7245
2018-03-26,sh600026,中远海能,5.27,0.0
2018-03-27,sh600026,中远海能,5.33,1.1385
2018-03-28,sh600026,中远海能,5.29,-0.7505
2018-03-29,sh600026,中远海能,5.37,1.5123
2018-03-30,sh600026,中远海能,5.4,0.5587
2018-04-02,sh600026,中远海能,5.42,0.3704
2018-04-03,sh600026,中远海能,5.39,-0.5535
2018-04-04,sh600026,中远海能,5.39,0.0
2018-04-09,sh600026,中远海能,5.34,-0.9276
2018-04-10,sh600026,中远海能,5.51,3.1835
2018-04-11,sh600026,中远海能,5.49,-0.363
2018-04-12,sh600026,中远海能,5.46,-0.5464
2018-04-13,sh600026,中远海能,5.43,-0.5495
2018-04-16,sh600026,中远海能,5.36,-1.2891
2018-04-17,sh600026,中远海能,5.29,-1.306
2018-04-18,sh600026,中远海能,5.32,0.5671
2018-04-19,sh600026,中远海能,5.36,0.7519
2018-04-20,sh600026,中远海能,5.27,-1.6791
2018-04-23,sh600026,中远海能,5.28,0.1898
2018-04-24,sh600026,中远海能,5.41,2.4621
2018-04-25,sh600026,中远海能,5.36,-0.9242
2018-04-26,sh600026,中远海能,5.24,-2.2388
2018-04-27,sh600026,中远海能,5.37,2.4809
2018-05-02,sh600026,中远海能,4.92,-8.3799
2018-05-03,sh600026,中远海能,4.9,-0.4065
2018-05-04,sh600026,中远海能,4.9,0.0
2018-05-07,sh600026,中远海能,4.93,0.6122
2018-05-08,sh600026,中远海能,4.92,-0.2028
2018-05-09,sh600026,中远海能,4.9,-0.4065
2018-05-10,sh600026,中远海能,4.93,0.6122
2018-05-11,sh600026,中远海能,4.91,-0.4057
2018-05-14,sh600026,中远海能,4.91,0.0
2018-05-15,sh600026,中远海能,4.85,-1.222
2018-05-16,sh600026,中远海能,4.82,-0.6186
2018-05-17,sh600026,中远海能,4.82,0.0
2018-05-18,sh600026,中远海能,4.94,2.4896
2018-05-21,sh600026,中远海能,5.43,9.919
2018-05-22,sh600026,中远海能,5.46,0.5525
2018-05-23,sh600026,中远海能,5.24,-4.0293
2018-05-24,sh600026,中远海能,5.24,0.0
2018-05-25,sh600026,中远海能,5.26,0.3817
2018-05-28,sh600026,中远海能,5.31,0.9506
2018-05-29,sh600026,中远海能,5.23,-1.5066
2018-05-30,sh600026,中远海能,4.98,-4.7801
2018-05-31,sh600026,中远海能,5.04,1.2048
2018-06-01,sh600026,中远海能,5.03,-0.1984
2018-06-04,sh600026,中远海能,5.03,0.0
2018-06-05,sh600026,中远海能,5.03,0.0
2018-06-06,sh600026,中远海能,5.1,1.3917
2018-06-07,sh600026,中远海能,5.02,-1.5686
2018-06-08,sh600026,中远海能,4.93,-1.7928
2018-06-11,sh600026,中远海能,4.88,-1.0142
2018-06-12,sh600026,中远海能,4.93,1.0246
2018-06-13,sh600026,中远海能,4.8,-2.6369
2018-06-14,sh600026,中远海能,4.74,-1.25
2018-06-15,sh600026,中远海能,4.7,-0.8439
2018-06-19,sh600026,中远海能,4.3,-8.5106
2018-06-20,sh600026,中远海能,4.28,-0.4651
2018-06-21,sh600026,中远海能,4.2,-1.8692
2018-06-22,sh600026,中远海能,4.27,1.6667
2018-06-25,sh600026,中远海能,4.25,-0.4684
2018-06-26,sh600026,中远海能,4.21,-0.9412
2018-06-27,sh600026,中远海能,4.16,-1.1876
2018-06-28,sh600026,中远海能,4.13,-0.7212
2018-06-29,sh600026,中远海能,4.24,2.6634
2018-07-02,sh600026,中远海能,4.16,-1.8868
2018-07-03,sh600026,中远海能,4.18,0.4808
2018-07-04,sh600026,中远海能,4.14,-0.9569
2018-07-05,sh600026,中远海能,4.03,-2.657
2018-07-06,sh600026,中远海能,4.04,0.2481
2018-07-09,sh600026,中远海能,4.12,1.9802
2018-07-10,sh600026,中远海能,4.13,0.2427
2018-07-11,sh600026,中远海能,4.03,-2.4213
2018-07-12,sh600026,中远海能,4.12,2.2333
2018-07-13,sh600026,中远海能,4.08,-0.9709
2018-07-16,sh600026,中远海能,4.08,0.0
2018-07-17,sh600026,中远海能,4.09,0.2451
2018-07-18,sh600026,中远海能,4.08,-0.2445
2018-07-19,sh600026,中远海能,4.09,0.2451
2018-07-20,sh600026,中远海能,4.13,0.978
2018-07-23,sh600026,中远海能,4.19,1.4528
2018-07-24,sh600026,中远海能,4.32,3.1026
2018-07-25,sh600026,中远海能,4.24,-1.8519
2018-07-26,sh600026,中远海能,4.24,0.0
2018-07-27,sh600026,中远海能,4.19,-1.1792
2018-07-30,sh600026,中远海能,4.15,-0.9547
2018-07-31,sh600026,中远海能,4.21,1.4458
2018-08-01,sh600026,中远海能,4.22,0.2375
2018-08-02,sh600026,中远海能,4.09,-3.0806
2018-08-03,sh600026,中远海能,4.16,1.7115
2018-08-06,sh600026,中远海能,4.09,-1.6827
2018-08-07,sh600026,中远海能,4.19,2.445
2018-08-08,sh600026,中远海能,4.25,1.432
2018-08-09,sh600026,中远海能,4.3,1.1765
2018-08-10,sh600026,中远海能,4.36,1.3953
2018-08-13,sh600026,中远海能,4.31,-1.1468
2018-08-14,sh600026,中远海能,4.33,0.464
2018-08-15,sh600026,中远海能,4.25,-1.8476
2018-08-16,sh600026,中远海能,4.18,-1.6471
2018-08-17,sh600026,中远海能,4.15,-0.7177
2018-08-20,sh600026,中远海能,4.12,-0.7229
2018-08-21,sh600026,中远海能,4.24,2.9126
2018-08-22,sh600026,中远海能,4.2,-0.9434
2018-08-23,sh600026,中远海能,4.24,0.9524
2018-08-24,sh600026,中远海能,4.23,-0.2358
2018-08-27,sh600026,中远海能,4.27,0.9456
2018-08-28,sh600026,中远海能,4.26,-0.2342
2018-08-29,sh600026,中远海能,4.18,-1.8779
2018-08-30,sh600026,中远海能,4.15,-0.7177
2018-08-31,sh600026,中远海能,4.1,-1.2048
2018-09-03,sh600026,中远海能,4.1,0.0
2018-09-04,sh600026,中远海能,4.15,1.2195
2018-09-05,sh600026,中远海能,4.12,-0.7229
2018-09-06,sh600026,中远海能,4.1,-0.4854
2018-09-07,sh600026,中远海能,4.13,0.7317
2018-09-10,sh600026,中远海能,4.06,-1.6949
2018-09-11,sh600026,中远海能,4.06,0.0
2018-09-12,sh600026,中远海能,4.06,0.0
2018-09-13,sh600026,中远海能,4.21,3.6946
2018-09-14,sh600026,中远海能,4.33,2.8504
2018-09-17,sh600026,中远海能,4.3,-0.6928
2018-09-18,sh600026,中远海能,4.31,0.2326
2018-09-19,sh600026,中远海能,4.31,0.0
2018-09-20,sh600026,中远海能,4.37,1.3921
2018-09-21,sh600026,中远海能,4.42,1.1442
2018-09-25,sh600026,中远海能,4.43,0.2262
2018-09-26,sh600026,中远海能,4.39,-0.9029
2018-09-27,sh600026,中远海能,4.39,0.0
2018-09-28,sh600026,中远海能,4.45,1.3667
2018-10-08,sh600026,中远海能,4.86,9.2135
2018-10-09,sh600026,中远海能,5.18,6.5844
2018-10-10,sh600026,中远海能,5.13,-0.9653
2018-10-11,sh600026,中远海能,4.85,-5.4581
2018-10-12,sh600026,中远海能,4.83,-0.4124
2018-10-15,sh600026,中远海能,4.96,2.6915
2018-10-16,sh600026,中远海能,4.9,-1.2097
2018-10-17,sh600026,中远海能,4.99,1.8367
2018-10-18,sh600026,中远海能,4.7,-5.8116
2018-10-19,sh600026,中远海能,4.66,-0.8511
2018-10-22,sh600026,中远海能,4.81,3.2189
2018-10-23,sh600026,中远海能,4.8,-0.2079
2018-10-24,sh600026,中远海能,4.97,3.5417
2018-10-25,sh600026,中远海能,5.17,4.0241
2018-10-26,sh600026,中远海能,5.21,0.7737
2018-10-29,sh600026,中远海能,5.15,-1.1516
2018-10-30,sh600026,中远海能,5.22,1.3592
2018-10-31,sh600026,中远海能,5.16,-1.1494
2018-11-01,sh600026,中远海能,5.3,2.7132
2018-11-02,sh600026,中远海能,5.29,-0.1887
2018-11-05,sh600026,中远海能,5.11,-3.4026
2018-11-06,sh600026,中远海能,5.11,0.0
2018-11-07,sh600026,中远海能,4.99,-2.3483
2018-11-08,sh600026,中远海能,4.92,-1.4028
2018-11-09,sh600026,中远海能,4.72,-4.065
2018-11-12,sh600026,中远海能,4.85,2.7542
2018-11-13,sh600026,中远海能,4.99,2.8866
2018-11-14,sh600026,中远海能,4.86,-2.6052
2018-11-15,sh600026,中远海能,4.88,0.4115
2018-11-16,sh600026,中远海能,4.89,0.2049
2018-11-19,sh600026,中远海能,4.89,0.0
2018-11-20,sh600026,中远海能,4.7,-3.8855
2018-11-21,sh600026,中远海能,4.7,0.0
2018-11-22,sh600026,中远海能,4.74,0.8511
2018-11-23,sh600026,中远海能,4.57,-3.5865
2018-11-26,sh600026,中远海能,4.77,4.3764
2018-11-27,sh600026,中远海能,4.78,0.2096
2018-11-28,sh600026,中远海能,4.97,3.9749
2018-11-29,sh600026,中远海能,4.87,-2.0121
2018-11-30,sh600026,中远海能,5.11,4.9281
2018-12-03,sh600026,中远海能,5.51,7.8278
2018-12-04,sh600026,中远海能,5.5,-0.1815
2018-12-05,sh600026,中远海能,5.52,0.3636
2018-12-06,sh600026,中远海能,5.19,-5.9783
2018-12-07,sh600026,中远海能,5.44,4.817
2018-12-10,sh600026,中远海能,5.26,-3.3088
2018-12-11,sh600026,中远海能,5.27,0.1901
2018-12-12,sh600026,中远海能,5.22,-0.9488
2018-12-13,sh600026,中远海能,5.21,-0.1916
2018-12-14,sh600026,中远海能,5.02,-3.6468
2018-12-17,sh600026,中远海能,5.05,0.5976
2018-12-18,sh600026,中远海能,4.94,-2.1782
2018-12-19,sh600026,中远海能,4.85,-1.8219
2018-12-20,sh600026,中远海能,4.79,-1.2371
2018-12-21,sh600026,中远海能,4.71,-1.6701
2018-12-24,sh600026,中远海能,4.74,0.6369
2018-12-25,sh600026,中远海能,4.52,-4.6414
2018-12-26,sh600026,中远海能,4.5,-0.4425
2018-12-27,sh600026,中远海能,4.44,-1.3333
2018-12-28,sh600026,中远海能,4.44,0.0
2019-01-02,sh600026,中远海能,4.4,-0.9009
2019-01-03,sh600026,中远海能,4.43,0.6818
2019-01-04,sh600026,中远海能,4.54,2.4831
2019-01-07,sh600026,中远海能,4.73,4.185
2019-01-08,sh600026,中远海能,4.7,-0.6342
2019-01-09,sh600026,中远海能,4.75,1.0638
2019-01-10,sh600026,中远海能,4.73,-0.4211
2019-01-11,sh600026,中远海能,4.84,2.3256
2019-01-14,sh600026,中远海能,4.68,-3.3058
2019-01-15,sh600026,中远海能,4.75,1.4957
2019-01-16,sh600026,中远海能,4.73,-0.4211
2019-01-17,sh600026,中远海能,4.67,-1.2685
2019-01-18,sh600026,中远海能,4.72,1.0707
2019-01-21,sh600026,中远海能,5.02,6.3559
2019-01-22,sh600026,中远海能,4.9,-2.3904
2019-01-23,sh600026,中远海能,4.89,-0.2041
2019-01-24,sh600026,中远海能,4.87,-0.409
2019-01-25,sh600026,中远海能,4.9,0.616
2019-01-28,sh600026,中远海能,4.93,0.6122
2019-01-29,sh600026,中远海能,4.84,-1.8256
2019-01-30,sh600026,中远海能,4.99,3.0992
2019-01-31,sh600026,中远海能,5.0,0.2004
2019-02-01,sh600026,中远海能,4.93,-1.4
2019-02-11,sh600026,中远海能,4.96,0.6085
2019-02-12,sh600026,中远海能,4.98,0.4032
2019-02-13,sh600026,中远海能,5.1,2.4096
2019-02-14,sh600026,中远海能,5.14,0.7843
2019-02-15,sh600026,中远海能,5.04,-1.9455
2019-02-18,sh600026,中远海能,5.14,1.9841
2019-02-19,sh600026,中远海能,5.06,-1.5564
2019-02-20,sh600026,中远海能,5.01,-0.9881
2019-02-21,sh600026,中远海能,5.18,3.3932
2019-02-22,sh600026,中远海能,5.4,4.2471
2019-02-25,sh600026,中远海能,5.88,8.8889
2019-02-26,sh600026,中远海能,5.83,-0.8503
2019-02-27,sh600026,中远海能,5.86,0.5146
2019-02-28,sh600026,中远海能,5.9,0.6826
2019-03-01,sh600026,中远海能,5.98,1.3559
2019-03-04,sh600026,中远海能,5.91,-1.1706
2019-03-05,sh600026,中远海能,5.92,0.1692
2019-03-06,sh600026,中远海能,5.91,-0.1689
2019-03-07,sh600026,中远海能,5.95,0.6768
2019-03-08,sh600026,中远海能,5.57,-6.3866
2019-03-11,sh600026,中远海能,6.0,7.7199
2019-03-12,sh600026,中远海能,5.92,-1.3333
2019-03-13,sh600026,中远海能,5.87,-0.8446
2019-03-14,sh600026,中远海能,5.73,-2.385
2019-03-15,sh600026,中远海能,6.15,7.3298
2019-03-18,sh600026,中远海能,6.23,1.3008
2019-03-19,sh600026,中远海能,6.16,-1.1236
2019-03-20,sh600026,中远海能,6.2,0.6494
2019-03-21,sh600026,中远海能,6.13,-1.129
2019-03-22,sh600026,中远海能,6.25,1.9576
2019-03-25,sh600026,中远海能,6.02,-3.68
2019-03-26,sh600026,中远海能,5.88,-2.3256
2019-03-27,sh600026,中远海能,5.93,0.8503
2019-03-28,sh600026,中远海能,6.2,4.5531
2019-03-29,sh600026,中远海能,6.47,4.3548
2019-04-01,sh600026,中远海能,6.6,2.0093
2019-04-02,sh600026,中远海能,6.62,0.303
2019-04-03,sh600026,中远海能,7.16,8.1571
2019-04-04,sh600026,中远海能,7.01,-2.095
2019-04-08,sh600026,中远海能,6.84,-2.4251
2019-04-09,sh600026,中远海能,6.92,1.1696
2019-04-10,sh600026,中远海能,7.05,1.8786
2019-04-11,sh600026,中远海能,6.89,-2.2695
2019-04-12,sh600026,中远海能,6.95,0.8708
2019-04-15,sh600026,中远海能,6.89,-0.8633
2019-04-16,sh600026,中远海能,6.92,0.4354
2019-04-17,sh600026,中远海能,6.8,-1.7341
2019-04-18,sh600026,中远海能,6.77,-0.4412
2019-04-19,sh600026,中远海能,6.87,1.4771
2019-04-22,sh600026,中远海能,6.75,-1.7467
2019-04-23,sh600026,中远海能,6.84,1.3333
2019-04-24,sh600026,中远海能,6.93,1.3158
2019-04-25,sh600026,中远海能,6.41,-7.5036
2019-04-26,sh600026,中远海能,6.59,2.8081
2019-04-29,sh600026,中远海能,6.39,-3.0349
2019-04-30,sh600026,中远海能,6.89,7.8247
2019-05-06,sh600026,中远海能,6.21,-9.8694
2019-05-07,sh600026,中远海能,6.5,4.6699
2019-05-08,sh600026,中远海能,6.23,-4.1538
2019-05-09,sh600026,中远海能,6.02,-3.3708
2019-05-10,sh600026,中远海能,6.35,5.4817
2019-05-13,sh600026,中远海能,6.46,1.7323
2019-05-14,sh600026,中远海能,6.16,-4.644
2019-05-15,sh600026,中远海能,6.37,3.4091
2019-05-16,sh600026,中远海能,6.17,-3.1397
2019-05-17,sh600026,中远海能,6.03,-2.269
2019-05-20,sh600026,中远海能,5.91,-1.99
2019-05-21,sh600026,中远海能,6.06,2.5381
2019-05-22,sh600026,中远海能,5.96,-1.6502
2019-05-23,sh600026,中远海能,5.79,-2.8523
2019-05-24,sh600026,中远海能,5.94,2.5907
2019-05-27,sh600026,中远海能,6.15,3.5354
2019-05-28,sh600026,中远海能,6.18,0.4878
2019-05-29,sh600026,中远海能,6.17,-0.1618
2019-05-30,sh600026,中远海能,6.24,1.1345
2019-05-31,sh600026,中远海能,6.22,-0.3205
2019-06-03,sh600026,中远海能,6.31,1.4469
2019-06-04,sh600026,中远海能,6.3,-0.1585
2019-06-05,sh600026,中远海能,6.25,-0.7937
2019-06-06,sh600026,中远海能,6.24,-0.16
2019-06-10,sh600026,中远海能,6.18,-0.9615
2019-06-11,sh600026,中远海能,6.42,3.8835
2019-06-12,sh600026,中远海能,6.31,-1.7134
2019-06-13,sh600026,中远海能,6.13,-2.8526
2019-06-14,sh600026,中远海能,6.07,-0.9788
2019-06-17,sh600026,中远海能,6.02,-0.8237
2019-06-18,sh600026,中远海能,6.05,0.4983
2019-06-19,sh600026,中远海能,6.18,2.1488
2019-06-20,sh600026,中远海能,6.31,2.1036
2019-06-21,sh600026,中远海能,6.53,3.4865
2019-06-24,sh600026,中远海能,6.54,0.1531
2019-06-25,sh600026,中远海能,6.52,-0.3058
2019-06-26,sh600026,中远海能,6.44,-1.227
2019-06-27,sh600026,中远海能,6.64,3.1056
2019-06-28,sh600026,中远海能,6.49,-2.259
2019-07-01,sh600026,中远海能,6.55,0.9245
2019-07-02,sh600026,中远海能,6.38,-2.5954
2019-07-03,sh600026,中远海能,6.34,-0.627
2019-07-04,sh600026,中远海能,6.53,2.9968
2019-07-05,sh600026,中远海能,6.56,0.4594
2019-07-08,sh600026,中远海能,6.24,-4.878
2019-07-09,sh600026,中远海能,6.22,-0.3205
2019-07-10,sh600026,中远海能,6.16,-0.9646
2019-07-11,sh600026,中远海能,6.11,-0.8117
2019-07-12,sh600026,中远海能,6.14,0.491
2019-07-15,sh600026,中远海能,6.29,2.443
2019-07-16,sh600026,中远海能,6.44,2.3847
2019-07-17,sh600026,中远海能,6.44,0.0
2019-07-18,sh600026,中远海能,6.3,-2.1739
2019-07-19,sh600026,中远海能,6.43,2.0635
2019-07-22,sh600026,中远海能,6.24,-2.9549
2019-07-23,sh600026,中远海能,6.54,4.8077
2019-07-24,sh600026,中远海能,6.48,-0.9174
2019-07-25,sh600026,中远海能,6.43,-0.7716
2019-07-26,sh600026,中远海能,6.44,0.1555
2019-07-29,sh600026,中远海能,6.31,-2.0186
2019-07-30,sh600026,中远海能,6.49,2.8526
2019-07-31,sh600026,中远海能,6.36,-2.0031
2019-08-01,sh600026,中远海能,6.34,-0.3145
2019-08-02,sh600026,中远海能,6.13,-3.3123
2019-08-05,sh600026,中远海能,6.0,-2.1207
2019-08-06,sh600026,中远海能,5.63,-6.1667
2019-08-07,sh600026,中远海能,5.86,4.0853
2019-08-08,sh600026,中远海能,5.77,-1.5358
2019-08-09,sh600026,中远海能,5.86,1.5598
2019-08-12,sh600026,中远海能,5.93,1.1945
2019-08-13,sh600026,中远海能,5.93,0.0
2019-08-14,sh600026,中远海能,6.1,2.8668
2019-08-15,sh600026,中远海能,5.99,-1.8033
2019-08-16,sh600026,中远海能,5.9,-1.5025
2019-08-19,sh600026,中远海能,6.22,5.4237
2019-08-20,sh600026,中远海能,6.29,1.1254
2019-08-21,sh600026,中远海能,6.78,7.7901
2019-08-22,sh600026,中远海能,6.88,1.4749
2019-08-23,sh600026,中远海能,6.96,1.1628
2019-08-26,sh600026,中远海能,7.04,1.1494
2019-08-27,sh600026,中远海能,7.15,1.5625
2019-08-28,sh600026,中远海能,7.14,-0.1399
2019-08-29,sh600026,中远海能,7.18,0.5602
2019-08-30,sh600026,中远海能,7.13,-0.6964
2019-09-02,sh600026,中远海能,7.19,0.8415
2019-09-03,sh600026,中远海能,7.13,-0.8345
2019-09-04,sh600026,中远海能,7.31,2.5245
2019-09-05,sh600026,中远海能,7.12,-2.5992
2019-09-06,sh600026,中远海能,7.13,0.1404
2019-09-09,sh600026,中远海能,7.25,1.683
2019-09-10,sh600026,中远海能,7.11,-1.931
2019-09-11,sh600026,中远海能,7.06,-0.7032
2019-09-12,sh600026,中远海能,7.14,1.1331
2019-09-16,sh600026,中远海能,7.01,-1.8207
2019-09-17,sh600026,中远海能,7.61,8.5592
2019-09-18,sh600026,中远海能,7.19,-5.5191
2019-09-19,sh600026,中远海能,6.88,-4.3115
2019-09-20,sh600026,中远海能,6.94,0.8721
2019-09-23,sh600026,中远海能,7.03,1.2968
2019-09-24,sh600026,中远海能,7.11,1.138
2019-09-25,sh600026,中远海能,7.47,5.0633
2019-09-30,sh600026,中远海能,6.72,-10.0402
2019-10-08,sh600026,中远海能,6.05,-9.9702
2019-10-09,sh600026,中远海能,6.05,0.0
2019-10-10,sh600026,中远海能,6.5,7.438
2019-10-11,sh600026,中远海能,7.15,10.0
2019-10-14,sh600026,中远海能,7.35,2.7972
2019-10-15,sh600026,中远海能,6.98,-5.034
2019-10-16,sh600026,中远海能,6.71,-3.8682
2019-10-17,sh600026,中远海能,6.53,-2.6826
2019-10-18,sh600026,中远海能,6.24,-4.441
2019-10-21,sh600026,中远海能,6.23,-0.1603
2019-10-22,sh600026,中远海能,6.28,0.8026
2019-10-23,sh600026,中远海能,6.21,-1.1146
2019-10-24,sh600026,中远海能,6.2,-0.161
2019-10-25,sh600026,中远海能,6.2,0.0
2019-10-28,sh600026,中远海能,6.24,0.6452
2019-10-29,sh600026,中远海能,6.2,-0.641
2019-10-30,sh600026,中远海能,6.12,-1.2903
2019-10-31,sh600026,中远海能,5.85,-4.4118
2019-11-01,sh600026,中远海能,5.91,1.0256
2019-11-04,sh600026,中远海能,5.82,-1.5228
2019-11-05,sh600026,中远海能,5.88,1.0309
2019-11-06,sh600026,中远海能,5.81,-1.1905
2019-11-07,sh600026,中远海能,5.8,-0.1721
2019-11-08,sh600026,中远海能,5.88,1.3793
2019-11-11,sh600026,中远海能,5.66,-3.7415
2019-11-12,sh600026,中远海能,5.59,-1.2367
2019-11-13,sh600026,中远海能,5.62,0.5367
2019-11-14,sh600026,中远海能,5.62,0.0
2019-11-15,sh600026,中远海能,5.63,0.1779
2019-11-18,sh600026,中远海能,5.64,0.1776
2019-11-19,sh600026,中远海能,5.67,0.5319
2019-11-20,sh600026,中远海能,5.7,0.5291
2019-11-21,sh600026,中远海能,5.81,1.9298
2019-11-22,sh600026,中远海能,5.85,0.6885
2019-11-25,sh600026,中远海能,5.94,1.5385
2019-11-26,sh600026,中远海能,5.91,-0.5051
2019-11-27,sh600026,中远海能,5.73,-3.0457
2019-11-28,sh600026,中远海能,5.73,0.0
2019-11-29,sh600026,中远海能,5.75,0.349
2019-12-02,sh600026,中远海能,5.71,-0.6957
2019-12-03,sh600026,中远海能,5.66,-0.8757
2019-12-04,sh600026,中远海能,5.58,-1.4134
2019-12-05,sh600026,中远海能,5.6,0.3584
2019-12-06,sh600026,中远海能,6.05,8.0357
2019-12-09,sh600026,中远海能,5.94,-1.8182
2019-12-10,sh600026,中远海能,5.87,-1.1785
2019-12-11,sh600026,中远海能,5.93,1.0221
2019-12-12,sh600026,中远海能,5.96,0.5059
2019-12-13,sh600026,中远海能,6.08,2.0134
2019-12-16,sh600026,中远海能,6.18,1.6447
2019-12-17,sh600026,中远海能,6.15,-0.4854
2019-12-18,sh600026,中远海能,6.18,0.4878
2019-12-19,sh600026,中远海能,6.22,0.6472
2019-12-20,sh600026,中远海能,6.2,-0.3215
2019-12-23,sh600026,中远海能,6.0,-3.2258
2019-12-24,sh600026,中远海能,5.99,-0.1667
2019-12-25,sh600026,中远海能,5.97,-0.3339
2019-12-26,sh600026,中远海能,6.22,4.1876
2019-12-27,sh600026,中远海能,6.13,-1.4469
2019-12-30,sh600026,中远海能,6.29,2.6101
2019-12-31,sh600026,中远海能,6.38,1.4308
2020-01-02,sh600026,中远海能,6.93,8.6207
2020-01-03,sh600026,中远海能,6.65,-4.0404
2020-01-06,sh600026,中远海能,6.65,0.0
2020-01-07,sh600026,中远海能,6.58,-1.0526
2020-01-08,sh600026,中远海能,6.35,-3.4954
2020-01-09,sh600026,中远海能,6.44,1.4173
2020-01-10,sh600026,中远海能,6.46,0.3106
2020-01-13,sh600026,中远海能,6.44,-0.3096
2020-01-14,sh600026,中远海能,6.63,2.9503
2020-01-15,sh600026,中远海能,6.53,-1.5083
2020-01-16,sh600026,中远海能,6.45,-1.2251
2020-01-17,sh600026,中远海能,6.28,-2.6357
2020-01-20,sh600026,中远海能,6.31,0.4777
2020-01-21,sh600026,中远海能,6.1,-3.3281
2020-01-22,sh600026,中远海能,6.14,0.6557
2020-01-23,sh600026,中远海能,5.92,-3.5831
2020-02-03,sh600026,中远海能,5.64,-4.7297
2020-02-04,sh600026,中远海能,5.88,4.2553
2020-02-05,sh600026,中远海能,5.84,-0.6803
2020-02-06,sh600026,中远海能,5.86,0.3425
2020-02-07,sh600026,中远海能,5.74,-2.0478
2020-02-10,sh600026,中远海能,5.77,0.5226
2020-02-11,sh600026,中远海能,5.83,1.0399
2020-02-12,sh600026,中远海能,5.83,0.0
2020-02-13,sh600026,中远海能,5.71,-2.0583
2020-02-14,sh600026,中远海能,5.69,-0.3503
2020-02-17,sh600026,中远海能,5.84,2.6362
2020-02-18,sh600026,中远海能,5.87,0.5137
2020-02-19,sh600026,中远海能,5.9,0.5111
2020-02-20,sh600026,中远海能,6.14,4.0678
2020-02-21,sh600026,中远海能,6.09,-0.8143
2020-02-24,sh600026,中远海能,5.81,-4.5977
2020-02-25,sh600026,中远海能,5.72,-1.5491
2020-02-26,sh600026,中远海能,5.73,0.1748
2020-02-27,sh600026,中远海能,5.66,-1.2216
2020-02-28,sh600026,中远海能,5.58,-1.4134
2020-03-02,sh600026,中远海能,5.86,5.0179
2020-03-03,sh600026,中远海能,5.92,1.0239
2020-03-04,sh600026,中远海能,5.88,-0.6757
2020-03-05,sh600026,中远海能,5.96,1.3605
2020-03-06,sh600026,中远海能,5.87,-1.5101
2020-03-09,sh600026,中远海能,6.42,9.3697
2020-03-10,sh600026,中远海能,6.32,-1.5576
2020-03-11,sh600026,中远海能,6.95,9.9684
2020-03-12,sh600026,中远海能,7.33,5.4676
2020-03-13,sh600026,中远海能,7.24,-1.2278
2020-03-16,sh600026,中远海能,7.05,-2.6243
2020-03-17,sh600026,中远海能,7.71,9.3617
2020-03-18,sh600026,中远海能,7.6,-1.4267
2020-03-19,sh600026,中远海能,7.24,-4.7368
2020-03-20,sh600026,中远海能,6.91,-4.558
2020-03-23,sh600026,中远海能,6.22,-9.9855
2020-03-24,sh600026,中远海能,6.19,-0.4823
2020-03-25,sh600026,中远海能,6.24,0.8078
2020-03-26,sh600026,中远海能,6.57,5.2885
2020-03-27,sh600026,中远海能,6.77,3.0441
2020-03-30,sh600026,中远海能,7.07,4.4313
2020-03-31,sh600026,中远海能,7.5,6.082
2020-04-01,sh600026,中远海能,7.28,-2.9333
2020-04-02,sh600026,中远海能,7.65,5.0824
2020-04-03,sh600026,中远海能,7.15,-6.5359
2020-04-07,sh600026,中远海能,7.73,8.1119
2020-04-08,sh600026,中远海能,8.35,8.0207
2020-04-09,sh600026,中远海能,8.35,0.0
2020-04-10,sh600026,中远海能,8.42,0.8383
2020-04-13,sh600026,中远海能,8.56,1.6627
2020-04-14,sh600026,中远海能,8.67,1.285
2020-04-15,sh600026,中远海能,8.4,-3.1142
2020-04-16,sh600026,中远海能,8.47,0.8333
2020-04-17,sh600026,中远海能,8.43,-0.4723
2020-04-20,sh600026,中远海能,8.89,5.4567
2020-04-21,sh600026,中远海能,9.26,4.162
2020-04-22,sh600026,中远海能,8.84,-4.5356
2020-04-23,sh600026,中远海能,9.17,3.733
2020-04-24,sh600026,中远海能,8.87,-3.2715
2020-04-27,sh600026,中远海能,8.82,-0.5637
2020-04-28,sh600026,中远海能,8.81,-0.1134
2020-04-29,sh600026,中远海能,8.61,-2.2701
2020-04-30,sh600026,中远海能,8.48,-1.5099
2020-05-06,sh600026,中远海能,7.85,-7.4292
2020-05-07,sh600026,中远海能,7.61,-3.0573
2020-05-08,sh600026,中远海能,7.5,-1.4455
2020-05-11,sh600026,中远海能,7.61,1.4667
2020-05-12,sh600026,中远海能,7.43,-2.3653
2020-05-13,sh600026,中远海能,7.45,0.2692
2020-05-14,sh600026,中远海能,7.17,-3.7584
2020-05-15,sh600026,中远海能,7.07,-1.3947
2020-05-18,sh600026,中远海能,7.01,-0.8487
2020-05-19,sh600026,中远海能,6.96,-0.7133
2020-05-20,sh600026,中远海能,6.86,-1.4368
2020-05-21,sh600026,中远海能,6.71,-2.1866
2020-05-22,sh600026,中远海能,6.63,-1.1923
2020-05-25,sh600026,中远海能,6.56,-1.0558
2020-05-26,sh600026,中远海能,6.58,0.3049
2020-05-27,sh600026,中远海能,6.38,-3.0395
2020-05-28,sh600026,中远海能,6.54,2.5078
2020-05-29,sh600026,中远海能,6.49,-0.7645
2020-06-01,sh600026,中远海能,6.7,3.2357
2020-06-02,sh600026,中远海能,6.73,0.4478
2020-06-03,sh600026,中远海能,6.67,-0.8915
2020-06-04,sh600026,中远海能,6.53,-2.099
2020-06-05,sh600026,中远海能,6.57,0.6126
2020-06-08,sh600026,中远海能,6.49,-1.2177
2020-06-09,sh600026,中远海能,6.88,6.0092
2020-06-10,sh600026,中远海能,6.89,0.1453
2020-06-11,sh600026,中远海能,6.73,-2.3222
2020-06-12,sh600026,中远海能,6.74,0.1486
2020-06-15,sh600026,中远海能,6.58,-2.3739
2020-06-16,sh600026,中远海能,6.62,0.6079
2020-06-17,sh600026,中远海能,6.56,-0.9063
2020-06-18,sh600026,中远海能,6.69,1.9817
2020-06-19,sh600026,中远海能,6.79,1.4948
2020-06-22,sh600026,中远海能,6.61,-2.651
2020-06-23,sh600026,中远海能,6.55,-0.9077
2020-06-24,sh600026,中远海能,6.54,-0.1527
2020-06-29,sh600026,中远海能,6.35,-2.9052
2020-06-30,sh600026,中远海能,6.46,1.7323
2020-07-01,sh600026,中远海能,6.44,-0.3096
2020-07-02,sh600026,中远海能,6.57,2.0186
2020-07-03,sh600026,中远海能,6.86,4.414
2020-07-06,sh600026,中远海能,7.33,6.8513
2020-07-07,sh600026,中远海能,7.47,1.91
2020-07-08,sh600026,中远海能,7.53,0.8032
2020-07-09,sh600026,中远海能,7.59,0.7968
2020-07-10,sh600026,中远海能,7.36,-3.0303
2020-07-13,sh600026,中远海能,8.08,9.7826
2020-07-14,sh600026,中远海能,8.25,2.104
2020-07-15,sh600026,中远海能,7.64,-7.3939
2020-07-16,sh600026,中远海能,7.02,-8.1152
2020-07-17,sh600026,中远海能,7.43,5.8405
2020-07-20,sh600026,中远海能,7.88,6.0565
2020-07-21,sh600026,中远海能,7.7,-2.2843
2020-07-22,sh600026,中远海能,7.65,-0.6494
2020-07-23,sh600026,中远海能,7.5,-1.9608
2020-07-24,sh600026,中远海能,7.12,-5.0667
2020-07-27,sh600026,中远海能,7.01,-1.5449
2020-07-28,sh600026,中远海能,7.11,1.4265
2020-07-29,sh600026,中远海能,7.19,1.1252
2020-07-30,sh600026,中远海能,7.24,0.6954
2020-07-31,sh600026,中远海能,7.17,-0.9669
2020-08-03,sh600026,中远海能,7.56,5.4393
2020-08-04,sh600026,中远海能,7.45,-1.455
2020-08-05,sh600026,中远海能,7.46,0.1342
2020-08-06,sh600026,中远海能,7.49,0.4021
2020-08-07,sh600026,中远海能,7.41,-1.0681
2020-08-10,sh600026,中远海能,7.6,2.5641
2020-08-11,sh600026,中远海能,7.66,0.7895
2020-08-12,sh600026,中远海能,7.79,1.6971
2020-08-13,sh600026,中远海能,7.64,-1.9255
2020-08-14,sh600026,中远海能,7.68,0.5236
2020-08-17,sh600026,中远海能,7.78,1.3021
2020-08-18,sh600026,中远海能,7.64,-1.7995
2020-08-19,sh600026,中远海能,7.57,-0.9162
2020-08-20,sh600026,中远海能,7.56,-0.1321
2020-08-21,sh600026,中远海能,7.6,0.5291
2020-08-24,sh600026,中远海能,7.8,2.6316
2020-08-25,sh600026,中远海能,7.65,-1.9231
2020-08-26,sh600026,中远海能,7.72,0.915
2020-08-27,sh600026,中远海能,7.78,0.7772
2020-08-28,sh600026,中远海能,7.69,-1.1568
2020-08-31,sh600026,中远海能,7.61,-1.0403
2020-09-01,sh600026,中远海能,7.42,-2.4967
2020-09-02,sh600026,中远海能,7.39,-0.4043
2020-09-03,sh600026,中远海能,7.33,-0.8119
2020-09-04,sh600026,中远海能,7.22,-1.5007
2020-09-07,sh600026,中远海能,7.22,0.0
2020-09-08,sh600026,中远海能,7.31,1.2465
2020-09-09,sh600026,中远海能,7.46,2.052
2020-09-10,sh600026,中远海能,7.15,-4.1555
2020-09-11,sh600026,中远海能,7.15,0.0
2020-09-14,sh600026,中远海能,7.13,-0.2797
2020-09-15,sh600026,中远海能,7.24,1.5428
2020-09-16,sh600026,中远海能,7.22,-0.2762
2020-09-17,sh600026,中远海能,7.18,-0.554
2020-09-18,sh600026,中远海能,7.32,1.9499
2020-09-21,sh600026,中远海能,7.31,-0.1366
2020-09-22,sh600026,中远海能,7.17,-1.9152
2020-09-23,sh600026,中远海能,7.18,0.1395
2020-09-24,sh600026,中远海能,6.96,-3.0641
2020-09-25,sh600026,中远海能,7.07,1.5805
2020-09-28,sh600026,中远海能,7.17,1.4144
2020-09-29,sh600026,中远海能,7.22,0.6974
2020-09-30,sh600026,中远海能,7.07,-2.0776
2020-10-09,sh600026,中远海能,7.37,4.2433
2020-10-12,sh600026,中远海能,7.48,1.4925
2020-10-13,sh600026,中远海能,7.39,-1.2032
2020-10-14,sh600026,中远海能,7.39,0.0
2020-10-15,sh600026,中远海能,7.37,-0.2706
2020-10-16,sh600026,中远海能,7.38,0.1357
2020-10-19,sh600026,中远海能,7.36,-0.271
2020-10-20,sh600026,中远海能,7.34,-0.2717
2020-10-21,sh600026,中远海能,7.3,-0.545
2020-10-22,sh600026,中远海能,7.35,0.6849
2020-10-23,sh600026,中远海能,7.25,-1.3605
2020-10-26,sh600026,中远海能,7.21,-0.5517
2020-10-27,sh600026,中远海能,7.1,-1.5257
2020-10-28,sh600026,中远海能,7.14,0.5634
2020-10-29,sh600026,中远海能,7.23,1.2605
2020-10-30,sh600026,中远海能,6.58,-8.9903
2020-11-02,sh600026,中远海能,6.22,-5.4711
2020-11-03,sh600026,中远海能,6.24,0.3215
2020-11-04,sh600026,中远海能,6.19,-0.8013
2020-11-05,sh600026,中远海能,6.27,1.2924
2020-11-06,sh600026,中远海能,6.52,3.9872
2020-11-09,sh600026,中远海能,6.81,4.4479
2020-11-10,sh600026,中远海能,6.66,-2.2026
2020-11-11,sh600026,中远海能,6.35,-4.6547
2020-11-12,sh600026,中远海能,6.38,0.4724
2020-11-13,sh600026,中远海能,6.32,-0.9404
2020-11-16,sh600026,中远海能,6.47,2.3734
2020-11-17,sh600026,中远海能,6.87,6.1824
2020-11-18,sh600026,中远海能,6.85,-0.2911
2020-11-19,sh600026,中远海能,6.73,-1.7518
2020-11-20,sh600026,中远海能,7.23,7.4294
2020-11-23,sh600026,中远海能,7.23,0.0
2020-11-24,sh600026,中远海能,7.45,3.0429
2020-11-25,sh600026,中远海能,7.3,-2.0134
2020-11-26,sh600026,中远海能,7.26,-0.5479
2020-11-27,sh600026,中远海能,7.25,-0.1377
2020-11-30,sh600026,中远海能,7.08,-2.3448
2020-12-01,sh600026,中远海能,7.07,-0.1412
2020-12-02,sh600026,中远海能,7.05,-0.2829
2020-12-03,sh600026,中远海能,6.97,-1.1348
2020-12-04,sh600026,中远海能,7.01,0.5739
2020-12-07,sh600026,中远海能,6.73,-3.9943
2020-12-08,sh600026,中远海能,6.7,-0.4458
2020-12-09,sh600026,中远海能,6.53,-2.5373
2020-12-10,sh600026,中远海能,6.53,0.0
2020-12-11,sh600026,中远海能,6.4,-1.9908
2020-12-14,sh600026,中远海能,6.5,1.5625
2020-12-15,sh600026,中远海能,6.54,0.6154
2020-12-16,sh600026,中远海能,6.6,0.9174
2020-12-17,sh600026,中远海能,6.76,2.4242
2020-12-18,sh600026,中远海能,6.64,-1.7751
2020-12-21,sh600026,中远海能,6.71,1.0542
2020-12-22,sh600026,中远海能,6.41,-4.4709
2020-12-23,sh600026,中远海能,6.39,-0.312
2020-12-24,sh600026,中远海能,6.42,0.4695
2020-12-25,sh600026,中远海能,6.62,3.1153
2020-12-28,sh600026,中远海能,6.51,-1.6616
2020-12-29,sh600026,中远海能,6.69,2.765
2020-12-30,sh600026,中远海能,6.65,-0.5979
2020-12-31,sh600026,中远海能,6.68,0.4511
2021-01-04,sh600026,中远海能,6.76,1.1976
2021-01-05,sh600026,中远海能,6.77,0.1479
2021-01-06,sh600026,中远海能,6.67,-1.4771
2021-01-07,sh600026,中远海能,6.93,3.8981
2021-01-08,sh600026,中远海能,6.99,0.8658
2021-01-11,sh600026,中远海能,6.7,-4.1488
2021-01-12,sh600026,中远海能,6.93,3.4328
2021-01-13,sh600026,中远海能,7.34,5.9163
2021-01-14,sh600026,中远海能,7.26,-1.0899
2021-01-15,sh600026,中远海能,7.06,-2.7548
2021-01-18,sh600026,中远海能,7.33,3.8244
2021-01-19,sh600026,中远海能,7.14,-2.5921
2021-01-20,sh600026,中远海能,7.04,-1.4006
2021-01-21,sh600026,中远海能,7.09,0.7102
2021-01-22,sh600026,中远海能,7.22,1.8336
2021-01-25,sh600026,中远海能,7.06,-2.2161
2021-01-26,sh600026,中远海能,7.18,1.6997
2021-01-27,sh600026,中远海能,7.03,-2.0891
2021-01-28,sh600026,中远海能,6.5,-7.5391
2021-01-29,sh600026,中远海能,6.36,-2.1538
2021-02-01,sh600026,中远海能,6.3,-0.9434
2021-02-02,sh600026,中远海能,6.31,0.1587
2021-02-03,sh600026,中远海能,6.18,-2.0602
2021-02-04,sh600026,中远海能,6.03,-2.4272
2021-02-05,sh600026,中远海能,6.05,0.3317
2021-02-08,sh600026,中远海能,6.07,0.3306
2021-02-09,sh600026,中远海能,6.23,2.6359
2021-02-10,sh600026,中远海能,6.17,-0.9631
2021-02-18,sh600026,中远海能,6.41,3.8898
2021-02-19,sh600026,中远海能,6.5,1.4041
2021-02-22,sh600026,中远海能,6.57,1.0769
2021-02-23,sh600026,中远海能,6.45,-1.8265
2021-02-24,sh600026,中远海能,6.48,0.4651
2021-02-25,sh600026,中远海能,6.52,0.6173
2021-02-26,sh600026,中远海能,6.33,-2.9141
2021-03-01,sh600026,中远海能,6.33,0.0
2021-03-02,sh600026,中远海能,6.25,-1.2638
2021-03-03,sh600026,中远海能,6.35,1.6
2021-03-04,sh600026,中远海能,6.48,2.0472
2021-03-05,sh600026,中远海能,6.52,0.6173
2021-03-08,sh600026,中远海能,6.45,-1.0736
2021-03-09,sh600026,中远海能,6.67,3.4109
2021-03-10,sh600026,中远海能,6.45,-3.2984
2021-03-11,sh600026,中远海能,6.68,3.5659
2021-03-12,sh600026,中远海能,6.61,-1.0479
2021-03-15,sh600026,中远海能,6.64,0.4539
2021-03-16,sh600026,中远海能,6.61,-0.4518
2021-03-17,sh600026,中远海能,6.69,1.2103
2021-03-18,sh600026,中远海能,6.65,-0.5979
2021-03-19,sh600026,中远海能,6.6,-0.7519
2021-03-22,sh600026,中远海能,6.63,0.4545
2021-03-23,sh600026,中远海能,6.48,-2.2624
2021-03-24,sh600026,中远海能,6.33,-2.3148
2021-03-25,sh600026,中远海能,6.37,0.6319
2021-03-26,sh600026,中远海能,6.41,0.6279
2021-03-29,sh600026,中远海能,6.46,0.78
2021-03-30,sh600026,中远海能,6.47,0.1548
2021-03-31,sh600026,中远海能,6.64,2.6275
2021-04-01,sh600026,中远海能,6.58,-0.9036
2021-04-02,sh600026,中远海能,6.46,-1.8237
2021-04-06,sh600026,中远海能,6.43,-0.4644
2021-04-07,sh600026,中远海能,7.0,8.8647
2021-04-08,sh600026,中远海能,6.62,-5.4286
2021-04-09,sh600026,中远海能,6.63,0.1511
2021-04-12,sh600026,中远海能,6.48,-2.2624
2021-04-13,sh600026,中远海能,6.45,-0.463
2021-04-14,sh600026,中远海能,6.47,0.3101
2021-04-15,sh600026,中远海能,6.39,-1.2365
2021-04-16,sh600026,中远海能,6.51,1.8779
2021-04-19,sh600026,中远海能,6.51,0.0
2021-04-20,sh600026,中远海能,6.45,-0.9217
2021-04-21,sh600026,中远海能,6.34,-1.7054
2021-04-22,sh600026,中远海能,6.36,0.3155
2021-04-23,sh600026,中远海能,6.29,-1.1006
2021-04-26,sh600026,中远海能,6.24,-0.7949
2021-04-27,sh600026,中远海能,6.29,0.8013
2021-04-28,sh600026,中远海能,6.25,-0.6359
2021-04-29,sh600026,中远海能,6.34,1.44
2021-04-30,sh600026,中远海能,6.09,-3.9432
2021-05-06,sh600026,中远海能,6.18,1.4778
2021-05-07,sh600026,中远海能,6.3,1.9417
2021-05-10,sh600026,中远海能,6.38,1.2698
2021-05-11,sh600026,中远海能,6.32,-0.9404
2021-05-12,sh600026,中远海能,6.31,-0.1582
2021-05-13,sh600026,中远海能,6.26,-0.7924
2021-05-14,sh600026,中远海能,6.27,0.1597
2021-05-17,sh600026,中远海能,6.31,0.638
2021-05-18,sh600026,中远海能,6.28,-0.4754
2021-05-19,sh600026,中远海能,6.24,-0.6369
2021-05-20,sh600026,中远海能,6.13,-1.7628
2021-05-21,sh600026,中远海能,6.23,1.6313
2021-05-24,sh600026,中远海能,6.18,-0.8026
2021-05-25,sh600026,中远海能,6.2,0.3236
2021-05-26,sh600026,中远海能,6.2,0.0
2021-05-27,sh600026,中远海能,6.14,-0.9677
2021-05-28,sh600026,中远海能,6.18,0.6515
2021-05-31,sh600026,中远海能,6.11,-1.1327
2021-06-01,sh600026,中远海能,6.13,0.3273
2021-06-02,sh600026,中远海能,6.14,0.1631
2021-06-03,sh600026,中远海能,6.11,-0.4886
2021-06-04,sh600026,中远海能,6.07,-0.6547
2021-06-07,sh600026,中远海能,6.07,0.0
2021-06-08,sh600026,中远海能,6.07,0.0
2021-06-09,sh600026,中远海能,6.04,-0.4942
2021-06-10,sh600026,中远海能,6.22,2.9801
2021-06-11,sh600026,中远海能,6.13,-1.4469
2021-06-15,sh600026,中远海能,6.06,-1.1419
2021-06-16,sh600026,中远海能,5.99,-1.1551
2021-06-17,sh600026,中远海能,6.15,2.6711
2021-06-18,sh600026,中远海能,6.12,-0.4878
2021-06-21,sh600026,中远海能,6.03,-1.4706
2021-06-22,sh600026,中远海能,6.17,2.3217
2021-06-23,sh600026,中远海能,6.34,2.7553
2021-06-24,sh600026,中远海能,6.28,-0.9464
2021-06-25,sh600026,中远海能,6.28,0.0
2021-06-28,sh600026,中远海能,6.19,-1.4331
2021-06-29,sh600026,中远海能,6.13,-0.9693
2021-06-30,sh600026,中远海能,6.16,0.4894
2021-07-01,sh600026,中远海能,6.09,-1.1364
2021-07-02,sh600026,中远海能,6.34,4.1051
2021-07-05,sh600026,中远海能,6.43,1.4196
2021-07-06,sh600026,中远海能,6.34,-1.3997
2021-07-07,sh600026,中远海能,6.32,-0.3155
2021-07-08,sh600026,中远海能,6.18,-2.2152
2021-07-09,sh600026,中远海能,6.26,1.2945
2021-07-12,sh600026,中远海能,6.32,0.9585
2021-07-13,sh600026,中远海能,6.38,0.9494
2021-07-14,sh600026,中远海能,6.41,0.4702
2021-07-15,sh600026,中远海能,6.32,-1.4041
2021-07-16,sh600026,中远海能,6.1,-3.481
2021-07-19,sh600026,中远海能,6.12,0.3279
2021-07-20,sh600026,中远海能,6.0,-1.9608
2021-07-21,sh600026,中远海能,5.68,-5.3333
2021-07-22,sh600026,中远海能,5.69,0.1761
2021-07-23,sh600026,中远海能,5.53,-2.812
2021-07-26,sh600026,中远海能,5.41,-2.17
2021-07-27,sh600026,中远海能,5.38,-0.5545
2021-07-28,sh600026,中远海能,5.39,0.1859
2021-07-29,sh600026,中远海能,5.35,-0.7421
2021-07-30,sh600026,中远海能,5.08,-5.0467
2021-08-02,sh600026,中远海能,5.17,1.7717
2021-08-03,sh600026,中远海能,5.2,0.5803
2021-08-04,sh600026,中远海能,5.13,-1.3462
2021-08-05,sh600026,中远海能,5.06,-1.3645
2021-08-06,sh600026,中远海能,5.09,0.5929
2021-08-09,sh600026,中远海能,5.13,0.7859
2021-08-10,sh600026,中远海能,5.1,-0.5848
2021-08-11,sh600026,中远海能,5.17,1.3725
2021-08-12,sh600026,中远海能,5.27,1.9342
2021-08-13,sh600026,中远海能,5.28,0.1898
2021-08-16,sh600026,中远海能,5.27,-0.1894
2021-08-17,sh600026,中远海能,5.19,-1.518
2021-08-18,sh600026,中远海能,5.19,0.0
2021-08-19,sh600026,中远海能,5.11,-1.5414
2021-08-20,sh600026,中远海能,5.2,1.7613
2021-08-23,sh600026,中远海能,5.18,-0.3846
2021-08-24,sh600026,中远海能,5.18,0.0
2021-08-25,sh600026,中远海能,5.24,1.1583
2021-08-26,sh600026,中远海能,5.3,1.145
2021-08-27,sh600026,中远海能,5.3,0.0
2021-08-30,sh600026,中远海能,5.25,-0.9434
2021-08-31,sh600026,中远海能,5.3,0.9524
2021-09-01,sh600026,中远海能,5.38,1.5094
2021-09-02,sh600026,中远海能,5.4,0.3717
2021-09-03,sh600026,中远海能,5.62,4.0741
2021-09-06,sh600026,中远海能,5.55,-1.2456
2021-09-07,sh600026,中远海能,5.73,3.2432
2021-09-08,sh600026,中远海能,5.75,0.349
2021-09-09,sh600026,中远海能,5.88,2.2609
2021-09-10,sh600026,中远海能,5.91,0.5102
2021-09-13,sh600026,中远海能,6.23,5.4146
2021-09-14,sh600026,中远海能,6.04,-3.0498
2021-09-15,sh600026,中远海能,6.04,0.0
2021-09-16,sh600026,中远海能,6.11,1.1589
2021-09-17,sh600026,中远海能,6.08,-0.491
2021-09-22,sh600026,中远海能,6.18,1.6447
2021-09-23,sh600026,中远海能,6.37,3.0744
2021-09-24,sh600026,中远海能,6.21,-2.5118
2021-09-27,sh600026,中远海能,6.24,0.4831
2021-09-28,sh600026,中远海能,6.86,9.9359
2021-09-29,sh600026,中远海能,7.03,2.4781
2021-09-30,sh600026,中远海能,6.85,-2.5605
2021-10-08,sh600026,中远海能,7.22,5.4015
2021-10-11,sh600026,中远海能,6.68,-7.4792
2021-10-12,sh600026,中远海能,6.62,-0.8982
2021-10-13,sh600026,中远海能,6.53,-1.3595
2021-10-14,sh600026,中远海能,6.6,1.072
2021-10-15,sh600026,中远海能,6.26,-5.1515
2021-10-18,sh600026,中远海能,6.89,10.0639
2021-10-19,sh600026,中远海能,6.66,-3.3382
2021-10-20,sh600026,中远海能,6.46,-3.003
2021-10-21,sh600026,中远海能,6.36,-1.548
2021-10-22,sh600026,中远海能,6.36,0.0
2021-10-25,sh600026,中远海能,6.34,-0.3145
2021-10-26,sh600026,中远海能,6.29,-0.7886
2021-10-27,sh600026,中远海能,5.97,-5.0874
2021-10-28,sh600026,中远海能,5.84,-2.1776
2021-10-29,sh600026,中远海能,5.93,1.5411
2021-11-01,sh600026,中远海能,5.51,-7.0826
2021-11-02,sh600026,中远海能,5.33,-3.2668
2021-11-03,sh600026,中远海能,5.36,0.5629
2021-11-04,sh600026,中远海能,5.5,2.6119
2021-11-05,sh600026,中远海能,5.4,-1.8182
2021-11-08,sh600026,中远海能,5.59,3.5185
2021-11-09,sh600026,中远海能,5.53,-1.0733
2021-11-10,sh600026,中远海能,5.47,-1.085
2021-11-11,sh600026,中远海能,5.55,1.4625
2021-11-12,sh600026,中远海能,5.75,3.6036
2021-11-15,sh600026,中远海能,5.68,-1.2174
2021-11-16,sh600026,中远海能,5.64,-0.7042
2021-11-17,sh600026,中远海能,5.65,0.1773
2021-11-18,sh600026,中远海能,5.65,0.0
2021-11-19,sh600026,中远海能,5.65,0.0
2021-11-22,sh600026,中远海能,5.61,-0.708
2021-11-23,sh600026,中远海能,5.72,1.9608
2021-11-24,sh600026,中远海能,5.76,0.6993
2021-11-25,sh600026,中远海能,5.52,-4.1667
2021-11-26,sh600026,中远海能,5.43,-1.6304
2021-11-29,sh600026,中远海能,5.37,-1.105
2021-11-30,sh600026,中远海能,5.91,10.0559
2021-12-01,sh600026,中远海能,5.86,-0.846
2021-12-02,sh600026,中远海能,5.71,-2.5597
2021-12-03,sh600026,中远海能,5.85,2.4518
2021-12-06,sh600026,中远海能,5.76,-1.5385
2021-12-07,sh600026,中远海能,5.73,-0.5208
2021-12-08,sh600026,中远海能,5.82,1.5707
2021-12-09,sh600026,中远海能,5.96,2.4055
2021-12-10,sh600026,中远海能,5.87,-1.5101
2021-12-13,sh600026,中远海能,5.85,-0.3407
2021-12-14,sh600026,中远海能,5.75,-1.7094
2021-12-15,sh600026,中远海能,5.75,0.0
2021-12-16,sh600026,中远海能,5.77,0.3478
2021-12-17,sh600026,中远海能,5.82,0.8666
2021-12-20,sh600026,中远海能,5.71,-1.89
2021-12-21,sh600026,中远海能,5.8,1.5762
2021-12-22,sh600026,中远海能,5.72,-1.3793
2021-12-23,sh600026,中远海能,5.69,-0.5245
2021-12-24,sh600026,中远海能,5.68,-0.1757
2021-12-27,sh600026,中远海能,5.7,0.3521
2021-12-28,sh600026,中远海能,5.79,1.5789
2021-12-29,sh600026,中远海能,5.81,0.3454
2021-12-30,sh600026,中远海能,5.81,0.0
2021-12-31,sh600026,中远海能,5.92,1.8933
2022-01-04,sh600026,中远海能,6.11,3.2095
2022-01-05,sh600026,中远海能,6.05,-0.982
2022-01-06,sh600026,中远海能,5.99,-0.9917
2022-01-07,sh600026,中远海能,5.99,0.0
2022-01-10,sh600026,中远海能,6.01,0.3339
2022-01-11,sh600026,中远海能,6.1,1.4975
2022-01-12,sh600026,中远海能,5.98,-1.9672
2022-01-13,sh600026,中远海能,5.96,-0.3344
2022-01-14,sh600026,中远海能,5.8,-2.6846
2022-01-17,sh600026,中远海能,5.76,-0.6897
2022-01-18,sh600026,中远海能,5.83,1.2153
2022-01-19,sh600026,中远海能,5.83,0.0
2022-01-20,sh600026,中远海能,5.78,-0.8576
2022-01-21,sh600026,中远海能,5.65,-2.2491
2022-01-24,sh600026,中远海能,5.1,-9.7345
2022-01-25,sh600026,中远海能,4.91,-3.7255
2022-01-26,sh600026,中远海能,5.0,1.833
2022-01-27,sh600026,中远海能,4.95,-1.0
2022-01-28,sh600026,中远海能,5.13,3.6364
2022-02-07,sh600026,中远海能,5.24,2.1442
2022-02-08,sh600026,中远海能,5.76,9.9237
2022-02-09,sh600026,中远海能,5.76,0.0
2022-02-10,sh600026,中远海能,5.98,3.8194
2022-02-11,sh600026,中远海能,5.93,-0.8361
2022-02-14,sh600026,中远海能,5.79,-2.3609
2022-02-15,sh600026,中远海能,5.7,-1.5544
2022-02-16,sh600026,中远海能,5.96,4.5614
2022-02-17,sh600026,中远海能,5.93,-0.5034
2022-02-18,sh600026,中远海能,6.25,5.3963
2022-02-21,sh600026,中远海能,6.35,1.6
2022-02-22,sh600026,中远海能,6.2,-2.3622
2022-02-23,sh600026,中远海能,6.54,5.4839
2022-02-24,sh600026,中远海能,6.64,1.5291
2022-02-25,sh600026,中远海能,6.38,-3.9157
2022-02-28,sh600026,中远海能,6.38,0.0
2022-03-01,sh600026,中远海能,6.11,-4.232
2022-03-02,sh600026,中远海能,6.49,6.2193
2022-03-03,sh600026,中远海能,6.96,7.2419
2022-03-04,sh600026,中远海能,6.79,-2.4425
2022-03-07,sh600026,中远海能,6.57,-3.2401
2022-03-08,sh600026,中远海能,6.27,-4.5662
2022-03-09,sh600026,中远海能,6.01,-4.1467
2022-03-10,sh600026,中远海能,6.0,-0.1664
2022-03-11,sh600026,中远海能,6.39,6.5
2022-03-14,sh600026,中远海能,6.08,-4.8513
2022-03-15,sh600026,中远海能,5.64,-7.2368
2022-03-16,sh600026,中远海能,5.94,5.3191
2022-03-17,sh600026,中远海能,5.71,-3.8721
2022-03-18,sh600026,中远海能,5.8,1.5762
2022-03-21,sh600026,中远海能,5.55,-4.3103
2022-03-22,sh600026,中远海能,5.59,0.7207
2022-03-23,sh600026,中远海能,5.51,-1.4311
2022-03-24,sh600026,中远海能,5.51,0.0
2022-03-25,sh600026,中远海能,5.68,3.0853
2022-03-28,sh600026,中远海能,6.25,10.0352
2022-03-29,sh600026,中远海能,6.7,7.2
2022-03-30,sh600026,中远海能,6.3,-5.9701
2022-03-31,sh600026,中远海能,6.4,1.5873
2022-04-01,sh600026,中远海能,6.53,2.0312
2022-04-06,sh600026,中远海能,6.52,-0.1531
2022-04-07,sh600026,中远海能,6.85,5.0613
2022-04-08,sh600026,中远海能,6.67,-2.6277
2022-04-11,sh600026,中远海能,6.85,2.6987
2022-04-12,sh600026,中远海能,7.02,2.4818
2022-04-13,sh600026,中远海能,7.14,1.7094
2022-04-14,sh600026,中远海能,7.58,6.1625
2022-04-15,sh600026,中远海能,7.45,-1.715
2022-04-18,sh600026,中远海能,7.21,-3.2215
2022-04-19,sh600026,中远海能,7.61,5.5479
2022-04-20,sh600026,中远海能,7.72,1.4455
2022-04-21,sh600026,中远海能,7.87,1.943
2022-04-22,sh600026,中远海能,8.16,3.6849
2022-04-25,sh600026,中远海能,7.34,-10.049
2022-04-26,sh600026,中远海能,6.92,-5.7221
2022-04-27,sh600026,中远海能,7.43,7.3699
2022-04-28,sh600026,中远海能,7.81,5.1144
2022-04-29,sh600026,中远海能,7.89,1.0243
2022-05-05,sh600026,中远海能,8.0,1.3942
2022-05-06,sh600026,中远海能,8.32,4.0
2022-05-09,sh600026,中远海能,8.04,-3.3654
2022-05-10,sh600026,中远海能,7.36,-8.4577
2022-05-11,sh600026,中远海能,7.38,0.2717
2022-05-12,sh600026,中远海能,7.55,2.3035
2022-05-13,sh600026,中远海能,8.1,7.2848
2022-05-16,sh600026,中远海能,8.61,6.2963
2022-05-17,sh600026,中远海能,8.91,3.4843
2022-05-18,sh600026,中远海能,8.34,-6.3973
2022-05-19,sh600026,中远海能,8.7,4.3165
2022-05-20,sh600026,中远海能,8.52,-2.069
2022-05-23,sh600026,中远海能,8.48,-0.4695
2022-05-24,sh600026,中远海能,9.01,6.25
2022-05-25,sh600026,中远海能,9.27,2.8857
2022-05-26,sh600026,中远海能,9.22,-0.5394
2022-05-27,sh600026,中远海能,9.76,5.8568
2022-05-30,sh600026,中远海能,9.59,-1.7418
2022-05-31,sh600026,中远海能,10.18,6.1522
2022-06-01,sh600026,中远海能,11.2,10.0196
2022-06-02,sh600026,中远海能,11.11,-0.8036
2022-06-06,sh600026,中远海能,11.0,-0.9901
2022-06-07,sh600026,中远海能,11.79,7.1818
2022-06-08,sh600026,中远海能,11.68,-0.933
2022-06-09,sh600026,中远海能,10.81,-7.4486
2022-06-10,sh600026,中远海能,11.02,1.9426
2022-06-13,sh600026,中远海能,10.39,-5.7169
2022-06-14,sh600026,中远海能,10.4,0.0962
2022-06-15,sh600026,中远海能,10.19,-2.0192
2022-06-16,sh600026,中远海能,9.95,-2.3553
2022-06-17,sh600026,中远海能,9.85,-1.005
2022-06-20,sh600026,中远海能,9.36,-4.9746
2022-06-21,sh600026,中远海能,9.85,5.235
2022-06-22,sh600026,中远海能,10.21,3.6548
2022-06-23,sh600026,中远海能,10.18,-0.2938
2022-06-24,sh600026,中远海能,9.61,-5.5992
2022-06-27,sh600026,中远海能,10.45,8.7409
2022-06-28,sh600026,中远海能,11.05,5.7416
2022-06-29,sh600026,中远海能,10.52,-4.7964
2022-06-30,sh600026,中远海能,10.33,-1.8061
2022-07-01,sh600026,中远海能,9.88,-4.3562
2022-07-04,sh600026,中远海能,10.15,2.7328
2022-07-05,sh600026,中远海能,10.47,3.1527
2022-07-06,sh600026,中远海能,9.42,-10.0287
2022-07-07,sh600026,中远海能,8.86,-5.9448
2022-07-08,sh600026,中远海能,8.88,0.2257
2022-07-11,sh600026,中远海能,9.05,1.9144
2022-07-12,sh600026,中远海能,8.68,-4.0884
2022-07-13,sh600026,中远海能,9.15,5.4147
2022-07-14,sh600026,中远海能,9.04,-1.2022
2022-07-15,sh600026,中远海能,8.85,-2.1018
2022-07-18,sh600026,中远海能,9.74,10.0565
2022-07-19,sh600026,中远海能,10.38,6.5708
2022-07-20,sh600026,中远海能,11.06,6.5511
2022-07-21,sh600026,中远海能,11.54,4.34
2022-07-22,sh600026,中远海能,12.01,4.0728
2022-07-25,sh600026,中远海能,12.46,3.7469
2022-07-26,sh600026,中远海能,12.69,1.8459
2022-07-27,sh600026,中远海能,12.7,0.0788
2022-07-28,sh600026,中远海能,12.64,-0.4724
2022-07-29,sh600026,中远海能,12.67,0.2373
2022-08-01,sh600026,中远海能,13.56,7.0245
2022-08-02,sh600026,中远海能,13.14,-3.0973
2022-08-03,sh600026,中远海能,12.52,-4.7184
2022-08-04,sh600026,中远海能,12.26,-2.0767
2022-08-05,sh600026,中远海能,12.0,-2.1207
2022-08-08,sh600026,中远海能,12.25,2.0833
2022-08-09,sh600026,中远海能,13.25,8.1633
2022-08-10,sh600026,中远海能,12.77,-3.6226
2022-08-11,sh600026,中远海能,12.7,-0.5482
2022-08-12,sh600026,中远海能,12.96,2.0472
2022-08-15,sh600026,中远海能,13.14,1.3889
2022-08-16,sh600026,中远海能,14.45,9.9696
2022-08-17,sh600026,中远海能,14.96,3.5294
2022-08-18,sh600026,中远海能,15.1,0.9358
2022-08-19,sh600026,中远海能,14.36,-4.9007
2022-08-22,sh600026,中远海能,15.8,10.0279
2022-08-23,sh600026,中远海能,16.27,2.9747
2022-08-24,sh600026,中远海能,15.42,-5.2243
2022-08-25,sh600026,中远海能,16.96,9.987
2022-08-26,sh600026,中远海能,15.37,-9.375
2022-08-29,sh600026,中远海能,15.41,0.2602
2022-08-30,sh600026,中远海能,15.2,-1.3628
2022-08-31,sh600026,中远海能,14.1,-7.2368
2022-09-01,sh600026,中远海能,13.94,-1.1348
2022-09-02,sh600026,中远海能,15.2,9.0387
2022-09-05,sh600026,中远海能,16.6,9.2105
2022-09-06,sh600026,中远海能,17.53,5.6024
2022-09-07,sh600026,中远海能,17.53,0.0
2022-09-08,sh600026,中远海能,17.13,-2.2818
2022-09-09,sh600026,中远海能,16.33,-4.6702
2022-09-13,sh600026,中远海能,16.54,1.286
2022-09-14,sh600026,中远海能,17.65,6.711
2022-09-15,sh600026,中远海能,16.63,-5.779
2022-09-16,sh600026,中远海能,15.9,-4.3897
2022-09-19,sh600026,中远海能,17.18,8.0503
2022-09-20,sh600026,中远海能,17.25,0.4075
2022-09-21,sh600026,中远海能,18.98,10.029
2022-09-22,sh600026,中远海能,19.58,3.1612
2022-09-23,sh600026,中远海能,18.7,-4.4944
2022-09-26,sh600026,中远海能,18.29,-2.1925
2022-09-27,sh600026,中远海能,18.36,0.3827
2022-09-28,sh600026,中远海能,18.71,1.9063
2022-09-29,sh600026,中远海能,17.38,-7.1085
2022-09-30,sh600026,中远海能,18.09,4.0852
2022-10-10,sh600026,中远海能,16.89,-6.6335
2022-10-11,sh600026,中远海能,17.19,1.7762
2022-10-12,sh600026,中远海能,16.3,-5.1774
2022-10-13,sh600026,中远海能,15.6,-4.2945
2022-10-14,sh600026,中远海能,17.05,9.2949
2022-10-17,sh600026,中远海能,18.41,7.9765
2022-10-18,sh600026,中远海能,18.4,-0.0543
2022-10-19,sh600026,中远海能,20.24,10.0
2022-10-20,sh600026,中远海能,19.8,-2.1739
2022-10-21,sh600026,中远海能,20.08,1.4141
2022-10-24,sh600026,中远海能,18.56,-7.5697
2022-10-25,sh600026,中远海能,19.59,5.5496
2022-10-26,sh600026,中远海能,18.43,-5.9214
2022-10-27,sh600026,中远海能,17.77,-3.5811
2022-10-28,sh600026,中远海能,17.37,-2.251
2022-10-31,sh600026,中远海能,16.91,-2.6482
2022-11-01,sh600026,中远海能,16.79,-0.7096
2022-11-02,sh600026,中远海能,18.47,10.006
2022-11-03,sh600026,中远海能,18.7,1.2453
2022-11-04,sh600026,中远海能,20.02,7.0588
2022-11-07,sh600026,中远海能,19.55,-2.3477
2022-11-08,sh600026,中远海能,18.74,-4.1432
2022-11-09,sh600026,中远海能,18.41,-1.7609
2022-11-10,sh600026,中远海能,17.94,-2.553
2022-11-11,sh600026,中远海能,18.48,3.01
2022-11-14,sh600026,中远海能,17.42,-5.7359
2022-11-15,sh600026,中远海能,17.25,-0.9759
2022-11-16,sh600026,中远海能,18.52,7.3623
2022-11-17,sh600026,中远海能,19.43,4.9136
2022-11-18,sh600026,中远海能,18.36,-5.5069
2022-11-21,sh600026,中远海能,18.75,2.1242
2022-11-22,sh600026,中远海能,19.24,2.6133
2022-11-23,sh600026,中远海能,18.88,-1.8711
2022-11-24,sh600026,中远海能,18.22,-3.4958
2022-11-25,sh600026,中远海能,18.14,-0.4391
2022-11-28,sh600026,中远海能,17.92,-1.2128
2022-11-29,sh600026,中远海能,16.75,-6.529
2022-11-30,sh600026,中远海能,15.38,-8.1791
2022-12-01,sh600026,中远海能,15.25,-0.8453
2022-12-02,sh600026,中远海能,13.78,-9.6393
2022-12-05,sh600026,中远海能,14.18,2.9028
2022-12-06,sh600026,中远海能,13.69,-3.4556
2022-12-07,sh600026,中远海能,13.56,-0.9496
2022-12-08,sh600026,中远海能,13.34,-1.6224
2022-12-09,sh600026,中远海能,13.65,2.3238
2022-12-12,sh600026,中远海能,13.94,2.1245
2022-12-13,sh600026,中远海能,14.81,6.241
2022-12-14,sh600026,中远海能,14.12,-4.659
2022-12-15,sh600026,中远海能,13.95,-1.204
2022-12-16,sh600026,中远海能,13.77,-1.2903
2022-12-19,sh600026,中远海能,13.2,-4.1394
2022-12-20,sh600026,中远海能,13.28,0.6061
2022-12-21,sh600026,中远海能,13.18,-0.753
2022-12-22,sh600026,中远海能,12.44,-5.6146
2022-12-23,sh600026,中远海能,12.03,-3.2958
2022-12-26,sh600026,中远海能,12.24,1.7456
2022-12-27,sh600026,中远海能,12.26,0.1634
2022-12-28,sh600026,中远海能,12.15,-0.8972
2022-12-29,sh600026,中远海能,12.01,-1.1523
2022-12-30,sh600026,中远海能,12.05,0.3331
2023-01-03,sh600026,中远海能,12.58,4.3983
2023-01-04,sh600026,中远海能,12.05,-4.213
2023-01-05,sh600026,中远海能,11.89,-1.3278
2023-01-06,sh600026,中远海能,12.0,0.9251
2023-01-09,sh600026,中远海能,12.0,0.0
2023-01-10,sh600026,中远海能,11.78,-1.8333
2023-01-11,sh600026,中远海能,12.25,3.9898
2023-01-12,sh600026,中远海能,13.06,6.6122
2023-01-13,sh600026,中远海能,13.42,2.7565
2023-01-16,sh600026,中远海能,13.66,1.7884
2023-01-17,sh600026,中远海能,13.65,-0.0732
2023-01-18,sh600026,中远海能,14.18,3.8828
2023-01-19,sh600026,中远海能,14.18,0.0
2023-01-20,sh600026,中远海能,14.32,0.9873
2023-01-30,sh600026,中远海能,13.69,-4.3994
2023-01-31,sh600026,中远海能,14.28,4.3097
2023-02-01,sh600026,中远海能,14.89,4.2717
2023-02-02,sh600026,中远海能,14.92,0.2015
2023-02-03,sh600026,中远海能,15.09,1.1394
2023-02-06,sh600026,中远海能,14.92,-1.1266
2023-02-07,sh600026,中远海能,15.58,4.4236
2023-02-08,sh600026,中远海能,15.56,-0.1284
2023-02-09,sh600026,中远海能,15.43,-0.8355
2023-02-10,sh600026,中远海能,15.45,0.1296
2023-02-13,sh600026,中远海能,15.15,-1.9417
2023-02-14,sh600026,中远海能,15.51,2.3762
2023-02-15,sh600026,中远海能,15.34,-1.0961
2023-02-16,sh600026,中远海能,14.91,-2.8031
2023-02-17,sh600026,中远海能,15.51,4.0241
2023-02-20,sh600026,中远海能,15.39,-0.7737
2023-02-21,sh600026,中远海能,15.18,-1.3645
2023-02-22,sh600026,中远海能,15.23,0.3294
2023-02-23,sh600026,中远海能,14.63,-3.9396
2023-02-24,sh600026,中远海能,14.89,1.7772
2023-02-27,sh600026,中远海能,14.44,-3.0222
2023-02-28,sh600026,中远海能,14.48,0.277
2023-03-01,sh600026,中远海能,15.04,3.8674
2023-03-02,sh600026,中远海能,14.9,-0.9309
2023-03-03,sh600026,中远海能,15.41,3.4228
2023-03-06,sh600026,中远海能,15.06,-2.2713
2023-03-07,sh600026,中远海能,14.54,-3.4529
2023-03-08,sh600026,中远海能,14.62,0.5502
2023-03-09,sh600026,中远海能,15.87,8.5499
2023-03-10,sh600026,中远海能,15.71,-1.0082
2023-03-13,sh600026,中远海能,16.17,2.9281
2023-03-14,sh600026,中远海能,14.55,-10.0186
2023-03-15,sh600026,中远海能,15.05,3.4364
2023-03-16,sh600026,中远海能,14.01,-6.9103
2023-03-17,sh600026,中远海能,13.93,-0.571
2023-03-20,sh600026,中远海能,14.13,1.4358
2023-03-21,sh600026,中远海能,14.72,4.1755
2023-03-22,sh600026,中远海能,14.46,-1.7663
2023-03-23,sh600026,中远海能,14.13,-2.2822
2023-03-24,sh600026,中远海能,13.66,-3.3263
2023-03-27,sh600026,中远海能,13.89,1.6837
2023-03-28,sh600026,中远海能,13.7,-1.3679
2023-03-29,sh600026,中远海能,13.48,-1.6058
2023-03-30,sh600026,中远海能,13.7,1.632
2023-03-31,sh600026,中远海能,13.54,-1.1679
2023-04-03,sh600026,中远海能,12.49,-7.7548
2023-04-04,sh600026,中远海能,12.33,-1.281
2023-04-06,sh600026,中远海能,12.66,2.6764
2023-04-07,sh600026,中远海能,12.74,0.6319
2023-04-10,sh600026,中远海能,12.99,1.9623
2023-04-11,sh600026,中远海能,12.8,-1.4627
2023-04-12,sh600026,中远海能,13.08,2.1875
2023-04-13,sh600026,中远海能,13.57,3.7462
2023-04-14,sh600026,中远海能,13.8,1.6949
2023-04-17,sh600026,中远海能,14.16,2.6087
2023-04-18,sh600026,中远海能,14.12,-0.2825
2023-04-19,sh600026,中远海能,14.08,-0.2833
2023-04-20,sh600026,中远海能,13.96,-0.8523
2023-04-21,sh600026,中远海能,13.58,-2.7221
2023-04-24,sh600026,中远海能,13.42,-1.1782
2023-04-25,sh600026,中远海能,13.19,-1.7139
2023-04-26,sh600026,中远海能,12.97,-1.6679
2023-04-27,sh600026,中远海能,13.1,1.0023
2023-04-28,sh600026,中远海能,13.12,0.1527
2023-05-04,sh600026,中远海能,12.91,-1.6006
2023-05-05,sh600026,中远海能,12.54,-2.866
2023-05-08,sh600026,中远海能,12.55,0.0797
2023-05-09,sh600026,中远海能,12.3,-1.992
2023-05-10,sh600026,中远海能,12.12,-1.4634
2023-05-11,sh600026,中远海能,12.13,0.0825
2023-05-12,sh600026,中远海能,11.91,-1.8137
2023-05-15,sh600026,中远海能,12.2,2.4349
2023-05-16,sh600026,中远海能,12.04,-1.3115
2023-05-17,sh600026,中远海能,12.09,0.4153
2023-05-18,sh600026,中远海能,11.86,-1.9024
2023-05-19,sh600026,中远海能,11.78,-0.6745
2023-05-22,sh600026,中远海能,11.98,1.6978
2023-05-23,sh600026,中远海能,11.77,-1.7529
2023-05-24,sh600026,中远海能,11.59,-1.5293
2023-05-25,sh600026,中远海能,11.36,-1.9845
2023-05-26,sh600026,中远海能,11.38,0.1761
2023-05-29,sh600026,中远海能,11.33,-0.4394
2023-05-30,sh600026,中远海能,11.29,-0.353
2023-05-31,sh600026,中远海能,11.19,-0.8857
2023-06-01,sh600026,中远海能,10.88,-2.7703
2023-06-02,sh600026,中远海能,11.43,5.0551
2023-06-05,sh600026,中远海能,11.15,-2.4497
2023-06-06,sh600026,中远海能,10.95,-1.7937
2023-06-07,sh600026,中远海能,11.03,0.7306
2023-06-08,sh600026,中远海能,11.23,1.8132
2023-06-09,sh600026,中远海能,12.11,7.8362
2023-06-12,sh600026,中远海能,12.5,3.2205
2023-06-13,sh600026,中远海能,12.64,1.12
2023-06-14,sh600026,中远海能,12.98,2.6899
2023-06-15,sh600026,中远海能,12.85,-1.0015
2023-06-16,sh600026,中远海能,13.44,4.5914
2023-06-19,sh600026,中远海能,13.37,-0.5208
2023-06-20,sh600026,中远海能,12.84,-3.9641
2023-06-21,sh600026,中远海能,12.63,-1.6355
2023-06-26,sh600026,中远海能,12.4,-1.8211
2023-06-27,sh600026,中远海能,12.25,-1.2097
2023-06-28,sh600026,中远海能,12.15,-0.8163
2023-06-29,sh600026,中远海能,12.13,-0.1646
2023-06-30,sh600026,中远海能,12.64,4.2045
2023-07-03,sh600026,中远海能,13.75,8.7816
2023-07-04,sh600026,中远海能,13.74,-0.0727
2023-07-05,sh600026,中远海能,13.41,-2.4017
2023-07-06,sh600026,中远海能,13.89,3.5794
2023-07-07,sh600026,中远海能,14.04,1.0799
2023-07-10,sh600026,中远海能,13.78,-1.8519
2023-07-11,sh600026,中远海能,13.61,-1.2337
2023-07-12,sh600026,中远海能,13.69,0.5878
2023-07-13,sh600026,中远海能,14.07,2.7757
2023-07-14,sh600026,中远海能,14.67,4.2644
2023-07-17,sh600026,中远海能,14.59,-0.5453
2023-07-18,sh600026,中远海能,14.2,-2.6731
2023-07-19,sh600026,中远海能,14.5,2.1127
2023-07-20,sh600026,中远海能,14.05,-3.1034
2023-07-21,sh600026,中远海能,14.02,-0.2135
2023-07-24,sh600026,中远海能,14.05,0.214
2023-07-25,sh600026,中远海能,14.33,1.9929
2023-07-26,sh600026,中远海能,14.2,-0.9072
2023-07-27,sh600026,中远海能,14.04,-1.1268
2023-07-28,sh600026,中远海能,13.82,-1.567
2023-07-31,sh600026,中远海能,14.68,6.2229
2023-08-01,sh600026,中远海能,14.5,-1.2262
2023-08-02,sh600026,中远海能,14.03,-3.2414
2023-08-03,sh600026,中远海能,13.98,-0.3564
2023-08-04,sh600026,中远海能,13.99,0.0715
2023-08-07,sh600026,中远海能,13.76,-1.644
2023-08-08,sh600026,中远海能,13.66,-0.7267
2023-08-09,sh600026,中远海能,13.57,-0.6589
2023-08-10,sh600026,中远海能,14.61,7.664
2023-08-11,sh600026,中远海能,14.07,-3.6961
2023-08-14,sh600026,中远海能,14.04,-0.2132
2023-08-15,sh600026,中远海能,13.79,-1.7806
2023-08-16,sh600026,中远海能,13.58,-1.5228
2023-08-17,sh600026,中远海能,13.81,1.6937
2023-08-18,sh600026,中远海能,14.03,1.593
2023-08-21,sh600026,中远海能,13.35,-4.8468
2023-08-22,sh600026,中远海能,13.57,1.6479
2023-08-23,sh600026,中远海能,13.16,-3.0214
2023-08-24,sh600026,中远海能,13.07,-0.6839
2023-08-25,sh600026,中远海能,12.96,-0.8416
2023-08-28,sh600026,中远海能,13.36,3.0864
2023-08-29,sh600026,中远海能,13.64,2.0958
2023-08-30,sh600026,中远海能,13.58,-0.4399
2023-08-31,sh600026,中远海能,13.25,-2.43
2023-09-01,sh600026,中远海能,13.67,3.1698
2023-09-04,sh600026,中远海能,13.97,2.1946
2023-09-05,sh600026,中远海能,13.56,-2.9349
2023-09-06,sh600026,中远海能,12.6,-7.0796
2023-09-07,sh600026,中远海能,12.51,-0.7143
2023-09-08,sh600026,中远海能,12.53,0.1599
2023-09-11,sh600026,中远海能,12.76,1.8356
2023-09-12,sh600026,中远海能,12.55,-1.6458
2023-09-13,sh600026,中远海能,12.45,-0.7968
2023-09-14,sh600026,中远海能,12.5,0.4016
2023-09-15,sh600026,中远海能,12.5,0.0
2023-09-18,sh600026,中远海能,12.63,1.04
2023-09-19,sh600026,中远海能,12.75,0.9501
2023-09-20,sh600026,中远海能,12.82,0.549
2023-09-21,sh600026,中远海能,13.58,5.9282
2023-09-22,sh600026,中远海能,14.02,3.2401
2023-09-25,sh600026,中远海能,14.18,1.1412
2023-09-26,sh600026,中远海能,14.07,-0.7757
2023-09-27,sh600026,中远海能,13.89,-1.2793
2023-09-28,sh600026,中远海能,13.52,-2.6638
2023-10-09,sh600026,中远海能,13.48,-0.2959
2023-10-10,sh600026,中远海能,13.05,-3.1899
2023-10-11,sh600026,中远海能,12.85,-1.5326
2023-10-12,sh600026,中远海能,12.7,-1.1673
2023-10-13,sh600026,中远海能,12.71,0.0787
2023-10-16,sh600026,中远海能,13.98,9.9921
2023-10-17,sh600026,中远海能,13.83,-1.073
2023-10-18,sh600026,中远海能,14.04,1.5184
2023-10-19,sh600026,中远海能,13.82,-1.567
2023-10-20,sh600026,中远海能,13.53,-2.0984
2023-10-23,sh600026,中远海能,13.11,-3.1042
2023-10-24,sh600026,中远海能,13.2,0.6865
2023-10-25,sh600026,中远海能,13.16,-0.303
2023-10-26,sh600026,中远海能,13.0,-1.2158
2023-10-27,sh600026,中远海能,13.53,4.0769
2023-10-30,sh600026,中远海能,14.17,4.7302
2023-10-31,sh600026,中远海能,14.42,1.7643
2023-11-01,sh600026,中远海能,14.32,-0.6935
2023-11-02,sh600026,中远海能,14.47,1.0475
2023-11-03,sh600026,中远海能,14.49,0.1382
2023-11-06,sh600026,中远海能,14.54,0.3451
2023-11-07,sh600026,中远海能,14.29,-1.7194
2023-11-08,sh600026,中远海能,13.84,-3.1491
2023-11-09,sh600026,中远海能,13.93,0.6503
2023-11-10,sh600026,中远海能,14.15,1.5793
2023-11-13,sh600026,中远海能,13.67,-3.3922
2023-11-14,sh600026,中远海能,13.85,1.3168
2023-11-15,sh600026,中远海能,13.8,-0.361
2023-11-16,sh600026,中远海能,13.82,0.1449
2023-11-17,sh600026,中远海能,13.85,0.2171
2023-11-20,sh600026,中远海能,13.54,-2.2383
2023-11-21,sh600026,中远海能,13.83,2.1418
2023-11-22,sh600026,中远海能,13.93,0.7231
2023-11-23,sh600026,中远海能,14.0,0.5025
2023-11-24,sh600026,中远海能,13.61,-2.7857
2023-11-27,sh600026,中远海能,13.63,0.147
2023-11-28,sh600026,中远海能,13.37,-1.9076
2023-11-29,sh600026,中远海能,13.34,-0.2244
2023-11-30,sh600026,中远海能,13.18,-1.1994
2023-12-01,sh600026,中远海能,13.18,0.0
2023-12-04,sh600026,中远海能,13.03,-1.1381
2023-12-05,sh600026,中远海能,12.86,-1.3047
2023-12-06,sh600026,中远海能,12.91,0.3888
2023-12-07,sh600026,中远海能,12.62,-2.2463
2023-12-08,sh600026,中远海能,12.55,-0.5547
2023-12-11,sh600026,中远海能,12.56,0.0797
2023-12-12,sh600026,中远海能,12.25,-2.4682
2023-12-13,sh600026,中远海能,11.64,-4.9796
2023-12-14,sh600026,中远海能,11.65,0.0859
2023-12-15,sh600026,中远海能,11.56,-0.7725
2023-12-18,sh600026,中远海能,12.72,10.0346
2023-12-19,sh600026,中远海能,12.49,-1.8082
2023-12-20,sh600026,中远海能,12.94,3.6029
2023-12-21,sh600026,中远海能,12.68,-2.0093
2023-12-22,sh600026,中远海能,12.7,0.1577
2023-12-25,sh600026,中远海能,12.22,-3.7795
2023-12-26,sh600026,中远海能,12.36,1.1457
2023-12-27,sh600026,中远海能,12.57,1.699
2023-12-28,sh600026,中远海能,12.19,-3.0231
2023-12-29,sh600026,中远海能,12.24,0.4102
2024-01-02,sh600026,中远海能,12.79,4.4935
2024-01-03,sh600026,中远海能,13.05,2.0328
2024-01-04,sh600026,中远海能,13.03,-0.1533
2024-01-05,sh600026,中远海能,12.78,-1.9186
2024-01-08,sh600026,中远海能,13.0,1.7214
2024-01-09,sh600026,中远海能,12.51,-3.7692
2024-01-10,sh600026,中远海能,12.33,-1.4388
2024-01-11,sh600026,中远海能,12.46,1.0543
2024-01-12,sh600026,中远海能,13.04,4.6549
2024-01-15,sh600026,中远海能,14.09,8.0521
2024-01-16,sh600026,中远海能,14.04,-0.3549
2024-01-17,sh600026,中远海能,13.39,-4.6296
2024-01-18,sh600026,中远海能,13.75,2.6886
2024-01-19,sh600026,中远海能,13.29,-3.3455
2024-01-22,sh600026,中远海能,12.76,-3.988
2024-01-23,sh600026,中远海能,12.87,0.8621
2024-01-24,sh600026,中远海能,13.22,2.7195
2024-01-25,sh600026,中远海能,13.62,3.0257
2024-01-26,sh600026,中远海能,13.6,-0.1468
2024-01-29,sh600026,中远海能,13.74,1.0294
2024-01-30,sh600026,中远海能,13.43,-2.2562
2024-01-31,sh600026,中远海能,13.18,-1.8615
2024-02-01,sh600026,中远海能,12.93,-1.8968
2024-02-02,sh600026,中远海能,12.74,-1.4695
2024-02-05,sh600026,中远海能,12.16,-4.5526
2024-02-06,sh600026,中远海能,12.43,2.2204
2024-02-07,sh600026,中远海能,12.9,3.7812
2024-02-08,sh600026,中远海能,13.04,1.0853
2024-02-19,sh600026,中远海能,14.04,7.6687
2024-02-20,sh600026,中远海能,14.12,0.5698
2024-02-21,sh600026,中远海能,14.0,-0.8499
2024-02-22,sh600026,中远海能,14.14,1.0
2024-02-23,sh600026,中远海能,13.71,-3.041
2024-02-26,sh600026,中远海能,13.64,-0.5106
2024-02-27,sh600026,中远海能,13.67,0.2199
2024-02-28,sh600026,中远海能,13.31,-2.6335
2024-02-29,sh600026,中远海能,13.78,3.5312
2024-03-01,sh600026,中远海能,13.52,-1.8868
2024-03-04,sh600026,中远海能,14.16,4.7337
2024-03-05,sh600026,中远海能,14.11,-0.3531
2024-03-06,sh600026,中远海能,14.25,0.9922
2024-03-07,sh600026,中远海能,14.54,2.0351
2024-03-08,sh600026,中远海能,14.6,0.4127
2024-03-11,sh600026,中远海能,14.71,0.7534
2024-03-12,sh600026,中远海能,14.17,-3.671
2024-03-13,sh600026,中远海能,14.12,-0.3529
2024-03-14,sh600026,中远海能,14.36,1.6997
2024-03-15,sh600026,中远海能,14.28,-0.5571
2024-03-18,sh600026,中远海能,14.92,4.4818
2024-03-19,sh600026,中远海能,15.13,1.4075
2024-03-20,sh600026,中远海能,15.94,5.3536
2024-03-21,sh600026,中远海能,16.19,1.5684
2024-03-22,sh600026,中远海能,16.2,0.0618
2024-03-25,sh600026,中远海能,16.35,0.9259
2024-03-26,sh600026,中远海能,16.32,-0.1835
2024-03-27,sh600026,中远海能,16.0,-1.9608
2024-03-28,sh600026,中远海能,15.95,-0.3125
2024-03-29,sh600026,中远海能,16.83,5.5172
2024-04-01,sh600026,中远海能,16.73,-0.5942
2024-04-02,sh600026,中远海能,17.02,1.7334
2024-04-03,sh600026,中远海能,17.52,2.9377
2024-04-08,sh600026,中远海能,17.08,-2.5114
2024-04-09,sh600026,中远海能,16.2,-5.1522
2024-04-10,sh600026,中远海能,16.11,-0.5556
2024-04-11,sh600026,中远海能,15.8,-1.9243
2024-04-12,sh600026,中远海能,16.16,2.2785
2024-04-15,sh600026,中远海能,16.72,3.4653
2024-04-16,sh600026,中远海能,15.82,-5.3828
2024-04-17,sh600026,中远海能,16.22,2.5284
2024-04-18,sh600026,中远海能,16.01,-1.2947
2024-04-19,sh600026,中远海能,16.94,5.8089
2024-04-22,sh600026,中远海能,16.51,-2.5384
2024-04-23,sh600026,中远海能,15.92,-3.5736
2024-04-24,sh600026,中远海能,16.17,1.5704
2024-04-25,sh600026,中远海能,16.07,-0.6184
2024-04-26,sh600026,中远海能,15.76,-1.9291
2024-04-29,sh600026,中远海能,15.85,0.5711
2024-04-30,sh600026,中远海能,15.93,0.5047
2024-05-06,sh600026,中远海能,16.39,2.8876
2024-05-07,sh600026,中远海能,16.06,-2.0134
2024-05-08,sh600026,中远海能,16.34,1.7435
2024-05-09,sh600026,中远海能,17.01,4.1004
2024-05-10,sh600026,中远海能,17.15,0.823
2024-05-13,sh600026,中远海能,18.12,5.656
2024-05-14,sh600026,中远海能,17.96,-0.883
2024-05-15,sh600026,中远海能,17.87,-0.5011
2024-05-16,sh600026,中远海能,17.0,-4.8685
2024-05-17,sh600026,中远海能,17.02,0.1176
2024-05-20,sh600026,中远海能,17.65,3.7015
2024-05-21,sh600026,中远海能,17.8,0.8499
2024-05-22,sh600026,中远海能,17.3,-2.809
2024-05-23,sh600026,中远海能,17.2,-0.578
2024-05-24,sh600026,中远海能,17.22,0.1163
2024-05-27,sh600026,中远海能,17.86,3.7166
2024-05-28,sh600026,中远海能,18.21,1.9597
2024-05-29,sh600026,中远海能,18.15,-0.3295
2024-05-30,sh600026,中远海能,18.12,-0.1653
2024-05-31,sh600026,中远海能,17.62,-2.7594
2024-06-03,sh600026,中远海能,17.56,-0.3405
2024-06-04,sh600026,中远海能,17.62,0.3417
2024-06-05,sh600026,中远海能,17.5,-0.681
2024-06-06,sh600026,中远海能,17.91,2.3429
2024-06-07,sh600026,中远海能,18.4,2.7359
2024-06-11,sh600026,中远海能,17.13,-6.9022
2024-06-12,sh600026,中远海能,17.11,-0.1168
2024-06-13,sh600026,中远海能,16.96,-0.8767
2024-06-14,sh600026,中远海能,16.37,-3.4788
2024-06-17,sh600026,中远海能,15.86,-3.1155
2024-06-18,sh600026,中远海能,16.03,1.0719
2024-06-19,sh600026,中远海能,15.9,-0.811
2024-06-20,sh600026,中远海能,16.42,3.2704
2024-06-21,sh600026,中远海能,16.16,-1.5834
2024-06-24,sh600026,中远海能,15.85,-1.9183
2024-06-25,sh600026,中远海能,15.79,-0.3785
2024-06-26,sh600026,中远海能,15.48,-1.9633
2024-06-27,sh600026,中远海能,15.22,-1.6796
2024-06-28,sh600026,中远海能,15.61,2.5624
2024-07-01,sh600026,中远海能,16.01,2.5625
2024-07-02,sh600026,中远海能,15.81,-1.2492
2024-07-03,sh600026,中远海能,15.45,-2.277
2024-07-04,sh600026,中远海能,15.63,1.165
2024-07-05,sh600026,中远海能,15.6,-0.1919
2024-07-08,sh600026,中远海能,15.15,-2.8846
2024-07-09,sh600026,中远海能,14.91,-1.5842
2024-07-10,sh600026,中远海能,14.56,-2.3474
2024-07-11,sh600026,中远海能,14.57,0.0687
2024-07-12,sh600026,中远海能,14.19,-2.6081
2024-07-15,sh600026,中远海能,13.96,-1.6209
2024-07-16,sh600026,中远海能,14.26,2.149
2024-07-17,sh600026,中远海能,13.94,-2.244
2024-07-18,sh600026,中远海能,14.24,2.1521
2024-07-19,sh600026,中远海能,14.26,0.1404
2024-07-22,sh600026,中远海能,14.36,0.7013
2024-07-23,sh600026,中远海能,14.95,4.1086
2024-07-24,sh600026,中远海能,14.73,-1.4716
2024-07-25,sh600026,中远海能,14.76,0.2037
2024-07-26,sh600026,中远海能,14.72,-0.271
2024-07-29,sh600026,中远海能,14.68,-0.2717
2024-07-30,sh600026,中远海能,14.74,0.4087
2024-07-31,sh600026,中远海能,15.4,4.4776
2024-08-01,sh600026,中远海能,14.89,-3.3117
2024-08-02,sh600026,中远海能,14.89,0.0
2024-08-05,sh600026,中远海能,14.35,-3.6266
2024-08-06,sh600026,中远海能,14.77,2.9268
2024-08-07,sh600026,中远海能,14.8,0.2031
2024-08-08,sh600026,中远海能,14.4,-2.7027
2024-08-09,sh600026,中远海能,14.49,0.625
2024-08-12,sh600026,中远海能,14.79,2.0704
2024-08-13,sh600026,中远海能,14.75,-0.2705
2024-08-14,sh600026,中远海能,14.27,-3.2542
2024-08-15,sh600026,中远海能,14.5,1.6118
2024-08-16,sh600026,中远海能,14.86,2.4828
2024-08-19,sh600026,中远海能,15.2,2.288
2024-08-20,sh600026,中远海能,14.9,-1.9737
2024-08-21,sh600026,中远海能,14.9,0.0
2024-08-22,sh600026,中远海能,14.98,0.5369
2024-08-23,sh600026,中远海能,14.69,-1.9359
2024-08-26,sh600026,中远海能,14.59,-0.6807
2024-08-27,sh600026,中远海能,14.98,2.6731
2024-08-28,sh600026,中远海能,14.68,-2.0027
2024-08-29,sh600026,中远海能,14.67,-0.0681
2024-08-30,sh600026,中远海能,14.6,-0.4772
2024-09-02,sh600026,中远海能,14.42,-1.2329
2024-09-03,sh600026,中远海能,14.47,0.3467
2024-09-04,sh600026,中远海能,13.85,-4.2847
2024-09-05,sh600026,中远海能,13.62,-1.6606
2024-09-06,sh600026,中远海能,13.4,-1.6153
2024-09-09,sh600026,中远海能,13.09,-2.3134
2024-09-10,sh600026,中远海能,12.76,-2.521
2024-09-11,sh600026,中远海能,12.64,-0.9404
2024-09-12,sh600026,中远海能,12.72,0.6329
2024-09-13,sh600026,中远海能,12.61,-0.8648
2024-09-18,sh600026,中远海能,12.82,1.6653
2024-09-19,sh600026,中远海能,12.67,-1.17
2024-09-20,sh600026,中远海能,13.2,4.1831
2024-09-23,sh600026,中远海能,13.07,-0.9848
2024-09-24,sh600026,中远海能,13.65,4.4376
2024-09-25,sh600026,中远海能,13.73,0.5861
2024-09-26,sh600026,中远海能,14.19,3.3503
2024-09-27,sh600026,中远海能,14.69,3.5236
2024-09-30,sh600026,中远海能,15.85,7.8965
2024-10-08,sh600026,中远海能,15.76,-0.5678
2024-10-09,sh600026,中远海能,14.5,-7.9949
2024-10-10,sh600026,中远海能,14.8,2.069
2024-10-11,sh600026,中远海能,14.07,-4.9324
2024-10-14,sh600026,中远海能,14.24,1.2082
2024-10-15,sh600026,中远海能,13.67,-4.0028
2024-10-16,sh600026,中远海能,13.67,0.0
2024-10-17,sh600026,中远海能,12.9,-5.6328
2024-10-18,sh600026,中远海能,13.0,0.7752
2024-10-21,sh600026,中远海能,13.3,2.3077
2024-10-22,sh600026,中远海能,13.43,0.9774
2024-10-23,sh600026,中远海能,13.38,-0.3723
2024-10-24,sh600026,中远海能,13.16,-1.6442
2024-10-25,sh600026,中远海能,13.33,1.2918
2024-10-28,sh600026,中远海能,13.55,1.6504
2024-10-29,sh600026,中远海能,13.16,-2.8782
2024-10-30,sh600026,中远海能,13.19,0.228
2024-10-31,sh600026,中远海能,13.09,-0.7582
2024-11-01,sh600026,中远海能,13.22,0.9931
2024-11-04,sh600026,中远海能,13.07,-1.1346
2024-11-05,sh600026,中远海能,13.17,0.7651
2024-11-06,sh600026,中远海能,13.07,-0.7593
2024-11-07,sh600026,中远海能,13.15,0.6121
2024-11-08,sh600026,中远海能,13.07,-0.6084
2024-11-11,sh600026,中远海能,12.91,-1.2242
2024-11-12,sh600026,中远海能,13.03,0.9295
2024-11-13,sh600026,中远海能,13.04,0.0767
2024-11-14,sh600026,中远海能,12.89,-1.1503
2024-11-15,sh600026,中远海能,12.91,0.1552
2024-11-18,sh600026,中远海能,12.95,0.3098
2024-11-19,sh600026,中远海能,12.83,-0.9266
2024-11-20,sh600026,中远海能,12.84,0.0779
2024-11-21,sh600026,中远海能,12.76,-0.6231
2024-11-22,sh600026,中远海能,12.36,-3.1348
2024-11-25,sh600026,中远海能,12.49,1.0518
2024-11-26,sh600026,中远海能,12.59,0.8006
2024-11-27,sh600026,中远海能,12.58,-0.0794
2024-11-28,sh600026,中远海能,12.46,-0.9539
2024-11-29,sh600026,中远海能,12.52,0.4815
2024-12-02,sh600026,中远海能,12.49,-0.2396
2024-12-03,sh600026,中远海能,12.6,0.8807
2024-12-04,sh600026,中远海能,12.57,-0.2381
2024-12-05,sh600026,中远海能,12.5,-0.5569
2024-12-06,sh600026,中远海能,12.65,1.2
2024-12-09,sh600026,中远海能,12.72,0.5534
2024-12-10,sh600026,中远海能,12.69,-0.2358
2024-12-11,sh600026,中远海能,12.75,0.4728
2024-12-12,sh600026,中远海能,12.81,0.4706
2024-12-13,sh600026,中远海能,12.17,-4.9961
2024-12-16,sh600026,中远海能,12.04,-1.0682
2024-12-17,sh600026,中远海能,11.84,-1.6611
2024-12-18,sh600026,中远海能,11.87,0.2534
2024-12-19,sh600026,中远海能,11.6,-2.2746
2024-12-20,sh600026,中远海能,11.32,-2.4138
2024-12-23,sh600026,中远海能,12.09,6.8021
2024-12-24,sh600026,中远海能,12.17,0.6617
2024-12-25,sh600026,中远海能,12.03,-1.1504
2024-12-26,sh600026,中远海能,11.92,-0.9144
2024-12-27,sh600026,中远海能,12.05,1.0906
2024-12-30,sh600026,中远海能,11.95,-0.8299
2024-12-31,sh600026,中远海能,11.6,-2.9289
2025-01-02,sh600026,中远海能,11.34,-2.2414
2025-01-03,sh600026,中远海能,11.62,2.4691
2025-01-06,sh600026,中远海能,11.69,0.6024
2025-01-07,sh600026,中远海能,11.59,-0.8554
2025-01-08,sh600026,中远海能,12.64,9.0595
2025-01-09,sh600026,中远海能,11.94,-5.538
2025-01-10,sh600026,中远海能,12.12,1.5075
2025-01-13,sh600026,中远海能,12.73,5.033
2025-01-14,sh600026,中远海能,13.26,4.1634
2025-01-15,sh600026,中远海能,13.15,-0.8296
2025-01-16,sh600026,中远海能,13.17,0.1521
2025-01-17,sh600026,中远海能,13.39,1.6705
2025-01-20,sh600026,中远海能,12.95,-3.286
2025-01-21,sh600026,中远海能,13.1,1.1583
2025-01-22,sh600026,中远海能,12.95,-1.145
2025-01-23,sh600026,中远海能,12.85,-0.7722
2025-01-24,sh600026,中远海能,12.7,-1.1673
2025-01-27,sh600026,中远海能,12.25,-3.5433
2025-02-05,sh600026,中远海能,12.82,4.6531
2025-02-06,sh600026,中远海能,12.67,-1.17
2025-02-07,sh600026,中远海能,12.69,0.1579
2025-02-10,sh600026,中远海能,12.67,-0.1576
2025-02-11,sh600026,中远海能,12.8,1.026
2025-02-12,sh600026,中远海能,12.57,-1.7969
2025-02-13,sh600026,中远海能,12.34,-1.8298
2025-02-14,sh600026,中远海能,12.14,-1.6207
2025-02-17,sh600026,中远海能,12.04,-0.8237
2025-02-18,sh600026,中远海能,11.91,-1.0797
2025-02-19,sh600026,中远海能,11.93,0.1679
2025-02-20,sh600026,中远海能,11.73,-1.6764
2025-02-21,sh600026,中远海能,11.56,-1.4493
2025-02-24,sh600026,中远海能,11.42,-1.2111
2025-02-25,sh600026,中远海能,11.4,-0.1751
2025-02-26,sh600026,中远海能,11.35,-0.4386
2025-02-27,sh600026,中远海能,11.39,0.3524
2025-02-28,sh600026,中远海能,11.18,-1.8437
2025-03-03,sh600026,中远海能,11.2,0.1789
2025-03-04,sh600026,中远海能,11.23,0.2679
2025-03-05,sh600026,中远海能,11.17,-0.5343
2025-03-06,sh600026,中远海能,11.22,0.4476
2025-03-07,sh600026,中远海能,11.53,2.7629
2025-03-10,sh600026,中远海能,11.36,-1.4744
2025-03-11,sh600026,中远海能,11.31,-0.4401
2025-03-12,sh600026,中远海能,11.26,-0.4421
2025-03-13,sh600026,中远海能,11.16,-0.8881
2025-03-14,sh600026,中远海能,11.31,1.3441
2025-03-17,sh600026,中远海能,11.37,0.5305
2025-03-18,sh600026,中远海能,11.51,1.2313
2025-03-19,sh600026,中远海能,11.39,-1.0426
2025-03-20,sh600026,中远海能,11.73,2.9851
2025-03-21,sh600026,中远海能,11.64,-0.7673
2025-03-24,sh600026,中远海能,11.54,-0.8591
2025-03-25,sh600026,中远海能,11.46,-0.6932
2025-03-26,sh600026,中远海能,11.43,-0.2618
2025-03-27,sh600026,中远海能,11.41,-0.175
2025-03-28,sh600026,中远海能,11.27,-1.227
2025-03-31,sh600026,中远海能,11.22,-0.4437
2025-04-01,sh600026,中远海能,11.22,0.0
2025-04-02,sh600026,中远海能,11.18,-0.3565
2025-04-03,sh600026,中远海能,10.99,-1.6995
2025-04-07,sh600026,中远海能,9.89,-10.0091
2025-04-08,sh600026,中远海能,9.99,1.0111
2025-04-09,sh600026,中远海能,10.08,0.9009
2025-04-10,sh600026,中远海能,10.25,1.6865
2025-04-11,sh600026,中远海能,10.17,-0.7805
2025-04-14,sh600026,中远海能,10.21,0.3933
2025-04-15,sh600026,中远海能,10.05,-1.5671
2025-04-16,sh600026,中远海能,10.21,1.592
2025-04-17,sh600026,中远海能,10.09,-1.1753
2025-04-18,sh600026,中远海能,10.01,-0.7929
2025-04-21,sh600026,中远海能,9.97,-0.3996
2025-04-22,sh600026,中远海能,10.02,0.5015
2025-04-23,sh600026,中远海能,10.06,0.3992
2025-04-24,sh600026,中远海能,10.19,1.2922
2025-04-25,sh600026,中远海能,10.31,1.1776
2025-04-28,sh600026,中远海能,10.57,2.5218
2025-04-29,sh600026,中远海能,10.44,-1.2299
2025-04-30,sh600026,中远海能,10.29,-1.4368
2025-05-06,sh600026,中远海能,10.73,4.276
2025-05-07,sh600026,中远海能,10.68,-0.466
2025-05-08,sh600026,中远海能,10.5,-1.6854
2025-05-09,sh600026,中远海能,10.42,-0.7619
2025-05-12,sh600026,中远海能,10.53,1.0557
2025-05-13,sh600026,中远海能,10.58,0.4748
2025-05-14,sh600026,中远海能,11.02,4.1588
2025-05-15,sh600026,中远海能,10.73,-2.6316
2025-05-16,sh600026,中远海能,10.55,-1.6775
2025-05-19,sh600026,中远海能,10.56,0.0948
2025-05-20,sh600026,中远海能,10.41,-1.4205
2025-05-21,sh600026,中远海能,10.37,-0.3842
2025-05-22,sh600026,中远海能,10.22,-1.4465
2025-05-23,sh600026,中远海能,10.1,-1.1742
2025-05-26,sh600026,中远海能,10.2,0.9901
2025-05-27,sh600026,中远海能,10.13,-0.6863
2025-05-28,sh600026,中远海能,10.13,0.0
2025-05-29,sh600026,中远海能,10.16,0.2962
2025-05-30,sh600026,中远海能,10.1,-0.5906
2025-06-03,sh600026,中远海能,10.08,-0.198
2025-06-04,sh600026,中远海能,10.07,-0.0992
2025-06-05,sh600026,中远海能,10.05,-0.1986
2025-06-06,sh600026,中远海能,10.08,0.2985
2025-06-09,sh600026,中远海能,10.13,0.496
2025-06-10,sh600026,中远海能,10.11,-0.1974
2025-06-11,sh600026,中远海能,10.12,0.0989
2025-06-12,sh600026,中远海能,10.07,-0.4941
2025-06-13,sh600026,中远海能,10.75,6.7527
2025-06-16,sh600026,中远海能,10.81,0.5581
2025-06-17,sh600026,中远海能,11.15,3.1452
2025-06-18,sh600026,中远海能,10.99,-1.435
2025-06-19,sh600026,中远海能,10.95,-0.364
2025-06-20,sh600026,中远海能,11.04,0.8219
2025-06-23,sh600026,中远海能,11.38,3.0797
2025-06-24,sh600026,中远海能,10.5,-7.7329
2025-06-25,sh600026,中远海能,10.4,-0.9524
2025-06-26,sh600026,中远海能,10.35,-0.4808
2025-06-27,sh600026,中远海能,10.3,-0.4831
2025-06-30,sh600026,中远海能,10.33,0.2913
2025-07-01,sh600026,中远海能,10.31,-0.1936
2025-07-02,sh600026,中远海能,10.35,0.388
2025-07-03,sh600026,中远海能,10.32,-0.2899
2025-07-04,sh600026,中远海能,10.29,-0.2907
2025-07-07,sh600026,中远海能,10.26,-0.2915
2025-07-08,sh600026,中远海能,10.27,0.0975
2025-07-09,sh600026,中远海能,10.26,-0.0974
2025-07-10,sh600026,中远海能,10.28,0.1949
2025-07-11,sh600026,中远海能,10.32,0.3891
2025-07-14,sh600026,中远海能,10.31,-0.0969
2025-07-15,sh600026,中远海能,10.27,-0.388
2025-07-16,sh600026,中远海能,10.25,-0.1947
2025-07-17,sh600026,中远海能,10.06,-1.8537
2025-07-18,sh600026,中远海能,10.06,0.0
2025-07-21,sh600026,中远海能,10.19,1.2922
2025-07-22,sh600026,中远海能,10.25,0.5888
2025-07-23,sh600026,中远海能,10.25,0.0
2025-07-24,sh600026,中远海能,10.37,1.1707
2025-07-25,sh600026,中远海能,10.38,0.0964
2025-07-28,sh600026,中远海能,10.18,-1.9268
2025-07-29,sh600026,中远海能,10.16,-0.1965
2025-07-30,sh600026,中远海能,10.22,0.5906
2025-07-31,sh600026,中远海能,10.07,-1.4677
2025-08-01,sh600026,中远海能,10.07,0.0
2025-08-04,sh600026,中远海能,10.1,0.2979
2025-08-05,sh600026,中远海能,10.14,0.396
2025-08-06,sh600026,中远海能,10.3,1.5779
2025-08-07,sh600026,中远海能,10.25,-0.4854
2025-08-08,sh600026,中远海能,10.22,-0.2927
2025-08-11,sh600026,中远海能,10.17,-0.4892
2025-08-12,sh600026,中远海能,10.19,0.1967
2025-08-13,sh600026,中远海能,10.13,-0.5888
2025-08-14,sh600026,中远海能,10.07,-0.5923
2025-08-15,sh600026,中远海能,10.08,0.0993
2025-08-18,sh600026,中远海能,10.09,0.0992
2025-08-19,sh600026,中远海能,10.11,0.1982
2025-08-20,sh600026,中远海能,10.18,0.6924
2025-08-21,sh600026,中远海能,10.22,0.3929
2025-08-22,sh600026,中远海能,10.79,5.5773
2025-08-25,sh600026,中远海能,10.8,0.0927
2025-08-26,sh600026,中远海能,10.78,-0.1852
2025-08-27,sh600026,中远海能,10.45,-3.0612
2025-08-28,sh600026,中远海能,10.55,0.9569
2025-08-29,sh600026,中远海能,10.35,-1.8957
2025-09-01,sh600026,中远海能,10.65,2.8986
2025-09-02,sh600026,中远海能,10.64,-0.0939
2025-09-03,sh600026,中远海能,10.46,-1.6917
2025-09-04,sh600026,中远海能,10.58,1.1472
2025-09-05,sh600026,中远海能,11.08,4.7259
2025-09-08,sh600026,中远海能,12.19,10.0181
2025-09-09,sh600026,中远海能,12.1,-0.7383
2025-09-10,sh600026,中远海能,12.05,-0.4132
2025-09-11,sh600026,中远海能,11.93,-0.9959
2025-09-12,sh600026,中远海能,12.09,1.3412
2025-09-15,sh600026,中远海能,12.52,3.5567
2025-09-16,sh600026,中远海能,12.3,-1.7572
2025-09-17,sh600026,中远海能,12.73,3.4959
2025-09-18,sh600026,中远海能,12.48,-1.9639
2025-09-19,sh600026,中远海能,12.77,2.3237
2025-09-22,sh600026,中远海能,12.23,-4.2287
2025-09-23,sh600026,中远海能,12.09,-1.1447
2025-09-24,sh600026,中远海能,12.27,1.4888
2025-09-25,sh600026,中远海能,12.1,-1.3855
2025-09-26,sh600026,中远海能,12.08,-0.1653
2025-09-29,sh600026,中远海能,12.07,-0.0828
2025-09-30,sh600026,中远海能,12.12,0.4143
2025-10-09,sh600026,中远海能,11.73,-3.2178
2025-10-10,sh600026,中远海能,12.22,4.1773
2025-10-13,sh600026,中远海能,12.77,4.5008
2025-10-14,sh600026,中远海能,12.38,-3.054
2025-10-15,sh600026,中远海能,12.32,-0.4847
2025-10-16,sh600026,中远海能,12.52,1.6234
2025-10-17,sh600026,中远海能,12.12,-3.1949
2025-10-20,sh600026,中远海能,12.6,3.9604
2025-10-21,sh600026,中远海能,12.59,-0.0794
2025-10-22,sh600026,中远海能,12.2,-3.0977
2025-10-23,sh600026,中远海能,12.34,1.1475
2025-10-24,sh600026,中远海能,12.26,-0.6483
2025-10-27,sh600026,中远海能,12.08,-1.4682
2025-10-28,sh600026,中远海能,12.13,0.4139
2025-10-29,sh600026,中远海能,12.44,2.5556
2025-10-30,sh600026,中远海能,13.53,8.7621
2025-10-31,sh600026,中远海能,13.49,-0.2956
2025-11-03,sh600026,中远海能,13.3,-1.4085
2025-11-04,sh600026,中远海能,12.48,-6.1654
2025-11-05,sh600026,中远海能,12.41,-0.5609
2025-11-06,sh600026,中远海能,12.51,0.8058
2025-11-07,sh600026,中远海能,12.68,1.3589
2025-11-10,sh600026,中远海能,12.41,-2.1293
2025-11-11,sh600026,中远海能,12.41,0.0
2025-11-12,sh600026,中远海能,12.38,-0.2417
2025-11-13,sh600026,中远海能,13.26,7.1082
2025-11-14,sh600026,中远海能,13.2,-0.4525
2025-11-17,sh600026,中远海能,13.35,1.1364
2025-11-18,sh600026,中远海能,12.94,-3.0712
2025-11-19,sh600026,中远海能,13.24,2.3184
2025-11-20,sh600026,中远海能,12.69,-4.1541
2025-11-21,sh600026,中远海能,12.39,-2.3641
2025-11-24,sh600026,中远海能,12.68,2.3406
2025-11-25,sh600026,中远海能,12.59,-0.7098
2025-11-26,sh600026,中远海能,12.32,-2.1446
2025-11-27,sh600026,中远海能,12.1,-1.7857
2025-11-28,sh600026,中远海能,12.08,-0.1653
2025-12-01,sh600026,中远海能,12.89,6.7053
2025-12-02,sh600026,中远海能,11.8,-8.4562
2025-12-03,sh600026,中远海能,11.85,0.4237
2025-12-04,sh600026,中远海能,11.67,-1.519
2025-12-05,sh600026,中远海能,11.44,-1.9709
2025-12-08,sh600026,中远海能,11.34,-0.8741
2025-12-09,sh600026,中远海能,11.42,0.7055
2025-12-10,sh600026,中远海能,11.35,-0.613
2025-12-11,sh600026,中远海能,11.24,-0.9692
2025-12-12,sh600026,中远海能,11.41,1.5125
2025-12-15,sh600026,中远海能,11.62,1.8405
2025-12-16,sh600026,中远海能,11.32,-2.5818
2025-12-17,sh600026,中远海能,11.94,5.477
2025-12-18,sh600026,中远海能,11.85,-0.7538
2025-12-19,sh600026,中远海能,11.61,-2.0253
2025-12-22,sh600026,中远海能,11.94,2.8424
2025-12-23,sh600026,中远海能,11.86,-0.67
2025-12-24,sh600026,中远海能,11.68,-1.5177
2025-12-25,sh600026,中远海能,11.78,0.8562
2025-12-26,sh600026,中远海能,11.73,-0.4244
2025-12-29,sh600026,中远海能,11.89,1.364
2025-12-30,sh600026,中远海能,11.71,-1.5139
2025-12-31,sh600026,中远海能,11.68,-0.2562
2026-01-05,sh600026,中远海能,11.69,0.0856
2026-01-06,sh600026,中远海能,12.0,2.6518
2026-01-07,sh600026,中远海能,11.99,-0.0833
2026-01-08,sh600026,中远海能,12.54,4.5872
2026-01-09,sh600026,中远海能,12.71,1.3557
2026-01-12,sh600026,中远海能,13.63,7.2384
2026-01-13,sh600026,中远海能,13.81,1.3206
2026-01-14,sh600026,中远海能,14.0,1.3758
2026-01-15,sh600026,中远海能,14.29,2.0714
2026-01-16,sh600026,中远海能,14.03,-1.8195
2026-01-19,sh600026,中远海能,14.57,3.8489
2026-01-20,sh600026,中远海能,14.54,-0.2059
2026-01-21,sh600026,中远海能,14.42,-0.8253
2026-01-22,sh600026,中远海能,14.42,0.0
2026-01-23,sh600026,中远海能,14.28,-0.9709
2026-01-26,sh600026,中远海能,15.17,6.2325
2026-01-27,sh600026,中远海能,15.28,0.7251
2026-01-28,sh600026,中远海能,15.45,1.1126
2026-01-29,sh600026,中远海能,15.72,1.7476
2026-01-30,sh600026,中远海能,15.8,0.5089
2026-02-02,sh600026,中远海能,15.03,-4.8734
2026-02-03,sh600026,中远海能,15.87,5.5888
2026-02-04,sh600026,中远海能,16.76,5.6081
2026-02-05,sh600026,中远海能,16.16,-3.58
2026-02-06,sh600026,中远海能,15.97,-1.1757
2026-02-09,sh600026,中远海能,16.43,2.8804
2026-02-10,sh600026,中远海能,17.14,4.3214
2026-02-11,sh600026,中远海能,17.03,-0.6418
2026-02-12,sh600026,中远海能,18.73,9.9824
2026-02-13,sh600026,中远海能,16.95,-9.5035
2026-02-24,sh600026,中远海能,18.65,10.0295
2026-02-25,sh600026,中远海能,20.15,8.0429
2026-02-26,sh600026,中远海能,20.44,1.4392
2026-02-27,sh600026,中远海能,20.58,0.6849
2026-03-02,sh600026,中远海能,22.64,10.0097
2026-03-03,sh600026,中远海能,24.9,9.9823
2026-03-04,sh600026,中远海能,23.79,-4.4578
2026-03-05,sh600026,中远海能,24.98,5.0021
2026-03-06,sh600026,中远海能,25.24,1.0408
2026-03-09,sh600026,中远海能,22.72,-9.9842
2026-03-10,sh600026,中远海能,23.26,2.3768
2026-03-11,sh600026,中远海能,22.76,-2.1496
2026-03-12,sh600026,中远海能,22.47,-1.2742
2026-03-13,sh600026,中远海能,22.11,-1.6021
2026-03-16,sh600026,中远海能,23.77,7.5079
2026-03-17,sh600026,中远海能,23.22,-2.3138
2026-03-18,sh600026,中远海能,24.88,7.149
2026-03-19,sh600026,中远海能,23.73,-4.6222
2026-03-20,sh600026,中远海能,23.46,-1.1378
2026-03-23,sh600026,中远海能,23.52,0.2558
2026-03-24,sh600026,中远海能,25.87,9.9915
2026-03-25,sh600026,中远海能,25.33,-2.0874
2026-03-26,sh600026,中远海能,23.9,-5.6455
2026-03-27,sh600026,中远海能,23.69,-0.8787
2026-03-30,sh600026,中远海能,22.6,-4.6011
2026-03-31,sh600026,中远海能,22.0,-2.6549
2026-04-01,sh600026,中远海能,23.65,7.5
2026-04-02,sh600026,中远海能,24.27,2.6216
2026-04-03,sh600026,中远海能,24.85,2.3898
2026-04-07,sh600026,中远海能,25.95,4.4266
2026-04-08,sh600026,中远海能,26.07,0.4624
2026-04-09,sh600026,中远海能,25.56,-1.9563
2026-04-10,sh600026,中远海能,24.11,-5.6729
2026-04-13,sh600026,中远海能,22.93,-4.8942
2026-04-14,sh600026,中远海能,22.75,-0.785
2026-04-15,sh600026,中远海能,22.42,-1.4505
2026-04-16,sh600026,中远海能,21.99,-1.9179
2026-04-17,sh600026,中远海能,21.95,-0.1819
2026-04-20,sh600026,中远海能,22.28,1.5034
2026-04-21,sh600026,中远海能,22.39,0.4937
2026-04-22,sh600026,中远海能,21.9,-2.1885
2026-04-23,sh600026,中远海能,21.45,-2.0548
2026-04-24,sh600026,中远海能,21.26,-0.8858
2026-04-27,sh600026,中远海能,21.5,1.1289
2026-04-28,sh600026,中远海能,21.05,-2.093
2026-04-29,sh600026,中远海能,21.74,3.2779
2026-04-30,sh600026,中远海能,21.59,-0.69
2026-05-06,sh600026,中远海能,22.32,3.3812
2026-05-07,sh600026,中远海能,22.69,1.6577
2026-05-08,sh600026,中远海能,23.42,3.2173
2026-05-11,sh600026,中远海能,22.38,-4.4406
2026-05-12,sh600026,中远海能,22.15,-1.0277
2026-05-13,sh600026,中远海能,22.45,1.3544
2026-05-14,sh600026,中远海能,22.81,1.6036
2026-05-15,sh600026,中远海能,21.87,-4.121
2026-05-18,sh600026,中远海能,21.48,-1.7833
2026-05-19,sh600026,中远海能,21.69,0.9777
2026-05-20,sh600026,中远海能,22.64,4.3799
2026-05-21,sh600026,中远海能,22.62,-0.0883
2026-05-22,sh600026,中远海能,22.8,0.7958
2026-05-25,sh600026,中远海能,21.88,-4.0351
2026-05-26,sh600026,中远海能,21.23,-2.9707
2026-05-27,sh600026,中远海能,20.3,-4.3806
2026-05-28,sh600026,中远海能,19.85,-2.2167
2026-05-29,sh600026,中远海能,19.48,-1.864
2026-06-01,sh600026,中远海能,18.8,-3.4908
2026-06-02,sh600026,中远海能,18.55,-1.3298
2026-06-03,sh600026,中远海能,17.94,-3.2884
2026-06-04,sh600026,中远海能,17.7,-1.3378
2026-06-05,sh600026,中远海能,17.59,-0.6215
2026-06-08,sh600026,中远海能,16.75,-4.7754
2026-06-09,sh600026,中远海能,16.81,0.3582
2026-06-10,sh600026,中远海能,16.58,-1.3682
2026-06-11,sh600026,中远海能,16.65,0.4222
2026-06-12,sh600026,中远海能,17.5,5.1051
2026-06-15,sh600026,中远海能,19.25,10.0
2026-06-16,sh600026,中远海能,17.9,-7.013
2026-06-17,sh600026,中远海能,19.69,10.0
2026-06-18,sh600026,中远海能,19.3,-1.9807
2026-06-22,sh600026,中远海能,20.44,5.9067
2026-06-23,sh600026,中远海能,20.75,1.5166
2026-06-24,sh600026,中远海能,22.83,10.0241
2026-06-25,sh600026,中远海能,21.78,-4.5992
2026-06-26,sh600026,中远海能,19.96,-8.3563
2026-06-29,sh600026,中远海能,18.7,-6.3126
2026-06-30,sh600026,中远海能,17.94,-4.0642
2026-07-01,sh600026,中远海能,16.7,-6.9119
2026-07-02,sh600026,中远海能,16.5,-1.1976
2026-07-03,sh600026,中远海能,17.37,5.2727
2026-07-06,sh600026,中远海能,17.37,0.0
2026-07-07,sh600026,中远海能,16.41,-5.5268
2026-07-08,sh600026,中远海能,15.83,-3.5344
2026-07-09,sh600026,中远海能,15.93,0.6317
2026-07-10,sh600026,中远海能,15.77,-1.0044
2026-07-13,sh600026,中远海能,15.36,-2.5999
2026-07-14,sh600026,中远海能,15.28,-0.5208
2026-07-15,sh600026,中远海能,15.83,3.5995
2026-07-16,sh600026,中远海能,14.94,-5.6222
2026-07-17,sh600026,中远海能,14.21,-4.8862
2026-07-20,sh600026,中远海能,14.52,2.1816
2026-07-21,sh600026,中远海能,14.88,2.4793
2026-07-22,sh600026,中远海能,15.66,5.2419
2026-07-23,sh600026,中远海能,16.01,2.235
2026-07-24,sh600026,中远海能,15.55,-2.8732
2026-07-27,sh600026,中远海能,15.94,2.508
2026-07-28,sh600026,中远海能,15.77,-1.0665
2026-07-29,sh600026,中远海能,16.12,2.2194
2026-07-30,sh600026,中远海能,16.85,4.5285
2026-07-31,sh600026,中远海能,16.87,0.1187
2026-08-03,sh600026,中远海能,17.01,0.8299
2026-08-04,sh600026,中远海能,16.85,-0.9406
2026-08-05,sh600026,中远海能,17.87,6.0534
2026-08-06,sh600026,中远海能,17.46,-2.2943
2026-08-07,sh600026,中远海能,17.7,1.3746
2026-08-10,sh600026,中远海能,17.66,-0.226
2026-08-11,sh600026,中远海能,16.3,-7.701
2026-08-12,sh600026,中远海能,16.74,2.6994
2026-08-13,sh600026,中远海能,16.75,0.0597
2026-08-14,sh600026,中远海能,16.7,-0.2985
2026-08-17,sh600026,中远海能,17.7,5.988
2026-08-18,sh600026,中远海能,18.0,1.6949
2026-08-19,sh600026,中远海能,18.32,1.7778
2016-01-04,sh600428,中远海特,9.23,
2016-01-05,sh600428,中远海特,8.66,-6.1755
2016-01-06,sh600428,中远海特,8.92,3.0023
2016-01-07,sh600428,中远海特,8.06,-9.6413
2016-01-08,sh600428,中远海特,8.04,-0.2481
2016-01-11,sh600428,中远海特,7.24,-9.9502
2016-01-12,sh600428,中远海特,7.1,-1.9337
2016-01-13,sh600428,中远海特,7.02,-1.1268
2016-01-14,sh600428,中远海特,7.2,2.5641
2016-01-15,sh600428,中远海特,6.69,-7.0833
2016-01-18,sh600428,中远海特,6.97,4.1854
2016-01-19,sh600428,中远海特,7.17,2.8694
2016-01-20,sh600428,中远海特,7.32,2.0921
2016-01-21,sh600428,中远海特,6.84,-6.5574
2016-01-22,sh600428,中远海特,6.93,1.3158
2016-01-25,sh600428,中远海特,6.99,0.8658
2016-01-26,sh600428,中远海特,6.29,-10.0143
2016-01-27,sh600428,中远海特,6.04,-3.9746
2016-01-28,sh600428,中远海特,5.59,-7.4503
2016-01-29,sh600428,中远海特,5.89,5.3667
2016-02-01,sh600428,中远海特,5.86,-0.5093
2016-02-02,sh600428,中远海特,6.05,3.2423
2016-02-03,sh600428,中远海特,5.99,-0.9917
2016-02-04,sh600428,中远海特,6.06,1.1686
2016-02-05,sh600428,中远海特,6.0,-0.9901
2016-02-15,sh600428,中远海特,5.83,-2.8333
2016-02-16,sh600428,中远海特,6.41,9.9485
2016-02-17,sh600428,中远海特,6.34,-1.092
2016-02-18,sh600428,中远海特,6.48,2.2082
2016-02-19,sh600428,中远海特,6.39,-1.3889
2016-02-22,sh600428,中远海特,6.56,2.6604
2016-02-23,sh600428,中远海特,6.47,-1.372
2016-02-24,sh600428,中远海特,6.78,4.7913
2016-02-25,sh600428,中远海特,6.1,-10.0295
2016-02-26,sh600428,中远海特,6.2,1.6393
2016-02-29,sh600428,中远海特,5.65,-8.871
2016-03-01,sh600428,中远海特,5.81,2.8319
2016-03-02,sh600428,中远海特,6.14,5.6799
2016-03-03,sh600428,中远海特,6.53,6.3518
2016-03-04,sh600428,中远海特,6.33,-3.0628
2016-03-07,sh600428,中远海特,6.58,3.9494
2016-03-08,sh600428,中远海特,7.24,10.0304
2016-03-09,sh600428,中远海特,6.82,-5.8011
2016-03-10,sh600428,中远海特,6.49,-4.8387
2016-03-11,sh600428,中远海特,6.33,-2.4653
2016-03-14,sh600428,中远海特,6.52,3.0016
2016-03-15,sh600428,中远海特,6.35,-2.6074
2016-03-16,sh600428,中远海特,6.19,-2.5197
2016-03-17,sh600428,中远海特,6.36,2.7464
2016-03-18,sh600428,中远海特,6.59,3.6164
2016-03-21,sh600428,中远海特,6.85,3.9454
2016-03-22,sh600428,中远海特,6.71,-2.0438
2016-03-23,sh600428,中远海特,6.79,1.1923
2016-03-24,sh600428,中远海特,6.55,-3.5346
2016-03-25,sh600428,中远海特,6.61,0.916
2016-03-28,sh600428,中远海特,6.5,-1.6641
2016-03-29,sh600428,中远海特,6.32,-2.7692
2016-03-30,sh600428,中远海特,6.51,3.0063
2016-03-31,sh600428,中远海特,6.66,2.3041
2016-04-01,sh600428,中远海特,6.71,0.7508
2016-04-05,sh600428,中远海特,7.04,4.918
2016-04-06,sh600428,中远海特,6.91,-1.8466
2016-04-07,sh600428,中远海特,6.92,0.1447
2016-04-08,sh600428,中远海特,6.8,-1.7341
2016-04-11,sh600428,中远海特,6.97,2.5
2016-04-12,sh600428,中远海特,7.28,4.4476
2016-04-13,sh600428,中远海特,7.95,9.2033
2016-04-14,sh600428,中远海特,7.64,-3.8994
2016-04-15,sh600428,中远海特,7.7,0.7853
2016-04-18,sh600428,中远海特,7.84,1.8182
2016-04-19,sh600428,中远海特,7.69,-1.9133
2016-04-20,sh600428,中远海特,7.19,-6.502
2016-04-21,sh600428,中远海特,7.1,-1.2517
2016-04-22,sh600428,中远海特,6.88,-3.0986
2016-04-25,sh600428,中远海特,6.82,-0.8721
2016-04-26,sh600428,中远海特,6.91,1.3196
2016-04-27,sh600428,中远海特,6.8,-1.5919
2016-04-28,sh600428,中远海特,6.75,-0.7353
2016-04-29,sh600428,中远海特,6.68,-1.037
2016-05-03,sh600428,中远海特,6.9,3.2934
2016-05-04,sh600428,中远海特,7.1,2.8986
2016-05-05,sh600428,中远海特,7.02,-1.1268
2016-05-06,sh600428,中远海特,6.62,-5.698
2016-05-09,sh600428,中远海特,6.09,-8.006
2016-05-10,sh600428,中远海特,6.33,3.9409
2016-05-11,sh600428,中远海特,6.12,-3.3175
2016-05-12,sh600428,中远海特,5.94,-2.9412
2016-05-13,sh600428,中远海特,5.91,-0.5051
2016-05-16,sh600428,中远海特,5.98,1.1844
2016-05-17,sh600428,中远海特,5.94,-0.6689
2016-05-18,sh600428,中远海特,5.68,-4.3771
2016-05-19,sh600428,中远海特,5.69,0.1761
2016-05-20,sh600428,中远海特,5.73,0.703
2016-05-23,sh600428,中远海特,5.84,1.9197
2016-05-24,sh600428,中远海特,5.71,-2.226
2016-05-25,sh600428,中远海特,5.69,-0.3503
2016-05-26,sh600428,中远海特,5.69,0.0
2016-05-27,sh600428,中远海特,5.69,0.0
2016-05-30,sh600428,中远海特,5.67,-0.3515
2016-05-31,sh600428,中远海特,5.91,4.2328
2016-06-01,sh600428,中远海特,5.93,0.3384
2016-06-02,sh600428,中远海特,5.94,0.1686
2016-06-03,sh600428,中远海特,5.99,0.8418
2016-06-06,sh600428,中远海特,5.95,-0.6678
2016-06-07,sh600428,中远海特,5.91,-0.6723
2016-06-08,sh600428,中远海特,5.94,0.5076
2016-06-13,sh600428,中远海特,5.63,-5.2189
2016-06-14,sh600428,中远海特,5.65,0.3552
2016-06-15,sh600428,中远海特,5.75,1.7699
2016-06-16,sh600428,中远海特,5.69,-1.0435
2016-06-17,sh600428,中远海特,5.7,0.1757
2016-06-20,sh600428,中远海特,5.64,-1.0526
2016-06-21,sh600428,中远海特,5.6,-0.7092
2016-06-22,sh600428,中远海特,5.64,0.7143
2016-06-23,sh600428,中远海特,5.59,-0.8865
2016-06-24,sh600428,中远海特,5.45,-2.5045
2016-06-27,sh600428,中远海特,5.54,1.6514
2016-06-28,sh600428,中远海特,5.58,0.722
2016-06-29,sh600428,中远海特,5.64,1.0753
2016-06-30,sh600428,中远海特,5.61,-0.5319
2016-07-01,sh600428,中远海特,5.67,1.0695
2016-07-04,sh600428,中远海特,5.79,2.1164
2016-07-05,sh600428,中远海特,5.92,2.2453
2016-07-06,sh600428,中远海特,5.9,-0.3378
2016-07-07,sh600428,中远海特,5.89,-0.1695
2016-07-08,sh600428,中远海特,5.85,-0.6791
2016-07-11,sh600428,中远海特,5.85,0.0
2016-07-12,sh600428,中远海特,6.21,6.1538
2016-07-13,sh600428,中远海特,6.18,-0.4831
2016-07-14,sh600428,中远海特,6.22,0.6472
2016-07-15,sh600428,中远海特,6.18,-0.6431
2016-07-18,sh600428,中远海特,6.06,-1.9417
2016-07-19,sh600428,中远海特,6.09,0.495
2016-07-20,sh600428,中远海特,6.03,-0.9852
2016-07-21,sh600428,中远海特,5.97,-0.995
2016-07-22,sh600428,中远海特,5.9,-1.1725
2016-07-25,sh600428,中远海特,5.89,-0.1695
2016-07-26,sh600428,中远海特,5.96,1.1885
2016-07-27,sh600428,中远海特,5.71,-4.1946
2016-07-28,sh600428,中远海特,5.78,1.2259
2016-07-29,sh600428,中远海特,5.68,-1.7301
2016-08-01,sh600428,中远海特,5.62,-1.0563
2016-08-02,sh600428,中远海特,5.66,0.7117
2016-08-03,sh600428,中远海特,5.69,0.53
2016-08-04,sh600428,中远海特,5.67,-0.3515
2016-08-05,sh600428,中远海特,5.63,-0.7055
2016-08-08,sh600428,中远海特,5.73,1.7762
2016-08-09,sh600428,中远海特,5.77,0.6981
2016-08-10,sh600428,中远海特,5.72,-0.8666
2016-08-11,sh600428,中远海特,5.7,-0.3497
2016-08-12,sh600428,中远海特,5.79,1.5789
2016-08-15,sh600428,中远海特,5.97,3.1088
2016-08-16,sh600428,中远海特,5.95,-0.335
2016-08-17,sh600428,中远海特,5.91,-0.6723
2016-08-18,sh600428,中远海特,5.94,0.5076
2016-08-19,sh600428,中远海特,6.01,1.1785
2016-08-22,sh600428,中远海特,5.86,-2.4958
2016-08-23,sh600428,中远海特,5.9,0.6826
2016-08-24,sh600428,中远海特,5.85,-0.8475
2016-08-25,sh600428,中远海特,5.76,-1.5385
2016-08-26,sh600428,中远海特,5.77,0.1736
2016-08-29,sh600428,中远海特,5.79,0.3466
2016-08-30,sh600428,中远海特,5.76,-0.5181
2016-08-31,sh600428,中远海特,5.76,0.0
2016-09-01,sh600428,中远海特,5.8,0.6944
2016-09-02,sh600428,中远海特,5.82,0.3448
2016-09-05,sh600428,中远海特,5.87,0.8591
2016-09-06,sh600428,中远海特,5.91,0.6814
2016-09-07,sh600428,中远海特,5.88,-0.5076
2016-09-08,sh600428,中远海特,5.95,1.1905
2016-09-09,sh600428,中远海特,5.96,0.1681
2016-09-12,sh600428,中远海特,5.73,-3.8591
2016-09-13,sh600428,中远海特,5.75,0.349
2016-09-14,sh600428,中远海特,5.67,-1.3913
2016-09-19,sh600428,中远海特,5.72,0.8818
2016-09-20,sh600428,中远海特,5.71,-0.1748
2016-09-21,sh600428,中远海特,5.76,0.8757
2016-09-22,sh600428,中远海特,5.78,0.3472
2016-09-23,sh600428,中远海特,5.83,0.8651
2016-09-26,sh600428,中远海特,5.7,-2.2298
2016-09-27,sh600428,中远海特,5.69,-0.1754
2016-09-28,sh600428,中远海特,5.67,-0.3515
2016-09-29,sh600428,中远海特,5.65,-0.3527
2016-09-30,sh600428,中远海特,5.64,-0.177
2016-10-10,sh600428,中远海特,5.75,1.9504
2016-10-11,sh600428,中远海特,5.81,1.0435
2016-10-12,sh600428,中远海特,5.81,0.0
2016-10-13,sh600428,中远海特,5.86,0.8606
2016-10-14,sh600428,中远海特,5.79,-1.1945
2016-10-17,sh600428,中远海特,5.72,-1.209
2016-10-18,sh600428,中远海特,5.9,3.1469
2016-10-19,sh600428,中远海特,6.1,3.3898
2016-10-20,sh600428,中远海特,5.99,-1.8033
2016-10-21,sh600428,中远海特,6.07,1.3356
2016-10-24,sh600428,中远海特,6.19,1.9769
2016-10-25,sh600428,中远海特,6.09,-1.6155
2016-10-26,s
h600428,中远海特,6.01,-1.3136
2016-10-27,sh600428,中远海特,6.01,0.0
2016-10-28,sh600428,中远海特,5.89,-1.9967
2016-10-31,sh600428,中远海特,5.84,-0.8489
2016-11-01,sh600428,中远海特,5.87,0.5137
2016-11-02,sh600428,中远海特,5.73,-2.385
2016-11-03,sh600428,中远海特,5.77,0.6981
2016-11-04,sh600428,中远海特,5.75,-0.3466
2016-11-07,sh600428,中远海特,5.78,0.5217
2016-11-08,sh600428,中远海特,5.82,0.692
2016-11-09,sh600428,中远海特,5.81,-0.1718
2016-11-10,sh600428,中远海特,5.97,2.7539
2016-11-11,sh600428,中远海特,6.38,6.8677
2016-11-14,sh600428,中远海特,6.9,8.1505
2016-11-15,sh600428,中远海特,6.97,1.0145
2016-11-16,sh600428,中远海特,7.07,1.4347
2016-11-17,sh600428,中远海特,7.42,4.9505
2016-11-18,sh600428,中远海特,7.01,-5.5256
2016-11-21,sh600428,中远海特,6.94,-0.9986
2016-11-22,sh600428,中远海特,7.03,1.2968
2016-11-23,sh600428,中远海特,6.8,-3.2717
2016-11-24,sh600428,中远海特,6.83,0.4412
2016-11-25,sh600428,中远海特,6.81,-0.2928
2016-11-28,sh600428,中远海特,7.0,2.79
2016-11-29,sh600428,中远海特,6.99,-0.1429
2016-11-30,sh600428,中远海特,6.73,-3.7196
2016-12-01,sh600428,中远海特,6.76,0.4458
2016-12-02,sh600428,中远海特,6.54,-3.2544
2016-12-05,sh600428,中远海特,6.42,-1.8349
2016-12-06,sh600428,中远海特,6.5,1.2461
2016-12-07,sh600428,中远海特,6.51,0.1538
2016-12-08,sh600428,中远海特,6.46,-0.768
2016-12-09,sh600428,中远海特,6.56,1.548
2016-12-12,sh600428,中远海特,6.18,-5.7927
2016-12-13,sh600428,中远海特,6.16,-0.3236
2016-12-14,sh600428,中远海特,6.04,-1.9481
2016-12-15,sh600428,中远海特,6.01,-0.4967
2016-12-16,sh600428,中远海特,6.08,1.1647
2016-12-19,sh600428,中远海特,6.04,-0.6579
2016-12-20,sh600428,中远海特,6.11,1.1589
2016-12-21,sh600428,中远海特,6.41,4.91
2016-12-22,sh600428,中远海特,6.35,-0.936
2016-12-23,sh600428,中远海特,6.17,-2.8346
2016-12-26,sh600428,中远海特,6.31,2.269
2016-12-27,sh600428,中远海特,6.27,-0.6339
2016-12-28,sh600428,中远海特,6.18,-1.4354
2016-12-29,sh600428,中远海特,6.1,-1.2945
2016-12-30,sh600428,中远海特,6.12,0.3279
2017-01-03,sh600428,中远海特,6.18,0.9804
2017-01-04,sh600428,中远海特,6.21,0.4854
2017-01-05,sh600428,中远海特,6.24,0.4831
2017-01-06,sh600428,中远海特,6.45,3.3654
2017-01-09,sh600428,中远海特,6.45,0.0
2017-01-10,sh600428,中远海特,6.5,0.7752
2017-01-11,sh600428,中远海特,6.54,0.6154
2017-01-12,sh600428,中远海特,6.39,-2.2936
2017-01-13,sh600428,中远海特,6.37,-0.313
2017-01-16,sh600428,中远海特,6.1,-4.2386
2017-01-17,sh600428,中远海特,6.15,0.8197
2017-01-18,sh600428,中远海特,6.19,0.6504
2017-01-19,sh600428,中远海特,6.33,2.2617
2017-01-20,sh600428,中远海特,6.41,1.2638
2017-01-23,sh600428,中远海特,6.49,1.248
2017-01-24,sh600428,中远海特,6.51,0.3082
2017-01-25,sh600428,中远海特,6.39,-1.8433
2017-01-26,sh600428,中远海特,6.5,1.7214
2017-02-03,sh600428,中远海特,6.41,-1.3846
2017-02-06,sh600428,中远海特,6.5,1.4041
2017-02-07,sh600428,中远海特,6.68,2.7692
2017-02-08,sh600428,中远海特,6.84,2.3952
2017-02-09,sh600428,中远海特,6.81,-0.4386
2017-02-10,sh600428,中远海特,6.97,2.3495
2017-02-13,sh600428,中远海特,7.19,3.1564
2017-02-14,sh600428,中远海特,7.15,-0.5563
2017-02-15,sh600428,中远海特,6.91,-3.3566
2017-02-16,sh600428,中远海特,6.97,0.8683
2017-02-17,sh600428,中远海特,6.9,-1.0043
2017-02-20,sh600428,中远海特,7.59,10.0
2017-02-21,sh600428,中远海特,7.52,-0.9223
2017-02-22,sh600428,中远海特,7.54,0.266
2017-02-23,sh600428,中远海特,7.45,-1.1936
2017-02-24,sh600428,中远海特,7.6,2.0134
2017-02-27,sh600428,中远海特,7.46,-1.8421
2017-02-28,sh600428,中远海特,7.48,0.2681
2017-03-01,sh600428,中远海特,7.51,0.4011
2017-03-02,sh600428,中远海特,7.73,2.9294
2017-03-03,sh600428,中远海特,7.55,-2.3286
2017-03-06,sh600428,中远海特,7.44,-1.457
2017-03-07,sh600428,中远海特,7.4,-0.5376
2017-03-08,sh600428,中远海特,7.48,1.0811
2017-03-09,sh600428,中远海特,7.18,-4.0107
2017-03-10,sh600428,中远海特,6.96,-3.0641
2017-03-13,sh600428,中远海特,6.95,-0.1437
2017-03-14,sh600428,中远海特,6.88,-1.0072
2017-03-15,sh600428,中远海特,7.01,1.8895
2017-03-16,sh600428,中远海特,7.08,0.9986
2017-03-17,sh600428,中远海特,6.93,-2.1186
2017-03-20,sh600428,中远海特,7.09,2.3088
2017-03-21,sh600428,中远海特,7.04,-0.7052
2017-03-22,sh600428,中远海特,7.06,0.2841
2017-03-23,sh600428,中远海特,7.15,1.2748
2017-03-24,sh600428,中远海特,7.57,5.8741
2017-03-27,sh600428,中远海特,7.52,-0.6605
2017-03-28,sh600428,中远海特,7.79,3.5904
2017-03-29,sh600428,中远海特,8.23,5.6483
2017-03-30,sh600428,中远海特,7.93,-3.6452
2017-03-31,sh600428,中远海特,7.39,-6.8096
2017-04-05,sh600428,中远海特,7.48,1.2179
2017-04-06,sh600428,中远海特,7.63,2.0053
2017-04-07,sh600428,中远海特,7.45,-2.3591
2017-04-10,sh600428,中远海特,7.6,2.0134
2017-04-11,sh600428,中远海特,8.0,5.2632
2017-04-12,sh600428,中远海特,8.08,1.0
2017-04-13,sh600428,中远海特,7.96,-1.4851
2017-04-14,sh600428,中远海特,7.57,-4.8995
2017-04-17,sh600428,中远海特,7.64,0.9247
2017-04-18,sh600428,中远海特,7.5,-1.8325
2017-04-19,sh600428,中远海特,7.14,-4.8
2017-04-20,sh600428,中远海特,7.09,-0.7003
2017-04-21,sh600428,中远海特,7.02,-0.9873
2017-04-24,sh600428,中远海特,6.51,-7.265
2017-04-25,sh600428,中远海特,6.6,1.3825
2017-04-26,sh600428,中远海特,6.58,-0.303
2017-04-27,sh600428,中远海特,6.75,2.5836
2017-04-28,sh600428,中远海特,6.79,0.5926
2017-05-02,sh600428,中远海特,6.8,0.1473
2017-05-03,sh600428,中远海特,6.69,-1.6176
2017-05-04,sh600428,中远海特,6.7,0.1495
2017-05-05,sh600428,中远海特,6.43,-4.0299
2017-05-08,sh600428,中远海特,6.17,-4.0435
2017-05-09,sh600428,中远海特,6.29,1.9449
2017-05-10,sh600428,中远海特,6.13,-2.5437
2017-05-11,sh600428,中远海特,6.19,0.9788
2017-05-12,sh600428,中远海特,6.28,1.454
2017-05-15,sh600428,中远海特,6.19,-1.4331
2017-05-16,sh600428,中远海特,6.29,1.6155
2017-05-17,sh600428,中远海特,6.4,1.7488
2017-05-18,sh600428,中远海特,6.27,-2.0313
2017-05-19,sh600428,中远海特,6.27,0.0
2017-05-22,sh600428,中远海特,6.1,-2.7113
2017-05-23,sh600428,中远海特,5.95,-2.459
2017-05-24,sh600428,中远海特,5.98,0.5042
2017-05-25,sh600428,中远海特,6.06,1.3378
2017-05-26,sh600428,中远海特,6.04,-0.33
2017-05-31,sh600428,中远海特,6.02,-0.3311
2017-06-01,sh600428,中远海特,5.8,-3.6545
2017-06-02,sh600428,中远海特,5.86,1.0345
2017-06-05,sh600428,中远海特,5.91,0.8532
2017-06-06,sh600428,中远海特,5.93,0.3384
2017-06-07,sh600428,中远海特,6.05,2.0236
2017-06-08,sh600428,中远海特,6.09,0.6612
2017-06-09,sh600428,中远海特,6.04,-0.821
2017-06-12,sh600428,中远海特,5.91,-2.1523
2017-06-13,sh600428,中远海特,6.05,2.3689
2017-06-14,sh600428,中远海特,6.1,0.8264
2017-06-15,sh600428,中远海特,6.11,0.1639
2017-06-16,sh600428,中远海特,6.13,0.3273
2017-06-19,sh600428,中远海特,6.2,1.1419
2017-06-20,sh600428,中远海特,6.17,-0.4839
2017-06-21,sh600428,中远海特,6.2,0.4862
2017-06-22,sh600428,中远海特,6.05,-2.4194
2017-06-23,sh600428,中远海特,6.08,0.4959
2017-06-26,sh600428,中远海特,6.18,1.6447
2017-06-27,sh600428,中远海特,6.17,-0.1618
2017-06-28,sh600428,中远海特,6.11,-0.9724
2017-06-29,sh600428,中远海特,6.26,2.455
2017-06-30,sh600428,中远海特,6.22,-0.639
2017-07-03,sh600428,中远海特,6.26,0.6431
2017-07-04,sh600428,中远海特,6.2,-0.9585
2017-07-05,sh600428,中远海特,6.25,0.8065
2017-07-06,sh600428,中远海特,6.36,1.76
2017-07-07,sh600428,中远海特,6.73,5.8176
2017-07-10,sh600428,中远海特,6.76,0.4458
2017-07-11,sh600428,中远海特,6.64,-1.7751
2017-07-12,sh600428,中远海特,6.59,-0.753
2017-07-13,sh600428,中远海特,6.72,1.9727
2017-07-14,sh600428,中远海特,6.7,-0.2976
2017-07-17,sh600428,中远海特,6.43,-4.0299
2017-07-18,sh600428,中远海特,6.84,6.3764
2017-07-19,sh600428,中远海特,7.16,4.6784
2017-07-20,sh600428,中远海特,7.07,-1.257
2017-07-21,sh600428,中远海特,7.31,3.3946
2017-07-24,sh600428,中远海特,7.45,1.9152
2017-07-25,sh600428,中远海特,7.26,-2.5503
2017-07-26,sh600428,中远海特,7.33,0.9642
2017-07-27,sh600428,中远海特,7.02,-4.2292
2017-07-28,sh600428,中远海特,7.19,2.4217
2017-07-31,sh600428,中远海特,7.35,2.2253
2017-08-01,sh600428,中远海特,7.33,-0.2721
2017-08-02,sh600428,中远海特,7.17,-2.1828
2017-08-03,sh600428,中远海特,7.45,3.9052
2017-08-04,sh600428,中远海特,7.33,-1.6107
2017-08-07,sh600428,中远海特,7.6,3.6835
2017-08-08,sh600428,中远海特,7.86,3.4211
2017-08-09,sh600428,中远海特,7.75,-1.3995
2017-08-10,sh600428,中远海特,7.76,0.129
2017-08-11,sh600428,中远海特,7.18,-7.4742
2017-08-14,sh600428,中远海特,7.31,1.8106
2017-08-15,sh600428,中远海特,7.19,-1.6416
2017-08-16,sh600428,中远海特,7.02,-2.3644
2017-08-17,sh600428,中远海特,7.23,2.9915
2017-08-18,sh600428,中远海特,7.23,0.0
2017-08-21,sh600428,中远海特,7.26,0.4149
2017-08-22,sh600428,中远海特,7.12,-1.9284
2017-08-23,sh600428,中远海特,6.93,-2.6685
2017-08-24,sh600428,中远海特,6.84,-1.2987
2017-08-25,sh600428,中远海特,6.97,1.9006
2017-08-28,sh600428,中远海特,7.05,1.1478
2017-08-29,sh600428,中远海特,6.91,-1.9858
2017-08-30,sh600428,中远海特,6.98,1.013
2017-08-31,sh600428,中远海特,7.0,0.2865
2017-09-01,sh600428,中远海特,7.16,2.2857
2017-09-04,sh600428,中远海特,7.09,-0.9777
2017-09-05,sh600428,中远海特,6.97,-1.6925
2017-09-06,sh600428,中远海特,7.01,0.5739
2017-09-07,sh600428,中远海特,6.92,-1.2839
2017-09-08,sh600428,中远海特,7.03,1.5896
2017-09-11,sh600428,中远海特,7.1,0.9957
2017-09-12,sh600428,中远海特,7.17,0.9859
2017-09-13,sh600428,中远海特,7.23,0.8368
2017-09-14,sh600428,中远海特,7.31,1.1065
2017-09-15,sh600428,中远海特,7.13,-2.4624
2017-09-18,sh600428,中远海特,7.15,0.2805
2017-09-19,sh600428,中远海特,7.04,-1.5385
2017-09-20,sh600428,中远海特,7.15,1.5625
2017-09-21,sh600428,中远海特,7.12,-0.4196
2017-09-22,sh600428,中远海特,7.05,-0.9831
2017-09-25,sh600428,中远海特,6.94,-1.5603
2017-09-26,sh600428,中远海特,6.94,0.0
2017-09-27,sh600428,中远海特,6.88,-0.8646
2017-09-28,sh600428,中远海特,6.72,-2.3256
2017-09-29,sh600428,中远海特,6.7,-0.2976
2017-10-09,sh600428,中远海特,6.75,0.7463
2017-10-10,sh600428,中远海特,6.85,1.4815
2017-10-11,sh600428,中远海特,6.77,-1.1679
2017-10-12,sh600428,中远海特,6.72,-0.7386
2017-10-13,sh600428,中远海特,6.78,0.8929
2017-10-16,sh600428,中远海特,6.76,-0.295
2017-10-17,sh600428,中远海特,6.76,0.0
2017-10-18,sh600428,中远海特,6.7,-0.8876
2017-10-19,sh600428,中远海特,6.49,-3.1343
2017-10-20,sh600428,中远海特,6.74,3.8521
2017-10-23,sh600428,中远海特,6.74,0.0
2017-10-24,sh600428,中远海特,6.68,-0.8902
2017-10-25,sh600428,中远海特,6.66,-0.2994
2017-10-26,sh600428,中远海特,6.71,0.7508
2017-10-27,sh600428,中远海特,6.64,-1.0432
2017-10-30,sh600428,中远海特,6.46,-2.7108
2017-10-31,sh600428,中远海特,6.55,1.3932
2017-11-01,sh600428,中远海特,6.48,-1.0687
2017-11-02,sh600428,中远海特,6.32,-2.4691
2017-11-03,sh600428,中远海特,6.15,-2.6899
2017-11-06,sh600428,中远海特,6.14,-0.1626
2017-11-07,sh600428,中远海特,6.2,0.9772
2017-11-08,sh600428,中远海特,6.15,-0.8065
2017-11-09,sh600428,中远海特,6.23,1.3008
2017-11-10,sh600428,中远海特,6.17,-0.9631
2017-11-13,sh600428,中远海特,6.15,-0.3241
2017-11-14,sh600428,中远海特,6.07,-1.3008
2017-11-15,sh600428,中远海特,5.96,-1.8122
2017-11-16,sh600428,中远海特,5.92,-0.6711
2017-11-17,sh600428,中远海特,5.68,-4.0541
2017-11-20,sh600428,中远海特,5.73,0.8803
2017-11-21,sh600428,中远海特,5.71,-0.349
2017-11-22,sh600428,中远海特,5.75,0.7005
2017-11-23,sh600428,中远海特,5.62,-2.2609
2017-11-24,sh600428,中远海特,5.65,0.5338
2017-11-27,sh600428,中远海特,5.62,-0.531
2017-11-28,sh600428,中远海特,5.72,1.7794
2017-11-29,sh600428,中远海特,5.78,1.049
2017-11-30,sh600428,中远海特,5.74,-0.692
2017-12-01,sh600428,中远海特,5.86,2.0906
2017-12-04,sh600428,中远海特,6.07,3.5836
2017-12-05,sh600428,中远海特,5.95,-1.9769
2017-12-06,sh600428,中远海特,5.84,-1.8487
2017-12-07,sh600428,中远海特,5.79,-0.8562
2017-12-08,sh600428,中远海特,5.88,1.5544
2017-12-11,sh600428,中远海特,5.98,1.7007
2017-12-12,sh600428,中远海特,5.95,-0.5017
2017-12-13,sh600428,中远海特,6.0,0.8403
2017-12-14,sh600428,中远海特,5.96,-0.6667
2017-12-15,sh600428,中远海特,5.87,-1.5101
2017-12-18,sh600428,中远海特,5.77,-1.7036
2017-12-19,sh600428,中远海特,5.82,0.8666
2017-12-20,sh600428,中远海特,5.82,0.0
2017-12-21,sh600428,中远海特,5.74,-1.3746
2017-12-22,sh600428,中远海特,5.67,-1.2195
2017-12-25,sh600428,中远海特,5.52,-2.6455
2017-12-26,sh600428,中远海特,5.58,1.087
2017-12-27,sh600428,中远海特,5.54,-0.7168
2017-12-28,sh600428,中远海特,5.55,0.1805
2017-12-29,sh600428,中远海特,5.61,1.0811
2018-01-02,sh600428,中远海特,5.76,2.6738
2018-01-03,sh600428,中远海特,5.79,0.5208
2018-01-04,sh600428,中远海特,5.81,0.3454
2018-01-05,sh600428,中远海特,5.84,0.5164
2018-01-08,sh600428,中远海特,5.9,1.0274
2018-01-09,sh600428,中远海特,5.81,-1.5254
2018-01-10,sh600428,中远海特,5.79,-0.3442
2018-01-11,sh600428,中远海特,5.77,-0.3454
2018-01-12,sh600428,中远海特,5.68,-1.5598
2018-01-15,sh600428,中远海特,5.65,-0.5282
2018-01-16,sh600428,中远海特,5.8,2.6549
2018-01-17,sh600428,中远海特,5.73,-1.2069
2018-01-18,sh600428,中远海特,5.74,0.1745
2018-01-19,sh600428,中远海特,5.74,0.0
2018-01-22,sh600428,中远海特,5.84,1.7422
2018-01-23,sh600428,中远海特,5.85,0.1712
2018-01-24,sh600428,中远海特,5.91,1.0256
2018-01-25,sh600428,中远海特,5.91,0.0
2018-01-26,sh600428,中远海特,6.08,2.8765
2018-01-29,sh600428,中远海特,6.06,-0.3289
2018-01-30,sh600428,中远海特,5.93,-2.1452
2018-01-31,sh600428,中远海特,5.9,-0.5059
2018-02-01,sh600428,中远海特,5.62,-4.7458
2018-02-02,sh600428,中远海特,5.62,0.0
2018-02-05,sh600428,中远海特,5.6,-0.3559
2018-02-06,sh600428,中远海特,5.26,-6.0714
2018-02-07,sh600428,中远海特,5.28,0.3802
2018-02-08,sh600428,中远海特,5.34,1.1364
2018-02-09,sh600428,中远海特,5.03,-5.8052
2018-02-12,sh600428,中远海特,5.08,0.994
2018-02-13,sh600428,中远海特,5.09,0.1969
2018-02-14,sh600428,中远海特,5.1,0.1965
2018-02-22,sh600428,中远海特,5.27,3.3333
2018-02-23,sh600428,中远海特,5.3,0.5693
2018-02-26,sh600428,中远海特,5.34,0.7547
2018-02-27,sh600428,中远海特,5.27,-1.3109
2018-02-28,sh600428,中远海特,5.27,0.0
2018-03-01,sh600428,中远海特,5.3,0.5693
2018-03-02,sh600428,中远海特,5.25,-0.9434
2018-03-05,sh600428,中远海特,5.2,-0.9524
2018-03-06,sh600428,中远海特,5.3,1.9231
2018-03-07,sh600428,中远海特,5.27,-0.566
2018-03-08,sh600428,中远海特,5.36,1.7078
2018-03-09,sh600428,中远海特,5.39,0.5597
2018-03-12,sh600428,中远海特,5.45,1.1132
2018-03-13,sh600428,中远海特,5.39,-1.1009
2018-03-14,sh600428,中远海特,5.31,-1.4842
2018-03-15,sh600428,中远海特,5.31,0.0
2018-03-16,sh600428,中远海特,5.27,-0.7533
2018-03-19,sh600428,中远海特,5.28,0.1898
2018-03-20,sh600428,中远海特,5.2,-1.5152
2018-03-21,sh600428,中远海特,5.18,-0.3846
2018-03-22,sh600428,中远海特,5.12,-1.1583
2018-03-23,sh600428,中远海特,4.73,-7.6172
2018-03-26,sh600428,中远海特,4.73,0.0
2018-03-27,sh600428,中远海特,4.78,1.0571
2018-03-28,sh600428,中远海特,4.69,-1.8828
2018-03-29,sh600428,中远海特,4.73,0.8529
2018-03-30,sh600428,中远海特,4.75,0.4228
2018-04-02,sh600428,中远海特,4.73,-0.4211
2018-04-03,sh600428,中远海特,4.67,-1.2685
2018-04-04,sh600428,中远海特,4.61,-1.2848
2018-04-09,sh600428,中远海特,4.6,-0.2169
2018-04-10,sh600428,中远海特,4.79,4.1304
2018-04-11,sh600428,中远海特,4.74,-1.0438
2018-04-12,sh600428,中远海特,4.65,-1.8987
2018-04-13,sh600428,中远海特,4.64,-0.2151
2018-04-16,sh600428,中远海特,4.61,-0.6466
2018-04-17,sh600428,中远海特,4.54,-1.5184
2018-04-18,sh600428,中远海特,4.58,0.8811
2018-04-19,sh600428,中远海特,4.64,1.31
2018-04-20,sh600428,中远海特,4.53,-2.3707
2018-04-23,sh600428,中远海特,4.52,-0.2208
2018-04-24,sh600428,中远海特,4.58,1.3274
2018-04-25,sh600428,中远海特,4.53,-1.0917
2018-04-26,sh600428,中远海特,4.49,-0.883
2018-04-27,sh600428,中远海特,4.51,0.4454
2018-05-02,sh600428,中远海特,4.4,-2.439
2018-05-03,sh600428,中远海特,4.37,-0.6818
2018-05-04,sh600428,中远海特,4.35,-0.4577
2018-05-07,sh600428,中远海特,4.39,0.9195
2018-05-08,sh600428,中远海特,4.4,0.2278
2018-05-09,sh600428,中远海特,4.43,0.6818
2018-05-10,sh600428,中远海特,4.48,1.1287
2018-05-11,sh600428,中远海特,4.39,-2.0089
2018-05-14,sh600428,中远海特,4.38,-0.2278
2018-05-15,sh600428,中远海特,4.39,0.2283
2018-05-16,sh600428,中远海特,4.32,-1.5945
2018-05-17,sh600428,中远海特,4.28,-0.9259
2018-05-18,sh600428,中远海特,4.35,1.6355
2018-05-21,sh600428,中远海特,4.6,5.7471
2018-05-22,sh600428,中远海特,4.53,-1.5217
2018-05-23,sh600428,中远海特,4.4,-2.8698
2018-05-24,sh600428,中远海特,4.38,-0.4545
2018-05-25,sh600428,中远海特,4.46,1.8265
2018-05-28,sh600428,中远海特,4.42,-0.8969
2018-05-29,sh600428,中远海特,4.36,-1.3575
2018-05-30,sh600428,中远海特,4.15,-4.8165
2018-05-31,sh600428,中远海特,4.15,0.0
2018-06-01,sh600428,中远海特,4.13,-0.4819
2018-06-04,sh600428,中远海特,4.13,0.0
2018-06-05,sh600428,中远海特,4.16,0.7264
2018-06-06,sh600428,中远海特,4.19,0.7212
2018-06-07,sh600428,中远海特,4.14,-1.1933
2018-06-08,sh600428,中远海特,4.06,-1.9324
2018-06-11,sh600428,中远海特,4.02,-0.9852
2018-06-12,sh600428,中远海特,4.07,1.2438
2018-06-13,sh600428,中远海特,3.97,-2.457
2018-06-14,sh600428,中远海特,3.97,0.0
2018-06-15,sh600428,中远海特,3.91,-1.5113
2018-06-19,sh600428,中远海特,3.55,-9.2072
2018-06-20,sh600428,中远海特,3.53,-0.5634
2018-06-21,sh600428,中远海特,3.47,-1.6997
2018-06-22,sh600428,中远海特,3.5,0.8646
2018-06-25,sh600428,中远海特,3.48,-0.5714
2018-06-26,sh600428,中远海特,3.49,0.2874
2018-06-27,sh600428,中远海特,3.46,-0.8596
2018-06-28,sh600428,中远海特,3.46,0.0
2018-06-29,sh600428,中远海特,3.55,2.6012
2018-07-02,sh600428,中远海特,3.46,-2.5352
2018-07-03,sh600428,中远海特,3.53,2.0231
2018-07-04,sh600428,中远海特,3.5,-0.8499
2018-07-05,sh600428,中远海特,3.44,-1.7143
2018-07-06,sh600428,中远海特,3.46,0.5814
2018-07-09,sh600428,中远海特,3.51,1.4451
2018-07-10,sh600428,中远海特,3.49,-0.5698
2018-07-11,sh600428,中远海特,3.34,-4.298
2018-07-12,sh600428,中远海特,3.41,2.0958
2018-07-13,sh600428,中远海特,3.45,1.173
2018-07-16,sh600428,中远海特,3.45,0.0
2018-07-17,sh600428,中远海特,3.44,-0.2899
2018-07-18,sh600428,中远海特,3.46,0.5814
2018-07-19,sh600428,中远海特,3.43,-0.8671
2018-07-20,sh600428,中远海特,3.42,-0.2915
2018-07-23,sh600428,中远海特,3.51,2.6316
2018-07-24,sh600428,中远海特,3.86,9.9715
2018-07-25,sh600428,中远海特,3.75,-2.8497
2018-07-26,sh600428,中远海特,3.76,0.2667
2018-07-27,sh600428,中远海特,3.64,-3.1915
2018-07-30,sh600428,中远海特,3.68,1.0989
2018-07-31,sh600428,中远海特,3.7,0.5435
2018-08-01,sh600428,中远海特,3.88,4.8649
2018-08-02,sh600428,中远海特,3.7,-4.6392
2018-08-03,sh600428,中远海特,3.8,2.7027
2018-08-06,sh600428,中远海特,3.83,0.7895
2018-08-07,sh600428,中远海特,4.01,4.6997
2018-08-08,sh600428,中远海特,3.92,-2.2444
2018-08-09,sh600428,中远海特,3.91,-0.2551
2018-08-10,sh600428,中远海特,3.97,1.5345
2018-08-13,sh600428,中远海特,3.9,-1.7632
2018-08-14,sh600428,中远海特,3.88,-0.5128
2018-08-15,sh600428,中远海特,3.71,-4.3814
2018-08-16,sh600428,中远海特,3.63,-2.1563
2018-08-17,sh600428,中远海特,3.56,-1.9284
2018-08-20,sh600428,中远海特,3.65,2.5281
2018-08-21,sh600428,中远海特,3.67,0.5479
2018-08-22,sh600428,中远海特,3.59,-2.1798
2018-08-23,sh600428,中远海特,3.6,0.2786
2018-08-24,sh600428,中远海特,3.6,0.0
2018-08-27,sh600428,中远海特,3.68,2.2222
2018-08-28,sh600428,中远海特,3.68,0.0
2018-08-29,sh600428,中远海特,3.61,-1.9022
2018-08-30,sh600428,中远海特,3.5,-3.0471
2018-08-31,sh600428,中远海特,3.46,-1.1429
2018-09-03,sh600428,中远海特,3.44,-0.578
2018-09-04,sh600428,中远海特,3.48,1.1628
2018-09-05,sh600428,中远海特,3.41,-2.0115
2018-09-06,sh600428,中远海特,3.42,0.2933
2018-09-07,sh600428,中远海特,3.44,0.5848
2018-09-10,sh600428,中远海特,3.37,-2.0349
2018-09-11,sh600428,中远海特,3.38,0.2967
2018-09-12,sh600428,中远海特,3.39,0.2959
2018-09-13,sh600428,中远海特,3.49,2.9499
2018-09-14,sh600428,中远海特,3.56,2.0057
2018-09-17,sh600428,中远海特,3.51,-1.4045
2018-09-18,sh600428,中远海特,3.6,2.5641
2018-09-19,sh600428,中远海特,3.6,0.0
2018-09-20,sh600428,中远海特,3.57,-0.8333
2018-09-21,sh600428,中远海特,3.64,1.9608
2018-09-25,sh600428,中远海特,3.59,-1.3736
2018-09-26,sh600428,中远海特,3.58,-0.2786
2018-09-27,sh600428,中远海特,3.53,-1.3966
2018-09-28,sh600428,中远海特,3.6,1.983
2018-10-08,sh600428,中远海特,3.56,-1.1111
2018-10-09,sh600428,中远海特,3.65,2.5281
2018-10-10,sh600428,中远海特,3.62,-0.8219
2018-10-11,sh600428,中远海特,3.29,-9.116
2018-10-12,sh600428,中远海特,3.24,-1.5198
2018-10-15,sh600428,中远海特,3.19,-1.5432
2018-10-16,sh600428,中远海特,3.16,-0.9404
2018-10-17,sh600428,中远海特,3.23,2.2152
2018-10-18,sh600428,中远海特,3.14,-2.7864
2018-10-19,sh600428,中远海特,3.23,2.8662
2018-10-22,sh600428,中远海特,3.36,4.0248
2018-10-23,sh600428,中远海特,3.29,-2.0833
2018-10-24,sh600428,中远海特,3.31,0.6079
2018-10-25,sh600428,中远海特,3.29,-0.6042
2018-10-26,sh600428,中远海特,3.33,1.2158
2018-10-29,sh600428,中远海特,3.27,-1.8018
2018-10-30,sh600428,中远海特,3.32,1.5291
2018-10-31,sh600428,中远海特,3.37,1.506
2018-11-01,sh600428,中远海特,3.36,-0.2967
2018-11-02,sh600428,中远海特,3.46,2.9762
2018-11-05,sh600428,中远海特,3.44,-0.578
2018-11-06,sh600428,中远海特,3.44,0.0
2018-11-07,sh600428,中远海特,3.39,-1.4535
2018-11-08,sh600428,中远海特,3.38,-0.295
2018-11-09,sh600428,中远海特,3.34,-1.1834
2018-11-12,sh600428,中远海特,3.44,2.994
2018-11-13,sh600428,中远海特,3.55,3.1977
2018-11-14,sh600428,中远海特,3.57,0.5634
2018-11-15,sh600428,中远海特,3.58,0.2801
2018-11-16,sh600428,中远海特,3.58,0.0
2018-11-19,sh600428,中远海特,3.61,0.838
2018-11-20,sh600428,中远海特,3.49,-3.3241
2018-11-21,sh600428,中远海特,3.51,0.5731
2018-11-22,sh600428,中远海特,3.51,0.0
2018-11-23,sh600428,中远海特,3.36,-4.2735
2018-11-26,sh600428,中远海特,3.4,1.1905
2018-11-27,sh600428,中远海特,3.41,0.2941
2018-11-28,sh600428,中远海特,3.52,3.2258
2018-11-29,sh600428,中远海特,3.43,-2.5568
2018-11-30,sh600428,中远海特,3.48,1.4577
2018-12-03,sh600428,中远海特,3.59,3.1609
2018-12-04,sh600428,中远海特,3.6,0.2786
2018-12-05,sh600428,中远海特,3.56,-1.1111
2018-12-06,sh600428,中远海特,3.47,-2.5281
2018-12-07,sh600428,中远海特,3.5,0.8646
2018-12-10,sh600428,中远海特,3.42,-2.2857
2018-12-11,sh600428,中远海特,3.42,0.0
2018-12-12,sh600428,中远海特,3.43,0.2924
2018-12-13,sh600428,中远海特,3.46,0.8746
2018-12-14,sh600428,中远海特,3.39,-2.0231
2018-12-17,sh600428,中远海特,3.41,0.59
2018-12-18,sh600428,中远海特,3.39,-0.5865
2018-12-19,sh600428,中远海特,3.35,-1.1799
2018-12-20,sh600428,中远海特,3.36,0.2985
2018-12-21,sh600428,中远海特,3.35,-0.2976
2018-12-24,sh600428,中远海特,3.38,0.8955
2018-12-25,sh600428,中远海特,3.31,-2.071
2018-12-26,sh600428,中远海特,3.28,-0.9063
2018-12-27,sh600428,中远海特,3.25,-0.9146
2018-12-28,sh600428,中远海特,3.25,0.0
2019-01-02,sh600428,中远海特,3.25,0.0
2019-01-03,sh600428,中远海特,3.28,0.9231
2019-01-04,sh600428,中远海特,3.36,2.439
2019-01-07,sh600428,中远海特,3.43,2.0833
2019-01-08,sh600428,中远海特,3.45,0.5831
2019-01-09,sh600428,中远海特,3.42,-0.8696
2019-01-10,sh600428,中远海特,3.45,0.8772
2019-01-11,sh600428,中远海特,3.48,0.8696
2019-01-14,sh600428,中远海特,3.48,0.0
2019-01-15,sh600428,中远海特,3.48,0.0
2019-01-16,sh600428,中远海特,3.44,-1.1494
2019-01-17,sh600428,中远海特,3.45,0.2907
2019-01-18,sh600428,中远海特,3.49,1.1594
2019-01-21,sh600428,中远海特,3.54,1.4327
2019-01-22,sh600428,中远海特,3.41,-3.6723
2019-01-23,sh600428,中远海特,3.44,0.8798
2019-01-24,sh600428,中远海特,3.45,0.2907
2019-01-25,sh600428,中远海特,3.4,-1.4493
2019-01-28,sh600428,中远海特,3.38,-0.5882
2019-01-29,sh600428,中远海特,3.29,-2.6627
2019-01-30,sh600428,中远海特,3.27,-0.6079
2019-01-31,sh600428,中远海特,3.26,-0.3058
2019-02-01,sh600428,中远海特,3.31,1.5337
2019-02-11,sh600428,中远海特,3.35,1.2085
2019-02-12,sh600428,中远海特,3.39,1.194
2019-02-13,sh600428,中远海特,3.44,1.4749
2019-02-14,sh600428,中远海特,3.45,0.2907
2019-02-15,sh600428,中远海特,3.46,0.2899
2019-02-18,sh600428,中远海特,3.54,2.3121
2019-02-19,sh600428,中远海特,3.65,3.1073
2019-02-20,sh600428,中远海特,3.64,-0.274
2019-02-21,sh600428,中远海特,3.58,-1.6484
2019-02-22,sh600428,中远海特,3.63,1.3966
2019-02-25,sh600428,中远海特,3.83,5.5096
2019-02-26,sh600428,中远海特,3.88,1.3055
2019-02-27,sh600428,中远海特,3.89,0.2577
2019-02-28,sh600428,中远海特,3.89,0.0
2019-03-01,sh600428,中远海特,3.95,1.5424
2019-03-04,sh600428,中远海特,3.95,0.0
2019-03-05,sh600428,中远海特,3.97,0.5063
2019-03-06,sh600428,中远海特,4.09,3.0227
2019-03-07,sh600428,中远海特,4.18,2.2005
2019-03-08,sh600428,中远海特,3.89,-6.9378
2019-03-11,sh600428,中远海特,4.11,5.6555
2019-03-12,sh600428,中远海特,4.09,-0.4866
2019-03-13,sh600428,中远海特,4.03,-1.467
2019-03-14,sh600428,中远海特,3.92,-2.7295
2019-03-15,sh600428,中远海特,3.98,1.5306
2019-03-18,sh600428,中远海特,4.12,3.5176
2019-03-19,sh600428,中远海特,4.15,0.7282
2019-03-20,sh600428,中远海特,4.2,1.2048
2019-03-21,sh600428,中远海特,4.17,-0.7143
2019-03-22,sh600428,中远海特,4.35,4.3165
2019-03-25,sh600428,中远海特,4.23,-2.7586
2019-03-26,sh600428,中远海特,4.12,-2.6005
2019-03-27,sh600428,中远海特,4.18,1.4563
2019-03-28,sh600428,中远海特,4.25,1.6746
2019-03-29,sh600428,中远海特,4.21,-0.9412
2019-04-01,sh600428,中远海特,4.63,9.9762
2019-04-02,sh600428,中远海特,4.49,-3.0238
2019-04-03,sh600428,中远海特,4.78,6.4588
2019-04-04,sh600428,中远海特,4.67,-2.3013
2019-04-08,sh600428,中远海特,4.5,-3.6403
2019-04-09,sh600428,中远海特,4.53,0.6667
2019-04-10,sh600428,中远海特,4.56,0.6623
2019-04-11,sh600428,中远海特,4.48,-1.7544
2019-04-12,sh600428,中远海特,4.43,-1.1161
2019-04-15,sh600428,中远海特,4.38,-1.1287
2019-04-16,sh600428,中远海特,4.47,2.0548
2019-04-17,sh600428,中远海特,4.45,-0.4474
2019-04-18,sh600428,中远海特,4.4,-1.1236
2019-04-19,sh600428,中远海特,4.42,0.4545
2019-04-22,sh600428,中远海特,4.35,-1.5837
2019-04-23,sh600428,中远海特,4.24,-2.5287
2019-04-24,sh600428,中远海特,4.29,1.1792
2019-04-25,sh600428,中远海特,4.06,-5.3613
2019-04-26,sh600428,中远海特,4.03,-0.7389
2019-04-29,sh600428,中远海特,3.9,-3.2258
2019-04-30,sh600428,中远海特,3.99,2.3077
2019-05-06,sh600428,中远海特,3.68,-7.7694
2019-05-07,sh600428,中远海特,3.73,1.3587
2019-05-08,sh600428,中远海特,3.74,0.2681
2019-05-09,sh600428,中远海特,3.69,-1.3369
2019-05-10,sh600428,中远海特,3.8,2.981
2019-05-13,sh600428,中远海特,3.82,0.5263
2019-05-14,sh600428,中远海特,3.74,-2.0942
2019-05-15,sh600428,中远海特,3.79,1.3369
2019-05-16,sh600428,中远海特,3.84,1.3193
2019-05-17,sh600428,中远海特,3.73,-2.8646
2019-05-20,sh600428,中远海特,3.72,-0.2681
2019-05-21,sh600428,中远海特,3.75,0.8065
2019-05-22,sh600428,中远海特,3.69,-1.6
2019-05-23,sh600428,中远海特,3.62,-1.897
2019-05-24,sh600428,中远海特,3.64,0.5525
2019-05-27,sh600428,中远海特,3.7,1.6484
2019-05-28,sh600428,中远海特,3.68,-0.5405
2019-05-29,sh600428,中远海特,3.69,0.2717
2019-05-30,sh600428,中远海特,3.66,-0.813
2019-05-31,sh600428,中远海特,3.66,0.0
2019-06-03,sh600428,中远海特,3.63,-0.8197
2019-06-04,sh600428,中远海特,3.61,-0.551
2019-06-05,sh600428,中远海特,3.76,4.1551
2019-06-06,sh600428,中远海特,3.59,-4.5213
2019-06-10,sh600428,中远海特,3.53,-1.6713
2019-06-11,sh600428,中远海特,3.64,3.1161
2019-06-12,sh600428,中远海特,3.61,-0.8242
2019-06-13,sh600428,中远海特,3.62,0.277
2019-06-14,sh600428,中远海特,3.58,-1.105
2019-06-17,sh600428,中远海特,3.57,-0.2793
2019-06-18,sh600428,中远海特,3.54,-0.8403
2019-06-19,sh600428,中远海特,3.59,1.4124
2019-06-20,sh600428,中远海特,3.73,3.8997
2019-06-21,sh600428,中远海特,3.73,0.0
2019-06-24,sh600428,中远海特,3.72,-0.2681
2019-06-25,sh600428,中远海特,3.72,0.0
2019-06-26,sh600428,中远海特,3.73,0.2688
2019-06-27,sh600428,中远海特,3.73,0.0
2019-06-28,sh600428,中远海特,3.7,-0.8043
2019-07-01,sh600428,中远海特,3.79,2.4324
2019-07-02,sh600428,中远海特,3.78,-0.2639
2019-07-03,sh600428,中远海特,3.83,1.3228
2019-07-04,sh600428,中远海特,3.91,2.0888
2019-07-05,sh600428,中远海特,3.97,1.5345
2019-07-08,sh600428,中远海特,3.78,-4.7859
2019-07-09,sh600428,中远海特,3.77,-0.2646
2019-07-10,sh600428,中远海特,3.71,-1.5915
2019-07-11,sh600428,中远海特,3.74,0.8086
2019-07-12,sh600428,中远海特,3.82,2.139
2019-07-15,sh600428,中远海特,3.95,3.4031
2019-07-16,sh600428,中远海特,3.96,0.2532
2019-07-17,sh600428,中远海特,3.93,-0.7576
2019-07-18,sh600428,中远海特,3.85,-2.0356
2019-07-19,sh600428,中远海特,3.99,3.6364
2019-07-22,sh600428,中远海特,3.98,-0.2506
2019-07-23,sh600428,中远海特,3.95,-0.7538
2019-07-24,sh600428,中远海特,3.95,0.0
2019-07-25,sh600428,中远海特,3.89,-1.519
2019-07-26,sh600428,中远海特,3.92,0.7712
2019-07-29,sh600428,中远海特,3.86,-1.5306
2019-07-30,sh600428,中远海特,3.88,0.5181
2019-07-31,sh600428,中远海特,3.79,-2.3196
2019-08-01,sh600428,中远海特,3.78,-0.2639
2019-08-02,sh600428,中远海特,3.65,-3.4392
2019-08-05,sh600428,中远海特,3.56,-2.4658
2019-08-06,sh600428,中远海特,3.48,-2.2472
2019-08-07,sh600428,中远海特,3.46,-0.5747
2019-08-08,sh600428,中远海特,3.47,0.289
2019-08-09,sh600428,中远海特,3.45,-0.5764
2019-08-12,sh600428,中远海特,3.53,2.3188
2019-08-13,sh600428,中远海特,3.5,-0.8499
2019-08-14,sh600428,中远海特,3.52,0.5714
2019-08-15,sh600428,中远海特,3.53,0.2841
2019-08-16,sh600428,中远海特,3.57,1.1331
2019-08-19,sh600428,中远海特,3.67,2.8011
2019-08-20,sh600428,中远海特,3.68,0.2725
2019-08-21,sh600428,中远海特,3.74,1.6304
2019-08-22,sh600428,中远海特,3.73,-0.2674
2019-08-23,sh600428,中远海特,3.73,0.0
2019-08-26,sh600428,中远海特,3.7,-0.8043
2019-08-27,sh600428,中远海特,3.76,1.6216
2019-08-28,sh600428,中远海特,3.79,0.7979
2019-08-29,sh600428,中远海特,3.82,0.7916
2019-08-30,sh600428,中远海特,3.69,-3.4031
2019-09-02,sh600428,中远海特,3.8,2.981
2019-09-03,sh600428,中远海特,3.83,0.7895
2019-09-04,sh600428,中远海特,3.88,1.3055
2019-09-05,sh600428,中远海特,3.83,-1.2887
2019-09-06,sh600428,中远海特,3.83,0.0
2019-09-09,sh600428,中远海特,3.85,0.5222
2019-09-10,sh600428,中远海特,3.8,-1.2987
2019-09-11,sh600428,中远海特,3.8,0.0
2019-09-12,sh600428,中远海特,3.81,0.2632
2019-09-16,sh600428,中远海特,3.76,-1.3123
2019-09-17,sh600428,中远海特,3.78,0.5319
2019-09-18,sh600428,中远海特,3.67,-2.9101
2019-09-19,sh600428,中远海特,3.69,0.545
2019-09-20,sh600428,中远海特,3.69,0.0
2019-09-23,sh600428,中远海特,3.7,0.271
2019-09-24,sh600428,中远海特,3.69,-0.2703
2019-09-25,sh600428,中远海特,3.67,-0.542
2019-09-26,sh600428,中远海特,3.62,-1.3624
2019-09-27,sh600428,中远海特,3.62,0.0
2019-09-30,sh600428,中远海特,3.55,-1.9337
2019-10-08,sh600428,中远海特,3.55,0.0
2019-10-09,sh600428,中远海特,3.58,0.8451
2019-10-10,sh600428,中远海特,3.71,3.6313
2019-10-11,sh600428,中远海特,3.77,1.6173
2019-10-14,sh600428,中远海特,3.85,2.122
2019-10-15,sh600428,中远海特,3.84,-0.2597
2019-10-16,sh600428,中远海特,3.76,-2.0833
2019-10-17,sh600428,中远海特,3.77,0.266
2019-10-18,sh600428,中远海特,3.65,-3.183
2019-10-21,sh600428,中远海特,3.62,-0.8219
2019-10-22,sh600428,中远海特,3.64,0.5525
2019-10-23,sh600428,中远海特,3.59,-1.3736
2019-10-24,sh600428,中远海特,3.6,0.2786
2019-10-25,sh600428,中远海特,3.61,0.2778
2019-10-28,sh600428,中远海特,3.63,0.554
2019-10-29,sh600428,中远海特,3.6,-0.8264
2019-10-30,sh600428,中远海特,3.56,-1.1111
2019-10-31,sh600428,中远海特,3.54,-0.5618
2019-11-01,sh600428,中远海特,3.58,1.1299
2019-11-04,sh600428,中远海特,3.61,0.838
2019-11-05,sh600428,中远海特,3.61,0.0
2019-11-06,sh600428,中远海特,3.59,-0.554
2019-11-07,sh600428,中远海特,3.56,-0.8357
2019-11-08,sh600428,中远海特,3.59,0.8427
2019-11-11,sh600428,中远海特,3.51,-2.2284
2019-11-12,sh600428,中远海特,3.63,3.4188
2019-11-13,sh600428,中远海特,3.54,-2.4793
2019-11-14,sh600428,中远海特,3.53,-0.2825
2019-11-15,sh600428,中远海特,3.5,-0.8499
2019-11-18,sh600428,中远海特,3.52,0.5714
2019-11-19,sh600428,中远海特,3.54,0.5682
2019-11-20,sh600428,中远海特,3.5,-1.1299
2019-11-21,sh600428,中远海特,3.5,0.0
2019-11-22,sh600428,中远海特,3.5,0.0
2019-11-25,sh600428,中远海特,3.57,2.0
2019-11-26,sh600428,中远海特,3.55,-0.5602
2019-11-27,sh600428,中远海特,3.53,-0.5634
2019-11-28,sh600428,中远海特,3.52,-0.2833
2019-11-29,sh600428,中远海特,3.52,0.0
2019-12-02,sh600428,中远海特,3.54,0.5682
2019-12-03,sh600428,中远海特,3.56,0.565
2019-12-04,sh600428,中远海特,3.55,-0.2809
2019-12-05,sh600428,中远海特,3.57,0.5634
2019-12-06,sh600428,中远海特,3.64,1.9608
2019-12-09,sh600428,中远海特,3.62,-0.5495
2019-12-10,sh600428,中远海特,3.63,0.2762
2019-12-11,sh600428,中远海特,3.62,-0.2755
2019-12-12,sh600428,中远海特,3.61,-0.2762
2019-12-13,sh600428,中远海特,3.66,1.385
2019-12-16,sh600428,中远海特,3.68,0.5464
2019-12-17,sh600428,中远海特,3.71,0.8152
2019-12-18,sh600428,中远海特,3.69,-0.5391
2019-12-19,sh600428,中远海特,3.74,1.355
2019-12-20,sh600428,中远海特,3.72,-0.5348
2019-12-23,sh600428,中远海特,3.64,-2.1505
2019-12-24,sh600428,中远海特,3.65,0.2747
2019-12-25,sh600428,中远海特,3.63,-0.5479
2019-12-26,sh600428,中远海特,3.69,1.6529
2019-12-27,sh600428,中远海特,3.68,-0.271
2019-12-30,sh600428,中远海特,3.74,1.6304
2019-12-31,sh600428,中远海特,3.74,0.0
2020-01-02,sh600428,中远海特,3.85,2.9412
2020-01-03,sh600428,中远海特,3.8,-1.2987
2020-01-06,sh600428,中远海特,3.78,-0.5263
2020-01-07,sh600428,中远海特,3.81,0.7937
2020-01-08,sh600428,中远海特,3.73,-2.0997
2020-01-09,sh600428,中远海特,3.76,0.8043
2020-01-10,sh600428,中远海特,3.76,0.0
2020-01-13,sh600428,中远海特,3.79,0.7979
2020-01-14,sh600428,中远海特,3.83,1.0554
2020-01-15,sh600428,中远海特,3.77,-1.5666
2020-01-16,sh600428,中远海特,3.76,-0.2653
2020-01-17,sh600428,中远海特,3.76,0.0
2020-01-20,sh600428,中远海特,3.77,0.266
2020-01-21,sh600428,中远海特,3.67,-2.6525
2020-01-22,sh600428,中远海特,3.66,-0.2725
2020-01-23,sh600428,中远海特,3.56,-2.7322
2020-02-03,sh600428,中远海特,3.2,-10.1124
2020-02-04,sh600428,中远海特,3.14,-1.875
2020-02-05,sh600428,中远海特,3.18,1.2739
2020-02-06,sh600428,中远海特,3.2,0.6289
2020-02-07,sh600428,中远海特,3.19,-0.3125
2020-02-10,sh600428,中远海特,3.23,1.2539
2020-02-11,sh600428,中远海特,3.24,0.3096
2020-02-12,sh600428,中远海特,3.27,0.9259
2020-02-13,sh600428,中远海特,3.23,-1.2232
2020-02-14,sh600428,中远海特,3.22,-0.3096
2020-02-17,sh600428,中远海特,3.3,2.4845
2020-02-18,sh600428,中远海特,3.31,0.303
2020-02-19,sh600428,中远海特,3.32,0.3021
2020-02-20,sh600428,中远海特,3.41,2.7108
2020-02-21,sh600428,中远海特,3.42,0.2933
2020-02-24,sh600428,中远海特,3.34,-2.3392
2020-02-25,sh600428,中远海特,3.27,-2.0958
2020-02-26,sh600428,中远海特,3.32,1.5291
2020-02-27,sh600428,中远海特,3.3,-0.6024
2020-02-28,sh600428,中远海特,3.16,-4.2424
2020-03-02,sh600428,中远海特,3.29,4.1139
2020-03-03,sh600428,中远海特,3.35,1.8237
2020-03-04,sh600428,中远海特,3.38,0.8955
2020-03-05,sh600428,中远海特,3.45,2.071
2020-03-06,sh600428,中远海特,3.42,-0.8696
2020-03-09,sh600428,中远海特,3.47,1.462
2020-03-10,sh600428,中远海特,3.42,-1.4409
2020-03-11,sh600428,中远海特,3.57,4.386
2020-03-12,sh600428,中远海特,3.57,0.0
2020-03-13,sh600428,中远海特,3.45,-3.3613
2020-03-16,sh600428,中远海特,3.3,-4.3478
2020-03-17,sh600428,中远海特,3.3,0.0
2020-03-18,sh600428,中远海特,3.2,-3.0303
2020-03-19,sh600428,中远海特,3.2,0.0
2020-03-20,sh600428,中远海特,3.25,1.5625
2020-03-23,sh600428,中远海特,3.13,-3.6923
2020-03-24,sh600428,中远海特,3.19,1.9169
2020-03-25,sh600428,中远海特,3.23,1.2539
2020-03-26,sh600428,中远海特,3.2,-0.9288
2020-03-27,sh600428,中远海特,3.2,0.0
2020-03-30,sh600428,中远海特,3.13,-2.1875
2020-03-31,sh600428,中远海特,3.18,1.5974
2020-04-01,sh600428,中远海特,3.14,-1.2579
2020-04-02,sh600428,中远海特,3.17,0.9554
2020-04-03,sh600428,中远海特,3.14,-0.9464
2020-04-07,sh600428,中远海特,3.2,1.9108
2020-04-08,sh600428,中远海特,3.23,0.9375
2020-04-09,sh600428,中远海特,3.23,0.0
2020-04-10,sh600428,中远海特,3.19,-1.2384
2020-04-13,sh600428,中远海特,3.17,-0.627
2020-04-14,sh600428,中远海特,3.19,0.6309
2020-04-15,sh600428,中远海特,3.18,-0.3135
2020-04-16,sh600428,中远海特,3.17,-0.3145
2020-04-17,sh600428,中远海特,3.17,0.0
2020-04-20,sh600428,中远海特,3.19,0.6309
2020-04-21,sh600428,中远海特,3.22,0.9404
2020-04-22,sh600428,中远海特,3.22,0.0
2020-04-23,sh600428,中远海特,3.25,0.9317
2020-04-24,sh600428,中远海特,3.17,-2.4615
2020-04-27,sh600428,中远海特,3.15,-0.6309
2020-04-28,sh600428,中远海特,3.07,-2.5397
2020-04-29,sh600428,中远海特,3.06,-0.3257
2020-04-30,sh600428,中远海特,3.11,1.634
2020-05-06,sh600428,中远海特,3.11,0.0
2020-05-07,sh600428,中远海特,3.09,-0.6431
2020-05-08,sh600428,中远海特,3.1,0.3236
2020-05-11,sh600428,中远海特,3.09,-0.3226
2020-05-12,sh600428,中远海特,3.06,-0.9709
2020-05-13,sh600428,中远海特,3.06,0.0
2020-05-14,sh600428,中远海特,3.02,-1.3072
2020-05-15,sh600428,中远海特,3.04,0.6623
2020-05-18,sh600428,中远海特,3.01,-0.9868
2020-05-19,sh600428,中远海特,3.03,0.6645
2020-05-20,sh600428,中远海特,3.01,-0.6601
2020-05-21,sh600428,中远海特,2.98,-0.9967
2020-05-22,sh600428,中远海特,2.93,-1.6779
2020-05-25,sh600428,中远海特,2.92,-0.3413
2020-05-26,sh600428,中远海特,2.95,1.0274
2020-05-27,sh600428,中远海特,2.93,-0.678
2020-05-28,sh600428,中远海特,2.96,1.0239
2020-05-29,sh600428,中远海特,2.96,0.0
2020-06-01,sh600428,中远海特,3.03,2.3649
2020-06-02,sh600428,中远海特,3.08,1.6502
2020-06-03,sh600428,中远海特,3.09,0.3247
2020-06-04,sh600428,中远海特,3.08,-0.3236
2020-06-05,sh600428,中远海特,3.07,-0.3247
2020-06-08,sh600428,中远海特,3.09,0.6515
2020-06-09,sh600428,中远海特,3.09,0.0
2020-06-10,sh600428,中远海特,3.05,-1.2945
2020-06-11,sh600428,中远海特,3.03,-0.6557
2020-06-12,sh600428,中远海特,3.02,-0.33
2020-06-15,sh600428,中远海特,3.01,-0.3311
2020-06-16,sh600428,中远海特,3.06,1.6611
2020-06-17,sh600428,中远海特,3.04,-0.6536
2020-06-18,sh600428,中远海特,3.1,1.9737
2020-06-19,sh600428,中远海特,3.12,0.6452
2020-06-22,sh600428,中远海特,3.06,-1.9231
2020-06-23,sh600428,中远海特,3.03,-0.9804
2020-06-24,sh600428,中远海特,3.04,0.33
2020-06-29,sh600428,中远海特,3.0,-1.3158
2020-06-30,sh600428,中远海特,3.08,2.6667
2020-07-01,sh600428,中远海特,3.08,0.0
2020-07-02,sh600428,中远海特,3.16,2.5974
2020-07-03,sh600428,中远海特,3.32,5.0633
2020-07-06,sh600428,中远海特,3.47,4.5181
2020-07-07,sh600428,中远海特,3.41,-1.7291
2020-07-08,sh600428,中远海特,3.48,2.0528
2020-07-09,sh600428,中远海特,3.5,0.5747
2020-07-10,sh600428,中远海特,3.42,-2.2857
2020-07-13,sh600428,中远海特,3.51,2.6316
2020-07-14,sh600428,中远海特,3.5,-0.2849
2020-07-15,sh600428,中远海特,3.41,-2.5714
2020-07-16,sh600428,中远海特,3.29,-3.5191
2020-07-17,sh600428,中远海特,3.3,0.304
2020-07-20,sh600428,中远海特,3.44,4.2424
2020-07-21,sh600428,中远海特,3.42,-0.5814
2020-07-22,sh600428,中远海特,3.43,0.2924
2020-07-23,sh600428,中远海特,3.38,-1.4577
2020-07-24,sh600428,中远海特,3.25,-3.8462
2020-07-27,sh600428,中远海特,3.24,-0.3077
2020-07-28,sh600428,中远海特,3.28,1.2346
2020-07-29,sh600428,中远海特,3.34,1.8293
2020-07-30,sh600428,中远海特,3.34,0.0
2020-07-31,sh600428,中远海特,3.33,-0.2994
2020-08-03,sh600428,中远海特,3.45,3.6036
2020-08-04,sh600428,中远海特,3.44,-0.2899
2020-08-05,sh600428,中远海特,3.42,-0.5814
2020-08-06,sh600428,中远海特,3.4,-0.5848
2020-08-07,sh600428,中远海特,3.38,-0.5882
2020-08-10,sh600428,中远海特,3.45,2.071
2020-08-11,sh600428,中远海特,3.55,2.8986
2020-08-12,sh600428,中远海特,3.61,1.6901
2020-08-13,sh600428,中远海特,3.52,-2.4931
2020-08-14,sh600428,中远海特,3.54,0.5682
2020-08-17,sh600428,中远海特,3.58,1.1299
2020-08-18,sh600428,中远海特,3.53,-1.3966
2020-08-19,sh600428,中远海特,3.56,0.8499
2020-08-20,sh600428,中远海特,3.52,-1.1236
2020-08-21,sh600428,中远海特,3.51,-0.2841
2020-08-24,sh600428,中远海特,3.5,-0.2849
2020-08-25,sh600428,中远海特,3.45,-1.4286
2020-08-26,sh600428,中远海特,3.4,-1.4493
2020-08-27,sh600428,中远海特,3.42,0.5882
2020-08-28,sh600428,中远海特,3.47,1.462
2020-08-31,sh600428,中远海特,3.41,-1.7291
2020-09-01,sh600428,中远海特,3.45,1.173
2020-09-02,sh600428,中远海特,3.41,-1.1594
2020-09-03,sh600428,中远海特,3.4,-0.2933
2020-09-04,sh600428,中远海特,3.39,-0.2941
2020-09-07,sh600428,中远海特,3.4,0.295
2020-09-08,sh600428,中远海特,3.53,3.8235
2020-09-09,sh600428,中远海特,3.63,2.8329
2020-09-10,sh600428,中远海特,3.49,-3.8567
2020-09-11,sh600428,中远海特,3.42,-2.0057
2020-09-14,sh600428,中远海特,3.38,-1.1696
2020-09-15,sh600428,中远海特,3.42,1.1834
2020-09-16,sh600428,中远海特,3.38,-1.1696
2020-09-17,sh600428,中远海特,3.39,0.2959
2020-09-18,sh600428,中远海特,3.45,1.7699
2020-09-21,sh600428,中远海特,3.4,-1.4493
2020-09-22,sh600428,中远海特,3.34,-1.7647
2020-09-23,sh600428,中远海特,3.34,0.0
2020-09-24,sh600428,中远海特,3.26,-2.3952
2020-09-25,sh600428,中远海特,3.3,1.227
2020-09-28,sh600428,中远海特,3.28,-0.6061
2020-09-29,sh600428,中远海特,3.34,1.8293
2020-09-30,sh600428,中远海特,3.24,-2.994
2020-10-09,sh600428,中远海特,3.35,3.3951
2020-10-12,sh600428,中远海特,3.41,1.791
2020-10-13,sh600428,中远海特,3.38,-0.8798
2020-10-14,sh600428,中远海特,3.38,0.0
2020-10-15,sh600428,中远海特,3.34,-1.1834
2020-10-16,sh600428,中远海特,3.35,0.2994
2020-10-19,sh600428,中远海特,3.35,0.0
2020-10-20,sh600428,中远海特,3.36,0.2985
2020-10-21,sh600428,中远海特,3.31,-1.4881
2020-10-22,sh600428,中远海特,3.34,0.9063
2020-10-23,sh600428,中远海特,3.37,0.8982
2020-10-26,sh600428,中远海特,3.33,-1.1869
2020-10-27,sh600428,中远海特,3.28,-1.5015
2020-10-28,sh600428,中远海特,3.3,0.6098
2020-10-29,sh600428,中远海特,3.31,0.303
2020-10-30,sh600428,中远海特,3.22,-2.719
2020-11-02,sh600428,中远海特,3.39,5.2795
2020-11-03,sh600428,中远海特,3.4,0.295
2020-11-04,sh600428,中远海特,3.36,-1.1765
2020-11-05,sh600428,中远海特,3.51,4.4643
2020-11-06,sh600428,中远海特,3.86,9.9715
2020-11-09,sh600428,中远海特,4.25,10.1036
2020-11-10,sh600428,中远海特,4.3,1.1765
2020-11-11,sh600428,中远海特,3.87,-10.0
2020-11-12,sh600428,中远海特,3.86,-0.2584
2020-11-13,sh600428,中远海特,3.74,-3.1088
2020-11-16,sh600428,中远海特,3.78,1.0695
2020-11-17,sh600428,中远海特,4.16,10.0529
2020-11-18,sh600428,中远海特,4.1,-1.4423
2020-11-19,sh600428,中远海特,4.0,-2.439
2020-11-20,sh600428,中远海特,4.4,10.0
2020-11-23,sh600428,中远海特,4.84,10.0
2020-11-24,sh600428,中远海特,4.65,-3.9256
2020-11-25,sh600428,中远海特,4.59,-1.2903
2020-11-26,sh600428,中远海特,4.69,2.1786
2020-11-27,sh600428,中远海特,4.43,-5.5437
2020-11-30,sh600428,中远海特,4.36,-1.5801
2020-12-01,sh600428,中远海特,4.36,0.0
2020-12-02,sh600428,中远海特,4.6,5.5046
2020-12-03,sh600428,中远海特,4.36,-5.2174
2020-12-04,sh600428,中远海特,4.52,3.6697
2020-12-07,sh600428,中远海特,4.38,-3.0973
2020-12-08,sh600428,中远海特,4.11,-6.1644
2020-12-09,sh600428,中远海特,3.98,-3.163
2020-12-10,sh600428,中远海特,3.91,-1.7588
2020-12-11,sh600428,中远海特,3.79,-3.0691
2020-12-14,sh600428,中远海特,3.86,1.847
2020-12-15,sh600428,中远海特,3.93,1.8135
2020-12-16,sh600428,中远海特,3.82,-2.799
2020-12-17,sh600428,中远海特,4.2,9.9476
2020-12-18,sh600428,中远海特,4.11,-2.1429
2020-12-21,sh600428,中远海特,4.14,0.7299
2020-12-22,sh600428,中远海特,3.94,-4.8309
2020-12-23,sh600428,中远海特,3.97,0.7614
2020-12-24,sh600428,中远海特,4.29,8.0605
2020-12-25,sh600428,中远海特,4.58,6.7599
2020-12-28,sh600428,中远海特,4.59,0.2183
2020-12-29,sh600428,中远海特,4.49,-2.1786
2020-12-30,sh600428,中远海特,4.55,1.3363
2020-12-31,sh600428,中远海特,4.55,0.0
2021-01-04,sh600428,中远海特,4.76,4.6154
2021-01-05,sh600428,中远海特,4.63,-2.7311
2021-01-06,sh600428,中远海特,4.62,-0.216
2021-01-07,sh600428,中远海特,4.58,-0.8658
2021-01-08,sh600428,中远海特,4.55,-0.655
2021-01-11,sh600428,中远海特,4.37,-3.956
2021-01-12,sh600428,中远海特,4.42,1.1442
2021-01-13,sh600428,中远海特,4.68,5.8824
2021-01-14,sh600428,中远海特,4.51,-3.6325
2021-01-15,sh600428,中远海特,4.26,-5.5432
2021-01-18,sh600428,中远海特,4.69,10.0939
2021-01-19,sh600428,中远海特,4.77,1.7058
2021-01-20,sh600428,中远海特,4.7,-1.4675
2021-01-21,sh600428,中远海特,4.98,5.9574
2021-01-22,sh600428,中远海特,5.48,10.0402
2021-01-25,sh600428,中远海特,5.5,0.365
2021-01-26,sh600428,中远海特,5.26,-4.3636
2021-01-27,sh600428,中远海特,5.65,7.4144
2021-01-28,sh600428,中远海特,5.09,-9.9115
2021-01-29,sh600428,中远海特,4.58,-10.0196
2021-02-01,sh600428,中远海特,4.27,-6.7686
2021-02-02,sh600428,中远海特,4.09,-4.2155
2021-02-03,sh600428,中远海特,3.99,-2.445
2021-02-04,sh600428,中远海特,3.74,-6.2657
2021-02-05,sh600428,中远海特,3.74,0.0
2021-02-08,sh600428,中远海特,3.73,-0.2674
2021-02-09,sh600428,中远海特,3.8,1.8767
2021-02-10,sh600428,中远海特,3.76,-1.0526
2021-02-18,sh600428,中远海特,3.97,5.5851
2021-02-19,sh600428,中远海特,4.1,3.2746
2021-02-22,sh600428,中远海特,4.14,0.9756
2021-02-23,sh600428,中远海特,4.05,-2.1739
2021-02-24,sh600428,中远海特,4.06,0.2469
2021-02-25,sh600428,中远海特,4.08,0.4926
2021-02-26,sh600428,中远海特,3.91,-4.1667
2021-03-01,sh600428,中远海特,3.99,2.046
2021-03-02,sh600428,中远海特,3.83,-4.01
2021-03-03,sh600428,中远海特,3.96,3.3943
2021-03-04,sh600428,中远海特,3.93,-0.7576
2021-03-05,sh600428,中远海特,4.1,4.3257
2021-03-08,sh600428,中远海特,4.03,-1.7073
2021-03-09,sh600428,中远海特,4.21,4.4665
2021-03-10,sh600428,中远海特,4.14,-1.6627
2021-03-11,sh600428,中远海特,4.28,3.3816
2021-03-12,sh600428,中远海特,4.17,-2.5701
2021-03-15,sh600428,中远海特,4.22,1.199
2021-03-16,sh600428,中远海特,4.21,-0.237
2021-03-17,sh600428,中远海特,4.28,1.6627
2021-03-18,sh600428,中远海特,4.23,-1.1682
2021-03-19,sh600428,中远海特,4.11,-2.8369
2021-03-22,sh600428,中远海特,4.17,1.4599
2021-03-23,sh600428,中远海特,4.04,-3.1175
2021-03-24,sh600428,中远海特,3.88,-3.9604
2021-03-25,sh600428,中远海特,3.9,0.5155
2021-03-26,sh600428,中远海特,3.94,1.0256
2021-03-29,sh600428,中远海特,3.95,0.2538
2021-03-30,sh600428,中远海特,4.0,1.2658
2021-03-31,sh600428,中远海特,3.95,-1.25
2021-04-01,sh600428,中远海特,3.93,-0.5063
2021-04-02,sh600428,中远海特,3.87,-1.5267
2021-04-06,sh600428,中远海特,3.89,0.5168
2021-04-07,sh600428,中远海特,4.28,10.0257
2021-04-08,sh600428,中远海特,4.1,-4.2056
2021-04-09,sh600428,中远海特,4.36,6.3415
2021-04-12,sh600428,中远海特,4.28,-1.8349
2021-04-13,sh600428,中远海特,4.23,-1.1682
2021-04-14,sh600428,中远海特,4.26,0.7092
2021-04-15,sh600428,中远海特,4.18,-1.8779
2021-04-16,sh600428,中远海特,4.18,0.0
2021-04-19,sh600428,中远海特,4.19,0.2392
2021-04-20,sh600428,中远海特,4.14,-1.1933
2021-04-21,sh600428,中远海特,4.12,-0.4831
2021-04-22,sh600428,中远海特,4.2,1.9417
2021-04-23,sh600428,中远海特,4.08,-2.8571
2021-04-26,sh600428,中远海特,4.03,-1.2255
2021-04-27,sh600428,中远海特,4.13,2.4814
2021-04-28,sh600428,中远海特,4.07,-1.4528
2021-04-29,sh600428,中远海特,4.13,1.4742
2021-04-30,sh600428,中远海特,4.07,-1.4528
2021-05-06,sh600428,中远海特,4.18,2.7027
2021-05-07,sh600428,中远海特,4.38,4.7847
2021-05-10,sh600428,中远海特,4.48,2.2831
2021-05-11,sh600428,中远海特,4.38,-2.2321
2021-05-12,sh600428,中远海特,4.37,-0.2283
2021-05-13,sh600428,中远海特,4.29,-1.8307
2021-05-14,sh600428,中远海特,4.25,-0.9324
2021-05-17,sh600428,中远海特,4.39,3.2941
2021-05-18,sh600428,中远海特,4.31,-1.8223
2021-05-19,sh600428,中远海特,4.18,-3.0162
2021-05-20,sh600428,中远海特,4.09,-2.1531
2021-05-21,sh600428,中远海特,4.21,2.934
2021-05-24,sh600428,中远海特,4.15,-1.4252
2021-05-25,sh600428,中远海特,4.2,1.2048
2021-05-26,sh600428,中远海特,4.23,0.7143
2021-05-27,sh600428,中远海特,4.22,-0.2364
2021-05-28,sh600428,中远海特,4.23,0.237
2021-05-31,sh600428,中远海特,4.11,-2.8369
2021-06-01,sh600428,中远海特,4.17,1.4599
2021-06-02,sh600428,中远海特,4.15,-0.4796
2021-06-03,sh600428,中远海特,4.13,-0.4819
2021-06-04,sh600428,中远海特,4.09,-0.9685
2021-06-07,sh600428,中远海特,4.13,0.978
2021-06-08,sh600428,中远海特,4.11,-0.4843
2021-06-09,sh600428,中远海特,4.13,0.4866
2021-06-10,sh600428,中远海特,4.33,4.8426
2021-06-11,sh600428,中远海特,4.28,-1.1547
2021-06-15,sh600428,中远海特,4.21,-1.6355
2021-06-16,sh600428,中远海特,4.12,-2.1378
2021-06-17,sh600428,中远海特,4.27,3.6408
2021-06-18,sh600428,中远海特,4.32,1.171
2021-06-21,sh600428,中远海特,4.3,-0.463
2021-06-22,sh600428,中远海特,4.73,10.0
2021-06-23,sh600428,中远海特,4.99,5.4968
2021-06-24,sh600428,中远海特,5.03,0.8016
2021-06-25,sh600428,中远海特,5.1,1.3917
2021-06-28,sh600428,中远海特,5.15,0.9804
2021-06-29,sh600428,中远海特,5.22,1.3592
2021-06-30,sh600428,中远海特,5.74,9.9617
2021-07-01,sh600428,中远海特,5.73,-0.1742
2021-07-02,sh600428,中远海特,6.3,9.9476
2021-07-05,sh600428,中远海特,6.93,10.0
2021-07-06,sh600428,中远海特,6.48,-6.4935
2021-07-07,sh600428,中远海特,6.65,2.6235
2021-07-08,sh600428,中远海特,6.29,-5.4135
2021-07-09,sh600428,中远海特,6.03,-4.1335
2021-07-12,sh600428,中远海特,5.92,-1.8242
2021-07-13,sh600428,中远海特,6.03,1.8581
2021-07-14,sh600428,中远海特,5.9,-2.1559
2021-07-15,sh600428,中远海特,5.81,-1.5254
2021-07-16,sh600428,中远海特,5.82,0.1721
2021-07-19,sh600428,中远海特,5.95,2.2337
2021-07-20,sh600428,中远海特,5.44,-8.5714
2021-07-21,sh600428,中远海特,5.52,1.4706
2021-07-22,sh600428,中远海特,6.07,9.9638
2021-07-23,sh600428,中远海特,5.65,-6.9193
2021-07-26,sh600428,中远海特,5.59,-1.0619
2021-07-27,sh600428,中远海特,5.19,-7.1556
2021-07-28,sh600428,中远海特,5.32,2.5048
2021-07-29,sh600428,中远海特,5.38,1.1278
2021-07-30,sh600428,中远海特,5.33,-0.9294
2021-08-02,sh600428,中远海特,5.77,8.2552
2021-08-03,sh600428,中远海特,5.92,2.5997
2021-08-04,sh600428,中远海特,5.76,-2.7027
2021-08-05,sh600428,中远海特,5.61,-2.6042
2021-08-06,sh600428,中远海特,5.74,2.3173
2021-08-09,sh600428,中远海特,5.64,-1.7422
2021-08-10,sh600428,中远海特,5.59,-0.8865
2021-08-11,sh600428,中远海特,5.72,2.3256
2021-08-12,sh600428,中远海特,6.03,5.4196
2021-08-13,sh600428,中远海特,6.26,3.8143
2021-08-16,sh600428,中远海特,6.05,-3.3546
2021-08-17,sh600428,中远海特,6.08,0.4959
2021-08-18,sh600428,中远海特,6.15,1.1513
2021-08-19,sh600428,中远海特,6.1,-0.813
2021-08-20,sh600428,中远海特,6.01,-1.4754
2021-08-23,sh600428,中远海特,6.19,2.995
2021-08-24,sh600428,中远海特,6.03,-2.5848
2021-08-25,sh600428,中远海特,6.39,5.9701
2021-08-26,sh600428,中远海特,7.03,10.0156
2021-08-27,sh600428,中远海特,6.33,-9.9573
2021-08-30,sh600428,中远海特,5.96,-5.8452
2021-08-31,sh600428,中远海特,5.83,-2.1812
2021-09-01,sh600428,中远海特,5.98,2.5729
2021-09-02,sh600428,中远海特,5.91,-1.1706
2021-09-03,sh600428,中远海特,5.94,0.5076
2021-09-06,sh600428,中远海特,5.96,0.3367
2021-09-07,sh600428,中远海特,6.32,6.0403
2021-09-08,sh600428,中远海特,6.58,4.1139
2021-09-09,sh600428,中远海特,6.55,-0.4559
2021-09-10,sh600428,中远海特,6.78,3.5115
2021-09-13,sh600428,中远海特,7.46,10.0295
2021-09-14,sh600428,中远海特,7.57,1.4745
2021-09-15,sh600428,中远海特,7.71,1.8494
2021-09-16,sh600428,中远海特,7.81,1.297
2021-09-17,sh600428,中远海特,8.07,3.3291
2021-09-22,sh600428,中远海特,7.98,-1.1152
2021-09-23,sh600428,中远海特,8.3,4.01
2021-09-24,sh600428,中远海特,7.47,-10.0
2021-09-27,sh600428,中远海特,7.25,-2.9451
2021-09-28,sh600428,中远海特,7.38,1.7931
2021-09-29,sh600428,中远海特,6.81,-7.7236
2021-09-30,sh600428,中远海特,7.24,6.3142
2021-10-08,sh600428,中远海特,7.03,-2.9006
2021-10-11,sh600428,中远海特,6.86,-2.4182
2021-10-12,sh600428,中远海特,6.53,-4.8105
2021-10-13,sh600428,中远海特,6.37,-2.4502
2021-10-14,sh600428,中远海特,6.24,-2.0408
2021-10-15,sh600428,中远海特,6.0,-3.8462
2021-10-18,sh600428,中远海特,6.09,1.5
2021-10-19,sh600428,中远海特,6.03,-0.9852
2021-10-20,sh600428,中远海特,5.9,-2.1559
2021-10-21,sh600428,中远海特,5.79,-1.8644
2021-10-22,sh600428,中远海特,5.59,-3.4542
2021-10-25,sh600428,中远海特,5.63,0.7156
2021-10-26,sh600428,中远海特,5.54,-1.5986
2021-10-27,sh600428,中远海特,5.38,-2.8881
2021-10-28,sh600428,中远海特,5.22,-2.974
2021-10-29,sh600428,中远海特,5.29,1.341
2021-11-01,sh600428,中远海特,5.35,1.1342
2021-11-02,sh600428,中远海特,5.21,-2.6168
2021-11-03,sh600428,中远海特,5.2,-0.1919
2021-11-04,sh600428,中远海特,5.27,1.3462
2021-11-05,sh600428,中远海特,4.99,-5.3131
2021-11-08,sh600428,中远海特,5.01,0.4008
2021-11-09,sh600428,中远海特,4.96,-0.998
2021-11-10,sh600428,中远海特,5.01,1.0081
2021-11-11,sh600428,中远海特,5.01,0.0
2021-11-12,sh600428,中远海特,4.92,-1.7964
2021-11-15,sh600428,中远海特,4.88,-0.813
2021-11-16,sh600428,中远海特,4.9,0.4098
2021-11-17,sh600428,中远海特,4.86,-0.8163
2021-11-18,sh600428,中远海特,4.84,-0.4115
2021-11-19,sh600428,中远海特,4.93,1.8595
2021-11-22,sh600428,中远海特,5.02,1.8256
2021-11-23,sh600428,中远海特,5.11,1.7928
2021-11-24,sh600428,中远海特,5.01,-1.9569
2021-11-25,sh600428,中远海特,5.02,0.1996
2021-11-26,sh600428,中远海特,4.93,-1.7928
2021-11-29,sh600428,中远海特,5.29,7.3022
2021-11-30,sh600428,中远海特,5.46,3.2136
2021-12-01,sh600428,中远海特,5.36,-1.8315
2021-12-02,sh600428,中远海特,5.27,-1.6791
2021-12-03,sh600428,中远海特,5.42,2.8463
2021-12-06,sh600428,中远海特,5.45,0.5535
2021-12-07,sh600428,中远海特,5.36,-1.6514
2021-12-08,sh600428,中远海特,5.37,0.1866
2021-12-09,sh600428,中远海特,5.31,-1.1173
2021-12-10,sh600428,中远海特,5.27,-0.7533
2021-12-13,sh600428,中远海特,5.24,-0.5693
2021-12-14,sh600428,中远海特,5.2,-0.7634
2021-12-15,sh600428,中远海特,5.2,0.0
2021-12-16,sh600428,中远海特,5.27,1.3462
2021-12-17,sh600428,中远海特,5.22,-0.9488
2021-12-20,sh600428,中远海特,5.1,-2.2989
2021-12-21,sh600428,中远海特,5.32,4.3137
2021-12-22,sh600428,中远海特,5.21,-2.0677
2021-12-23,sh600428,中远海特,5.15,-1.1516
2021-12-24,sh600428,中远海特,5.01,-2.7184
2021-12-27,sh600428,中远海特,4.97,-0.7984
2021-12-28,sh600428,中远海特,5.05,1.6097
2021-12-29,sh600428,中远海特,5.12,1.3861
2021-12-30,sh600428,中远海特,5.05,-1.3672
2021-12-31,sh600428,中远海特,5.04,-0.198
2022-01-04,sh600428,中远海特,5.16,2.381
2022-01-05,sh600428,中远海特,5.17,0.1938
2022-01-06,sh600428,中远海特,5.19,0.3868
2022-01-07,sh600428,中远海特,5.19,0.0
2022-01-10,sh600428,中远海特,5.15,-0.7707
2022-01-11,sh600428,中远海特,5.22,1.3592
2022-01-12,sh600428,中远海特,5.17,-0.9579
2022-01-13,sh600428,中远海特,5.19,0.3868
2022-01-14,sh600428,中远海特,5.0,-3.6609
2022-01-17,sh600428,中远海特,4.93,-1.4
2022-01-18,sh600428,中远海特,4.94,0.2028
2022-01-19,sh600428,中远海特,4.92,-0.4049
2022-01-20,sh600428,中远海特,4.83,-1.8293
2022-01-21,sh600428,中远海特,4.73,-2.0704
2022-01-24,sh600428,中远海特,4.62,-2.3256
2022-01-25,sh600428,中远海特,4.39,-4.9784
2022-01-26,sh600428,中远海特,4.45,1.3667
2022-01-27,sh600428,中远海特,4.35,-2.2472
2022-01-28,sh600428,中远海特,4.47,2.7586
2022-02-07,sh600428,中远海特,4.65,4.0268
2022-02-08,sh600428,中远海特,4.81,3.4409
2022-02-09,sh600428,中远海特,4.83,0.4158
2022-02-10,sh600428,中远海特,4.88,1.0352
2022-02-11,sh600428,中远海特,4.82,-1.2295
2022-02-14,sh600428,中远海特,4.7,-2.4896
2022-02-15,sh600428,中远海特,4.65,-1.0638
2022-02-16,sh600428,中远海特,4.7,1.0753
2022-02-17,sh600428,中远海特,4.68,-0.4255
2022-02-18,sh600428,中远海特,4.73,1.0684
2022-02-21,sh600428,中远海特,4.81,1.6913
2022-02-22,sh600428,中远海特,4.69,-2.4948
2022-02-23,sh600428,中远海特,4.74,1.0661
2022-02-24,sh600428,中远海特,4.63,-2.3207
2022-02-25,sh600428,中远海特,4.71,1.7279
2022-02-28,sh600428,中远海特,4.86,3.1847
2022-03-01,sh600428,中远海特,4.85,-0.2058
2022-03-02,sh600428,中远海特,4.94,1.8557
2022-03-03,sh600428,中远海特,5.11,3.4413
2022-03-04,sh600428,中远海特,4.98,-2.544
2022-03-07,sh600428,中远海特,4.88,-2.008
2022-03-08,sh600428,中远海特,4.66,-4.5082
2022-03-09,sh600428,中远海特,4.53,-2.7897
2022-03-10,sh600428,中远海特,4.5,-0.6623
2022-03-11,sh600428,中远海特,4.57,1.5556
2022-03-14,sh600428,中远海特,4.41,-3.5011
2022-03-15,sh600428,中远海特,4.08,-7.483
2022-03-16,sh600428,中远海特,4.23,3.6765
2022-03-17,sh600428,中远海特,4.26,0.7092
2022-03-18,sh600428,中远海特,4.33,1.6432
2022-03-21,sh600428,中远海特,4.34,0.2309
2022-03-22,sh600428,中远海特,4.35,0.2304
2022-03-23,sh600428,中远海特,4.29,-1.3793
2022-03-24,sh600428,中远海特,4.24,-1.1655
2022-03-25,sh600428,中远海特,4.25,0.2358
2022-03-28,sh600428,中远海特,4.35,2.3529
2022-03-29,sh600428,中远海特,4.34,-0.2299
2022-03-30,sh600428,中远海特,4.38,0.9217
2022-03-31,sh600428,中远海特,4.45,1.5982
2022-04-01,sh600428,中远海特,4.59,3.1461
2022-04-06,sh600428,中远海特,4.58,-0.2179
2022-04-07,sh600428,中远海特,4.45,-2.8384
2022-04-08,sh600428,中远海特,4.43,-0.4494
2022-04-11,sh600428,中远海特,4.32,-2.4831
2022-04-12,sh600428,中远海特,4.5,4.1667
2022-04-13,sh600428,中远海特,4.53,0.6667
2022-04-14,sh600428,中远海特,4.54,0.2208
2022-04-15,sh600428,中远海特,4.4,-3.0837
2022-04-18,sh600428,中远海特,4.28,-2.7273
2022-04-19,sh600428,中远海特,4.34,1.4019
2022-04-20,sh600428,中远海特,4.47,2.9954
2022-04-21,sh600428,中远海特,4.23,-5.3691
2022-04-22,sh600428,中远海特,4.32,2.1277
2022-04-25,sh600428,中远海特,3.91,-9.4907
2022-04-26,sh600428,中远海特,3.65,-6.6496
2022-04-27,sh600428,中远海特,3.76,3.0137
2022-04-28,sh600428,中远海特,3.72,-1.0638
2022-04-29,sh600428,中远海特,4.09,9.9462
2022-05-05,sh600428,中远海特,4.5,10.0244
2022-05-06,sh600428,中远海特,4.58,1.7778
2022-05-09,sh600428,中远海特,4.7,2.6201
2022-05-10,sh600428,中远海特,4.58,-2.5532
2022-05-11,sh600428,中远海特,4.55,-0.655
2022-05-12,sh600428,中远海特,4.61,1.3187
2022-05-13,sh600428,中远海特,4.71,2.1692
2022-05-16,sh600428,中远海特,4.69,-0.4246
2022-05-17,sh600428,中远海特,4.75,1.2793
2022-05-18,sh600428,中远海特,4.71,-0.8421
2022-05-19,sh600428,中远海特,4.7,-0.2123
2022-05-20,sh600428,中远海特,4.85,3.1915
2022-05-23,sh600428,中远海特,4.95,2.0619
2022-05-24,sh600428,中远海特,4.79,-3.2323
2022-05-25,sh600428,中远海特,4.97,3.7578
2022-05-26,sh600428,中远海特,4.94,-0.6036
2022-05-27,sh600428,中远海特,4.93,-0.2024
2022-05-30,sh600428,中远海特,4.91,-0.4057
2022-05-31,sh600428,中远海特,4.89,-0.4073
2022-06-01,sh600428,中远海特,5.16,5.5215
2022-06-02,sh600428,中远海特,4.98,-3.4884
2022-06-06,sh600428,中远海特,4.95,-0.6024
2022-06-07,sh600428,中远海特,5.07,2.4242
2022-06-08,sh600428,中远海特,5.0,-1.3807
2022-06-09,sh600428,中远海特,4.83,-3.4
2022-06-10,sh600428,中远海特,4.83,0.0
2022-06-13,sh600428,中远海特,4.81,-0.4141
2022-06-14,sh600428,中远海特,4.91,2.079
2022-06-15,sh600428,中远海特,4.95,0.8147
2022-06-16,sh600428,中远海特,4.86,-1.8182
2022-06-17,sh600428,中远海特,4.81,-1.0288
2022-06-20,sh600428,中远海特,4.83,0.4158
2022-06-21,sh600428,中远海特,4.76,-1.4493
2022-06-22,sh600428,中远海特,4.85,1.8908
2022-06-23,sh600428,中远海特,4.83,-0.4124
2022-06-24,sh600428,中远海特,4.84,0.207
2022-06-27,sh600428,中远海特,4.8,-0.8264
2022-06-28,sh600428,中远海特,4.97,3.5417
2022-06-29,sh600428,中远海特,4.78,-3.8229
2022-06-30,sh600428,中远海特,4.76,-0.4184
2022-07-01,sh600428,中远海特,4.71,-1.0504
2022-07-04,sh600428,中远海特,4.72,0.2123
2022-07-05,sh600428,中远海特,4.78,1.2712
2022-07-06,sh600428,中远海特,4.68,-2.0921
2022-07-07,sh600428,中远海特,4.76,1.7094
2022-07-08,sh600428,中远海特,4.86,2.1008
2022-07-11,sh600428,中远海特,4.88,0.4115
2022-07-12,sh600428,中远海特,4.74,-2.8689
2022-07-13,sh600428,中远海特,4.45,-6.1181
2022-07-14,sh600428,中远海特,4.38,-1.573
2022-07-15,sh600428,中远海特,4.37,-0.2283
2022-07-18,sh600428,中远海特,4.7,7.5515
2022-07-19,sh600428,中远海特,4.94,5.1064
2022-07-20,sh600428,中远海特,5.19,5.0607
2022-07-21,sh600428,中远海特,4.98,-4.0462
2022-07-22,sh600428,中远海特,5.3,6.4257
2022-07-25,sh600428,中远海特,5.32,0.3774
2022-07-26,sh600428,中远海特,5.37,0.9398
2022-07-27,sh600428,中远海特,5.27,-1.8622
2022-07-28,sh600428,中远海特,5.17,-1.8975
2022-07-29,sh600428,中远海特,5.07,-1.9342
2022-08-01,sh600428,中远海特,5.11,0.789
2022-08-02,sh600428,中远海特,4.86,-4.8924
2022-08-03,sh600428,中远海特,4.67,-3.9095
2022-08-04,sh600428,中远海特,4.68,0.2141
2022-08-05,sh600428,中远海特,4.64,-0.8547
2022-08-08,sh600428,中远海特,4.63,-0.2155
2022-08-09,sh600428,中远海特,4.69,1.2959
2022-08-10,sh600428,中远海特,4.59,-2.1322
2022-08-11,sh600428,中远海特,4.97,8.2789
2022-08-12,sh600428,中远海特,5.47,10.0604
2022-08-15,sh600428,中远海特,5.5,0.5484
2022-08-16,sh600428,中远海特,5.93,7.8182
2022-08-17,sh600428,中远海特,6.02,1.5177
2022-08-18,sh600428,中远海特,6.62,9.9668
2022-08-19,sh600428,中远海特,6.7,1.2085
2022-08-22,sh600428,中远海特,7.3,8.9552
2022-08-23,sh600428,中远海特,8.03,10.0
2022-08-24,sh600428,中远海特,8.8,9.589
2022-08-25,sh600428,中远海特,9.68,10.0
2022-08-26,sh600428,中远海特,9.5,-1.8595
2022-08-29,sh600428,中远海特,9.38,-1.2632
2022-08-30,sh600428,中远海特,8.44,-10.0213
2022-08-31,sh600428,中远海特,7.66,-9.2417
2022-09-01,sh600428,中远海特,7.43,-3.0026
2022-09-02,sh600428,中远海特,7.77,4.576
2022-09-05,sh600428,中远海特,7.96,2.4453
2022-09-06,sh600428,中远海特,8.03,0.8794
2022-09-07,sh600428,中远海特,7.88,-1.868
2022-09-08,sh600428,中远海特,7.77,-1.3959
2022-09-09,sh600428,中远海特,7.35,-5.4054
2022-09-13,sh600428,中远海特,7.2,-2.0408
2022-09-14,sh600428,中远海特,7.92,10.0
2022-09-15,sh600428,中远海特,7.13,-9.9747
2022-09-16,sh600428,中远海特,6.92,-2.9453
2022-09-19,sh600428,中远海特,7.16,3.4682
2022-09-20,sh600428,中远海特,7.08,-1.1173
2022-09-21,sh600428,中远海特,7.35,3.8136
2022-09-22,sh600428,中远海特,7.08,-3.6735
2022-09-23,sh600428,中远海特,6.75,-4.661
2022-09-26,sh600428,中远海特,6.84,1.3333
2022-09-27,sh600428,中远海特,6.92,1.1696
2022-09-28,sh600428,中远海特,6.61,-4.4798
2022-09-29,sh600428,中远海特,6.42,-2.8744
2022-09-30,sh600428,中远海特,6.24,-2.8037
2022-10-10,sh600428,中远海特,6.35,1.7628
2022-10-11,sh600428,中远海特,6.49,2.2047
2022-10-12,sh600428,中远海特,6.47,-0.3082
2022-10-13,sh600428,中远海特,6.28,-2.9366
2022-10-14,sh600428,中远海特,6.59,4.9363
2022-10-17,sh600428,中远海特,6.53,-0.9105
2022-10-18,sh600428,中远海特,7.18,9.9541
2022-10-19,sh600428,中远海特,7.9,10.0279
2022-10-20,sh600428,中远海特,8.18,3.5443
2022-10-21,sh600428,中远海特,7.68,-6.1125
2022-10-24,sh600428,中远海特,7.11,-7.4219
2022-10-25,sh600428,中远海特,7.15,0.5626
2022-10-26,sh600428,中远海特,7.32,2.3776
2022-10-27,sh600428,中远海特,7.1,-3.0055
2022-10-28,sh600428,中远海特,6.63,-6.6197
2022-10-31,sh600428,中远海特,6.55,-1.2066
2022-11-01,sh600428,中远海特,6.64,1.374
2022-11-02,sh600428,中远海特,7.06,6.3253
2022-11-03,sh600428,中远海特,6.86,-2.8329
2022-11-04,sh600428,中远海特,7.29,6.2682
2022-11-07,sh600428,中远海特,7.25,-0.5487
2022-11-08,sh600428,中远海特,6.91,-4.6897
2022-11-09,sh600428,中远海特,6.92,0.1447
2022-11-10,sh600428,中远海特,6.9,-0.289
2022-11-11,sh600428,中远海特,7.4,7.2464
2022-11-14,sh600428,中远海特,7.31,-1.2162
2022-11-15,sh600428,中远海特,7.42,1.5048
2022-11-16,sh600428,中远海特,7.61,2.5606
2022-11-17,sh600428,中远海特,7.34,-3.548
2022-11-18,sh600428,中远海特,6.94,-5.4496
2022-11-21,sh600428,中远海特,6.98,0.5764
2022-11-22,sh600428,中远海特,7.19,3.0086
2022-11-23,sh600428,中远海特,7.59,5.5633
2022-11-24,sh600428,中远海特,7.53,-0.7905
2022-11-25,sh600428,中远海特,7.37,-2.1248
2022-11-28,sh600428,中远海特,7.72,4.749
2022-11-29,sh600428,中远海特,7.59,-1.6839
2022-11-30,sh600428,中远海特,7.34,-3.2938
2022-12-01,sh600428,中远海特,7.38,0.545
2022-12-02,sh600428,中远海特,7.11,-3.6585
2022-12-05,sh600428,中远海特,7.55,6.1885
2022-12-06,sh600428,中远海特,7.48,-0.9272
2022-12-07,sh600428,中远海特,7.39,-1.2032
2022-12-08,sh600428,中远海特,7.14,-3.3829
2022-12-09,sh600428,中远海特,6.99,-2.1008
2022-12-12,sh600428,中远海特,6.85,-2.0029
2022-12-13,sh600428,中远海特,6.92,1.0219
2022-12-14,sh600428,中远海特,6.65,-3.9017
2022-12-15,sh600428,中远海特,6.62,-0.4511
2022-12-16,sh600428,中远海特,6.54,-1.2085
2022-12-19,sh600428,中远海特,6.23,-4.7401
2022-12-20,sh600428,中远海特,6.26,0.4815
2022-12-21,sh600428,中远海特,6.1,-2.5559
2022-12-22,sh600428,中远海特,6.0,-1.6393
2022-12-23,sh600428,中远海特,5.93,-1.1667
2022-12-26,sh600428,中远海特,6.07,2.3609
2022-12-27,sh600428,中远海特,6.18,1.8122
2022-12-28,sh600428,中远海特,6.04,-2.2654
2022-12-29,sh600428,中远海特,5.94,-1.6556
2022-12-30,sh600428,中远海特,5.96,0.3367
2023-01-03,sh600428,中远海特,6.18,3.6913
2023-01-04,sh600428,中远海特,6.11,-1.1327
2023-01-05,sh600428,中远海特,6.16,0.8183
2023-01-06,sh600428,中远海特,6.23,1.1364
2023-01-09,sh600428,中远海特,6.27,0.6421
2023-01-10,sh600428,中远海特,6.1,-2.7113
2023-01-11,sh600428,中远海特,6.12,0.3279
2023-01-12,sh600428,中远海特,6.28,2.6144
2023-01-13,sh600428,中远海特,6.19,-1.4331
2023-01-16,sh600428,中远海特,6.27,1.2924
2023-01-17,sh600428,中远海特,6.26,-0.1595
2023-01-18,sh600428,中远海特,6.28,0.3195
2023-01-19,sh600428,中远海特,6.3,0.3185
2023-01-20,sh600428,中远海特,6.46,2.5397
2023-01-30,sh600428,中远海特,6.45,-0.1548
2023-01-31,sh600428,中远海特,6.72,4.186
2023-02-01,sh600428,中远海特,6.81,1.3393
2023-02-02,sh600428,中远海特,7.2,5.7269
2023-02-03,sh600428,中远海特,7.14,-0.8333
2023-02-06,sh600428,中远海特,7.26,1.6807
2023-02-07,sh600428,中远海特,7.18,-1.1019
2023-02-08,sh600428,中远海特,7.06,-1.6713
2023-02-09,sh600428,中远海特,7.11,0.7082
2023-02-10,sh600428,中远海特,7.09,-0.2813
2023-02-13,sh600428,中远海特,7.04,-0.7052
2023-02-14,sh600428,中远海特,7.21,2.4148
2023-02-15,sh600428,中远海特,7.08,-1.8031
2023-02-16,sh600428,中远海特,6.93,-2.1186
2023-02-17,sh600428,中远海特,6.93,0.0
2023-02-20,sh600428,中远海特,7.05,1.7316
2023-02-21,sh600428,中远海特,7.07,0.2837
2023-02-22,sh600428,中远海特,6.99,-1.1315
2023-02-23,sh600428,中远海特,6.94,-0.7153
2023-02-24,sh600428,中远海特,6.91,-0.4323
2023-02-27,sh600428,中远海特,6.88,-0.4342
2023-02-28,sh600428,中远海特,6.88,0.0
2023-03-01,sh600428,中远海特,7.03,2.1802
2023-03-02,sh600428,中远海特,7.03,0.0
2023-03-03,sh600428,中远海特,7.56,7.5391
2023-03-06,sh600428,中远海特,7.64,1.0582
2023-03-07,sh600428,中远海特,7.6,-0.5236
2023-03-08,sh600428,中远海特,7.61,0.1316
2023-03-09,sh600428,中远海特,7.77,2.1025
2023-03-10,sh600428,中远海特,7.43,-4.3758
2023-03-13,sh600428,中远海特,7.51,1.0767
2023-03-14,sh600428,中远海特,7.27,-3.1957
2023-03-15,sh600428,中远海特,7.49,3.0261
2023-03-16,sh600428,中远海特,7.09,-5.3405
2023-03-17,sh600428,中远海特,7.15,0.8463
2023-03-20,sh600428,中远海特,7.11,-0.5594
2023-03-21,sh600428,中远海特,7.07,-0.5626
2023-03-22,sh600428,中远海特,7.05,-0.2829
2023-03-23,sh600428,中远海特,6.98,-0.9929
2023-03-24,sh600428,中远海特,6.8,-2.5788
2023-03-27,sh600428,中远海特,6.75,-0.7353
2023-03-28,sh600428,中远海特,6.93,2.6667
2023-03-29,sh600428,中远海特,6.72,-3.0303
2023-03-30,sh600428,中远海特,6.35,-5.506
2023-03-31,sh600428,中远海特,6.35,0.0
2023-04-03,sh600428,中远海特,6.28,-1.1024
2023-04-04,sh600428,中远海特,6.36,1.2739
2023-04-06,sh600428,中远海特,6.38,0.3145
2023-04-07,sh600428,中远海特,6.48,1.5674
2023-04-10,sh600428,中远海特,6.41,-1.0802
2023-04-11,sh600428,中远海特,6.44,0.468
2023-04-12,sh600428,中远海特,6.48,0.6211
2023-04-13,sh600428,中远海特,6.64,2.4691
2023-04-14,sh600428,中远海特,6.64,0.0
2023-04-17,sh600428,中远海特,6.78,2.1084
2023-04-18,sh600428,中远海特,7.03,3.6873
2023-04-19,sh600428,中远海特,6.95,-1.138
2023-04-20,sh600428,中远海特,7.26,4.4604
2023-04-21,sh600428,中远海特,7.07,-2.6171
2023-04-24,sh600428,中远海特,6.85,-3.1117
2023-04-25,sh600428,中远海特,6.95,1.4599
2023-04-26,sh600428,中远海特,7.02,1.0072
2023-04-27,sh600428,中远海特,7.02,0.0
2023-04-28,sh600428,中远海特,6.91,-1.567
2023-05-04,sh600428,中远海特,6.74,-2.4602
2023-05-05,sh600428,中远海特,6.57,-2.5223
2023-05-08,sh600428,中远海特,7.04,7.1537
2023-05-09,sh600428,中远海特,7.74,9.9432
2023-05-10,sh600428,中远海特,7.49,-3.23
2023-05-11,sh600428,中远海特,7.41,-1.0681
2023-05-12,sh600428,中远海特,7.15,-3.5088
2023-05-15,sh600428,中远海特,7.0,-2.0979
2023-05-16,sh600428,中远海特,6.79,-3.0
2023-05-17,sh600428,中远海特,6.79,0.0
2023-05-18,sh600428,中远海特,6.71,-1.1782
2023-05-19,sh600428,中远海特,6.75,0.5961
2023-05-22,sh600428,中远海特,6.85,1.4815
2023-05-23,sh600428,中远海特,6.66,-2.7737
2023-05-24,sh600428,中远海特,6.59,-1.0511
2023-05-25,sh600428,中远海特,6.47,-1.8209
2023-05-26,sh600428,中远海特,6.55,1.2365
2023-05-29,sh600428,中远海特,6.6,0.7634
2023-05-30,sh600428,中远海特,6.56,-0.6061
2023-05-31,sh600428,中远海特,6.51,-0.7622
2023-06-01,sh600428,中远海特,6.53,0.3072
2023-06-02,sh600428,中远海特,6.65,1.8377
2023-06-05,sh600428,中远海特,6.63,-0.3008
2023-06-06,sh600428,中远海特,6.32,-4.6757
2023-06-07,sh600428,中远海特,6.22,-1.5823
2023-06-08,sh600428,中远海特,6.33,1.7685
2023-06-09,sh600428,中远海特,6.37,0.6319
2023-06-12,sh600428,中远海特,6.36,-0.157
2023-06-13,sh600428,中远海特,6.37,0.1572
2023-06-14,sh600428,中远海特,6.83,7.2214
2023-06-15,sh600428,中远海特,6.39,-6.4422
2023-06-16,sh600428,中远海特,6.42,0.4695
2023-06-19,sh600428,中远海特,6.38,-0.6231
2023-06-20,sh600428,中远海特,6.24,-2.1944
2023-06-21,sh600428,中远海特,6.19,-0.8013
2023-06-26,sh600428,中远海特,6.1,-1.454
2023-06-27,sh600428,中远海特,6.24,2.2951
2023-06-28,sh600428,中远海特,6.25,0.1603
2023-06-29,sh600428,中远海特,6.19,-0.96
2023-06-30,sh600428,中远海特,6.3,1.7771
2023-07-03,sh600428,中远海特,6.42,1.9048
2023-07-04,sh600428,中远海特,6.38,-0.6231
2023-07-05,sh600428,中远海特,6.33,-0.7837
2023-07-06,sh600428,中远海特,6.36,0.4739
2023-07-07,sh600428,中远海特,6.39,0.4717
2023-07-10,sh600428,中远海特,6.37,-0.313
2023-07-11,sh600428,中远海特,6.34,-0.471
2023-07-12,sh600428,中远海特,6.16,-2.8391
2023-07-13,sh600428,中远海特,6.27,1.7857
2023-07-14,sh600428,中远海特,6.37,1.5949
2023-07-17,sh600428,中远海特,6.37,0.0
2023-07-18,sh600428,中远海特,6.4,0.471
2023-07-19,sh600428,中远海特,6.49,1.4062
2023-07-20,sh600428,中远海特,6.42,-1.0786
2023-07-21,sh600428,中远海特,6.42,0.0
2023-07-24,sh600428,中远海特,6.36,-0.9346
2023-07-25,sh600428,中远海特,6.5,2.2013
2023-07-26,sh600428,中远海特,6.44,-0.9231
2023-07-27,sh600428,中远海特,6.37,-1.087
2023-07-28,sh600428,中远海特,6.47,1.5699
2023-07-31,sh600428,中远海特,6.53,0.9274
2023-08-01,sh600428,中远海特,6.54,0.1531
2023-08-02,sh600428,中远海特,6.43,-1.682
2023-08-03,sh600428,中远海特,6.42,-0.1555
2023-08-04,sh600428,中远海特,6.38,-0.6231
2023-08-07,sh600428,中远海特,6.3,-1.2539
2023-08-08,sh600428,中远海特,6.22,-1.2698
2023-08-09,sh600428,中远海特,6.16,-0.9646
2023-08-10,sh600428,中远海特,6.28,1.9481
2023-08-11,sh600428,中远海特,6.18,-1.5924
2023-08-14,sh600428,中远海特,6.19,0.1618
2023-08-15,sh600428,中远海特,6.14,-0.8078
2023-08-16,sh600428,中远海特,6.04,-1.6287
2023-08-17,sh600428,中远海特,6.08,0.6623
2023-08-18,sh600428,中远海特,6.07,-0.1645
2023-08-21,sh600428,中远海特,5.93,-2.3064
2023-08-22,sh600428,中远海特,5.86,-1.1804
2023-08-23,sh600428,中远海特,5.76,-1.7065
2023-08-24,sh600428,中远海特,5.82,1.0417
2023-08-25,sh600428,中远海特,5.68,-2.4055
2023-08-28,sh600428,中远海特,5.85,2.993
2023-08-29,sh600428,中远海特,5.9,0.8547
2023-08-30,sh600428,中远海特,5.8,-1.6949
2023-08-31,sh600428,中远海特,5.66,-2.4138
2023-09-01,sh600428,中远海特,5.73,1.2367
2023-09-04,sh600428,中远海特,5.8,1.2216
2023-09-05,sh600428,中远海特,5.68,-2.069
2023-09-06,sh600428,中远海特,5.52,-2.8169
2023-09-07,sh600428,中远海特,5.43,-1.6304
2023-09-08,sh600428,中远海特,5.4,-0.5525
2023-09-11,sh600428,中远海特,5.38,-0.3704
2023-09-12,sh600428,中远海特,5.4,0.3717
2023-09-13,sh600428,中远海特,5.37,-0.5556
2023-09-14,sh600428,中远海特,5.29,-1.4898
2023-09-15,sh600428,中远海特,5.38,1.7013
2023-09-18,sh600428,中远海特,5.35,-0.5576
2023-09-19,sh600428,中远海特,5.36,0.1869
2023-09-20,sh600428,中远海特,5.31,-0.9328
2023-09-21,sh600428,中远海特,5.34,0.565
2023-09-22,sh600428,中远海特,5.39,0.9363
2023-09-25,sh600428,中远海特,5.35,-0.7421
2023-09-26,sh600428,中远海特,5.3,-0.9346
2023-09-27,sh600428,中远海特,5.31,0.1887
2023-09-28,sh600428,中远海特,5.33,0.3766
2023-10-09,sh600428,中远海特,5.4,1.3133
2023-10-10,sh600428,中远海特,5.27,-2.4074
2023-10-11,sh600428,中远海特,5.15,-2.277
2023-10-12,sh600428,中远海特,5.27,2.3301
2023-10-13,sh600428,中远海特,5.16,-2.0873
2023-10-16,sh600428,中远海特,5.27,2.1318
2023-10-17,sh600428,中远海特,5.2,-1.3283
2023-10-18,sh600428,中远海特,5.12,-1.5385
2023-10-19,sh600428,中远海特,5.01,-2.1484
2023-10-20,sh600428,中远海特,5.01,0.0
2023-10-23,sh600428,中远海特,4.87,-2.7944
2023-10-24,sh600428,中远海特,4.99,2.4641
2023-10-25,sh600428,中远海特,5.08,1.8036
2023-10-26,sh600428,中远海特,5.11,0.5906
2023-10-27,sh600428,中远海特,5.14,0.5871
2023-10-30,sh600428,中远海特,5.13,-0.1946
2023-10-31,sh600428,中远海特,5.17,0.7797
2023-11-01,sh600428,中远海特,5.1,-1.354
2023-11-02,sh600428,中远海特,5.08,-0.3922
2023-11-03,sh600428,中远海特,5.1,0.3937
2023-11-06,sh600428,中远海特,5.16,1.1765
2023-11-07,sh600428,中远海特,5.11,-0.969
2023-11-08,sh600428,中远海特,5.08,-0.5871
2023-11-09,sh600428,中远海特,5.2,2.3622
2023-11-10,sh600428,中远海特,5.13,-1.3462
2023-11-13,sh600428,中远海特,5.33,3.8986
2023-11-14,sh600428,中远海特,5.29,-0.7505
2023-11-15,sh600428,中远海特,5.3,0.189
2023-11-16,sh600428,中远海特,5.24,-1.1321
2023-11-17,sh600428,中远海特,5.21,-0.5725
2023-11-20,sh600428,中远海特,5.24,0.5758
2023-11-21,sh600428,中远海特,5.21,-0.5725
2023-11-22,sh600428,中远海特,5.12,-1.7274
2023-11-23,sh600428,中远海特,5.17,0.9766
2023-11-24,sh600428,中远海特,5.1,-1.354
2023-11-27,sh600428,中远海特,5.12,0.3922
2023-11-28,sh600428,中远海特,5.12,0.0
2023-11-29,sh600428,中远海特,5.08,-0.7812
2023-11-30,sh600428,中远海特,5.21,2.5591
2023-12-01,sh600428,中远海特,5.38,3.263
2023-12-04,sh600428,中远海特,5.5,2.2305
2023-12-05,sh600428,中远海特,5.32,-3.2727
2023-12-06,sh600428,中远海特,5.26,-1.1278
2023-12-07,sh600428,中远海特,5.24,-0.3802
2023-12-08,sh600428,中远海特,5.21,-0.5725
2023-12-11,sh600428,中远海特,5.22,0.1919
2023-12-12,sh600428,中远海特,5.23,0.1916
2023-12-13,sh600428,中远海特,5.21,-0.3824
2023-12-14,sh600428,中远海特,5.16,-0.9597
2023-12-15,sh600428,中远海特,5.21,0.969
2023-12-18,sh600428,中远海特,5.45,4.6065
2023-12-19,sh600428,中远海特,5.35,-1.8349
2023-12-20,sh600428,中远海特,5.41,1.1215
2023-12-21,sh600428,中远海特,5.37,-0.7394
2023-12-22,sh600428,中远海特,5.6,4.2831
2023-12-25,sh600428,中远海特,5.41,-3.3929
2023-12-26,sh600428,中远海特,5.45,0.7394
2023-12-27,sh600428,中远海特,5.39,-1.1009
2023-12-28,sh600428,中远海特,5.37,-0.3711
2023-12-29,sh600428,中远海特,5.36,-0.1862
2024-01-02,sh600428,中远海特,5.48,2.2388
2024-01-03,sh600428,中远海特,5.47,-0.1825
2024-01-04,sh600428,中远海特,5.47,0.0
2024-01-05,sh600428,中远海特,5.34,-2.3766
2024-01-08,sh600428,中远海特,5.24,-1.8727
2024-01-09,sh600428,中远海特,5.23,-0.1908
2024-01-10,sh600428,中远海特,5.15,-1.5296
2024-01-11,sh600428,中远海特,5.19,0.7767
2024-01-12,sh600428,中远海特,5.26,1.3487
2024-01-15,sh600428,中远海特,5.42,3.0418
2024-01-16,sh600428,中远海特,5.31,-2.0295
2024-01-17,sh600428,中远海特,5.19,-2.2599
2024-01-18,sh600428,中远海特,5.21,0.3854
2024-01-19,sh600428,中远海特,5.16,-0.9597
2024-01-22,sh600428,中远海特,4.95,-4.0698
2024-01-23,sh600428,中远海特,5.05,2.0202
2024-01-24,sh600428,中远海特,5.15,1.9802
2024-01-25,sh600428,中远海特,5.4,4.8544
2024-01-26,sh600428,中远海特,5.47,1.2963
2024-01-29,sh600428,中远海特,5.46,-0.1828
2024-01-30,sh600428,中远海特,5.29,-3.1136
2024-01-31,sh600428,中远海特,5.12,-3.2136
2024-02-01,sh600428,中远海特,5.09,-0.5859
2024-02-02,sh600428,中远海特,5.03,-1.1788
2024-02-05,sh600428,中远海特,4.71,-6.3618
2024-02-06,sh600428,中远海特,5.09,8.0679
2024-02-07,sh600428,中远海特,5.25,3.1434
2024-02-08,sh600428,中远海特,5.3,0.9524
2024-02-19,sh600428,中远海特,5.32,0.3774
2024-02-20,sh600428,中远海特,5.3,-0.3759
2024-02-21,sh600428,中远海特,5.38,1.5094
2024-02-22,sh600428,中远海特,5.45,1.3011
2024-02-23,sh600428,中远海特,5.44,-0.1835
2024-02-26,sh600428,中远海特,5.33,-2.0221
2024-02-27,sh600428,中远海特,5.42,1.6886
2024-02-28,sh600428,中远海特,5.29,-2.3985
2024-02-29,sh600428,中远海特,5.39,1.8904
2024-03-01,sh600428,中远海特,5.36,-0.5566
2024-03-04,sh600428,中远海特,5.47,2.0522
2024-03-05,sh600428,中远海特,5.4,-1.2797
2024-03-06,sh600428,中远海特,5.38,-0.3704
2024-03-07,sh600428,中远海特,5.37,-0.1859
2024-03-08,sh600428,中远海特,5.44,1.3035
2024-03-11,sh600428,中远海特,5.5,1.1029
2024-03-12,sh600428,中远海特,5.45,-0.9091
2024-03-13,sh600428,中远海特,5.45,0.0
2024-03-14,sh600428,中远海特,5.87,7.7064
2024-03-15,sh600428,中远海特,5.87,0.0
2024-03-18,sh600428,中远海特,5.94,1.1925
2024-03-19,sh600428,中远海特,5.87,-1.1785
2024-03-20,sh600428,中远海特,5.8,-1.1925
2024-03-21,sh600428,中远海特,5.81,0.1724
2024-03-22,sh600428,中远海特,5.68,-2.2375
2024-03-25,sh600428,中远海特,5.65,-0.5282
2024-03-26,sh600428,中远海特,5.71,1.0619
2024-03-27,sh600428,中远海特,5.63,-1.4011
2024-03-28,sh600428,中远海特,5.75,2.1314
2024-03-29,sh600428,中远海特,5.81,1.0435
2024-04-01,sh600428,中远海特,5.92,1.8933
2024-04-02,sh600428,中远海特,5.91,-0.1689
2024-04-03,sh600428,中远海特,5.97,1.0152
2024-04-08,sh600428,中远海特,5.94,-0.5025
2024-04-09,sh600428,中远海特,5.83,-1.8519
2024-04-10,sh600428,中远海特,5.83,0.0
2024-04-11,sh600428,中远海特,6.05,3.7736
2024-04-12,sh600428,中远海特,6.18,2.1488
2024-04-15,sh600428,中远海特,6.49,5.0162
2024-04-16,sh600428,中远海特,6.29,-3.0817
2024-04-17,sh600428,中远海特,6.53,3.8156
2024-04-18,sh600428,中远海特,6.42,-1.6845
2024-04-19,sh600428,中远海特,6.58,2.4922
2024-04-22,sh600428,中远海特,6.34,-3.6474
2024-04-23,sh600428,中远海特,6.18,-2.5237
2024-04-24,sh600428,中远海特,6.29,1.7799
2024-04-25,sh600428,中远海特,6.37,1.2719
2024-04-26,sh600428,中远海特,6.33,-0.6279
2024-04-29,sh600428,中远海特,6.31,-0.316
2024-04-30,sh600428,中远海特,6.32,0.1585
2024-05-06,sh600428,中远海特,6.44,1.8987
2024-05-07,sh600428,中远海特,6.34,-1.5528
2024-05-08,sh600428,中远海特,6.36,0.3155
2024-05-09,sh600428,中远海特,6.68,5.0314
2024-05-10,sh600428,中远海特,6.58,-1.497
2024-05-13,sh600428,中远海特,6.78,3.0395
2024-05-14,sh600428,中远海特,6.72,-0.885
2024-05-15,sh600428,中远海特,6.58,-2.0833
2024-05-16,sh600428,中远海特,6.42,-2.4316
2024-05-17,sh600428,中远海特,6.47,0.7788
2024-05-20,sh600428,中远海特,6.6,2.0093
2024-05-21,sh600428,中远海特,6.57,-0.4545
2024-05-22,sh600428,中远海特,6.48,-1.3699
2024-05-23,sh600428,中远海特,6.29,-2.9321
2024-05-24,sh600428,中远海特,6.33,0.6359
2024-05-27,sh600428,中远海特,6.54,3.3175
2024-05-28,sh600428,中远海特,6.53,-0.1529
2024-05-29,sh600428,中远海特,6.55,0.3063
2024-05-30,sh600428,中远海特,6.38,-2.5954
2024-05-31,sh600428,中远海特,6.39,0.1567
2024-06-03,sh600428,中远海特,6.47,1.252
2024-06-04,sh600428,中远海特,6.72,3.864
2024-06-05,sh600428,中远海特,6.58,-2.0833
2024-06-06,sh600428,中远海特,6.97,5.9271
2024-06-07,sh600428,中远海特,6.97,0.0
2024-06-11,sh600428,中远海特,6.47,-7.1736
2024-06-12,sh600428,中远海特,6.41,-0.9274
2024-06-13,sh600428,中远海特,6.17,-3.7441
2024-06-14,sh600428,中远海特,6.19,0.3241
2024-06-17,sh600428,中远海特,6.2,0.1616
2024-06-18,sh600428,中远海特,6.44,3.871
2024-06-19,sh600428,中远海特,6.3,-2.1739
2024-06-20,sh600428,中远海特,6.28,-0.3175
2024-06-21,sh600428,中远海特,6.21,-1.1146
2024-06-24,sh600428,中远海特,6.11,-1.6103
2024-06-25,sh600428,中远海特,6.08,-0.491
2024-06-26,sh600428,中远海特,6.11,0.4934
2024-06-27,sh600428,中远海特,5.9,-3.437
2024-06-28,sh600428,中远海特,6.12,3.7288
2024-07-01,sh600428,中远海特,6.23,1.7974
2024-07-02,sh600428,中远海特,6.28,0.8026
2024-07-03,sh600428,中远海特,6.19,-1.4331
2024-07-04,sh600428,中远海特,6.18,-0.1616
2024-07-05,sh600428,中远海特,6.16,-0.3236
2024-07-08,sh600428,中远海特,5.97,-3.0844
2024-07-09,sh600428,中远海特,6.09,2.0101
2024-07-10,sh600428,中远海特,5.97,-1.9704
2024-07-11,sh600428,中远海特,6.04,1.1725
2024-07-12,sh600428,中远海特,5.97,-1.1589
2024-07-15,sh600428,中远海特,5.94,-0.5025
2024-07-16,sh600428,中远海特,6.0,1.0101
2024-07-17,sh600428,中远海特,5.96,-0.6667
2024-07-18,sh600428,中远海特,6.01,0.8389
2024-07-19,sh600428,中远海特,5.96,-0.8319
2024-07-22,sh600428,中远海特,5.66,-5.0336
2024-07-23,sh600428,中远海特,5.62,-0.7067
2024-07-24,sh600428,中远海特,5.64,0.3559
2024-07-25,sh600428,中远海特,5.56,-1.4184
2024-07-26,sh600428,中远海特,5.61,0.8993
2024-07-29,sh600428,中远海特,5.71,1.7825
2024-07-30,sh600428,中远海特,5.67,-0.7005
2024-07-31,sh600428,中远海特,5.84,2.9982
2024-08-01,sh600428,中远海特,5.82,-0.3425
2024-08-02,sh600428,中远海特,5.76,-1.0309
2024-08-05,sh600428,中远海特,5.59,-2.9514
2024-08-06,sh600428,中远海特,5.64,0.8945
2024-08-07,sh600428,中远海特,5.62,-0.3546
2024-08-08,sh600428,中远海特,5.56,-1.0676
2024-08-09,sh600428,中远海特,5.54,-0.3597
2024-08-12,sh600428,中远海特,5.48,-1.083
2024-08-13,sh600428,中远海特,5.51,0.5474
2024-08-14,sh600428,中远海特,5.38,-2.3593
2024-08-15,sh600428,中远海特,5.45,1.3011
2024-08-16,sh600428,中远海特,5.44,-0.1835
2024-08-19,sh600428,中远海特,5.58,2.5735
2024-08-20,sh600428,中远海特,5.43,-2.6882
2024-08-21,sh600428,中远海特,5.4,-0.5525
2024-08-22,sh600428,中远海特,5.36,-0.7407
2024-08-23,sh600428,中远海特,5.35,-0.1866
2024-08-26,sh600428,中远海特,5.43,1.4953
2024-08-27,sh600428,中远海特,5.45,0.3683
2024-08-28,sh600428,中远海特,5.44,-0.1835
2024-08-29,sh600428,中远海特,5.44,0.0
2024-08-30,sh600428,中远海特,5.47,0.5515
2024-09-02,sh600428,中远海特,5.73,4.7532
2024-09-03,sh600428,中远海特,5.77,0.6981
2024-09-04,sh600428,中远海特,5.76,-0.1733
2024-09-05,sh600428,中远海特,5.6,-2.7778
2024-09-06,sh600428,中远海特,5.67,1.25
2024-09-09,sh600428,中远海特,5.54,-2.2928
2024-09-10,sh600428,中远海特,5.46,-1.444
2024-09-11,sh600428,中远海特,5.43,-0.5495
2024-09-12,sh600428,中远海特,5.5,1.2891
2024-09-13,sh600428,中远海特,5.52,0.3636
2024-09-18,sh600428,中远海特,5.6,1.4493
2024-09-19,sh600428,中远海特,5.67,1.25
2024-09-20,sh600428,中远海特,5.73,1.0582
2024-09-23,sh600428,中远海特,5.83,1.7452
2024-09-24,sh600428,中远海特,6.01,3.0875
2024-09-25,sh600428,中远海特,6.06,0.8319
2024-09-26,sh600428,中远海特,6.22,2.6403
2024-09-27,sh600428,中远海特,6.34,1.9293
2024-09-30,sh600428,中远海特,6.78,6.9401
2024-10-08,sh600428,中远海特,6.98,2.9499
2024-10-09,sh600428,中远海特,6.35,-9.0258
2024-10-10,sh600428,中远海特,6.73,5.9843
2024-10-11,sh600428,中远海特,6.48,-3.7147
2024-10-14,sh600428,中远海特,6.7,3.3951
2024-10-15,sh600428,中远海特,6.55,-2.2388
2024-10-16,sh600428,中远海特,6.54,-0.1527
2024-10-17,sh600428,中远海特,6.37,-2.5994
2024-10-18,sh600428,中远海特,6.51,2.1978
2024-10-21,sh600428,中远海特,6.68,2.6114
2024-10-22,sh600428,中远海特,6.67,-0.1497
2024-10-23,sh600428,中远海特,6.79,1.7991
2024-10-24,sh600428,中远海特,6.74,-0.7364
2024-10-25,sh600428,中远海特,6.8,0.8902
2024-10-28,sh600428,中远海特,7.1,4.4118
2024-10-29,sh600428,中远海特,7.03,-0.9859
2024-10-30,sh600428,中远海特,7.47,6.2589
2024-10-31,sh600428,中远海特,7.31,-2.1419
2024-11-01,sh600428,中远海特,7.69,5.1984
2024-11-04,sh600428,中远海特,7.79,1.3004
2024-11-05,sh600428,中远海特,7.94,1.9255
2024-11-06,sh600428,中远海特,7.82,-1.5113
2024-11-07,sh600428,中远海特,7.69,-1.6624
2024-11-08,sh600428,中远海特,7.65,-0.5202
2024-11-11,sh600428,中远海特,7.69,0.5229
2024-11-12,sh600428,中远海特,7.53,-2.0806
2024-11-13,sh600428,中远海特,7.57,0.5312
2024-11-14,sh600428,中远海特,7.32,-3.3025
2024-11-15,sh600428,中远海特,7.06,-3.5519
2024-11-18,sh600428,中远海特,7.09,0.4249
2024-11-19,sh600428,中远海特,7.17,1.1283
2024-11-20,sh600428,中远海特,7.09,-1.1158
2024-11-21,sh600428,中远海特,7.09,0.0
2024-11-22,sh600428,中远海特,6.84,-3.5261
2024-11-25,sh600428,中远海特,7.11,3.9474
2024-11-26,sh600428,中远海特,6.89,-3.0942
2024-11-27,sh600428,中远海特,6.92,0.4354
2024-11-28,sh600428,中远海特,6.78,-2.0231
2024-11-29,sh600428,中远海特,6.74,-0.59
2024-12-02,sh600428,中远海特,6.88,2.0772
2024-12-03,sh600428,中远海特,6.87,-0.1453
2024-12-04,sh600428,中远海特,6.77,-1.4556
2024-12-05,sh600428,中远海特,6.81,0.5908
2024-12-06,sh600428,中远海特,6.93,1.7621
2024-12-09,sh600428,中远海特,6.84,-1.2987
2024-12-10,sh600428,中远海特,6.85,0.1462
2024-12-11,sh600428,中远海特,6.99,2.0438
2024-12-12,sh600428,中远海特,7.11,1.7167
2024-12-13,sh600428,中远海特,6.91,-2.8129
2024-12-16,sh600428,中远海特,6.96,0.7236
2024-12-17,sh600428,中远海特,6.94,-0.2874
2024-12-18,sh600428,中远海特,7.14,2.8818
2024-12-19,sh600428,中远海特,7.03,-1.5406
2024-12-20,sh600428,中远海特,6.91,-1.707
2024-12-23,sh600428,中远海特,6.91,0.0
2024-12-24,sh600428,中远海特,7.06,2.1708
2024-12-25,sh600428,中远海特,7.07,0.1416
2024-12-26,sh600428,中远海特,7.05,-0.2829
2024-12-27,sh600428,中远海特,7.18,1.844
2024-12-30,sh600428,中远海特,7.27,1.2535
2024-12-31,sh600428,中远海特,7.3,0.4127
2025-01-02,sh600428,中远海特,6.92,-5.2055
2025-01-03,sh600428,中远海特,6.85,-1.0116
2025-01-06,sh600428,中远海特,6.87,0.292
2025-01-07,sh600428,中远海特,6.78,-1.31
2025-01-08,sh600428,中远海特,6.87,1.3274
2025-01-09,sh600428,中远海特,6.67,-2.9112
2025-01-10,sh600428,中远海特,6.58,-1.3493
2025-01-13,sh600428,中远海特,6.6,0.304
2025-01-14,sh600428,中远海特,6.8,3.0303
2025-01-15,sh600428,中远海特,6.77,-0.4412
2025-01-16,sh600428,中远海特,6.71,-0.8863
2025-01-17,sh600428,中远海特,6.78,1.0432
2025-01-20,sh600428,中远海特,6.74,-0.59
2025-01-21,sh600428,中远海特,6.75,0.1484
2025-01-22,sh600428,中远海特,6.74,-0.1481
2025-01-23,sh600428,中远海特,6.81,1.0386
2025-01-24,sh600428,中远海特,6.79,-0.2937
2025-01-27,sh600428,中远海特,6.84,0.7364
2025-02-05,sh600428,中远海特,6.57,-3.9474
2025-02-06,sh600428,中远海特,6.51,-0.9132
2025-02-07,sh600428,中远海特,6.56,0.768
2025-02-10,sh600428,中远海特,6.57,0.1524
2025-02-11,sh600428,中远海特,6.54,-0.4566
2025-02-12,sh600428,中远海特,6.5,-0.6116
2025-02-13,sh600428,中远海特,6.44,-0.9231
2025-02-14,sh600428,中远海特,6.38,-0.9317
2025-02-17,sh600428,中远海特,6.35,-0.4702
2025-02-18,sh600428,中远海特,6.37,0.315
2025-02-19,sh600428,中远海特,6.38,0.157
2025-02-20,sh600428,中远海特,6.28,-1.5674
2025-02-21,sh600428,中远海特,6.38,1.5924
2025-02-24,sh600428,中远海特,6.31,-1.0972
2025-02-25,sh600428,中远海特,6.25,-0.9509
2025-02-26,sh600428,中远海特,6.25,0.0
2025-02-27,sh600428,中远海特,6.25,0.0
2025-02-28,sh600428,中远海特,6.2,-0.8
2025-03-03,sh600428,中远海特,6.15,-0.8065
2025-03-04,sh600428,中远海特,6.14,-0.1626
2025-03-05,sh600428,中远海特,6.11,-0.4886
2025-03-06,sh600428,中远海特,6.13,0.3273
2025-03-07,sh600428,中远海特,6.38,4.0783
2025-03-10,sh600428,中远海特,6.32,-0.9404
2025-03-11,sh600428,中远海特,6.4,1.2658
2025-03-12,sh600428,中远海特,6.55,2.3438
2025-03-13,sh600428,中远海特,6.53,-0.3053
2025-03-14,sh600428,中远海特,6.57,0.6126
2025-03-17,sh600428,中远海特,6.6,0.4566
2025-03-18,sh600428,中远海特,7.02,6.3636
2025-03-19,sh600428,中远海特,6.83,-2.7066
2025-03-20,sh600428,中远海特,6.85,0.2928
2025-03-21,sh600428,中远海特,6.92,1.0219
2025-03-24,sh600428,中远海特,7.11,2.7457
2025-03-25,sh600428,中远海特,6.85,-3.6568
2025-03-26,sh600428,中远海特,6.83,-0.292
2025-03-27,sh600428,中远海特,6.73,-1.4641
2025-03-28,sh600428,中远海特,6.71,-0.2972
2025-03-31,sh600428,中远海特,6.74,0.4471
2025-04-01,sh600428,中远海特,6.74,0.0
2025-04-02,sh600428,中远海特,6.74,0.0
2025-04-03,sh600428,中远海特,6.53,-3.1157
2025-04-07,sh600428,中远海特,5.88,-9.9541
2025-04-08,sh600428,中远海特,5.77,-1.8707
2025-04-09,sh600428,中远海特,5.8,0.5199
2025-04-10,sh600428,中远海特,6.0,3.4483
2025-04-11,sh600428,中远海特,6.01,0.1667
2025-04-14,sh600428,中远海特,6.12,1.8303
2025-04-15,sh600428,中远海特,5.97,-2.451
2025-04-16,sh600428,中远海特,5.91,-1.005
2025-04-17,sh600428,中远海特,5.84,-1.1844
2025-04-18,sh600428,中远海特,5.84,0.0
2025-04-21,sh600428,中远海特,5.87,0.5137
2025-04-22,sh600428,中远海特,5.95,1.3629
2025-04-23,sh600428,中远海特,5.97,0.3361
2025-04-24,sh600428,中远海特,5.91,-1.005
2025-04-25,sh600428,中远海特,5.97,1.0152
2025-04-28,sh600428,中远海特,5.99,0.335
2025-04-29,sh600428,中远海特,5.96,-0.5008
2025-04-30,sh600428,中远海特,5.87,-1.5101
2025-05-06,sh600428,中远海特,6.05,3.0664
2025-05-07,sh600428,中远海特,6.07,0.3306
2025-05-08,sh600428,中远海特,6.07,0.0
2025-05-09,sh600428,中远海特,6.08,0.1647
2025-05-12,sh600428,中远海特,6.32,3.9474
2025-05-13,sh600428,中远海特,6.42,1.5823
2025-05-14,sh600428,中远海特,6.88,7.1651
2025-05-15,sh600428,中远海特,6.62,-3.7791
2025-05-16,sh600428,中远海特,6.4,-3.3233
2025-05-19,sh600428,中远海特,6.46,0.9375
2025-05-20,sh600428,中远海特,6.33,-2.0124
2025-05-21,sh600428,中远海特,6.33,0.0
2025-05-22,sh600428,中远海特,6.29,-0.6319
2025-05-23,sh600428,中远海特,6.21,-1.2719
2025-05-26,sh600428,中远海特,6.24,0.4831
2025-05-27,sh600428,中远海特,6.19,-0.8013
2025-05-28,sh600428,中远海特,6.16,-0.4847
2025-05-29,sh600428,中远海特,6.23,1.1364
2025-05-30,sh600428,中远海特,6.17,-0.9631
2025-06-03,sh600428,中远海特,6.16,-0.1621
2025-06-04,sh600428,中远海特,6.2,0.6494
2025-06-05,sh600428,中远海特,6.17,-0.4839
2025-06-06,sh600428,中远海特,6.17,0.0
2025-06-09,sh600428,中远海特,6.19,0.3241
2025-06-10,sh600428,中远海特,6.32,2.1002
2025-06-11,sh600428,中远海特,6.3,-0.3165
2025-06-12,sh600428,中远海特,6.25,-0.7937
2025-06-13,sh600428,中远海特,6.37,1.92
2025-06-16,sh600428,中远海特,6.3,-1.0989
2025-06-17,sh600428,中远海特,6.39,1.4286
2025-06-18,sh600428,中远海特,6.35,-0.626
2025-06-19,sh600428,中远海特,6.18,-2.6772
2025-06-20,sh600428,中远海特,6.23,0.8091
2025-06-23,sh600428,中远海特,6.38,2.4077
2025-06-24,sh600428,中远海特,6.26,-1.8809
2025-06-25,sh600428,中远海特,6.29,0.4792
2025-06-26,sh600428,中远海特,6.26,-0.4769
2025-06-27,sh600428,中远海特,6.25,-0.1597
2025-06-30,sh600428,中远海特,6.25,0.0
2025-07-01,sh600428,中远海特,6.31,0.96
2025-07-02,sh600428,中远海特,6.49,2.8526
2025-07-03,sh600428,中远海特,6.44,-0.7704
2025-07-04,sh600428,中远海特,6.42,-0.3106
2025-07-07,sh600428,中远海特,6.37,-0.7788
2025-07-08,sh600428,中远海特,6.44,1.0989
2025-07-09,sh600428,中远海特,6.39,-0.7764
2025-07-10,sh600428,中远海特,6.43,0.626
2025-07-11,sh600428,中远海特,6.55,1.8663
2025-07-14,sh600428,中远海特,6.54,-0.1527
2025-07-15,sh600428,中远海特,6.58,0.6116
2025-07-16,sh600428,中远海特,6.6,0.304
2025-07-17,sh600428,中远海特,6.6,0.0
2025-07-18,sh600428,中远海特,6.76,2.4242
2025-07-21,sh600428,中远海特,6.78,0.2959
2025-07-22,sh600428,中远海特,6.93,2.2124
2025-07-23,sh600428,中远海特,6.89,-0.5772
2025-07-24,sh600428,中远海特,7.06,2.4673
2025-07-25,sh600428,中远海特,7.03,-0.4249
2025-07-28,sh600428,中远海特,6.79,-3.4139
2025-07-29,sh600428,中远海特,6.77,-0.2946
2025-07-30,sh600428,中远海特,6.84,1.034
2025-07-31,sh600428,中远海特,6.69,-2.193
2025-08-01,sh600428,中远海特,6.72,0.4484
2025-08-04,sh600428,中远海特,6.73,0.1488
2025-08-05,sh600428,中远海特,6.74,0.1486
2025-08-06,sh600428,中远海特,6.76,0.2967
2025-08-07,sh600428,中远海特,6.69,-1.0355
2025-08-08,sh600428,中远海特,6.71,0.299
2025-08-11,sh600428,中远海特,6.72,0.149
2025-08-12,sh600428,中远海特,6.82,1.4881
2025-08-13,sh600428,中远海特,6.81,-0.1466
2025-08-14,sh600428,中远海特,6.74,-1.0279
2025-08-15,sh600428,中远海特,6.84,1.4837
2025-08-18,sh600428,中远海特,6.96,1.7544
2025-08-19,sh600428,中远海特,6.61,-5.0287
2025-08-20,sh600428,中远海特,6.66,0.7564
2025-08-21,sh600428,中远海特,6.64,-0.3003
2025-08-22,sh600428,中远海特,6.65,0.1506
2025-08-25,sh600428,中远海特,6.71,0.9023
2025-08-26,sh600428,中远海特,6.73,0.2981
2025-08-27,sh600428,中远海特,6.59,-2.0802
2025-08-28,sh600428,中远海特,6.67,1.214
2025-08-29,sh600428,中远海特,6.68,0.1499
2025-09-01,sh600428,中远海特,6.85,2.5449
2025-09-02,sh600428,中远海特,6.77,-1.1679
2025-09-03,sh600428,中远海特,6.6,-2.5111
2025-09-04,sh600428,中远海特,6.65,0.7576
2025-09-05,sh600428,中远海特,6.82,2.5564
2025-09-08,sh600428,中远海特,7.17,5.132
2025-09-09,sh600428,中远海特,7.1,-0.9763
2025-09-10,sh600428,中远海特,7.06,-0.5634
2025-09-11,sh600428,中远海特,7.06,0.0
2025-09-12,sh600428,中远海特,7.01,-0.7082
2025-09-15,sh600428,中远海特,6.93,-1.1412
2025-09-16,sh600428,中远海特,6.86,-1.0101
2025-09-17,sh600428,中远海特,6.93,1.0204
2025-09-18,sh600428,中远海特,6.73,-2.886
2025-09-19,sh600428,中远海特,6.77,0.5944
2025-09-22,sh600428,中远海特,6.6,-2.5111
2025-09-23,sh600428,中远海特,6.69,1.3636
2025-09-24,sh600428,中远海特,6.62,-1.0463
2025-09-25,sh600428,中远海特,6.53,-1.3595
2025-09-26,sh600428,中远海特,6.56,0.4594
2025-09-29,sh600428,中远海特,6.6,0.6098
2025-09-30,sh600428,中远海特,6.67,1.0606
2025-10-09,sh600428,中远海特,6.75,1.1994
2025-10-10,sh600428,中远海特,6.98,3.4074
2025-10-13,sh600428,中远海特,6.98,0.0
2025-10-14,sh600428,中远海特,7.0,0.2865
2025-10-15,sh600428,中远海特,7.03,0.4286
2025-10-16,sh600428,中远海特,7.07,0.569
2025-10-17,sh600428,中远海特,7.05,-0.2829
2025-10-20,sh600428,中远海特,7.08,0.4255
2025-10-21,sh600428,中远海特,7.15,0.9887
2025-10-22,sh600428,中远海特,7.21,0.8392
2025-10-23,sh600428,中远海特,7.22,0.1387
2025-10-24,sh600428,中远海特,6.99,-3.1856
2025-10-27,sh600428,中远海特,7.04,0.7153
2025-10-28,sh600428,中远海特,6.95,-1.2784
2025-10-29,sh600428,中远海特,7.11,2.3022
2025-10-30,sh600428,中远海特,7.34,3.2349
2025-10-31,sh600428,中远海特,7.28,-0.8174
2025-11-03,sh600428,中远海特,7.16,-1.6484
2025-11-04,sh600428,中远海特,7.06,-1.3966
2025-11-05,sh600428,中远海特,7.11,0.7082
2025-11-06,sh600428,中远海特,7.21,1.4065
2025-11-07,sh600428,中远海特,7.32,1.5257
2025-11-10,sh600428,中远海特,7.41,1.2295
2025-11-11,sh600428,中远海特,7.49,1.0796
2025-11-12,sh600428,中远海特,7.34,-2.0027
2025-11-13,sh600428,中远海特,7.41,0.9537
2025-11-14,sh600428,中远海特,7.37,-0.5398
2025-11-17,sh600428,中远海特,7.14,-3.1208
2025-11-18,sh600428,中远海特,7.01,-1.8207
2025-11-19,sh600428,中远海特,7.09,1.1412
2025-11-20,sh600428,中远海特,7.01,-1.1283
2025-11-21,sh600428,中远海特,6.81,-2.8531
2025-11-24,sh600428,中远海特,6.76,-0.7342
2025-11-25,sh600428,中远海特,6.81,0.7396
2025-11-26,sh600428,中远海特,6.84,0.4405
2025-11-27,sh600428,中远海特,6.83,-0.1462
2025-11-28,sh600428,中远海特,6.94,1.6105
2025-12-01,sh600428,中远海特,7.3,5.1873
2025-12-02,sh600428,中远海特,7.23,-0.9589
2025-12-03,sh600428,中远海特,7.2,-0.4149
2025-12-04,sh600428,中远海特,7.28,1.1111
2025-12-05,sh600428,中远海特,7.17,-1.511
2025-12-08,sh600428,中远海特,7.11,-0.8368
2025-12-09,sh600428,中远海特,7.06,-0.7032
2025-12-10,sh600428,中远海特,7.1,0.5666
2025-12-11,sh600428,中远海特,7.0,-1.4085
2025-12-12,sh600428,中远海特,7.12,1.7143
2025-12-15,sh600428,中远海特,7.21,1.264
2025-12-16,sh600428,中远海特,7.08,-1.8031
2025-12-17,sh600428,中远海特,7.18,1.4124
2025-12-18,sh600428,中远海特,7.21,0.4178
2025-12-19,sh600428,中远海特,7.22,0.1387
2025-12-22,sh600428,中远海特,7.34,1.662
2025-12-23,sh600428,中远海特,7.29,-0.6812
2025-12-24,sh600428,中远海特,7.24,-0.6859
2025-12-25,sh600428,中远海特,7.2,-0.5525
2025-12-26,sh600428,中远海特,7.19,-0.1389
2025-12-29,sh600428,中远海特,7.25,0.8345
2025-12-30,sh600428,中远海特,7.14,-1.5172
2025-12-31,sh600428,中远海特,7.1,-0.5602
2026-01-05,sh600428,中远海特,7.07,-0.4225
2026-01-06,sh600428,中远海特,7.13,0.8487
2026-01-07,sh600428,中远海特,7.16,0.4208
2026-01-08,sh600428,中远海特,7.08,-1.1173
2026-01-09,sh600428,中远海特,7.13,0.7062
2026-01-12,sh600428,中远海特,7.4,3.7868
2026-01-13,sh600428,中远海特,7.38,-0.2703
2026-01-14,sh600428,中远海特,7.41,0.4065
2026-01-15,sh600428,中远海特,7.52,1.4845
2026-01-16,sh600428,中远海特,7.33,-2.5266
2026-01-19,sh600428,中远海特,7.48,2.0464
2026-01-20,sh600428,中远海特,7.56,1.0695
2026-01-21,sh600428,中远海特,7.61,0.6614
2026-01-22,sh600428,中远海特,7.6,-0.1314
2026-01-23,sh600428,中远海特,7.58,-0.2632
2026-01-26,sh600428,中远海特,7.81,3.0343
2026-01-27,sh600428,中远海特,7.66,-1.9206
2026-01-28,sh600428,中远海特,7.76,1.3055
2026-01-29,sh600428,中远海特,7.88,1.5464
2026-01-30,sh600428,中远海特,7.82,-0.7614
2026-02-02,sh600428,中远海特,7.34,-6.1381
2026-02-03,sh600428,中远海特,7.47,1.7711
2026-02-04,sh600428,中远海特,7.62,2.008
2026-02-05,sh600428,中远海特,7.59,-0.3937
2026-02-06,sh600428,中远海特,7.5,-1.1858
2026-02-09,sh600428,中远海特,7.69,2.5333
2026-02-10,sh600428,中远海特,7.82,1.6905
2026-02-11,sh600428,中远海特,8.04,2.8133
2026-02-12,sh600428,中远海特,8.11,0.8706
2026-02-13,sh600428,中远海特,7.8,-3.8224
2026-02-24,sh600428,中远海特,8.08,3.5897
2026-02-25,sh600428,中远海特,8.38,3.7129
2026-02-26,sh600428,中远海特,8.43,0.5967
2026-02-27,sh600428,中远海特,8.36,-0.8304
2026-03-02,sh600428,中远海特,8.47,1.3158
2026-03-03,sh600428,中远海特,9.3,9.7993
2026-03-04,sh600428,中远海特,8.37,-10.0
2026-03-05,sh600428,中远海特,8.42,0.5974
2026-03-06,sh600428,中远海特,8.28,-1.6627
2026-03-09,sh600428,中远海特,7.9,-4.5894
2026-03-10,sh600428,中远海特,7.94,0.5063
2026-03-11,sh600428,中远海特,8.26,4.0302
2026-03-12,sh600428,中远海特,8.19,-0.8475
2026-03-13,sh600428,中远海特,8.32,1.5873
2026-03-16,sh600428,中远海特,8.49,2.0433
2026-03-17,sh600428,中远海特,8.26,-2.7091
2026-03-18,sh600428,中远海特,8.38,1.4528
2026-03-19,sh600428,中远海特,8.02,-4.2959
2026-03-20,sh600428,中远海特,7.99,-0.3741
2026-03-23,sh600428,中远海特,7.91,-1.0013
2026-03-24,sh600428,中远海特,8.2,3.6662
2026-03-25,sh600428,中远海特,8.39,2.3171
2026-03-26,sh600428,中远海特,8.79,4.7676
2026-03-27,sh600428,中远海特,8.97,2.0478
2026-03-30,sh600428,中远海特,9.16,2.1182
2026-03-31,sh600428,中远海特,8.99,-1.8559
2026-04-01,sh600428,中远海特,9.15,1.7798
2026-04-02,sh600428,中远海特,9.6,4.918
2026-04-03,sh600428,中远海特,9.42,-1.875
2026-04-07,sh600428,中远海特,9.2,-2.3355
2026-04-08,sh600428,中远海特,9.41,2.2826
2026-04-09,sh600428,中远海特,9.48,0.7439
2026-04-10,sh600428,中远海特,9.15,-3.481
2026-04-13,sh600428,中远海特,8.88,-2.9508
2026-04-14,sh600428,中远海特,8.76,-1.3514
2026-04-15,sh600428,中远海特,9.03,3.0822
2026-04-16,sh600428,中远海特,9.11,0.8859
2026-04-17,sh600428,中远海特,9.04,-0.7684
2026-04-20,sh600428,中远海特,8.95,-0.9956
2026-04-21,sh600428,中远海特,8.99,0.4469
2026-04-22,sh600428,中远海特,9.15,1.7798
2026-04-23,sh600428,中远海特,9.06,-0.9836
2026-04-24,sh600428,中远海特,9.0,-0.6623
2026-04-27,sh600428,中远海特,8.92,-0.8889
2026-04-28,sh600428,中远海特,9.03,1.2332
2026-04-29,sh600428,中远海特,8.58,-4.9834
2026-04-30,sh600428,中远海特,8.56,-0.2331
2026-05-06,sh600428,中远海特,8.54,-0.2336
2026-05-07,sh600428,中远海特,8.48,-0.7026
2026-05-08,sh600428,中远海特,8.5,0.2358
2026-05-11,sh600428,中远海特,8.25,-2.9412
2026-05-12,sh600428,中远海特,8.16,-1.0909
2026-05-13,sh600428,中远海特,8.22,0.7353
2026-05-14,sh600428,中远海特,8.33,1.3382
2026-05-15,sh600428,中远海特,8.0,-3.9616
2026-05-18,sh600428,中远海特,7.73,-3.375
2026-05-19,sh600428,中远海特,7.75,0.2587
2026-05-20,sh600428,中远海特,7.96,2.7097
2026-05-21,sh600428,中远海特,7.87,-1.1307
2026-05-22,sh600428,中远海特,7.87,0.0
2026-05-25,sh600428,中远海特,7.75,-1.5248
2026-05-26,sh600428,中远海特,7.82,0.9032
2026-05-27,sh600428,中远海特,7.67,-1.9182
2026-05-28,sh600428,中远海特,7.54,-1.6949
2026-05-29,sh600428,中远海特,7.8,3.4483
2026-06-01,sh600428,中远海特,8.07,3.4615
2026-06-02,sh600428,中远海特,8.05,-0.2478
2026-06-03,sh600428,中远海特,7.76,-3.6025
2026-06-04,sh600428,中远海特,7.61,-1.933
2026-06-05,sh600428,中远海特,7.92,4.0736
2026-06-08,sh600428,中远海特,7.48,-5.5556
2026-06-09,sh600428,中远海特,7.7,2.9412
2026-06-10,sh600428,中远海特,7.66,-0.5195
2026-06-11,sh600428,中远海特,7.83,2.2193
2026-06-12,sh600428,中远海特,7.99,2.0434
2026-06-15,sh600428,中远海特,8.19,2.5031
2026-06-16,sh600428,中远海特,7.93,-3.1746
2026-06-17,sh600428,中远海特,7.96,0.3783
2026-06-18,sh600428,中远海特,7.86,-1.2563
2026-06-22,sh600428,中远海特,8.15,3.6896
2026-06-23,sh600428,中远海特,8.36,2.5767
2026-06-24,sh600428,中远海特,8.16,-2.3923
2026-06-25,sh600428,中远海特,8.18,0.2451
2026-06-26,sh600428,中远海特,8.09,-1.1002
2026-06-29,sh600428,中远海特,8.25,1.9778
2026-06-30,sh600428,中远海特,7.81,-5.3333
2026-07-01,sh600428,中远海特,8.23,5.3777
2026-07-02,sh600428,中远海特,8.53,3.6452
2026-07-03,sh600428,中远海特,8.63,1.1723
2026-07-06,sh600428,中远海特,8.64,0.1159
2026-07-07,sh600428,中远海特,8.29,-4.0509
2026-07-08,sh600428,中远海特,8.2,-1.0856
2026-07-09,sh600428,中远海特,8.17,-0.3659
2026-07-10,sh600428,中远海特,8.99,10.0367
2026-07-13,sh600428,中远海特,9.82,9.2325
2026-07-14,sh600428,中远海特,10.58,7.7393
2026-07-15,sh600428,中远海特,10.57,-0.0945
2026-07-16,sh600428,中远海特,10.4,-1.6083
2026-07-17,sh600428,中远海特,10.56,1.5385
2026-07-20,sh600428,中远海特,11.17,5.7765
2026-07-21,sh600428,中远海特,10.9,-2.4172
2026-07-22,sh600428,中远海特,11.12,2.0183
2026-07-23,sh600428,中远海特,11.04,-0.7194
2026-07-24,sh600428,中远海特,10.69,-3.1703
2026-07-27,sh600428,中远海特,10.8,1.029
2026-07-28,sh600428,中远海特,11.2,3.7037
2026-07-29,sh600428,中远海特,11.24,0.3571
2026-07-30,sh600428,中远海特,10.98,-2.3132
2026-07-31,sh600428,中远海特,11.31,3.0055
2026-08-03,sh600428,中远海特,11.35,0.3537
2026-08-04,sh600428,中远海特,11.58,2.0264
2026-08-05,sh600428,中远海特,11.73,1.2953
2026-08-06,sh600428,中远海特,12.0,2.3018
2026-08-07,sh600428,中远海特,11.95,-0.4167
2026-08-10,sh600428,中远海特,11.65,-2.5105
2026-08-11,sh600428,中远海特,11.43,-1.8884
2026-08-12,sh600428,中远海特,12.06,5.5118
2026-08-13,sh600428,中远海特,11.85,-1.7413
2026-08-14,sh600428,中远海特,11.81,-0.3376
2026-08-17,sh600428,中远海特,11.82,0.0847
2026-08-18,sh600428,中远海特,12.09,2.2843
2026-08-19,sh600428,中远海特,11.92,-1.4061
2016-02-22,sh601018,宁波港,7.39,
2016-02-23,sh601018,宁波港,6.99,-5.4127
2016-02-24,sh601018,宁波港,7.24,3.5765
2016-02-25,sh601018,宁波港,6.52,-9.9448
2016-02-26,sh601018,宁波港,6.28,-3.681
2016-02-29,sh601018,宁波港,5.69,-9.3949
2016-03-01,sh601018,宁波港,5.7,0.1757
2016-03-02,sh601018,宁波港,6.09,6.8421
2016-03-03,sh601018,宁波港,6.07,-0.3284
2016-03-04,sh601018,宁波港,6.22,2.4712
2016-03-07,sh601018,宁波港,6.22,0.0
2016-03-08,sh601018,宁波港,6.3,1.2862
2016-03-09,sh601018,宁波港,6.17,-2.0635
2016-03-10,sh601018,宁波港,5.98,-3.0794
2016-03-11,sh601018,宁波港,5.89,-1.505
2016-03-14,sh601018,宁波港,6.27,6.4516
2016-03-15,sh601018,宁波港,6.28,0.1595
2016-03-16,sh601018,宁波港,6.2,-1.2739
2016-03-17,sh601018,宁波港,6.24,0.6452
2016-03-18,sh601018,宁波港,6.31,1.1218
2016-03-21,sh601018,宁波港,6.38,1.1094
2016-03-22,sh601018,宁波港,6.45,1.0972
2016-03-23,sh601018,宁波港,6.36,-1.3953
2016-03-24,sh601018,宁波港,6.25,-1.7296
2016-03-25,sh601018,宁波港,6.27,0.32
2016-03-28,sh601018,宁波港,6.21,-0.9569
2016-03-29,sh601018,宁波港,6.17,-0.6441
2016-03-30,sh601018,宁波港,6.28,1.7828
2016-03-31,sh601018,宁波港,6.91,10.0318
2016-04-01,sh601018,宁波港,6.7,-3.0391
2016-04-05,sh601018,宁波港,6.72,0.2985
2016-04-06,sh601018,宁波港,6.62,-1.4881
2016-04-07,sh601018,宁波港,6.44,-2.719
2016-04-08,sh601018,宁波港,6.38,-0.9317
2016-04-11,sh601018,宁波港,6.45,1.0972
2016-04-12,sh601018,宁波港,6.5,0.7752
2016-04-13,sh601018,宁波港,6.61,1.6923
2016-04-14,sh601018,宁波港,6.57,-0.6051
2016-04-15,sh601018,宁波港,6.51,-0.9132
2016-04-18,sh601018,宁波港,6.37,-2.1505
2016-04-19,sh601018,宁波港,6.39,0.314
2016-04-20,sh601018,宁波港,6.08,-4.8513
2016-04-21,sh601018,宁波港,5.94,-2.3026
2016-04-22,sh601018,宁波港,5.97,0.5051
2016-04-25,sh601018,宁波港,6.13,2.6801
2016-04-26,sh601018,宁波港,6.12,-0.1631
2016-04-27,sh601018,宁波港,6.08,-0.6536
2016-04-28,sh601018,宁波港,5.98,-1.6447
2016-04-29,sh601018,宁波港,5.95,-0.5017
2016-05-03,sh601018,宁波港,6.04,1.5126
2016-05-04,sh601018,宁波港,6.05,0.1656
2016-05-05,sh601018,宁波港,6.03,-0.3306
2016-05-06,sh601018,宁波港,5.83,-3.3167
2016-05-09,sh601018,宁波港,5.57,-4.4597
2016-05-10,sh601018,宁波港,5.59,0.3591
2016-05-11,sh601018,宁波港,5.54,-0.8945
2016-05-20,sh601018,宁波港,5.65,1.9856
2016-05-23,sh601018,宁波港,5.71,1.0619
2016-05-24,sh601018,宁波港,5.57,-2.4518
2016-05-25,sh601018,宁波港,5.53,-0.7181
2016-05-26,sh601018,宁波港,5.45,-1.4467
2016-05-27,sh601018,宁波港,5.41,-0.7339
2016-05-30,sh601018,宁波港,5.32,-1.6636
2016-05-31,sh601018,宁波港,5.48,3.0075
2016-06-01,sh601018,宁波港,5.49,0.1825
2016-06-02,sh601018,宁波港,5.49,0.0
2016-06-03,sh601018,宁波港,5.49,0.0
2016-06-06,sh601018,宁波港,5.48,-0.1821
2016-06-07,sh601018,宁波港,5.45,-0.5474
2016-06-08,sh601018,宁波港,5.33,-2.2018
2016-06-13,sh601018,宁波港,5.03,-5.6285
2016-06-14,sh601018,宁波港,4.95,-1.5905
2016-06-15,sh601018,宁波港,5.01,1.2121
2016-06-16,sh601018,宁波港,4.95,-1.1976
2016-06-17,sh601018,宁波港,4.96,0.202
2016-06-20,sh601018,宁波港,4.95,-0.2016
2016-06-21,sh601018,宁波港,4.92,-0.6061
2016-06-22,sh601018,宁波港,4.93,0.2033
2016-06-23,sh601018,宁波港,4.88,-1.0142
2016-06-24,sh601018,宁波港,4.74,-2.8689
2016-06-27,sh601018,宁波港,4.77,0.6329
2016-06-28,sh601018,宁波港,4.99,4.6122
2016-06-29,sh601018,宁波港,5.01,0.4008
2016-06-30,sh601018,宁波港,4.95,-1.1976
2016-07-01,sh601018,宁波港,4.96,0.202
2016-07-04,sh601018,宁波港,5.02,1.2097
2016-07-05,sh601018,宁波港,5.13,2.1912
2016-07-06,sh601018,宁波港,5.09,-0.7797
2016-07-07,sh601018,宁波港,5.11,0.3929
2016-07-08,sh601018,宁波港,5.19,1.5656
2016-07-11,sh601018,宁波港,5.21,0.3854
2016-07-12,sh601018,宁波港,5.27,1.1516
2016-07-13,sh601018,宁波港,5.28,0.1898
2016-07-14,sh601018,宁波港,5.3,0.3788
2016-07-15,sh601018,宁波港,5.22,-1.5094
2016-07-18,sh601018,宁波港,5.14,-1.5326
2016-07-19,sh601018,宁波港,5.16,0.3891
2016-07-20,sh601018,宁波港,5.12,-0.7752
2016-07-21,sh601018,宁波港,5.13,0.1953
2016-07-22,sh601018,宁波港,5.11,-0.3899
2016-07-25,sh601018,宁波港,5.09,-0.3914
2016-07-26,sh601018,宁波港,5.13,0.7859
2016-07-27,sh601018,宁波港,5.16,0.5848
2016-07-28,sh601018,宁波港,5.09,-1.3566
2016-07-29,sh601018,宁波港,5.02,-1.3752
2016-08-01,sh601018,宁波港,4.9,-2.3904
2016-08-02,sh601018,宁波港,4.92,0.4082
2016-08-03,sh601018,宁波港,4.91,-0.2033
2016-08-04,sh601018,宁波港,4.92,0.2037
2016-08-05,sh601018,宁波港,4.96,0.813
2016-08-08,sh601018,宁波港,4.96,0.0
2016-08-09,sh601018,宁波港,4.98,0.4032
2016-08-10,sh601018,宁波港,4.96,-0.4016
2016-08-11,sh601018,宁波港,4.91,-1.0081
2016-08-12,sh601018,宁波港,4.96,1.0183
2016-08-15,sh601018,宁波港,5.07,2.2177
2016-08-16,sh601018,宁波港,5.06,-0.1972
2016-08-17,sh601018,宁波港,5.05,-0.1976
2016-08-18,sh601018,宁波港,5.28,4.5545
2016-08-19,sh601018,宁波港,5.34,1.1364
2016-08-22,sh601018,宁波港,5.21,-2.4345
2016-08-23,sh601018,宁波港,5.2,-0.1919
2016-08-24,sh601018,宁波港,5.19,-0.1923
2016-08-25,sh601018,宁波港,5.16,-0.578
2016-08-26,sh601018,宁波港,5.14,-0.3876
2016-08-29,sh601018,宁波港,5.16,0.3891
2016-08-30,sh601018,宁波港,5.12,-0.7752
2016-08-31,sh601018,宁波港,5.13,0.1953
2016-09-01,sh601018,宁波港,5.37,4.6784
2016-09-02,sh601018,宁波港,5.34,-0.5587
2016-09-05,sh601018,宁波港,5.25,-1.6854
2016-09-06,sh601018,宁波港,5.24,-0.1905
2016-09-07,sh601018,宁波港,5.29,0.9542
2016-09-08,sh601018,宁波港,5.26,-0.5671
2016-09-09,sh601018,宁波港,5.21,-0.9506
2016-09-12,sh601018,宁波港,5.24,0.5758
2016-09-13,sh601018,宁波港,5.21,-0.5725
2016-09-14,sh601018,宁波港,5.17,-0.7678
2016-09-19,sh601018,宁波港,5.18,0.1934
2016-09-20,sh601018,宁波港,5.13,-0.9653
2016-09-21,sh601018,宁波港,5.12,-0.1949
2016-09-22,sh601018,宁波港,5.14,0.3906
2016-09-23,sh601018,宁波港,5.09,-0.9728
2016-09-26,sh601018,宁波港,4.98,-2.1611
2016-09-27,sh601018,宁波港,4.99,0.2008
2016-09-28,sh601018,宁波港,4.97,-0.4008
2016-09-29,sh601018,宁波港,4.98,0.2012
2016-09-30,sh601018,宁波港,4.98,0.0
2016-10-10,sh601018,宁波港,5.04,1.2048
2016-10-11,sh601018,宁波港,5.05,0.1984
2016-10-12,sh601018,宁波港,5.08,0.5941
2016-10-13,sh601018,宁波港,5.07,-0.1969
2016-10-14,sh601018,宁波港,5.07,0.0
2016-10-17,sh601018,宁波港,5.07,0.0
2016-10-18,sh601018,宁波港,5.13,1.1834
2016-10-19,sh601018,宁波港,5.11,-0.3899
2016-10-20,sh601018,宁波港,5.1,-0.1957
2016-10-21,sh601018,宁波港,5.15,0.9804
2016-10-24,sh601018,宁波港,5.21,1.165
2016-10-25,sh601018,宁波港,5.19,-0.3839
2016-10-26,sh601018,宁波港,5.19,0.0
2016-10-27,sh601018,宁波港,5.17,-0.3854
2016-10-28,sh601018,宁波港,5.23,1.1605
2016-10-31,sh601018,宁波港,5.11,-2.2945
2016-11-01,sh601018,宁波港,5.09,-0.3914
2016-11-02,sh601018,宁波港,5.05,-0.7859
2016-11-03,sh601018,宁波港,5.07,0.396
2016-11-04,sh601018,宁波港,5.06,-0.1972
2016-11-07,sh601018,宁波港,5.06,0.0
2016-11-08,sh601018,宁波港,5.07,0.1976
2016-11-09,sh601018,宁波港,5.1,0.5917
2016-11-10,sh601018,宁波港,5.13,0.5882
2016-11-11,sh601018,宁波港,5.21,1.5595
2016-11-14,sh601018,宁波港,5.37,3.071
2016-11-15,sh601018,宁波港,5.41,0.7449
2016-11-16,sh601018,宁波港,5.49,1.4787
2016-11-17,sh601018,宁波港,5.44,-0.9107
2016-11-18,sh601018,宁波港,5.3,-2.5735
2016-11-21,sh601018,宁波港,5.31,0.1887
2016-11-22,sh601018,宁波港,5.32,0.1883
2016-11-23,sh601018,宁波港,5.26,-1.1278
2016-11-24,sh601018,宁波港,5.28,0.3802
2016-11-25,sh601018,宁波港,5.3,0.3788
2016-11-28,sh601018,宁波港,5.35,0.9434
2016-11-29,sh601018,宁波港,5.37,0.3738
2016-11-30,sh601018,宁波港,5.28,-1.676
2016-12-01,sh601018,宁波港,5.31,0.5682
2016-12-02,sh601018,宁波港,5.22,-1.6949
2016-12-05,sh601018,宁波港,5.21,-0.1916
2016-12-06,sh601018,宁波港,5.18,-0.5758
2016-12-07,sh601018,宁波港,5.18,0.0
2016-12-08,sh601018,宁波港,5.18,0.0
2016-12-09,sh601018,宁波港,5.17,-0.1931
2016-12-12,sh601018,宁波港,5.08,-1.7408
2016-12-13,sh601018,宁波港,5.06,-0.3937
2016-12-14,sh601018,宁波港,5.01,-0.9881
2016-12-15,sh601018,宁波港,5.01,0.0
2016-12-16,sh601018,宁波港,5.04,0.5988
2016-12-19,sh601018,宁波港,5.05,0.1984
2016-12-20,sh601018,宁波港,5.07,0.396
2016-12-21,sh601018,宁波港,5.18,2.1696
2016-12-22,sh601018,宁波港,5.11,-1.3514
2016-12-23,sh601018,宁波港,5.05,-1.1742
2016-12-26,sh601018,宁波港,5.09,0.7921
2016-12-27,sh601018,宁波港,5.07,-0.3929
2016-12-28,sh601018,宁波港,5.03,-0.789
2016-12-29,sh601018,宁波港,5.03,0.0
2016-12-30,sh601018,宁波港,5.06,0.5964
2017-01-03,sh601018,宁波港,5.07,0.1976
2017-01-04,sh601018,宁波港,5.18,2.1696
2017-01-05,sh601018,宁波港,5.17,-0.1931
2017-01-06,sh601018,宁波港,5.13,-0.7737
2017-01-09,sh601018,宁波港,5.14,0.1949
2017-01-10,sh601018,宁波港,5.15,0.1946
2017-01-11,sh601018,宁波港,5.09,-1.165
2017-01-12,sh601018,宁波港,5.07,-0.3929
2017-01-13,sh601018,宁波港,5.11,0.789
2017-01-16,sh601018,宁波港,5.2,1.7613
2017-01-17,sh601018,宁波港,5.19,-0.1923
2017-01-18,sh601018,宁波港,5.19,0.0
2017-01-19,sh601018,宁波港,5.13,-1.1561
2017-01-20,sh601018,宁波港,5.16,0.5848
2017-01-23,sh601018,宁波港,5.19,0.5814
2017-01-24,sh601018,宁波港,5.17,-0.3854
2017-01-25,sh601018,宁波港,5.16,-0.1934
2017-01-26,sh601018,宁波港,5.17,0.1938
2017-02-03,sh601018,宁波港,5.18,0.1934
2017-02-06,sh601018,宁波港,5.19,0.1931
2017-02-07,sh601018,宁波港,5.19,0.0
2017-02-08,sh601018,宁波港,5.18,-0.1927
2017-02-09,sh601018,宁波港,5.22,0.7722
2017-02-10,sh601018,宁波港,5.3,1.5326
2017-02-13,sh601018,宁波港,5.3,0.0
2017-02-14,sh601018,宁波港,5.34,0.7547
2017-02-15,sh601018,宁波港,5.38,0.7491
2017-02-16,sh601018,宁波港,5.43,0.9294
2017-02-17,sh601018,宁波港,5.35,-1.4733
2017-02-20,sh601018,宁波港,5.43,1.4953
2017-02-21,sh601018,宁波港,5.44,0.1842
2017-02-22,sh601018,宁波港,5.4,-0.7353
2017-02-23,sh601018,宁波港,5.35,-0.9259
2017-02-24,sh601018,宁波港,5.38,0.5607
2017-02-27,sh601018,宁波港,5.35,-0.5576
2017-02-28,sh601018,宁波港,5.35,0.0
2017-03-01,sh601018,宁波港,5.34,-0.1869
2017-03-02,sh601018,宁波港,5.33,-0.1873
2017-03-03,sh601018,宁波港,5.34,0.1876
2017-03-06,sh601018,宁波港,5.36,0.3745
2017-03-07,sh601018,宁波港,5.38,0.3731
2017-03-08,sh601018,宁波港,5.33,-0.9294
2017-03-09,sh601018,宁波港,5.33,0.0
2017-03-10,sh601018,宁波港,5.29,-0.7505
2017-03-13,sh601018,宁波港,5.29,0.0
2017-03-14,sh601018,宁波港,5.3,0.189
2017-03-15,sh601018,宁波港,5.29,-0.1887
2017-03-16,sh601018,宁波港,5.34,0.9452
2017-03-17,sh601018,宁波港,5.28,-1.1236
2017-03-20,sh601018,宁波港,5.29,0.1894
2017-03-21,sh601018,宁波港,5.34,0.9452
2017-03-22,sh601018,宁波港,5.37,0.5618
2017-03-23,sh601018,宁波港,5.32,-0.9311
2017-03-24,sh601018,宁波港,5.44,2.2556
2017-03-27,sh601018,宁波港,5.62,3.3088
2017-03-28,sh601018,宁波港,5.54,-1.4235
2017-03-29,sh601018,宁波港,5.88,6.1372
2017-03-30,sh601018,宁波港,5.77,-1.8707
2017-03-31,sh601018,宁波港,5.49,-4.8527
2017-04-05,sh601018,宁波港,5.56,1.275
2017-04-06,sh601018,宁波港,5.73,3.0576
2017-04-07,sh601018,宁波港,5.64,-1.5707
2017-04-10,sh601018,宁波港,5.69,0.8865
2017-04-11,sh601018,宁波港,5.88,3.3392
2017-04-12,sh601018,宁波港,5.87,-0.1701
2017-04-13,sh601018,宁波港,5.88,0.1704
2017-04-14,sh601018,宁波港,5.74,-2.381
2017-04-17,sh601018,宁波港,5.78,0.6969
2017-04-18,sh601018,宁波港,5.67,-1.9031
2017-04-19,sh601018,宁波港,5.63,-0.7055
2017-04-20,sh601018,宁波港,5.65,0.3552
2017-04-21,sh601018,宁波港,5.66,0.177
2017-04-24,sh601018,宁波港,5.69,0.53
2017-04-25,sh601018,宁波港,5.62,-1.2302
2017-04-26,sh601018,宁波港,5.52,-1.7794
2017-04-27,sh601018,宁波港,5.63,1.9928
2017-04-28,sh601018,宁波港,5.63,0.0
2017-05-02,sh601018,宁波港,5.69,1.0657
2017-05-03,sh601018,宁波港,5.64,-0.8787
2017-05-04,sh601018,宁波港,5.6,-0.7092
2017-05-05,sh601018,宁波港,5.61,0.1786
2017-05-08,sh601018,宁波港,5.63,0.3565
2017-05-09,sh601018,宁波港,5.55,-1.421
2017-05-10,sh601018,宁波港,5.43,-2.1622
2017-05-11,sh601018,宁波港,5.49,1.105
2017-05-12,sh601018,宁波港,5.52,0.5464
2017-05-15,sh601018,宁波港,5.47,-0.9058
2017-05-16,sh601018,宁波港,5.48,0.1828
2017-05-17,sh601018,宁波港,5.47,-0.1825
2017-05-18,sh601018,宁波港,5.48,0.1828
2017-05-19,sh601018,宁波港,5.47,-0.1825
2017-05-22,sh601018,宁波港,5.49,0.3656
2017-05-23,sh601018,宁波港,5.49,0.0
2017-05-24,sh601018,宁波港,5.51,0.3643
2017-05-25,sh601018,宁波港,5.53,0.363
2017-05-26,sh601018,宁波港,5.58,0.9042
2017-05-31,sh601018,宁波港,5.66,1.4337
2017-06-01,sh601018,宁波港,5.71,0.8834
2017-06-02,sh601018,宁波港,5.7,-0.1751
2017-06-05,sh601018,宁波港,5.62,-1.4035
2017-06-06,sh601018,宁波港,5.65,0.5338
2017-06-07,sh601018,宁波港,5.71,1.0619
2017-06-08,sh601018,宁波港,5.73,0.3503
2017-06-09,sh601018,宁波港,5.67,-1.0471
2017-06-12,sh601018,宁波港,5.65,-0.3527
2017-06-13,sh601018,宁波港,5.66,0.177
2017-06-14,sh601018,宁波港,5.67,0.1767
2017-06-15,sh601018,宁波港,5.63,-0.7055
2017-06-16,sh601018,宁波港,5.47,-2.8419
2017-06-19,sh601018,宁波港,5.49,0.3656
2017-06-20,sh601018,宁波港,5.5,0.1821
2017-06-21,sh601018,宁波港,5.5,0.0
2017-06-22,sh601018,宁波港,5.52,0.3636
2017-06-23,sh601018,宁波港,5.54,0.3623
2017-06-26,sh601018,宁波港,5.62,1.444
2017-06-27,sh601018,宁波港,5.66,0.7117
2017-06-28,sh601018,宁波港,5.63,-0.53
2017-06-29,sh601018,宁波港,5.6,-0.5329
2017-06-30,sh601018,宁波港,5.65,0.8929
2017-07-03,sh601018,宁波港,5.65,0.0
2017-07-04,sh601018,宁波港,5.59,-1.0619
2017-07-05,sh601018,宁波港,5.6,0.1789
2017-07-06,sh601018,宁波港,5.63,0.5357
2017-07-07,sh601018,宁波港,5.62,-0.1776
2017-07-10,sh601018,宁波港,5.61,-0.1779
2017-07-11,sh601018,宁波港,5.6,-0.1783
2017-07-12,sh601018,宁波港,5.52,-1.4286
2017-07-13,sh601018,宁波港,5.59,1.2681
2017-07-14,sh601018,宁波港,5.65,1.0733
2017-07-17,sh601018,宁波港,5.65,0.0
2017-07-18,sh601018,宁波港,5.68,0.531
2017-07-19,sh601018,宁波港,5.79,1.9366
2017-07-20,sh601018,宁波港,5.74,-0.8636
2017-07-21,sh601018,宁波港,5.73,-0.1742
2017-07-24,sh601018,宁波港,5.82,1.5707
2017-07-25,sh601018,宁波港,6.12,5.1546
2017-07-26,sh601018,宁波港,6.2,1.3072
2017-07-27,sh601018,宁波港,6.79,9.5161
2017-07-28,sh601018,宁波港,6.67,-1.7673
2017-07-31,sh601018,宁波港,6.51,-2.3988
2017-08-01,sh601018,宁波港,6.44,-1.0753
2017-08-02,sh601018,宁波港,6.54,1.5528
2017-08-03,sh601018,宁波港,6.47,-1.0703
2017-08-04,sh601018,宁波港,6.15,-4.9459
2017-08-07,sh601018,宁波港,6.19,0.6504
2017-08-08,sh601018,宁波港,6.24,0.8078
2017-08-09,sh601018,宁波港,6.14,-1.6026
2017-08-10,sh601018,宁波港,6.17,0.4886
2017-08-11,sh601018,宁波港,6.17,0.0
2017-08-14,sh601018,宁波港,6.12,-0.8104
2017-08-15,sh601018,宁波港,6.08,-0.6536
2017-08-16,sh601018,宁波港,6.08,0.0
2017-08-17,sh601018,宁波港,6.12,0.6579
2017-08-18,sh601018,宁波港,6.15,0.4902
2017-08-21,sh601018,宁波港,6.17,0.3252
2017-08-22,sh601018,宁波港,6.03,-2.269
2017-08-23,sh601018,宁波港,5.94,-1.4925
2017-08-24,sh601018,宁波港,5.93,-0.1684
2017-08-25,sh601018,宁波港,5.99,1.0118
2017-08-28,sh601018,宁波港,5.98,-0.1669
2017-08-29,sh601018,宁波港,6.02,0.6689
2017-08-30,sh601018,宁波港,5.94,-1.3289
2017-08-31,sh601018,宁波港,6.01,1.1785
2017-09-01,sh601018,宁波港,5.95,-0.9983
2017-09-04,sh601018,宁波港,5.96,0.1681
2017-09-05,sh601018,宁波港,6.07,1.8456
2017-09-06,sh601018,宁波港,6.06,-0.1647
2017-09-07,sh601018,宁波港,6.06,0.0
2017-09-08,sh601018,宁波港,6.0,-0.9901
2017-09-11,sh601018,宁波港,5.97,-0.5
2017-09-12,sh601018,宁波港,5.86,-1.8425
2017-09-13,sh601018,宁波港,5.87,0.1706
2017-09-14,sh601018,宁波港,6.05,3.0664
2017-09-15,sh601018,宁波港,5.95,-1.6529
2017-09-18,sh601018,宁波港,5.98,0.5042
2017-09-19,sh601018,宁波港,5.96,-0.3344
2017-09-20,sh601018,宁波港,5.91,-0.8389
2017-09-21,sh601018,宁波港,5.86,-0.846
2017-09-22,sh601018,宁波港,5.91,0.8532
2017-09-25,sh601018,宁波港,5.96,0.846
2017-09-26,sh601018,宁波港,5.95,-0.1678
2017-09-27,sh601018,宁波港,5.95,0.0
2017-09-28,sh601018,宁波港,5.91,-0.6723
2017-09-29,sh601018,宁波港,5.87,-0.6768
2017-10-09,sh601018,宁波港,5.9,0.5111
2017-10-10,sh601018,宁波港,5.95,0.8475
2017-10-11,sh601018,宁波港,5.99,0.6723
2017-10-12,sh601018,宁波港,5.93,-1.0017
2017-10-13,sh601018,宁波港,5.92,-0.1686
2017-10-16,sh601018,宁波港,5.91,-0.1689
2017-10-17,sh601018,宁波港,5.92,0.1692
2017-10-18,sh601018,宁波港,5.99,1.1824
2017-10-19,sh601018,宁波港,6.02,0.5008
2017-10-20,sh601018,宁波港,6.24,3.6545
2017-10-23,sh601018,宁波港,6.07,-2.7244
2017-10-24,sh601018,宁波港,6.14,1.1532
2017-10-25,sh601018,宁波港,6.1,-0.6515
2017-10-26,sh601018,宁波港,6.15,0.8197
2017-10-27,sh601018,宁波港,6.28,2.1138
2017-10-30,sh601018,宁波港,6.32,0.6369
2017-10-31,sh601018,宁波港,6.39,1.1076
2017-11-01,sh601018,宁波港,6.22,-2.6604
2017-11-02,sh601018,宁波港,6.25,0.4823
2017-11-03,sh601018,宁波港,6.15,-1.6
2017-11-06,sh601018,宁波港,6.07,-1.3008
2017-11-07,sh601018,宁波港,6.06,-0.1647
2017-11-08,sh601018,宁波港,6.04,-0.33
2017-11-09,sh601018,宁波港,6.03,-0.1656
2017-11-10,sh601018,宁波港,6.0,-0.4975
2017-11-13,sh601018,宁波港,6.04,0.6667
2017-11-14,sh601018,宁波港,6.07,0.4967
2017-11-15,sh601018,宁波港,6.04,-0.4942
2017-11-16,sh601018,宁波港,5.73,-5.1325
2017-11-17,sh601018,宁波港,5.88,2.6178
2017-11-20,sh601018,宁波港,5.84,-0.6803
2017-11-21,sh601018,宁波港,5.76,-1.3699
2017-11-22,sh601018,宁波港,5.73,-0.5208
2017-11-23,sh601018,宁波港,5.69,-0.6981
2017-11-24,sh601018,宁波港,5.7,0.1757
2017-11-27,sh601018,宁波港,5.71,0.1754
2017-11-28,sh601018,宁波港,5.7,-0.1751
2017-11-29,sh601018,宁波港,5.69,-0.1754
2017-11-30,sh601018,宁波港,5.71,0.3515
2017-12-01,sh601018,宁波港,5.72,0.1751
2017-12-04,sh601018,宁波港,5.73,0.1748
2017-12-05,sh601018,宁波港,5.86,2.2688
2017-12-06,sh601018,宁波港,5.81,-0.8532
2017-12-07,sh601018,宁波港,5.79,-0.3442
2017-12-08,sh601018,宁波港,5.74,-0.8636
2017-12-11,sh601018,宁波港,5.75,0.1742
2017-12-12,sh601018,宁波港,5.69,-1.0435
2017-12-13,sh601018,宁波港,5.69,0.0
2017-12-14,sh601018,宁波港,5.65,-0.703
2017-12-15,sh601018,宁波港,5.57,-1.4159
2017-12-18,sh601018,宁波港,5.58,0.1795
2017-12-19,sh601018,宁波港,5.54,-0.7168
2017-12-20,sh601018,宁波港,5.55,0.1805
2017-12-21,sh601018,宁波港,5.47,-1.4414
2017-12-22,sh601018,宁波港,5.38,-1.6453
2017-12-25,sh601018,宁波港,5.25,-2.4164
2017-12-26,sh601018,宁波港,5.28,0.5714
2017-12-27,sh601018,宁波港,5.23,-0.947
2017-12-28,sh601018,宁波港,5.24,0.1912
2017-12-29,sh601018,宁波港,5.31,1.3359
2018-01-02,sh601018,宁波港,5.34,0.565
2018-01-03,sh601018,宁波港,5.4,1.1236
2018-01-04,sh601018,宁波港,5.48,1.4815
2018-01-05,sh601018,宁波港,5.44,-0.7299
2018-01-08,sh601018,宁波港,5.46,0.3676
2018-01-09,sh601018,宁波港,5.39,-1.2821
2018-01-10,sh601018,宁波港,5.42,0.5566
2018-01-11,sh601018,宁波港,5.42,0.0
2018-01-12,sh601018,宁波港,5.4,-0.369
2018-01-15,sh601018,宁波港,5.34,-1.1111
2018-01-16,sh601018,宁波港,5.37,0.5618
2018-01-17,sh601018,宁波港,5.41,0.7449
2018-01-18,sh601018,宁波港,5.36,-0.9242
2018-01-19,sh601018,宁波港,5.39,0.5597
2018-01-22,sh601018,宁波港,5.38,-0.1855
2018-01-23,sh601018,宁波港,5.46,1.487
2018-01-24,sh601018,宁波港,5.44,-0.3663
2018-01-25,sh601018,宁波港,5.49,0.9191
2018-01-26,sh601018,宁波港,5.52,0.5464
2018-01-29,sh601018,宁波港,5.45,-1.2681
2018-01-30,sh601018,宁波港,5.4,-0.9174
2018-01-31,sh601018,宁波港,5.28,-2.2222
2018-02-01,sh601018,宁波港,5.36,1.5152
2018-02-02,sh601018,宁波港,5.33,-0.5597
2018-02-05,sh601018,宁波港,5.27,-1.1257
2018-02-06,sh601018,宁波港,5.27,0.0
2018-02-07,sh601018,宁波港,5.27,0.0
2018-02-08,sh601018,宁波港,5.27,0.0
2018-02-09,sh601018,宁波港,5.27,0.0
2018-02-12,sh601018,宁波港,5.18,-1.7078
2018-02-13,sh601018,宁波港,5.16,-0.3861
2018-02-14,sh601018,宁波港,5.14,-0.3876
2018-02-22,sh601018,宁波港,5.21,1.3619
2018-02-23,sh601018,宁波港,5.28,1.3436
2018-02-26,sh601018,宁波港,5.41,2.4621
2018-02-27,sh601018,宁波港,5.41,0.0
2018-02-28,sh601018,宁波港,5.39,-0.3697
2018-03-01,sh601018,宁波港,5.35,-0.7421
2018-03-02,sh601018,宁波港,5.32,-0.5607
2018-03-05,sh601018,宁波港,5.33,0.188
2018-03-06,sh601018,宁波港,5.34,0.1876
2018-03-07,sh601018,宁波港,5.33,-0.1873
2018-03-08,sh601018,宁波港,5.29,-0.7505
2018-03-09,sh601018,宁波港,5.35,1.1342
2018-03-12,sh601018,宁波港,5.35,0.0
2018-03-13,sh601018,宁波港,5.4,0.9346
2018-03-14,sh601018,宁波港,5.34,-1.1111
2018-03-15,sh601018,宁波港,5.36,0.3745
2018-03-16,sh601018,宁波港,5.33,-0.5597
2018-03-19,sh601018,宁波港,5.33,0.0
2018-03-20,sh601018,宁波港,5.31,-0.3752
2018-03-21,sh601018,宁波港,5.31,0.0
2018-03-22,sh601018,宁波港,5.31,0.0
2018-03-23,sh601018,宁波港,5.31,0.0
2018-03-26,sh601018,宁波港,5.24,-1.3183
2018-03-27,sh601018,宁波港,5.33,1.7176
2018-03-28,sh601018,宁波港,5.32,-0.1876
2018-03-29,sh601018,宁波港,5.33,0.188
2018-03-30,sh601018,宁波港,5.32,-0.1876
2018-04-02,sh601018,宁波港,5.31,-0.188
2018-04-03,sh601018,宁波港,5.28,-0.565
2018-04-04,sh601018,宁波港,5.26,-0.3788
2018-04-09,sh601018,宁波港,5.34,1.5209
2018-04-10,sh601018,宁波港,5.31,-0.5618
2018-04-11,sh601018,宁波港,5.3,-0.1883
2018-04-12,sh601018,宁波港,5.27,-0.566
2018-04-13,sh601018,宁波港,5.26,-0.1898
2018-04-16,sh601018,宁波港,5.21,-0.9506
2018-04-17,sh601018,宁波港,5.15,-1.1516
2018-04-18,sh601018,宁波港,5.14,-0.1942
2018-04-19,sh601018,宁波港,5.13,-0.1946
2018-04-20,sh601018,宁波港,5.12,-0.1949
2018-04-23,sh601018,宁波港,5.1,-0.3906
2018-04-24,sh601018,宁波港,5.14,0.7843
2018-04-25,sh601018,宁波港,5.1,-0.7782
2018-04-26,sh601018,宁波港,5.1,0.0
2018-04-27,sh601018,宁波港,5.12,0.3922
2018-05-02,sh601018,宁波港,5.09,-0.5859
2018-05-03,sh601018,宁波港,5.08,-0.1965
2018-05-04,sh601018,宁波港,5.04,-0.7874
2018-05-07,sh601018,宁波港,5.1,1.1905
2018-05-08,sh601018,宁波港,5.15,0.9804
2018-05-09,sh601018,宁波港,5.13,-0.3883
2018-05-10,sh601018,宁波港,5.13,0.0
2018-05-11,sh601018,宁波港,5.1,-0.5848
2018-05-14,sh601018,宁波港,5.09,-0.1961
2018-05-15,sh601018,宁波港,5.11,0.3929
2018-05-16,sh601018,宁波港,5.11,0.0
2018-05-17,sh601018,宁波港,5.09,-0.3914
2018-05-18,sh601018,宁波港,5.09,0.0
2018-05-21,sh601018,宁波港,5.15,1.1788
2018-05-22,sh601018,宁波港,5.13,-0.3883
2018-05-23,sh601018,宁波港,5.11,-0.3899
2018-05-24,sh601018,宁波港,5.09,-0.3914
2018-05-25,sh601018,宁波港,5.12,0.5894
2018-05-28,sh601018,宁波港,5.06,-1.1719
2018-05-29,sh601018,宁波港,5.22,3.1621
2018-05-30,sh601018,宁波港,5.11,-2.1073
2018-05-31,sh601018,宁波港,5.14,0.5871
2018-06-01,sh601018,宁波港,5.05,-1.751
2018-06-04,sh601018,宁波港,5.02,-0.5941
2018-06-05,sh601018,宁波港,5.05,0.5976
2018-06-06,sh601018,宁波港,5.02,-0.5941
2018-06-07,sh601018,宁波港,4.91,-2.1912
2018-06-08,sh601018,宁波港,4.83,-1.6293
2018-06-11,sh601018,宁波港,4.77,-1.2422
2018-06-12,sh601018,宁波港,4.78,0.2096
2018-06-13,sh601018,宁波港,4.77,-0.2092
2018-06-14,sh601018,宁波港,4.75,-0.4193
2018-06-15,sh601018,宁波港,4.68,-1.4737
2018-06-19,sh601018,宁波港,4.27,-8.7607
2018-06-20,sh601018,宁波港,4.27,0.0
2018-06-21,sh601018,宁波港,4.08,-4.4496
2018-06-22,sh601018,宁波港,4.08,0.0
2018-06-25,sh601018,宁波港,4.07,-0.2451
2018-06-26,sh601018,宁波港,4.08,0.2457
2018-06-27,sh601018,宁波港,4.11,0.7353
2018-06-28,sh601018,宁波港,4.16,1.2165
2018-06-29,sh601018,宁波港,4.21,1.2019
2018-07-02,sh601018,宁波港,4.22,0.2375
2018-07-03,sh601018,宁波港,4.25,0.7109
2018-07-04,sh601018,宁波港,4.25,0.0
2018-07-05,sh601018,宁波港,4.28,0.7059
2018-07-06,sh601018,宁波港,4.21,-1.6355
2018-07-09,sh601018,宁波港,4.23,0.4751
2018-07-10,sh601018,宁波港,4.29,1.4184
2018-07-11,sh601018,宁波港,4.21,-1.8648
2018-07-12,sh601018,宁波港,4.38,4.038
2018-07-13,sh601018,宁波港,4.34,-0.9132
2018-07-16,sh601018,宁波港,4.24,-2.3041
2018-07-17,sh601018,宁波港,4.26,0.4717
2018-07-18,sh601018,宁波港,4.2,-1.4085
2018-07-19,sh601018,宁波港,4.12,-1.9048
2018-07-20,sh601018,宁波港,4.2,1.9417
2018-07-23,sh601018,宁波港,4.27,1.6667
2018-07-24,sh601018,宁波港,4.34,1.6393
2018-07-25,sh601018,宁波港,4.31,-0.6912
2018-07-26,sh601018,宁波港,4.35,0.9281
2018-07-27,sh601018,宁波港,4.38,0.6897
2018-07-30,sh601018,宁波港,4.32,-1.3699
2018-07-31,sh601018,宁波港,4.31,-0.2315
2018-08-01,sh601018,宁波港,4.28,-0.6961
2018-08-02,sh601018,宁波港,4.19,-2.1028
2018-08-03,sh601018,宁波港,4.19,0.0
2018-08-06,sh601018,宁波港,4.15,-0.9547
2018-08-07,sh601018,宁波港,4.35,4.8193
2018-08-08,sh601018,宁波港,4.27,-1.8391
2018-08-09,sh601018,宁波港,4.28,0.2342
2018-08-10,sh601018,宁波港,4.3,0.4673
2018-08-13,sh601018,宁波港,4.24,-1.3953
2018-08-14,sh601018,宁波港,4.26,0.4717
2018-08-15,sh601018,宁波港,4.2,-1.4085
2018-08-16,sh601018,宁波港,4.12,-1.9048
2018-08-17,sh601018,宁波港,4.06,-1.4563
2018-08-20,sh601018,宁波港,4.07,0.2463
2018-08-21,sh601018,宁波港,4.08,0.2457
2018-08-22,sh601018,宁波港,4.04,-0.9804
2018-08-23,sh601018,宁波港,4.02,-0.495
2018-08-24,sh601018,宁波港,4.05,0.7463
2018-08-27,sh601018,宁波港,4.1,1.2346
2018-08-28,sh601018,宁波港,4.09,-0.2439
2018-08-29,sh601018,宁波港,4.06,-0.7335
2018-08-30,sh601018,宁波港,4.05,-0.2463
2018-08-31,sh601018,宁波港,4.05,0.0
2018-09-03,sh601018,宁波港,4.02,-0.7407
2018-09-04,sh601018,宁波港,4.08,1.4925
2018-09-05,sh601018,宁波港,4.07,-0.2451
2018-09-06,sh601018,宁波港,4.04,-0.7371
2018-09-07,sh601018,宁波港,4.03,-0.2475
2018-09-10,sh601018,宁波港,4.0,-0.7444
2018-09-11,sh601018,宁波港,4.02,0.5
2018-09-12,sh601018,宁波港,4.02,0.0
2018-09-13,sh601018,宁波港,4.08,1.4925
2018-09-14,sh601018,宁波港,4.09,0.2451
2018-09-17,sh601018,宁波港,4.05,-0.978
2018-09-18,sh601018,宁波港,4.08,0.7407
2018-09-19,sh601018,宁波港,4.09,0.2451
2018-09-20,sh601018,宁波港,4.08,-0.2445
2018-09-21,sh601018,宁波港,4.12,0.9804
2018-09-25,sh601018,宁波港,4.1,-0.4854
2018-09-26,sh601018,宁波港,4.1,0.0
2018-09-27,sh601018,宁波港,4.08,-0.4878
2018-09-28,sh601018,宁波港,4.1,0.4902
2018-10-08,sh601018,宁波港,4.03,-1.7073
2018-10-09,sh601018,宁波港,4.02,-0.2481
2018-10-10,sh601018,宁波港,4.01,-0.2488
2018-10-11,sh601018,宁波港,3.77,-5.985
2018-10-12,sh601018,宁波港,3.66,-2.9178
2018-10-15,sh601018,宁波港,3.64,-0.5464
2018-10-16,sh601018,宁波港,3.67,0.8242
2018-10-17,sh601018,宁波港,3.7,0.8174
2018-10-18,sh601018,宁波港,3.6,-2.7027
2018-10-19,sh601018,宁波港,3.66,1.6667
2018-10-22,sh601018,宁波港,3.8,3.8251
2018-10-23,sh601018,宁波港,3.72,-2.1053
2018-10-24,sh601018,宁波港,3.74,0.5376
2018-10-25,sh601018,宁波港,3.77,0.8021
2018-10-26,sh601018,宁波港,3.79,0.5305
2018-10-29,sh601018,宁波港,3.74,-1.3193
2018-10-30,sh601018,宁波港,3.75,0.2674
2018-10-31,sh601018,宁波港,3.76,0.2667
2018-11-01,sh601018,宁波港,3.77,0.266
2018-11-02,sh601018,宁波港,3.83,1.5915
2018-11-05,sh601018,宁波港,3.85,0.5222
2018-11-06,sh601018,宁波港,3.8,-1.2987
2018-11-07,sh601018,宁波港,3.76,-1.0526
2018-11-08,sh601018,宁波港,3.75,-0.266
2018-11-09,sh601018,宁波港,3.71,-1.0667
2018-11-12,sh601018,宁波港,3.74,0.8086
2018-11-13,sh601018,宁波港,3.8,1.6043
2018-11-14,sh601018,宁波港,3.85,1.3158
2018-11-15,sh601018,宁波港,3.88,0.7792
2018-11-16,sh601018,宁波港,3.9,0.5155
2018-11-19,sh601018,宁波港,3.91,0.2564
2018-11-20,sh601018,宁波港,3.8,-2.8133
2018-11-21,sh601018,宁波港,3.77,-0.7895
2018-11-22,sh601018,宁波港,3.75,-0.5305
2018-11-23,sh601018,宁波港,3.67,-2.1333
2018-11-26,sh601018,宁波港,3.66,-0.2725
2018-11-27,sh601018,宁波港,3.66,0.0
2018-11-28,sh601018,宁波港,3.71,1.3661
2018-11-29,sh601018,宁波港,3.64,-1.8868
2018-11-30,sh601018,宁波港,3.66,0.5495
2018-12-03,sh601018,宁波港,3.73,1.9126
2018-12-04,sh601018,宁波港,3.74,0.2681
2018-12-05,sh601018,宁波港,3.71,-0.8021
2018-12-06,sh601018,宁波港,3.65,-1.6173
2018-12-07,sh601018,宁波港,3.66,0.274
2018-12-10,sh601018,宁波港,3.63,-0.8197
2018-12-11,sh601018,宁波港,3.64,0.2755
2018-12-12,sh601018,宁波港,3.62,-0.5495
2018-12-13,sh601018,宁波港,3.62,0.0
2018-12-14,sh601018,宁波港,3.51,-3.0387
2018-12-17,sh601018,宁波港,3.53,0.5698
2018-12-18,sh601018,宁波港,3.54,0.2833
2018-12-19,sh601018,宁波港,3.5,-1.1299
2018-12-20,sh601018,宁波港,3.45,-1.4286
2018-12-21,sh601018,宁波港,3.39,-1.7391
2018-12-24,sh601018,宁波港,3.4,0.295
2018-12-25,sh601018,宁波港,3.33,-2.0588
2018-12-26,sh601018,宁波港,3.33,0.0
2018-12-27,sh601018,宁波港,3.31,-0.6006
2018-12-28,sh601018,宁波港,3.34,0.9063
2019-01-02,sh601018,宁波港,3.32,-0.5988
2019-01-03,sh601018,宁波港,3.34,0.6024
2019-01-04,sh601018,宁波港,3.4,1.7964
2019-01-07,sh601018,宁波港,3.43,0.8824
2019-01-08,sh601018,宁波港,3.49,1.7493
2019-01-09,sh601018,宁波港,3.5,0.2865
2019-01-10,sh601018,宁波港,3.46,-1.1429
2019-01-11,sh601018,宁波港,3.48,0.578
2019-01-14,sh601018,宁波港,3.48,0.0
2019-01-15,sh601018,宁波港,3.48,0.0
2019-01-16,sh601018,宁波港,3.47,-0.2874
2019-01-17,sh601018,宁波港,3.45,-0.5764
2019-01-18,sh601018,宁波港,3.49,1.1594
2019-01-21,sh601018,宁波港,3.47,-0.5731
2019-01-22,sh601018,宁波港,3.44,-0.8646
2019-01-23,sh601018,宁波港,3.43,-0.2907
2019-01-24,sh601018,宁波港,3.42,-0.2915
2019-01-25,sh601018,宁波港,3.41,-0.2924
2019-01-28,sh601018,宁波港,3.42,0.2933
2019-01-29,sh601018,宁波港,3.37,-1.462
2019-01-30,sh601018,宁波港,3.38,0.2967
2019-01-31,sh601018,宁波港,3.34,-1.1834
2019-02-01,sh601018,宁波港,3.39,1.497
2019-02-11,sh601018,宁波港,3.48,2.6549
2019-02-12,sh601018,宁波港,3.54,1.7241
2019-02-13,sh601018,宁波港,3.57,0.8475
2019-02-14,sh601018,宁波港,3.62,1.4006
2019-02-15,sh601018,宁波港,3.58,-1.105
2019-02-18,sh601018,宁波港,3.66,2.2346
2019-02-19,sh601018,宁波港,3.74,2.1858
2019-02-20,sh601018,宁波港,3.71,-0.8021
2019-02-21,sh601018,宁波港,3.68,-0.8086
2019-02-22,sh601018,宁波港,3.71,0.8152
2019-02-25,sh601018,宁波港,3.87,4.3127
2019-02-26,sh601018,宁波港,3.96,2.3256
2019-02-27,sh601018,宁波港,3.94,-0.5051
2019-02-28,sh601018,宁波港,3.92,-0.5076
2019-03-01,sh601018,宁波港,3.92,0.0
2019-03-04,sh601018,宁波港,3.96,1.0204
2019-03-05,sh601018,宁波港,3.96,0.0
2019-03-06,sh601018,宁波港,4.04,2.0202
2019-03-07,sh601018,宁波港,4.14,2.4752
2019-03-08,sh601018,宁波港,3.86,-6.7633
2019-03-11,sh601018,宁波港,4.25,10.1036
2019-03-12,sh601018,宁波港,4.28,0.7059
2019-03-13,sh601018,宁波港,4.16,-2.8037
2019-03-14,sh601018,宁波港,4.04,-2.8846
2019-03-15,sh601018,宁波港,4.14,2.4752
2019-03-18,sh601018,宁波港,4.21,1.6908
2019-03-19,sh601018,宁波港,4.17,-0.9501
2019-03-20,sh601018,宁波港,4.33,3.8369
2019-03-21,sh601018,宁波港,4.28,-1.1547
2019-03-22,sh601018,宁波港,4.34,1.4019
2019-03-25,sh601018,宁波港,4.23,-2.5346
2019-03-26,sh601018,宁波港,4.2,-0.7092
2019-03-27,sh601018,宁波港,4.33,3.0952
2019-03-28,sh601018,宁波港,4.38,1.1547
2019-03-29,sh601018,宁波港,4.35,-0.6849
2019-04-01,sh601018,宁波港,4.5,3.4483
2019-04-02,sh601018,宁波港,4.46,-0.8889
2019-04-03,sh601018,宁波港,4.73,6.0538
2019-04-04,sh601018,宁波港,4.67,-1.2685
2019-04-08,sh601018,宁波港,4.66,-0.2141
2019-04-09,sh601018,宁波港,4.63,-0.6438
2019-04-10,sh601018,宁波港,4.82,4.1037
2019-04-11,sh601018,宁波港,4.67,-3.112
2019-04-12,sh601018,宁波港,5.01,7.2805
2019-04-15,sh601018,宁波港,5.16,2.994
2019-04-16,sh601018,宁波港,5.22,1.1628
2019-04-17,sh601018,宁波港,5.43,4.023
2019-04-18,sh601018,宁波港,5.39,-0.7366
2019-04-19,sh601018,宁波港,5.34,-0.9276
2019-04-22,sh601018,宁波港,5.29,-0.9363
2019-04-23,sh601018,宁波港,5.42,2.4575
2019-04-24,sh601018,宁波港,5.36,-1.107
2019-04-25,sh601018,宁波港,5.24,-2.2388
2019-04-26,sh601018,宁波港,5.38,2.6718
2019-04-29,sh601018,宁波港,5.16,-4.0892
2019-04-30,sh601018,宁波港,5.35,3.6822
2019-05-06,sh601018,宁波港,4.82,-9.9065
2019-05-07,sh601018,宁波港,4.49,-6.8465
2019-05-08,sh601018,宁波港,4.34,-3.3408
2019-05-09,sh601018,宁波港,4.19,-3.4562
2019-05-10,sh601018,宁波港,4.57,9.0692
2019-05-13,sh601018,宁波港,4.76,4.1575
2019-05-14,sh601018,宁波港,4.85,1.8908
2019-05-15,sh601018,宁波港,4.94,1.8557
2019-05-16,sh601018,宁波港,4.88,-1.2146
2019-05-17,sh601018,宁波港,4.82,-1.2295
2019-05-20,sh601018,宁波港,4.64,-3.7344
2019-05-21,sh601018,宁波港,4.94,6.4655
2019-05-22,sh601018,宁波港,4.89,-1.0121
2019-05-23,sh601018,宁波港,4.88,-0.2045
2019-05-24,sh601018,宁波港,4.78,-2.0492
2019-05-27,sh601018,宁波港,4.75,-0.6276
2019-05-28,sh601018,宁波港,4.75,0.0
2019-05-29,sh601018,宁波港,4.54,-4.4211
2019-05-30,sh601018,宁波港,4.44,-2.2026
2019-05-31,sh601018,宁波港,4.54,2.2523
2019-06-03,sh601018,宁波港,4.49,-1.1013
2019-06-04,sh601018,宁波港,4.4,-2.0045
2019-06-05,sh601018,宁波港,4.22,-4.0909
2019-06-06,sh601018,宁波港,4.08,-3.3175
2019-06-10,sh601018,宁波港,4.09,0.2451
2019-06-11,sh601018,宁波港,4.23,3.423
2019-06-12,sh601018,宁波港,4.16,-1.6548
2019-06-13,sh601018,宁波港,4.16,0.0
2019-06-14,sh601018,宁波港,4.09,-1.6827
2019-06-17,sh601018,宁波港,4.09,0.0
2019-06-18,sh601018,宁波港,4.1,0.2445
2019-06-19,sh601018,宁波港,4.26,3.9024
2019-06-20,sh601018,宁波港,4.3,0.939
2019-06-21,sh601018,宁波港,4.34,0.9302
2019-06-24,sh601018,宁波港,4.35,0.2304
2019-06-25,sh601018,宁波港,4.26,-2.069
2019-06-26,sh601018,宁波港,4.3,0.939
2019-06-27,sh601018,宁波港,4.36,1.3953
2019-06-28,sh601018,宁波港,4.39,0.6881
2019-07-01,sh601018,宁波港,4.53,3.1891
2019-07-02,sh601018,宁波港,4.46,-1.5453
2019-07-03,sh601018,宁波港,4.39,-1.5695
2019-07-04,sh601018,宁波港,4.38,-0.2278
2019-07-05,sh601018,宁波港,4.42,0.9132
2019-07-08,sh601018,宁波港,4.23,-4.2986
2019-07-09,sh601018,宁波港,4.24,0.2364
2019-07-10,sh601018,宁波港,4.19,-1.1792
2019-07-11,sh601018,宁波港,4.16,-0.716
2019-07-12,sh601018,宁波港,4.18,0.4808
2019-07-15,sh601018,宁波港,4.22,0.9569
2019-07-16,sh601018,宁波港,4.27,1.1848
2019-07-17,sh601018,宁波港,4.32,1.171
2019-07-18,sh601018,宁波港,4.26,-1.3889
2019-07-19,sh601018,宁波港,4.28,0.4695
2019-07-22,sh601018,宁波港,4.21,-1.6355
2019-07-23,sh601018,宁波港,4.24,0.7126
2019-07-24,sh601018,宁波港,4.27,0.7075
2019-07-25,sh601018,宁波港,4.37,2.3419
2019-07-26,sh601018,宁波港,4.42,1.1442
2019-07-29,sh601018,宁波港,4.34,-1.81
2019-07-30,sh601018,宁波港,4.34,0.0
2019-07-31,sh601018,宁波港,4.32,-0.4608
2019-08-01,sh601018,宁波港,4.32,0.0
2019-08-02,sh601018,宁波港,4.22,-2.3148
2019-08-05,sh601018,宁波港,4.16,-1.4218
2019-08-06,sh601018,宁波港,3.99,-4.0865
2019-08-07,sh601018,宁波港,3.69,-7.5188
2019-08-08,sh601018,宁波港,3.73,1.084
2019-08-09,sh601018,宁波港,3.69,-1.0724
2019-08-12,sh601018,宁波港,3.77,2.168
2019-08-13,sh601018,宁波港,3.77,0.0
2019-08-14,sh601018,宁波港,3.79,0.5305
2019-08-15,sh601018,宁波港,3.78,-0.2639
2019-08-16,sh601018,宁波港,3.74,-1.0582
2019-08-19,sh601018,宁波港,3.91,4.5455
2019-08-20,sh601018,宁波港,3.92,0.2558
2019-08-21,sh601018,宁波港,3.96,1.0204
2019-08-22,sh601018,宁波港,3.97,0.2525
2019-08-23,sh601018,宁波港,3.95,-0.5038
2019-08-26,sh601018,宁波港,3.93,-0.5063
2019-08-27,sh601018,宁波港,3.98,1.2723
2019-08-28,sh601018,宁波港,3.97,-0.2513
2019-08-29,sh601018,宁波港,3.93,-1.0076
2019-08-30,sh601018,宁波港,3.86,-1.7812
2019-09-02,sh601018,宁波港,3.9,1.0363
2019-09-03,sh601018,宁波港,3.89,-0.2564
2019-09-04,sh601018,宁波港,3.89,0.0
2019-09-05,sh601018,宁波港,3.95,1.5424
2019-09-06,sh601018,宁波港,3.96,0.2532
2019-09-09,sh601018,宁波港,4.0,1.0101
2019-09-10,sh601018,宁波港,3.96,-1.0
2019-09-11,sh601018,宁波港,3.96,0.0
2019-09-12,sh601018,宁波港,3.97,0.2525
2019-09-16,sh601018,宁波港,3.98,0.2519
2019-09-17,sh601018,宁波港,3.87,-2.7638
2019-09-18,sh601018,宁波港,3.86,-0.2584
2019-09-19,sh601018,宁波港,3.91,1.2953
2019-09-20,sh601018,宁波港,3.91,0.0
2019-09-23,sh601018,宁波港,3.93,0.5115
2019-09-24,sh601018,宁波港,3.89,-1.0178
2019-09-25,sh601018,宁波港,3.8,-2.3136
2019-09-26,sh601018,宁波港,3.74,-1.5789
2019-09-27,sh601018,宁波港,3.75,0.2674
2019-09-30,sh601018,宁波港,3.73,-0.5333
2019-10-08,sh601018,宁波港,3.71,-0.5362
2019-10-09,sh601018,宁波港,3.72,0.2695
2019-10-10,sh601018,宁波港,3.78,1.6129
2019-10-11,sh601018,宁波港,3.84,1.5873
2019-10-14,sh601018,宁波港,3.91,1.8229
2019-10-15,sh601018,宁波港,3.9,-0.2558
2019-10-16,sh601018,宁波港,3.84,-1.5385
2019-10-17,sh601018,宁波港,3.83,-0.2604
2019-10-18,sh601018,宁波港,3.76,-1.8277
2019-10-21,sh601018,宁波港,3.74,-0.5319
2019-10-22,sh601018,宁波港,3.78,1.0695
2019-10-23,sh601018,宁波港,3.74,-1.0582
2019-10-24,sh601018,宁波港,3.74,0.0
2019-10-25,sh601018,宁波港,3.77,0.8021
2019-10-28,sh601018,宁波港,3.8,0.7958
2019-10-29,sh601018,宁波港,3.81,0.2632
2019-10-30,sh601018,宁波港,3.71,-2.6247
2019-10-31,sh601018,宁波港,3.68,-0.8086
2019-11-01,sh601018,宁波港,3.72,1.087
2019-11-04,sh601018,宁波港,3.75,0.8065
2019-11-05,sh601018,宁波港,3.75,0.0
2019-11-06,sh601018,宁波港,3.76,0.2667
2019-11-07,sh601018,宁波港,3.73,-0.7979
2019-11-08,sh601018,宁波港,3.72,-0.2681
2019-11-11,sh601018,宁波港,3.65,-1.8817
2019-11-12,sh601018,宁波港,3.66,0.274
2019-11-13,sh601018,宁波港,3.63,-0.8197
2019-11-14,sh601018,宁波港,3.62,-0.2755
2019-11-15,sh601018,宁波港,3.58,-1.105
2019-11-18,sh601018,宁波港,3.57,-0.2793
2019-11-19,sh601018,宁波港,3.6,0.8403
2019-11-20,sh601018,宁波港,3.57,-0.8333
2019-11-21,sh601018,宁波港,3.56,-0.2801
2019-11-22,sh601018,宁波港,3.57,0.2809
2019-11-25,sh601018,宁波港,3.64,1.9608
2019-11-26,sh601018,宁波港,3.69,1.3736
2019-11-27,sh601018,宁波港,3.63,-1.626
2019-11-28,sh601018,宁波港,3.64,0.2755
2019-11-29,sh601018,宁波港,3.62,-0.5495
2019-12-02,sh601018,宁波港,3.62,0.0
2019-12-03,sh601018,宁波港,3.66,1.105
2019-12-04,sh601018,宁波港,3.64,-0.5464
2019-12-05,sh601018,宁波港,3.65,0.2747
2019-12-06,sh601018,宁波港,3.68,0.8219
2019-12-09,sh601018,宁波港,3.66,-0.5435
2019-12-10,sh601018,宁波港,3.65,-0.2732
2019-12-11,sh601018,宁波港,3.64,-0.274
2019-12-12,sh601018,宁波港,3.64,0.0
2019-12-13,sh601018,宁波港,3.7,1.6484
2019-12-16,sh601018,宁波港,3.73,0.8108
2019-12-17,sh601018,宁波港,3.83,2.681
2019-12-18,sh601018,宁波港,3.8,-0.7833
2019-12-19,sh601018,宁波港,3.81,0.2632
2019-12-20,sh601018,宁波港,3.8,-0.2625
2019-12-23,sh601018,宁波港,3.7,-2.6316
2019-12-24,sh601018,宁波港,3.73,0.8108
2019-12-25,sh601018,宁波港,3.74,0.2681
2019-12-26,sh601018,宁波港,3.76,0.5348
2019-12-27,sh601018,宁波港,3.76,0.0
2019-12-30,sh601018,宁波港,3.81,1.3298
2019-12-31,sh601018,宁波港,3.8,-0.2625
2020-01-02,sh601018,宁波港,3.86,1.5789
2020-01-03,sh601018,宁波港,3.89,0.7772
2020-01-06,sh601018,宁波港,3.89,0.0
2020-01-07,sh601018,宁波港,3.94,1.2853
2020-01-08,sh601018,宁波港,3.89,-1.269
2020-01-09,sh601018,宁波港,3.9,0.2571
2020-01-10,sh601018,宁波港,3.88,-0.5128
2020-01-13,sh601018,宁波港,3.91,0.7732
2020-01-14,sh601018,宁波港,3.9,-0.2558
2020-01-15,sh601018,宁波港,3.84,-1.5385
2020-01-16,sh601018,宁波港,3.84,0.0
2020-01-17,sh601018,宁波港,3.83,-0.2604
2020-01-20,sh601018,宁波港,3.83,0.0
2020-01-21,sh601018,宁波港,3.76,-1.8277
2020-01-22,sh601018,宁波港,3.78,0.5319
2020-01-23,sh601018,宁波港,3.66,-3.1746
2020-02-03,sh601018,宁波港,3.29,-10.1093
2020-02-04,sh601018,宁波港,3.17,-3.6474
2020-02-05,sh601018,宁波港,3.21,1.2618
2020-02-06,sh601018,宁波港,3.26,1.5576
2020-02-07,sh601018,宁波港,3.25,-0.3067
2020-02-10,sh601018,宁波港,3.29,1.2308
2020-02-11,sh601018,宁波港,3.36,2.1277
2020-02-12,sh601018,宁波港,3.37,0.2976
2020-02-13,sh601018,宁波港,3.34,-0.8902
2020-02-14,sh601018,宁波港,3.34,0.0
2020-02-17,sh601018,宁波港,3.41,2.0958
2020-02-18,sh601018,宁波港,3.41,0.0
2020-02-19,sh601018,宁波港,3.41,0.0
2020-02-20,sh601018,宁波港,3.47,1.7595
2020-02-21,sh601018,宁波港,3.5,0.8646
2020-02-24,sh601018,宁波港,3.42,-2.2857
2020-02-25,sh601018,宁波港,3.35,-2.0468
2020-02-26,sh601018,宁波港,3.38,0.8955
2020-02-27,sh601018,宁波港,3.42,1.1834
2020-02-28,sh601018,宁波港,3.29,-3.8012
2020-03-02,sh601018,宁波港,3.38,2.7356
2020-03-03,sh601018,宁波港,3.5,3.5503
2020-03-04,sh601018,宁波港,3.53,0.8571
2020-03-05,sh601018,宁波港,3.54,0.2833
2020-03-06,sh601018,宁波港,3.48,-1.6949
2020-03-09,sh601018,宁波港,3.42,-1.7241
2020-03-10,sh601018,宁波港,3.44,0.5848
2020-03-11,sh601018,宁波港,3.51,2.0349
2020-03-12,sh601018,宁波港,3.41,-2.849
2020-03-13,sh601018,宁波港,3.32,-2.6393
2020-03-16,sh601018,宁波港,3.24,-2.4096
2020-03-17,sh601018,宁波港,3.2,-1.2346
2020-03-18,sh601018,宁波港,3.17,-0.9375
2020-03-19,sh601018,宁波港,3.15,-0.6309
2020-03-20,sh601018,宁波港,3.21,1.9048
2020-03-23,sh601018,宁波港,3.2,-0.3115
2020-03-24,sh601018,宁波港,3.28,2.5
2020-03-25,sh601018,宁波港,3.51,7.0122
2020-03-26,sh601018,宁波港,3.65,3.9886
2020-03-27,sh601018,宁波港,3.9,6.8493
2020-03-30,sh601018,宁波港,3.51,-10.0
2020-03-31,sh601018,宁波港,3.55,1.1396
2020-04-01,sh601018,宁波港,3.37,-5.0704
2020-04-02,sh601018,宁波港,3.39,0.5935
2020-04-03,sh601018,宁波港,3.31,-2.3599
2020-04-07,sh601018,宁波港,3.35,1.2085
2020-04-08,sh601018,宁波港,3.35,0.0
2020-04-09,sh601018,宁波港,3.35,0.0
2020-04-10,sh601018,宁波港,3.47,3.5821
2020-04-13,sh601018,宁波港,3.39,-2.3055
2020-04-14,sh601018,宁波港,3.41,0.59
2020-04-15,sh601018,宁波港,3.45,1.173
2020-04-16,sh601018,宁波港,3.42,-0.8696
2020-04-17,sh601018,宁波港,3.47,1.462
2020-04-20,sh601018,宁波港,3.45,-0.5764
2020-04-21,sh601018,宁波港,3.42,-0.8696
2020-04-22,sh601018,宁波港,3.39,-0.8772
2020-04-23,sh601018,宁波港,3.41,0.59
2020-04-24,sh601018,宁波港,3.34,-2.0528
2020-04-27,sh601018,宁波港,3.32,-0.5988
2020-04-28,sh601018,宁波港,3.29,-0.9036
2020-04-29,sh601018,宁波港,3.27,-0.6079
2020-04-30,sh601018,宁波港,3.33,1.8349
2020-05-06,sh601018,宁波港,3.35,0.6006
2020-05-07,sh601018,宁波港,3.36,0.2985
2020-05-08,sh601018,宁波港,3.41,1.4881
2020-05-11,sh601018,宁波港,3.43,0.5865
2020-05-12,sh601018,宁波港,3.39,-1.1662
2020-05-13,sh601018,宁波港,3.39,0.0
2020-05-14,sh601018,宁波港,3.36,-0.885
2020-05-15,sh601018,宁波港,3.5,4.1667
2020-05-18,sh601018,宁波港,3.42,-2.2857
2020-05-19,sh601018,宁波港,3.41,-0.2924
2020-05-20,sh601018,宁波港,3.38,-0.8798
2020-05-21,sh601018,宁波港,3.35,-0.8876
2020-05-22,sh601018,宁波港,3.33,-0.597
2020-05-25,sh601018,宁波港,3.34,0.3003
2020-05-26,sh601018,宁波港,3.35,0.2994
2020-05-27,sh601018,宁波港,3.34,-0.2985
2020-05-28,sh601018,宁波港,3.35,0.2994
2020-05-29,sh601018,宁波港,3.4,1.4925
2020-06-01,sh601018,宁波港,3.42,0.5882
2020-06-02,sh601018,宁波港,3.46,1.1696
2020-06-03,sh601018,宁波港,3.42,-1.1561
2020-06-04,sh601018,宁波港,3.43,0.2924
2020-06-05,sh601018,宁波港,3.45,0.5831
2020-06-08,sh601018,宁波港,3.44,-0.2899
2020-06-09,sh601018,宁波港,3.46,0.5814
2020-06-10,sh601018,宁波港,3.42,-1.1561
2020-06-11,sh601018,宁波港,3.41,-0.2924
2020-06-12,sh601018,宁波港,3.4,-0.2933
2020-06-15,sh601018,宁波港,3.37,-0.8824
2020-06-16,sh601018,宁波港,3.4,0.8902
2020-06-17,sh601018,宁波港,3.4,0.0
2020-06-18,sh601018,宁波港,3.46,1.7647
2020-06-19,sh601018,宁波港,3.5,1.1561
2020-06-22,sh601018,宁波港,3.51,0.2857
2020-06-23,sh601018,宁波港,3.53,0.5698
2020-06-24,sh601018,宁波港,3.54,0.2833
2020-06-29,sh601018,宁波港,3.53,-0.2825
2020-06-30,sh601018,宁波港,3.57,1.1331
2020-07-01,sh601018,宁波港,3.59,0.5602
2020-07-02,sh601018,宁波港,3.67,2.2284
2020-07-03,sh601018,宁波港,3.73,1.6349
2020-07-06,sh601018,宁波港,3.97,6.4343
2020-07-07,sh601018,宁波港,4.01,1.0076
2020-07-08,sh601018,宁波港,3.98,-0.7481
2020-07-09,sh601018,宁波港,4.14,4.0201
2020-07-10,sh601018,宁波港,4.27,3.1401
2020-07-13,sh601018,宁波港,4.26,-0.2342
2020-07-14,sh601018,宁波港,4.11,-3.5211
2020-07-15,sh601018,宁波港,4.05,-1.4599
2020-07-16,sh601018,宁波港,3.84,-5.1852
2020-07-17,sh601018,宁波港,3.86,0.5208
2020-07-20,sh601018,宁波港,4.03,4.4041
2020-07-21,sh601018,宁波港,4.07,0.9926
2020-07-22,sh601018,宁波港,4.11,0.9828
2020-07-23,sh601018,宁波港,4.1,-0.2433
2020-07-24,sh601018,宁波港,3.99,-2.6829
2020-07-27,sh601018,宁波港,4.0,0.2506
2020-07-28,sh601018,宁波港,4.03,0.75
2020-07-29,sh601018,宁波港,4.06,0.7444
2020-07-30,sh601018,宁波港,4.17,2.7094
2020-07-31,sh601018,宁波港,4.17,0.0
2020-08-03,sh601018,宁波港,4.23,1.4388
2020-08-04,sh601018,宁波港,4.23,0.0
2020-08-05,sh601018,宁波港,4.12,-2.6005
2020-08-06,sh601018,宁波港,4.07,-1.2136
2020-08-07,sh601018,宁波港,4.04,-0.7371
2020-08-10,sh601018,宁波港,4.05,0.2475
2020-08-11,sh601018,宁波港,3.98,-1.7284
2020-08-12,sh601018,宁波港,3.94,-1.005
2020-08-13,sh601018,宁波港,3.98,1.0152
2020-08-14,sh601018,宁波港,3.99,0.2513
2020-08-17,sh601018,宁波港,4.03,1.0025
2020-08-18,sh601018,宁波港,4.0,-0.7444
2020-08-19,sh601018,宁波港,3.97,-0.75
2020-08-20,sh601018,宁波港,3.91,-1.5113
2020-08-21,sh601018,宁波港,3.92,0.2558
2020-08-24,sh601018,宁波港,3.92,0.0
2020-08-25,sh601018,宁波港,3.88,-1.0204
2020-08-26,sh601018,宁波港,3.79,-2.3196
2020-08-27,sh601018,宁波港,3.82,0.7916
2020-08-28,sh601018,宁波港,3.83,0.2618
2020-08-31,sh601018,宁波港,3.71,-3.1332
2020-09-01,sh601018,宁波港,3.77,1.6173
2020-09-02,sh601018,宁波港,3.81,1.061
2020-09-03,sh601018,宁波港,3.84,0.7874
2020-09-04,sh601018,宁波港,3.85,0.2604
2020-09-07,sh601018,宁波港,3.85,0.0
2020-09-08,sh601018,宁波港,3.91,1.5584
2020-09-09,sh601018,宁波港,3.94,0.7673
2020-09-10,sh601018,宁波港,3.9,-1.0152
2020-09-11,sh601018,宁波港,3.88,-0.5128
2020-09-14,sh601018,宁波港,3.95,1.8041
2020-09-15,sh601018,宁波港,3.93,-0.5063
2020-09-16,sh601018,宁波港,3.99,1.5267
2020-09-17,sh601018,宁波港,4.0,0.2506
2020-09-18,sh601018,宁波港,4.06,1.5
2020-09-21,sh601018,宁波港,4.08,0.4926
2020-09-22,sh601018,宁波港,4.0,-1.9608
2020-09-23,sh601018,宁波港,3.94,-1.5
2020-09-24,sh601018,宁波港,3.91,-0.7614
2020-09-25,sh601018,宁波港,3.8,-2.8133
2020-09-28,sh601018,宁波港,3.79,-0.2632
2020-09-29,sh601018,宁波港,3.81,0.5277
2020-09-30,sh601018,宁波港,3.73,-2.0997
2020-10-09,sh601018,宁波港,3.89,4.2895
2020-10-12,sh601018,宁波港,3.9,0.2571
2020-10-13,sh601018,宁波港,3.86,-1.0256
2020-10-14,sh601018,宁波港,3.8,-1.5544
2020-10-15,sh601018,宁波港,3.79,-0.2632
2020-10-16,sh601018,宁波港,3.8,0.2639
2020-10-19,sh601018,宁波港,3.77,-0.7895
2020-10-20,sh601018,宁波港,3.78,0.2653
2020-10-21,sh601018,宁波港,3.78,0.0
2020-10-22,sh601018,宁波港,3.75,-0.7937
2020-10-23,sh601018,宁波港,3.77,0.5333
2020-10-26,sh601018,宁波港,3.72,-1.3263
2020-10-27,sh601018,宁波港,3.7,-0.5376
2020-10-28,sh601018,宁波港,3.71,0.2703
2020-10-29,sh601018,宁波港,3.71,0.0
2020-10-30,sh601018,宁波港,3.64,-1.8868
2020-11-02,sh601018,宁波港,3.64,0.0
2020-11-03,sh601018,宁波港,3.68,1.0989
2020-11-04,sh601018,宁波港,3.68,0.0
2020-11-05,sh601018,宁波港,3.77,2.4457
2020-11-06,sh601018,宁波港,3.79,0.5305
2020-11-09,sh601018,宁波港,4.1,8.1794
2020-11-10,sh601018,宁波港,3.98,-2.9268
2020-11-11,sh601018,宁波港,3.9,-2.0101
2020-11-12,sh601018,宁波港,3.9,0.0
2020-11-13,sh601018,宁波港,3.84,-1.5385
2020-11-16,sh601018,宁波港,3.92,2.0833
2020-11-17,sh601018,宁波港,4.12,5.102
2020-11-18,sh601018,宁波港,4.04,-1.9417
2020-11-19,sh601018,宁波港,4.0,-0.9901
2020-11-20,sh601018,宁波港,4.07,1.75
2020-11-23,sh601018,宁波港,4.08,0.2457
2020-11-24,sh601018,宁波港,4.02,-1.4706
2020-11-25,sh601018,宁波港,3.98,-0.995
2020-11-26,sh601018,宁波港,3.98,0.0
2020-11-27,sh601018,宁波港,3.95,-0.7538
2020-11-30,sh601018,宁波港,3.96,0.2532
2020-12-01,sh601018,宁波港,3.97,0.2525
2020-12-02,sh601018,宁波港,4.01,1.0076
2020-12-03,sh601018,宁波港,3.95,-1.4963
2020-12-04,sh601018,宁波港,3.95,0.0
2020-12-07,sh601018,宁波港,3.91,-1.0127
2020-12-08,sh601018,宁波港,3.88,-0.7673
2020-12-09,sh601018,宁波港,3.81,-1.8041
2020-12-10,sh601018,宁波港,3.74,-1.8373
2020-12-11,sh601018,宁波港,3.76,0.5348
2020-12-14,sh601018,宁波港,3.71,-1.3298
2020-12-15,sh601018,宁波港,3.73,0.5391
2020-12-16,sh601018,宁波港,3.7,-0.8043
2020-12-17,sh601018,宁波港,3.8,2.7027
2020-12-18,sh601018,宁波港,3.77,-0.7895
2020-12-21,sh601018,宁波港,3.77,0.0
2020-12-22,sh601018,宁波港,3.69,-2.122
2020-12-23,sh601018,宁波港,3.69,0.0
2020-12-24,sh601018,宁波港,3.73,1.084
2020-12-25,sh601018,宁波港,3.79,1.6086
2020-12-28,sh601018,宁波港,3.78,-0.2639
2020-12-29,sh601018,宁波港,3.91,3.4392
2020-12-30,sh601018,宁波港,3.96,1.2788
2020-12-31,sh601018,宁波港,3.92,-1.0101
2021-01-04,sh601018,宁波港,3.95,0.7653
2021-01-05,sh601018,宁波港,4.35,10.1266
2021-01-06,sh601018,宁波港,4.17,-4.1379
2021-01-07,sh601018,宁波港,4.16,-0.2398
2021-01-08,sh601018,宁波港,4.03,-3.125
2021-01-11,sh601018,宁波港,3.96,-1.737
2021-01-12,sh601018,宁波港,3.99,0.7576
2021-01-13,sh601018,宁波港,4.11,3.0075
2021-01-14,sh601018,宁波港,4.12,0.2433
2021-01-15,sh601018,宁波港,4.11,-0.2427
2021-01-18,sh601018,宁波港,4.14,0.7299
2021-01-19,sh601018,宁波港,4.03,-2.657
2021-01-20,sh601018,宁波港,4.04,0.2481
2021-01-21,sh601018,宁波港,4.14,2.4752
2021-01-22,sh601018,宁波港,4.08,-1.4493
2021-01-25,sh601018,宁波港,3.94,-3.4314
2021-01-26,sh601018,宁波港,3.87,-1.7766
2021-01-27,sh601018,宁波港,3.87,0.0
2021-01-28,sh601018,宁波港,3.79,-2.0672
2021-01-29,sh601018,宁波港,3.82,0.7916
2021-02-01,sh601018,宁波港,3.82,0.0
2021-02-02,sh601018,宁波港,3.9,2.0942
2021-02-03,sh601018,宁波港,3.88,-0.5128
2021-02-04,sh601018,宁波港,3.81,-1.8041
2021-02-05,sh601018,宁波港,3.81,0.0
2021-02-08,sh601018,宁波港,3.86,1.3123
2021-02-09,sh601018,宁波港,3.9,1.0363
2021-02-10,sh601018,宁波港,3.92,0.5128
2021-02-18,sh601018,宁波港,4.06,3.5714
2021-02-19,sh601018,宁波港,4.13,1.7241
2021-02-22,sh601018,宁波港,4.09,-0.9685
2021-02-23,sh601018,宁波港,4.15,1.467
2021-02-24,sh601018,宁波港,4.12,-0.7229
2021-02-25,sh601018,宁波港,4.1,-0.4854
2021-02-26,sh601018,宁波港,4.01,-2.1951
2021-03-01,sh601018,宁波港,4.12,2.7431
2021-03-02,sh601018,宁波港,4.03,-2.1845
2021-03-03,sh601018,宁波港,4.14,2.7295
2021-03-04,sh601018,宁波港,4.14,0.0
2021-03-05,sh601018,宁波港,4.21,1.6908
2021-03-08,sh601018,宁波港,4.19,-0.4751
2021-03-09,sh601018,宁波港,4.4,5.0119
2021-03-10,sh601018,宁波港,4.16,-5.4545
2021-03-11,sh601018,宁波港,4.24,1.9231
2021-03-12,sh601018,宁波港,4.33,2.1226
2021-03-15,sh601018,宁波港,4.39,1.3857
2021-03-16,sh601018,宁波港,4.42,0.6834
2021-03-17,sh601018,宁波港,4.33,-2.0362
2021-03-18,sh601018,宁波港,4.27,-1.3857
2021-03-19,sh601018,宁波港,4.17,-2.3419
2021-03-22,sh601018,宁波港,4.24,1.6787
2021-03-23,sh601018,宁波港,4.18,-1.4151
2021-03-24,sh601018,宁波港,4.04,-3.3493
2021-03-25,sh601018,宁波港,4.06,0.495
2021-03-26,sh601018,宁波港,4.11,1.2315
2021-03-29,sh601018,宁波港,4.12,0.2433
2021-03-30,sh601018,宁波港,4.11,-0.2427
2021-03-31,sh601018,宁波港,4.17,1.4599
2021-04-01,sh601018,宁波港,4.13,-0.9592
2021-04-02,sh601018,宁波港,4.08,-1.2107
2021-04-06,sh601018,宁波港,4.1,0.4902
2021-04-07,sh601018,宁波港,4.22,2.9268
2021-04-08,sh601018,宁波港,4.13,-2.1327
2021-04-09,sh601018,宁波港,4.2,1.6949
2021-04-12,sh601018,宁波港,4.1,-2.381
2021-04-13,sh601018,宁波港,4.09,-0.2439
2021-04-14,sh601018,宁波港,4.14,1.2225
2021-04-15,sh601018,宁波港,4.1,-0.9662
2021-04-16,sh601018,宁波港,4.15,1.2195
2021-04-19,sh601018,宁波港,4.17,0.4819
2021-04-20,sh601018,宁波港,4.14,-0.7194
2021-04-21,sh601018,宁波港,4.08,-1.4493
2021-04-22,sh601018,宁波港,4.06,-0.4902
2021-04-23,sh601018,宁波港,3.98,-1.9704
2021-04-26,sh601018,宁波港,3.96,-0.5025
2021-04-27,sh601018,宁波港,3.95,-0.2525
2021-04-28,sh601018,宁波港,3.98,0.7595
2021-04-29,sh601018,宁波港,4.01,0.7538
2021-04-30,sh601018,宁波港,3.96,-1.2469
2021-05-06,sh601018,宁波港,4.03,1.7677
2021-05-07,sh601018,宁波港,4.05,0.4963
2021-05-10,sh601018,宁波港,4.07,0.4938
2021-05-11,sh601018,宁波港,4.07,0.0
2021-05-12,sh601018,宁波港,4.08,0.2457
2021-05-13,sh601018,宁波港,4.06,-0.4902
2021-05-14,sh601018,宁波港,4.08,0.4926
2021-05-17,sh601018,宁波港,4.08,0.0
2021-05-18,sh601018,宁波港,4.09,0.2451
2021-05-19,sh601018,宁波港,4.05,-0.978
2021-05-20,sh601018,宁波港,4.03,-0.4938
2021-05-21,sh601018,宁波港,4.05,0.4963
2021-05-24,sh601018,宁波港,4.09,0.9877
2021-05-25,sh601018,宁波港,4.13,0.978
2021-05-26,sh601018,宁波港,4.08,-1.2107
2021-05-27,sh601018,宁波港,4.08,0.0
2021-05-28,sh601018,宁波港,4.12,0.9804
2021-05-31,sh601018,宁波港,4.07,-1.2136
2021-06-01,sh601018,宁波港,4.1,0.7371
2021-06-02,sh601018,宁波港,4.1,0.0
2021-06-03,sh601018,宁波港,4.23,3.1707
2021-06-04,sh601018,宁波港,4.15,-1.8913
2021-06-07,sh601018,宁波港,4.12,-0.7229
2021-06-08,sh601018,宁波港,4.09,-0.7282
2021-06-09,sh601018,宁波港,4.08,-0.2445
2021-06-10,sh601018,宁波港,4.13,1.2255
2021-06-11,sh601018,宁波港,4.17,0.9685
2021-06-15,sh601018,宁波港,4.04,-3.1175
2021-06-16,sh601018,宁波港,4.01,-0.7426
2021-06-17,sh601018,宁波港,4.04,0.7481
2021-06-18,sh601018,宁波港,4.04,0.0
2021-06-21,sh601018,宁波港,3.98,-1.4851
2021-06-22,sh601018,宁波港,4.01,0.7538
2021-06-23,sh601018,宁波港,4.08,1.7456
2021-06-24,sh601018,宁波港,4.1,0.4902
2021-06-25,sh601018,宁波港,4.11,0.2439
2021-06-28,sh601018,宁波港,4.07,-0.9732
2021-06-29,sh601018,宁波港,4.02,-1.2285
2021-06-30,sh601018,宁波港,3.95,-1.7413
2021-07-01,sh601018,宁波港,3.93,-0.5063
2021-07-02,sh601018,宁波港,3.91,-0.5089
2021-07-05,sh601018,宁波港,3.94,0.7673
2021-07-06,sh601018,宁波港,4.02,2.0305
2021-07-07,sh601018,宁波港,4.02,0.0
2021-07-08,sh601018,宁波港,3.99,-0.7463
2021-07-09,sh601018,宁波港,3.97,-0.5013
2021-07-12,sh601018,宁波港,3.96,-0.2519
2021-07-13,sh601018,宁波港,3.97,0.2525
2021-07-14,sh601018,宁波港,3.99,0.5038
2021-07-15,sh601018,宁波港,3.95,-1.0025
2021-07-16,sh601018,宁波港,3.93,-0.5063
2021-07-19,sh601018,宁波港,3.92,-0.2545
2021-07-20,sh601018,宁波港,3.86,-1.5306
2021-07-21,sh601018,宁波港,3.84,-0.5181
2021-07-22,sh601018,宁波港,3.87,0.7812
2021-07-23,sh601018,宁波港,3.86,-0.2584
2021-07-26,sh601018,宁波港,3.8,-1.5544
2021-07-27,sh601018,宁波港,3.75,-1.3158
2021-07-28,sh601018,宁波港,3.69,-1.6
2021-07-29,sh601018,宁波港,3.72,0.813
2021-07-30,sh601018,宁波港,3.7,-0.5376
2021-08-02,sh601018,宁波港,3.72,0.5405
2021-08-03,sh601018,宁波港,3.75,0.8065
2021-08-04,sh601018,宁波港,3.73,-0.5333
2021-08-05,sh601018,宁波港,3.74,0.2681
2021-08-06,sh601018,宁波港,3.71,-0.8021
2021-08-09,sh601018,宁波港,3.74,0.8086
2021-08-10,sh601018,宁波港,3.73,-0.2674
2021-08-11,sh601018,宁波港,3.73,0.0
2021-08-12,sh601018,宁波港,3.72,-0.2681
2021-08-13,sh601018,宁波港,3.71,-0.2688
2021-08-16,sh601018,宁波港,3.72,0.2695
2021-08-17,sh601018,宁波港,3.68,-1.0753
2021-08-18,sh601018,宁波港,3.7,0.5435
2021-08-19,sh601018,宁波港,3.67,-0.8108
2021-08-20,sh601018,宁波港,3.67,0.0
2021-08-23,sh601018,宁波港,3.7,0.8174
2021-08-24,sh601018,宁波港,3.7,0.0
2021-08-25,sh601018,宁波港,3.74,1.0811
2021-08-26,sh601018,宁波港,3.81,1.8717
2021-08-27,sh601018,宁波港,3.82,0.2625
2021-08-30,sh601018,宁波港,3.81,-0.2618
2021-08-31,sh601018,宁波港,3.81,0.0
2021-09-01,sh601018,宁波港,3.89,2.0997
2021-09-02,sh601018,宁波港,3.94,1.2853
2021-09-03,sh601018,宁波港,3.92,-0.5076
2021-09-06,sh601018,宁波港,3.93,0.2551
2021-09-07,sh601018,宁波港,4.0,1.7812
2021-09-08,sh601018,宁波港,4.09,2.25
2021-09-09,sh601018,宁波港,4.21,2.934
2021-09-10,sh601018,宁波港,4.15,-1.4252
2021-09-13,sh601018,宁波港,4.23,1.9277
2021-09-14,sh601018,宁波港,4.16,-1.6548
2021-09-15,sh601018,宁波港,4.13,-0.7212
2021-09-16,sh601018,宁波港,4.09,-0.9685
2021-09-17,sh601018,宁波港,4.09,0.0
2021-09-22,sh601018,宁波港,4.16,1.7115
2021-09-23,sh601018,宁波港,4.21,1.2019
2021-09-24,sh601018,宁波港,4.12,-2.1378
2021-09-27,sh601018,宁波港,4.03,-2.1845
2021-09-28,sh601018,宁波港,4.04,0.2481
2021-09-29,sh601018,宁波港,3.95,-2.2277
2021-09-30,sh601018,宁波港,3.95,0.0
2021-10-08,sh601018,宁波港,4.02,1.7722
2021-10-11,sh601018,宁波港,4.01,-0.2488
2021-10-12,sh601018,宁波港,3.91,-2.4938
2021-10-13,sh601018,宁波港,3.85,-1.5345
2021-10-14,sh601018,宁波港,3.83,-0.5195
2021-10-15,sh601018,宁波港,3.77,-1.5666
2021-10-18,sh601018,宁波港,3.83,1.5915
2021-10-19,sh601018,宁波港,3.84,0.2611
2021-10-20,sh601018,宁波港,3.8,-1.0417
2021-10-21,sh601018,宁波港,3.78,-0.5263
2021-10-22,sh601018,宁波港,3.78,0.0
2021-10-25,sh601018,宁波港,3.75,-0.7937
2021-10-26,sh601018,宁波港,3.75,0.0
2021-10-27,sh601018,宁波港,3.73,-0.5333
2021-10-28,sh601018,宁波港,3.7,-0.8043
2021-10-29,sh601018,宁波港,3.75,1.3514
2021-11-01,sh601018,宁波港,3.74,-0.2667
2021-11-02,sh601018,宁波港,3.71,-0.8021
2021-11-03,sh601018,宁波港,3.71,0.0
2021-11-04,sh601018,宁波港,3.73,0.5391
2021-11-05,sh601018,宁波港,3.7,-0.8043
2021-11-08,sh601018,宁波港,3.72,0.5405
2021-11-09,sh601018,宁波港,3.7,-0.5376
2021-11-10,sh601018,宁波港,3.69,-0.2703
2021-11-11,sh601018,宁波港,3.74,1.355
2021-11-12,sh601018,宁波港,3.72,-0.5348
2021-11-15,sh601018,宁波港,3.74,0.5376
2021-11-16,sh601018,宁波港,3.76,0.5348
2021-11-17,sh601018,宁波港,3.77,0.266
2021-11-18,sh601018,宁波港,3.76,-0.2653
2021-11-19,sh601018,宁波港,3.77,0.266
2021-11-22,sh601018,宁波港,3.77,0.0
2021-11-23,sh601018,宁波港,3.79,0.5305
2021-11-24,sh601018,宁波港,3.77,-0.5277
2021-11-25,sh601018,宁波港,3.76,-0.2653
2021-11-26,sh601018,宁波港,3.72,-1.0638
2021-11-29,sh601018,宁波港,3.69,-0.8065
2021-11-30,sh601018,宁波港,3.7,0.271
2021-12-01,sh601018,宁波港,3.73,0.8108
2021-12-02,sh601018,宁波港,3.8,1.8767
2021-12-03,sh601018,宁波港,4.18,10.0
2021-12-06,sh601018,宁波港,4.21,0.7177
2021-12-07,sh601018,宁波港,4.05,-3.8005
2021-12-08,sh601018,宁波港,4.17,2.963
2021-12-09,sh601018,宁波港,4.11,-1.4388
2021-12-10,sh601018,宁波港,4.03,-1.9465
2021-12-13,sh601018,宁波港,4.02,-0.2481
2021-12-14,sh601018,宁波港,3.94,-1.99
2021-12-15,sh601018,宁波港,3.97,0.7614
2021-12-16,sh601018,宁波港,4.0,0.7557
2021-12-17,sh601018,宁波港,4.0,0.0
2021-12-20,sh601018,宁波港,3.99,-0.25
2021-12-21,sh601018,宁波港,4.06,1.7544
2021-12-22,sh601018,宁波港,4.0,-1.4778
2021-12-23,sh601018,宁波港,3.95,-1.25
2021-12-24,sh601018,宁波港,3.93,-0.5063
2021-12-27,sh601018,宁波港,3.94,0.2545
2021-12-28,sh601018,宁波港,3.95,0.2538
2021-12-29,sh601018,宁波港,3.97,0.5063
2021-12-30,sh601018,宁波港,3.98,0.2519
2021-12-31,sh601018,宁波港,3.97,-0.2513
2022-01-04,sh601018,宁波港,4.04,1.7632
2022-01-05,sh601018,宁波港,4.18,3.4653
2022-01-06,sh601018,宁波港,4.22,0.9569
2022-01-07,sh601018,宁波港,4.21,-0.237
2022-01-10,sh601018,宁波港,4.2,-0.2375
2022-01-11,sh601018,宁波港,4.2,0.0
2022-01-12,sh601018,宁波港,4.15,-1.1905
2022-01-13,sh601018,宁波港,4.14,-0.241
2022-01-14,sh601018,宁波港,4.07,-1.6908
2022-01-17,sh601018,宁波港,4.06,-0.2457
2022-01-18,sh601018,宁波港,4.09,0.7389
2022-01-19,sh601018,宁波港,4.08,-0.2445
2022-01-20,sh601018,宁波港,4.07,-0.2451
2022-01-21,sh601018,宁波港,4.02,-1.2285
2022-01-24,sh601018,宁波港,4.04,0.4975
2022-01-25,sh601018,宁波港,3.93,-2.7228
2022-01-26,sh601018,宁波港,3.96,0.7634
2022-01-27,sh601018,宁波港,3.92,-1.0101
2022-01-28,sh601018,宁波港,3.95,0.7653
2022-02-07,sh601018,宁波港,4.05,2.5316
2022-02-08,sh601018,宁波港,4.15,2.4691
2022-02-09,sh601018,宁波港,4.14,-0.241
2022-02-10,sh601018,宁波港,4.18,0.9662
2022-02-11,sh601018,宁波港,4.14,-0.9569
2022-02-14,sh601018,宁波港,4.07,-1.6908
2022-02-15,sh601018,宁波港,4.04,-0.7371
2022-02-16,sh601018,宁波港,4.1,1.4851
2022-02-17,sh601018,宁波港,4.07,-0.7317
2022-02-18,sh601018,宁波港,4.13,1.4742
2022-02-21,sh601018,宁波港,4.13,0.0
2022-02-22,sh601018,宁波港,4.06,-1.6949
2022-02-23,sh601018,宁波港,4.05,-0.2463
2022-02-24,sh601018,宁波港,3.96,-2.2222
2022-02-25,sh601018,宁波港,4.04,2.0202
2022-02-28,sh601018,宁波港,4.19,3.7129
2022-03-01,sh601018,宁波港,4.15,-0.9547
2022-03-02,sh601018,宁波港,4.24,2.1687
2022-03-03,sh601018,宁波港,4.54,7.0755
2022-03-04,sh601018,宁波港,4.3,-5.2863
2022-03-07,sh601018,宁波港,4.16,-3.2558
2022-03-08,sh601018,宁波港,4.02,-3.3654
2022-03-09,sh601018,宁波港,4.01,-0.2488
2022-03-10,sh601018,宁波港,4.01,0.0
2022-03-11,sh601018,宁波港,4.06,1.2469
2022-03-14,sh601018,宁波港,3.97,-2.2167
2022-03-15,sh601018,宁波港,3.75,-5.5416
2022-03-16,sh601018,宁波港,3.85,2.6667
2022-03-17,sh601018,宁波港,3.86,0.2597
2022-03-18,sh601018,宁波港,3.93,1.8135
2022-03-21,sh601018,宁波港,3.92,-0.2545
2022-03-22,sh601018,宁波港,3.94,0.5102
2022-03-23,sh601018,宁波港,3.92,-0.5076
2022-03-24,sh601018,宁波港,3.89,-0.7653
2022-03-25,sh601018,宁波港,3.87,-0.5141
2022-03-28,sh601018,宁波港,3.89,0.5168
2022-03-29,sh601018,宁波港,3.9,0.2571
2022-03-30,sh601018,宁波港,3.92,0.5128
2022-03-31,sh601018,宁波港,3.93,0.2551
2022-04-01,sh601018,宁波港,4.12,4.8346
2022-04-06,sh601018,宁波港,4.16,0.9709
2022-04-07,sh601018,宁波港,4.1,-1.4423
2022-04-08,sh601018,宁波港,4.14,0.9756
2022-04-11,sh601018,宁波港,4.1,-0.9662
2022-04-12,sh601018,宁波港,4.29,4.6341
2022-04-13,sh601018,宁波港,4.17,-2.7972
2022-04-14,sh601018,宁波港,4.18,0.2398
2022-04-15,sh601018,宁波港,4.08,-2.3923
2022-04-18,sh601018,宁波港,4.06,-0.4902
2022-04-19,sh601018,宁波港,4.13,1.7241
2022-04-20,sh601018,宁波港,4.07,-1.4528
2022-04-21,sh601018,宁波港,3.94,-3.1941
2022-04-22,sh601018,宁波港,4.01,1.7766
2022-04-25,sh601018,宁波港,3.83,-4.4888
2022-04-26,sh601018,宁波港,3.78,-1.3055
2022-04-27,sh601018,宁波港,3.88,2.6455
2022-04-28,sh601018,宁波港,3.86,-0.5155
2022-04-29,sh601018,宁波港,3.91,1.2953
2022-05-05,sh601018,宁波港,3.93,0.5115
2022-05-06,sh601018,宁波港,3.83,-2.5445
2022-05-09,sh601018,宁波港,3.84,0.2611
2022-05-10,sh601018,宁波港,3.88,1.0417
2022-05-11,sh601018,宁波港,3.89,0.2577
2022-05-12,sh601018,宁波港,3.9,0.2571
2022-05-13,sh601018,宁波港,3.98,2.0513
2022-05-16,sh601018,宁波港,3.99,0.2513
2022-05-17,sh601018,宁波港,3.95,-1.0025
2022-05-18,sh601018,宁波港,3.91,-1.0127
2022-05-19,sh601018,宁波港,3.82,-2.3018
2022-05-20,sh601018,宁波港,3.86,1.0471
2022-05-23,sh601018,宁波港,3.87,0.2591
2022-05-24,sh601018,宁波港,3.77,-2.584
2022-05-25,sh601018,宁波港,3.94,4.5093
2022-05-26,sh601018,宁波港,3.93,-0.2538
2022-05-27,sh601018,宁波港,3.95,0.5089
2022-05-30,sh601018,宁波港,3.93,-0.5063
2022-05-31,sh601018,宁波港,4.03,2.5445
2022-06-01,sh601018,宁波港,4.1,1.737
2022-06-02,sh601018,宁波港,4.03,-1.7073
2022-06-06,sh601018,宁波港,3.99,-0.9926
2022-06-07,sh601018,宁波港,4.09,2.5063
2022-06-08,sh601018,宁波港,4.03,-1.467
2022-06-09,sh601018,宁波港,3.99,-0.9926
2022-06-10,sh601018,宁波港,4.02,0.7519
2022-06-13,sh601018,宁波港,3.99,-0.7463
2022-06-14,sh601018,宁波港,4.01,0.5013
2022-06-15,sh601018,宁波港,4.02,0.2494
2022-06-16,sh601018,宁波港,3.99,-0.7463
2022-06-17,sh601018,宁波港,3.96,-0.7519
2022-06-20,sh601018,宁波港,3.99,0.7576
2022-06-21,sh601018,宁波港,3.96,-0.7519
2022-06-22,sh601018,宁波港,3.94,-0.5051
2022-06-23,sh601018,宁波港,3.95,0.2538
2022-06-24,sh601018,宁波港,3.95,0.0
2022-06-27,sh601018,宁波港,3.95,0.0
2022-06-28,sh601018,宁波港,3.97,0.5063
2022-06-29,sh601018,宁波港,3.9,-1.7632
2022-06-30,sh601018,宁波港,3.9,0.0
2022-07-01,sh601018,宁波港,3.89,-0.2564
2022-07-04,sh601018,宁波港,3.92,0.7712
2022-07-05,sh601018,宁波港,3.96,1.0204
2022-07-06,sh601018,宁波港,3.9,-1.5152
2022-07-07,sh601018,宁波港,3.88,-0.5128
2022-07-08,sh601018,宁波港,3.91,0.7732
2022-07-11,sh601018,宁波港,3.9,-0.2558
2022-07-12,sh601018,宁波港,3.91,0.2564
2022-07-13,sh601018,宁波港,3.95,1.023
2022-07-14,sh601018,宁波港,3.95,0.0
2022-07-15,sh601018,宁波港,3.87,-2.0253
2022-07-18,sh601018,宁波港,3.94,1.8088
2022-07-19,sh601018,宁波港,3.94,0.0
2022-07-20,sh601018,宁波港,3.96,0.5076
2022-07-21,sh601018,宁波港,3.93,-0.7576
2022-07-22,sh601018,宁波港,3.96,0.7634
2022-07-25,sh601018,宁波港,3.98,0.5051
2022-07-26,sh601018,宁波港,3.99,0.2513
2022-07-27,sh601018,宁波港,3.95,-1.0025
2022-07-28,sh601018,宁波港,3.95,0.0
2022-07-29,sh601018,宁波港,3.91,-1.0127
2022-08-01,sh601018,宁波港,3.9,-0.2558
2022-08-02,sh601018,宁波港,3.8,-2.5641
2022-08-03,sh601018,宁波港,3.77,-0.7895
2022-08-04,sh601018,宁波港,3.78,0.2653
2022-08-05,sh601018,宁波港,3.81,0.7937
2022-08-08,sh601018,宁波港,3.8,-0.2625
2022-08-09,sh601018,宁波港,3.79,-0.2632
2022-08-10,sh601018,宁波港,3.78,-0.2639
2022-08-11,sh601018,宁波港,3.82,1.0582
2022-08-12,sh601018,宁波港,3.83,0.2618
2022-08-15,sh601018,宁波港,3.82,-0.2611
2022-08-16,sh601018,宁波港,3.84,0.5236
2022-08-17,sh601018,宁波港,3.84,0.0
2022-08-18,sh601018,宁波港,3.81,-0.7812
2022-08-19,sh601018,宁波港,3.81,0.0
2022-08-22,sh601018,宁波港,3.83,0.5249
2022-08-23,sh601018,宁波港,3.85,0.5222
2022-08-24,sh601018,宁波港,3.84,-0.2597
2022-08-25,sh601018,宁波港,3.94,2.6042
2022-08-26,sh601018,宁波港,3.92,-0.5076
2022-08-29,sh601018,宁波港,3.9,-0.5102
2022-08-30,sh601018,宁波港,3.93,0.7692
2022-08-31,sh601018,宁波港,3.91,-0.5089
2022-09-01,sh601018,宁波港,3.87,-1.023
2022-09-02,sh601018,宁波港,3.89,0.5168
2022-09-05,sh601018,宁波港,3.93,1.0283
2022-09-06,sh601018,宁波港,3.94,0.2545
2022-09-07,sh601018,宁波港,3.93,-0.2538
2022-09-08,sh601018,宁波港,3.94,0.2545
2022-09-09,sh601018,宁波港,3.93,-0.2538
2022-09-13,sh601018,宁波港,3.92,-0.2545
2022-09-14,sh601018,宁波港,3.92,0.0
2022-09-15,sh601018,宁波港,3.91,-0.2551
2022-09-16,sh601018,宁波港,3.79,-3.0691
2022-09-19,sh601018,宁波港,3.78,-0.2639
2022-09-20,sh601018,宁波港,3.78,0.0
2022-09-21,sh601018,宁波港,3.83,1.3228
2022-09-22,sh601018,宁波港,3.81,-0.5222
2022-09-23,sh601018,宁波港,3.8,-0.2625
2022-09-26,sh601018,宁波港,3.71,-2.3684
2022-09-27,sh601018,宁波港,3.73,0.5391
2022-09-28,sh601018,宁波港,3.7,-0.8043
2022-09-29,sh601018,宁波港,3.65,-1.3514
2022-09-30,sh601018,宁波港,3.63,-0.5479
2022-10-10,sh601018,宁波港,3.62,-0.2755
2022-10-11,sh601018,宁波港,3.58,-1.105
2022-10-12,sh601018,宁波港,3.6,0.5587
2022-10-13,sh601018,宁波港,3.59,-0.2778
2022-10-14,sh601018,宁波港,3.62,0.8357
2022-10-17,sh601018,宁波港,3.64,0.5525
2022-10-18,sh601018,宁波港,3.63,-0.2747
2022-10-19,sh601018,宁波港,3.69,1.6529
2022-10-20,sh601018,宁波港,3.61,-2.168
2022-10-21,sh601018,宁波港,3.62,0.277
2022-10-24,sh601018,宁波港,3.56,-1.6575
2022-10-25,sh601018,宁波港,3.55,-0.2809
2022-10-26,sh601018,宁波港,3.56,0.2817
2022-10-27,sh601018,宁波港,3.57,0.2809
2022-10-28,sh601018,宁波港,3.5,-1.9608
2022-10-31,sh601018,宁波港,3.47,-0.8571
2022-11-01,sh601018,宁波港,3.51,1.1527
2022-11-02,sh601018,宁波港,3.52,0.2849
2022-11-03,sh601018,宁波港,3.51,-0.2841
2022-11-04,sh601018,宁波港,3.56,1.4245
2022-11-07,sh601018,宁波港,3.57,0.2809
2022-11-08,sh601018,宁波港,3.56,-0.2801
2022-11-09,sh601018,宁波港,3.56,0.0
2022-11-10,sh601018,宁波港,3.56,0.0
2022-11-11,sh601018,宁波港,3.6,1.1236
2022-11-14,sh601018,宁波港,3.6,0.0
2022-11-15,sh601018,宁波港,3.62,0.5556
2022-11-16,sh601018,宁波港,3.61,-0.2762
2022-11-17,sh601018,宁波港,3.62,0.277
2022-11-18,sh601018,宁波港,3.57,-1.3812
2022-11-21,sh601018,宁波港,3.54,-0.8403
2022-11-22,sh601018,宁波港,3.6,1.6949
2022-11-23,sh601018,宁波港,3.63,0.8333
2022-11-24,sh601018,宁波港,3.62,-0.2755
2022-11-25,sh601018,宁波港,3.65,0.8287
2022-11-28,sh601018,宁波港,3.65,0.0
2022-11-29,sh601018,宁波港,3.69,1.0959
2022-11-30,sh601018,宁波港,3.7,0.271
2022-12-01,sh601018,宁波港,3.68,-0.5405
2022-12-02,sh601018,宁波港,3.65,-0.8152
2022-12-05,sh601018,宁波港,3.75,2.7397
2022-12-06,sh601018,宁波港,3.75,0.0
2022-12-07,sh601018,宁波港,3.72,-0.8
2022-12-08,sh601018,宁波港,3.77,1.3441
2022-12-09,sh601018,宁波港,3.69,-2.122
2022-12-12,sh601018,宁波港,3.66,-0.813
2022-12-13,sh601018,宁波港,3.72,1.6393
2022-12-14,sh601018,宁波港,3.67,-1.3441
2022-12-15,sh601018,宁波港,3.64,-0.8174
2022-12-16,sh601018,宁波港,3.67,0.8242
2022-12-19,sh601018,宁波港,3.6,-1.9074
2022-12-20,sh601018,宁波港,3.57,-0.8333
2022-12-21,sh601018,宁波港,3.57,0.0
2022-12-22,sh601018,宁波港,3.5,-1.9608
2022-12-23,sh601018,宁波港,3.49,-0.2857
2022-12-26,sh601018,宁波港,3.5,0.2865
2022-12-27,sh601018,宁波港,3.59,2.5714
2022-12-28,sh601018,宁波港,3.56,-0.8357
2022-12-29,sh601018,宁波港,3.53,-0.8427
2022-12-30,sh601018,宁波港,3.58,1.4164
2023-01-03,sh601018,宁波港,3.57,-0.2793
2023-01-04,sh601018,宁波港,3.59,0.5602
2023-01-05,sh601018,宁波港,3.58,-0.2786
2023-01-06,sh601018,宁波港,3.56,-0.5587
2023-01-09,sh601018,宁波港,3.56,0.0
2023-01-10,sh601018,宁波港,3.54,-0.5618
2023-01-11,sh601018,宁波港,3.53,-0.2825
2023-01-12,sh601018,宁波港,3.52,-0.2833
2023-01-13,sh601018,宁波港,3.55,0.8523
2023-01-16,sh601018,宁波港,3.57,0.5634
2023-01-17,sh601018,宁波港,3.57,0.0
2023-01-18,sh601018,宁波港,3.58,0.2801
2023-01-19,sh601018,宁波港,3.6,0.5587
2023-01-20,sh601018,宁波港,3.64,1.1111
2023-01-30,sh601018,宁波港,3.64,0.0
2023-01-31,sh601018,宁波港,3.67,0.8242
2023-02-01,sh601018,宁波港,3.68,0.2725
2023-02-02,sh601018,宁波港,3.67,-0.2717
2023-02-03,sh601018,宁波港,3.65,-0.545
2023-02-06,sh601018,宁波港,3.66,0.274
2023-02-07,sh601018,宁波港,3.65,-0.2732
2023-02-08,sh601018,宁波港,3.63,-0.5479
2023-02-09,sh601018,宁波港,3.65,0.551
2023-02-10,sh601018,宁波港,3.65,0.0
2023-02-13,sh601018,宁波港,3.66,0.274
2023-02-14,sh601018,宁波港,3.66,0.0
2023-02-15,sh601018,宁波港,3.64,-0.5464
2023-02-16,sh601018,宁波港,3.62,-0.5495
2023-02-17,sh601018,宁波港,3.61,-0.2762
2023-02-20,sh601018,宁波港,3.65,1.108
2023-02-21,sh601018,宁波港,3.67,0.5479
2023-02-22,sh601018,宁波港,3.65,-0.545
2023-02-23,sh601018,宁波港,3.66,0.274
2023-02-24,sh601018,宁波港,3.64,-0.5464
2023-02-27,sh601018,宁波港,3.63,-0.2747
2023-02-28,sh601018,宁波港,3.64,0.2755
2023-03-01,sh601018,宁波港,3.64,0.0
2023-03-02,sh601018,宁波港,3.68,1.0989
2023-03-03,sh601018,宁波港,3.71,0.8152
2023-03-06,sh601018,宁波港,3.69,-0.5391
2023-03-07,sh601018,宁波港,3.66,-0.813
2023-03-08,sh601018,宁波港,3.68,0.5464
2023-03-09,sh601018,宁波港,3.67,-0.2717
2023-03-10,sh601018,宁波港,3.61,-1.6349
2023-03-13,sh601018,宁波港,3.64,0.831
2023-03-14,sh601018,宁波港,3.62,-0.5495
2023-03-15,sh601018,宁波港,3.7,2.2099
2023-03-16,sh601018,宁波港,3.7,0.0
2023-03-17,sh601018,宁波港,3.72,0.5405
2023-03-20,sh601018,宁波港,3.69,-0.8065
2023-03-21,sh601018,宁波港,3.67,-0.542
2023-03-22,sh601018,宁波港,3.66,-0.2725
2023-03-23,sh601018,宁波港,3.66,0.0
2023-03-24,sh601018,宁波港,3.65,-0.2732
2023-03-27,sh601018,宁波港,3.63,-0.5479
2023-03-28,sh601018,宁波港,3.62,-0.2755
2023-03-29,sh601018,宁波港,3.61,-0.2762
2023-03-30,sh601018,宁波港,3.61,0.0
2023-03-31,sh601018,宁波港,3.62,0.277
2023-04-03,sh601018,宁波港,3.65,0.8287
2023-04-04,sh601018,宁波港,3.69,1.0959
2023-04-06,sh601018,宁波港,3.69,0.0
2023-04-07,sh601018,宁波港,3.69,0.0
2023-04-10,sh601018,宁波港,3.68,-0.271
2023-04-11,sh601018,宁波港,3.68,0.0
2023-04-12,sh601018,宁波港,3.71,0.8152
2023-04-13,sh601018,宁波港,3.73,0.5391
2023-04-14,sh601018,宁波港,3.73,0.0
2023-04-17,sh601018,宁波港,3.73,0.0
2023-04-18,sh601018,宁波港,3.78,1.3405
2023-04-19,sh601018,宁波港,3.82,1.0582
2023-04-20,sh601018,宁波港,3.8,-0.5236
2023-04-21,sh601018,宁波港,3.79,-0.2632
2023-04-24,sh601018,宁波港,3.78,-0.2639
2023-04-25,sh601018,宁波港,3.78,0.0
2023-04-26,sh601018,宁波港,3.77,-0.2646
2023-04-27,sh601018,宁波港,3.77,0.0
2023-04-28,sh601018,宁波港,3.79,0.5305
2023-05-04,sh601018,宁波港,3.8,0.2639
2023-05-05,sh601018,宁波港,3.87,1.8421
2023-05-08,sh601018,宁波港,3.87,0.0
2023-05-09,sh601018,宁波港,3.83,-1.0336
2023-05-10,sh601018,宁波港,3.73,-2.611
2023-05-11,sh601018,宁波港,3.76,0.8043
2023-05-12,sh601018,宁波港,3.71,-1.3298
2023-05-15,sh601018,宁波港,3.7,-0.2695
2023-05-16,sh601018,宁波港,3.64,-1.6216
2023-05-17,sh601018,宁波港,3.66,0.5495
2023-05-18,sh601018,宁波港,3.65,-0.2732
2023-05-19,sh601018,宁波港,3.59,-1.6438
2023-05-22,sh601018,宁波港,3.59,0.0
2023-05-23,sh601018,宁波港,3.55,-1.1142
2023-05-24,sh601018,宁波港,3.55,0.0
2023-05-25,sh601018,宁波港,3.55,0.0
2023-05-26,sh601018,宁波港,3.58,0.8451
2023-05-29,sh601018,宁波港,3.58,0.0
2023-05-30,sh601018,宁波港,3.56,-0.5587
2023-05-31,sh601018,宁波港,3.53,-0.8427
2023-06-01,sh601018,宁波港,3.46,-1.983
2023-06-02,sh601018,宁波港,3.48,0.578
2023-06-05,sh601018,宁波港,3.48,0.0
2023-06-06,sh601018,宁波港,3.45,-0.8621
2023-06-07,sh601018,宁波港,3.46,0.2899
2023-06-08,sh601018,宁波港,3.49,0.8671
2023-06-09,sh601018,宁波港,3.5,0.2865
2023-06-12,sh601018,宁波港,3.47,-0.8571
2023-06-13,sh601018,宁波港,3.45,-0.5764
2023-06-14,sh601018,宁波港,3.44,-0.2899
2023-06-15,sh601018,宁波港,3.44,0.0
2023-06-16,sh601018,宁波港,3.45,0.2907
2023-06-19,sh601018,宁波港,3.42,-0.8696
2023-06-20,sh601018,宁波港,3.4,-0.5848
2023-06-21,sh601018,宁波港,3.39,-0.2941
2023-06-26,sh601018,宁波港,3.33,-1.7699
2023-06-27,sh601018,宁波港,3.37,1.2012
2023-06-28,sh601018,宁波港,3.39,0.5935
2023-06-29,sh601018,宁波港,3.36,-0.885
2023-06-30,sh601018,宁波港,3.39,0.8929
2023-07-03,sh601018,宁波港,3.43,1.1799
2023-07-04,sh601018,宁波港,3.41,-0.5831
2023-07-05,sh601018,宁波港,3.41,0.0
2023-07-06,sh601018,宁波港,3.4,-0.2933
2023-07-07,sh601018,宁波港,3.43,0.8824
2023-07-10,sh601018,宁波港,3.44,0.2915
2023-07-11,sh601018,宁波港,3.44,0.0
2023-07-12,sh601018,宁波港,3.41,-0.8721
2023-07-13,sh601018,宁波港,3.45,1.173
2023-07-14,sh601018,宁波港,3.43,-0.5797
2023-07-17,sh601018,宁波港,3.44,0.2915
2023-07-18,sh601018,宁波港,3.45,0.2907
2023-07-19,sh601018,宁波港,3.45,0.0
2023-07-20,sh601018,宁波港,3.43,-0.5797
2023-07-21,sh601018,宁波港,3.46,0.8746
2023-07-24,sh601018,宁波港,3.47,0.289
2023-07-25,sh601018,宁波港,3.49,0.5764
2023-07-26,sh601018,宁波港,3.49,0.0
2023-07-27,sh601018,宁波港,3.49,0.0
2023-07-28,sh601018,宁波港,3.53,1.1461
2023-07-31,sh601018,宁波港,3.56,0.8499
2023-08-01,sh601018,宁波港,3.57,0.2809
2023-08-02,sh601018,宁波港,3.54,-0.8403
2023-08-03,sh601018,宁波港,3.56,0.565
2023-08-04,sh601018,宁波港,3.54,-0.5618
2023-08-07,sh601018,宁波港,3.49,-1.4124
2023-08-08,sh601018,宁波港,3.48,-0.2865
2023-08-09,sh601018,宁波港,3.46,-0.5747
2023-08-10,sh601018,宁波港,3.5,1.1561
2023-08-11,sh601018,宁波港,3.45,-1.4286
2023-08-14,sh601018,宁波港,3.44,-0.2899
2023-08-15,sh601018,宁波港,3.49,1.4535
2023-08-16,sh601018,宁波港,3.45,-1.1461
2023-08-17,sh601018,宁波港,3.44,-0.2899
2023-08-18,sh601018,宁波港,3.46,0.5814
2023-08-21,sh601018,宁波港,3.43,-0.8671
2023-08-22,sh601018,宁波港,3.42,-0.2915
2023-08-23,sh601018,宁波港,3.39,-0.8772
2023-08-24,sh601018,宁波港,3.38,-0.295
2023-08-25,sh601018,宁波港,3.4,0.5917
2023-08-28,sh601018,宁波港,3.45,1.4706
2023-08-29,sh601018,宁波港,3.43,-0.5797
2023-08-30,sh601018,宁波港,3.4,-0.8746
2023-08-31,sh601018,宁波港,3.38,-0.5882
2023-09-01,sh601018,宁波港,3.42,1.1834
2023-09-04,sh601018,宁波港,3.45,0.8772
2023-09-05,sh601018,宁波港,3.44,-0.2899
2023-09-06,sh601018,宁波港,3.41,-0.8721
2023-09-07,sh601018,宁波港,3.4,-0.2933
2023-09-08,sh601018,宁波港,3.38,-0.5882
2023-09-11,sh601018,宁波港,3.39,0.2959
2023-09-12,sh601018,宁波港,3.39,0.0
2023-09-13,sh601018,宁波港,3.39,0.0
2023-09-14,sh601018,宁波港,3.43,1.1799
2023-09-15,sh601018,宁波港,3.45,0.5831
2023-09-18,sh601018,宁波港,3.45,0.0
2023-09-19,sh601018,宁波港,3.48,0.8696
2023-09-20,sh601018,宁波港,3.5,0.5747
2023-09-21,sh601018,宁波港,3.48,-0.5714
2023-09-22,sh601018,宁波港,3.47,-0.2874
2023-09-25,sh601018,宁波港,3.48,0.2882
2023-09-26,sh601018,宁波港,3.48,0.0
2023-09-27,sh601018,宁波港,3.45,-0.8621
2023-09-28,sh601018,宁波港,3.45,0.0
2023-10-09,sh601018,宁波港,3.45,0.0
2023-10-10,sh601018,宁波港,3.4,-1.4493
2023-10-11,sh601018,宁波港,3.41,0.2941
2023-10-12,sh601018,宁波港,3.43,0.5865
2023-10-13,sh601018,宁波港,3.4,-0.8746
2023-10-16,sh601018,宁波港,3.41,0.2941
2023-10-17,sh601018,宁波港,3.41,0.0
2023-10-18,sh601018,宁波港,3.37,-1.173
2023-10-19,sh601018,宁波港,3.32,-1.4837
2023-10-20,sh601018,宁波港,3.31,-0.3012
2023-10-23,sh601018,宁波港,3.25,-1.8127
2023-10-24,sh601018,宁波港,3.26,0.3077
2023-10-25,sh601018,宁波港,3.31,1.5337
2023-10-26,sh601018,宁波港,3.35,1.2085
2023-10-27,sh601018,宁波港,3.38,0.8955
2023-10-30,sh601018,宁波港,3.44,1.7751
2023-10-31,sh601018,宁波港,3.45,0.2907
2023-11-01,sh601018,宁波港,3.47,0.5797
2023-11-02,sh601018,宁波港,3.47,0.0
2023-11-03,sh601018,宁波港,3.42,-1.4409
2023-11-06,sh601018,宁波港,3.41,-0.2924
2023-11-07,sh601018,宁波港,3.43,0.5865
2023-11-08,sh601018,宁波港,3.42,-0.2915
2023-11-09,sh601018,宁波港,3.44,0.5848
2023-11-10,sh601018,宁波港,3.45,0.2907
2023-11-13,sh601018,宁波港,3.49,1.1594
2023-11-14,sh601018,宁波港,3.47,-0.5731
2023-11-15,sh601018,宁波港,3.49,0.5764
2023-11-16,sh601018,宁波港,3.47,-0.5731
2023-11-17,sh601018,宁波港,3.46,-0.2882
2023-11-20,sh601018,宁波港,3.5,1.1561
2023-11-21,sh601018,宁波港,3.51,0.2857
2023-11-22,sh601018,宁波港,3.53,0.5698
2023-11-23,sh601018,宁波港,3.57,1.1331
2023-11-24,sh601018,宁波港,3.57,0.0
2023-11-27,sh601018,宁波港,3.59,0.5602
2023-11-28,sh601018,宁波港,3.61,0.5571
2023-11-29,sh601018,宁波港,3.59,-0.554
2023-11-30,sh601018,宁波港,3.61,0.5571
2023-12-01,sh601018,宁波港,3.62,0.277
2023-12-04,sh601018,宁波港,3.69,1.9337
2023-12-05,sh601018,宁波港,3.67,-0.542
2023-12-06,sh601018,宁波港,3.62,-1.3624
2023-12-07,sh601018,宁波港,3.64,0.5525
2023-12-08,sh601018,宁波港,3.61,-0.8242
2023-12-11,sh601018,宁波港,3.67,1.662
2023-12-12,sh601018,宁波港,3.67,0.0
2023-12-13,sh601018,宁波港,3.66,-0.2725
2023-12-14,sh601018,宁波港,3.65,-0.2732
2023-12-15,sh601018,宁波港,3.62,-0.8219
2023-12-18,sh601018,宁波港,3.65,0.8287
2023-12-19,sh601018,宁波港,3.64,-0.274
2023-12-20,sh601018,宁波港,3.62,-0.5495
2023-12-21,sh601018,宁波港,3.62,0.0
2023-12-22,sh601018,宁波港,3.64,0.5525
2023-12-25,sh601018,宁波港,3.6,-1.0989
2023-12-26,sh601018,宁波港,3.6,0.0
2023-12-27,sh601018,宁波港,3.61,0.2778
2023-12-28,sh601018,宁波港,3.57,-1.108
2023-12-29,sh601018,宁波港,3.56,-0.2801
2024-01-02,sh601018,宁波港,3.59,0.8427
2024-01-03,sh601018,宁波港,3.62,0.8357
2024-01-04,sh601018,宁波港,3.62,0.0
2024-01-05,sh601018,宁波港,3.6,-0.5525
2024-01-08,sh601018,宁波港,3.56,-1.1111
2024-01-09,sh601018,宁波港,3.57,0.2809
2024-01-10,sh601018,宁波港,3.59,0.5602
2024-01-11,sh601018,宁波港,3.55,-1.1142
2024-01-12,sh601018,宁波港,3.6,1.4085
2024-01-15,sh601018,宁波港,3.61,0.2778
2024-01-16,sh601018,宁波港,3.62,0.277
2024-01-17,sh601018,宁波港,3.57,-1.3812
2024-01-18,sh601018,宁波港,3.5,-1.9608
2024-01-19,sh601018,宁波港,3.5,0.0
2024-01-22,sh601018,宁波港,3.36,-4.0
2024-01-23,sh601018,宁波港,3.4,1.1905
2024-01-24,sh601018,宁波港,3.47,2.0588
2024-01-25,sh601018,宁波港,3.59,3.4582
2024-01-26,sh601018,宁波港,3.67,2.2284
2024-01-29,sh601018,宁波港,3.68,0.2725
2024-01-30,sh601018,宁波港,3.62,-1.6304
2024-01-31,sh601018,宁波港,3.58,-1.105
2024-02-01,sh601018,宁波港,3.54,-1.1173
2024-02-02,sh601018,宁波港,3.51,-0.8475
2024-02-05,sh601018,宁波港,3.44,-1.9943
2024-02-06,sh601018,宁波港,3.51,2.0349
2024-02-07,sh601018,宁波港,3.39,-3.4188
2024-02-08,sh601018,宁波港,3.44,1.4749
2024-02-19,sh601018,宁波港,3.53,2.6163
2024-02-20,sh601018,宁波港,3.54,0.2833
2024-02-21,sh601018,宁波港,3.55,0.2825
2024-02-22,sh601018,宁波港,3.56,0.2817
2024-02-23,sh601018,宁波港,3.56,0.0
2024-02-26,sh601018,宁波港,3.52,-1.1236
2024-02-27,sh601018,宁波港,3.55,0.8523
2024-02-28,sh601018,宁波港,3.52,-0.8451
2024-02-29,sh601018,宁波港,3.54,0.5682
2024-03-01,sh601018,宁波港,3.51,-0.8475
2024-03-04,sh601018,宁波港,3.47,-1.1396
2024-03-05,sh601018,宁波港,3.45,-0.5764
2024-03-06,sh601018,宁波港,3.44,-0.2899
2024-03-07,sh601018,宁波港,3.45,0.2907
2024-03-08,sh601018,宁波港,3.44,-0.2899
2024-03-11,sh601018,宁波港,3.46,0.5814
2024-03-12,sh601018,宁波港,3.44,-0.578
2024-03-13,sh601018,宁波港,3.43,-0.2907
2024-03-14,sh601018,宁波港,3.43,0.0
2024-03-15,sh601018,宁波港,3.43,0.0
2024-03-18,sh601018,宁波港,3.48,1.4577
2024-03-19,sh601018,宁波港,3.45,-0.8621
2024-03-20,sh601018,宁波港,3.46,0.2899
2024-03-21,sh601018,宁波港,3.47,0.289
2024-03-22,sh601018,宁波港,3.43,-1.1527
2024-03-25,sh601018,宁波港,3.41,-0.5831
2024-03-26,sh601018,宁波港,3.43,0.5865
2024-03-27,sh601018,宁波港,3.42,-0.2915
2024-03-28,sh601018,宁波港,3.39,-0.8772
2024-03-29,sh601018,宁波港,3.43,1.1799
2024-04-01,sh601018,宁波港,3.46,0.8746
2024-04-02,sh601018,宁波港,3.5,1.1561
2024-04-03,sh601018,宁波港,3.54,1.1429
2024-04-08,sh601018,宁波港,3.54,0.0
2024-04-09,sh601018,宁波港,3.58,1.1299
2024-04-10,sh601018,宁波港,3.57,-0.2793
2024-04-11,sh601018,宁波港,3.62,1.4006
2024-04-12,sh601018,宁波港,3.61,-0.2762
2024-04-15,sh601018,宁波港,3.63,0.554
2024-04-16,sh601018,宁波港,3.59,-1.1019
2024-04-17,sh601018,宁波港,3.68,2.507
2024-04-18,sh601018,宁波港,3.65,-0.8152
2024-04-19,sh601018,宁波港,3.68,0.8219
2024-04-22,sh601018,宁波港,3.62,-1.6304
2024-04-23,sh601018,宁波港,3.54,-2.2099
2024-04-24,sh601018,宁波港,3.58,1.1299
2024-04-25,sh601018,宁波港,3.6,0.5587
2024-04-26,sh601018,宁波港,3.58,-0.5556
2024-04-29,sh601018,宁波港,3.58,0.0
2024-04-30,sh601018,宁波港,3.61,0.838
2024-05-06,sh601018,宁波港,3.67,1.662
2024-05-07,sh601018,宁波港,3.64,-0.8174
2024-05-08,sh601018,宁波港,3.63,-0.2747
2024-05-09,sh601018,宁波港,3.68,1.3774
2024-05-10,sh601018,宁波港,3.68,0.0
2024-05-13,sh601018,宁波港,3.73,1.3587
2024-05-14,sh601018,宁波港,3.68,-1.3405
2024-05-15,sh601018,宁波港,3.65,-0.8152
2024-05-16,sh601018,宁波港,3.53,-3.2877
2024-05-17,sh601018,宁波港,3.55,0.5666
2024-05-20,sh601018,宁波港,3.6,1.4085
2024-05-21,sh601018,宁波港,3.56,-1.1111
2024-05-22,sh601018,宁波港,3.57,0.2809
2024-05-23,sh601018,宁波港,3.48,-2.521
2024-05-24,sh601018,宁波港,3.52,1.1494
2024-05-27,sh601018,宁波港,3.61,2.5568
2024-05-28,sh601018,宁波港,3.62,0.277
2024-05-29,sh601018,宁波港,3.59,-0.8287
2024-05-30,sh601018,宁波港,3.54,-1.3928
2024-05-31,sh601018,宁波港,3.55,0.2825
2024-06-03,sh601018,宁波港,3.51,-1.1268
2024-06-04,sh601018,宁波港,3.52,0.2849
2024-06-05,sh601018,宁波港,3.48,-1.1364
2024-06-06,sh601018,宁波港,3.43,-1.4368
2024-06-07,sh601018,宁波港,3.55,3.4985
2024-06-11,sh601018,宁波港,3.47,-2.2535
2024-06-12,sh601018,宁波港,3.43,-1.1527
2024-06-13,sh601018,宁波港,3.4,-0.8746
2024-06-14,sh601018,宁波港,3.39,-0.2941
2024-06-17,sh601018,宁波港,3.37,-0.59
2024-06-18,sh601018,宁波港,3.39,0.5935
2024-06-19,sh601018,宁波港,3.37,-0.59
2024-06-20,sh601018,宁波港,3.37,0.0
2024-06-21,sh601018,宁波港,3.39,0.5935
2024-06-24,sh601018,宁波港,3.35,-1.1799
2024-06-25,sh601018,宁波港,3.37,0.597
2024-06-26,sh601018,宁波港,3.39,0.5935
2024-06-27,sh601018,宁波港,3.36,-0.885
2024-06-28,sh601018,宁波港,3.4,1.1905
2024-07-01,sh601018,宁波港,3.46,1.7647
2024-07-02,sh601018,宁波港,3.5,1.1561
2024-07-03,sh601018,宁波港,3.5,0.0
2024-07-04,sh601018,宁波港,3.48,-0.5714
2024-07-05,sh601018,宁波港,3.46,-0.5747
2024-07-08,sh601018,宁波港,3.43,-0.8671
2024-07-09,sh601018,宁波港,3.47,1.1662
2024-07-10,sh601018,宁波港,3.46,-0.2882
2024-07-11,sh601018,宁波港,3.49,0.8671
2024-07-12,sh601018,宁波港,3.48,-0.2865
2024-07-15,sh601018,宁波港,3.51,0.8621
2024-07-16,sh601018,宁波港,3.51,0.0
2024-07-17,sh601018,宁波港,3.49,-0.5698
2024-07-18,sh601018,宁波港,3.51,0.5731
2024-07-19,sh601018,宁波港,3.5,-0.2849
2024-07-22,sh601018,宁波港,3.49,-0.2857
2024-07-23,sh601018,宁波港,3.48,-0.2865
2024-07-24,sh601018,宁波港,3.53,1.4368
2024-07-25,sh601018,宁波港,3.52,-0.2833
2024-07-26,sh601018,宁波港,3.55,0.8523
2024-07-29,sh601018,宁波港,3.56,0.2817
2024-07-30,sh601018,宁波港,3.59,0.8427
2024-07-31,sh601018,宁波港,3.55,-1.1142
2024-08-01,sh601018,宁波港,3.6,1.4085
2024-08-02,sh601018,宁波港,3.58,-0.5556
2024-08-05,sh601018,宁波港,3.57,-0.2793
2024-08-06,sh601018,宁波港,3.57,0.0
2024-08-07,sh601018,宁波港,3.55,-0.5602
2024-08-08,sh601018,宁波港,3.57,0.5634
2024-08-09,sh601018,宁波港,3.56,-0.2801
2024-08-12,sh601018,宁波港,3.53,-0.8427
2024-08-13,sh601018,宁波港,3.57,1.1331
2024-08-14,sh601018,宁波港,3.57,0.0
2024-08-15,sh601018,宁波港,3.61,1.1204
2024-08-16,sh601018,宁波港,3.63,0.554
2024-08-19,sh601018,宁波港,3.66,0.8264
2024-08-20,sh601018,宁波港,3.62,-1.0929
2024-08-21,sh601018,宁波港,3.62,0.0
2024-08-22,sh601018,宁波港,3.63,0.2762
2024-08-23,sh601018,宁波港,3.61,-0.551
2024-08-26,sh601018,宁波港,3.61,0.0
2024-08-27,sh601018,宁波港,3.6,-0.277
2024-08-28,sh601018,宁波港,3.58,-0.5556
2024-08-29,sh601018,宁波港,3.47,-3.0726
2024-08-30,sh601018,宁波港,3.42,-1.4409
2024-09-02,sh601018,宁波港,3.37,-1.462
2024-09-03,sh601018,宁波港,3.39,0.5935
2024-09-04,sh601018,宁波港,3.36,-0.885
2024-09-05,sh601018,宁波港,3.36,0.0
2024-09-06,sh601018,宁波港,3.35,-0.2976
2024-09-09,sh601018,宁波港,3.31,-1.194
2024-09-10,sh601018,宁波港,3.29,-0.6042
2024-09-11,sh601018,宁波港,3.22,-2.1277
2024-09-12,sh601018,宁波港,3.25,0.9317
2024-09-13,sh601018,宁波港,3.22,-0.9231
2024-09-18,sh601018,宁波港,3.25,0.9317
2024-09-19,sh601018,宁波港,3.28,0.9231
2024-09-20,sh601018,宁波港,3.27,-0.3049
2024-09-23,sh601018,宁波港,3.3,0.9174
2024-09-24,sh601018,宁波港,3.38,2.4242
2024-09-25,sh601018,宁波港,3.42,1.1834
2024-09-26,sh601018,宁波港,3.5,2.3392
2024-09-27,sh601018,宁波港,3.57,2.0
2024-09-30,sh601018,宁波港,3.84,7.563
2024-10-08,sh601018,宁波港,3.97,3.3854
2024-10-09,sh601018,宁波港,3.62,-8.8161
2024-10-10,sh601018,宁波港,3.73,3.0387
2024-10-11,sh601018,宁波港,3.66,-1.8767
2024-10-14,sh601018,宁波港,3.72,1.6393
2024-10-15,sh601018,宁波港,3.63,-2.4194
2024-10-16,sh601018,宁波港,3.66,0.8264
2024-10-17,sh601018,宁波港,3.59,-1.9126
2024-10-18,sh601018,宁波港,3.64,1.3928
2024-10-21,sh601018,宁波港,3.6,-1.0989
2024-10-22,sh601018,宁波港,3.62,0.5556
2024-10-23,sh601018,宁波港,3.67,1.3812
2024-10-24,sh601018,宁波港,3.65,-0.545
2024-10-25,sh601018,宁波港,3.66,0.274
2024-10-28,sh601018,宁波港,3.75,2.459
2024-10-29,sh601018,宁波港,3.67,-2.1333
2024-10-30,sh601018,宁波港,3.69,0.545
2024-10-31,sh601018,宁波港,3.72,0.813
2024-11-01,sh601018,宁波港,3.74,0.5376
2024-11-04,sh601018,宁波港,3.76,0.5348
2024-11-05,sh601018,宁波港,3.81,1.3298
2024-11-06,sh601018,宁波港,3.8,-0.2625
2024-11-07,sh601018,宁波港,3.87,1.8421
2024-11-08,sh601018,宁波港,3.82,-1.292
2024-11-11,sh601018,宁波港,3.82,0.0
2024-11-12,sh601018,宁波港,3.78,-1.0471
2024-11-13,sh601018,宁波港,3.79,0.2646
2024-11-14,sh601018,宁波港,3.78,-0.2639
2024-11-15,sh601018,宁波港,3.79,0.2646
2024-11-18,sh601018,宁波港,3.86,1.847
2024-11-19,sh601018,宁波港,3.85,-0.2591
2024-11-20,sh601018,宁波港,3.9,1.2987
2024-11-21,sh601018,宁波港,3.83,-1.7949
2024-11-22,sh601018,宁波港,3.72,-2.8721
2024-11-25,sh601018,宁波港,3.75,0.8065
2024-11-26,sh601018,宁波港,3.77,0.5333
2024-11-27,sh601018,宁波港,3.83,1.5915
2024-11-28,sh601018,宁波港,3.8,-0.7833
2024-11-29,sh601018,宁波港,3.82,0.5263
2024-12-02,sh601018,宁波港,3.88,1.5707
2024-12-03,sh601018,宁波港,3.89,0.2577
2024-12-04,sh601018,宁波港,3.87,-0.5141
2024-12-05,sh601018,宁波港,3.87,0.0
2024-12-06,sh601018,宁波港,3.9,0.7752
2024-12-09,sh601018,宁波港,3.93,0.7692
2024-12-10,sh601018,宁波港,3.89,-1.0178
2024-12-11,sh601018,宁波港,3.9,0.2571
2024-12-12,sh601018,宁波港,3.93,0.7692
2024-12-13,sh601018,宁波港,3.88,-1.2723
2024-12-16,sh601018,宁波港,3.94,1.5464
2024-12-17,sh601018,宁波港,3.88,-1.5228
2024-12-18,sh601018,宁波港,3.87,-0.2577
2024-12-19,sh601018,宁波港,3.83,-1.0336
2024-12-20,sh601018,宁波港,3.8,-0.7833
2024-12-23,sh601018,宁波港,3.82,0.5263
2024-12-24,sh601018,宁波港,3.83,0.2618
2024-12-25,sh601018,宁波港,3.83,0.0
2024-12-26,sh601018,宁波港,3.76,-1.8277
2024-12-27,sh601018,宁波港,3.85,2.3936
2024-12-30,sh601018,宁波港,3.86,0.2597
2024-12-31,sh601018,宁波港,3.85,-0.2591
2025-01-02,sh601018,宁波港,3.7,-3.8961
2025-01-03,sh601018,宁波港,3.69,-0.2703
2025-01-06,sh601018,宁波港,3.72,0.813
2025-01-07,sh601018,宁波港,3.7,-0.5376
2025-01-08,sh601018,宁波港,3.69,-0.2703
2025-01-09,sh601018,宁波港,3.62,-1.897
2025-01-10,sh601018,宁波港,3.59,-0.8287
2025-01-13,sh601018,宁波港,3.58,-0.2786
2025-01-14,sh601018,宁波港,3.65,1.9553
2025-01-15,sh601018,宁波港,3.64,-0.274
2025-01-16,sh601018,宁波港,3.63,-0.2747
2025-01-17,sh601018,宁波港,3.61,-0.551
2025-01-20,sh601018,宁波港,3.6,-0.277
2025-01-21,sh601018,宁波港,3.57,-0.8333
2025-01-22,sh601018,宁波港,3.52,-1.4006
2025-01-23,sh601018,宁波港,3.57,1.4205
2025-01-24,sh601018,宁波港,3.58,0.2801
2025-01-27,sh601018,宁波港,3.63,1.3966
2025-02-05,sh601018,宁波港,3.58,-1.3774
2025-02-06,sh601018,宁波港,3.6,0.5587
2025-02-07,sh601018,宁波港,3.64,1.1111
2025-02-10,sh601018,宁波港,3.64,0.0
2025-02-11,sh601018,宁波港,3.63,-0.2747
2025-02-12,sh601018,宁波港,3.63,0.0
2025-02-13,sh601018,宁波港,3.62,-0.2755
2025-02-14,sh601018,宁波港,3.6,-0.5525
2025-02-17,sh601018,宁波港,3.6,0.0
2025-02-18,sh601018,宁波港,3.57,-0.8333
2025-02-19,sh601018,宁波港,3.56,-0.2801
2025-02-20,sh601018,宁波港,3.53,-0.8427
2025-02-21,sh601018,宁波港,3.54,0.2833
2025-02-24,sh601018,宁波港,3.58,1.1299
2025-02-25,sh601018,宁波港,3.53,-1.3966
2025-02-26,sh601018,宁波港,3.56,0.8499
2025-02-27,sh601018,宁波港,3.56,0.0
2025-02-28,sh601018,宁波港,3.54,-0.5618
2025-03-03,sh601018,宁波港,3.52,-0.565
2025-03-04,sh601018,宁波港,3.56,1.1364
2025-03-05,sh601018,宁波港,3.56,0.0
2025-03-06,sh601018,宁波港,3.57,0.2809
2025-03-07,sh601018,宁波港,3.56,-0.2801
2025-03-10,sh601018,宁波港,3.56,0.0
2025-03-11,sh601018,宁波港,3.56,0.0
2025-03-12,sh601018,宁波港,3.6,1.1236
2025-03-13,sh601018,宁波港,3.59,-0.2778
2025-03-14,sh601018,宁波港,3.64,1.3928
2025-03-17,sh601018,宁波港,3.67,0.8242
2025-03-18,sh601018,宁波港,3.79,3.2698
2025-03-19,sh601018,宁波港,3.68,-2.9024
2025-03-20,sh601018,宁波港,3.69,0.2717
2025-03-21,sh601018,宁波港,3.71,0.542
2025-03-24,sh601018,宁波港,3.7,-0.2695
2025-03-25,sh601018,宁波港,3.75,1.3514
2025-03-26,sh601018,宁波港,3.76,0.2667
2025-03-27,sh601018,宁波港,3.77,0.266
2025-03-28,sh601018,宁波港,3.73,-1.061
2025-03-31,sh601018,宁波港,3.74,0.2681
2025-04-01,sh601018,宁波港,3.72,-0.5348
2025-04-02,sh601018,宁波港,3.69,-0.8065
2025-04-03,sh601018,宁波港,3.74,1.355
2025-04-07,sh601018,宁波港,3.44,-8.0214
2025-04-08,sh601018,宁波港,3.59,4.3605
2025-04-09,sh601018,宁波港,3.76,4.7354
2025-04-10,sh601018,宁波港,3.7,-1.5957
2025-04-11,sh601018,宁波港,3.68,-0.5405
2025-04-14,sh601018,宁波港,3.68,0.0
2025-04-15,sh601018,宁波港,3.6,-2.1739
2025-04-16,sh601018,宁波港,3.66,1.6667
2025-04-17,sh601018,宁波港,3.66,0.0
2025-04-18,sh601018,宁波港,3.62,-1.0929
2025-04-21,sh601018,宁波港,3.61,-0.2762
2025-04-22,sh601018,宁波港,3.65,1.108
2025-04-23,sh601018,宁波港,3.63,-0.5479
2025-04-24,sh601018,宁波港,3.6,-0.8264
2025-04-25,sh601018,宁波港,3.62,0.5556
2025-04-28,sh601018,宁波港,3.61,-0.2762
2025-04-29,sh601018,宁波港,3.58,-0.831
2025-04-30,sh601018,宁波港,3.56,-0.5587
2025-05-06,sh601018,宁波港,3.58,0.5618
2025-05-07,sh601018,宁波港,3.63,1.3966
2025-05-08,sh601018,宁波港,3.62,-0.2755
2025-05-09,sh601018,宁波港,3.63,0.2762
2025-05-12,sh601018,宁波港,3.71,2.2039
2025-05-13,sh601018,宁波港,3.77,1.6173
2025-05-14,sh601018,宁波港,3.83,1.5915
2025-05-15,sh601018,宁波港,3.92,2.3499
2025-05-16,sh601018,宁波港,3.69,-5.8673
2025-05-19,sh601018,宁波港,4.06,10.0271
2025-05-20,sh601018,宁波港,3.81,-6.1576
2025-05-21,sh601018,宁波港,3.83,0.5249
2025-05-22,sh601018,宁波港,3.73,-2.611
2025-05-23,sh601018,宁波港,3.64,-2.4129
2025-05-26,sh601018,宁波港,3.64,0.0
2025-05-27,sh601018,宁波港,3.62,-0.5495
2025-05-28,sh601018,宁波港,3.63,0.2762
2025-05-29,sh601018,宁波港,3.65,0.551
2025-05-30,sh601018,宁波港,3.61,-1.0959
2025-06-03,sh601018,宁波港,3.61,0.0
2025-06-04,sh601018,宁波港,3.61,0.0
2025-06-05,sh601018,宁波港,3.59,-0.554
2025-06-06,sh601018,宁波港,3.61,0.5571
2025-06-09,sh601018,宁波港,3.64,0.831
2025-06-10,sh601018,宁波港,3.79,4.1209
2025-06-11,sh601018,宁波港,3.7,-2.3747
2025-06-12,sh601018,宁波港,3.65,-1.3514
2025-06-13,sh601018,宁波港,3.65,0.0
2025-06-16,sh601018,宁波港,3.63,-0.5479
2025-06-17,sh601018,宁波港,3.65,0.551
2025-06-18,sh601018,宁波港,3.63,-0.5479
2025-06-19,sh601018,宁波港,3.58,-1.3774
2025-06-20,sh601018,宁波港,3.61,0.838
2025-06-23,sh601018,宁波港,3.71,2.7701
2025-06-24,sh601018,宁波港,3.66,-1.3477
2025-06-25,sh601018,宁波港,3.67,0.2732
2025-06-26,sh601018,宁波港,3.67,0.0
2025-06-27,sh601018,宁波港,3.66,-0.2725
2025-06-30,sh601018,宁波港,3.66,0.0
2025-07-01,sh601018,宁波港,3.68,0.5464
2025-07-02,sh601018,宁波港,3.72,1.087
2025-07-03,sh601018,宁波港,3.7,-0.5376
2025-07-04,sh601018,宁波港,3.7,0.0
2025-07-07,sh601018,宁波港,3.72,0.5405
2025-07-08,sh601018,宁波港,3.71,-0.2688
2025-07-09,sh601018,宁波港,3.7,-0.2695
2025-07-10,sh601018,宁波港,3.71,0.2703
2025-07-11,sh601018,宁波港,3.68,-0.8086
2025-07-14,sh601018,宁波港,3.71,0.8152
2025-07-15,sh601018,宁波港,3.68,-0.8086
2025-07-16,sh601018,宁波港,3.69,0.2717
2025-07-17,sh601018,宁波港,3.7,0.271
2025-07-18,sh601018,宁波港,3.72,0.5405
2025-07-21,sh601018,宁波港,3.74,0.5376
2025-07-22,sh601018,宁波港,3.78,1.0695
2025-07-23,sh601018,宁波港,3.76,-0.5291
2025-07-24,sh601018,宁波港,3.78,0.5319
2025-07-25,sh601018,宁波港,3.75,-0.7937
2025-07-28,sh601018,宁波港,3.72,-0.8
2025-07-29,sh601018,宁波港,3.73,0.2688
2025-07-30,sh601018,宁波港,3.71,-0.5362
2025-07-31,sh601018,宁波港,3.63,-2.1563
2025-08-01,sh601018,宁波港,3.64,0.2755
2025-08-04,sh601018,宁波港,3.63,-0.2747
2025-08-05,sh601018,宁波港,3.64,0.2755
2025-08-06,sh601018,宁波港,3.64,0.0
2025-08-07,sh601018,宁波港,3.69,1.3736
2025-08-08,sh601018,宁波港,3.67,-0.542
2025-08-11,sh601018,宁波港,3.68,0.2725
2025-08-12,sh601018,宁波港,3.71,0.8152
2025-08-13,sh601018,宁波港,3.68,-0.8086
2025-08-14,sh601018,宁波港,3.64,-1.087
2025-08-15,sh601018,宁波港,3.64,0.0
2025-08-18,sh601018,宁波港,3.64,0.0
2025-08-19,sh601018,宁波港,3.64,0.0
2025-08-20,sh601018,宁波港,3.66,0.5495
2025-08-21,sh601018,宁波港,3.68,0.5464
2025-08-22,sh601018,宁波港,3.69,0.2717
2025-08-25,sh601018,宁波港,3.71,0.542
2025-08-26,sh601018,宁波港,3.71,0.0
2025-08-27,sh601018,宁波港,3.64,-1.8868
2025-08-28,sh601018,宁波港,3.63,-0.2747
2025-08-29,sh601018,宁波港,3.63,0.0
2025-09-01,sh601018,宁波港,3.63,0.0
2025-09-02,sh601018,宁波港,3.65,0.551
2025-09-03,sh601018,宁波港,3.62,-0.8219
2025-09-04,sh601018,宁波港,3.6,-0.5525
2025-09-05,sh601018,宁波港,3.58,-0.5556
2025-09-08,sh601018,宁波港,3.61,0.838
2025-09-09,sh601018,宁波港,3.62,0.277
2025-09-10,sh601018,宁波港,3.64,0.5525
2025-09-11,sh601018,宁波港,3.63,-0.2747
2025-09-12,sh601018,宁波港,3.64,0.2755
2025-09-15,sh601018,宁波港,3.65,0.2747
2025-09-16,sh601018,宁波港,3.71,1.6438
2025-09-17,sh601018,宁波港,3.72,0.2695
2025-09-18,sh601018,宁波港,3.65,-1.8817
2025-09-19,sh601018,宁波港,3.68,0.8219
2025-09-22,sh601018,宁波港,3.7,0.5435
2025-09-23,sh601018,宁波港,3.82,3.2432
2025-09-24,sh601018,宁波港,3.73,-2.356
2025-09-25,sh601018,宁波港,3.62,-2.9491
2025-09-26,sh601018,宁波港,3.62,0.0
2025-09-29,sh601018,宁波港,3.67,1.3812
2025-09-30,sh601018,宁波港,3.65,-0.545
2025-10-09,sh601018,宁波港,3.68,0.8219
2025-10-10,sh601018,宁波港,3.75,1.9022
2025-10-13,sh601018,宁波港,3.75,0.0
2025-10-14,sh601018,宁波港,3.81,1.6
2025-10-15,sh601018,宁波港,3.78,-0.7874
2025-10-16,sh601018,宁波港,3.84,1.5873
2025-10-17,sh601018,宁波港,3.78,-1.5625
2025-10-20,sh601018,宁波港,3.84,1.5873
2025-10-21,sh601018,宁波港,3.84,0.0
2025-10-22,sh601018,宁波港,3.83,-0.2604
2025-10-23,sh601018,宁波港,3.87,1.0444
2025-10-24,sh601018,宁波港,3.81,-1.5504
2025-10-27,sh601018,宁波港,3.84,0.7874
2025-10-28,sh601018,宁波港,3.83,-0.2604
2025-10-29,sh601018,宁波港,3.83,0.0
2025-10-30,sh601018,宁波港,3.81,-0.5222
2025-10-31,sh601018,宁波港,3.76,-1.3123
2025-11-03,sh601018,宁波港,3.78,0.5319
2025-11-04,sh601018,宁波港,3.76,-0.5291
2025-11-05,sh601018,宁波港,3.78,0.5319
2025-11-06,sh601018,宁波港,3.77,-0.2646
2025-11-07,sh601018,宁波港,3.77,0.0
2025-11-10,sh601018,宁波港,3.82,1.3263
2025-11-11,sh601018,宁波港,3.83,0.2618
2025-11-12,sh601018,宁波港,3.82,-0.2611
2025-11-13,sh601018,宁波港,3.84,0.5236
2025-11-14,sh601018,宁波港,3.87,0.7812
2025-11-17,sh601018,宁波港,3.86,-0.2584
2025-11-18,sh601018,宁波港,3.78,-2.0725
2025-11-19,sh601018,宁波港,3.8,0.5291
2025-11-20,sh601018,宁波港,3.77,-0.7895
2025-11-21,sh601018,宁波港,3.68,-2.3873
2025-11-24,sh601018,宁波港,3.66,-0.5435
2025-11-25,sh601018,宁波港,3.65,-0.2732
2025-11-26,sh601018,宁波港,3.67,0.5479
2025-11-27,sh601018,宁波港,3.7,0.8174
2025-11-28,sh601018,宁波港,3.75,1.3514
2025-12-01,sh601018,宁波港,3.78,0.8
2025-12-02,sh601018,宁波港,3.8,0.5291
2025-12-03,sh601018,宁波港,3.8,0.0
2025-12-04,sh601018,宁波港,3.76,-1.0526
2025-12-05,sh601018,宁波港,3.71,-1.3298
2025-12-08,sh601018,宁波港,3.7,-0.2695
2025-12-09,sh601018,宁波港,3.69,-0.2703
2025-12-10,sh601018,宁波港,3.73,1.084
2025-12-11,sh601018,宁波港,3.7,-0.8043
2025-12-12,sh601018,宁波港,3.65,-1.3514
2025-12-15,sh601018,宁波港,3.69,1.0959
2025-12-16,sh601018,宁波港,3.69,0.0
2025-12-17,sh601018,宁波港,3.72,0.813
2025-12-18,sh601018,宁波港,3.73,0.2688
2025-12-19,sh601018,宁波港,3.71,-0.5362
2025-12-22,sh601018,宁波港,3.7,-0.2695
2025-12-23,sh601018,宁波港,3.69,-0.2703
2025-12-24,sh601018,宁波港,3.67,-0.542
2025-12-25,sh601018,宁波港,3.69,0.545
2025-12-26,sh601018,宁波港,3.67,-0.542
2025-12-29,sh601018,宁波港,3.65,-0.545
2025-12-30,sh601018,宁波港,3.63,-0.5479
2025-12-31,sh601018,宁波港,3.63,0.0
2026-01-05,sh601018,宁波港,3.65,0.551
2026-01-06,sh601018,宁波港,3.67,0.5479
2026-01-07,sh601018,宁波港,3.66,-0.2725
2026-01-08,sh601018,宁波港,3.66,0.0
2026-01-09,sh601018,宁波港,3.68,0.5464
2026-01-12,sh601018,宁波港,3.69,0.2717
2026-01-13,sh601018,宁波港,3.68,-0.271
2026-01-14,sh601018,宁波港,3.65,-0.8152
2026-01-15,sh601018,宁波港,3.65,0.0
2026-01-16,sh601018,宁波港,3.63,-0.5479
2026-01-19,sh601018,宁波港,3.64,0.2755
2026-01-20,sh601018,宁波港,3.69,1.3736
2026-01-21,sh601018,宁波港,3.69,0.0
2026-01-22,sh601018,宁波港,3.7,0.271
2026-01-23,sh601018,宁波港,3.68,-0.5405
2026-01-26,sh601018,宁波港,3.78,2.7174
2026-01-27,sh601018,宁波港,3.76,-0.5291
2026-01-28,sh601018,宁波港,3.83,1.8617
2026-01-29,sh601018,宁波港,3.88,1.3055
2026-01-30,sh601018,宁波港,3.91,0.7732
2026-02-02,sh601018,宁波港,3.94,0.7673
2026-02-03,sh601018,宁波港,3.98,1.0152
2026-02-04,sh601018,宁波港,4.1,3.0151
2026-02-05,sh601018,宁波港,4.08,-0.4878
2026-02-06,sh601018,宁波港,4.1,0.4902
2026-02-09,sh601018,宁波港,4.11,0.2439
2026-02-10,sh601018,宁波港,4.14,0.7299
2026-02-11,sh601018,宁波港,4.15,0.2415
2026-02-12,sh601018,宁波港,4.12,-0.7229
2026-02-13,sh601018,宁波港,4.05,-1.699
2026-02-24,sh601018,宁波港,4.11,1.4815
2026-02-25,sh601018,宁波港,4.13,0.4866
2026-02-26,sh601018,宁波港,4.13,0.0
2026-02-27,sh601018,宁波港,4.27,3.3898
2026-03-02,sh601018,宁波港,4.27,0.0
2026-03-03,sh601018,宁波港,4.22,-1.171
2026-03-04,sh601018,宁波港,4.2,-0.4739
2026-03-05,sh601018,宁波港,4.25,1.1905
2026-03-06,sh601018,宁波港,4.25,0.0
2026-03-09,sh601018,宁波港,4.25,0.0
2026-03-10,sh601018,宁波港,4.3,1.1765
2026-03-11,sh601018,宁波港,4.28,-0.4651
2026-03-12,sh601018,宁波港,4.31,0.7009
2026-03-13,sh601018,宁波港,4.21,-2.3202
2026-03-16,sh601018,宁波港,4.24,0.7126
2026-03-17,sh601018,宁波港,4.14,-2.3585
2026-03-18,sh601018,宁波港,4.16,0.4831
2026-03-19,sh601018,宁波港,4.17,0.2404
2026-03-20,sh601018,宁波港,4.12,-1.199
2026-03-23,sh601018,宁波港,3.95,-4.1262
2026-03-24,sh601018,宁波港,4.06,2.7848
2026-03-25,sh601018,宁波港,4.14,1.9704
2026-03-26,sh601018,宁波港,4.17,0.7246
2026-03-27,sh601018,宁波港,4.12,-1.199
2026-03-30,sh601018,宁波港,4.12,0.0
2026-03-31,sh601018,宁波港,4.09,-0.7282
2026-04-01,sh601018,宁波港,4.06,-0.7335
2026-04-02,sh601018,宁波港,4.08,0.4926
2026-04-03,sh601018,宁波港,3.99,-2.2059
2026-04-07,sh601018,宁波港,3.94,-1.2531
2026-04-08,sh601018,宁波港,3.99,1.269
2026-04-09,sh601018,宁波港,3.92,-1.7544
2026-04-10,sh601018,宁波港,3.9,-0.5102
2026-04-13,sh601018,宁波港,3.9,0.0
2026-04-14,sh601018,宁波港,3.86,-1.0256
2026-04-15,sh601018,宁波港,3.91,1.2953
2026-04-16,sh601018,宁波港,3.89,-0.5115
2026-04-17,sh601018,宁波港,3.84,-1.2853
2026-04-20,sh601018,宁波港,3.84,0.0
2026-04-21,sh601018,宁波港,3.85,0.2604
2026-04-22,sh601018,宁波港,3.83,-0.5195
2026-04-23,sh601018,宁波港,3.83,0.0
2026-04-24,sh601018,宁波港,3.83,0.0
2026-04-27,sh601018,宁波港,3.8,-0.7833
2026-04-28,sh601018,宁波港,3.85,1.3158
2026-04-29,sh601018,宁波港,3.79,-1.5584
2026-04-30,sh601018,宁波港,3.7,-2.3747
2026-05-06,sh601018,宁波港,3.72,0.5405
2026-05-07,sh601018,宁波港,3.73,0.2688
2026-05-08,sh601018,宁波港,3.76,0.8043
2026-05-11,sh601018,宁波港,3.75,-0.266
2026-05-12,sh601018,宁波港,3.75,0.0
2026-05-13,sh601018,宁波港,3.79,1.0667
2026-05-14,sh601018,宁波港,3.73,-1.5831
2026-05-15,sh601018,宁波港,3.66,-1.8767
2026-05-18,sh601018,宁波港,3.61,-1.3661
2026-05-19,sh601018,宁波港,3.68,1.9391
2026-05-20,sh601018,宁波港,3.64,-1.087
2026-05-21,sh601018,宁波港,3.62,-0.5495
2026-05-22,sh601018,宁波港,3.61,-0.2762
2026-05-25,sh601018,宁波港,3.57,-1.108
2026-05-26,sh601018,宁波港,3.5,-1.9608
2026-05-27,sh601018,宁波港,3.44,-1.7143
2026-05-28,sh601018,宁波港,3.43,-0.2907
2026-05-29,sh601018,宁波港,3.48,1.4577
2026-06-01,sh601018,宁波港,3.51,0.8621
2026-06-02,sh601018,宁波港,3.47,-1.1396
2026-06-03,sh601018,宁波港,3.45,-0.5764
2026-06-04,sh601018,宁波港,3.39,-1.7391
2026-06-05,sh601018,宁波港,3.4,0.295
2026-06-08,sh601018,宁波港,3.29,-3.2353
2026-06-09,sh601018,宁波港,3.3,0.304
2026-06-10,sh601018,宁波港,3.34,1.2121
2026-06-11,sh601018,宁波港,3.32,-0.5988
2026-06-12,sh601018,宁波港,3.38,1.8072
2026-06-15,sh601018,宁波港,3.4,0.5917
2026-06-16,sh601018,宁波港,3.32,-2.3529
2026-06-17,sh601018,宁波港,3.34,0.6024
2026-06-18,sh601018,宁波港,3.26,-2.3952
2026-06-22,sh601018,宁波港,3.28,0.6135
2026-06-23,sh601018,宁波港,3.3,0.6098
2026-06-24,sh601018,宁波港,3.2,-3.0303
2026-06-25,sh601018,宁波港,3.2,0.0
2026-06-26,sh601018,宁波港,3.17,-0.9375
2026-06-29,sh601018,宁波港,3.2,0.9464
2026-06-30,sh601018,宁波港,3.15,-1.5625
2026-07-01,sh601018,宁波港,3.2,1.5873
2026-07-02,sh601018,宁波港,3.24,1.25
2026-07-03,sh601018,宁波港,3.28,1.2346
2026-07-06,sh601018,宁波港,3.33,1.5244
2026-07-07,sh601018,宁波港,3.28,-1.5015
2026-07-08,sh601018,宁波港,3.3,0.6098
2026-07-09,sh601018,宁波港,3.26,-1.2121
2026-07-10,sh601018,宁波港,3.28,0.6135
2026-07-13,sh601018,宁波港,3.3,0.6098
2026-07-14,sh601018,宁波港,3.35,1.5152
2026-07-15,sh601018,宁波港,3.4,1.4925
2026-07-16,sh601018,宁波港,3.37,-0.8824
2026-07-17,sh601018,宁波港,3.42,1.4837
2026-07-20,sh601018,宁波港,3.44,0.5848
2026-07-21,sh601018,宁波港,3.39,-1.4535
2026-07-22,sh601018,宁波港,3.41,0.59
2026-07-23,sh601018,宁波港,3.42,0.2933
2026-07-24,sh601018,宁波港,3.4,-0.5848
2026-07-27,sh601018,宁波港,3.4,0.0
2026-07-28,sh601018,宁波港,3.41,0.2941
2026-07-29,sh601018,宁波港,3.44,0.8798
2026-07-30,sh601018,宁波港,3.48,1.1628
2026-07-31,sh601018,宁波港,3.48,0.0
2026-08-03,sh601018,宁波港,3.51,0.8621
2026-08-04,sh601018,宁波港,3.43,-2.2792
2026-08-05,sh601018,宁波港,3.39,-1.1662
2026-08-06,sh601018,宁波港,3.38,-0.295
2026-08-07,sh601018,宁波港,3.35,-0.8876
2026-08-10,sh601018,宁波港,3.39,1.194
2026-08-11,sh601018,宁波港,3.36,-0.885
2026-08-12,sh601018,宁波港,3.33,-0.8929
2026-08-13,sh601018,宁波港,3.33,0.0
2026-08-14,sh601018,宁波港,3.34,0.3003
2026-08-17,sh601018,宁波港,3.32,-0.5988
2026-08-18,sh601018,宁波港,3.33,0.3012
2026-08-19,sh601018,宁波港,3.39,1.8018
2017-03-29,sh601228,广州港,3.3,
2017-03-30,sh601228,广州港,3.63,10.0
2017-03-31,sh601228,广州港,3.99,9.9174
2017-04-05,sh601228,广州港,4.39,10.0251
2017-04-06,sh601228,广州港,4.83,10.0228
2017-04-07,sh601228,广州港,5.31,9.9379
2017-04-10,sh601228,广州港,5.84,9.9812
2017-04-11,sh601228,广州港,6.42,9.9315
2017-04-12,sh601228,广州港,7.06,9.9688
2017-04-13,sh601228,广州港,7.77,10.0567
2017-04-14,sh601228,广州港,8.55,10.0386
2017-04-17,sh601228,广州港,9.41,10.0585
2017-04-18,sh601228,广州港,10.35,9.9894
2017-04-19,sh601228,广州港,10.04,-2.9952
2017-04-20,sh601228,广州港,10.82,7.7689
2017-04-21,sh601228,广州港,9.74,-9.9815
2017-04-24,sh601228,广州港,8.77,-9.9589
2017-04-25,sh601228,广州港,8.82,0.5701
2017-04-26,sh601228,广州港,9.36,6.1224
2017-04-27,sh601228,广州港,10.3,10.0427
2017-04-28,sh601228,广州港,10.07,-2.233
2017-05-02,sh601228,广州港,10.19,1.1917
2017-05-03,sh601228,广州港,11.21,10.0098
2017-05-04,sh601228,广州港,11.29,0.7136
2017-05-05,sh601228,广州港,10.23,-9.3888
2017-05-08,sh601228,广州港,9.46,-7.5269
2017-05-09,sh601228,广州港,9.87,4.334
2017-05-10,sh601228,广州港,9.35,-5.2685
2017-05-11,sh601228,广州港,9.73,4.0642
2017-05-12,sh601228,广州港,10.12,4.0082
2017-05-15,sh601228,广州港,9.84,-2.7668
2017-05-16,sh601228,广州港,9.87,0.3049
2017-05-17,sh601228,广州港,10.32,4.5593
2017-05-18,sh601228,广州港,10.0,-3.1008
2017-05-19,sh601228,广州港,9.85,-1.5
2017-05-22,sh601228,广州港,9.22,-6.3959
2017-05-23,sh601228,广州港,9.11,-1.1931
2017-05-24,sh601228,广州港,9.28,1.8661
2017-05-25,sh601228,广州港,9.13,-1.6164
2017-05-26,sh601228,广州港,9.1,-0.3286
2017-05-31,sh601228,广州港,9.15,0.5495
2017-06-01,sh601228,广州港,8.44,-7.7596
2017-06-02,sh601228,广州港,8.37,-0.8294
2017-06-05,sh601228,广州港,8.39,0.2389
2017-06-06,sh601228,广州港,8.46,0.8343
2017-06-07,sh601228,广州港,8.94,5.6738
2017-06-08,sh601228,广州港,9.12,2.0134
2017-06-09,sh601228,广州港,8.88,-2.6316
2017-06-12,sh601228,广州港,8.74,-1.5766
2017-06-13,sh601228,广州港,8.93,2.1739
2017-06-14,sh601228,广州港,8.89,-0.4479
2017-06-15,sh601228,广州港,9.07,2.0247
2017-06-16,sh601228,广州港,9.04,-0.3308
2017-06-19,sh601228,广州港,9.08,0.4425
2017-06-20,sh601228,广州港,9.1,0.2203
2017-06-21,sh601228,广州港,8.96,-1.5385
2017-06-22,sh601228,广州港,8.62,-3.7946
2017-06-23,sh601228,广州港,8.6,-0.232
2017-06-26,sh601228,广州港,8.64,0.4651
2017-06-27,sh601228,广州港,8.81,1.9676
2017-06-28,sh601228,广州港,8.65,-1.8161
2017-06-29,sh601228,广州港,8.67,0.2312
2017-06-30,sh601228,广州港,8.62,-0.5767
2017-07-03,sh601228,广州港,8.55,-0.8121
2017-07-04,sh601228,广州港,8.43,-1.4035
2017-07-05,sh601228,广州港,8.47,0.4745
2017-07-06,sh601228,广州港,8.55,0.9445
2017-07-07,sh601228,广州港,8.51,-0.4678
2017-07-10,sh601228,广州港,8.39,-1.4101
2017-07-11,sh601228,广州港,8.42,0.3576
2017-07-12,sh601228,广州港,8.26,-1.9002
2017-07-13,sh601228,广州港,8.2,-0.7264
2017-07-14,sh601228,广州港,8.13,-0.8537
2017-07-17,sh601228,广州港,7.3,-10.2091
2017-07-18,sh601228,广州港,7.2,-1.3699
2017-07-19,sh601228,广州港,7.3,1.3889
2017-07-20,sh601228,广州港,7.21,-1.2329
2017-07-21,sh601228,广州港,7.1,-1.5257
2017-07-24,sh601228,广州港,7.14,0.5634
2017-07-25,sh601228,广州港,7.08,-0.8403
2017-07-26,sh601228,广州港,6.94,-1.9774
2017-07-27,sh601228,广州港,7.01,1.0086
2017-07-28,sh601228,广州港,6.9,-1.5692
2017-07-31,sh601228,广州港,6.85,-0.7246
2017-08-01,sh601228,广州港,6.94,1.3139
2017-08-02,sh601228,广州港,6.93,-0.1441
2017-08-03,sh601228,广州港,7.24,4.4733
2017-08-04,sh601228,广州港,7.06,-2.4862
2017-08-07,sh601228,广州港,7.05,-0.1416
2017-08-08,sh601228,广州港,6.99,-0.8511
2017-08-09,sh601228,广州港,6.94,-0.7153
2017-08-10,sh601228,广州港,6.86,-1.1527
2017-08-11,sh601228,广州港,6.71,-2.1866
2017-08-14,sh601228,广州港,6.78,1.0432
2017-08-15,sh601228,广州港,6.83,0.7375
2017-08-16,sh601228,广州港,6.82,-0.1464
2017-08-17,sh601228,广州港,6.84,0.2933
2017-08-18,sh601228,广州港,6.97,1.9006
2017-08-21,sh601228,广州港,7.0,0.4304
2017-08-22,sh601228,广州港,6.97,-0.4286
2017-08-23,sh601228,广州港,6.88,-1.2912
2017-08-24,sh601228,广州港,6.97,1.3081
2017-08-25,sh601228,广州港,7.01,0.5739
2017-08-28,sh601228,广州港,7.32,4.4223
2017-08-29,sh601228,广州港,7.35,0.4098
2017-08-30,sh601228,广州港,7.24,-1.4966
2017-08-31,sh601228,广州港,7.39,2.0718
2017-09-01,sh601228,广州港,7.28,-1.4885
2017-09-04,sh601228,广州港,7.21,-0.9615
2017-09-05,sh601228,广州港,7.17,-0.5548
2017-09-06,sh601228,广州港,7.18,0.1395
2017-09-07,sh601228,广州港,7.11,-0.9749
2017-09-08,sh601228,广州港,7.12,0.1406
2017-09-11,sh601228,广州港,7.14,0.2809
2017-09-12,sh601228,广州港,7.05,-1.2605
2017-09-13,sh601228,广州港,7.0,-0.7092
2017-09-14,sh601228,广州港,7.06,0.8571
2017-09-15,sh601228,广州港,6.98,-1.1331
2017-09-18,sh601228,广州港,6.99,0.1433
2017-09-19,sh601228,广州港,6.98,-0.1431
2017-09-20,sh601228,广州港,6.94,-0.5731
2017-09-21,sh601228,广州港,6.86,-1.1527
2017-09-22,sh601228,广州港,6.82,-0.5831
2017-09-25,sh601228,广州港,6.7,-1.7595
2017-09-26,sh601228,广州港,6.72,0.2985
2017-09-27,sh601228,广州港,6.76,0.5952
2017-09-28,sh601228,广州港,6.69,-1.0355
2017-09-29,sh601228,广州港,6.71,0.299
2017-10-09,sh601228,广州港,6.74,0.4471
2017-10-10,sh601228,广州港,6.87,1.9288
2017-10-11,sh601228,广州港,6.99,1.7467
2017-10-12,sh601228,广州港,6.89,-1.4306
2017-10-13,sh601228,广州港,6.92,0.4354
2017-10-16,sh601228,广州港,6.85,-1.0116
2017-10-17,sh601228,广州港,6.78,-1.0219
2017-10-18,sh601228,广州港,6.8,0.295
2017-10-19,sh601228,广州港,6.65,-2.2059
2017-10-20,sh601228,广州港,7.32,10.0752
2017-10-23,sh601228,广州港,7.26,-0.8197
2017-10-24,sh601228,广州港,7.16,-1.3774
2017-10-25,sh601228,广州港,7.12,-0.5587
2017-10-26,sh601228,广州港,7.19,0.9831
2017-10-27,sh601228,广州港,7.18,-0.1391
2017-10-30,sh601228,广州港,6.86,-4.4568
2017-10-31,sh601228,广州港,7.15,4.2274
2017-11-01,sh601228,广州港,7.06,-1.2587
2017-11-02,sh601228,广州港,7.1,0.5666
2017-11-03,sh601228,广州港,6.98,-1.6901
2017-11-06,sh601228,广州港,6.9,-1.1461
2017-11-07,sh601228,广州港,7.22,4.6377
2017-11-08,sh601228,广州港,7.16,-0.831
2017-11-09,sh601228,广州港,7.22,0.838
2017-11-10,sh601228,广州港,7.18,-0.554
2017-11-13,sh601228,广州港,7.21,0.4178
2017-11-14,sh601228,广州港,7.3,1.2483
2017-11-15,sh601228,广州港,7.24,-0.8219
2017-11-16,sh601228,广州港,7.09,-2.0718
2017-11-17,sh601228,广州港,6.78,-4.3724
2017-11-20,sh601228,广州港,6.7,-1.1799
2017-11-21,sh601228,广州港,6.71,0.1493
2017-11-22,sh601228,广州港,6.65,-0.8942
2017-11-23,sh601228,广州港,6.43,-3.3083
2017-11-24,sh601228,广州港,6.42,-0.1555
2017-11-27,sh601228,广州港,6.34,-1.2461
2017-11-28,sh601228,广州港,6.48,2.2082
2017-11-29,sh601228,广州港,6.53,0.7716
2017-11-30,sh601228,广州港,6.55,0.3063
2017-12-01,sh601228,广州港,6.54,-0.1527
2017-12-04,sh601228,广州港,6.55,0.1529
2017-12-05,sh601228,广州港,6.34,-3.2061
2017-12-06,sh601228,广州港,6.26,-1.2618
2017-12-07,sh601228,广州港,6.19,-1.1182
2017-12-08,sh601228,广州港,6.24,0.8078
2017-12-11,sh601228,广州港,6.32,1.2821
2017-12-12,sh601228,广州港,6.18,-2.2152
2017-12-13,sh601228,广州港,6.2,0.3236
2017-12-14,sh601228,广州港,6.27,1.129
2017-12-15,sh601228,广州港,6.16,-1.7544
2017-12-18,sh601228,广州港,6.13,-0.487
2017-12-19,sh601228,广州港,6.16,0.4894
2017-12-20,sh601228,广州港,6.07,-1.461
2017-12-21,sh601228,广州港,5.99,-1.318
2017-12-22,sh601228,广州港,5.93,-1.0017
2017-12-25,sh601228,广州港,5.86,-1.1804
2017-12-26,sh601228,广州港,6.1,4.0956
2017-12-27,sh601228,广州港,6.2,1.6393
2017-12-28,sh601228,广州港,6.14,-0.9677
2017-12-29,sh601228,广州港,6.11,-0.4886
2018-01-02,sh601228,广州港,6.11,0.0
2018-01-03,sh601228,广州港,6.18,1.1457
2018-01-04,sh601228,广州港,6.19,0.1618
2018-01-05,sh601228,广州港,6.24,0.8078
2018-01-08,sh601228,广州港,6.15,-1.4423
2018-01-09,sh601228,广州港,6.11,-0.6504
2018-01-10,sh601228,广州港,6.08,-0.491
2018-01-11,sh601228,广州港,6.08,0.0
2018-01-12,sh601228,广州港,6.11,0.4934
2018-01-15,sh601228,广州港,5.97,-2.2913
2018-01-16,sh601228,广州港,6.13,2.6801
2018-01-17,sh601228,广州港,6.31,2.9364
2018-01-18,sh601228,广州港,6.22,-1.4263
2018-01-19,sh601228,广州港,6.18,-0.6431
2018-01-22,sh601228,广州港,6.21,0.4854
2018-01-23,sh601228,广州港,6.27,0.9662
2018-01-24,sh601228,广州港,6.27,0.0
2018-01-25,sh601228,广州港,6.39,1.9139
2018-01-26,sh601228,广州港,6.55,2.5039
2018-01-29,sh601228,广州港,6.45,-1.5267
2018-01-30,sh601228,广州港,6.36,-1.3953
2018-01-31,sh601228,广州港,6.14,-3.4591
2018-02-01,sh601228,广州港,5.93,-3.4202
2018-02-02,sh601228,广州港,5.87,-1.0118
2018-02-05,sh601228,广州港,5.87,0.0
2018-02-06,sh601228,广州港,5.42,-7.6661
2018-02-07,sh601228,广州港,5.45,0.5535
2018-02-08,sh601228,广州港,5.49,0.7339
2018-02-09,sh601228,广州港,5.18,-5.6466
2018-02-12,sh601228,广州港,5.29,2.1236
2018-02-13,sh601228,广州港,5.3,0.189
2018-02-14,sh601228,广州港,5.33,0.566
2018-02-22,sh601228,广州港,5.41,1.5009
2018-02-23,sh601228,广州港,5.59,3.3272
2018-02-26,sh601228,广州港,6.03,7.8712
2018-02-27,sh601228,广州港,5.83,-3.3167
2018-02-28,sh601228,广州港,5.83,0.0
2018-03-01,sh601228,广州港,5.85,0.3431
2018-03-02,sh601228,广州港,5.9,0.8547
2018-03-05,sh601228,广州港,5.9,0.0
2018-03-06,sh601228,广州港,5.98,1.3559
2018-03-07,sh601228,广州港,6.07,1.505
2018-03-08,sh601228,广州港,6.19,1.9769
2018-03-09,sh601228,广州港,6.18,-0.1616
2018-03-12,sh601228,广州港,6.12,-0.9709
2018-03-13,sh601228,广州港,6.15,0.4902
2018-03-14,sh601228,广州港,6.01,-2.2764
2018-03-15,sh601228,广州港,5.98,-0.4992
2018-03-16,sh601228,广州港,5.96,-0.3344
2018-03-19,sh601228,广州港,5.88,-1.3423
2018-03-20,sh601228,广州港,5.8,-1.3605
2018-03-21,sh601228,广州港,5.74,-1.0345
2018-03-22,sh601228,广州港,5.69,-0.8711
2018-03-23,sh601228,广州港,5.3,-6.8541
2018-03-26,sh601228,广州港,5.32,0.3774
2018-03-27,sh601228,广州港,5.47,2.8195
2018-03-28,sh601228,广州港,5.39,-1.4625
2018-03-29,sh601228,广州港,5.46,1.2987
2018-03-30,sh601228,广州港,5.48,0.3663
2018-04-02,sh601228,广州港,5.42,-1.0949
2018-04-03,sh601228,广州港,5.46,0.738
2018-04-04,sh601228,广州港,5.63,3.1136
2018-04-09,sh601228,广州港,5.91,4.9734
2018-04-10,sh601228,广州港,5.77,-2.3689
2018-04-11,sh601228,广州港,5.72,-0.8666
2018-04-12,sh601228,广州港,5.61,-1.9231
2018-04-13,sh601228,广州港,5.68,1.2478
2018-04-16,sh601228,广州港,5.75,1.2324
2018-04-17,sh601228,广州港,5.56,-3.3043
2018-04-18,sh601228,广州港,5.52,-0.7194
2018-04-19,sh601228,广州港,5.58,1.087
2018-04-20,sh601228,广州港,5.5,-1.4337
2018-04-23,sh601228,广州港,5.41,-1.6364
2018-04-24,sh601228,广州港,5.5,1.6636
2018-04-25,sh601228,广州港,5.56,1.0909
2018-04-26,sh601228,广州港,5.42,-2.518
2018-04-27,sh601228,广州港,5.51,1.6605
2018-05-02,sh601228,广州港,5.43,-1.4519
2018-05-03,sh601228,广州港,5.48,0.9208
2018-05-04,sh601228,广州港,5.56,1.4599
2018-05-07,sh601228,广州港,5.62,1.0791
2018-05-08,sh601228,广州港,5.69,1.2456
2018-05-09,sh601228,广州港,5.66,-0.5272
2018-05-10,sh601228,广州港,5.9,4.2403
2018-05-11,sh601228,广州港,5.86,-0.678
2018-05-14,sh601228,广州港,5.86,0.0
2018-05-15,sh601228,广州港,5.89,0.5119
2018-05-16,sh601228,广州港,5.92,0.5093
2018-05-17,sh601228,广州港,6.06,2.3649
2018-05-18,sh601228,广州港,6.26,3.3003
2018-05-21,sh601228,广州港,6.21,-0.7987
2018-05-22,sh601228,广州港,6.26,0.8052
2018-05-23,sh601228,广州港,6.1,-2.5559
2018-05-24,sh601228,广州港,6.29,3.1148
2018-05-25,sh601228,广州港,6.21,-1.2719
2018-05-28,sh601228,广州港,5.98,-3.7037
2018-05-29,sh601228,广州港,5.99,0.1672
2018-05-30,sh601228,广州港,5.65,-5.6761
2018-05-31,sh601228,广州港,5.93,4.9558
2018-06-01,sh601228,广州港,5.84,-1.5177
2018-06-04,sh601228,广州港,5.8,-0.6849
2018-06-05,sh601228,广州港,5.91,1.8966
2018-06-06,sh601228,广州港,5.89,-0.3384
2018-06-07,sh601228,广州港,5.95,1.0187
2018-06-08,sh601228,广州港,6.02,1.1765
2018-06-11,sh601228,广州港,6.05,0.4983
2018-06-12,sh601228,广州港,6.06,0.1653
2018-06-13,sh601228,广州港,5.94,-1.9802
2018-06-14,sh601228,广州港,5.79,-2.5253
2018-06-15,sh601228,广州港,5.94,2.5907
2018-06-19,sh601228,广州港,5.41,-8.9226
2018-06-20,sh601228,广州港,5.54,2.403
2018-06-21,sh601228,广州港,5.48,-1.083
2018-06-22,sh601228,广州港,5.6,2.1898
2018-06-25,sh601228,广州港,5.59,-0.1786
2018-06-26,sh601228,广州港,5.67,1.4311
2018-06-27,sh601228,广州港,5.68,0.1764
2018-06-28,sh601228,广州港,5.7,0.3521
2018-06-29,sh601228,广州港,5.81,1.9298
2018-07-02,sh601228,广州港,5.52,-4.9914
2018-07-03,sh601228,广州港,5.47,-0.9058
2018-07-04,sh601228,广州港,5.34,-2.3766
2018-07-05,sh601228,广州港,5.09,-4.6816
2018-07-06,sh601228,广州港,5.07,-0.3929
2018-07-09,sh601228,广州港,5.14,1.3807
2018-07-10,sh601228,广州港,5.18,0.7782
2018-07-11,sh601228,广州港,5.03,-2.8958
2018-07-12,sh601228,广州港,5.15,2.3857
2018-07-13,sh601228,广州港,5.16,0.1942
2018-07-16,sh601228,广州港,5.19,0.5814
2018-07-17,sh601228,广州港,5.11,-1.5414
2018-07-18,sh601228,广州港,5.1,-0.1957
2018-07-19,sh601228,广州港,5.07,-0.5882
2018-07-20,sh601228,广州港,5.14,1.3807
2018-07-23,sh601228,广州港,5.21,1.3619
2018-07-24,sh601228,广州港,5.31,1.9194
2018-07-25,sh601228,广州港,5.26,-0.9416
2018-07-26,sh601228,广州港,5.26,0.0
2018-07-27,sh601228,广州港,5.32,1.1407
2018-07-30,sh601228,广州港,5.19,-2.4436
2018-07-31,sh601228,广州港,5.25,1.1561
2018-08-01,sh601228,广州港,5.18,-1.3333
2018-08-02,sh601228,广州港,5.01,-3.2819
2018-08-03,sh601228,广州港,5.0,-0.1996
2018-08-06,sh601228,广州港,4.84,-3.2
2018-08-07,sh601228,广州港,4.99,3.0992
2018-08-08,sh601228,广州港,4.96,-0.6012
2018-08-09,sh601228,广州港,5.01,1.0081
2018-08-10,sh601228,广州港,5.22,4.1916
2018-08-13,sh601228,广州港,5.4,3.4483
2018-08-14,sh601228,广州港,5.51,2.037
2018-08-15,sh601228,广州港,5.34,-3.0853
2018-08-16,sh601228,广州港,5.11,-4.3071
2018-08-17,sh601228,广州港,5.0,-2.1526
2018-08-20,sh601228,广州港,4.99,-0.2
2018-08-21,sh601228,广州港,5.01,0.4008
2018-08-22,sh601228,广州港,5.0,-0.1996
2018-08-23,sh601228,广州港,5.04,0.8
2018-08-24,sh601228,广州港,5.05,0.1984
2018-08-27,sh601228,广州港,5.12,1.3861
2018-08-28,sh601228,广州港,5.15,0.5859
2018-08-29,sh601228,广州港,5.1,-0.9709
2018-08-30,sh601228,广州港,5.06,-0.7843
2018-08-31,sh601228,广州港,4.99,-1.3834
2018-09-03,sh601228,广州港,4.97,-0.4008
2018-09-04,sh601228,广州港,5.0,0.6036
2018-09-05,sh601228,广州港,4.91,-1.8
2018-09-06,sh601228,广州港,4.87,-0.8147
2018-09-07,sh601228,广州港,4.87,0.0
2018-09-10,sh601228,广州港,4.82,-1.0267
2018-09-11,sh601228,广州港,4.84,0.4149
2018-09-12,sh601228,广州港,4.82,-0.4132
2018-09-13,sh601228,广州港,4.86,0.8299
2018-09-14,sh601228,广州港,4.9,0.823
2018-09-17,sh601228,广州港,4.86,-0.8163
2018-09-18,sh601228,广州港,4.91,1.0288
2018-09-19,sh601228,广州港,4.95,0.8147
2018-09-20,sh601228,广州港,4.94,-0.202
2018-09-21,sh601228,广州港,4.99,1.0121
2018-09-25,sh601228,广州港,4.98,-0.2004
2018-09-26,sh601228,广州港,4.99,0.2008
2018-09-27,sh601228,广州港,4.94,-1.002
2018-09-28,sh601228,广州港,5.04,2.0243
2018-10-08,sh601228,广州港,4.86,-3.5714
2018-10-09,sh601228,广州港,4.92,1.2346
2018-10-10,sh601228,广州港,4.93,0.2033
2018-10-11,sh601228,广州港,4.52,-8.3164
2018-10-12,sh601228,广州港,4.4,-2.6549
2018-10-15,sh601228,广州港,4.38,-0.4545
2018-10-16,sh601228,广州港,4.27,-2.5114
2018-10-17,sh601228,广州港,4.36,2.1077
2018-10-18,sh601228,广州港,4.36,0.0
2018-10-19,sh601228,广州港,4.46,2.2936
2018-10-22,sh601228,广州港,4.63,3.8117
2018-10-23,sh601228,广州港,4.47,-3.4557
2018-10-24,sh601228,广州港,4.35,-2.6846
2018-10-25,sh601228,广州港,4.23,-2.7586
2018-10-26,sh601228,广州港,4.18,-1.182
2018-10-29,sh601228,广州港,4.11,-1.6746
2018-10-30,sh601228,广州港,4.11,0.0
2018-10-31,sh601228,广州港,4.13,0.4866
2018-11-01,sh601228,广州港,4.16,0.7264
2018-11-02,sh601228,广州港,4.26,2.4038
2018-11-05,sh601228,广州港,4.28,0.4695
2018-11-06,sh601228,广州港,4.24,-0.9346
2018-11-07,sh601228,广州港,4.2,-0.9434
2018-11-08,sh601228,广州港,4.21,0.2381
2018-11-09,sh601228,广州港,4.16,-1.1876
2018-11-12,sh601228,广州港,4.25,2.1635
2018-11-13,sh601228,广州港,4.32,1.6471
2018-11-14,sh601228,广州港,4.3,-0.463
2018-11-15,sh601228,广州港,4.34,0.9302
2018-11-16,sh601228,广州港,4.44,2.3041
2018-11-19,sh601228,广州港,4.44,0.0
2018-11-20,sh601228,广州港,4.31,-2.9279
2018-11-21,sh601228,广州港,4.3,-0.232
2018-11-22,sh601228,广州港,4.31,0.2326
2018-11-23,sh601228,广州港,4.18,-3.0162
2018-11-26,sh601228,广州港,4.18,0.0
2018-11-27,sh601228,广州港,4.17,-0.2392
2018-11-28,sh601228,广州港,4.18,0.2398
2018-11-29,sh601228,广州港,4.08,-2.3923
2018-11-30,sh601228,广州港,4.09,0.2451
2018-12-03,sh601228,广州港,4.21,2.934
2018-12-04,sh601228,广州港,4.26,1.1876
2018-12-05,sh601228,广州港,4.22,-0.939
2018-12-06,sh601228,广州港,4.14,-1.8957
2018-12-07,sh601228,广州港,4.15,0.2415
2018-12-10,sh601228,广州港,4.1,-1.2048
2018-12-11,sh601228,广州港,4.13,0.7317
2018-12-12,sh601228,广州港,4.13,0.0
2018-12-13,sh601228,广州港,4.18,1.2107
2018-12-14,sh601228,广州港,4.2,0.4785
2018-12-17,sh601228,广州港,4.27,1.6667
2018-12-18,sh601228,广州港,4.23,-0.9368
2018-12-19,sh601228,广州港,4.12,-2.6005
2018-12-20,sh601228,广州港,4.11,-0.2427
2018-12-21,sh601228,广州港,4.07,-0.9732
2018-12-24,sh601228,广州港,4.09,0.4914
2018-12-25,sh601228,广州港,4.0,-2.2005
2018-12-26,sh601228,广州港,3.97,-0.75
2018-12-27,sh601228,广州港,3.93,-1.0076
2018-12-28,sh601228,广州港,3.96,0.7634
2019-01-02,sh601228,广州港,3.95,-0.2525
2019-01-03,sh601228,广州港,3.96,0.2532
2019-01-04,sh601228,广州港,4.03,1.7677
2019-01-07,sh601228,广州港,4.05,0.4963
2019-01-08,sh601228,广州港,4.08,0.7407
2019-01-09,sh601228,广州港,4.05,-0.7353
2019-01-10,sh601228,广州港,4.03,-0.4938
2019-01-11,sh601228,广州港,4.06,0.7444
2019-01-14,sh601228,广州港,4.04,-0.4926
2019-01-15,sh601228,广州港,4.07,0.7426
2019-01-16,sh601228,广州港,4.08,0.2457
2019-01-17,sh601228,广州港,4.04,-0.9804
2019-01-18,sh601228,广州港,4.07,0.7426
2019-01-21,sh601228,广州港,4.05,-0.4914
2019-01-22,sh601228,广州港,4.0,-1.2346
2019-01-23,sh601228,广州港,4.0,0.0
2019-01-24,sh601228,广州港,4.01,0.25
2019-01-25,sh601228,广州港,3.98,-0.7481
2019-01-28,sh601228,广州港,3.99,0.2513
2019-01-29,sh601228,广州港,3.94,-1.2531
2019-01-30,sh601228,广州港,3.94,0.0
2019-01-31,sh601228,广州港,3.91,-0.7614
2019-02-01,sh601228,广州港,4.03,3.0691
2019-02-11,sh601228,广州港,4.05,0.4963
2019-02-12,sh601228,广州港,4.17,2.963
2019-02-13,sh601228,广州港,4.18,0.2398
2019-02-14,sh601228,广州港,4.28,2.3923
2019-02-15,sh601228,广州港,4.31,0.7009
2019-02-18,sh601228,广州港,4.4,2.0882
2019-02-19,sh601228,广州港,4.84,10.0
2019-02-20,sh601228,广州港,4.85,0.2066
2019-02-21,sh601228,广州港,4.7,-3.0928
2019-02-22,sh601228,广州港,4.72,0.4255
2019-02-25,sh601228,广州港,4.86,2.9661
2019-02-26,sh601228,广州港,4.77,-1.8519
2019-02-27,sh601228,广州港,4.71,-1.2579
2019-02-28,sh601228,广州港,4.81,2.1231
2019-03-01,sh601228,广州港,4.78,-0.6237
2019-03-04,sh601228,广州港,4.87,1.8828
2019-03-05,sh601228,广州港,4.89,0.4107
2019-03-06,sh601228,广州港,5.03,2.863
2019-03-07,sh601228,广州港,5.23,3.9761
2019-03-08,sh601228,广州港,4.85,-7.2658
2019-03-11,sh601228,广州港,5.02,3.5052
2019-03-12,sh601228,广州港,5.01,-0.1992
2019-03-13,sh601228,广州港,4.86,-2.994
2019-03-14,sh601228,广州港,4.8,-1.2346
2019-03-15,sh601228,广州港,4.86,1.25
2019-03-18,sh601228,广州港,4.93,1.4403
2019-03-19,sh601228,广州港,4.92,-0.2028
2019-03-20,sh601228,广州港,5.0,1.626
2019-03-21,sh601228,广州港,5.01,0.2
2019-03-22,sh601228,广州港,5.11,1.996
2019-03-25,sh601228,广州港,4.95,-3.1311
2019-03-26,sh601228,广州港,4.99,0.8081
2019-03-27,sh601228,广州港,5.14,3.006
2019-03-28,sh601228,广州港,5.12,-0.3891
2019-03-29,sh601228,广州港,5.07,-0.9766
2019-04-01,sh601228,广州港,5.27,3.9448
2019-04-02,sh601228,广州港,5.19,-1.518
2019-04-03,sh601228,广州港,5.3,2.1195
2019-04-04,sh601228,广州港,5.25,-0.9434
2019-04-08,sh601228,广州港,5.15,-1.9048
2019-04-09,sh601228,广州港,5.12,-0.5825
2019-04-10,sh601228,广州港,5.15,0.5859
2019-04-11,sh601228,广州港,5.06,-1.7476
2019-04-12,sh601228,广州港,5.07,0.1976
2019-04-15,sh601228,广州港,5.14,1.3807
2019-04-16,sh601228,广州港,5.16,0.3891
2019-04-17,sh601228,广州港,5.15,-0.1938
2019-04-18,sh601228,广州港,5.09,-1.165
2019-04-19,sh601228,广州港,5.11,0.3929
2019-04-22,sh601228,广州港,5.0,-2.1526
2019-04-23,sh601228,广州港,4.87,-2.6
2019-04-24,sh601228,广州港,4.92,1.0267
2019-04-25,sh601228,广州港,4.86,-1.2195
2019-04-26,sh601228,广州港,4.81,-1.0288
2019-04-29,sh601228,广州港,4.6,-4.3659
2019-04-30,sh601228,广州港,4.67,1.5217
2019-05-06,sh601228,广州港,4.31,-7.7088
2019-05-07,sh601228,广州港,4.3,-0.232
2019-05-08,sh601228,广州港,4.32,0.4651
2019-05-09,sh601228,广州港,4.22,-2.3148
2019-05-10,sh601228,广州港,4.3,1.8957
2019-05-13,sh601228,广州港,4.26,-0.9302
2019-05-14,sh601228,广州港,4.21,-1.1737
2019-05-15,sh601228,广州港,4.29,1.9002
2019-05-16,sh601228,广州港,4.3,0.2331
2019-05-17,sh601228,广州港,4.25,-1.1628
2019-05-20,sh601228,广州港,4.17,-1.8824
2019-05-21,sh601228,广州港,4.24,1.6787
2019-05-22,sh601228,广州港,4.17,-1.6509
2019-05-23,sh601228,广州港,4.12,-1.199
2019-05-24,sh601228,广州港,4.12,0.0
2019-05-27,sh601228,广州港,4.18,1.4563
2019-05-28,sh601228,广州港,4.17,-0.2392
2019-05-29,sh601228,广州港,4.15,-0.4796
2019-05-30,sh601228,广州港,4.15,0.0
2019-05-31,sh601228,广州港,4.13,-0.4819
2019-06-03,sh601228,广州港,4.15,0.4843
2019-06-04,sh601228,广州港,4.12,-0.7229
2019-06-05,sh601228,广州港,4.11,-0.2427
2019-06-06,sh601228,广州港,4.02,-2.1898
2019-06-10,sh601228,广州港,4.04,0.4975
2019-06-11,sh601228,广州港,4.14,2.4752
2019-06-12,sh601228,广州港,4.11,-0.7246
2019-06-13,sh601228,广州港,4.1,-0.2433
2019-06-14,sh601228,广州港,4.05,-1.2195
2019-06-17,sh601228,广州港,4.05,0.0
2019-06-18,sh601228,广州港,4.04,-0.2469
2019-06-19,sh601228,广州港,4.12,1.9802
2019-06-20,sh601228,广州港,4.15,0.7282
2019-06-21,sh601228,广州港,4.19,0.9639
2019-06-24,sh601228,广州港,4.16,-0.716
2019-06-25,sh601228,广州港,4.13,-0.7212
2019-06-26,sh601228,广州港,4.13,0.0
2019-06-27,sh601228,广州港,4.11,-0.4843
2019-06-28,sh601228,广州港,4.18,1.7032
2019-07-01,sh601228,广州港,4.23,1.1962
2019-07-02,sh601228,广州港,4.2,-0.7092
2019-07-03,sh601228,广州港,4.14,-1.4286
2019-07-04,sh601228,广州港,4.15,0.2415
2019-07-05,sh601228,广州港,4.18,0.7229
2019-07-08,sh601228,广州港,4.11,-1.6746
2019-07-09,sh601228,广州港,4.08,-0.7299
2019-07-10,sh601228,广州港,4.06,-0.4902
2019-07-11,sh601228,广州港,4.06,0.0
2019-07-12,sh601228,广州港,4.06,0.0
2019-07-15,sh601228,广州港,4.07,0.2463
2019-07-16,sh601228,广州港,4.08,0.2457
2019-07-17,sh601228,广州港,4.07,-0.2451
2019-07-18,sh601228,广州港,4.02,-1.2285
2019-07-19,sh601228,广州港,4.05,0.7463
2019-07-22,sh601228,广州港,3.99,-1.4815
2019-07-23,sh601228,广州港,4.01,0.5013
2019-07-24,sh601228,广州港,4.03,0.4988
2019-07-25,sh601228,广州港,4.04,0.2481
2019-07-26,sh601228,广州港,4.06,0.495
2019-07-29,sh601228,广州港,4.04,-0.4926
2019-07-30,sh601228,广州港,4.04,0.0
2019-07-31,sh601228,广州港,4.04,0.0
2019-08-01,sh601228,广州港,4.03,-0.2475
2019-08-02,sh601228,广州港,3.95,-1.9851
2019-08-05,sh601228,广州港,3.92,-0.7595
2019-08-06,sh601228,广州港,3.77,-3.8265
2019-08-07,sh601228,广州港,3.71,-1.5915
2019-08-08,sh601228,广州港,3.72,0.2695
2019-08-09,sh601228,广州港,3.69,-0.8065
2019-08-12,sh601228,广州港,3.73,1.084
2019-08-13,sh601228,广州港,3.81,2.1448
2019-08-14,sh601228,广州港,3.81,0.0
2019-08-15,sh601228,广州港,3.76,-1.3123
2019-08-16,sh601228,广州港,3.76,0.0
2019-08-19,sh601228,广州港,3.92,4.2553
2019-08-20,sh601228,广州港,3.92,0.0
2019-08-21,sh601228,广州港,3.94,0.5102
2019-08-22,sh601228,广州港,3.92,-0.5076
2019-08-23,sh601228,广州港,3.86,-1.5306
2019-08-26,sh601228,广州港,3.8,-1.5544
2019-08-27,sh601228,广州港,3.85,1.3158
2019-08-28,sh601228,广州港,3.85,0.0
2019-08-29,sh601228,广州港,3.84,-0.2597
2019-08-30,sh601228,广州港,3.83,-0.2604
2019-09-02,sh601228,广州港,3.88,1.3055
2019-09-03,sh601228,广州港,3.89,0.2577
2019-09-04,sh601228,广州港,3.97,2.0566
2019-09-05,sh601228,广州港,3.96,-0.2519
2019-09-06,sh601228,广州港,4.01,1.2626
2019-09-09,sh601228,广州港,4.02,0.2494
2019-09-10,sh601228,广州港,4.01,-0.2488
2019-09-11,sh601228,广州港,3.98,-0.7481
2019-09-12,sh601228,广州港,4.01,0.7538
2019-09-16,sh601228,广州港,4.0,-0.2494
2019-09-17,sh601228,广州港,3.91,-2.25
2019-09-18,sh601228,广州港,3.91,0.0
2019-09-19,sh601228,广州港,3.92,0.2558
2019-09-20,sh601228,广州港,3.92,0.0
2019-09-23,sh601228,广州港,3.9,-0.5102
2019-09-24,sh601228,广州港,3.89,-0.2564
2019-09-25,sh601228,广州港,3.84,-1.2853
2019-09-26,sh601228,广州港,3.8,-1.0417
2019-09-27,sh601228,广州港,3.81,0.2632
2019-09-30,sh601228,广州港,3.8,-0.2625
2019-10-08,sh601228,广州港,3.82,0.5263
2019-10-09,sh601228,广州港,3.83,0.2618
2019-10-10,sh601228,广州港,3.86,0.7833
2019-10-11,sh601228,广州港,3.88,0.5181
2019-10-14,sh601228,广州港,3.96,2.0619
2019-10-15,sh601228,广州港,4.07,2.7778
2019-10-16,sh601228,广州港,3.96,-2.7027
2019-10-17,sh601228,广州港,3.93,-0.7576
2019-10-18,sh601228,广州港,3.85,-2.0356
2019-10-21,sh601228,广州港,3.84,-0.2597
2019-10-22,sh601228,广州港,3.85,0.2604
2019-10-23,sh601228,广州港,3.85,0.0
2019-10-24,sh601228,广州港,3.85,0.0
2019-10-25,sh601228,广州港,3.9,1.2987
2019-10-28,sh601228,广州港,3.92,0.5128
2019-10-29,sh601228,广州港,3.86,-1.5306
2019-10-30,sh601228,广州港,3.82,-1.0363
2019-10-31,sh601228,广州港,3.8,-0.5236
2019-11-01,sh601228,广州港,3.81,0.2632
2019-11-04,sh601228,广州港,3.81,0.0
2019-11-05,sh601228,广州港,3.83,0.5249
2019-11-06,sh601228,广州港,3.82,-0.2611
2019-11-07,sh601228,广州港,3.82,0.0
2019-11-08,sh601228,广州港,3.81,-0.2618
2019-11-11,sh601228,广州港,3.76,-1.3123
2019-11-12,sh601228,广州港,3.77,0.266
2019-11-13,sh601228,广州港,3.77,0.0
2019-11-14,sh601228,广州港,3.74,-0.7958
2019-11-15,sh601228,广州港,3.74,0.0
2019-11-18,sh601228,广州港,3.75,0.2674
2019-11-19,sh601228,广州港,3.78,0.8
2019-11-20,sh601228,广州港,3.74,-1.0582
2019-11-21,sh601228,广州港,3.72,-0.5348
2019-11-22,sh601228,广州港,3.72,0.0
2019-11-25,sh601228,广州港,3.75,0.8065
2019-11-26,sh601228,广州港,3.75,0.0
2019-11-27,sh601228,广州港,3.75,0.0
2019-11-28,sh601228,广州港,3.73,-0.5333
2019-11-29,sh601228,广州港,3.74,0.2681
2019-12-02,sh601228,广州港,3.75,0.2674
2019-12-03,sh601228,广州港,3.75,0.0
2019-12-04,sh601228,广州港,3.77,0.5333
2019-12-05,sh601228,广州港,3.79,0.5305
2019-12-06,sh601228,广州港,3.82,0.7916
2019-12-09,sh601228,广州港,3.83,0.2618
2019-12-10,sh601228,广州港,3.82,-0.2611
2019-12-11,sh601228,广州港,3.79,-0.7853
2019-12-12,sh601228,广州港,3.82,0.7916
2019-12-13,sh601228,广州港,3.87,1.3089
2019-12-16,sh601228,广州港,3.89,0.5168
2019-12-17,sh601228,广州港,3.91,0.5141
2019-12-18,sh601228,广州港,3.92,0.2558
2019-12-19,sh601228,广州港,3.91,-0.2551
2019-12-20,sh601228,广州港,3.86,-1.2788
2019-12-23,sh601228,广州港,3.79,-1.8135
2019-12-24,sh601228,广州港,3.81,0.5277
2019-12-25,sh601228,广州港,3.78,-0.7874
2019-12-26,sh601228,广州港,3.79,0.2646
2019-12-27,sh601228,广州港,3.81,0.5277
2019-12-30,sh601228,广州港,3.82,0.2625
2019-12-31,sh601228,广州港,3.83,0.2618
2020-01-02,sh601228,广州港,3.89,1.5666
2020-01-03,sh601228,广州港,3.87,-0.5141
2020-01-06,sh601228,广州港,3.86,-0.2584
2020-01-07,sh601228,广州港,3.89,0.7772
2020-01-08,sh601228,广州港,3.84,-1.2853
2020-01-09,sh601228,广州港,3.87,0.7812
2020-01-10,sh601228,广州港,3.88,0.2584
2020-01-13,sh601228,广州港,3.9,0.5155
2020-01-14,sh601228,广州港,3.89,-0.2564
2020-01-15,sh601228,广州港,3.85,-1.0283
2020-01-16,sh601228,广州港,3.86,0.2597
2020-01-17,sh601228,广州港,3.85,-0.2591
2020-01-20,sh601228,广州港,3.85,0.0
2020-01-21,sh601228,广州港,3.8,-1.2987
2020-01-22,sh601228,广州港,3.82,0.5263
2020-01-23,sh601228,广州港,3.74,-2.0942
2020-02-03,sh601228,广州港,3.37,-9.893
2020-02-04,sh601228,广州港,3.29,-2.3739
2020-02-05,sh601228,广州港,3.32,0.9119
2020-02-06,sh601228,广州港,3.31,-0.3012
2020-02-07,sh601228,广州港,3.29,-0.6042
2020-02-10,sh601228,广州港,3.31,0.6079
2020-02-11,sh601228,广州港,3.34,0.9063
2020-02-12,sh601228,广州港,3.34,0.0
2020-02-13,sh601228,广州港,3.3,-1.1976
2020-02-14,sh601228,广州港,3.3,0.0
2020-02-17,sh601228,广州港,3.38,2.4242
2020-02-18,sh601228,广州港,3.39,0.2959
2020-02-19,sh601228,广州港,3.4,0.295
2020-02-20,sh601228,广州港,3.45,1.4706
2020-02-21,sh601228,广州港,3.46,0.2899
2020-02-24,sh601228,广州港,3.4,-1.7341
2020-02-25,sh601228,广州港,3.35,-1.4706
2020-02-26,sh601228,广州港,3.37,0.597
2020-02-27,sh601228,广州港,3.37,0.0
2020-02-28,sh601228,广州港,3.23,-4.1543
2020-03-02,sh601228,广州港,3.31,2.4768
2020-03-03,sh601228,广州港,3.52,6.3444
2020-03-04,sh601228,广州港,3.49,-0.8523
2020-03-05,sh601228,广州港,3.51,0.5731
2020-03-06,sh601228,广州港,3.44,-1.9943
2020-03-09,sh601228,广州港,3.35,-2.6163
2020-03-10,sh601228,广州港,3.39,1.194
2020-03-11,sh601228,广州港,3.41,0.59
2020-03-12,sh601228,广州港,3.36,-1.4663
2020-03-13,sh601228,广州港,3.31,-1.4881
2020-03-16,sh601228,广州港,3.23,-2.4169
2020-03-17,sh601228,广州港,3.22,-0.3096
2020-03-18,sh601228,广州港,3.22,0.0
2020-03-19,sh601228,广州港,3.19,-0.9317
2020-03-20,sh601228,广州港,3.21,0.627
2020-03-23,sh601228,广州港,3.11,-3.1153
2020-03-24,sh601228,广州港,3.15,1.2862
2020-03-25,sh601228,广州港,3.2,1.5873
2020-03-26,sh601228,广州港,3.14,-1.875
2020-03-27,sh601228,广州港,3.15,0.3185
2020-03-30,sh601228,广州港,3.14,-0.3175
2020-03-31,sh601228,广州港,3.17,0.9554
2020-04-01,sh601228,广州港,3.19,0.6309
2020-04-02,sh601228,广州港,3.23,1.2539
2020-04-03,sh601228,广州港,3.22,-0.3096
2020-04-07,sh601228,广州港,3.25,0.9317
2020-04-08,sh601228,广州港,3.22,-0.9231
2020-04-09,sh601228,广州港,3.22,0.0
2020-04-10,sh601228,广州港,3.22,0.0
2020-04-13,sh601228,广州港,3.16,-1.8634
2020-04-14,sh601228,广州港,3.19,0.9494
2020-04-15,sh601228,广州港,3.2,0.3135
2020-04-16,sh601228,广州港,3.19,-0.3125
2020-04-17,sh601228,广州港,3.19,0.0
2020-04-20,sh601228,广州港,3.18,-0.3135
2020-04-21,sh601228,广州港,3.17,-0.3145
2020-04-22,sh601228,广州港,3.17,0.0
2020-04-23,sh601228,广州港,3.17,0.0
2020-04-24,sh601228,广州港,3.14,-0.9464
2020-04-27,sh601228,广州港,3.16,0.6369
2020-04-28,sh601228,广州港,3.13,-0.9494
2020-04-29,sh601228,广州港,3.16,0.9585
2020-04-30,sh601228,广州港,3.2,1.2658
2020-05-06,sh601228,广州港,3.22,0.625
2020-05-07,sh601228,广州港,3.2,-0.6211
2020-05-08,sh601228,广州港,3.24,1.25
2020-05-11,sh601228,广州港,3.21,-0.9259
2020-05-12,sh601228,广州港,3.16,-1.5576
2020-05-13,sh601228,广州港,3.12,-1.2658
2020-05-14,sh601228,广州港,3.09,-0.9615
2020-05-15,sh601228,广州港,3.17,2.589
2020-05-18,sh601228,广州港,3.09,-2.5237
2020-05-19,sh601228,广州港,3.08,-0.3236
2020-05-20,sh601228,广州港,3.03,-1.6234
2020-05-21,sh601228,广州港,3.02,-0.33
2020-05-22,sh601228,广州港,2.99,-0.9934
2020-05-25,sh601228,广州港,2.96,-1.0033
2020-05-26,sh601228,广州港,2.97,0.3378
2020-05-27,sh601228,广州港,3.0,1.0101
2020-05-28,sh601228,广州港,2.97,-1.0
2020-05-29,sh601228,广州港,3.02,1.6835
2020-06-01,sh601228,广州港,3.06,1.3245
2020-06-02,sh601228,广州港,3.09,0.9804
2020-06-03,sh601228,广州港,3.05,-1.2945
2020-06-04,sh601228,广州港,3.03,-0.6557
2020-06-05,sh601228,广州港,3.05,0.6601
2020-06-08,sh601228,广州港,3.06,0.3279
2020-06-09,sh601228,广州港,3.05,-0.3268
2020-06-10,sh601228,广州港,3.02,-0.9836
2020-06-11,sh601228,广州港,3.0,-0.6623
2020-06-12,sh601228,广州港,2.98,-0.6667
2020-06-15,sh601228,广州港,3.02,1.3423
2020-06-16,sh601228,广州港,3.06,1.3245
2020-06-17,sh601228,广州港,3.03,-0.9804
2020-06-18,sh601228,广州港,3.07,1.3201
2020-06-19,sh601228,广州港,3.2,4.2345
2020-06-22,sh601228,广州港,3.13,-2.1875
2020-06-23,sh601228,广州港,3.04,-2.8754
2020-06-24,sh601228,广州港,3.04,0.0
2020-06-29,sh601228,广州港,3.0,-1.3158
2020-06-30,sh601228,广州港,3.04,1.3333
2020-07-01,sh601228,广州港,3.05,0.3289
2020-07-02,sh601228,广州港,3.11,1.9672
2020-07-03,sh601228,广州港,3.19,2.5723
2020-07-06,sh601228,广州港,3.39,6.2696
2020-07-07,sh601228,广州港,3.35,-1.1799
2020-07-08,sh601228,广州港,3.43,2.3881
2020-07-09,sh601228,广州港,3.54,3.207
2020-07-10,sh601228,广州港,3.51,-0.8475
2020-07-13,sh601228,广州港,3.57,1.7094
2020-07-14,sh601228,广州港,3.49,-2.2409
2020-07-15,sh601228,广州港,3.36,-3.7249
2020-07-16,sh601228,广州港,3.24,-3.5714
2020-07-17,sh601228,广州港,3.24,0.0
2020-07-20,sh601228,广州港,3.33,2.7778
2020-07-21,sh601228,广州港,3.31,-0.6006
2020-07-22,sh601228,广州港,3.32,0.3021
2020-07-23,sh601228,广州港,3.33,0.3012
2020-07-24,sh601228,广州港,3.25,-2.4024
2020-07-27,sh601228,广州港,3.27,0.6154
2020-07-28,sh601228,广州港,3.29,0.6116
2020-07-29,sh601228,广州港,3.34,1.5198
2020-07-30,sh601228,广州港,3.35,0.2994
2020-07-31,sh601228,广州港,3.37,0.597
2020-08-03,sh601228,广州港,3.44,2.0772
2020-08-04,sh601228,广州港,3.66,6.3953
2020-08-05,sh601228,广州港,3.54,-3.2787
2020-08-06,sh601228,广州港,3.48,-1.6949
2020-08-07,sh601228,广州港,3.47,-0.2874
2020-08-10,sh601228,广州港,3.48,0.2882
2020-08-11,sh601228,广州港,3.41,-2.0115
2020-08-12,sh601228,广州港,3.4,-0.2933
2020-08-13,sh601228,广州港,3.43,0.8824
2020-08-14,sh601228,广州港,3.47,1.1662
2020-08-17,sh601228,广州港,3.49,0.5764
2020-08-18,sh601228,广州港,3.51,0.5731
2020-08-19,sh601228,广州港,3.47,-1.1396
2020-08-20,sh601228,广州港,3.43,-1.1527
2020-08-21,sh601228,广州港,3.41,-0.5831
2020-08-24,sh601228,广州港,3.41,0.0
2020-08-25,sh601228,广州港,3.41,0.0
2020-08-26,sh601228,广州港,3.33,-2.346
2020-08-27,sh601228,广州港,3.34,0.3003
2020-08-28,sh601228,广州港,3.4,1.7964
2020-08-31,sh601228,广州港,3.37,-0.8824
2020-09-01,sh601228,广州港,3.37,0.0
2020-09-02,sh601228,广州港,3.35,-0.5935
2020-09-03,sh601228,广州港,3.37,0.597
2020-09-04,sh601228,广州港,3.36,-0.2967
2020-09-07,sh601228,广州港,3.33,-0.8929
2020-09-08,sh601228,广州港,3.36,0.9009
2020-09-09,sh601228,广州港,3.42,1.7857
2020-09-10,sh601228,广州港,3.34,-2.3392
2020-09-11,sh601228,广州港,3.3,-1.1976
2020-09-14,sh601228,广州港,3.29,-0.303
2020-09-15,sh601228,广州港,3.28,-0.304
2020-09-16,sh601228,广州港,3.29,0.3049
2020-09-17,sh601228,广州港,3.27,-0.6079
2020-09-18,sh601228,广州港,3.32,1.5291
2020-09-21,sh601228,广州港,3.32,0.0
2020-09-22,sh601228,广州港,3.28,-1.2048
2020-09-23,sh601228,广州港,3.28,0.0
2020-09-24,sh601228,广州港,3.2,-2.439
2020-09-25,sh601228,广州港,3.18,-0.625
2020-09-28,sh601228,广州港,3.16,-0.6289
2020-09-29,sh601228,广州港,3.17,0.3165
2020-09-30,sh601228,广州港,3.14,-0.9464
2020-10-09,sh601228,广州港,3.22,2.5478
2020-10-12,sh601228,广州港,3.29,2.1739
2020-10-13,sh601228,广州港,3.27,-0.6079
2020-10-14,sh601228,广州港,3.27,0.0
2020-10-15,sh601228,广州港,3.25,-0.6116
2020-10-16,sh601228,广州港,3.26,0.3077
2020-10-19,sh601228,广州港,3.22,-1.227
2020-10-20,sh601228,广州港,3.23,0.3106
2020-10-21,sh601228,广州港,3.24,0.3096
2020-10-22,sh601228,广州港,3.23,-0.3086
2020-10-23,sh601228,广州港,3.25,0.6192
2020-10-26,sh601228,广州港,3.22,-0.9231
2020-10-27,sh601228,广州港,3.25,0.9317
2020-10-28,sh601228,广州港,3.23,-0.6154
2020-10-29,sh601228,广州港,3.25,0.6192
2020-10-30,sh601228,广州港,3.18,-2.1538
2020-11-02,sh601228,广州港,3.22,1.2579
2020-11-03,sh601228,广州港,3.23,0.3106
2020-11-04,sh601228,广州港,3.21,-0.6192
2020-11-05,sh601228,广州港,3.25,1.2461
2020-11-06,sh601228,广州港,3.29,1.2308
2020-11-09,sh601228,广州港,3.4,3.3435
2020-11-10,sh601228,广州港,3.35,-1.4706
2020-11-11,sh601228,广州港,3.34,-0.2985
2020-11-12,sh601228,广州港,3.44,2.994
2020-11-13,sh601228,广州港,3.36,-2.3256
2020-11-16,sh601228,广州港,3.43,2.0833
2020-11-17,sh601228,广州港,3.77,9.9125
2020-11-18,sh601228,广州港,3.64,-3.4483
2020-11-19,sh601228,广州港,3.58,-1.6484
2020-11-20,sh601228,广州港,3.57,-0.2793
2020-11-23,sh601228,广州港,3.56,-0.2801
2020-11-24,sh601228,广州港,3.49,-1.9663
2020-11-25,sh601228,广州港,3.44,-1.4327
2020-11-26,sh601228,广州港,3.49,1.4535
2020-11-27,sh601228,广州港,3.49,0.0
2020-11-30,sh601228,广州港,3.5,0.2865
2020-12-01,sh601228,广州港,3.52,0.5714
2020-12-02,sh601228,广州港,3.5,-0.5682
2020-12-03,sh601228,广州港,3.47,-0.8571
2020-12-04,sh601228,广州港,3.49,0.5764
2020-12-07,sh601228,广州港,3.43,-1.7192
2020-12-08,sh601228,广州港,3.39,-1.1662
2020-12-09,sh601228,广州港,3.35,-1.1799
2020-12-10,sh601228,广州港,3.35,0.0
2020-12-11,sh601228,广州港,3.27,-2.3881
2020-12-14,sh601228,广州港,3.28,0.3058
2020-12-15,sh601228,广州港,3.26,-0.6098
2020-12-16,sh601228,广州港,3.26,0.0
2020-12-17,sh601228,广州港,3.34,2.454
2020-12-18,sh601228,广州港,3.32,-0.5988
2020-12-21,sh601228,广州港,3.3,-0.6024
2020-12-22,sh601228,广州港,3.22,-2.4242
2020-12-23,sh601228,广州港,3.22,0.0
2020-12-24,sh601228,广州港,3.24,0.6211
2020-12-25,sh601228,广州港,3.31,2.1605
2020-12-28,sh601228,广州港,3.28,-0.9063
2020-12-29,sh601228,广州港,3.39,3.3537
2020-12-30,sh601228,广州港,3.35,-1.1799
2020-12-31,sh601228,广州港,3.36,0.2985
2021-01-04,sh601228,广州港,3.37,0.2976
2021-01-05,sh601228,广州港,3.44,2.0772
2021-01-06,sh601228,广州港,3.38,-1.7442
2021-01-07,sh601228,广州港,3.32,-1.7751
2021-01-08,sh601228,广州港,3.33,0.3012
2021-01-11,sh601228,广州港,3.25,-2.4024
2021-01-12,sh601228,广州港,3.27,0.6154
2021-01-13,sh601228,广州港,3.26,-0.3058
2021-01-14,sh601228,广州港,3.35,2.7607
2021-01-15,sh601228,广州港,3.31,-1.194
2021-01-18,sh601228,广州港,3.33,0.6042
2021-01-19,sh601228,广州港,3.31,-0.6006
2021-01-20,sh601228,广州港,3.29,-0.6042
2021-01-21,sh601228,广州港,3.3,0.304
2021-01-22,sh601228,广州港,3.26,-1.2121
2021-01-25,sh601228,广州港,3.21,-1.5337
2021-01-26,sh601228,广州港,3.19,-0.6231
2021-01-27,sh601228,广州港,3.2,0.3135
2021-01-28,sh601228,广州港,3.16,-1.25
2021-01-29,sh601228,广州港,3.14,-0.6329
2021-02-01,sh601228,广州港,3.17,0.9554
2021-02-02,sh601228,广州港,3.17,0.0
2021-02-03,sh601228,广州港,3.13,-1.2618
2021-02-04,sh601228,广州港,3.08,-1.5974
2021-02-05,sh601228,广州港,3.08,0.0
2021-02-08,sh601228,广州港,3.09,0.3247
2021-02-09,sh601228,广州港,3.12,0.9709
2021-02-10,sh601228,广州港,3.14,0.641
2021-02-18,sh601228,广州港,3.25,3.5032
2021-02-19,sh601228,广州港,3.29,1.2308
2021-02-22,sh601228,广州港,3.32,0.9119
2021-02-23,sh601228,广州港,3.32,0.0
2021-02-24,sh601228,广州港,3.28,-1.2048
2021-02-25,sh601228,广州港,3.28,0.0
2021-02-26,sh601228,广州港,3.24,-1.2195
2021-03-01,sh601228,广州港,3.27,0.9259
2021-03-02,sh601228,广州港,3.23,-1.2232
2021-03-03,sh601228,广州港,3.28,1.548
2021-03-04,sh601228,广州港,3.31,0.9146
2021-03-05,sh601228,广州港,3.34,0.9063
2021-03-08,sh601228,广州港,3.31,-0.8982
2021-03-09,sh601228,广州港,3.37,1.8127
2021-03-10,sh601228,广州港,3.3,-2.0772
2021-03-11,sh601228,广州港,3.34,1.2121
2021-03-12,sh601228,广州港,3.39,1.497
2021-03-15,sh601228,广州港,3.43,1.1799
2021-03-16,sh601228,广州港,3.42,-0.2915
2021-03-17,sh601228,广州港,3.41,-0.2924
2021-03-18,sh601228,广州港,3.36,-1.4663
2021-03-19,sh601228,广州港,3.34,-0.5952
2021-03-22,sh601228,广州港,3.37,0.8982
2021-03-23,sh601228,广州港,3.33,-1.1869
2021-03-24,sh601228,广州港,3.31,-0.6006
2021-03-25,sh601228,广州港,3.32,0.3021
2021-03-26,sh601228,广州港,3.32,0.0
2021-03-29,sh601228,广州港,3.31,-0.3012
2021-03-30,sh601228,广州港,3.29,-0.6042
2021-03-31,sh601228,广州港,3.37,2.4316
2021-04-01,sh601228,广州港,3.36,-0.2967
2021-04-02,sh601228,广州港,3.33,-0.8929
2021-04-06,sh601228,广州港,3.33,0.0
2021-04-07,sh601228,广州港,3.39,1.8018
2021-04-08,sh601228,广州港,3.36,-0.885
2021-04-09,sh601228,广州港,3.38,0.5952
2021-04-12,sh601228,广州港,3.36,-0.5917
2021-04-13,sh601228,广州港,3.33,-0.8929
2021-04-14,sh601228,广州港,3.31,-0.6006
2021-04-15,sh601228,广州港,3.3,-0.3021
2021-04-16,sh601228,广州港,3.35,1.5152
2021-04-19,sh601228,广州港,3.35,0.0
2021-04-20,sh601228,广州港,3.33,-0.597
2021-04-21,sh601228,广州港,3.32,-0.3003
2021-04-22,sh601228,广州港,3.31,-0.3012
2021-04-23,sh601228,广州港,3.28,-0.9063
2021-04-26,sh601228,广州港,3.25,-0.9146
2021-04-27,sh601228,广州港,3.22,-0.9231
2021-04-28,sh601228,广州港,3.24,0.6211
2021-04-29,sh601228,广州港,3.24,0.0
2021-04-30,sh601228,广州港,3.21,-0.9259
2021-05-06,sh601228,广州港,3.21,0.0
2021-05-07,sh601228,广州港,3.25,1.2461
2021-05-10,sh601228,广州港,3.23,-0.6154
2021-05-11,sh601228,广州港,3.25,0.6192
2021-05-12,sh601228,广州港,3.27,0.6154
2021-05-13,sh601228,广州港,3.23,-1.2232
2021-05-14,sh601228,广州港,3.26,0.9288
2021-05-17,sh601228,广州港,3.27,0.3067
2021-05-18,sh601228,广州港,3.26,-0.3058
2021-05-19,sh601228,广州港,3.26,0.0
2021-05-20,sh601228,广州港,3.24,-0.6135
2021-05-21,sh601228,广州港,3.24,0.0
2021-05-24,sh601228,广州港,3.24,0.0
2021-05-25,sh601228,广州港,3.25,0.3086
2021-05-26,sh601228,广州港,3.25,0.0
2021-05-27,sh601228,广州港,3.23,-0.6154
2021-05-28,sh601228,广州港,3.24,0.3096
2021-05-31,sh601228,广州港,3.21,-0.9259
2021-06-01,sh601228,广州港,3.22,0.3115
2021-06-02,sh601228,广州港,3.22,0.0
2021-06-03,sh601228,广州港,3.25,0.9317
2021-06-04,sh601228,广州港,3.23,-0.6154
2021-06-07,sh601228,广州港,3.21,-0.6192
2021-06-08,sh601228,广州港,3.22,0.3115
2021-06-09,sh601228,广州港,3.21,-0.3106
2021-06-10,sh601228,广州港,3.22,0.3115
2021-06-11,sh601228,广州港,3.21,-0.3106
2021-06-15,sh601228,广州港,3.19,-0.6231
2021-06-16,sh601228,广州港,3.2,0.3135
2021-06-17,sh601228,广州港,3.2,0.0
2021-06-18,sh601228,广州港,3.15,-1.5625
2021-06-21,sh601228,广州港,3.15,0.0
2021-06-22,sh601228,广州港,3.17,0.6349
2021-06-23,sh601228,广州港,3.2,0.9464
2021-06-24,sh601228,广州港,3.19,-0.3125
2021-06-25,sh601228,广州港,3.2,0.3135
2021-06-28,sh601228,广州港,3.17,-0.9375
2021-06-29,sh601228,广州港,3.18,0.3155
2021-06-30,sh601228,广州港,3.18,0.0
2021-07-01,sh601228,广州港,3.15,-0.9434
2021-07-02,sh601228,广州港,3.14,-0.3175
2021-07-05,sh601228,广州港,3.17,0.9554
2021-07-06,sh601228,广州港,3.17,0.0
2021-07-07,sh601228,广州港,3.16,-0.3155
2021-07-08,sh601228,广州港,3.13,-0.9494
2021-07-09,sh601228,广州港,3.14,0.3195
2021-07-12,sh601228,广州港,3.13,-0.3185
2021-07-13,sh601228,广州港,3.12,-0.3195
2021-07-14,sh601228,广州港,3.12,0.0
2021-07-15,sh601228,广州港,3.1,-0.641
2021-07-16,sh601228,广州港,3.1,0.0
2021-07-19,sh601228,广州港,3.09,-0.3226
2021-07-20,sh601228,广州港,3.07,-0.6472
2021-07-21,sh601228,广州港,3.07,0.0
2021-07-22,sh601228,广州港,3.09,0.6515
2021-07-23,sh601228,广州港,3.14,1.6181
2021-07-26,sh601228,广州港,3.08,-1.9108
2021-07-27,sh601228,广州港,3.06,-0.6494
2021-07-28,sh601228,广州港,3.05,-0.3268
2021-07-29,sh601228,广州港,3.04,-0.3279
2021-07-30,sh601228,广州港,3.03,-0.3289
2021-08-02,sh601228,广州港,3.06,0.9901
2021-08-03,sh601228,广州港,3.11,1.634
2021-08-04,sh601228,广州港,3.07,-1.2862
2021-08-05,sh601228,广州港,3.06,-0.3257
2021-08-06,sh601228,广州港,3.06,0.0
2021-08-09,sh601228,广州港,3.08,0.6536
2021-08-10,sh601228,广州港,3.07,-0.3247
2021-08-11,sh601228,广州港,3.07,0.0
2021-08-12,sh601228,广州港,3.09,0.6515
2021-08-13,sh601228,广州港,3.07,-0.6472
2021-08-16,sh601228,广州港,3.09,0.6515
2021-08-17,sh601228,广州港,3.07,-0.6472
2021-08-18,sh601228,广州港,3.08,0.3257
2021-08-19,sh601228,广州港,3.08,0.0
2021-08-20,sh601228,广州港,3.07,-0.3247
2021-08-23,sh601228,广州港,3.1,0.9772
2021-08-24,sh601228,广州港,3.1,0.0
2021-08-25,sh601228,广州港,3.13,0.9677
2021-08-26,sh601228,广州港,3.15,0.639
2021-08-27,sh601228,广州港,3.15,0.0
2021-08-30,sh601228,广州港,3.16,0.3175
2021-08-31,sh601228,广州港,3.15,-0.3165
2021-09-01,sh601228,广州港,3.19,1.2698
2021-09-02,sh601228,广州港,3.19,0.0
2021-09-03,sh601228,广州港,3.2,0.3135
2021-09-06,sh601228,广州港,3.22,0.625
2021-09-07,sh601228,广州港,3.31,2.795
2021-09-08,sh601228,广州港,3.32,0.3021
2021-09-09,sh601228,广州港,3.38,1.8072
2021-09-10,sh601228,广州港,3.38,0.0
2021-09-13,sh601228,广州港,3.43,1.4793
2021-09-14,sh601228,广州港,3.32,-3.207
2021-09-15,sh601228,广州港,3.38,1.8072
2021-09-16,sh601228,广州港,3.33,-1.4793
2021-09-17,sh601228,广州港,3.3,-0.9009
2021-09-22,sh601228,广州港,3.42,3.6364
2021-09-23,sh601228,广州港,3.53,3.2164
2021-09-24,sh601228,广州港,3.45,-2.2663
2021-09-27,sh601228,广州港,3.37,-2.3188
2021-09-28,sh601228,广州港,3.42,1.4837
2021-09-29,sh601228,广州港,3.4,-0.5848
2021-09-30,sh601228,广州港,3.4,0.0
2021-10-08,sh601228,广州港,3.47,2.0588
2021-10-11,sh601228,广州港,3.46,-0.2882
2021-10-12,sh601228,广州港,3.38,-2.3121
2021-10-13,sh601228,广州港,3.35,-0.8876
2021-10-14,sh601228,广州港,3.29,-1.791
2021-10-15,sh601228,广州港,3.26,-0.9119
2021-10-18,sh601228,广州港,3.31,1.5337
2021-10-19,sh601228,广州港,3.28,-0.9063
2021-10-20,sh601228,广州港,3.24,-1.2195
2021-10-21,sh601228,广州港,3.24,0.0
2021-10-22,sh601228,广州港,3.22,-0.6173
2021-10-25,sh601228,广州港,3.2,-0.6211
2021-10-26,sh601228,广州港,3.17,-0.9375
2021-10-27,sh601228,广州港,3.11,-1.8927
2021-10-28,sh601228,广州港,3.16,1.6077
2021-10-29,sh601228,广州港,3.15,-0.3165
2021-11-01,sh601228,广州港,3.18,0.9524
2021-11-02,sh601228,广州港,3.16,-0.6289
2021-11-03,sh601228,广州港,3.17,0.3165
2021-11-04,sh601228,广州港,3.17,0.0
2021-11-05,sh601228,广州港,3.15,-0.6309
2021-11-08,sh601228,广州港,3.12,-0.9524
2021-11-09,sh601228,广州港,3.13,0.3205
2021-11-10,sh601228,广州港,3.13,0.0
2021-11-11,sh601228,广州港,3.15,0.639
2021-11-12,sh601228,广州港,3.17,0.6349
2021-11-15,sh601228,广州港,3.16,-0.3155
2021-11-16,sh601228,广州港,3.17,0.3165
2021-11-17,sh601228,广州港,3.15,-0.6309
2021-11-18,sh601228,广州港,3.14,-0.3175
2021-11-19,sh601228,广州港,3.17,0.9554
2021-11-22,sh601228,广州港,3.16,-0.3155
2021-11-23,sh601228,广州港,3.18,0.6329
2021-11-24,sh601228,广州港,3.16,-0.6289
2021-11-25,sh601228,广州港,3.17,0.3165
2021-11-26,sh601228,广州港,3.15,-0.6309
2021-11-29,sh601228,广州港,3.13,-0.6349
2021-11-30,sh601228,广州港,3.17,1.278
2021-12-01,sh601228,广州港,3.18,0.3155
2021-12-02,sh601228,广州港,3.19,0.3145
2021-12-03,sh601228,广州港,3.48,9.0909
2021-12-06,sh601228,广州港,3.3,-5.1724
2021-12-07,sh601228,广州港,3.3,0.0
2021-12-08,sh601228,广州港,3.29,-0.303
2021-12-09,sh601228,广州港,3.35,1.8237
2021-12-10,sh601228,广州港,3.34,-0.2985
2021-12-13,sh601228,广州港,3.32,-0.5988
2021-12-14,sh601228,广州港,3.27,-1.506
2021-12-15,sh601228,广州港,3.26,-0.3058
2021-12-16,sh601228,广州港,3.29,0.9202
2021-12-17,sh601228,广州港,3.29,0.0
2021-12-20,sh601228,广州港,3.29,0.0
2021-12-21,sh601228,广州港,3.35,1.8237
2021-12-22,sh601228,广州港,3.33,-0.597
2021-12-23,sh601228,广州港,3.31,-0.6006
2021-12-24,sh601228,广州港,3.27,-1.2085
2021-12-27,sh601228,广州港,3.3,0.9174
2021-12-28,sh601228,广州港,3.3,0.0
2021-12-29,sh601228,广州港,3.3,0.0
2021-12-30,sh601228,广州港,3.28,-0.6061
2021-12-31,sh601228,广州港,3.33,1.5244
2022-01-04,sh601228,广州港,3.37,1.2012
2022-01-05,sh601228,广州港,3.41,1.1869
2022-01-06,sh601228,广州港,3.4,-0.2933
2022-01-07,sh601228,广州港,3.4,0.0
2022-01-10,sh601228,广州港,3.41,0.2941
2022-01-11,sh601228,广州港,3.42,0.2933
2022-01-12,sh601228,广州港,3.4,-0.5848
2022-01-13,sh601228,广州港,3.4,0.0
2022-01-14,sh601228,广州港,3.32,-2.3529
2022-01-17,sh601228,广州港,3.31,-0.3012
2022-01-18,sh601228,广州港,3.33,0.6042
2022-01-19,sh601228,广州港,3.34,0.3003
2022-01-20,sh601228,广州港,3.33,-0.2994
2022-01-21,sh601228,广州港,3.29,-1.2012
2022-01-24,sh601228,广州港,3.28,-0.304
2022-01-25,sh601228,广州港,3.22,-1.8293
2022-01-26,sh601228,广州港,3.24,0.6211
2022-01-27,sh601228,广州港,3.18,-1.8519
2022-01-28,sh601228,广州港,3.23,1.5723
2022-02-07,sh601228,广州港,3.3,2.1672
2022-02-08,sh601228,广州港,3.39,2.7273
2022-02-09,sh601228,广州港,3.4,0.295
2022-02-10,sh601228,广州港,3.43,0.8824
2022-02-11,sh601228,广州港,3.4,-0.8746
2022-02-14,sh601228,广州港,3.37,-0.8824
2022-02-15,sh601228,广州港,3.35,-0.5935
2022-02-16,sh601228,广州港,3.38,0.8955
2022-02-17,sh601228,广州港,3.36,-0.5917
2022-02-18,sh601228,广州港,3.42,1.7857
2022-02-21,sh601228,广州港,3.4,-0.5848
2022-02-22,sh601228,广州港,3.36,-1.1765
2022-02-23,sh601228,广州港,3.38,0.5952
2022-02-24,sh601228,广州港,3.3,-2.3669
2022-02-25,sh601228,广州港,3.4,3.0303
2022-02-28,sh601228,广州港,3.42,0.5882
2022-03-01,sh601228,广州港,3.44,0.5848
2022-03-02,sh601228,广州港,3.51,2.0349
2022-03-03,sh601228,广州港,3.67,4.5584
2022-03-04,sh601228,广州港,3.53,-3.8147
2022-03-07,sh601228,广州港,3.51,-0.5666
2022-03-08,sh601228,广州港,3.42,-2.5641
2022-03-09,sh601228,广州港,3.33,-2.6316
2022-03-10,sh601228,广州港,3.32,-0.3003
2022-03-11,sh601228,广州港,3.39,2.1084
2022-03-14,sh601228,广州港,3.29,-2.9499
2022-03-15,sh601228,广州港,3.1,-5.7751
2022-03-16,sh601228,广州港,3.15,1.6129
2022-03-17,sh601228,广州港,3.14,-0.3175
2022-03-18,sh601228,广州港,3.21,2.2293
2022-03-21,sh601228,广州港,3.18,-0.9346
2022-03-22,sh601228,广州港,3.19,0.3145
2022-03-23,sh601228,广州港,3.17,-0.627
2022-03-24,sh601228,广州港,3.16,-0.3155
2022-03-25,sh601228,广州港,3.15,-0.3165
2022-03-28,sh601228,广州港,3.19,1.2698
2022-03-29,sh601228,广州港,3.17,-0.627
2022-03-30,sh601228,广州港,3.2,0.9464
2022-03-31,sh601228,广州港,3.23,0.9375
2022-04-01,sh601228,广州港,3.34,3.4056
2022-04-06,sh601228,广州港,3.42,2.3952
2022-04-07,sh601228,广州港,3.34,-2.3392
2022-04-08,sh601228,广州港,3.38,1.1976
2022-04-11,sh601228,广州港,3.36,-0.5917
2022-04-12,sh601228,广州港,3.48,3.5714
2022-04-13,sh601228,广州港,3.46,-0.5747
2022-04-14,sh601228,广州港,3.48,0.578
2022-04-15,sh601228,广州港,3.44,-1.1494
2022-04-18,sh601228,广州港,3.43,-0.2907
2022-04-19,sh601228,广州港,3.42,-0.2915
2022-04-20,sh601228,广州港,3.37,-1.462
2022-04-21,sh601228,广州港,3.28,-2.6706
2022-04-22,sh601228,广州港,3.34,1.8293
2022-04-25,sh601228,广州港,3.14,-5.988
2022-04-26,sh601228,广州港,3.07,-2.2293
2022-04-27,sh601228,广州港,3.12,1.6287
2022-04-28,sh601228,广州港,3.09,-0.9615
2022-04-29,sh601228,广州港,3.16,2.2654
2022-05-05,sh601228,广州港,3.29,4.1139
2022-05-06,sh601228,广州港,3.23,-1.8237
2022-05-09,sh601228,广州港,3.3,2.1672
2022-05-10,sh601228,广州港,3.38,2.4242
2022-05-11,sh601228,广州港,3.32,-1.7751
2022-05-12,sh601228,广州港,3.29,-0.9036
2022-05-13,sh601228,广州港,3.42,3.9514
2022-05-16,sh601228,广州港,3.44,0.5848
2022-05-17,sh601228,广州港,3.41,-0.8721
2022-05-18,sh601228,广州港,3.36,-1.4663
2022-05-19,sh601228,广州港,3.36,0.0
2022-05-20,sh601228,广州港,3.38,0.5952
2022-05-23,sh601228,广州港,3.4,0.5917
2022-05-24,sh601228,广州港,3.3,-2.9412
2022-05-25,sh601228,广州港,3.54,7.2727
2022-05-26,sh601228,广州港,3.56,0.565
2022-05-27,sh601228,广州港,3.48,-2.2472
2022-05-30,sh601228,广州港,3.53,1.4368
2022-05-31,sh601228,广州港,3.53,0.0
2022-06-01,sh601228,广州港,3.59,1.6997
2022-06-02,sh601228,广州港,3.51,-2.2284
2022-06-06,sh601228,广州港,3.55,1.1396
2022-06-07,sh601228,广州港,3.91,10.1408
2022-06-08,sh601228,广州港,3.85,-1.5345
2022-06-09,sh601228,广州港,3.98,3.3766
2022-06-10,sh601228,广州港,3.98,0.0
2022-06-13,sh601228,广州港,4.14,4.0201
2022-06-14,sh601228,广州港,4.31,4.1063
2022-06-15,sh601228,广州港,4.05,-6.0325
2022-06-16,sh601228,广州港,3.85,-4.9383
2022-06-17,sh601228,广州港,3.82,-0.7792
2022-06-20,sh601228,广州港,3.76,-1.5707
2022-06-21,sh601228,广州港,3.82,1.5957
2022-06-22,sh601228,广州港,3.69,-3.4031
2022-06-23,sh601228,广州港,3.8,2.981
2022-06-24,sh601228,广州港,3.78,-0.5263
2022-06-27,sh601228,广州港,3.76,-0.5291
2022-06-28,sh601228,广州港,3.76,0.0
2022-06-29,sh601228,广州港,3.69,-1.8617
2022-06-30,sh601228,广州港,3.67,-0.542
2022-07-01,sh601228,广州港,3.63,-1.0899
2022-07-04,sh601228,广州港,3.64,0.2755
2022-07-05,sh601228,广州港,3.81,4.6703
2022-07-06,sh601228,广州港,3.71,-2.6247
2022-07-07,sh601228,广州港,3.73,0.5391
2022-07-08,sh601228,广州港,3.68,-1.3405
2022-07-11,sh601228,广州港,3.74,1.6304
2022-07-12,sh601228,广州港,3.66,-2.139
2022-07-13,sh601228,广州港,3.72,1.6393
2022-07-14,sh601228,广州港,3.68,-1.0753
2022-07-15,sh601228,广州港,3.55,-3.5326
2022-07-18,sh601228,广州港,3.65,2.8169
2022-07-19,sh601228,广州港,3.72,1.9178
2022-07-20,sh601228,广州港,3.7,-0.5376
2022-07-21,sh601228,广州港,3.66,-1.0811
2022-07-22,sh601228,广州港,3.68,0.5464
2022-07-25,sh601228,广州港,3.71,0.8152
2022-07-26,sh601228,广州港,3.74,0.8086
2022-07-27,sh601228,广州港,3.75,0.2674
2022-07-28,sh601228,广州港,3.72,-0.8
2022-07-29,sh601228,广州港,3.67,-1.3441
2022-08-01,sh601228,广州港,3.61,-1.6349
2022-08-02,sh601228,广州港,3.44,-4.7091
2022-08-03,sh601228,广州港,3.39,-1.4535
2022-08-04,sh601228,广州港,3.41,0.59
2022-08-05,sh601228,广州港,3.43,0.5865
2022-08-08,sh601228,广州港,3.42,-0.2915
2022-08-09,sh601228,广州港,3.38,-1.1696
2022-08-10,sh601228,广州港,3.35,-0.8876
2022-08-11,sh601228,广州港,3.42,2.0896
2022-08-12,sh601228,广州港,3.42,0.0
2022-08-15,sh601228,广州港,3.38,-1.1696
2022-08-16,sh601228,广州港,3.4,0.5917
2022-08-17,sh601228,广州港,3.41,0.2941
2022-08-18,sh601228,广州港,3.35,-1.7595
2022-08-19,sh601228,广州港,3.33,-0.597
2022-08-22,sh601228,广州港,3.35,0.6006
2022-08-23,sh601228,广州港,3.31,-1.194
2022-08-24,sh601228,广州港,3.24,-2.1148
2022-08-25,sh601228,广州港,3.35,3.3951
2022-08-26,sh601228,广州港,3.29,-1.791
2022-08-29,sh601228,广州港,3.29,0.0
2022-08-30,sh601228,广州港,3.34,1.5198
2022-08-31,sh601228,广州港,3.3,-1.1976
2022-09-01,sh601228,广州港,3.3,0.0
2022-09-02,sh601228,广州港,3.29,-0.303
2022-09-05,sh601228,广州港,3.38,2.7356
2022-09-06,sh601228,广州港,3.39,0.2959
2022-09-07,sh601228,广州港,3.37,-0.59
2022-09-08,sh601228,广州港,3.39,0.5935
2022-09-09,sh601228,广州港,3.38,-0.295
2022-09-13,sh601228,广州港,3.37,-0.2959
2022-09-14,sh601228,广州港,3.37,0.0
2022-09-15,sh601228,广州港,3.34,-0.8902
2022-09-16,sh601228,广州港,3.23,-3.2934
2022-09-19,sh601228,广州港,3.22,-0.3096
2022-09-20,sh601228,广州港,3.21,-0.3106
2022-09-21,sh601228,广州港,3.3,2.8037
2022-09-22,sh601228,广州港,3.25,-1.5152
2022-09-23,sh601228,广州港,3.21,-1.2308
2022-09-26,sh601228,广州港,3.08,-4.0498
2022-09-27,sh601228,广州港,3.19,3.5714
2022-09-28,sh601228,广州港,3.12,-2.1944
2022-09-29,sh601228,广州港,3.08,-1.2821
2022-09-30,sh601228,广州港,3.09,0.3247
2022-10-10,sh601228,广州港,3.09,0.0
2022-10-11,sh601228,广州港,3.09,0.0
2022-10-12,sh601228,广州港,3.13,1.2945
2022-10-13,sh601228,广州港,3.1,-0.9585
2022-10-14,sh601228,广州港,3.13,0.9677
2022-10-17,sh601228,广州港,3.17,1.278
2022-10-18,sh601228,广州港,3.16,-0.3155
2022-10-19,sh601228,广州港,3.21,1.5823
2022-10-20,sh601228,广州港,3.15,-1.8692
2022-10-21,sh601228,广州港,3.14,-0.3175
2022-10-24,sh601228,广州港,3.1,-1.2739
2022-10-25,sh601228,广州港,3.1,0.0
2022-10-26,sh601228,广州港,3.12,0.6452
2022-10-27,sh601228,广州港,3.16,1.2821
2022-10-28,sh601228,广州港,3.08,-2.5316
2022-10-31,sh601228,广州港,3.02,-1.9481
2022-11-01,sh601228,广州港,3.06,1.3245
2022-11-02,sh601228,广州港,3.1,1.3072
2022-11-03,sh601228,广州港,3.07,-0.9677
2022-11-04,sh601228,广州港,3.11,1.3029
2022-11-07,sh601228,广州港,3.12,0.3215
2022-11-08,sh601228,广州港,3.13,0.3205
2022-11-09,sh601228,广州港,3.12,-0.3195
2022-11-10,sh601228,广州港,3.14,0.641
2022-11-11,sh601228,广州港,3.16,0.6369
2022-11-14,sh601228,广州港,3.16,0.0
2022-11-15,sh601228,广州港,3.17,0.3165
2022-11-16,sh601228,广州港,3.19,0.6309
2022-11-17,sh601228,广州港,3.17,-0.627
2022-11-18,sh601228,广州港,3.13,-1.2618
2022-11-21,sh601228,广州港,3.12,-0.3195
2022-11-22,sh601228,广州港,3.17,1.6026
2022-11-23,sh601228,广州港,3.18,0.3155
2022-11-24,sh601228,广州港,3.15,-0.9434
2022-11-25,sh601228,广州港,3.18,0.9524
2022-11-28,sh601228,广州港,3.19,0.3145
2022-11-29,sh601228,广州港,3.22,0.9404
2022-11-30,sh601228,广州港,3.21,-0.3106
2022-12-01,sh601228,广州港,3.21,0.0
2022-12-02,sh601228,广州港,3.19,-0.6231
2022-12-05,sh601228,广州港,3.29,3.1348
2022-12-06,sh601228,广州港,3.3,0.304
2022-12-07,sh601228,广州港,3.3,0.0
2022-12-08,sh601228,广州港,3.32,0.6061
2022-12-09,sh601228,广州港,3.26,-1.8072
2022-12-12,sh601228,广州港,3.23,-0.9202
2022-12-13,sh601228,广州港,3.28,1.548
2022-12-14,sh601228,广州港,3.22,-1.8293
2022-12-15,sh601228,广州港,3.23,0.3106
2022-12-16,sh601228,广州港,3.24,0.3096
2022-12-19,sh601228,广州港,3.16,-2.4691
2022-12-20,sh601228,广州港,3.13,-0.9494
2022-12-21,sh601228,广州港,3.14,0.3195
2022-12-22,sh601228,广州港,3.1,-1.2739
2022-12-23,sh601228,广州港,3.09,-0.3226
2022-12-26,sh601228,广州港,3.09,0.0
2022-12-27,sh601228,广州港,3.18,2.9126
2022-12-28,sh601228,广州港,3.14,-1.2579
2022-12-29,sh601228,广州港,3.09,-1.5924
2022-12-30,sh601228,广州港,3.15,1.9417
2023-01-03,sh601228,广州港,3.15,0.0
2023-01-04,sh601228,广州港,3.15,0.0
2023-01-05,sh601228,广州港,3.17,0.6349
2023-01-06,sh601228,广州港,3.14,-0.9464
2023-01-09,sh601228,广州港,3.15,0.3185
2023-01-10,sh601228,广州港,3.12,-0.9524
2023-01-11,sh601228,广州港,3.1,-0.641
2023-01-12,sh601228,广州港,3.11,0.3226
2023-01-13,sh601228,广州港,3.13,0.6431
2023-01-16,sh601228,广州港,3.15,0.639
2023-01-17,sh601228,广州港,3.15,0.0
2023-01-18,sh601228,广州港,3.15,0.0
2023-01-19,sh601228,广州港,3.17,0.6349
2023-01-20,sh601228,广州港,3.21,1.2618
2023-01-30,sh601228,广州港,3.2,-0.3115
2023-01-31,sh601228,广州港,3.21,0.3125
2023-02-01,sh601228,广州港,3.23,0.6231
2023-02-02,sh601228,广州港,3.22,-0.3096
2023-02-03,sh601228,广州港,3.2,-0.6211
2023-02-06,sh601228,广州港,3.22,0.625
2023-02-07,sh601228,广州港,3.21,-0.3106
2023-02-08,sh601228,广州港,3.19,-0.6231
2023-02-09,sh601228,广州港,3.22,0.9404
2023-02-10,sh601228,广州港,3.22,0.0
2023-02-13,sh601228,广州港,3.22,0.0
2023-02-14,sh601228,广州港,3.23,0.3106
2023-02-15,sh601228,广州港,3.21,-0.6192
2023-02-16,sh601228,广州港,3.2,-0.3115
2023-02-17,sh601228,广州港,3.18,-0.625
2023-02-20,sh601228,广州港,3.21,0.9434
2023-02-21,sh601228,广州港,3.23,0.6231
2023-02-22,sh601228,广州港,3.21,-0.6192
2023-02-23,sh601228,广州港,3.22,0.3115
2023-02-24,sh601228,广州港,3.21,-0.3106
2023-02-27,sh601228,广州港,3.18,-0.9346
2023-02-28,sh601228,广州港,3.2,0.6289
2023-03-01,sh601228,广州港,3.22,0.625
2023-03-02,sh601228,广州港,3.23,0.3106
2023-03-03,sh601228,广州港,3.26,0.9288
2023-03-06,sh601228,广州港,3.26,0.0
2023-03-07,sh601228,广州港,3.23,-0.9202
2023-03-08,sh601228,广州港,3.25,0.6192
2023-03-09,sh601228,广州港,3.24,-0.3077
2023-03-10,sh601228,广州港,3.21,-0.9259
2023-03-13,sh601228,广州港,3.23,0.6231
2023-03-14,sh601228,广州港,3.23,0.0
2023-03-15,sh601228,广州港,3.27,1.2384
2023-03-16,sh601228,广州港,3.25,-0.6116
2023-03-17,sh601228,广州港,3.26,0.3077
2023-03-20,sh601228,广州港,3.22,-1.227
2023-03-21,sh601228,广州港,3.11,-3.4161
2023-03-22,sh601228,广州港,3.1,-0.3215
2023-03-23,sh601228,广州港,3.09,-0.3226
2023-03-24,sh601228,广州港,3.09,0.0
2023-03-27,sh601228,广州港,3.09,0.0
2023-03-28,sh601228,广州港,3.08,-0.3236
2023-03-29,sh601228,广州港,3.08,0.0
2023-03-30,sh601228,广州港,3.08,0.0
2023-03-31,sh601228,广州港,3.09,0.3247
2023-04-03,sh601228,广州港,3.11,0.6472
2023-04-04,sh601228,广州港,3.14,0.9646
2023-04-06,sh601228,广州港,3.11,-0.9554
2023-04-07,sh601228,广州港,3.13,0.6431
2023-04-10,sh601228,广州港,3.1,-0.9585
2023-04-11,sh601228,广州港,3.1,0.0
2023-04-12,sh601228,广州港,3.14,1.2903
2023-04-13,sh601228,广州港,3.14,0.0
2023-04-14,sh601228,广州港,3.15,0.3185
2023-04-17,sh601228,广州港,3.18,0.9524
2023-04-18,sh601228,广州港,3.19,0.3145
2023-04-19,sh601228,广州港,3.21,0.627
2023-04-20,sh601228,广州港,3.2,-0.3115
2023-04-21,sh601228,广州港,3.2,0.0
2023-04-24,sh601228,广州港,3.17,-0.9375
2023-04-25,sh601228,广州港,3.18,0.3155
2023-04-26,sh601228,广州港,3.17,-0.3145
2023-04-27,sh601228,广州港,3.18,0.3155
2023-04-28,sh601228,广州港,3.24,1.8868
2023-05-04,sh601228,广州港,3.33,2.7778
2023-05-05,sh601228,广州港,3.45,3.6036
2023-05-08,sh601228,广州港,3.48,0.8696
2023-05-09,sh601228,广州港,3.46,-0.5747
2023-05-10,sh601228,广州港,3.4,-1.7341
2023-05-11,sh601228,广州港,3.45,1.4706
2023-05-12,sh601228,广州港,3.43,-0.5797
2023-05-15,sh601228,广州港,3.45,0.5831
2023-05-16,sh601228,广州港,3.4,-1.4493
2023-05-17,sh601228,广州港,3.4,0.0
2023-05-18,sh601228,广州港,3.38,-0.5882
2023-05-19,sh601228,广州港,3.34,-1.1834
2023-05-22,sh601228,广州港,3.34,0.0
2023-05-23,sh601228,广州港,3.29,-1.497
2023-05-24,sh601228,广州港,3.25,-1.2158
2023-05-25,sh601228,广州港,3.25,0.0
2023-05-26,sh601228,广州港,3.22,-0.9231
2023-05-29,sh601228,广州港,3.27,1.5528
2023-05-30,sh601228,广州港,3.27,0.0
2023-05-31,sh601228,广州港,3.21,-1.8349
2023-06-01,sh601228,广州港,3.24,0.9346
2023-06-02,sh601228,广州港,3.26,0.6173
2023-06-05,sh601228,广州港,3.24,-0.6135
2023-06-06,sh601228,广州港,3.23,-0.3086
2023-06-07,sh601228,广州港,3.29,1.8576
2023-06-08,sh601228,广州港,3.3,0.304
2023-06-09,sh601228,广州港,3.29,-0.303
2023-06-12,sh601228,广州港,3.26,-0.9119
2023-06-13,sh601228,广州港,3.25,-0.3067
2023-06-14,sh601228,广州港,3.27,0.6154
2023-06-15,sh601228,广州港,3.24,-0.9174
2023-06-16,sh601228,广州港,3.24,0.0
2023-06-19,sh601228,广州港,3.2,-1.2346
2023-06-20,sh601228,广州港,3.16,-1.25
2023-06-21,sh601228,广州港,3.1,-1.8987
2023-06-26,sh601228,广州港,3.08,-0.6452
2023-06-27,sh601228,广州港,3.14,1.9481
2023-06-28,sh601228,广州港,3.21,2.2293
2023-06-29,sh601228,广州港,3.21,0.0
2023-06-30,sh601228,广州港,3.23,0.6231
2023-07-03,sh601228,广州港,3.24,0.3096
2023-07-04,sh601228,广州港,3.24,0.0
2023-07-05,sh601228,广州港,3.24,0.0
2023-07-06,sh601228,广州港,3.22,-0.6173
2023-07-07,sh601228,广州港,3.23,0.3106
2023-07-10,sh601228,广州港,3.26,0.9288
2023-07-11,sh601228,广州港,3.3,1.227
2023-07-12,sh601228,广州港,3.27,-0.9091
2023-07-13,sh601228,广州港,3.29,0.6116
2023-07-14,sh601228,广州港,3.28,-0.304
2023-07-17,sh601228,广州港,3.3,0.6098
2023-07-18,sh601228,广州港,3.3,0.0
2023-07-19,sh601228,广州港,3.33,0.9091
2023-07-20,sh601228,广州港,3.28,-1.5015
2023-07-21,sh601228,广州港,3.29,0.3049
2023-07-24,sh601228,广州港,3.31,0.6079
2023-07-25,sh601228,广州港,3.33,0.6042
2023-07-26,sh601228,广州港,3.34,0.3003
2023-07-27,sh601228,广州港,3.36,0.5988
2023-07-28,sh601228,广州港,3.43,2.0833
2023-07-31,sh601228,广州港,3.45,0.5831
2023-08-01,sh601228,广州港,3.47,0.5797
2023-08-02,sh601228,广州港,3.43,-1.1527
2023-08-03,sh601228,广州港,3.43,0.0
2023-08-04,sh601228,广州港,3.39,-1.1662
2023-08-07,sh601228,广州港,3.34,-1.4749
2023-08-08,sh601228,广州港,3.32,-0.5988
2023-08-09,sh601228,广州港,3.32,0.0
2023-08-10,sh601228,广州港,3.36,1.2048
2023-08-11,sh601228,广州港,3.31,-1.4881
2023-08-14,sh601228,广州港,3.36,1.5106
2023-08-15,sh601228,广州港,3.35,-0.2976
2023-08-16,sh601228,广州港,3.34,-0.2985
2023-08-17,sh601228,广州港,3.35,0.2994
2023-08-18,sh601228,广州港,3.38,0.8955
2023-08-21,sh601228,广州港,3.35,-0.8876
2023-08-22,sh601228,广州港,3.34,-0.2985
2023-08-23,sh601228,广州港,3.31,-0.8982
2023-08-24,sh601228,广州港,3.25,-1.8127
2023-08-25,sh601228,广州港,3.29,1.2308
2023-08-28,sh601228,广州港,3.34,1.5198
2023-08-29,sh601228,广州港,3.32,-0.5988
2023-08-30,sh601228,广州港,3.22,-3.012
2023-08-31,sh601228,广州港,3.21,-0.3106
2023-09-01,sh601228,广州港,3.23,0.6231
2023-09-04,sh601228,广州港,3.29,1.8576
2023-09-05,sh601228,广州港,3.26,-0.9119
2023-09-06,sh601228,广州港,3.25,-0.3067
2023-09-07,sh601228,广州港,3.25,0.0
2023-09-08,sh601228,广州港,3.22,-0.9231
2023-09-11,sh601228,广州港,3.27,1.5528
2023-09-12,sh601228,广州港,3.24,-0.9174
2023-09-13,sh601228,广州港,3.26,0.6173
2023-09-14,sh601228,广州港,3.27,0.3067
2023-09-15,sh601228,广州港,3.31,1.2232
2023-09-18,sh601228,广州港,3.26,-1.5106
2023-09-19,sh601228,广州港,3.29,0.9202
2023-09-20,sh601228,广州港,3.27,-0.6079
2023-09-21,sh601228,广州港,3.28,0.3058
2023-09-22,sh601228,广州港,3.27,-0.3049
2023-09-25,sh601228,广州港,3.29,0.6116
2023-09-26,sh601228,广州港,3.27,-0.6079
2023-09-27,sh601228,广州港,3.24,-0.9174
2023-09-28,sh601228,广州港,3.23,-0.3086
2023-10-09,sh601228,广州港,3.23,0.0
2023-10-10,sh601228,广州港,3.17,-1.8576
2023-10-11,sh601228,广州港,3.14,-0.9464
2023-10-12,sh601228,广州港,3.16,0.6369
2023-10-13,sh601228,广州港,3.15,-0.3165
2023-10-16,sh601228,广州港,3.17,0.6349
2023-10-17,sh601228,广州港,3.16,-0.3155
2023-10-18,sh601228,广州港,3.12,-1.2658
2023-10-19,sh601228,广州港,3.08,-1.2821
2023-10-20,sh601228,广州港,3.07,-0.3247
2023-10-23,sh601228,广州港,3.01,-1.9544
2023-10-24,sh601228,广州港,3.08,2.3256
2023-10-25,sh601228,广州港,3.09,0.3247
2023-10-26,sh601228,广州港,3.1,0.3236
2023-10-27,sh601228,广州港,3.14,1.2903
2023-10-30,sh601228,广州港,3.12,-0.6369
2023-10-31,sh601228,广州港,3.12,0.0
2023-11-01,sh601228,广州港,3.11,-0.3205
2023-11-02,sh601228,广州港,3.1,-0.3215
2023-11-03,sh601228,广州港,3.08,-0.6452
2023-11-06,sh601228,广州港,3.12,1.2987
2023-11-07,sh601228,广州港,3.11,-0.3205
2023-11-08,sh601228,广州港,3.1,-0.3215
2023-11-09,sh601228,广州港,3.11,0.3226
2023-11-10,sh601228,广州港,3.09,-0.6431
2023-11-13,sh601228,广州港,3.12,0.9709
2023-11-14,sh601228,广州港,3.13,0.3205
2023-11-15,sh601228,广州港,3.12,-0.3195
2023-11-16,sh601228,广州港,3.1,-0.641
2023-11-17,sh601228,广州港,3.1,0.0
2023-11-20,sh601228,广州港,3.11,0.3226
2023-11-21,sh601228,广州港,3.11,0.0
2023-11-22,sh601228,广州港,3.11,0.0
2023-11-23,sh601228,广州港,3.12,0.3215
2023-11-24,sh601228,广州港,3.12,0.0
2023-11-27,sh601228,广州港,3.13,0.3205
2023-11-28,sh601228,广州港,3.14,0.3195
2023-11-29,sh601228,广州港,3.11,-0.9554
2023-11-30,sh601228,广州港,3.11,0.0
2023-12-01,sh601228,广州港,3.19,2.5723
2023-12-04,sh601228,广州港,3.21,0.627
2023-12-05,sh601228,广州港,3.17,-1.2461
2023-12-06,sh601228,广州港,3.21,1.2618
2023-12-07,sh601228,广州港,3.2,-0.3115
2023-12-08,sh601228,广州港,3.2,0.0
2023-12-11,sh601228,广州港,3.23,0.9375
2023-12-12,sh601228,广州港,3.25,0.6192
2023-12-13,sh601228,广州港,3.26,0.3077
2023-12-14,sh601228,广州港,3.28,0.6135
2023-12-15,sh601228,广州港,3.26,-0.6098
2023-12-18,sh601228,广州港,3.27,0.3067
2023-12-19,sh601228,广州港,3.23,-1.2232
2023-12-20,sh601228,广州港,3.2,-0.9288
2023-12-21,sh601228,广州港,3.22,0.625
2023-12-22,sh601228,广州港,3.22,0.0
2023-12-25,sh601228,广州港,3.18,-1.2422
2023-12-26,sh601228,广州港,3.16,-0.6289
2023-12-27,sh601228,广州港,3.14,-0.6329
2023-12-28,sh601228,广州港,3.15,0.3185
2023-12-29,sh601228,广州港,3.13,-0.6349
2024-01-02,sh601228,广州港,3.16,0.9585
2024-01-03,sh601228,广州港,3.18,0.6329
2024-01-04,sh601228,广州港,3.17,-0.3145
2024-01-05,sh601228,广州港,3.13,-1.2618
2024-01-08,sh601228,广州港,3.08,-1.5974
2024-01-09,sh601228,广州港,3.1,0.6494
2024-01-10,sh601228,广州港,3.1,0.0
2024-01-11,sh601228,广州港,3.12,0.6452
2024-01-12,sh601228,广州港,3.13,0.3205
2024-01-15,sh601228,广州港,3.15,0.639
2024-01-16,sh601228,广州港,3.14,-0.3175
2024-01-17,sh601228,广州港,3.1,-1.2739
2024-01-18,sh601228,广州港,3.04,-1.9355
2024-01-19,sh601228,广州港,3.03,-0.3289
2024-01-22,sh601228,广州港,2.86,-5.6106
2024-01-23,sh601228,广州港,2.9,1.3986
2024-01-24,sh601228,广州港,3.02,4.1379
2024-01-25,sh601228,广州港,3.1,2.649
2024-01-26,sh601228,广州港,3.16,1.9355
2024-01-29,sh601228,广州港,3.14,-0.6329
2024-01-30,sh601228,广州港,3.07,-2.2293
2024-01-31,sh601228,广州港,3.05,-0.6515
2024-02-01,sh601228,广州港,3.01,-1.3115
2024-02-02,sh601228,广州港,2.99,-0.6645
2024-02-05,sh601228,广州港,2.92,-2.3411
2024-02-06,sh601228,广州港,3.02,3.4247
2024-02-07,sh601228,广州港,3.14,3.9735
2024-02-08,sh601228,广州港,3.14,0.0
2024-02-19,sh601228,广州港,3.13,-0.3185
2024-02-20,sh601228,广州港,3.13,0.0
2024-02-21,sh601228,广州港,3.14,0.3195
2024-02-22,sh601228,广州港,3.16,0.6369
2024-02-23,sh601228,广州港,3.13,-0.9494
2024-02-26,sh601228,广州港,3.1,-0.9585
2024-02-27,sh601228,广州港,3.12,0.6452
2024-02-28,sh601228,广州港,3.12,0.0
2024-02-29,sh601228,广州港,3.15,0.9615
2024-03-01,sh601228,广州港,3.13,-0.6349
2024-03-04,sh601228,广州港,3.1,-0.9585
2024-03-05,sh601228,广州港,3.08,-0.6452
2024-03-06,sh601228,广州港,3.1,0.6494
2024-03-07,sh601228,广州港,3.08,-0.6452
2024-03-08,sh601228,广州港,3.1,0.6494
2024-03-11,sh601228,广州港,3.13,0.9677
2024-03-12,sh601228,广州港,3.12,-0.3195
2024-03-13,sh601228,广州港,3.1,-0.641
2024-03-14,sh601228,广州港,3.14,1.2903
2024-03-15,sh601228,广州港,3.19,1.5924
2024-03-18,sh601228,广州港,3.31,3.7618
2024-03-19,sh601228,广州港,3.27,-1.2085
2024-03-20,sh601228,广州港,3.25,-0.6116
2024-03-21,sh601228,广州港,3.26,0.3077
2024-03-22,sh601228,广州港,3.21,-1.5337
2024-03-25,sh601228,广州港,3.27,1.8692
2024-03-26,sh601228,广州港,3.3,0.9174
2024-03-27,sh601228,广州港,3.24,-1.8182
2024-03-28,sh601228,广州港,3.36,3.7037
2024-03-29,sh601228,广州港,3.55,5.6548
2024-04-01,sh601228,广州港,3.5,-1.4085
2024-04-02,sh601228,广州港,3.5,0.0
2024-04-03,sh601228,广州港,3.54,1.1429
2024-04-08,sh601228,广州港,3.51,-0.8475
2024-04-09,sh601228,广州港,3.48,-0.8547
2024-04-10,sh601228,广州港,3.5,0.5747
2024-04-11,sh601228,广州港,3.53,0.8571
2024-04-12,sh601228,广州港,3.55,0.5666
2024-04-15,sh601228,广州港,3.53,-0.5634
2024-04-16,sh601228,广州港,3.43,-2.8329
2024-04-17,sh601228,广州港,3.56,3.7901
2024-04-18,sh601228,广州港,3.53,-0.8427
2024-04-19,sh601228,广州港,3.53,0.0
2024-04-22,sh601228,广州港,3.45,-2.2663
2024-04-23,sh601228,广州港,3.39,-1.7391
2024-04-24,sh601228,广州港,3.39,0.0
2024-04-25,sh601228,广州港,3.39,0.0
2024-04-26,sh601228,广州港,3.35,-1.1799
2024-04-29,sh601228,广州港,3.35,0.0
2024-04-30,sh601228,广州港,3.36,0.2985
2024-05-06,sh601228,广州港,3.42,1.7857
2024-05-07,sh601228,广州港,3.38,-1.1696
2024-05-08,sh601228,广州港,3.37,-0.2959
2024-05-09,sh601228,广州港,3.44,2.0772
2024-05-10,sh601228,广州港,3.42,-0.5814
2024-05-13,sh601228,广州港,3.42,0.0
2024-05-14,sh601228,广州港,3.4,-0.5848
2024-05-15,sh601228,广州港,3.38,-0.5882
2024-05-16,sh601228,广州港,3.33,-1.4793
2024-05-17,sh601228,广州港,3.39,1.8018
2024-05-20,sh601228,广州港,3.39,0.0
2024-05-21,sh601228,广州港,3.36,-0.885
2024-05-22,sh601228,广州港,3.32,-1.1905
2024-05-23,sh601228,广州港,3.26,-1.8072
2024-05-24,sh601228,广州港,3.28,0.6135
2024-05-27,sh601228,广州港,3.32,1.2195
2024-05-28,sh601228,广州港,3.28,-1.2048
2024-05-29,sh601228,广州港,3.29,0.3049
2024-05-30,sh601228,广州港,3.3,0.304
2024-05-31,sh601228,广州港,3.31,0.303
2024-06-03,sh601228,广州港,3.26,-1.5106
2024-06-04,sh601228,广州港,3.29,0.9202
2024-06-05,sh601228,广州港,3.24,-1.5198
2024-06-06,sh601228,广州港,3.18,-1.8519
2024-06-07,sh601228,广州港,3.26,2.5157
2024-06-11,sh601228,广州港,3.17,-2.7607
2024-06-12,sh601228,广州港,3.18,0.3155
2024-06-13,sh601228,广州港,3.11,-2.2013
2024-06-14,sh601228,广州港,3.11,0.0
2024-06-17,sh601228,广州港,3.1,-0.3215
2024-06-18,sh601228,广州港,3.13,0.9677
2024-06-19,sh601228,广州港,3.09,-1.278
2024-06-20,sh601228,广州港,3.07,-0.6472
2024-06-21,sh601228,广州港,3.08,0.3257
2024-06-24,sh601228,广州港,3.05,-0.974
2024-06-25,sh601228,广州港,3.06,0.3279
2024-06-26,sh601228,广州港,3.07,0.3268
2024-06-27,sh601228,广州港,3.04,-0.9772
2024-06-28,sh601228,广州港,3.05,0.3289
2024-07-01,sh601228,广州港,3.1,1.6393
2024-07-02,sh601228,广州港,3.13,0.9677
2024-07-03,sh601228,广州港,3.13,0.0
2024-07-04,sh601228,广州港,3.1,-0.9585
2024-07-05,sh601228,广州港,3.09,-0.3226
2024-07-08,sh601228,广州港,3.05,-1.2945
2024-07-09,sh601228,广州港,3.09,1.3115
2024-07-10,sh601228,广州港,3.06,-0.9709
2024-07-11,sh601228,广州港,3.1,1.3072
2024-07-12,sh601228,广州港,3.05,-1.6129
2024-07-15,sh601228,广州港,3.05,0.0
2024-07-16,sh601228,广州港,3.04,-0.3279
2024-07-17,sh601228,广州港,3.06,0.6579
2024-07-18,sh601228,广州港,3.07,0.3268
2024-07-19,sh601228,广州港,3.08,0.3257
2024-07-22,sh601228,广州港,3.04,-1.2987
2024-07-23,sh601228,广州港,3.03,-0.3289
2024-07-24,sh601228,广州港,3.02,-0.33
2024-07-25,sh601228,广州港,3.08,1.9868
2024-07-26,sh601228,广州港,3.08,0.0
2024-07-29,sh601228,广州港,3.13,1.6234
2024-07-30,sh601228,广州港,3.13,0.0
2024-07-31,sh601228,广州港,3.17,1.278
2024-08-01,sh601228,广州港,3.22,1.5773
2024-08-02,sh601228,广州港,3.21,-0.3106
2024-08-05,sh601228,广州港,3.18,-0.9346
2024-08-06,sh601228,广州港,3.2,0.6289
2024-08-07,sh601228,广州港,3.11,-2.8125
2024-08-08,sh601228,广州港,3.17,1.9293
2024-08-09,sh601228,广州港,3.16,-0.3155
2024-08-12,sh601228,广州港,3.14,-0.6329
2024-08-13,sh601228,广州港,3.16,0.6369
2024-08-14,sh601228,广州港,3.17,0.3165
2024-08-15,sh601228,广州港,3.21,1.2618
2024-08-16,sh601228,广州港,3.17,-1.2461
2024-08-19,sh601228,广州港,3.22,1.5773
2024-08-20,sh601228,广州港,3.2,-0.6211
2024-08-21,sh601228,广州港,3.17,-0.9375
2024-08-22,sh601228,广州港,3.18,0.3155
2024-08-23,sh601228,广州港,3.18,0.0
2024-08-26,sh601228,广州港,3.19,0.3145
2024-08-27,sh601228,广州港,3.17,-0.627
2024-08-28,sh601228,广州港,3.17,0.0
2024-08-29,sh601228,广州港,3.07,-3.1546
2024-08-30,sh601228,广州港,3.11,1.3029
2024-09-02,sh601228,广州港,3.13,0.6431
2024-09-03,sh601228,广州港,3.1,-0.9585
2024-09-04,sh601228,广州港,3.11,0.3226
2024-09-05,sh601228,广州港,3.1,-0.3215
2024-09-06,sh601228,广州港,3.11,0.3226
2024-09-09,sh601228,广州港,3.07,-1.2862
2024-09-10,sh601228,广州港,3.08,0.3257
2024-09-11,sh601228,广州港,3.01,-2.2727
2024-09-12,sh601228,广州港,3.02,0.3322
2024-09-13,sh601228,广州港,3.01,-0.3311
2024-09-18,sh601228,广州港,3.03,0.6645
2024-09-19,sh601228,广州港,3.04,0.33
2024-09-20,sh601228,广州港,3.03,-0.3289
2024-09-23,sh601228,广州港,3.07,1.3201
2024-09-24,sh601228,广州港,3.17,3.2573
2024-09-25,sh601228,广州港,3.2,0.9464
2024-09-26,sh601228,广州港,3.3,3.125
2024-09-27,sh601228,广州港,3.34,1.2121
2024-09-30,sh601228,广州港,3.55,6.2874
2024-10-08,sh601228,广州港,3.65,2.8169
2024-10-09,sh601228,广州港,3.41,-6.5753
2024-10-10,sh601228,广州港,3.44,0.8798
2024-10-11,sh601228,广州港,3.38,-1.7442
2024-10-14,sh601228,广州港,3.4,0.5917
2024-10-15,sh601228,广州港,3.31,-2.6471
2024-10-16,sh601228,广州港,3.36,1.5106
2024-10-17,sh601228,广州港,3.31,-1.4881
2024-10-18,sh601228,广州港,3.36,1.5106
2024-10-21,sh601228,广州港,3.31,-1.4881
2024-10-22,sh601228,广州港,3.37,1.8127
2024-10-23,sh601228,广州港,3.39,0.5935
2024-10-24,sh601228,广州港,3.4,0.295
2024-10-25,sh601228,广州港,3.45,1.4706
2024-10-28,sh601228,广州港,3.52,2.029
2024-10-29,sh601228,广州港,3.45,-1.9886
2024-10-30,sh601228,广州港,3.52,2.029
2024-10-31,sh601228,广州港,3.49,-0.8523
2024-11-01,sh601228,广州港,3.47,-0.5731
2024-11-04,sh601228,广州港,3.46,-0.2882
2024-11-05,sh601228,广州港,3.52,1.7341
2024-11-06,sh601228,广州港,3.52,0.0
2024-11-07,sh601228,广州港,3.6,2.2727
2024-11-08,sh601228,广州港,3.57,-0.8333
2024-11-11,sh601228,广州港,3.54,-0.8403
2024-11-12,sh601228,广州港,3.5,-1.1299
2024-11-13,sh601228,广州港,3.49,-0.2857
2024-11-14,sh601228,广州港,3.42,-2.0057
2024-11-15,sh601228,广州港,3.42,0.0
2024-11-18,sh601228,广州港,3.44,0.5848
2024-11-19,sh601228,广州港,3.48,1.1628
2024-11-20,sh601228,广州港,3.52,1.1494
2024-11-21,sh601228,广州港,3.47,-1.4205
2024-11-22,sh601228,广州港,3.38,-2.5937
2024-11-25,sh601228,广州港,3.39,0.2959
2024-11-26,sh601228,广州港,3.43,1.1799
2024-11-27,sh601228,广州港,3.41,-0.5831
2024-11-28,sh601228,广州港,3.46,1.4663
2024-11-29,sh601228,广州港,3.47,0.289
2024-12-02,sh601228,广州港,3.56,2.5937
2024-12-03,sh601228,广州港,3.56,0.0
2024-12-04,sh601228,广州港,3.51,-1.4045
2024-12-05,sh601228,广州港,3.49,-0.5698
2024-12-06,sh601228,广州港,3.56,2.0057
2024-12-09,sh601228,广州港,3.54,-0.5618
2024-12-10,sh601228,广州港,3.53,-0.2825
2024-12-11,sh601228,广州港,3.58,1.4164
2024-12-12,sh601228,广州港,3.6,0.5587
2024-12-13,sh601228,广州港,3.52,-2.2222
2024-12-16,sh601228,广州港,3.54,0.5682
2024-12-17,sh601228,广州港,3.5,-1.1299
2024-12-18,sh601228,广州港,3.53,0.8571
2024-12-19,sh601228,广州港,3.5,-0.8499
2024-12-20,sh601228,广州港,3.48,-0.5714
2024-12-23,sh601228,广州港,3.42,-1.7241
2024-12-24,sh601228,广州港,3.45,0.8772
2024-12-25,sh601228,广州港,3.42,-0.8696
2024-12-26,sh601228,广州港,3.4,-0.5848
2024-12-27,sh601228,广州港,3.45,1.4706
2024-12-30,sh601228,广州港,3.43,-0.5797
2024-12-31,sh601228,广州港,3.39,-1.1662
2025-01-02,sh601228,广州港,3.27,-3.5398
2025-01-03,sh601228,广州港,3.23,-1.2232
2025-01-06,sh601228,广州港,3.26,0.9288
2025-01-07,sh601228,广州港,3.23,-0.9202
2025-01-08,sh601228,广州港,3.24,0.3096
2025-01-09,sh601228,广州港,3.2,-1.2346
2025-01-10,sh601228,广州港,3.17,-0.9375
2025-01-13,sh601228,广州港,3.16,-0.3155
2025-01-14,sh601228,广州港,3.22,1.8987
2025-01-15,sh601228,广州港,3.2,-0.6211
2025-01-16,sh601228,广州港,3.21,0.3125
2025-01-17,sh601228,广州港,3.23,0.6231
2025-01-20,sh601228,广州港,3.21,-0.6192
2025-01-21,sh601228,广州港,3.19,-0.6231
2025-01-22,sh601228,广州港,3.15,-1.2539
2025-01-23,sh601228,广州港,3.19,1.2698
2025-01-24,sh601228,广州港,3.17,-0.627
2025-01-27,sh601228,广州港,3.19,0.6309
2025-02-05,sh601228,广州港,3.19,0.0
2025-02-06,sh601228,广州港,3.23,1.2539
2025-02-07,sh601228,广州港,3.25,0.6192
2025-02-10,sh601228,广州港,3.25,0.0
2025-02-11,sh601228,广州港,3.25,0.0
2025-02-12,sh601228,广州港,3.25,0.0
2025-02-13,sh601228,广州港,3.25,0.0
2025-02-14,sh601228,广州港,3.24,-0.3077
2025-02-17,sh601228,广州港,3.23,-0.3086
2025-02-18,sh601228,广州港,3.2,-0.9288
2025-02-19,sh601228,广州港,3.2,0.0
2025-02-20,sh601228,广州港,3.17,-0.9375
2025-02-21,sh601228,广州港,3.17,0.0
2025-02-24,sh601228,广州港,3.18,0.3155
2025-02-25,sh601228,广州港,3.15,-0.9434
2025-02-26,sh601228,广州港,3.18,0.9524
2025-02-27,sh601228,广州港,3.18,0.0
2025-02-28,sh601228,广州港,3.15,-0.9434
2025-03-03,sh601228,广州港,3.13,-0.6349
2025-03-04,sh601228,广州港,3.16,0.9585
2025-03-05,sh601228,广州港,3.14,-0.6329
2025-03-06,sh601228,广州港,3.15,0.3185
2025-03-07,sh601228,广州港,3.14,-0.3175
2025-03-10,sh601228,广州港,3.14,0.0
2025-03-11,sh601228,广州港,3.16,0.6369
2025-03-12,sh601228,广州港,3.16,0.0
2025-03-13,sh601228,广州港,3.16,0.0
2025-03-14,sh601228,广州港,3.2,1.2658
2025-03-17,sh601228,广州港,3.2,0.0
2025-03-18,sh601228,广州港,3.26,1.875
2025-03-19,sh601228,广州港,3.22,-1.227
2025-03-20,sh601228,广州港,3.21,-0.3106
2025-03-21,sh601228,广州港,3.24,0.9346
2025-03-24,sh601228,广州港,3.22,-0.6173
2025-03-25,sh601228,广州港,3.28,1.8634
2025-03-26,sh601228,广州港,3.28,0.0
2025-03-27,sh601228,广州港,3.26,-0.6098
2025-03-28,sh601228,广州港,3.23,-0.9202
2025-03-31,sh601228,广州港,3.2,-0.9288
2025-04-01,sh601228,广州港,3.25,1.5625
2025-04-02,sh601228,广州港,3.24,-0.3077
2025-04-03,sh601228,广州港,3.31,2.1605
2025-04-07,sh601228,广州港,3.03,-8.4592
2025-04-08,sh601228,广州港,3.12,2.9703
2025-04-09,sh601228,广州港,3.25,4.1667
2025-04-10,sh601228,广州港,3.21,-1.2308
2025-04-11,sh601228,广州港,3.24,0.9346
2025-04-14,sh601228,广州港,3.23,-0.3086
2025-04-15,sh601228,广州港,3.16,-2.1672
2025-04-16,sh601228,广州港,3.2,1.2658
2025-04-17,sh601228,广州港,3.18,-0.625
2025-04-18,sh601228,广州港,3.17,-0.3145
2025-04-21,sh601228,广州港,3.17,0.0
2025-04-22,sh601228,广州港,3.22,1.5773
2025-04-23,sh601228,广州港,3.19,-0.9317
2025-04-24,sh601228,广州港,3.18,-0.3135
2025-04-25,sh601228,广州港,3.18,0.0
2025-04-28,sh601228,广州港,3.18,0.0
2025-04-29,sh601228,广州港,3.17,-0.3145
2025-04-30,sh601228,广州港,3.13,-1.2618
2025-05-06,sh601228,广州港,3.16,0.9585
2025-05-07,sh601228,广州港,3.2,1.2658
2025-05-08,sh601228,广州港,3.21,0.3125
2025-05-09,sh601228,广州港,3.22,0.3115
2025-05-12,sh601228,广州港,3.23,0.3106
2025-05-13,sh601228,广州港,3.28,1.548
2025-05-14,sh601228,广州港,3.38,3.0488
2025-05-15,sh601228,广州港,3.34,-1.1834
2025-05-16,sh601228,广州港,3.31,-0.8982
2025-05-19,sh601228,广州港,3.44,3.9275
2025-05-20,sh601228,广州港,3.31,-3.7791
2025-05-21,sh601228,广州港,3.31,0.0
2025-05-22,sh601228,广州港,3.3,-0.3021
2025-05-23,sh601228,广州港,3.23,-2.1212
2025-05-26,sh601228,广州港,3.22,-0.3096
2025-05-27,sh601228,广州港,3.24,0.6211
2025-05-28,sh601228,广州港,3.24,0.0
2025-05-29,sh601228,广州港,3.24,0.0
2025-05-30,sh601228,广州港,3.21,-0.9259
2025-06-03,sh601228,广州港,3.21,0.0
2025-06-04,sh601228,广州港,3.21,0.0
2025-06-05,sh601228,广州港,3.2,-0.3115
2025-06-06,sh601228,广州港,3.21,0.3125
2025-06-09,sh601228,广州港,3.2,-0.3115
2025-06-10,sh601228,广州港,3.24,1.25
2025-06-11,sh601228,广州港,3.23,-0.3086
2025-06-12,sh601228,广州港,3.2,-0.9288
2025-06-13,sh601228,广州港,3.21,0.3125
2025-06-16,sh601228,广州港,3.2,-0.3115
2025-06-17,sh601228,广州港,3.22,0.625
2025-06-18,sh601228,广州港,3.2,-0.6211
2025-06-19,sh601228,广州港,3.16,-1.25
2025-06-20,sh601228,广州港,3.19,0.9494
2025-06-23,sh601228,广州港,3.24,1.5674
2025-06-24,sh601228,广州港,3.22,-0.6173
2025-06-25,sh601228,广州港,3.24,0.6211
2025-06-26,sh601228,广州港,3.22,-0.6173
2025-06-27,sh601228,广州港,3.24,0.6211
2025-06-30,sh601228,广州港,3.23,-0.3086
2025-07-01,sh601228,广州港,3.26,0.9288
2025-07-02,sh601228,广州港,3.29,0.9202
2025-07-03,sh601228,广州港,3.27,-0.6079
2025-07-04,sh601228,广州港,3.28,0.3058
2025-07-07,sh601228,广州港,3.32,1.2195
2025-07-08,sh601228,广州港,3.31,-0.3012
2025-07-09,sh601228,广州港,3.28,-0.9063
2025-07-10,sh601228,广州港,3.32,1.2195
2025-07-11,sh601228,广州港,3.33,0.3012
2025-07-14,sh601228,广州港,3.33,0.0
2025-07-15,sh601228,广州港,3.31,-0.6006
2025-07-16,sh601228,广州港,3.31,0.0
2025-07-17,sh601228,广州港,3.29,-0.6042
2025-07-18,sh601228,广州港,3.29,0.0
2025-07-21,sh601228,广州港,3.34,1.5198
2025-07-22,sh601228,广州港,3.4,1.7964
2025-07-23,sh601228,广州港,3.39,-0.2941
2025-07-24,sh601228,广州港,3.44,1.4749
2025-07-25,sh601228,广州港,3.39,-1.4535
2025-07-28,sh601228,广州港,3.36,-0.885
2025-07-29,sh601228,广州港,3.37,0.2976
2025-07-30,sh601228,广州港,3.36,-0.2967
2025-07-31,sh601228,广州港,3.3,-1.7857
2025-08-01,sh601228,广州港,3.29,-0.303
2025-08-04,sh601228,广州港,3.3,0.304
2025-08-05,sh601228,广州港,3.32,0.6061
2025-08-06,sh601228,广州港,3.32,0.0
2025-08-07,sh601228,广州港,3.39,2.1084
2025-08-08,sh601228,广州港,3.37,-0.59
2025-08-11,sh601228,广州港,3.37,0.0
2025-08-12,sh601228,广州港,3.38,0.2967
2025-08-13,sh601228,广州港,3.37,-0.2959
2025-08-14,sh601228,广州港,3.34,-0.8902
2025-08-15,sh601228,广州港,3.39,1.497
2025-08-18,sh601228,广州港,3.35,-1.1799
2025-08-19,sh601228,广州港,3.35,0.0
2025-08-20,sh601228,广州港,3.36,0.2985
2025-08-21,sh601228,广州港,3.38,0.5952
2025-08-22,sh601228,广州港,3.43,1.4793
2025-08-25,sh601228,广州港,3.44,0.2915
2025-08-26,sh601228,广州港,3.42,-0.5814
2025-08-27,sh601228,广州港,3.38,-1.1696
2025-08-28,sh601228,广州港,3.41,0.8876
2025-08-29,sh601228,广州港,3.44,0.8798
2025-09-01,sh601228,广州港,3.42,-0.5814
2025-09-02,sh601228,广州港,3.41,-0.2924
2025-09-03,sh601228,广州港,3.34,-2.0528
2025-09-04,sh601228,广州港,3.35,0.2994
2025-09-05,sh601228,广州港,3.35,0.0
2025-09-08,sh601228,广州港,3.42,2.0896
2025-09-09,sh601228,广州港,3.41,-0.2924
2025-09-10,sh601228,广州港,3.41,0.0
2025-09-11,sh601228,广州港,3.43,0.5865
2025-09-12,sh601228,广州港,3.44,0.2915
2025-09-15,sh601228,广州港,3.41,-0.8721
2025-09-16,sh601228,广州港,3.46,1.4663
2025-09-17,sh601228,广州港,3.46,0.0
2025-09-18,sh601228,广州港,3.4,-1.7341
2025-09-19,sh601228,广州港,3.46,1.7647
2025-09-22,sh601228,广州港,3.39,-2.0231
2025-09-23,sh601228,广州港,3.4,0.295
2025-09-24,sh601228,广州港,3.41,0.2941
2025-09-25,sh601228,广州港,3.32,-2.6393
2025-09-26,sh601228,广州港,3.31,-0.3012
2025-09-29,sh601228,广州港,3.34,0.9063
2025-09-30,sh601228,广州港,3.3,-1.1976
2025-10-09,sh601228,广州港,3.33,0.9091
2025-10-10,sh601228,广州港,3.36,0.9009
2025-10-13,sh601228,广州港,3.36,0.0
2025-10-14,sh601228,广州港,3.41,1.4881
2025-10-15,sh601228,广州港,3.4,-0.2933
2025-10-16,sh601228,广州港,3.43,0.8824
2025-10-17,sh601228,广州港,3.39,-1.1662
2025-10-20,sh601228,广州港,3.41,0.59
2025-10-21,sh601228,广州港,3.44,0.8798
2025-10-22,sh601228,广州港,3.44,0.0
2025-10-23,sh601228,广州港,3.48,1.1628
2025-10-24,sh601228,广州港,3.4,-2.2989
2025-10-27,sh601228,广州港,3.39,-0.2941
2025-10-28,sh601228,广州港,3.42,0.885
2025-10-29,sh601228,广州港,3.41,-0.2924
2025-10-30,sh601228,广州港,3.42,0.2933
2025-10-31,sh601228,广州港,3.36,-1.7544
2025-11-03,sh601228,广州港,3.37,0.2976
2025-11-04,sh601228,广州港,3.39,0.5935
2025-11-05,sh601228,广州港,3.42,0.885
2025-11-06,sh601228,广州港,3.42,0.0
2025-11-07,sh601228,广州港,3.45,0.8772
2025-11-10,sh601228,广州港,3.46,0.2899
2025-11-11,sh601228,广州港,3.47,0.289
2025-11-12,sh601228,广州港,3.46,-0.2882
2025-11-13,sh601228,广州港,3.46,0.0
2025-11-14,sh601228,广州港,3.51,1.4451
2025-11-17,sh601228,广州港,3.49,-0.5698
2025-11-18,sh601228,广州港,3.42,-2.0057
2025-11-19,sh601228,广州港,3.39,-0.8772
2025-11-20,sh601228,广州港,3.38,-0.295
2025-11-21,sh601228,广州港,3.3,-2.3669
2025-11-24,sh601228,广州港,3.28,-0.6061
2025-11-25,sh601228,广州港,3.29,0.3049
2025-11-26,sh601228,广州港,3.29,0.0
2025-11-27,sh601228,广州港,3.27,-0.6079
2025-11-28,sh601228,广州港,3.29,0.6116
2025-12-01,sh601228,广州港,3.31,0.6079
2025-12-02,sh601228,广州港,3.32,0.3021
2025-12-03,sh601228,广州港,3.33,0.3012
2025-12-04,sh601228,广州港,3.33,0.0
2025-12-05,sh601228,广州港,3.33,0.0
2025-12-08,sh601228,广州港,3.33,0.0
2025-12-09,sh601228,广州港,3.3,-0.9009
2025-12-10,sh601228,广州港,3.33,0.9091
2025-12-11,sh601228,广州港,3.28,-1.5015
2025-12-12,sh601228,广州港,3.23,-1.5244
2025-12-15,sh601228,广州港,3.25,0.6192
2025-12-16,sh601228,广州港,3.23,-0.6154
2025-12-17,sh601228,广州港,3.24,0.3096
2025-12-18,sh601228,广州港,3.24,0.0
2025-12-19,sh601228,广州港,3.25,0.3086
2025-12-22,sh601228,广州港,3.29,1.2308
2025-12-23,sh601228,广州港,3.26,-0.9119
2025-12-24,sh601228,广州港,3.28,0.6135
2025-12-25,sh601228,广州港,3.3,0.6098
2025-12-26,sh601228,广州港,3.28,-0.6061
2025-12-29,sh601228,广州港,3.26,-0.6098
2025-12-30,sh601228,广州港,3.25,-0.3067
2025-12-31,sh601228,广州港,3.24,-0.3077
2026-01-05,sh601228,广州港,3.24,0.0
2026-01-06,sh601228,广州港,3.28,1.2346
2026-01-07,sh601228,广州港,3.27,-0.3049
2026-01-08,sh601228,广州港,3.28,0.3058
2026-01-09,sh601228,广州港,3.29,0.3049
2026-01-12,sh601228,广州港,3.56,8.2067
2026-01-13,sh601228,广州港,3.6,1.1236
2026-01-14,sh601228,广州港,3.52,-2.2222
2026-01-15,sh601228,广州港,3.47,-1.4205
2026-01-16,sh601228,广州港,3.65,5.1873
2026-01-19,sh601228,广州港,3.59,-1.6438
2026-01-20,sh601228,广州港,3.62,0.8357
2026-01-21,sh601228,广州港,3.65,0.8287
2026-01-22,sh601228,广州港,3.61,-1.0959
2026-01-23,sh601228,广州港,3.75,3.8781
2026-01-26,sh601228,广州港,3.66,-2.4
2026-01-27,sh601228,广州港,3.6,-1.6393
2026-01-28,sh601228,广州港,3.58,-0.5556
2026-01-29,sh601228,广州港,3.6,0.5587
2026-01-30,sh601228,广州港,3.56,-1.1111
2026-02-02,sh601228,广州港,3.43,-3.6517
2026-02-03,sh601228,广州港,3.44,0.2915
2026-02-04,sh601228,广州港,3.52,2.3256
2026-02-05,sh601228,广州港,3.47,-1.4205
2026-02-06,sh601228,广州港,3.47,0.0
2026-02-09,sh601228,广州港,3.49,0.5764
2026-02-10,sh601228,广州港,3.48,-0.2865
2026-02-11,sh601228,广州港,3.5,0.5747
2026-02-12,sh601228,广州港,3.47,-0.8571
2026-02-13,sh601228,广州港,3.39,-2.3055
2026-02-24,sh601228,广州港,3.45,1.7699
2026-02-25,sh601228,广州港,3.52,2.029
2026-02-26,sh601228,广州港,3.51,-0.2841
2026-02-27,sh601228,广州港,3.59,2.2792
2026-03-02,sh601228,广州港,3.6,0.2786
2026-03-03,sh601228,广州港,3.57,-0.8333
2026-03-04,sh601228,广州港,3.45,-3.3613
2026-03-05,sh601228,广州港,3.49,1.1594
2026-03-06,sh601228,广州港,3.57,2.2923
2026-03-09,sh601228,广州港,3.53,-1.1204
2026-03-10,sh601228,广州港,3.53,0.0
2026-03-11,sh601228,广州港,3.57,1.1331
2026-03-12,sh601228,广州港,3.62,1.4006
2026-03-13,sh601228,广州港,3.59,-0.8287
2026-03-16,sh601228,广州港,3.59,0.0
2026-03-17,sh601228,广州港,3.55,-1.1142
2026-03-18,sh601228,广州港,3.51,-1.1268
2026-03-19,sh601228,广州港,3.45,-1.7094
2026-03-20,sh601228,广州港,3.45,0.0
2026-03-23,sh601228,广州港,3.26,-5.5072
2026-03-24,sh601228,广州港,3.36,3.0675
2026-03-25,sh601228,广州港,3.46,2.9762
2026-03-26,sh601228,广州港,3.46,0.0
2026-03-27,sh601228,广州港,3.39,-2.0231
2026-03-30,sh601228,广州港,3.4,0.295
2026-03-31,sh601228,广州港,3.38,-0.5882
2026-04-01,sh601228,广州港,3.38,0.0
2026-04-02,sh601228,广州港,3.37,-0.2959
2026-04-03,sh601228,广州港,3.32,-1.4837
2026-04-07,sh601228,广州港,3.35,0.9036
2026-04-08,sh601228,广州港,3.44,2.6866
2026-04-09,sh601228,广州港,3.38,-1.7442
2026-04-10,sh601228,广州港,3.4,0.5917
2026-04-13,sh601228,广州港,3.29,-3.2353
2026-04-14,sh601228,广州港,3.27,-0.6079
2026-04-15,sh601228,广州港,3.25,-0.6116
2026-04-16,sh601228,广州港,3.26,0.3077
2026-04-17,sh601228,广州港,3.25,-0.3067
2026-04-20,sh601228,广州港,3.24,-0.3077
2026-04-21,sh601228,广州港,3.25,0.3086
2026-04-22,sh601228,广州港,3.23,-0.6154
2026-04-23,sh601228,广州港,3.26,0.9288
2026-04-24,sh601228,广州港,3.24,-0.6135
2026-04-27,sh601228,广州港,3.22,-0.6173
2026-04-28,sh601228,广州港,3.23,0.3106
2026-04-29,sh601228,广州港,3.26,0.9288
2026-04-30,sh601228,广州港,3.24,-0.6135
2026-05-06,sh601228,广州港,3.26,0.6173
2026-05-07,sh601228,广州港,3.27,0.3067
2026-05-08,sh601228,广州港,3.3,0.9174
2026-05-11,sh601228,广州港,3.27,-0.9091
2026-05-12,sh601228,广州港,3.24,-0.9174
2026-05-13,sh601228,广州港,3.24,0.0
2026-05-14,sh601228,广州港,3.19,-1.5432
2026-05-15,sh601228,广州港,3.15,-1.2539
2026-05-18,sh601228,广州港,3.13,-0.6349
2026-05-19,sh601228,广州港,3.17,1.278
2026-05-20,sh601228,广州港,3.13,-1.2618
2026-05-21,sh601228,广州港,3.1,-0.9585
2026-05-22,sh601228,广州港,3.09,-0.3226
2026-05-25,sh601228,广州港,3.11,0.6472
2026-05-26,sh601228,广州港,3.1,-0.3215
2026-05-27,sh601228,广州港,3.07,-0.9677
2026-05-28,sh601228,广州港,3.05,-0.6515
2026-05-29,sh601228,广州港,3.08,0.9836
2026-06-01,sh601228,广州港,3.15,2.2727
2026-06-02,sh601228,广州港,3.12,-0.9524
2026-06-03,sh601228,广州港,3.13,0.3205
2026-06-04,sh601228,广州港,3.06,-2.2364
2026-06-05,sh601228,广州港,3.06,0.0
2026-06-08,sh601228,广州港,3.02,-1.3072
2026-06-09,sh601228,广州港,3.01,-0.3311
2026-06-10,sh601228,广州港,3.02,0.3322
2026-06-11,sh601228,广州港,2.98,-1.3245
2026-06-12,sh601228,广州港,3.01,1.0067
2026-06-15,sh601228,广州港,3.05,1.3289
2026-06-16,sh601228,广州港,3.01,-1.3115
2026-06-17,sh601228,广州港,2.99,-0.6645
2026-06-18,sh601228,广州港,2.96,-1.0033
2026-06-22,sh601228,广州港,2.96,0.0
2026-06-23,sh601228,广州港,2.97,0.3378
2026-06-24,sh601228,广州港,2.94,-1.0101
2026-06-25,sh601228,广州港,2.92,-0.6803
2026-06-26,sh601228,广州港,2.87,-1.7123
2026-06-29,sh601228,广州港,2.88,0.3484
2026-06-30,sh601228,广州港,2.82,-2.0833
2026-07-01,sh601228,广州港,2.87,1.773
2026-07-02,sh601228,广州港,2.89,0.6969
2026-07-03,sh601228,广州港,2.91,0.692
2026-07-06,sh601228,广州港,2.95,1.3746
2026-07-07,sh601228,广州港,2.9,-1.6949
2026-07-08,sh601228,广州港,2.92,0.6897
2026-07-09,sh601228,广州港,2.92,0.0
2026-07-10,sh601228,广州港,2.95,1.0274
2026-07-13,sh601228,广州港,2.96,0.339
2026-07-14,sh601228,广州港,3.0,1.3514
2026-07-15,sh601228,广州港,3.04,1.3333
2026-07-16,sh601228,广州港,3.01,-0.9868
2026-07-17,sh601228,广州港,3.03,0.6645
2026-07-20,sh601228,广州港,3.07,1.3201
2026-07-21,sh601228,广州港,3.04,-0.9772
2026-07-22,sh601228,广州港,3.05,0.3289
2026-07-23,sh601228,广州港,3.08,0.9836
2026-07-24,sh601228,广州港,3.05,-0.974
2026-07-27,sh601228,广州港,3.05,0.0
2026-07-28,sh601228,广州港,3.04,-0.3279
2026-07-29,sh601228,广州港,3.08,1.3158
2026-07-30,sh601228,广州港,3.1,0.6494
2026-07-31,sh601228,广州港,3.11,0.3226
2026-08-03,sh601228,广州港,3.17,1.9293
2026-08-04,sh601228,广州港,3.1,-2.2082
2026-08-05,sh601228,广州港,3.08,-0.6452
2026-08-06,sh601228,广州港,3.06,-0.6494
2026-08-07,sh601228,广州港,3.03,-0.9804
2026-08-10,sh601228,广州港,3.08,1.6502
2026-08-11,sh601228,广州港,3.05,-0.974
2026-08-12,sh601228,广州港,3.05,0.0
2026-08-13,sh601228,广州港,3.03,-0.6557
2026-08-14,sh601228,广州港,3.02,-0.33
2026-08-17,sh601228,广州港,3.04,0.6623
2026-08-18,sh601228,广州港,3.04,0.0
2026-08-19,sh601228,广州港,3.02,-0.6579
2016-01-04,sh601872,招商轮船,6.41,
2016-01-05,sh601872,招商轮船,6.24,-2.6521
2016-01-06,sh601872,招商轮船,6.37,2.0833
2016-01-07,sh601872,招商轮船,5.79,-9.1052
2016-01-08,sh601872,招商轮船,5.88,1.5544
2016-01-11,sh601872,招商轮船,5.43,-7.6531
2016-01-12,sh601872,招商轮船,5.47,0.7366
2016-01-13,sh601872,招商轮船,5.31,-2.925
2016-01-14,sh601872,招商轮船,5.38,1.3183
2016-01-15,sh601872,招商轮船,5.03,-6.5056
2016-01-18,sh601872,招商轮船,5.2,3.3797
2016-01-19,sh601872,招商轮船,5.32,2.3077
2016-01-20,sh601872,招商轮船,5.35,0.5639
2016-01-21,sh601872,招商轮船,5.11,-4.486
2016-01-22,sh601872,招商轮船,5.16,0.9785
2016-01-25,sh601872,招商轮船,5.27,2.1318
2016-01-26,sh601872,招商轮船,4.83,-8.3491
2016-01-27,sh601872,招商轮船,4.7,-2.6915
2016-01-28,sh601872,招商轮船,4.59,-2.3404
2016-01-29,sh601872,招商轮船,4.75,3.4858
2016-02-01,sh601872,招商轮船,4.6,-3.1579
2016-02-02,sh601872,招商轮船,4.72,2.6087
2016-02-03,sh601872,招商轮船,4.75,0.6356
2016-02-04,sh601872,招商轮船,4.79,0.8421
2016-02-05,sh601872,招商轮船,4.77,-0.4175
2016-02-15,sh601872,招商轮船,4.67,-2.0964
2016-02-16,sh601872,招商轮船,5.03,7.7088
2016-02-17,sh601872,招商轮船,5.0,-0.5964
2016-02-18,sh601872,招商轮船,5.03,0.6
2016-02-19,sh601872,招商轮船,5.11,1.5905
2016-02-22,sh601872,招商轮船,5.18,1.3699
2016-02-23,sh601872,招商轮船,5.09,-1.7375
2016-02-24,sh601872,招商轮船,5.2,2.1611
2016-02-25,sh601872,招商轮船,4.68,-10.0
2016-02-26,sh601872,招商轮船,4.78,2.1368
2016-02-29,sh601872,招商轮船,4.64,-2.9289
2016-03-01,sh601872,招商轮船,4.7,1.2931
2016-03-02,sh601872,招商轮船,4.9,4.2553
2016-03-03,sh601872,招商轮船,5.04,2.8571
2016-03-04,sh601872,招商轮船,5.08,0.7937
2016-03-07,sh601872,招商轮船,5.17,1.7717
2016-03-08,sh601872,招商轮船,5.41,4.6422
2016-03-09,sh601872,招商轮船,5.14,-4.9908
2016-03-10,sh601872,招商轮船,4.96,-3.5019
2016-03-11,sh601872,招商轮船,4.92,-0.8065
2016-03-14,sh601872,招商轮船,5.03,2.2358
2016-03-15,sh601872,招商轮船,5.04,0.1988
2016-03-16,sh601872,招商轮船,5.0,-0.7937
2016-03-17,sh601872,招商轮船,5.08,1.6
2016-03-18,sh601872,招商轮船,5.15,1.378
2016-03-21,sh601872,招商轮船,5.29,2.7184
2016-03-22,sh601872,招商轮船,5.25,-0.7561
2016-03-23,sh601872,招商轮船,5.28,0.5714
2016-03-24,sh601872,招商轮船,5.15,-2.4621
2016-03-25,sh601872,招商轮船,5.16,0.1942
2016-03-28,sh601872,招商轮船,5.11,-0.969
2016-03-29,sh601872,招商轮船,4.99,-2.3483
2016-03-30,sh601872,招商轮船,5.1,2.2044
2016-03-31,sh601872,招商轮船,5.13,0.5882
2016-04-01,sh601872,招商轮船,5.11,-0.3899
2016-04-05,sh601872,招商轮船,5.62,9.9804
2016-04-06,sh601872,招商轮船,5.59,-0.5338
2016-04-07,sh601872,招商轮船,5.54,-0.8945
2016-04-08,sh601872,招商轮船,5.44,-1.8051
2016-04-11,sh601872,招商轮船,5.48,0.7353
2016-04-12,sh601872,招商轮船,5.52,0.7299
2016-04-13,sh601872,招商轮船,5.66,2.5362
2016-04-14,sh601872,招商轮船,5.64,-0.3534
2016-04-15,sh601872,招商轮船,5.62,-0.3546
2016-04-18,sh601872,招商轮船,5.52,-1.7794
2016-04-19,sh601872,招商轮船,5.51,-0.1812
2016-04-20,sh601872,招商轮船,5.22,-5.2632
2016-04-21,sh601872,招商轮船,5.17,-0.9579
2016-04-22,sh601872,招商轮船,5.19,0.3868
2016-04-25,sh601872,招商轮船,5.12,-1.3487
2016-04-26,sh601872,招商轮船,5.13,0.1953
2016-04-27,sh601872,招商轮船,5.11,-0.3899
2016-04-28,sh601872,招商轮船,5.06,-0.9785
2016-04-29,sh601872,招商轮船,5.05,-0.1976
2016-05-03,sh601872,招商轮船,5.19,2.7723
2016-05-04,sh601872,招商轮船,5.29,1.9268
2016-05-05,sh601872,招商轮船,5.25,-0.7561
2016-05-06,sh601872,招商轮船,5.04,-4.0
2016-05-09,sh601872,招商轮船,4.8,-4.7619
2016-05-10,sh601872,招商轮船,4.99,3.9583
2016-05-11,sh601872,招商轮船,4.92,-1.4028
2016-05-12,sh601872,招商轮船,4.89,-0.6098
2016-05-13,sh601872,招商轮船,4.92,0.6135
2016-05-16,sh601872,招商轮船,4.95,0.6098
2016-05-17,sh601872,招商轮船,4.91,-0.8081
2016-05-18,sh601872,招商轮船,4.85,-1.222
2016-05-19,sh601872,招商轮船,4.82,-0.6186
2016-05-20,sh601872,招商轮船,4.85,0.6224
2016-05-23,sh601872,招商轮船,4.89,0.8247
2016-05-24,sh601872,招商轮船,4.83,-1.227
2016-05-25,sh601872,招商轮船,4.8,-0.6211
2016-05-26,sh601872,招商轮船,4.77,-0.625
2016-05-27,sh601872,招商轮船,4.77,0.0
2016-05-30,sh601872,招商轮船,4.72,-1.0482
2016-05-31,sh601872,招商轮船,4.89,3.6017
2016-06-01,sh601872,招商轮船,4.88,-0.2045
2016-06-02,sh601872,招商轮船,4.88,0.0
2016-06-03,sh601872,招商轮船,4.9,0.4098
2016-06-06,sh601872,招商轮船,4.89,-0.2041
2016-06-07,sh601872,招商轮船,4.86,-0.6135
2016-06-08,sh601872,招商轮船,4.86,0.0
2016-06-13,sh601872,招商轮船,4.68,-3.7037
2016-06-14,sh601872,招商轮船,4.71,0.641
2016-06-15,sh601872,招商轮船,4.76,1.0616
2016-06-16,sh601872,招商轮船,4.73,-0.6303
2016-06-17,sh601872,招商轮船,4.82,1.9027
2016-06-20,sh601872,招商轮船,4.78,-0.8299
2016-06-21,sh601872,招商轮船,4.76,-0.4184
2016-06-22,sh601872,招商轮船,4.72,-0.8403
2016-06-23,sh601872,招商轮船,4.68,-0.8475
2016-06-24,sh601872,招商轮船,4.58,-2.1368
2016-06-27,sh601872,招商轮船,4.64,1.31
2016-06-28,sh601872,招商轮船,4.68,0.8621
2016-06-29,sh601872,招商轮船,4.7,0.4274
2016-06-30,sh601872,招商轮船,4.68,-0.4255
2016-07-01,sh601872,招商轮船,4.67,-0.2137
2016-07-04,sh601872,招商轮船,4.76,1.9272
2016-07-05,sh601872,招商轮船,5.13,7.7731
2016-07-06,sh601872,招商轮船,5.0,-2.5341
2016-07-07,sh601872,招商轮船,5.03,0.6
2016-07-08,sh601872,招商轮船,4.99,-0.7952
2016-07-11,sh601872,招商轮船,4.97,-0.4008
2016-07-12,sh601872,招商轮船,5.17,4.0241
2016-07-13,sh601872,招商轮船,5.23,1.1605
2016-07-14,sh601872,招商轮船,5.37,2.6769
2016-07-15,sh601872,招商轮船,5.31,-1.1173
2016-07-18,sh601872,招商轮船,5.23,-1.5066
2016-07-19,sh601872,招商轮船,5.24,0.1912
2016-07-20,sh601872,招商轮船,5.19,-0.9542
2016-07-21,sh601872,招商轮船,5.18,-0.1927
2016-07-22,sh601872,招商轮船,5.09,-1.7375
2016-07-25,sh601872,招商轮船,5.11,0.3929
2016-07-26,sh601872,招商轮船,5.17,1.1742
2016-07-27,sh601872,招商轮船,5.24,1.354
2016-07-28,sh601872,招商轮船,5.41,3.2443
2016-07-29,sh601872,招商轮船,5.24,-3.1423
2016-08-01,sh601872,招商轮船,5.12,-2.2901
2016-08-02,sh601872,招商轮船,5.18,1.1719
2016-08-03,sh601872,招商轮船,5.21,0.5792
2016-08-04,sh601872,招商轮船,5.14,-1.3436
2016-08-05,sh601872,招商轮船,5.12,-0.3891
2016-08-08,sh601872,招商轮船,5.2,1.5625
2016-08-09,sh601872,招商轮船,5.2,0.0
2016-08-10,sh601872,招商轮船,5.16,-0.7692
2016-08-11,sh601872,招商轮船,5.11,-0.969
2016-08-12,sh601872,招商轮船,5.19,1.5656
2016-08-15,sh601872,招商轮船,5.29,1.9268
2016-08-16,sh601872,招商轮船,5.31,0.3781
2016-08-17,sh601872,招商轮船,5.28,-0.565
2016-08-18,sh601872,招商轮船,5.29,0.1894
2016-08-19,sh601872,招商轮船,5.32,0.5671
2016-08-22,sh601872,招商轮船,5.21,-2.0677
2016-08-23,sh601872,招商轮船,5.22,0.1919
2016-08-24,sh601872,招商轮船,5.21,-0.1916
2016-08-25,sh601872,招商轮船,5.14,-1.3436
2016-08-26,sh601872,招商轮船,5.15,0.1946
2016-08-29,sh601872,招商轮船,5.16,0.1942
2016-08-30,sh601872,招商轮船,5.14,-0.3876
2016-08-31,sh601872,招商轮船,5.16,0.3891
2016-09-01,sh601872,招商轮船,5.16,0.0
2016-09-02,sh601872,招商轮船,5.21,0.969
2016-09-05,sh601872,招商轮船,5.2,-0.1919
2016-09-06,sh601872,招商轮船,5.2,0.0
2016-09-07,sh601872,招商轮船,5.23,0.5769
2016-09-08,sh601872,招商轮船,5.32,1.7208
2016-09-09,sh601872,招商轮船,5.3,-0.3759
2016-09-12,sh601872,招商轮船,5.21,-1.6981
2016-09-13,sh601872,招商轮船,5.18,-0.5758
2016-09-14,sh601872,招商轮船,5.13,-0.9653
2016-09-19,sh601872,招商轮船,5.14,0.1949
2016-09-20,sh601872,招商轮船,5.14,0.0
2016-09-21,sh601872,招商轮船,5.21,1.3619
2016-09-22,sh601872,招商轮船,5.23,0.3839
2016-09-23,sh601872,招商轮船,5.26,0.5736
2016-09-26,sh601872,招商轮船,5.13,-2.4715
2016-09-27,sh601872,招商轮船,5.14,0.1949
2016-09-28,sh601872,招商轮船,5.1,-0.7782
2016-09-29,sh601872,招商轮船,5.11,0.1961
2016-09-30,sh601872,招商轮船,5.1,-0.1957
2016-10-10,sh601872,招商轮船,5.2,1.9608
2016-10-11,sh601872,招商轮船,5.25,0.9615
2016-10-12,sh601872,招商轮船,5.19,-1.1429
2016-10-13,sh601872,招商轮船,5.27,1.5414
2016-10-14,sh601872,招商轮船,5.24,-0.5693
2016-10-17,sh601872,招商轮船,5.24,0.0
2016-10-18,sh601872,招商轮船,5.35,2.0992
2016-10-19,sh601872,招商轮船,5.34,-0.1869
2016-10-20,sh601872,招商轮船,5.28,-1.1236
2016-10-21,sh601872,招商轮船,5.52,4.5455
2016-10-24,sh601872,招商轮船,5.71,3.442
2016-10-25,sh601872,招商轮船,5.62,-1.5762
2016-10-26,sh601872,招商轮船,5.67,0.8897
2016-10-27,sh601872,招商轮船,5.59,-1.4109
2016-10-28,sh601872,招商轮船,5.42,-3.0411
2016-10-31,sh601872,招商轮船,5.38,-0.738
2016-11-01,sh601872,招商轮船,5.37,-0.1859
2016-11-02,sh601872,招商轮船,5.28,-1.676
2016-11-03,sh601872,招商轮船,5.36,1.5152
2016-11-04,sh601872,招商轮船,5.3,-1.1194
2016-11-07,sh601872,招商轮船,5.31,0.1887
2016-11-08,sh601872,招商轮船,5.35,0.7533
2016-11-09,sh601872,招商轮船,5.3,-0.9346
2016-11-10,sh601872,招商轮船,5.45,2.8302
2016-11-11,sh601872,招商轮船,5.58,2.3853
2016-11-14,sh601872,招商轮船,5.71,2.3297
2016-11-15,sh601872,招商轮船,5.67,-0.7005
2016-11-16,sh601872,招商轮船,5.79,2.1164
2016-11-17,sh601872,招商轮船,5.88,1.5544
2016-11-18,sh601872,招商轮船,5.63,-4.2517
2016-11-21,sh601872,招商轮船,5.65,0.3552
2016-11-22,sh601872,招商轮船,5.68,0.531
2016-11-23,sh601872,招商轮船,5.53,-2.6408
2016-11-24,sh601872,招商轮船,5.55,0.3617
2016-11-25,sh601872,招商轮船,5.63,1.4414
2016-11-28,sh601872,招商轮船,5.72,1.5986
2016-11-29,sh601872,招商轮船,5.74,0.3497
2016-11-30,sh601872,招商轮船,5.62,-2.0906
2016-12-01,sh601872,招商轮船,5.7,1.4235
2016-12-02,sh601872,招商轮船,5.57,-2.2807
2016-12-05,sh601872,招商轮船,5.54,-0.5386
2016-12-06,sh601872,招商轮船,5.46,-1.444
2016-12-07,sh601872,招商轮船,5.51,0.9158
2016-12-08,sh601872,招商轮船,5.49,-0.363
2016-12-09,sh601872,招商轮船,5.47,-0.3643
2016-12-12,sh601872,招商轮船,5.23,-4.3876
2016-12-13,sh601872,招商轮船,5.18,-0.956
2016-12-14,sh601872,招商轮船,5.08,-1.9305
2016-12-15,sh601872,招商轮船,5.07,-0.1969
2016-12-16,sh601872,招商轮船,5.05,-0.3945
2016-12-19,sh601872,招商轮船,4.93,-2.3762
2016-12-20,sh601872,招商轮船,4.96,0.6085
2016-12-21,sh601872,招商轮船,5.08,2.4194
2016-12-22,sh601872,招商轮船,5.05,-0.5906
2016-12-23,sh601872,招商轮船,5.06,0.198
2016-12-26,sh601872,招商轮船,5.06,0.0
2016-12-27,sh601872,招商轮船,5.02,-0.7905
2016-12-28,sh601872,招商轮船,4.98,-0.7968
2016-12-29,sh601872,招商轮船,4.94,-0.8032
2016-12-30,sh601872,招商轮船,4.94,0.0
2017-01-03,sh601872,招商轮船,4.98,0.8097
2017-01-04,sh601872,招商轮船,5.03,1.004
2017-01-05,sh601872,招商轮船,5.03,0.0
2017-01-06,sh601872,招商轮船,5.03,0.0
2017-01-09,sh601872,招商轮船,5.08,0.994
2017-01-10,sh601872,招商轮船,5.13,0.9843
2017-01-11,sh601872,招商轮船,5.02,-2.1442
2017-01-12,sh601872,招商轮船,4.96,-1.1952
2017-01-13,sh601872,招商轮船,4.99,0.6048
2017-01-16,sh601872,招商轮船,5.05,1.2024
2017-01-17,sh601872,招商轮船,5.01,-0.7921
2017-01-18,sh601872,招商轮船,5.05,0.7984
2017-01-19,sh601872,招商轮船,5.05,0.0
2017-01-20,sh601872,招商轮船,5.07,0.396
2017-01-23,sh601872,招商轮船,5.08,0.1972
2017-01-24,sh601872,招商轮船,5.05,-0.5906
2017-01-25,sh601872,招商轮船,5.06,0.198
2017-01-26,sh601872,招商轮船,5.06,0.0
2017-02-03,sh601872,招商轮船,5.03,-0.5929
2017-02-06,sh601872,招商轮船,5.04,0.1988
2017-02-07,sh601872,招商轮船,5.09,0.9921
2017-02-08,sh601872,招商轮船,5.09,0.0
2017-02-09,sh601872,招商轮船,5.13,0.7859
2017-02-10,sh601872,招商轮船,5.21,1.5595
2017-02-13,sh601872,招商轮船,5.25,0.7678
2017-02-14,sh601872,招商轮船,5.25,0.0
2017-02-15,sh601872,招商轮船,5.26,0.1905
2017-02-16,sh601872,招商轮船,5.27,0.1901
2017-02-17,sh601872,招商轮船,5.18,-1.7078
2017-02-20,sh601872,招商轮船,5.3,2.3166
2017-02-21,sh601872,招商轮船,5.31,0.1887
2017-02-22,sh601872,招商轮船,5.34,0.565
2017-02-23,sh601872,招商轮船,5.29,-0.9363
2017-02-24,sh601872,招商轮船,5.37,1.5123
2017-02-27,sh601872,招商轮船,5.28,-1.676
2017-02-28,sh601872,招商轮船,5.3,0.3788
2017-03-01,sh601872,招商轮船,5.28,-0.3774
2017-03-02,sh601872,招商轮船,5.27,-0.1894
2017-03-03,sh601872,招商轮船,5.25,-0.3795
2017-03-06,sh601872,招商轮船,5.25,0.0
2017-03-07,sh601872,招商轮船,5.25,0.0
2017-03-08,sh601872,招商轮船,5.3,0.9524
2017-03-09,sh601872,招商轮船,5.27,-0.566
2017-03-10,sh601872,招商轮船,5.21,-1.1385
2017-03-13,sh601872,招商轮船,5.24,0.5758
2017-03-14,sh601872,招商轮船,5.22,-0.3817
2017-03-15,sh601872,招商轮船,5.22,0.0
2017-03-16,sh601872,招商轮船,5.27,0.9579
2017-03-17,sh601872,招商轮船,5.21,-1.1385
2017-03-20,sh601872,招商轮船,5.28,1.3436
2017-03-21,sh601872,招商轮船,5.27,-0.1894
2017-03-22,sh601872,招商轮船,5.28,0.1898
2017-03-23,sh601872,招商轮船,5.24,-0.7576
2017-03-24,sh601872,招商轮船,5.39,2.8626
2017-03-27,sh601872,招商轮船,5.34,-0.9276
2017-03-28,sh601872,招商轮船,5.4,1.1236
2017-03-29,sh601872,招商轮船,5.53,2.4074
2017-03-30,sh601872,招商轮船,5.63,1.8083
2017-03-31,sh601872,招商轮船,5.43,-3.5524
2017-04-05,sh601872,招商轮船,5.48,0.9208
2017-04-06,sh601872,招商轮船,5.55,1.2774
2017-04-07,sh601872,招商轮船,5.46,-1.6216
2017-04-10,sh601872,招商轮船,5.47,0.1832
2017-04-11,sh601872,招商轮船,5.62,2.7422
2017-04-12,sh601872,招商轮船,5.53,-1.6014
2017-04-13,sh601872,招商轮船,5.5,-0.5425
2017-04-14,sh601872,招商轮船,5.4,-1.8182
2017-04-17,sh601872,招商轮船,5.35,-0.9259
2017-04-18,sh601872,招商轮船,5.29,-1.1215
2017-04-19,sh601872,招商轮船,5.26,-0.5671
2017-04-20,sh601872,招商轮船,5.28,0.3802
2017-04-21,sh601872,招商轮船,5.3,0.3788
2017-04-24,sh601872,招商轮船,5.27,-0.566
2017-04-25,sh601872,招商轮船,5.22,-0.9488
2017-04-26,sh601872,招商轮船,5.18,-0.7663
2017-04-27,sh601872,招商轮船,5.15,-0.5792
2017-04-28,sh601872,招商轮船,5.16,0.1942
2017-09-12,sh601872,招商轮船,5.41,4.845
2017-09-13,sh601872,招商轮船,5.23,-3.3272
2017-09-14,sh601872,招商轮船,5.21,-0.3824
2017-09-15,sh601872,招商轮船,5.17,-0.7678
2017-09-18,sh601872,招商轮船,5.14,-0.5803
2017-09-19,sh601872,招商轮船,5.09,-0.9728
2017-09-20,sh601872,招商轮船,5.11,0.3929
2017-09-21,sh601872,招商轮船,5.11,0.0
2017-09-22,sh601872,招商轮船,5.08,-0.5871
2017-09-25,sh601872,招商轮船,5.05,-0.5906
2017-09-26,sh601872,招商轮船,5.05,0.0
2017-09-27,sh601872,招商轮船,5.04,-0.198
2017-09-28,sh601872,招商轮船,4.96,-1.5873
2017-09-29,sh601872,招商轮船,4.95,-0.2016
2017-10-09,sh601872,招商轮船,4.99,0.8081
2017-10-10,sh601872,招商轮船,5.03,0.8016
2017-10-11,sh601872,招商轮船,5.04,0.1988
2017-10-12,sh601872,招商轮船,5.01,-0.5952
2017-10-13,sh601872,招商轮船,5.0,-0.1996
2017-10-16,sh601872,招商轮船,4.98,-0.4
2017-10-17,sh601872,招商轮船,4.98,0.0
2017-10-18,sh601872,招商轮船,4.98,0.0
2017-10-19,sh601872,招商轮船,4.91,-1.4056
2017-10-20,sh601872,招商轮船,5.05,2.8513
2017-10-23,sh601872,招商轮船,5.01,-0.7921
2017-10-24,sh601872,招商轮船,5.04,0.5988
2017-10-25,sh601872,招商轮船,5.06,0.3968
2017-10-26,sh601872,招商轮船,5.06,0.0
2017-10-27,sh601872,招商轮船,5.08,0.3953
2017-10-30,sh601872,招商轮船,5.0,-1.5748
2017-10-31,sh601872,招商轮船,5.08,1.6
2017-11-01,sh601872,招商轮船,5.03,-0.9843
2017-11-02,sh601872,招商轮船,4.96,-1.3917
2017-11-03,sh601872,招商轮船,4.92,-0.8065
2017-11-06,sh601872,招商轮船,4.91,-0.2033
2017-11-07,sh601872,招商轮船,4.9,-0.2037
2017-11-08,sh601872,招商轮船,4.91,0.2041
2017-11-09,sh601872,招商轮船,4.92,0.2037
2017-11-10,sh601872,招商轮船,4.87,-1.0163
2017-11-13,sh601872,招商轮船,4.86,-0.2053
2017-11-14,sh601872,招商轮船,4.78,-1.6461
2017-11-15,sh601872,招商轮船,4.71,-1.4644
2017-11-16,sh601872,招商轮船,4.66,-1.0616
2017-11-17,sh601872,招商轮船,4.52,-3.0043
2017-11-20,sh601872,招商轮船,4.49,-0.6637
2017-11-21,sh601872,招商轮船,4.56,1.559
2017-11-22,sh601872,招商轮船,4.59,0.6579
2017-11-23,sh601872,招商轮船,4.48,-2.3965
2017-11-24,sh601872,招商轮船,4.49,0.2232
2017-11-27,sh601872,招商轮船,4.44,-1.1136
2017-11-28,sh601872,招商轮船,4.47,0.6757
2017-11-29,sh601872,招商轮船,4.53,1.3423
2017-11-30,sh601872,招商轮船,4.5,-0.6623
2017-12-01,sh601872,招商轮船,4.54,0.8889
2017-12-04,sh601872,招商轮船,4.58,0.8811
2017-12-05,sh601872,招商轮船,4.41,-3.7118
2017-12-06,sh601872,招商轮船,4.4,-0.2268
2017-12-07,sh601872,招商轮船,4.39,-0.2273
2017-12-08,sh601872,招商轮船,4.41,0.4556
2017-12-11,sh601872,招商轮船,4.48,1.5873
2017-12-12,sh601872,招商轮船,4.44,-0.8929
2017-12-13,sh601872,招商轮船,4.48,0.9009
2017-12-25,sh601872,招商轮船,4.44,-0.8929
2017-12-26,sh601872,招商轮船,4.4,-0.9009
2017-12-27,sh601872,招商轮船,4.35,-1.1364
2017-12-28,sh601872,招商轮船,4.34,-0.2299
2017-12-29,sh601872,招商轮船,4.39,1.1521
2018-01-02,sh601872,招商轮船,4.45,1.3667
2018-01-03,sh601872,招商轮船,4.46,0.2247
2018-01-04,sh601872,招商轮船,4.63,3.8117
2018-01-05,sh601872,招商轮船,4.6,-0.6479
2018-01-08,sh601872,招商轮船,4.6,0.0
2018-01-09,sh601872,招商轮船,4.54,-1.3043
2018-01-10,sh601872,招商轮船,4.58,0.8811
2018-01-11,sh601872,招商轮船,4.57,-0.2183
2018-01-12,sh601872,招商轮船,4.56,-0.2188
2018-01-15,sh601872,招商轮船,4.54,-0.4386
2018-01-16,sh601872,招商轮船,4.55,0.2203
2018-01-17,sh601872,招商轮船,4.64,1.978
2018-01-18,sh601872,招商轮船,4.62,-0.431
2018-01-19,sh601872,招商轮船,4.64,0.4329
2018-01-22,sh601872,招商轮船,4.63,-0.2155
2018-01-23,sh601872,招商轮船,4.6,-0.6479
2018-01-24,sh601872,招商轮船,4.5,-2.1739
2018-01-25,sh601872,招商轮船,4.49,-0.2222
2018-01-26,sh601872,招商轮船,4.53,0.8909
2018-01-29,sh601872,招商轮船,4.48,-1.1038
2018-01-30,sh601872,招商轮船,4.44,-0.8929
2018-01-31,sh601872,招商轮船,4.33,-2.4775
2018-02-01,sh601872,招商轮船,4.13,-4.6189
2018-02-02,sh601872,招商轮船,4.12,-0.2421
2018-02-05,sh601872,招商轮船,4.16,0.9709
2018-02-06,sh601872,招商轮船,3.94,-5.2885
2018-02-07,sh601872,招商轮船,3.95,0.2538
2018-02-08,sh601872,招商轮船,4.03,2.0253
2018-02-09,sh601872,招商轮船,3.85,-4.4665
2018-02-12,sh601872,招商轮船,3.9,1.2987
2018-02-13,sh601872,招商轮船,3.91,0.2564
2018-02-14,sh601872,招商轮船,3.92,0.2558
2018-02-22,sh601872,招商轮船,3.95,0.7653
2018-02-23,sh601872,招商轮船,3.94,-0.2532
2018-02-26,sh601872,招商轮船,3.99,1.269
2018-02-27,sh601872,招商轮船,4.01,0.5013
2018-02-28,sh601872,招商轮船,4.0,-0.2494
2018-03-01,sh601872,招商轮船,4.1,2.5
2018-03-02,sh601872,招商轮船,4.07,-0.7317
2018-03-05,sh601872,招商轮船,4.06,-0.2457
2018-03-06,sh601872,招商轮船,4.08,0.4926
2018-03-07,sh601872,招商轮船,4.04,-0.9804
2018-03-08,sh601872,招商轮船,4.07,0.7426
2018-03-09,sh601872,招商轮船,4.1,0.7371
2018-03-12,sh601872,招商轮船,4.1,0.0
2018-03-13,sh601872,招商轮船,4.1,0.0
2018-03-14,sh601872,招商轮船,4.05,-1.2195
2018-03-15,sh601872,招商轮船,4.03,-0.4938
2018-03-16,sh601872,招商轮船,4.0,-0.7444
2018-03-19,sh601872,招商轮船,4.0,0.0
2018-03-20,sh601872,招商轮船,3.99,-0.25
2018-03-21,sh601872,招商轮船,3.99,0.0
2018-03-22,sh601872,招商轮船,3.96,-0.7519
2018-03-23,sh601872,招商轮船,3.69,-6.8182
2018-03-26,sh601872,招商轮船,3.7,0.271
2018-03-27,sh601872,招商轮船,3.76,1.6216
2018-03-28,sh601872,招商轮船,3.68,-2.1277
2018-03-29,sh601872,招商轮船,3.71,0.8152
2018-03-30,sh601872,招商轮船,3.72,0.2695
2018-04-02,sh601872,招商轮船,3.7,-0.5376
2018-04-03,sh601872,招商轮船,3.64,-1.6216
2018-04-04,sh601872,招商轮船,3.61,-0.8242
2018-04-09,sh601872,招商轮船,3.55,-1.662
2018-04-10,sh601872,招商轮船,3.86,8.7324
2018-04-11,sh601872,招商轮船,3.83,-0.7772
2018-04-12,sh601872,招商轮船,3.72,-2.8721
2018-04-13,sh601872,招商轮船,3.73,0.2688
2018-04-16,sh601872,招商轮船,3.7,-0.8043
2018-04-17,sh601872,招商轮船,3.65,-1.3514
2018-04-18,sh601872,招商轮船,3.67,0.5479
2018-04-19,sh601872,招商轮船,3.68,0.2725
2018-04-20,sh601872,招商轮船,3.77,2.4457
2018-04-23,sh601872,招商轮船,3.82,1.3263
2018-04-24,sh601872,招商轮船,3.84,0.5236
2018-04-25,sh601872,招商轮船,3.78,-1.5625
2018-04-26,sh601872,招商轮船,3.75,-0.7937
2018-04-27,sh601872,招商轮船,3.77,0.5333
2018-05-02,sh601872,招商轮船,3.72,-1.3263
2018-05-03,sh601872,招商轮船,3.73,0.2688
2018-05-04,sh601872,招商轮船,3.8,1.8767
2018-05-07,sh601872,招商轮船,3.8,0.0
2018-05-08,sh601872,招商轮船,3.86,1.5789
2018-05-09,sh601872,招商轮船,3.97,2.8497
2018-05-10,sh601872,招商轮船,3.98,0.2519
2018-05-11,sh601872,招商轮船,3.94,-1.005
2018-05-14,sh601872,招商轮船,3.91,-0.7614
2018-05-15,sh601872,招商轮船,3.97,1.5345
2018-05-16,sh601872,招商轮船,3.94,-0.7557
2018-05-17,sh601872,招商轮船,3.94,0.0
2018-05-18,sh601872,招商轮船,4.09,3.8071
2018-05-21,sh601872,招商轮船,4.24,3.6675
2018-05-22,sh601872,招商轮船,4.19,-1.1792
2018-05-23,sh601872,招商轮船,4.05,-3.3413
2018-05-24,sh601872,招商轮船,4.14,2.2222
2018-05-25,sh601872,招商轮船,4.06,-1.9324
2018-05-28,sh601872,招商轮船,4.07,0.2463
2018-05-29,sh601872,招商轮船,4.0,-1.7199
2018-05-30,sh601872,招商轮船,3.85,-3.75
2018-05-31,sh601872,招商轮船,3.91,1.5584
2018-06-01,sh601872,招商轮船,3.91,0.0
2018-06-04,sh601872,招商轮船,3.89,-0.5115
2018-06-05,sh601872,招商轮船,3.94,1.2853
2018-06-06,sh601872,招商轮船,3.94,0.0
2018-06-07,sh601872,招商轮船,3.78,-4.0609
2018-06-08,sh601872,招商轮船,3.7,-2.1164
2018-06-11,sh601872,招商轮船,3.63,-1.8919
2018-06-12,sh601872,招商轮船,3.67,1.1019
2018-06-13,sh601872,招商轮船,3.61,-1.6349
2018-06-14,sh601872,招商轮船,3.62,0.277
2018-06-15,sh601872,招商轮船,3.67,1.3812
2018-06-19,sh601872,招商轮船,3.43,-6.5395
2018-06-20,sh601872,招商轮船,3.4,-0.8746
2018-06-21,sh601872,招商轮船,3.41,0.2941
2018-06-22,sh601872,招商轮船,3.55,4.1056
2018-06-25,sh601872,招商轮船,3.56,0.2817
2018-06-26,sh601872,招商轮船,3.6,1.1236
2018-06-27,sh601872,招商轮船,3.58,-0.5556
2018-06-28,sh601872,招商轮船,3.54,-1.1173
2018-06-29,sh601872,招商轮船,3.61,1.9774
2018-07-02,sh601872,招商轮船,3.56,-1.385
2018-07-03,sh601872,招商轮船,3.52,-1.1236
2018-07-04,sh601872,招商轮船,3.5,-0.5682
2018-07-05,sh601872,招商轮船,3.39,-3.1429
2018-07-06,sh601872,招商轮船,3.37,-0.59
2018-07-09,sh601872,招商轮船,3.41,1.1869
2018-07-10,sh601872,招商轮船,3.41,0.0
2018-07-11,sh601872,招商轮船,3.36,-1.4663
2018-07-12,sh601872,招商轮船,3.43,2.0833
2018-07-13,sh601872,招商轮船,3.41,-0.5831
2018-07-16,sh601872,招商轮船,3.4,-0.2933
2018-07-17,sh601872,招商轮船,3.39,-0.2941
2018-07-18,sh601872,招商轮船,3.38,-0.295
2018-07-19,sh601872,招商轮船,3.38,0.0
2018-07-20,sh601872,招商轮船,3.41,0.8876
2018-07-23,sh601872,招商轮船,3.44,0.8798
2018-07-24,sh601872,招商轮船,3.52,2.3256
2018-07-25,sh601872,招商轮船,3.51,-0.2841
2018-07-26,sh601872,招商轮船,3.52,0.2849
2018-07-27,sh601872,招商轮船,3.57,1.4205
2018-07-30,sh601872,招商轮船,3.48,-2.521
2018-07-31,sh601872,招商轮船,3.48,0.0
2018-08-01,sh601872,招商轮船,3.52,1.1494
2018-08-02,sh601872,招商轮船,3.38,-3.9773
2018-08-03,sh601872,招商轮船,3.38,0.0
2018-08-06,sh601872,招商轮船,3.35,-0.8876
2018-08-07,sh601872,招商轮船,3.44,2.6866
2018-08-08,sh601872,招商轮船,3.44,0.0
2018-08-09,sh601872,招商轮船,3.51,2.0349
2018-08-10,sh601872,招商轮船,3.56,1.4245
2018-08-13,sh601872,招商轮船,3.52,-1.1236
2018-08-14,sh601872,招商轮船,3.55,0.8523
2018-08-15,sh601872,招商轮船,3.52,-0.8451
2018-08-16,sh601872,招商轮船,3.47,-1.4205
2018-08-17,sh601872,招商轮船,3.38,-2.5937
2018-08-20,sh601872,招商轮船,3.37,-0.2959
2018-08-21,sh601872,招商轮船,3.39,0.5935
2018-08-22,sh601872,招商轮船,3.4,0.295
2018-08-23,sh601872,招商轮船,3.39,-0.2941
2018-08-24,sh601872,招商轮船,3.39,0.0
2018-08-27,sh601872,招商轮船,3.42,0.885
2018-08-28,sh601872,招商轮船,3.44,0.5848
2018-08-29,sh601872,招商轮船,3.37,-2.0349
2018-08-30,sh601872,招商轮船,3.36,-0.2967
2018-08-31,sh601872,招商轮船,3.31,-1.4881
2018-09-03,sh601872,招商轮船,3.3,-0.3021
2018-09-04,sh601872,招商轮船,3.37,2.1212
2018-09-05,sh601872,招商轮船,3.38,0.2967
2018-09-06,sh601872,招商轮船,3.34,-1.1834
2018-09-07,sh601872,招商轮船,3.35,0.2994
2018-09-10,sh601872,招商轮船,3.32,-0.8955
2018-09-11,sh601872,招商轮船,3.32,0.0
2018-09-12,sh601872,招商轮船,3.33,0.3012
2018-09-13,sh601872,招商轮船,3.37,1.2012
2018-09-14,sh601872,招商轮船,3.44,2.0772
2018-09-17,sh601872,招商轮船,3.43,-0.2907
2018-09-18,sh601872,招商轮船,3.46,0.8746
2018-09-19,sh601872,招商轮船,3.52,1.7341
2018-09-20,sh601872,招商轮船,3.54,0.5682
2018-09-21,sh601872,招商轮船,3.58,1.1299
2018-09-25,sh601872,招商轮船,3.64,1.676
2018-09-26,sh601872,招商轮船,3.61,-0.8242
2018-09-27,sh601872,招商轮船,3.56,-1.385
2018-09-28,sh601872,招商轮船,3.72,4.4944
2018-10-08,sh601872,招商轮船,3.83,2.957
2018-10-09,sh601872,招商轮船,3.94,2.8721
2018-10-10,sh601872,招商轮船,3.87,-1.7766
2018-10-11,sh601872,招商轮船,3.67,-5.168
2018-10-12,sh601872,招商轮船,3.6,-1.9074
2018-10-15,sh601872,招商轮船,3.78,5.0
2018-10-16,sh601872,招商轮船,3.67,-2.9101
2018-10-17,sh601872,招商轮船,3.81,3.8147
2018-10-18,sh601872,招商轮船,3.68,-3.4121
2018-10-19,sh601872,招商轮船,3.6,-2.1739
2018-10-22,sh601872,招商轮船,3.77,4.7222
2018-10-23,sh601872,招商轮船,3.81,1.061
2018-10-24,sh601872,招商轮船,3.84,0.7874
2018-10-25,sh601872,招商轮船,3.89,1.3021
2018-10-26,sh601872,招商轮船,3.96,1.7995
2018-10-29,sh601872,招商轮船,4.03,1.7677
2018-10-30,sh601872,招商轮船,4.03,0.0
2018-10-31,sh601872,招商轮船,4.01,-0.4963
2018-11-01,sh601872,招商轮船,4.08,1.7456
2018-11-02,sh601872,招商轮船,4.18,2.451
2018-11-05,sh601872,招商轮船,3.97,-5.0239
2018-11-06,sh601872,招商轮船,3.95,-0.5038
2018-11-07,sh601872,招商轮船,3.92,-0.7595
2018-11-08,sh601872,招商轮船,3.85,-1.7857
2018-11-09,sh601872,招商轮船,3.8,-1.2987
2018-11-12,sh601872,招商轮船,3.89,2.3684
2018-11-13,sh601872,招商轮船,3.93,1.0283
2018-11-14,sh601872,招商轮船,3.9,-0.7634
2018-11-15,sh601872,招商轮船,3.9,0.0
2018-11-16,sh601872,招商轮船,3.89,-0.2564
2018-11-19,sh601872,招商轮船,3.85,-1.0283
2018-11-20,sh601872,招商轮船,3.81,-1.039
2018-11-21,sh601872,招商轮船,3.8,-0.2625
2018-11-22,sh601872,招商轮船,3.87,1.8421
2018-11-23,sh601872,招商轮船,3.8,-1.8088
2018-11-26,sh601872,招商轮船,3.84,1.0526
2018-11-27,sh601872,招商轮船,3.81,-0.7812
2018-11-28,sh601872,招商轮船,3.99,4.7244
2018-11-29,sh601872,招商轮船,3.95,-1.0025
2018-11-30,sh601872,招商轮船,4.06,2.7848
2018-12-03,sh601872,招商轮船,4.34,6.8966
2018-12-04,sh601872,招商轮船,4.24,-2.3041
2018-12-05,sh601872,招商轮船,4.18,-1.4151
2018-12-06,sh601872,招商轮船,4.06,-2.8708
2018-12-07,sh601872,招商轮船,4.11,1.2315
2018-12-10,sh601872,招商轮船,4.06,-1.2165
2018-12-11,sh601872,招商轮船,4.07,0.2463
2018-12-12,sh601872,招商轮船,4.02,-1.2285
2018-12-13,sh601872,招商轮船,4.04,0.4975
2018-12-14,sh601872,招商轮船,4.01,-0.7426
2018-12-17,sh601872,招商轮船,3.96,-1.2469
2018-12-18,sh601872,招商轮船,3.93,-0.7576
2018-12-19,sh601872,招商轮船,3.9,-0.7634
2018-12-20,sh601872,招商轮船,3.9,0.0
2018-12-21,sh601872,招商轮船,3.85,-1.2821
2018-12-24,sh601872,招商轮船,3.9,1.2987
2018-12-25,sh601872,招商轮船,3.81,-2.3077
2018-12-26,sh601872,招商轮船,3.77,-1.0499
2018-12-27,sh601872,招商轮船,3.73,-1.061
2018-12-28,sh601872,招商轮船,3.69,-1.0724
2019-01-02,sh601872,招商轮船,3.69,0.0
2019-01-03,sh601872,招商轮船,3.65,-1.084
2019-01-04,sh601872,招商轮船,3.73,2.1918
2019-01-07,sh601872,招商轮船,3.83,2.681
2019-01-08,sh601872,招商轮船,3.83,0.0
2019-01-09,sh601872,招商轮船,3.88,1.3055
2019-01-10,sh601872,招商轮船,3.91,0.7732
2019-01-11,sh601872,招商轮船,3.93,0.5115
2019-01-14,sh601872,招商轮船,3.9,-0.7634
2019-01-15,sh601872,招商轮船,3.95,1.2821
2019-01-16,sh601872,招商轮船,3.97,0.5063
2019-01-17,sh601872,招商轮船,3.88,-2.267
2019-01-18,sh601872,招商轮船,3.93,1.2887
2019-01-21,sh601872,招商轮船,4.06,3.3079
2019-01-22,sh601872,招商轮船,3.94,-2.9557
2019-01-23,sh601872,招商轮船,4.06,3.0457
2019-01-24,sh601872,招商轮船,4.1,0.9852
2019-01-25,sh601872,招商轮船,4.19,2.1951
2019-01-28,sh601872,招商轮船,4.16,-0.716
2019-01-29,sh601872,招商轮船,4.14,-0.4808
2019-01-30,sh601872,招商轮船,4.23,2.1739
2019-01-31,sh601872,招商轮船,4.15,-1.8913
2019-02-01,sh601872,招商轮船,4.17,0.4819
2019-02-11,sh601872,招商轮船,4.23,1.4388
2019-02-12,sh601872,招商轮船,4.18,-1.182
2019-02-13,sh601872,招商轮船,4.18,0.0
2019-02-14,sh601872,招商轮船,4.13,-1.1962
2019-02-15,sh601872,招商轮船,4.15,0.4843
2019-02-18,sh601872,招商轮船,4.19,0.9639
2019-02-19,sh601872,招商轮船,4.26,1.6706
2019-02-20,sh601872,招商轮船,4.16,-2.3474
2019-02-21,sh601872,招商轮船,4.2,0.9615
2019-02-22,sh601872,招商轮船,4.25,1.1905
2019-02-25,sh601872,招商轮船,4.45,4.7059
2019-02-26,sh601872,招商轮船,4.66,4.7191
2019-02-27,sh601872,招商轮船,4.58,-1.7167
2019-02-28,sh601872,招商轮船,4.61,0.655
2019-03-01,sh601872,招商轮船,4.67,1.3015
2019-03-04,sh601872,招商轮船,4.68,0.2141
2019-03-05,sh601872,招商轮船,4.72,0.8547
2019-03-06,sh601872,招商轮船,4.78,1.2712
2019-03-07,sh601872,招商轮船,4.84,1.2552
2019-03-08,sh601872,招商轮船,4.52,-6.6116
2019-03-11,sh601872,招商轮船,4.67,3.3186
2019-03-12,sh601872,招商轮船,4.69,0.4283
2019-03-13,sh601872,招商轮船,4.61,-1.7058
2019-03-14,sh601872,招商轮船,4.59,-0.4338
2019-03-15,sh601872,招商轮船,4.64,1.0893
2019-03-18,sh601872,招商轮船,4.74,2.1552
2019-03-19,sh601872,招商轮船,4.67,-1.4768
2019-03-20,sh601872,招商轮船,4.71,0.8565
2019-03-21,sh601872,招商轮船,4.75,0.8493
2019-03-22,sh601872,招商轮船,4.8,1.0526
2019-03-25,sh601872,招商轮船,4.68,-2.5
2019-03-26,sh601872,招商轮船,4.56,-2.5641
2019-03-27,sh601872,招商轮船,4.65,1.9737
2019-03-28,sh601872,招商轮船,4.71,1.2903
2019-03-29,sh601872,招商轮船,4.88,3.6093
2019-04-01,sh601872,招商轮船,4.99,2.2541
2019-04-02,sh601872,招商轮船,4.92,-1.4028
2019-04-03,sh601872,招商轮船,5.41,9.9593
2019-04-04,sh601872,招商轮船,5.27,-2.5878
2019-04-08,sh601872,招商轮船,5.11,-3.0361
2019-04-09,sh601872,招商轮船,5.18,1.3699
2019-04-10,sh601872,招商轮船,5.16,-0.3861
2019-04-11,sh601872,招商轮船,5.14,-0.3876
2019-04-12,sh601872,招商轮船,5.2,1.1673
2019-04-15,sh601872,招商轮船,5.12,-1.5385
2019-04-16,sh601872,招商轮船,5.13,0.1953
2019-04-17,sh601872,招商轮船,5.07,-1.1696
2019-04-18,sh601872,招商轮船,5.07,0.0
2019-04-19,sh601872,招商轮船,5.03,-0.789
2019-04-22,sh601872,招商轮船,4.96,-1.3917
2019-04-23,sh601872,招商轮船,4.94,-0.4032
2019-04-24,sh601872,招商轮船,5.0,1.2146
2019-04-25,sh601872,招商轮船,4.8,-4.0
2019-04-26,sh601872,招商轮船,4.78,-0.4167
2019-04-29,sh601872,招商轮船,4.78,0.0
2019-04-30,sh601872,招商轮船,4.86,1.6736
2019-05-06,sh601872,招商轮船,4.37,-10.0823
2019-05-07,sh601872,招商轮船,4.27,-2.2883
2019-05-08,sh601872,招商轮船,4.2,-1.6393
2019-05-09,sh601872,招商轮船,4.06,-3.3333
2019-05-10,sh601872,招商轮船,4.18,2.9557
2019-05-13,sh601872,招商轮船,4.29,2.6316
2019-05-14,sh601872,招商轮船,4.2,-2.0979
2019-05-15,sh601872,招商轮船,4.26,1.4286
2019-05-16,sh601872,招商轮船,4.21,-1.1737
2019-05-17,sh601872,招商轮船,4.09,-2.8504
2019-05-20,sh601872,招商轮船,4.03,-1.467
2019-05-21,sh601872,招商轮船,4.05,0.4963
2019-05-22,sh601872,招商轮船,4.0,-1.2346
2019-05-23,sh601872,招商轮船,3.94,-1.5
2019-05-24,sh601872,招商轮船,3.94,0.0
2019-05-27,sh601872,招商轮船,3.99,1.269
2019-05-28,sh601872,招商轮船,3.97,-0.5013
2019-05-29,sh601872,招商轮船,4.01,1.0076
2019-05-30,sh601872,招商轮船,3.94,-1.7456
2019-05-31,sh601872,招商轮船,4.0,1.5228
2019-06-03,sh601872,招商轮船,4.06,1.5
2019-06-04,sh601872,招商轮船,4.05,-0.2463
2019-06-05,sh601872,招商轮船,3.98,-1.7284
2019-06-06,sh601872,招商轮船,3.97,-0.2513
2019-06-10,sh601872,招商轮船,3.91,-1.5113
2019-06-11,sh601872,招商轮船,4.04,3.3248
2019-06-12,sh601872,招商轮船,4.04,0.0
2019-06-13,sh601872,招商轮船,4.03,-0.2475
2019-06-14,sh601872,招商轮船,4.02,-0.2481
2019-06-17,sh601872,招商轮船,4.01,-0.2488
2019-06-18,sh601872,招商轮船,3.95,-1.4963
2019-06-19,sh601872,招商轮船,4.07,3.038
2019-06-20,sh601872,招商轮船,4.2,3.1941
2019-06-21,sh601872,招商轮船,4.33,3.0952
2019-06-24,sh601872,招商轮船,4.39,1.3857
2019-06-25,sh601872,招商轮船,4.35,-0.9112
2019-06-26,sh601872,招商轮船,4.31,-0.9195
2019-06-27,sh601872,招商轮船,4.38,1.6241
2019-06-28,sh601872,招商轮船,4.36,-0.4566
2019-07-01,sh601872,招商轮船,4.39,0.6881
2019-07-02,sh601872,招商轮船,4.35,-0.9112
2019-07-03,sh601872,招商轮船,4.29,-1.3793
2019-07-04,sh601872,招商轮船,4.34,1.1655
2019-07-05,sh601872,招商轮船,4.39,1.1521
2019-07-08,sh601872,招商轮船,4.25,-3.1891
2019-07-09,sh601872,招商轮船,4.22,-0.7059
2019-07-10,sh601872,招商轮船,4.14,-1.8957
2019-07-11,sh601872,招商轮船,4.15,0.2415
2019-07-12,sh601872,招商轮船,4.15,0.0
2019-07-15,sh601872,招商轮船,4.24,2.1687
2019-07-16,sh601872,招商轮船,4.24,0.0
2019-07-17,sh601872,招商轮船,4.2,-0.9434
2019-07-18,sh601872,招商轮船,4.14,-1.4286
2019-07-19,sh601872,招商轮船,4.23,2.1739
2019-07-22,sh601872,招商轮船,4.16,-1.6548
2019-07-23,sh601872,招商轮船,4.25,2.1635
2019-07-24,sh601872,招商轮船,4.2,-1.1765
2019-07-25,sh601872,招商轮船,4.11,-2.1429
2019-07-26,sh601872,招商轮船,4.24,3.163
2019-07-29,sh601872,招商轮船,4.17,-1.6509
2019-07-30,sh601872,招商轮船,4.17,0.0
2019-07-31,sh601872,招商轮船,4.14,-0.7194
2019-08-01,sh601872,招商轮船,4.12,-0.4831
2019-08-02,sh601872,招商轮船,4.01,-2.6699
2019-08-05,sh601872,招商轮船,4.02,0.2494
2019-08-06,sh601872,招商轮船,3.95,-1.7413
2019-08-07,sh601872,招商轮船,3.93,-0.5063
2019-08-08,sh601872,招商轮船,3.95,0.5089
2019-08-09,sh601872,招商轮船,3.93,-0.5063
2019-08-12,sh601872,招商轮船,4.04,2.799
2019-08-13,sh601872,招商轮船,4.02,-0.495
2019-08-14,sh601872,招商轮船,4.16,3.4826
2019-08-15,sh601872,招商轮船,4.19,0.7212
2019-08-16,sh601872,招商轮船,4.15,-0.9547
2019-08-19,sh601872,招商轮船,4.3,3.6145
2019-08-20,sh601872,招商轮船,4.34,0.9302
2019-08-21,sh601872,招商轮船,4.6,5.9908
2019-08-22,sh601872,招商轮船,4.64,0.8696
2019-08-23,sh601872,招商轮船,4.7,1.2931
2019-08-26,sh601872,招商轮船,4.63,-1.4894
2019-08-27,sh601872,招商轮船,4.75,2.5918
2019-08-28,sh601872,招商轮船,4.75,0.0
2019-08-29,sh601872,招商轮船,4.7,-1.0526
2019-08-30,sh601872,招商轮船,4.71,0.2128
2019-09-02,sh601872,招商轮船,4.72,0.2123
2019-09-03,sh601872,招商轮船,4.66,-1.2712
2019-09-04,sh601872,招商轮船,4.77,2.3605
2019-09-05,sh601872,招商轮船,4.73,-0.8386
2019-09-06,sh601872,招商轮船,4.7,-0.6342
2019-09-09,sh601872,招商轮船,4.71,0.2128
2019-09-10,sh601872,招商轮船,4.67,-0.8493
2019-09-11,sh601872,招商轮船,4.67,0.0
2019-09-12,sh601872,招商轮船,4.73,1.2848
2019-09-16,sh601872,招商轮船,4.66,-
1.4799
2019-09-17,sh601872,招商轮船,4.93,5.794
2019-09-18,sh601872,招商轮船,4.78,-3.0426
2019-09-19,sh601872,招商轮船,4.71,-1.4644
2019-09-20,sh601872,招商轮船,4.77,1.2739
2019-09-23,sh601872,招商轮船,4.83,1.2579
2019-09-24,sh601872,招商轮船,4.78,-1.0352
2019-09-25,sh601872,招商轮船,4.96,3.7657
2019-09-26,sh601872,招商轮船,5.15,3.8306
2019-09-27,sh601872,招商轮船,4.79,-6.9903
2019-09-30,sh601872,招商轮船,4.77,-0.4175
2019-10-08,sh601872,招商轮船,5.1,6.9182
2019-10-09,sh601872,招商轮船,5.29,3.7255
2019-10-10,sh601872,招商轮船,5.82,10.0189
2019-10-11,sh601872,招商轮船,6.4,9.9656
2019-10-14,sh601872,招商轮船,7.04,10.0
2019-10-15,sh601872,招商轮船,7.0,-0.5682
2019-10-16,sh601872,招商轮船,6.59,-5.8571
2019-10-17,sh601872,招商轮船,6.06,-8.0425
2019-10-18,sh601872,招商轮船,5.95,-1.8152
2019-10-21,sh601872,招商轮船,5.79,-2.6891
2019-10-22,sh601872,招商轮船,5.83,0.6908
2019-10-23,sh601872,招商轮船,5.65,-3.0875
2019-10-24,sh601872,招商轮船,5.65,0.0
2019-10-25,sh601872,招商轮船,5.65,0.0
2019-10-28,sh601872,招商轮船,5.58,-1.2389
2019-10-29,sh601872,招商轮船,5.53,-0.8961
2019-10-30,sh601872,招商轮船,5.36,-3.0741
2019-10-31,sh601872,招商轮船,5.51,2.7985
2019-11-01,sh601872,招商轮船,5.49,-0.363
2019-11-04,sh601872,招商轮船,5.7,3.8251
2019-11-05,sh601872,招商轮船,5.68,-0.3509
2019-11-06,sh601872,招商轮船,5.42,-4.5775
2019-11-07,sh601872,招商轮船,5.37,-0.9225
2019-11-08,sh601872,招商轮船,5.39,0.3724
2019-11-11,sh601872,招商轮船,5.46,1.2987
2019-11-12,sh601872,招商轮船,5.49,0.5495
2019-11-13,sh601872,招商轮船,5.6,2.0036
2019-11-14,sh601872,招商轮船,5.54,-1.0714
2019-11-15,sh601872,招商轮船,5.9,6.4982
2019-11-18,sh601872,招商轮船,5.96,1.0169
2019-11-19,sh601872,招商轮船,5.95,-0.1678
2019-11-20,sh601872,招商轮船,5.98,0.5042
2019-11-21,sh601872,招商轮船,6.3,5.3512
2019-11-22,sh601872,招商轮船,6.14,-2.5397
2019-11-25,sh601872,招商轮船,6.48,5.5375
2019-11-26,sh601872,招商轮船,6.5,0.3086
2019-11-27,sh601872,招商轮船,6.24,-4.0
2019-11-28,sh601872,招商轮船,6.24,0.0
2019-11-29,sh601872,招商轮船,5.94,-4.8077
2019-12-02,sh601872,招商轮船,5.94,0.0
2019-12-03,sh601872,招商轮船,5.87,-1.1785
2019-12-04,sh601872,招商轮船,5.78,-1.5332
2019-12-05,sh601872,招商轮船,5.97,3.2872
2019-12-06,sh601872,招商轮船,6.57,10.0503
2019-12-09,sh601872,招商轮船,6.78,3.1963
2019-12-10,sh601872,招商轮船,6.85,1.0324
2019-12-11,sh601872,招商轮船,6.89,0.5839
2019-12-12,sh601872,招商轮船,6.92,0.4354
2019-12-13,sh601872,招商轮船,6.76,-2.3121
2019-12-16,sh601872,招商轮船,7.14,5.6213
2019-12-17,sh601872,招商轮船,7.06,-1.1204
2019-12-18,sh601872,招商轮船,7.02,-0.5666
2019-12-19,sh601872,招商轮船,7.49,6.6952
2019-12-20,sh601872,招商轮船,7.11,-5.0734
2019-12-23,sh601872,招商轮船,7.04,-0.9845
2019-12-24,sh601872,招商轮船,7.18,1.9886
2019-12-25,sh601872,招商轮船,7.23,0.6964
2019-12-26,sh601872,招商轮船,7.78,7.6072
2019-12-27,sh601872,招商轮船,7.64,-1.7995
2019-12-30,sh601872,招商轮船,7.87,3.0105
2019-12-31,sh601872,招商轮船,8.26,4.9555
2020-01-02,sh601872,招商轮船,7.93,-3.9952
2020-01-03,sh601872,招商轮船,7.96,0.3783
2020-01-06,sh601872,招商轮船,7.9,-0.7538
2020-01-07,sh601872,招商轮船,7.63,-3.4177
2020-01-08,sh601872,招商轮船,7.51,-1.5727
2020-01-09,sh601872,招商轮船,7.6,1.1984
2020-01-10,sh601872,招商轮船,7.4,-2.6316
2020-01-13,sh601872,招商轮船,7.31,-1.2162
2020-01-14,sh601872,招商轮船,7.25,-0.8208
2020-01-15,sh601872,招商轮船,7.14,-1.5172
2020-01-16,sh601872,招商轮船,7.06,-1.1204
2020-01-17,sh601872,招商轮船,6.91,-2.1246
2020-01-20,sh601872,招商轮船,7.23,4.631
2020-01-21,sh601872,招商轮船,6.81,-5.8091
2020-01-22,sh601872,招商轮船,6.82,0.1468
2020-01-23,sh601872,招商轮船,6.31,-7.478
2020-02-03,sh601872,招商轮船,5.68,-9.9842
2020-02-04,sh601872,招商轮船,5.23,-7.9225
2020-02-05,sh601872,招商轮船,5.45,4.2065
2020-02-06,sh601872,招商轮船,5.47,0.367
2020-02-07,sh601872,招商轮船,5.41,-1.0969
2020-02-10,sh601872,招商轮船,5.57,2.9575
2020-02-11,sh601872,招商轮船,5.54,-0.5386
2020-02-12,sh601872,招商轮船,5.62,1.444
2020-02-13,sh601872,招商轮船,5.43,-3.3808
2020-02-14,sh601872,招商轮船,5.45,0.3683
2020-02-17,sh601872,招商轮船,5.65,3.6697
2020-02-18,sh601872,招商轮船,5.78,2.3009
2020-02-19,sh601872,招商轮船,5.65,-2.2491
2020-02-20,sh601872,招商轮船,5.89,4.2478
2020-02-21,sh601872,招商轮船,5.82,-1.1885
2020-02-24,sh601872,招商轮船,5.49,-5.6701
2020-02-25,sh601872,招商轮船,5.42,-1.275
2020-02-26,sh601872,招商轮船,5.41,-0.1845
2020-02-27,sh601872,招商轮船,5.33,-1.4787
2020-02-28,sh601872,招商轮船,5.06,-5.0657
2020-03-02,sh601872,招商轮船,5.43,7.3123
2020-03-03,sh601872,招商轮船,5.4,-0.5525
2020-03-04,sh601872,招商轮船,5.52,2.2222
2020-03-05,sh601872,招商轮船,5.7,3.2609
2020-03-06,sh601872,招商轮船,5.55,-2.6316
2020-03-09,sh601872,招商轮船,6.11,10.0901
2020-03-10,sh601872,招商轮船,6.12,0.1637
2020-03-11,sh601872,招商轮船,6.73,9.9673
2020-03-12,sh601872,招商轮船,6.9,2.526
2020-03-13,sh601872,招商轮船,6.67,-3.3333
2020-03-16,sh601872,招商轮船,6.42,-3.7481
2020-03-17,sh601872,招商轮船,6.71,4.5171
2020-03-18,sh601872,招商轮船,6.76,0.7452
2020-03-19,sh601872,招商轮船,6.34,-6.213
2020-03-20,sh601872,招商轮船,6.09,-3.9432
2020-03-23,sh601872,招商轮船,5.48,-10.0164
2020-03-24,sh601872,招商轮船,5.36,-2.1898
2020-03-25,sh601872,招商轮船,5.44,1.4925
2020-03-26,sh601872,招商轮船,5.55,2.0221
2020-03-27,sh601872,招商轮船,5.56,0.1802
2020-03-30,sh601872,招商轮船,5.81,4.4964
2020-03-31,sh601872,招商轮船,6.39,9.9828
2020-04-01,sh601872,招商轮船,6.29,-1.5649
2020-04-02,sh601872,招商轮船,6.41,1.9078
2020-04-03,sh601872,招商轮船,6.37,-0.624
2020-04-07,sh601872,招商轮船,6.89,8.1633
2020-04-08,sh601872,招商轮船,7.1,3.0479
2020-04-09,sh601872,招商轮船,6.83,-3.8028
2020-04-10,sh601872,招商轮船,6.75,-1.1713
2020-04-13,sh601872,招商轮船,6.63,-1.7778
2020-04-14,sh601872,招商轮船,6.66,0.4525
2020-04-15,sh601872,招商轮船,6.64,-0.3003
2020-04-16,sh601872,招商轮船,6.58,-0.9036
2020-04-17,sh601872,招商轮船,6.42,-2.4316
2020-04-20,sh601872,招商轮船,6.89,7.3209
2020-04-21,sh601872,招商轮船,7.11,3.193
2020-04-22,sh601872,招商轮船,7.01,-1.4065
2020-04-23,sh601872,招商轮船,7.62,8.7019
2020-04-24,sh601872,招商轮船,7.2,-5.5118
2020-04-27,sh601872,招商轮船,7.23,0.4167
2020-04-28,sh601872,招商轮船,7.29,0.8299
2020-04-29,sh601872,招商轮船,7.08,-2.8807
2020-04-30,sh601872,招商轮船,6.78,-4.2373
2020-05-06,sh601872,招商轮船,6.6,-2.6549
2020-05-07,sh601872,招商轮船,6.48,-1.8182
2020-05-08,sh601872,招商轮船,6.44,-0.6173
2020-05-11,sh601872,招商轮船,6.56,1.8634
2020-05-12,sh601872,招商轮船,6.36,-3.0488
2020-05-13,sh601872,招商轮船,6.42,0.9434
2020-05-14,sh601872,招商轮船,6.17,-3.8941
2020-05-15,sh601872,招商轮船,6.14,-0.4862
2020-05-18,sh601872,招商轮船,6.1,-0.6515
2020-05-19,sh601872,招商轮船,6.1,0.0
2020-05-20,sh601872,招商轮船,5.98,-1.9672
2020-05-21,sh601872,招商轮船,5.88,-1.6722
2020-05-22,sh601872,招商轮船,5.95,1.1905
2020-05-25,sh601872,招商轮船,5.71,-4.0336
2020-05-26,sh601872,招商轮船,5.82,1.9264
2020-05-27,sh601872,招商轮船,5.7,-2.0619
2020-05-28,sh601872,招商轮船,5.88,3.1579
2020-05-29,sh601872,招商轮船,5.92,0.6803
2020-06-01,sh601872,招商轮船,6.0,1.3514
2020-06-02,sh601872,招商轮船,5.99,-0.1667
2020-06-03,sh601872,招商轮船,5.9,-1.5025
2020-06-04,sh601872,招商轮船,5.8,-1.6949
2020-06-05,sh601872,招商轮船,5.85,0.8621
2020-06-08,sh601872,招商轮船,5.86,0.1709
2020-06-09,sh601872,招商轮船,6.13,4.6075
2020-06-10,sh601872,招商轮船,6.08,-0.8157
2020-06-11,sh601872,招商轮船,5.93,-2.4671
2020-06-12,sh601872,招商轮船,5.87,-1.0118
2020-06-15,sh601872,招商轮船,5.71,-2.7257
2020-06-16,sh601872,招商轮船,5.76,0.8757
2020-06-17,sh601872,招商轮船,5.77,0.1736
2020-06-18,sh601872,招商轮船,5.89,2.0797
2020-06-19,sh601872,招商轮船,5.96,1.1885
2020-06-22,sh601872,招商轮船,5.83,-2.1812
2020-06-23,sh601872,招商轮船,5.75,-1.3722
2020-06-24,sh601872,招商轮船,5.68,-1.2174
2020-06-29,sh601872,招商轮船,5.6,-1.4085
2020-06-30,sh601872,招商轮船,5.83,4.1071
2020-07-01,sh601872,招商轮船,5.85,0.3431
2020-07-02,sh601872,招商轮船,5.97,2.0513
2020-07-03,sh601872,招商轮船,6.17,3.3501
2020-07-06,sh601872,招商轮船,6.43,4.2139
2020-07-07,sh601872,招商轮船,7.07,9.9533
2020-07-08,sh601872,招商轮船,7.02,-0.7072
2020-07-09,sh601872,招商轮船,7.15,1.8519
2020-07-10,sh601872,招商轮船,6.87,-3.9161
2020-07-13,sh601872,招商轮船,7.11,3.4934
2020-07-14,sh601872,招商轮船,6.93,-2.5316
2020-07-15,sh601872,招商轮船,6.6,-4.7619
2020-07-16,sh601872,招商轮船,6.41,-2.8788
2020-07-17,sh601872,招商轮船,6.43,0.312
2020-07-20,sh601872,招商轮船,6.77,5.2877
2020-07-21,sh601872,招商轮船,6.68,-1.3294
2020-07-22,sh601872,招商轮船,6.65,-0.4491
2020-07-23,sh601872,招商轮船,6.5,-2.2556
2020-07-24,sh601872,招商轮船,6.2,-4.6154
2020-07-27,sh601872,招商轮船,6.11,-1.4516
2020-07-28,sh601872,招商轮船,6.19,1.3093
2020-07-29,sh601872,招商轮船,6.29,1.6155
2020-07-30,sh601872,招商轮船,6.24,-0.7949
2020-07-31,sh601872,招商轮船,6.25,0.1603
2020-08-03,sh601872,招商轮船,6.49,3.84
2020-08-04,sh601872,招商轮船,6.4,-1.3867
2020-08-05,sh601872,招商轮船,6.33,-1.0938
2020-08-06,sh601872,招商轮船,6.31,-0.316
2020-08-07,sh601872,招商轮船,6.18,-2.0602
2020-08-10,sh601872,招商轮船,6.35,2.7508
2020-08-11,sh601872,招商轮船,6.47,1.8898
2020-08-12,sh601872,招商轮船,6.59,1.8547
2020-08-13,sh601872,招商轮船,6.46,-1.9727
2020-08-14,sh601872,招商轮船,6.42,-0.6192
2020-08-17,sh601872,招商轮船,6.57,2.3364
2020-08-18,sh601872,招商轮船,6.56,-0.1522
2020-08-19,sh601872,招商轮船,6.58,0.3049
2020-08-20,sh601872,招商轮船,6.68,1.5198
2020-08-21,sh601872,招商轮船,6.74,0.8982
2020-08-24,sh601872,招商轮船,6.71,-0.4451
2020-08-25,sh601872,招商轮船,6.59,-1.7884
2020-08-26,sh601872,招商轮船,6.73,2.1244
2020-08-27,sh601872,招商轮船,6.77,0.5944
2020-08-28,sh601872,招商轮船,6.61,-2.3634
2020-08-31,sh601872,招商轮船,6.46,-2.2693
2020-09-01,sh601872,招商轮船,6.38,-1.2384
2020-09-02,sh601872,招商轮船,6.36,-0.3135
2020-09-03,sh601872,招商轮船,6.26,-1.5723
2020-09-04,sh601872,招商轮船,6.2,-0.9585
2020-09-07,sh601872,招商轮船,6.24,0.6452
2020-09-08,sh601872,招商轮船,6.25,0.1603
2020-09-09,sh601872,招商轮船,6.29,0.64
2020-09-10,sh601872,招商轮船,6.08,-3.3386
2020-09-11,sh601872,招商轮船,6.03,-0.8224
2020-09-14,sh601872,招商轮船,6.01,-0.3317
2020-09-15,sh601872,招商轮船,6.03,0.3328
2020-09-16,sh601872,招商轮船,6.02,-0.1658
2020-09-17,sh601872,招商轮船,6.02,0.0
2020-09-18,sh601872,招商轮船,6.15,2.1595
2020-09-21,sh601872,招商轮船,6.09,-0.9756
2020-09-22,sh601872,招商轮船,5.99,-1.642
2020-09-23,sh601872,招商轮船,5.99,0.0
2020-09-24,sh601872,招商轮船,5.81,-3.005
2020-09-25,sh601872,招商轮船,5.82,0.1721
2020-09-28,sh601872,招商轮船,5.72,-1.7182
2020-09-29,sh601872,招商轮船,5.76,0.6993
2020-09-30,sh601872,招商轮船,5.76,0.0
2020-10-09,sh601872,招商轮船,5.9,2.4306
2020-10-12,sh601872,招商轮船,6.08,3.0508
2020-10-13,sh601872,招商轮船,6.07,-0.1645
2020-10-14,sh601872,招商轮船,6.03,-0.659
2020-10-15,sh601872,招商轮船,5.96,-1.1609
2020-10-16,sh601872,招商轮船,5.99,0.5034
2020-10-19,sh601872,招商轮船,5.99,0.0
2020-10-20,sh601872,招商轮船,5.95,-0.6678
2020-10-21,sh601872,招商轮船,5.87,-1.3445
2020-10-22,sh601872,招商轮船,6.09,3.7479
2020-10-23,sh601872,招商轮船,6.01,-1.3136
2020-10-26,sh601872,招商轮船,5.94,-1.1647
2020-10-27,sh601872,招商轮船,5.85,-1.5152
2020-10-28,sh601872,招商轮船,5.88,0.5128
2020-10-29,sh601872,招商轮船,5.95,1.1905
2020-10-30,sh601872,招商轮船,5.79,-2.6891
2020-11-02,sh601872,招商轮船,5.53,-4.4905
2020-11-03,sh601872,招商轮船,5.56,0.5425
2020-11-04,sh601872,招商轮船,5.49,-1.259
2020-11-05,sh601872,招商轮船,5.6,2.0036
2020-11-06,sh601872,招商轮船,5.79,3.3929
2020-11-09,sh601872,招商轮船,6.19,6.9085
2020-11-10,sh601872,招商轮船,6.08,-1.7771
2020-11-11,sh601872,招商轮船,5.82,-4.2763
2020-11-12,sh601872,招商轮船,5.83,0.1718
2020-11-13,sh601872,招商轮船,5.7,-2.2298
2020-11-16,sh601872,招商轮船,5.82,2.1053
2020-11-17,sh601872,招商轮船,6.07,4.2955
2020-11-18,sh601872,招商轮船,5.94,-2.1417
2020-11-19,sh601872,招商轮船,5.89,-0.8418
2020-11-20,sh601872,招商轮船,6.23,5.7725
2020-11-23,sh601872,招商轮船,6.21,-0.321
2020-11-24,sh601872,招商轮船,6.19,-0.3221
2020-11-25,sh601872,招商轮船,5.99,-3.231
2020-11-26,sh601872,招商轮船,6.02,0.5008
2020-11-27,sh601872,招商轮船,5.98,-0.6645
2020-11-30,sh601872,招商轮船,6.04,1.0033
2020-12-01,sh601872,招商轮船,6.04,0.0
2020-12-02,sh601872,招商轮船,6.06,0.3311
2020-12-03,sh601872,招商轮船,5.98,-1.3201
2020-12-04,sh601872,招商轮船,5.98,0.0
2020-12-07,sh601872,招商轮船,5.81,-2.8428
2020-12-08,sh601872,招商轮船,5.79,-0.3442
2020-12-09,sh601872,招商轮船,5.74,-0.8636
2020-12-10,sh601872,招商轮船,5.73,-0.1742
2020-12-11,sh601872,招商轮船,5.7,-0.5236
2020-12-14,sh601872,招商轮船,5.73,0.5263
2020-12-15,sh601872,招商轮船,5.68,-0.8726
2020-12-16,sh601872,招商轮船,5.57,-1.9366
2020-12-17,sh601872,招商轮船,5.75,3.2316
2020-12-18,sh601872,招商轮船,5.66,-1.5652
2020-12-21,sh601872,招商轮船,5.7,0.7067
2020-12-22,sh601872,招商轮船,5.48,-3.8596
2020-12-23,sh601872,招商轮船,5.47,-0.1825
2020-12-24,sh601872,招商轮船,5.53,1.0969
2020-12-25,sh601872,招商轮船,5.62,1.6275
2020-12-28,sh601872,招商轮船,5.57,-0.8897
2020-12-29,sh601872,招商轮船,5.65,1.4363
2020-12-30,sh601872,招商轮船,5.6,-0.885
2020-12-31,sh601872,招商轮船,5.65,0.8929
2021-01-04,sh601872,招商轮船,5.7,0.885
2021-01-05,sh601872,招商轮船,5.85,2.6316
2021-01-06,sh601872,招商轮船,5.7,-2.5641
2021-01-07,sh601872,招商轮船,5.74,0.7018
2021-01-08,sh601872,招商轮船,5.9,2.7875
2021-01-11,sh601872,招商轮船,5.65,-4.2373
2021-01-12,sh601872,招商轮船,5.79,2.4779
2021-01-13,sh601872,招商轮船,6.0,3.6269
2021-01-14,sh601872,招商轮船,5.84,-2.6667
2021-01-15,sh601872,招商轮船,5.83,-0.1712
2021-01-18,sh601872,招商轮船,5.91,1.3722
2021-01-19,sh601872,招商轮船,5.77,-2.3689
2021-01-20,sh601872,招商轮船,5.73,-0.6932
2021-01-21,sh601872,招商轮船,5.66,-1.2216
2021-01-22,sh601872,招商轮船,5.67,0.1767
2021-01-25,sh601872,招商轮船,5.52,-2.6455
2021-01-26,sh601872,招商轮船,5.48,-0.7246
2021-01-27,sh601872,招商轮船,5.48,0.0
2021-01-28,sh601872,招商轮船,5.37,-2.0073
2021-01-29,sh601872,招商轮船,4.85,-9.6834
2021-02-01,sh601872,招商轮船,4.73,-2.4742
2021-02-02,sh601872,招商轮船,4.78,1.0571
2021-02-03,sh601872,招商轮船,4.66,-2.5105
2021-02-04,sh601872,招商轮船,4.5,-3.4335
2021-02-05,sh601872,招商轮船,4.44,-1.3333
2021-02-08,sh601872,招商轮船,4.51,1.5766
2021-02-09,sh601872,招商轮船,4.68,3.7694
2021-02-10,sh601872,招商轮船,4.66,-0.4274
2021-02-18,sh601872,招商轮船,5.02,7.7253
2021-02-19,sh601872,招商轮船,5.09,1.3944
2021-02-22,sh601872,招商轮船,5.41,6.2868
2021-02-23,sh601872,招商轮船,5.26,-2.7726
2021-02-24,sh601872,招商轮船,5.3,0.7605
2021-02-25,sh601872,招商轮船,5.38,1.5094
2021-02-26,sh601872,招商轮船,5.23,-2.7881
2021-03-01,sh601872,招商轮船,5.29,1.1472
2021-03-02,sh601872,招商轮船,5.2,-1.7013
2021-03-03,sh601872,招商轮船,5.23,0.5769
2021-03-04,sh601872,招商轮船,5.2,-0.5736
2021-03-05,sh601872,招商轮船,5.2,0.0
2021-03-08,sh601872,招商轮船,5.17,-0.5769
2021-03-09,sh601872,招商轮船,5.23,1.1605
2021-03-10,sh601872,招商轮船,5.06,-3.2505
2021-03-11,sh601872,招商轮船,5.23,3.3597
2021-03-12,sh601872,招商轮船,5.35,2.2945
2021-03-15,sh601872,招商轮船,5.41,1.1215
2021-03-16,sh601872,招商轮船,5.36,-0.9242
2021-03-17,sh601872,招商轮船,5.57,3.9179
2021-03-18,sh601872,招商轮船,5.56,-0.1795
2021-03-19,sh601872,招商轮船,5.55,-0.1799
2021-03-22,sh601872,招商轮船,5.51,-0.7207
2021-03-23,sh601872,招商轮船,5.37,-2.5408
2021-03-24,sh601872,招商轮船,5.16,-3.9106
2021-03-25,sh601872,招商轮船,5.16,0.0
2021-03-26,sh601872,招商轮船,5.19,0.5814
2021-03-29,sh601872,招商轮船,5.24,0.9634
2021-03-30,sh601872,招商轮船,5.13,-2.0992
2021-03-31,sh601872,招商轮船,5.22,1.7544
2021-04-01,sh601872,招商轮船,5.18,-0.7663
2021-04-02,sh601872,招商轮船,5.15,-0.5792
2021-04-06,sh601872,招商轮船,5.14,-0.1942
2021-04-07,sh601872,招商轮船,5.56,8.1712
2021-04-08,sh601872,招商轮船,5.07,-8.8129
2021-04-09,sh601872,招商轮船,4.97,-1.9724
2021-04-12,sh601872,招商轮船,5.0,0.6036
2021-04-13,sh601872,招商轮船,5.02,0.4
2021-04-14,sh601872,招商轮船,4.99,-0.5976
2021-04-15,sh601872,招商轮船,4.89,-2.004
2021-04-16,sh601872,招商轮船,4.94,1.0225
2021-04-19,sh601872,招商轮船,4.97,0.6073
2021-04-20,sh601872,招商轮船,4.94,-0.6036
2021-04-21,sh601872,招商轮船,4.92,-0.4049
2021-04-22,sh601872,招商轮船,4.98,1.2195
2021-04-23,sh601872,招商轮船,4.93,-1.004
2021-04-26,sh601872,招商轮船,4.87,-1.217
2021-04-27,sh601872,招商轮船,4.83,-0.8214
2021-04-28,sh601872,招商轮船,4.82,-0.207
2021-04-29,sh601872,招商轮船,4.9,1.6598
2021-04-30,sh601872,招商轮船,4.91,0.2041
2021-05-06,sh601872,招商轮船,5.1,3.8697
2021-05-07,sh601872,招商轮船,5.32,4.3137
2021-05-10,sh601872,招商轮船,5.37,0.9398
2021-05-11,sh601872,招商轮船,5.43,1.1173
2021-05-12,sh601872,招商轮船,5.43,0.0
2021-05-13,sh601872,招商轮船,5.42,-0.1842
2021-05-14,sh601872,招商轮船,5.32,-1.845
2021-05-17,sh601872,招商轮船,5.34,0.3759
2021-05-18,sh601872,招商轮船,5.35,0.1873
2021-05-19,sh601872,招商轮船,5.3,-0.9346
2021-05-20,sh601872,招商轮船,5.34,0.7547
2021-05-21,sh601872,招商轮船,5.45,2.0599
2021-05-24,sh601872,招商轮船,5.53,1.4679
2021-05-25,sh601872,招商轮船,5.52,-0.1808
2021-05-26,sh601872,招商轮船,5.38,-2.5362
2021-05-27,sh601872,招商轮船,5.42,0.7435
2021-05-28,sh601872,招商轮船,5.35,-1.2915
2021-05-31,sh601872,招商轮船,5.31,-0.7477
2021-06-01,sh601872,招商轮船,5.33,0.3766
2021-06-02,sh601872,招商轮船,5.34,0.1876
2021-06-03,sh601872,招商轮船,5.27,-1.3109
2021-06-04,sh601872,招商轮船,5.23,-0.759
2021-06-07,sh601872,招商轮船,5.12,-2.1033
2021-06-08,sh601872,招商轮船,5.15,0.5859
2021-06-09,sh601872,招商轮船,5.18,0.5825
2021-06-10,sh601872,招商轮船,5.27,1.7375
2021-06-11,sh601872,招商轮船,5.23,-0.759
2021-06-15,sh601872,招商轮船,5.2,-0.5736
2021-06-16,sh601872,招商轮船,5.18,-0.3846
2021-06-17,sh601872,招商轮船,5.59,7.9151
2021-06-18,sh601872,招商轮船,5.57,-0.3578
2021-06-21,sh601872,招商轮船,5.51,-1.0772
2021-06-22,sh601872,招商轮船,5.64,2.3593
2021-06-23,sh601872,招商轮船,5.75,1.9504
2021-06-24,sh601872,招商轮船,4.63,-19.4783
2021-06-25,sh601872,招商轮船,4.63,0.0
2021-06-28,sh601872,招商轮船,4.72,1.9438
2021-06-29,sh601872,招商轮船,4.61,-2.3305
2021-06-30,sh601872,招商轮船,4.62,0.2169
2021-07-01,sh601872,招商轮船,4.42,-4.329
2021-07-02,sh601872,招商轮船,4.59,3.8462
2021-07-05,sh601872,招商轮船,4.62,0.6536
2021-07-06,sh601872,招商轮船,4.7,1.7316
2021-07-07,sh601872,招商轮船,4.6,-2.1277
2021-07-08,sh601872,招商轮船,4.45,-3.2609
2021-07-09,sh601872,招商轮船,4.34,-2.4719
2021-07-12,sh601872,招商轮船,4.22,-2.765
2021-07-13,sh601872,招商轮船,4.21,-0.237
2021-07-14,sh601872,招商轮船,4.17,-0.9501
2021-07-15,sh601872,招商轮船,4.14,-0.7194
2021-07-16,sh601872,招商轮船,4.12,-0.4831
2021-07-19,sh601872,招商轮船,4.1,-0.4854
2021-07-20,sh601872,招商轮船,4.1,0.0
2021-07-21,sh601872,招商轮船,4.08,-0.4878
2021-07-22,sh601872,招商轮船,4.13,1.2255
2021-07-23,sh601872,招商轮船,4.04,-2.1792
2021-07-26,sh601872,招商轮船,3.91,-3.2178
2021-07-27,sh601872,招商轮船,3.86,-1.2788
2021-07-28,sh601872,招商轮船,3.83,-0.7772
2021-07-29,sh601872,招商轮船,3.8,-0.7833
2021-07-30,sh601872,招商轮船,3.77,-0.7895
2021-08-02,sh601872,招商轮船,3.89,3.183
2021-08-03,sh601872,招商轮船,3.96,1.7995
2021-08-04,sh601872,招商轮船,3.9,-1.5152
2021-08-05,sh601872,招商轮船,3.87,-0.7692
2021-08-06,sh601872,招商轮船,3.88,0.2584
2021-08-09,sh601872,招商轮船,3.93,1.2887
2021-08-10,sh601872,招商轮船,3.9,-0.7634
2021-08-11,sh601872,招商轮船,3.9,0.0
2021-08-12,sh601872,招商轮船,4.0,2.5641
2021-08-13,sh601872,招商轮船,4.02,0.5
2021-08-16,sh601872,招商轮船,4.0,-0.4975
2021-08-17,sh601872,招商轮船,3.96,-1.0
2021-08-18,sh601872,招商轮船,3.98,0.5051
2021-08-19,sh601872,招商轮船,3.98,0.0
2021-08-20,sh601872,招商轮船,3.91,-1.7588
2021-08-23,sh601872,招商轮船,3.99,2.046
2021-08-24,sh601872,招商轮船,4.04,1.2531
2021-08-25,sh601872,招商轮船,4.21,4.2079
2021-08-26,sh601872,招商轮船,4.15,-1.4252
2021-08-27,sh601872,招商轮船,4.32,4.0964
2021-08-30,sh601872,招商轮船,4.29,-0.6944
2021-08-31,sh601872,招商轮船,4.34,1.1655
2021-09-01,sh601872,招商轮船,4.35,0.2304
2021-09-02,sh601872,招商轮船,4.44,2.069
2021-09-03,sh601872,招商轮船,4.69,5.6306
2021-09-06,sh601872,招商轮船,4.67,-0.4264
2021-09-07,sh601872,招商轮船,4.84,3.6403
2021-09-08,sh601872,招商轮船,4.87,0.6198
2021-09-09,sh601872,招商轮船,4.92,1.0267
2021-09-10,sh601872,招商轮船,5.04,2.439
2021-09-13,sh601872,招商轮船,5.43,7.7381
2021-09-14,sh601872,招商轮船,5.44,0.1842
2021-09-15,sh601872,招商轮船,5.52,1.4706
2021-09-16,sh601872,招商轮船,5.49,-0.5435
2021-09-17,sh601872,招商轮船,5.33,-2.9144
2021-09-22,sh601872,招商轮船,5.53,3.7523
2021-09-23,sh601872,招商轮船,5.79,4.7016
2021-09-24,sh601872,招商轮船,5.64,-2.5907
2021-09-27,sh601872,招商轮船,5.36,-4.9645
2021-09-28,sh601872,招商轮船,5.67,5.7836
2021-09-29,sh601872,招商轮船,5.45,-3.8801
2021-09-30,sh601872,招商轮船,5.52,1.2844
2021-10-08,sh601872,招商轮船,5.37,-2.7174
2021-10-11,sh601872,招商轮船,5.1,-5.0279
2021-10-12,sh601872,招商轮船,4.91,-3.7255
2021-10-13,sh601872,招商轮船,4.65,-5.2953
2021-10-14,sh601872,招商轮船,4.54,-2.3656
2021-10-15,sh601872,招商轮船,4.5,-0.8811
2021-10-18,sh601872,招商轮船,4.68,4.0
2021-10-19,sh601872,招商轮船,4.68,0.0
2021-10-20,sh601872,招商轮船,4.63,-1.0684
2021-10-21,sh601872,招商轮船,4.62,-0.216
2021-10-22,sh601872,招商轮船,4.53,-1.9481
2021-10-25,sh601872,招商轮船,4.6,1.5453
2021-10-26,sh601872,招商轮船,4.64,0.8696
2021-10-27,sh601872,招商轮船,4.5,-3.0172
2021-10-28,sh601872,招商轮船,4.31,-4.2222
2021-10-29,sh601872,招商轮船,4.58,6.2645
2021-11-01,sh601872,招商轮船,4.3,-6.1135
2021-11-02,sh601872,招商轮船,4.27,-0.6977
2021-11-03,sh601872,招商轮船,4.3,0.7026
2021-11-04,sh601872,招商轮船,4.25,-1.1628
2021-11-05,sh601872,招商轮船,4.14,-2.5882
2021-11-08,sh601872,招商轮船,4.14,0.0
2021-11-09,sh601872,招商轮船,4.12,-0.4831
2021-11-10,sh601872,招商轮船,4.12,0.0
2021-11-11,sh601872,招商轮船,4.24,2.9126
2021-11-12,sh601872,招商轮船,4.22,-0.4717
2021-11-15,sh601872,招商轮船,4.27,1.1848
2021-11-16,sh601872,招商轮船,4.2,-1.6393
2021-11-17,sh601872,招商轮船,4.26,1.4286
2021-11-18,sh601872,招商轮船,4.29,0.7042
2021-11-19,sh601872,招商轮船,4.32,0.6993
2021-11-22,sh601872,招商轮船,4.34,0.463
2021-11-23,sh601872,招商轮船,4.54,4.6083
2021-11-24,sh601872,招商轮船,4.55,0.2203
2021-11-25,sh601872,招商轮船,4.48,-1.5385
2021-11-26,sh601872,招商轮船,4.41,-1.5625
2021-11-29,sh601872,招商轮船,4.29,-2.7211
2021-11-30,sh601872,招商轮船,4.37,1.8648
2021-12-01,sh601872,招商轮船,4.43,1.373
2021-12-02,sh601872,招商轮船,4.41,-0.4515
2021-12-03,sh601872,招商轮船,4.53,2.7211
2021-12-06,sh601872,招商轮船,4.37,-3.532
2021-12-07,sh601872,招商轮船,4.44,1.6018
2021-12-08,sh601872,招商轮船,4.45,0.2252
2021-12-09,sh601872,招商轮船,4.54,2.0225
2021-12-10,sh601872,招商轮船,4.36,-3.9648
2021-12-13,sh601872,招商轮船,4.27,-2.0642
2021-12-14,sh601872,招商轮船,4.12,-3.5129
2021-12-15,sh601872,招商轮船,4.13,0.2427
2021-12-16,sh601872,招商轮船,4.15,0.4843
2021-12-17,sh601872,招商轮船,4.14,-0.241
2021-12-20,sh601872,招商轮船,4.11,-0.7246
2021-12-21,sh601872,招商轮船,4.18,1.7032
2021-12-22,sh601872,招商轮船,4.1,-1.9139
2021-12-23,sh601872,招商轮船,4.11,0.2439
2021-12-24,sh601872,招商轮船,4.08,-0.7299
2021-12-27,sh601872,招商轮船,4.09,0.2451
2021-12-28,sh601872,招商轮船,4.09,0.0
2021-12-29,sh601872,招商轮船,4.07,-0.489
2021-12-30,sh601872,招商轮船,4.08,0.2457
2021-12-31,sh601872,招商轮船,4.1,0.4902
2022-01-04,sh601872,招商轮船,4.15,1.2195
2022-01-05,sh601872,招商轮船,4.15,0.0
2022-01-06,sh601872,招商轮船,4.15,0.0
2022-01-07,sh601872,招商轮船,4.15,0.0
2022-01-10,sh601872,招商轮船,4.15,0.0
2022-01-11,sh601872,招商轮船,4.17,0.4819
2022-01-12,sh601872,招商轮船,4.13,-0.9592
2022-01-13,sh601872,招商轮船,4.13,0.0
2022-01-14,sh601872,招商轮船,4.03,-2.4213
2022-01-17,sh601872,招商轮船,3.98,-1.2407
2022-01-18,sh601872,招商轮船,4.0,0.5025
2022-01-19,sh601872,招商轮船,4.06,1.5
2022-01-20,sh601872,招商轮船,4.03,-0.7389
2022-01-21,sh601872,招商轮船,4.04,0.2481
2022-01-24,sh601872,招商轮船,3.91,-3.2178
2022-01-25,sh601872,招商轮船,3.86,-1.2788
2022-01-26,sh601872,招商轮船,3.95,2.3316
2022-01-27,sh601872,招商轮船,3.87,-2.0253
2022-01-28,sh601872,招商轮船,3.88,0.2584
2022-02-07,sh601872,招商轮船,4.09,5.4124
2022-02-08,sh601872,招商轮船,4.28,4.6455
2022-02-09,sh601872,招商轮船,4.28,0.0
2022-02-10,sh601872,招商轮船,4.33,1.1682
2022-02-11,sh601872,招商轮船,4.36,0.6928
2022-02-14,sh601872,招商轮船,4.29,-1.6055
2022-02-15,sh601872,招商轮船,4.24,-1.1655
2022-02-16,sh601872,招商轮船,4.25,0.2358
2022-02-17,sh601872,招商轮船,4.18,-1.6471
2022-02-18,sh601872,招商轮船,4.45,6.4593
2022-02-21,sh601872,招商轮船,4.49,0.8989
2022-02-22,sh601872,招商轮船,4.51,0.4454
2022-02-23,sh601872,招商轮船,4.61,2.2173
2022-02-24,sh601872,招商轮船,4.58,-0.6508
2022-02-25,sh601872,招商轮船,4.5,-1.7467
2022-02-28,sh601872,招商轮船,4.59,2.0
2022-03-01,sh601872,招商轮船,4.49,-2.1786
2022-03-02,sh601872,招商轮船,4.59,2.2272
2022-03-03,sh601872,招商轮船,4.75,3.4858
2022-03-04,sh601872,招商轮船,4.57,-3.7895
2022-03-07,sh601872,招商轮船,4.51,-1.3129
2022-03-08,sh601872,招商轮船,4.4,-2.439
2022-03-09,sh601872,招商轮船,4.32,-1.8182
2022-03-10,sh601872,招商轮船,4.24,-1.8519
2022-03-11,sh601872,招商轮船,4.39,3.5377
2022-03-14,sh601872,招商轮船,4.23,-3.6446
2022-03-15,sh601872,招商轮船,3.82,-9.6927
2022-03-16,sh601872,招商轮船,3.93,2.8796
2022-03-17,sh601872,招商轮船,3.89,-1.0178
2022-03-18,sh601872,招商轮船,3.9,0.2571
2022-03-21,sh601872,招商轮船,3.87,-0.7692
2022-03-22,sh601872,招商轮船,3.92,1.292
2022-03-23,sh601872,招商轮船,3.86,-1.5306
2022-03-24,sh601872,招商轮船,3.81,-1.2953
2022-03-25,sh601872,招商轮船,3.84,0.7874
2022-03-28,sh601872,招商轮船,4.22,9.8958
2022-03-29,sh601872,招商轮船,4.64,9.9526
2022-03-30,sh601872,招商轮船,4.66,0.431
2022-03-31,sh601872,招商轮船,4.72,1.2876
2022-04-01,sh601872,招商轮船,4.94,4.661
2022-04-06,sh601872,招商轮船,4.96,0.4049
2022-04-07,sh601872,招商轮船,4.94,-0.4032
2022-04-08,sh601872,招商轮船,4.9,-0.8097
2022-04-11,sh601872,招商轮船,4.84,-1.2245
2022-04-12,sh601872,招商轮船,5.0,3.3058
2022-04-13,sh601872,招商轮船,5.29,5.8
2022-04-14,sh601872,招商轮船,5.47,3.4026
2022-04-15,sh601872,招商轮船,5.34,-2.3766
2022-04-18,sh601872,招商轮船,5.14,-3.7453
2022-04-19,sh601872,招商轮船,5.32,3.5019
2022-04-20,sh601872,招商轮船,5.15,-3.1955
2022-04-21,sh601872,招商轮船,5.11,-0.7767
2022-04-22,sh601872,招商轮船,5.43,6.2622
2022-04-25,sh601872,招商轮船,5.05,-6.9982
2022-04-26,sh601872,招商轮船,4.78,-5.3465
2022-04-27,sh601872,招商轮船,4.96,3.7657
2022-04-28,sh601872,招商轮船,5.04,1.6129
2022-04-29,sh601872,招商轮船,5.11,1.3889
2022-05-05,sh601872,招商轮船,5.13,0.3914
2022-05-06,sh601872,招商轮船,5.33,3.8986
2022-05-09,sh601872,招商轮船,5.36,0.5629
2022-05-10,sh601872,招商轮船,5.06,-5.597
2022-05-11,sh601872,招商轮船,5.28,4.3478
2022-05-12,sh601872,招商轮船,5.41,2.4621
2022-05-13,sh601872,招商轮船,5.79,7.024
2022-05-16,sh601872,招商轮船,5.87,1.3817
2022-05-17,sh601872,招商轮船,5.83,-0.6814
2022-05-18,sh601872,招商轮船,5.65,-3.0875
2022-05-19,sh601872,招商轮船,5.73,1.4159
2022-05-20,sh601872,招商轮船,5.62,-1.9197
2022-05-23,sh601872,招商轮船,5.58,-0.7117
2022-05-24,sh601872,招商轮船,5.81,4.1219
2022-05-25,sh601872,招商轮船,6.0,3.2702
2022-05-26,sh601872,招商轮船,6.07,1.1667
2022-05-27,sh601872,招商轮船,6.08,0.1647
2022-05-30,sh601872,招商轮船,6.03,-0.8224
2022-05-31,sh601872,招商轮船,6.05,0.3317
2022-06-01,sh601872,招商轮船,6.66,10.0826
2022-06-02,sh601872,招商轮船,6.64,-0.3003
2022-06-06,sh601872,招商轮船,6.77,1.9578
2022-06-07,sh601872,招商轮船,6.97,2.9542
2022-06-08,sh601872,招商轮船,6.7,-3.8737
2022-06-09,sh601872,招商轮船,6.25,-6.7164
2022-06-10,sh601872,招商轮船,6.31,0.96
2022-06-13,sh601872,招商轮船,5.96,-5.5468
2022-06-14,sh601872,招商轮船,6.07,1.8456
2022-06-15,sh601872,招商轮船,5.9,-2.8007
2022-06-16,sh601872,招商轮船,5.71,-3.2203
2022-06-17,sh601872,招商轮船,5.61,-1.7513
2022-06-20,sh601872,招商轮船,5.46,-2.6738
2022-06-21,sh601872,招商轮船,5.63,3.1136
2022-06-22,sh601872,招商轮船,5.78,2.6643
2022-06-23,sh601872,招商轮船,5.96,3.1142
2022-06-24,sh601872,招商轮船,5.8,-2.6846
2022-06-27,sh601872,招商轮船,5.89,1.5517
2022-06-28,sh601872,招商轮船,6.19,5.0934
2022-06-29,sh601872,招商轮船,5.91,-4.5234
2022-06-30,sh601872,招商轮船,5.76,-2.5381
2022-07-01,sh601872,招商轮船,5.63,-2.2569
2022-07-04,sh601872,招商轮船,5.79,2.8419
2022-07-05,sh601872,招商轮船,6.21,7.2539
2022-07-06,sh601872,招商轮船,5.94,-4.3478
2022-07-07,sh601872,招商轮船,5.66,-4.7138
2022-07-08,sh601872,招商轮船,5.66,0.0
2022-07-11,sh601872,招商轮船,5.73,1.2367
2022-07-12,sh601872,招商轮船,5.5,-4.014
2022-07-13,sh601872,招商轮船,5.58,1.4545
2022-07-14,sh601872,招商轮船,5.58,0.0
2022-07-15,sh601872,招商轮船,5.41,-3.0466
2022-07-18,sh601872,招商轮船,5.95,9.9815
2022-07-19,sh601872,招商轮船,6.27,5.3782
2022-07-20,sh601872,招商轮船,6.54,4.3062
2022-07-21,sh601872,招商轮船,6.59,0.7645
2022-07-22,sh601872,招商轮船,6.76,2.5797
2022-07-25,sh601872,招商轮船,6.88,1.7751
2022-07-26,sh601872,招商轮船,7.11,3.343
2022-07-27,sh601872,招商轮船,7.0,-1.5471
2022-07-28,sh601872,招商轮船,7.01,0.1429
2022-07-29,sh601872,招商轮船,6.92,-1.2839
2022-08-01,sh601872,招商轮船,7.25,4.7688
2022-08-02,sh601872,招商轮船,7.05,-2.7586
2022-08-03,sh601872,招商轮船,6.74,-4.3972
2022-08-04,sh601872,招商轮船,6.55,-2.819
2022-08-05,sh601872,招商轮船,6.57,0.3053
2022-08-08,sh601872,招商轮船,6.55,-0.3044
2022-08-09,sh601872,招商轮船,6.86,4.7328
2022-08-10,sh601872,招商轮船,6.76,-1.4577
2022-08-11,sh601872,招商轮船,6.77,0.1479
2022-08-12,sh601872,招商轮船,7.05,4.1359
2022-08-15,sh601872,招商轮船,7.1,0.7092
2022-08-16,sh601872,招商轮船,7.59,6.9014
2022-08-17,sh601872,招商轮船,7.67,1.054
2022-08-18,sh601872,招商轮船,7.68,0.1304
2022-08-19,sh601872,招商轮船,7.53,-1.9531
2022-08-22,sh601872,招商轮船,8.28,9.9602
2022-08-23,sh601872,招商轮船,8.07,-2.5362
2022-08-24,sh601872,招商轮船,7.88,-2.3544
2022-08-25,sh601872,招商轮船,8.56,8.6294
2022-08-26,sh601872,招商轮船,7.73,-9.6963
2022-08-29,sh601872,招商轮船,7.93,2.5873
2022-08-30,sh601872,招商轮船,7.85,-1.0088
2022-08-31,sh601872,招商轮船,7.49,-4.586
2022-09-01,sh601872,招商轮船,7.01,-6.4085
2022-09-02,sh601872,招商轮船,7.25,3.4237
2022-09-05,sh601872,招商轮船,7.6,4.8276
2022-09-06,sh601872,招商轮船,7.71,1.4474
2022-09-07,sh601872,招商轮船,7.61,-1.297
2022-09-08,sh601872,招商轮船,7.46,-1.9711
2022-09-09,sh601872,招商轮船,7.24,-2.9491
2022-09-13,sh601872,招商轮船,7.28,0.5525
2022-09-14,sh601872,招商轮船,7.6,4.3956
2022-09-15,sh601872,招商轮船,7.3,-3.9474
2022-09-16,sh601872,招商轮船,7.12,-2.4658
2022-09-19,sh601872,招商轮船,7.66,7.5843
2022-09-20,sh601872,招商轮船,7.85,2.4804
2022-09-21,sh601872,招商轮船,8.36,6.4968
2022-09-22,sh601872,招商轮船,8.17,-2.2727
2022-09-23,sh601872,招商轮船,7.77,-4.896
2022-09-26,sh601872,招商轮船,7.74,-0.3861
2022-09-27,sh601872,招商轮船,7.61,-1.6796
2022-09-28,sh601872,招商轮船,7.51,-1.3141
2022-09-29,sh601872,招商轮船,7.03,-6.3915
2022-09-30,sh601872,招商轮船,7.1,0.9957
2022-10-10,sh601872,招商轮船,7.16,0.8451
2022-10-11,sh601872,招商轮船,7.37,2.933
2022-10-12,sh601872,招商轮船,7.32,-0.6784
2022-10-13,sh601872,招商轮船,7.08,-3.2787
2022-10-14,sh601872,招商轮船,7.58,7.0621
2022-10-17,sh601872,招商轮船,8.1,6.8602
2022-10-18,sh601872,招商轮船,8.04,-0.7407
2022-10-19,sh601872,招商轮船,8.66,7.7114
2022-10-20,sh601872,招商轮船,8.19,-5.4273
2022-10-21,sh601872,招商轮船,8.07,-1.4652
2022-10-24,sh601872,招商轮船,7.73,-4.2131
2022-10-25,sh601872,招商轮船,7.79,0.7762
2022-10-26,sh601872,招商轮船,7.49,-3.8511
2022-10-27,sh601872,招商轮船,7.47,-0.267
2022-10-28,sh601872,招商轮船,7.39,-1.071
2022-10-31,sh601872,招商轮船,6.97,-5.6834
2022-11-01,sh601872,招商轮船,6.95,-0.2869
2022-11-02,sh601872,招商轮船,7.5,7.9137
2022-11-03,sh601872,招商轮船,7.31,-2.5333
2022-11-04,sh601872,招商轮船,8.04,9.9863
2022-11-07,sh601872,招商轮船,7.9,-1.7413
2022-11-08,sh601872,招商轮船,7.34,-7.0886
2022-11-09,sh601872,招商轮船,7.25,-1.2262
2022-11-10,sh601872,招商轮船,7.17,-1.1034
2022-11-11,sh601872,招商轮船,7.27,1.3947
2022-11-14,sh601872,招商轮船,7.11,-2.2008
2022-11-15,sh601872,招商轮船,7.17,0.8439
2022-11-16,sh601872,招商轮船,7.37,2.7894
2022-11-17,sh601872,招商轮船,7.52,2.0353
2022-11-18,sh601872,招商轮船,7.16,-4.7872
2022-11-21,sh601872,招商轮船,7.19,0.419
2022-11-22,sh601872,招商轮船,7.4,2.9207
2022-11-23,sh601872,招商轮船,7.28,-1.6216
2022-11-24,sh601872,招商轮船,7.11,-2.3352
2022-11-25,sh601872,招商轮船,6.98,-1.8284
2022-11-28,sh601872,招商轮船,6.91,-1.0029
2022-11-29,sh601872,招商轮船,6.71,-2.8944
2022-11-30,sh601872,招商轮船,6.57,-2.0864
2022-12-01,sh601872,招商轮船,6.44,-1.9787
2022-12-02,sh601872,招商轮船,6.08,-5.5901
2022-12-05,sh601872,招商轮船,6.25,2.7961
2022-12-06,sh601872,招商轮船,6.19,-0.96
2022-12-07,sh601872,招商轮船,6.15,-0.6462
2022-12-08,sh601872,招商轮船,6.11,-0.6504
2022-12-09,sh601872,招商轮船,6.15,0.6547
2022-12-12,sh601872,招商轮船,6.21,0.9756
2022-12-13,sh601872,招商轮船,6.41,3.2206
2022-12-14,sh601872,招商轮船,6.17,-3.7441
2022-12-15,sh601872,招商轮船,6.16,-0.1621
2022-12-16,sh601872,招商轮船,6.14,-0.3247
2022-12-19,sh601872,招商轮船,5.9,-3.9088
2022-12-20,sh601872,招商轮船,6.01,1.8644
2022-12-21,sh601872,招商轮船,5.92,-1.4975
2022-12-22,sh601872,招商轮船,5.7,-3.7162
2022-12-23,sh601872,招商轮船,5.55,-2.6316
2022-12-26,sh601872,招商轮船,5.68,2.3423
2022-12-27,sh601872,招商轮船,5.67,-0.1761
2022-12-28,sh601872,招商轮船,5.7,0.5291
2022-12-29,sh601872,招商轮船,5.6,-1.7544
2022-12-30,sh601872,招商轮船,5.59,-0.1786
2023-01-03,sh601872,招商轮船,5.82,4.1145
2023-01-04,sh601872,招商轮船,5.72,-1.7182
2023-01-05,sh601872,招商轮船,5.73,0.1748
2023-01-06,sh601872,招商轮船,5.85,2.0942
2023-01-09,sh601872,招商轮船,5.83,-0.3419
2023-01-10,sh601872,招商轮船,5.75,-1.3722
2023-01-11,sh601872,招商轮船,5.93,3.1304
2023-01-12,sh601872,招商轮船,6.07,2.3609
2023-01-13,sh601872,招商轮船,6.07,0.0
2023-01-16,sh601872,招商轮船,6.13,0.9885
2023-01-17,sh601872,招商轮船,6.04,-1.4682
2023-01-18,sh601872,招商轮船,6.29,4.1391
2023-01-19,sh601872,招商轮船,6.3,0.159
2023-01-20,sh601872,招商轮船,6.34,0.6349
2023-01-30,sh601872,招商轮船,6.27,-1.1041
2023-01-31,sh601872,招商轮船,6.39,1.9139
2023-02-01,sh601872,招商轮船,6.55,2.5039
2023-02-02,sh601872,招商轮船,6.59,0.6107
2023-02-03,sh601872,招商轮船,6.79,3.0349
2023-02-06,sh601872,招商轮船,6.81,0.2946
2023-02-07,sh601872,招商轮船,6.89,1.1747
2023-02-08,sh601872,招商轮船,7.14,3.6284
2023-02-09,sh601872,招商轮船,7.18,0.5602
2023-02-10,sh601872,招商轮船,7.38,2.7855
2023-02-13,sh601872,招商轮船,7.09,-3.9295
2023-02-14,sh601872,招商轮船,7.27,2.5388
2023-02-15,sh601872,招商轮船,7.11,-2.2008
2023-02-16,sh601872,招商轮船,6.93,-2.5316
2023-02-17,sh601872,招商轮船,7.0,1.0101
2023-02-20,sh601872,招商轮船,7.09,1.2857
2023-02-21,sh601872,招商轮船,7.1,0.141
2023-02-22,sh601872,招商轮船,7.09,-0.1408
2023-02-23,sh601872,招商轮船,6.97,-1.6925
2023-02-24,sh601872,招商轮船,7.18,3.0129
2023-02-27,sh601872,招商轮船,7.15,-0.4178
2023-02-28,sh601872,招商轮船,7.04,-1.5385
2023-03-01,sh601872,招商轮船,7.62,8.2386
2023-03-02,sh601872,招商轮船,7.59,-0.3937
2023-03-03,sh601872,招商轮船,7.65,0.7905
2023-03-06,sh601872,招商轮船,7.52,-1.6993
2023-03-07,sh601872,招商轮船,7.29,-3.0585
2023-03-08,sh601872,招商轮船,7.33,0.5487
2023-03-09,sh601872,招商轮船,8.02,9.4134
2023-03-10,sh601872,招商轮船,7.95,-0.8728
2023-03-13,sh601872,招商轮船,7.9,-0.6289
2023-03-14,sh601872,招商轮船,7.48,-5.3165
2023-03-15,sh601872,招商轮船,7.92,5.8824
2023-03-16,sh601872,招商轮船,7.33,-7.4495
2023-03-17,sh601872,招商轮船,7.29,-0.5457
2023-03-20,sh601872,招商轮船,7.18,-1.5089
2023-03-21,sh601872,招商轮船,7.31,1.8106
2023-03-22,sh601872,招商轮船,7.22,-1.2312
2023-03-23,sh601872,招商轮船,7.11,-1.5235
2023-03-24,sh601872,招商轮船,6.99,-1.6878
2023-03-27,sh601872,招商轮船,7.01,0.2861
2023-03-28,sh601872,招商轮船,6.97,-0.5706
2023-03-29,sh601872,招商轮船,6.89,-1.1478
2023-03-30,sh601872,招商轮船,7.07,2.6125
2023-03-31,sh601872,招商轮船,7.01,-0.8487
2023-04-03,sh601872,招商轮船,6.45,-7.9886
2023-04-04,sh601872,招商轮船,6.35,-1.5504
2023-04-06,sh601872,招商轮船,6.55,3.1496
2023-04-07,sh601872,招商轮船,6.72,2.5954
2023-04-10,sh601872,招商轮船,6.81,1.3393
2023-04-11,sh601872,招商轮船,6.72,-1.3216
2023-04-12,sh601872,招商轮船,6.84,1.7857
2023-04-13,sh601872,招商轮船,6.95,1.6082
2023-04-14,sh601872,招商轮船,7.1,2.1583
2023-04-17,sh601872,招商轮船,7.31,2.9577
2023-04-18,sh601872,招商轮船,7.32,0.1368
2023-04-19,sh601872,招商轮船,7.27,-0.6831
2023-04-20,sh601872,招商轮船,7.17,-1.3755
2023-04-21,sh601872,招商轮船,6.97,-2.7894
2023-04-24,sh601872,招商轮船,6.8,-2.439
2023-04-25,sh601872,招商轮船,6.72,-1.1765
2023-04-26,sh601872,招商轮船,6.69,-0.4464
2023-04-27,sh601872,招商轮船,6.62,-1.0463
2023-04-28,sh601872,招商轮船,6.63,0.1511
2023-05-04,sh601872,招商轮船,6.33,-4.5249
2023-05-05,sh601872,招商轮船,6.12,-3.3175
2023-05-08,sh601872,招商轮船,6.16,0.6536
2023-05-09,sh601872,招商轮船,6.15,-0.1623
2023-05-10,sh601872,招商轮船,5.96,-3.0894
2023-05-11,sh601872,招商轮船,6.03,1.1745
2023-05-12,sh601872,招商轮船,5.91,-1.99
2023-05-15,sh601872,招商轮船,6.07,2.7073
2023-05-16,sh601872,招商轮船,6.02,-0.8237
2023-05-17,sh601872,招商轮船,5.99,-0.4983
2023-05-18,sh601872,招商轮船,5.92,-1.1686
2023-05-19,sh601872,招商轮船,5.87,-0.8446
2023-05-22,sh601872,招商轮船,6.05,3.0664
2023-05-23,sh601872,招商轮船,5.9,-2.4793
2023-05-24,sh601872,招商轮船,5.85,-0.8475
2023-05-25,sh601872,招商轮船,5.76,-1.5385
2023-05-26,sh601872,招商轮船,5.73,-0.5208
2023-05-29,sh601872,招商轮船,5.81,1.3962
2023-05-30,sh601872,招商轮船,5.8,-0.1721
2023-05-31,sh601872,招商轮船,5.71,-1.5517
2023-06-01,sh601872,招商轮船,5.71,0.0
2023-06-02,sh601872,招商轮船,6.01,5.2539
2023-06-05,sh601872,招商轮船,5.83,-2.995
2023-06-06,sh601872,招商轮船,5.77,-1.0292
2023-06-07,sh601872,招商轮船,5.74,-0.5199
2023-06-08,sh601872,招商轮船,5.77,0.5226
2023-06-09,sh601872,招商轮船,6.03,4.5061
2023-06-12,sh601872,招商轮船,6.06,0.4975
2023-06-13,sh601872,招商轮船,6.06,0.0
2023-06-14,sh601872,招商轮船,6.25,3.1353
2023-06-15,sh601872,招商轮船,6.12,-2.08
2023-06-16,sh601872,招商轮船,6.19,1.1438
2023-06-19,sh601872,招商轮船,6.2,0.1616
2023-06-20,sh601872,招商轮船,5.83,-5.9677
2023-06-21,sh601872,招商轮船,5.76,-1.2007
2023-06-26,sh601872,招商轮船,5.62,-2.4306
2023-06-27,sh601872,招商轮船,5.7,1.4235
2023-06-28,sh601872,招商轮船,5.7,0.0
2023-06-29,sh601872,招商轮船,5.62,-1.4035
2023-06-30,sh601872,招商轮船,5.79,3.0249
2023-07-03,sh601872,招商轮船,6.08,5.0086
2023-07-04,sh601872,招商轮船,6.08,0.0
2023-07-05,sh601872,招商轮船,6.03,-0.8224
2023-07-06,sh601872,招商轮船,6.06,0.4975
2023-07-07,sh601872,招商轮船,6.13,1.1551
2023-07-10,sh601872,招商轮船,6.08,-0.8157
2023-07-11,sh601872,招商轮船,6.09,0.1645
2023-07-12,sh601872,招商轮船,6.19,1.642
2023-07-13,sh601872,招商轮船,6.44,4.0388
2023-07-14,sh601872,招商轮船,6.48,0.6211
2023-07-17,sh601872,招商轮船,6.41,-1.0802
2023-07-18,sh601872,招商轮船,6.4,-0.156
2023-07-19,sh601872,招商轮船,6.5,1.5625
2023-07-20,sh601872,招商轮船,6.38,-1.8462
2023-07-21,sh601872,招商轮船,6.35,-0.4702
2023-07-24,sh601872,招商轮船,6.32,-0.4724
2023-07-25,sh601872,招商轮船,6.41,1.4241
2023-07-26,sh601872,招商轮船,6.39,-0.312
2023-07-27,sh601872,招商轮船,6.33,-0.939
2023-07-28,sh601872,招商轮船,6.41,1.2638
2023-07-31,sh601872,招商轮船,6.39,-0.312
2023-08-01,sh601872,招商轮船,6.59,3.1299
2023-08-02,sh601872,招商轮船,6.41,-2.7314
2023-08-03,sh601872,招商轮船,6.35,-0.936
2023-08-04,sh601872,招商轮船,6.34,-0.1575
2023-08-07,sh601872,招商轮船,6.29,-0.7886
2023-08-08,sh601872,招商轮船,6.24,-0.7949
2023-08-09,sh601872,招商轮船,6.26,0.3205
2023-08-10,sh601872,招商轮船,6.52,4.1534
2023-08-11,sh601872,招商轮船,6.23,-4.4479
2023-08-14,sh601872,招商轮船,6.25,0.321
2023-08-15,sh601872,招商轮船,6.21,-0.64
2023-08-16,sh601872,招商轮船,6.12,-1.4493
2023-08-17,sh601872,招商轮船,6.24,1.9608
2023-08-18,sh601872,招商轮船,6.28,0.641
2023-08-21,sh601872,招商轮船,6.04,-3.8217
2023-08-22,sh601872,招商轮船,6.1,0.9934
2023-08-23,sh601872,招商轮船,6.15,0.8197
2023-08-24,sh601872,招商轮船,6.12,-0.4878
2023-08-25,sh601872,招商轮船,6.07,-0.817
2023-08-28,sh601872,招商轮船,6.18,1.8122
2023-08-29,sh601872,招商轮船,6.22,0.6472
2023-08-30,sh601872,招商轮船,6.07,-2.4116
2023-08-31,sh601872,招商轮船,5.89,-2.9654
2023-09-01,sh601872,招商轮船,6.12,3.9049
2023-09-04,sh601872,招商轮船,6.29,2.7778
2023-09-05,sh601872,招商轮船,6.12,-2.7027
2023-09-06,sh601872,招商轮船,5.89,-3.7582
2023-09-07,sh601872,招商轮船,5.82,-1.1885
2023-09-08,sh601872,招商轮船,5.83,0.1718
2023-09-11,sh601872,招商轮船,5.88,0.8576
2023-09-12,sh601872,招商轮船,5.82,-1.0204
2023-09-13,sh601872,招商轮船,5.83,0.1718
2023-09-14,sh601872,招商轮船,5.93,1.7153
2023-09-15,sh601872,招商轮船,5.98,0.8432
2023-09-18,sh601872,招商轮船,6.09,1.8395
2023-09-19,sh601872,招商轮船,6.11,0.3284
2023-09-20,sh601872,招商轮船,6.17,0.982
2023-09-21,sh601872,招商轮船,6.62,7.2934
2023-09-22,sh601872,招商轮船,6.74,1.8127
2023-09-25,sh601872,招商轮船,6.7,-0.5935
2023-09-26,sh601872,招商轮船,6.65,-0.7463
2023-09-27,sh601872,招商轮船,6.55,-1.5038
2023-09-28,sh601872,招商轮船,6.43,-1.8321
2023-10-09,sh601872,招商轮船,6.43,0.0
2023-10-10,sh601872,招商轮船,6.35,-1.2442
2023-10-11,sh601872,招商轮船,6.26,-1.4173
2023-10-12,sh601872,招商轮船,6.29,0.4792
2023-10-13,sh601872,招商轮船,6.24,-0.7949
2023-10-16,sh601872,招商轮船,6.64,6.4103
2023-10-17,sh601872,招商轮船,6.56,-1.2048
2023-10-18,sh601872,招商轮船,6.57,0.1524
2023-10-19,sh601872,招商轮船,6.39,-2.7397
2023-10-20,sh601872,招商轮船,6.37,-0.313
2023-10-23,sh601872,招商轮船,6.17,-3.1397
2023-10-24,sh601872,招商轮船,6.27,1.6207
2023-10-25,sh601872,招商轮船,6.43,2.5518
2023-10-26,sh601872,招商轮船,6.26,-2.6439
2023-10-27,sh601872,招商轮船,6.31,0.7987
2023-10-30,sh601872,招商轮船,6.42,1.7433
2023-10-31,sh601872,招商轮船,6.43,0.1558
2023-11-01,sh601872,招商轮船,6.43,0.0
2023-11-02,sh601872,招商轮船,6.52,1.3997
2023-11-03,sh601872,招商轮船,6.59,1.0736
2023-11-06,sh601872,招商轮船,6.48,-1.6692
2023-11-07,sh601872,招商轮船,6.37,-1.6975
2023-11-08,sh601872,招商轮船,6.28,-1.4129
2023-11-09,sh601872,招商轮船,6.21,-1.1146
2023-11-10,sh601872,招商轮船,6.21,0.0
2023-11-13,sh601872,招商轮船,6.18,-0.4831
2023-11-14,sh601872,招商轮船,6.16,-0.3236
2023-11-15,sh601872,招商轮船,6.15,-0.1623
2023-11-16,sh601872,招商轮船,6.15,0.0
2023-11-17,sh601872,招商轮船,6.12,-0.4878
2023-11-20,sh601872,招商轮船,5.99,-2.1242
2023-11-21,sh601872,招商轮船,6.0,0.1669
2023-11-22,sh601872,招商轮船,5.92,-1.3333
2023-11-23,sh601872,招商轮船,6.0,1.3514
2023-11-24,sh601872,招商轮船,5.92,-1.3333
2023-11-27,sh601872,招商轮船,6.07,2.5338
2023-11-28,sh601872,招商轮船,6.02,-0.8237
2023-11-29,sh601872,招商轮船,6.01,-0.1661
2023-11-30,sh601872,招商轮船,6.01,0.0
2023-12-01,sh601872,招商轮船,5.99,-0.3328
2023-12-04,sh601872,招商轮船,6.08,1.5025
2023-12-05,sh601872,招商轮船,5.93,-2.4671
2023-12-06,sh601872,招商轮船,5.88,-0.8432
2023-12-07,sh601872,招商轮船,5.8,-1.3605
2023-12-08,sh601872,招商轮船,5.75,-0.8621
2023-12-11,sh601872,招商轮船,5.86,1.913
2023-12-12,sh601872,招商轮船,5.84,-0.3413
2023-12-13,sh601872,招商轮船,5.74,-1.7123
2023-12-14,sh601872,招商轮船,5.67,-1.2195
2023-12-15,sh601872,招商轮船,5.63,-0.7055
2023-12-18,sh601872,招商轮船,5.95,5.6838
2023-12-19,sh601872,招商轮船,5.88,-1.1765
2023-12-20,sh601872,招商轮船,5.87,-0.1701
2023-12-21,sh601872,招商轮船,5.94,1.1925
2023-12-22,sh601872,招商轮船,6.05,1.8519
2023-12-25,sh601872,招商轮船,5.85,-3.3058
2023-12-26,sh601872,招商轮船,5.87,0.3419
2023-12-27,sh601872,招商轮船,6.0,2.2147
2023-12-28,sh601872,招商轮船,5.9,-1.6667
2023-12-29,sh601872,招商轮船,5.88,-0.339
2024-01-02,sh601872,招商轮船,6.05,2.8912
2024-01-03,sh601872,招商轮船,6.32,4.4628
2024-01-04,sh601872,招商轮船,6.46,2.2152
2024-01-05,sh601872,招商轮船,6.46,0.0
2024-01-08,sh601872,招商轮船,6.49,0.4644
2024-01-09,sh601872,招商轮船,6.27,-3.3898
2024-01-10,sh601872,招商轮船,6.26,-0.1595
2024-01-11,sh601872,招商轮船,6.37,1.7572
2024-01-12,sh601872,招商轮船,6.45,1.2559
2024-01-15,sh601872,招商轮船,6.67,3.4109
2024-01-16,sh601872,招商轮船,6.72,0.7496
2024-01-17,sh601872,招商轮船,6.58,-2.0833
2024-01-18,sh601872,招商轮船,6.58,0.0
2024-01-19,sh601872,招商轮船,6.43,-2.2796
2024-01-22,sh601872,招商轮船,6.3,-2.0218
2024-01-23,sh601872,招商轮船,6.38,1.2698
2024-01-24,sh601872,招商轮船,6.5,1.8809
2024-01-25,sh601872,招商轮船,6.62,1.8462
2024-01-26,sh601872,招商轮船,6.74,1.8127
2024-01-29,sh601872,招商轮船,6.71,-0.4451
2024-01-30,sh601872,招商轮船,6.53,-2.6826
2024-01-31,sh601872,招商轮船,6.53,0.0
2024-02-01,sh601872,招商轮船,6.37,-2.4502
2024-02-02,sh601872,招商轮船,6.33,-0.6279
2024-02-05,sh601872,招商轮船,6.33,0.0
2024-02-06,sh601872,招商轮船,6.54,3.3175
2024-02-07,sh601872,招商轮船,6.75,3.211
2024-02-08,sh601872,招商轮船,6.7,-0.7407
2024-02-19,sh601872,招商轮船,7.13,6.4179
2024-02-20,sh601872,招商轮船,6.99,-1.9635
2024-02-21,sh601872,招商轮船,7.0,0.1431
2024-02-22,sh601872,招商轮船,7.12,1.7143
2024-02-23,sh601872,招商轮船,6.94,-2.5281
2024-02-26,sh601872,招商轮船,6.87,-1.0086
2024-02-27,sh601872,招商轮船,6.86,-0.1456
2024-02-28,sh601872,招商轮船,6.79,-1.0204
2024-02-29,sh601872,招商轮船,7.2,6.0383
2024-03-01,sh601872,招商轮船,7.21,0.1389
2024-03-04,sh601872,招商轮船,7.68,6.5187
2024-03-05,sh601872,招商轮船,7.59,-1.1719
2024-03-06,sh601872,招商轮船,7.45,-1.8445
2024-03-07,sh601872,招商轮船,7.52,0.9396
2024-03-08,sh601872,招商轮船,7.53,0.133
2024-03-11,sh601872,招商轮船,7.51,-0.2656
2024-03-12,sh601872,招商轮船,7.31,-2.6631
2024-03-13,sh601872,招商轮船,7.21,-1.368
2024-03-14,sh601872,招商轮船,7.39,2.4965
2024-03-15,sh601872,招商轮船,7.51,1.6238
2024-03-18,sh601872,招商轮船,7.76,3.3289
2024-03-19,sh601872,招商轮船,7.65,-1.4175
2024-03-20,sh601872,招商轮船,7.81,2.0915
2024-03-21,sh601872,招商轮船,7.81,0.0
2024-03-22,sh601872,招商轮船,7.67,-1.7926
2024-03-25,sh601872,招商轮船,7.7,0.3911
2024-03-26,sh601872,招商轮船,7.78,1.039
2024-03-27,sh601872,招商轮船,7.74,-0.5141
2024-03-28,sh601872,招商轮船,7.71,-0.3876
2024-03-29,sh601872,招商轮船,7.96,3.2425
2024-04-01,sh601872,招商轮船,7.96,0.0
2024-04-02,sh601872,招商轮船,8.19,2.8894
2024-04-03,sh601872,招商轮船,8.22,0.3663
2024-04-08,sh601872,招商轮船,7.99,-2.7981
2024-04-09,sh601872,招商轮船,7.98,-0.1252
2024-04-10,sh601872,招商轮船,8.06,1.0025
2024-04-11,sh601872,招商轮船,7.97,-1.1166
2024-04-12,sh601872,招商轮船,8.45,6.0226
2024-04-15,sh601872,招商轮船,8.63,2.1302
2024-04-16,sh601872,招商轮船,8.49,-1.6222
2024-04-17,sh601872,招商轮船,8.72,2.7091
2024-04-18,sh601872,招商轮船,8.6,-1.3761
2024-04-19,sh601872,招商轮船,8.87,3.1395
2024-04-22,sh601872,招商轮船,8.79,-0.9019
2024-04-23,sh601872,招商轮船,8.48,-3.5267
2024-04-24,sh601872,招商轮船,8.55,0.8255
2024-04-25,sh601872,招商轮船,8.55,0.0
2024-04-26,sh601872,招商轮船,8.58,0.3509
2024-04-29,sh601872,招商轮船,8.28,-3.4965
2024-04-30,sh601872,招商轮船,8.53,3.0193
2024-05-06,sh601872,招商轮船,8.65,1.4068
2024-05-07,sh601872,招商轮船,8.53,-1.3873
2024-05-08,sh601872,招商轮船,8.82,3.3998
2024-05-09,sh601872,招商轮船,9.09,3.0612
2024-05-10,sh601872,招商轮船,9.14,0.5501
2024-05-13,sh601872,招商轮船,9.47,3.6105
2024-05-14,sh601872,招商轮船,9.45,-0.2112
2024-05-15,sh601872,招商轮船,9.83,4.0212
2024-05-16,sh601872,招商轮船,9.18,-6.6124
2024-05-17,sh601872,招商轮船,9.15,-0.3268
2024-05-20,sh601872,招商轮船,9.48,3.6066
2024-05-21,sh601872,招商轮船,9.37,-1.1603
2024-05-22,sh601872,招商轮船,9.07,-3.2017
2024-05-23,sh601872,招商轮船,9.1,0.3308
2024-05-24,sh601872,招商轮船,9.12,0.2198
2024-05-27,sh601872,招商轮船,9.3,1.9737
2024-05-28,sh601872,招商轮船,9.53,2.4731
2024-05-29,sh601872,招商轮船,9.4,-1.3641
2024-05-30,sh601872,招商轮船,9.1,-3.1915
2024-05-31,sh601872,招商轮船,8.87,-2.5275
2024-06-03,sh601872,招商轮船,9.08,2.3675
2024-06-04,sh601872,招商轮船,9.07,-0.1101
2024-06-05,sh601872,招商轮船,8.84,-2.5358
2024-06-06,sh601872,招商轮船,8.99,1.6968
2024-06-07,sh601872,招商轮船,9.3,3.4483
2024-06-11,sh601872,招商轮船,8.68,-6.6667
2024-06-12,sh601872,招商轮船,8.73,0.576
2024-06-13,sh601872,招商轮船,8.67,-0.6873
2024-06-14,sh601872,招商轮船,8.42,-2.8835
2024-06-17,sh601872,招商轮船,8.28,-1.6627
2024-06-18,sh601872,招商轮船,8.36,0.9662
2024-06-19,sh601872,招商轮船,8.36,0.0
2024-06-20,sh601872,招商轮船,8.66,3.5885
2024-06-21,sh601872,招商轮船,8.57,-1.0393
2024-06-24,sh601872,招商轮船,8.47,-1.1669
2024-06-25,sh601872,招商轮船,8.4,-0.8264
2024-06-26,sh601872,招商轮船,8.31,-1.0714
2024-06-27,sh601872,招商轮船,8.15,-1.9254
2024-06-28,sh601872,招商轮船,8.45,3.681
2024-07-01,sh601872,招商轮船,8.73,3.3136
2024-07-02,sh601872,招商轮船,8.57,-1.8328
2024-07-03,sh601872,招商轮船,8.39,-2.1004
2024-07-04,sh601872,招商轮船,8.6,2.503
2024-07-05,sh601872,招商轮船,8.8,2.3256
2024-07-08,sh601872,招商轮船,8.49,-3.5227
2024-07-09,sh601872,招商轮船,8.47,-0.2356
2024-07-10,sh601872,招商轮船,8.14,-3.8961
2024-07-11,sh601872,招商轮船,8.27,1.5971
2024-07-12,sh601872,招商轮船,8.01,-3.1439
2024-07-15,sh601872,招商轮船,7.95,-0.7491
2024-07-16,sh601872,招商轮船,8.09,1.761
2024-07-17,sh601872,招商轮船,7.92,-2.1014
2024-07-18,sh601872,招商轮船,8.06,1.7677
2024-07-19,sh601872,招商轮船,8.04,-0.2481
2024-07-22,sh601872,招商轮船,8.11,0.8706
2024-07-23,sh601872,招商轮船,8.11,0.0
2024-07-24,sh601872,招商轮船,8.19,0.9864
2024-07-25,sh601872,招商轮船,7.7,-5.9829
2024-07-26,sh601872,招商轮船,7.78,1.039
2024-07-29,sh601872,招商轮船,7.72,-0.7712
2024-07-30,sh601872,招商轮船,7.65,-0.9067
2024-07-31,sh601872,招商轮船,7.8,1.9608
2024-08-01,sh601872,招商轮船,7.74,-0.7692
2024-08-02,sh601872,招商轮船,7.8,0.7752
2024-08-05,sh601872,招商轮船,7.43,-4.7436
2024-08-06,sh601872,招商轮船,7.74,4.1723
2024-08-07,sh601872,招商轮船,7.86,1.5504
2024-08-08,sh601872,招商轮船,7.58,-3.5623
2024-08-09,sh601872,招商轮船,7.56,-0.2639
2024-08-12,sh601872,招商轮船,7.7,1.8519
2024-08-13,sh601872,招商轮船,7.73,0.3896
2024-08-14,sh601872,招商轮船,7.63,-1.2937
2024-08-15,sh601872,招商轮船,7.67,0.5242
2024-08-16,sh601872,招商轮船,8.07,5.2151
2024-08-19,sh601872,招商轮船,8.26,2.3544
2024-08-20,sh601872,招商轮船,8.19,-0.8475
2024-08-21,sh601872,招商轮船,8.12,-0.8547
2024-08-22,sh601872,招商轮船,8.18,0.7389
2024-08-23,sh601872,招商轮船,8.15,-0.3667
2024-08-26,sh601872,招商轮船,8.25,1.227
2024-08-27,sh601872,招商轮船,8.31,0.7273
2024-08-28,sh601872,招商轮船,8.21,-1.2034
2024-08-29,sh601872,招商轮船,7.75,-5.6029
2024-08-30,sh601872,招商轮船,7.51,-3.0968
2024-09-02,sh601872,招商轮船,7.29,-2.9294
2024-09-03,sh601872,招商轮船,7.4,1.5089
2024-09-04,sh601872,招商轮船,7.18,-2.973
2024-09-05,sh601872,招商轮船,6.91,-3.7604
2024-09-06,sh601872,招商轮船,6.67,-3.4732
2024-09-09,sh601872,招商轮船,6.46,-3.1484
2024-09-10,sh601872,招商轮船,6.47,0.1548
2024-09-11,sh601872,招商轮船,6.23,-3.7094
2024-09-12,sh601872,招商轮船,6.35,1.9262
2024-09-13,sh601872,招商轮船,6.42,1.1024
2024-09-18,sh601872,招商轮船,6.58,2.4922
2024-09-19,sh601872,招商轮船,6.55,-0.4559
2024-09-20,sh601872,招商轮船,6.69,2.1374
2024-09-23,sh601872,招商轮船,6.77,1.1958
2024-09-24,sh601872,招商轮船,7.0,3.3973
2024-09-25,sh601872,招商轮船,6.88,-1.7143
2024-09-26,sh601872,招商轮船,6.97,1.3081
2024-09-27,sh601872,招商轮船,7.58,8.7518
2024-09-30,sh601872,招商轮船,8.04,6.0686
2024-10-08,sh601872,招商轮船,8.01,-0.3731
2024-10-09,sh601872,招商轮船,7.22,-9.8627
2024-10-10,sh601872,招商轮船,7.45,3.1856
2024-10-11,sh601872,招商轮船,7.25,-2.6846
2024-10-14,sh601872,招商轮船,7.51,3.5862
2024-10-15,sh601872,招商轮船,7.08,-5.7257
2024-10-16,sh601872,招商轮船,7.09,0.1412
2024-10-17,sh601872,招商轮船,6.93,-2.2567
2024-10-18,sh601872,招商轮船,7.05,1.7316
2024-10-21,sh601872,招商轮船,7.18,1.844
2024-10-22,sh601872,招商轮船,7.19,0.1393
2024-10-23,sh601872,招商轮船,7.17,-0.2782
2024-10-24,sh601872,招商轮船,7.03,-1.9526
2024-10-25,sh601872,招商轮船,7.02,-0.1422
2024-10-28,sh601872,招商轮船,6.99,-0.4274
2024-10-29,sh601872,招商轮船,6.79,-2.8612
2024-10-30,sh601872,招商轮船,6.81,0.2946
2024-10-31,sh601872,招商轮船,6.72,-1.3216
2024-11-01,sh601872,招商轮船,6.87,2.2321
2024-11-04,sh601872,招商轮船,6.75,-1.7467
2024-11-05,sh601872,招商轮船,6.82,1.037
2024-11-06,sh601872,招商轮船,6.76,-0.8798
2024-11-07,sh601872,招商轮船,6.91,2.2189
2024-11-08,sh601872,招商轮船,6.87,-0.5789
2024-11-11,sh601872,招商轮船,6.94,1.0189
2024-11-12,sh601872,招商轮船,6.87,-1.0086
2024-11-13,sh601872,招商轮船,6.94,1.0189
2024-11-14,sh601872,招商轮船,6.76,-2.5937
2024-11-15,sh601872,招商轮船,6.77,0.1479
2024-11-18,sh601872,招商轮船,6.74,-0.4431
2024-11-19,sh601872,招商轮船,6.76,0.2967
2024-11-20,sh601872,招商轮船,6.81,0.7396
2024-11-21,sh601872,招商轮船,6.75,-0.8811
2024-11-22,sh601872,招商轮船,6.48,-4.0
2024-11-25,sh601872,招商轮船,6.59,1.6975
2024-11-26,sh601872,招商轮船,6.5,-1.3657
2024-11-27,sh601872,招商轮船,6.45,-0.7692
2024-11-28,sh601872,招商轮船,6.29,-2.4806
2024-11-29,sh601872,招商轮船,6.31,0.318
2024-12-02,sh601872,招商轮船,6.33,0.317
2024-12-03,sh601872,招商轮船,6.37,0.6319
2024-12-04,sh601872,招商轮船,6.38,0.157
2024-12-05,sh601872,招商轮船,6.31,-1.0972
2024-12-06,sh601872,招商轮船,6.37,0.9509
2024-12-09,sh601872,招商轮船,6.41,0.6279
2024-12-10,sh601872,招商轮船,6.37,-0.624
2024-12-11,sh601872,招商轮船,6.48,1.7268
2024-12-12,sh601872,招商轮船,6.48,0.0
2024-12-13,sh601872,招商轮船,6.26,-3.3951
2024-12-16,sh601872,招商轮船,6.25,-0.1597
2024-12-17,sh601872,招商轮船,6.31,0.96
2024-12-18,sh601872,招商轮船,6.41,1.5848
2024-12-19,sh601872,招商轮船,6.32,-1.4041
2024-12-20,sh601872,招商轮船,6.2,-1.8987
2024-12-23,sh601872,招商轮船,6.29,1.4516
2024-12-24,sh601872,招商轮船,6.53,3.8156
2024-12-25,sh601872,招商轮船,6.49,-0.6126
2024-12-26,sh601872,招商轮船,6.42,-1.0786
2024-12-27,sh601872,招商轮船,6.47,0.7788
2024-12-30,sh601872,招商轮船,6.52,0.7728
2024-12-31,sh601872,招商轮船,6.41,-1.6871
2025-01-02,sh601872,招商轮船,6.19,-3.4321
2025-01-03,sh601872,招商轮船,6.26,1.1309
2025-01-06,sh601872,招商轮船,6.33,1.1182
2025-01-07,sh601872,招商轮船,6.29,-0.6319
2025-01-08,sh601872,招商轮船,6.63,5.4054
2025-01-09,sh601872,招商轮船,6.37,-3.9216
2025-01-10,sh601872,招商轮船,6.29,-1.2559
2025-01-13,sh601872,招商轮船,6.62,5.2464
2025-01-14,sh601872,招商轮船,6.82,3.0211
2025-01-15,sh601872,招商轮船,6.95,1.9062
2025-01-16,sh601872,招商轮船,6.98,0.4317
2025-01-17,sh601872,招商轮船,7.05,1.0029
2025-01-20,sh601872,招商轮船,6.8,-3.5461
2025-01-21,sh601872,招商轮船,7.0,2.9412
2025-01-22,sh601872,招商轮船,6.87,-1.8571
2025-01-23,sh601872,招商轮船,6.87,0.0
2025-01-24,sh601872,招商轮船,6.8,-1.0189
2025-01-27,sh601872,招商轮船,6.92,1.7647
2025-02-05,sh601872,招商轮船,7.1,2.6012
2025-02-06,sh601872,招商轮船,6.88,-3.0986
2025-02-07,sh601872,招商轮船,6.99,1.5988
2025-02-10,sh601872,招商轮船,6.98,-0.1431
2025-02-11,sh601872,招商轮船,7.12,2.0057
2025-02-12,sh601872,招商轮船,6.98,-1.9663
2025-02-13,sh601872,招商轮船,6.88,-1.4327
2025-02-14,sh601872,招商轮船,6.83,-0.7267
2025-02-17,sh601872,招商轮船,6.76,-1.0249
2025-02-18,sh601872,招商轮船,6.65,-1.6272
2025-02-19,sh601872,招商轮船,6.54,-1.6541
2025-02-20,sh601872,招商轮船,6.46,-1.2232
2025-02-21,sh601872,招商轮船,6.47,0.1548
2025-02-24,sh601872,招商轮船,6.34,-2.0093
2025-02-25,sh601872,招商轮船,6.32,-0.3155
2025-02-26,sh601872,招商轮船,6.3,-0.3165
2025-02-27,sh601872,招商轮船,6.38,1.2698
2025-02-28,sh601872,招商轮船,6.3,-1.2539
2025-03-03,sh601872,招商轮船,6.24,-0.9524
2025-03-04,sh601872,招商轮船,6.26,0.3205
2025-03-05,sh601872,招商轮船,6.27,0.1597
2025-03-06,sh601872,招商轮船,6.26,-0.1595
2025-03-07,sh601872,招商轮船,6.37,1.7572
2025-03-10,sh601872,招商轮船,6.36,-0.157
2025-03-11,sh601872,招商轮船,6.36,0.0
2025-03-12,sh601872,招商轮船,6.31,-0.7862
2025-03-13,sh601872,招商轮船,6.31,0.0
2025-03-14,sh601872,招商轮船,6.38,1.1094
2025-03-17,sh601872,招商轮船,6.37,-0.1567
2025-03-18,sh601872,招商轮船,6.47,1.5699
2025-03-19,sh601872,招商轮船,6.37,-1.5456
2025-03-20,sh601872,招商轮船,6.52,2.3548
2025-03-21,sh601872,招商轮船,6.5,-0.3067
2025-03-24,sh601872,招商轮船,6.48,-0.3077
2025-03-25,sh601872,招商轮船,6.5,0.3086
2025-03-26,sh601872,招商轮船,6.41,-1.3846
2025-03-27,sh601872,招商轮船,6.42,0.156
2025-03-28,sh601872,招商轮船,6.38,-0.6231
2025-03-31,sh601872,招商轮船,6.52,2.1944
2025-04-01,sh601872,招商轮船,6.61,1.3804
2025-04-02,sh601872,招商轮船,6.56,-0.7564
2025-04-03,sh601872,招商轮船,6.45,-1.6768
2025-04-07,sh601872,招商轮船,5.81,-9.9225
2025-04-08,sh601872,招商轮船,6.04,3.9587
2025-04-09,sh601872,招商轮船,5.94,-1.6556
2025-04-10,sh601872,招商轮船,6.18,4.0404
2025-04-11,sh601872,招商轮船,6.01,-2.7508
2025-04-14,sh601872,招商轮船,5.99,-0.3328
2025-04-15,sh601872,招商轮船,5.89,-1.6694
2025-04-16,sh601872,招商轮船,5.94,0.8489
2025-04-17,sh601872,招商轮船,5.92,-0.3367
2025-04-18,sh601872,招商轮船,5.86,-1.0135
2025-04-21,sh601872,招商轮船,5.87,0.1706
2025-04-22,sh601872,招商轮船,5.85,-0.3407
2025-04-23,sh601872,招商轮船,5.89,0.6838
2025-04-24,sh601872,招商轮船,5.93,0.6791
2025-04-25,sh601872,招商轮船,5.94,0.1686
2025-04-28,sh601872,招商轮船,6.11,2.862
2025-04-29,sh601872,招商轮船,6.03,-1.3093
2025-04-30,sh601872,招商轮船,5.85,-2.9851
2025-05-06,sh601872,招商轮船,6.08,3.9316
2025-05-07,sh601872,招商轮船,6.19,1.8092
2025-05-08,sh601872,招商轮船,6.03,-2.5848
2025-05-09,sh601872,招商轮船,6.01,-0.3317
2025-05-12,sh601872,招商轮船,6.08,1.1647
2025-05-13,sh601872,招商轮船,6.14,0.9868
2025-05-14,sh601872,招商轮船,6.35,3.4202
2025-05-15,sh601872,招商轮船,6.18,-2.6772
2025-05-16,sh601872,招商轮船,6.12,-0.9709
2025-05-19,sh601872,招商轮船,6.13,0.1634
2025-05-20,sh601872,招商轮船,6.09,-0.6525
2025-05-21,sh601872,招商轮船,6.09,0.0
2025-05-22,sh601872,招商轮船,6.1,0.1642
2025-05-23,sh601872,招商轮船,6.02,-1.3115
2025-05-26,sh601872,招商轮船,6.06,0.6645
2025-05-27,sh601872,招商轮船,6.05,-0.165
2025-05-28,sh601872,招商轮船,6.12,1.157
2025-05-29,sh601872,招商轮船,6.13,0.1634
2025-05-30,sh601872,招商轮船,6.05,-1.3051
2025-06-03,sh601872,招商轮船,6.03,-0.3306
2025-06-04,sh601872,招商轮船,6.04,0.1658
2025-06-05,sh601872,招商轮船,6.04,0.0
2025-06-06,sh601872,招商轮船,6.09,0.8278
2025-06-09,sh601872,招商轮船,6.09,0.0
2025-06-10,sh601872,招商轮船,6.13,0.6568
2025-06-11,sh601872,招商轮船,6.16,0.4894
2025-06-12,sh601872,招商轮船,6.2,0.6494
2025-06-13,sh601872,招商轮船,6.61,6.6129
2025-06-16,sh601872,招商轮船,6.59,-0.3026
2025-06-17,sh601872,招商轮船,6.69,1.5175
2025-06-18,sh601872,招商轮船,6.67,-0.299
2025-06-19,sh601872,招商轮船,6.49,-2.6987
2025-06-20,sh601872,招商轮船,6.52,0.4622
2025-06-23,sh601872,招商轮船,6.56,0.6135
2025-06-24,sh601872,招商轮船,6.2,-5.4878
2025-06-25,sh601872,招商轮船,6.2,0.0
2025-06-26,sh601872,招商轮船,6.25,0.8065
2025-06-27,sh601872,招商轮船,6.25,0.0
2025-06-30,sh601872,招商轮船,6.26,0.16
2025-07-01,sh601872,招商轮船,6.23,-0.4792
2025-07-02,sh601872,招商轮船,6.17,-0.9631
2025-07-03,sh601872,招商轮船,6.15,-0.3241
2025-07-04,sh601872,招商轮船,6.13,-0.3252
2025-07-07,sh601872,招商轮船,6.12,-0.1631
2025-07-08,sh601872,招商轮船,6.15,0.4902
2025-07-09,sh601872,招商轮船,6.12,-0.4878
2025-07-10,sh601872,招商轮船,6.12,0.0
2025-07-11,sh601872,招商轮船,6.14,0.3268
2025-07-14,sh601872,招商轮船,6.15,0.1629
2025-07-15,sh601872,招商轮船,6.09,-0.9756
2025-07-16,sh601872,招商轮船,6.09,0.0
2025-07-17,sh601872,招商轮船,6.08,-0.1642
2025-07-18,sh601872,招商轮船,6.09,0.1645
2025-07-21,sh601872,招商轮船,6.18,1.4778
2025-07-22,sh601872,招商轮船,6.23,0.8091
2025-07-23,sh601872,招商轮船,6.22,-0.1605
2025-07-24,sh601872,招商轮船,6.28,0.9646
2025-07-25,sh601872,招商轮船,6.27,-0.1592
2025-07-28,sh601872,招商轮船,6.16,-1.7544
2025-07-29,sh601872,招商轮船,6.14,-0.3247
2025-07-30,sh601872,招商轮船,6.17,0.4886
2025-07-31,sh601872,招商轮船,6.06,-1.7828
2025-08-01,sh601872,招商轮船,6.05,-0.165
2025-08-04,sh601872,招商轮船,6.07,0.3306
2025-08-05,sh601872,招商轮船,6.12,0.8237
2025-08-06,sh601872,招商轮船,6.25,2.1242
2025-08-07,sh601872,招商轮船,6.2,-0.8
2025-08-08,sh601872,招商轮船,6.21,0.1613
2025-08-11,sh601872,招商轮船,6.17,-0.6441
2025-08-12,sh601872,招商轮船,6.17,0.0
2025-08-13,sh601872,招商轮船,6.14,-0.4862
2025-08-14,sh601872,招商轮船,6.13,-0.1629
2025-08-15,sh601872,招商轮船,6.1,-0.4894
2025-08-18,sh601872,招商轮船,6.1,0.0
2025-08-19,sh601872,招商轮船,6.1,0.0
2025-08-20,sh601872,招商轮船,6.16,0.9836
2025-08-21,sh601872,招商轮船,6.21,0.8117
2025-08-22,sh601872,招商轮船,6.59,6.1192
2025-08-25,sh601872,招商轮船,6.6,0.1517
2025-08-26,sh601872,招商轮船,6.66,0.9091
2025-08-27,sh601872,招商轮船,6.49,-2.5526
2025-08-28,sh601872,招商轮船,6.68,2.9276
2025-08-29,sh601872,招商轮船,6.49,-2.8443
2025-09-01,sh601872,招商轮船,6.65,2.4653
2025-09-02,sh601872,招商轮船,6.66,0.1504
2025-09-03,sh601872,招商轮船,6.67,0.1502
2025-09-04,sh601872,招商轮船,6.82,2.2489
2025-09-05,sh601872,招商轮船,7.22,5.8651
2025-09-08,sh601872,招商轮船,7.94,9.9723
2025-09-09,sh601872,招商轮船,8.13,2.3929
2025-09-10,sh601872,招商轮船,8.1,-0.369
2025-09-11,sh601872,招商轮船,8.09,-0.1235
2025-09-12,sh601872,招商轮船,8.37,3.4611
2025-09-15,sh601872,招商轮船,8.97,7.1685
2025-09-16,sh601872,招商轮船,8.79,-2.0067
2025-09-17,sh601872,招商轮船,8.95,1.8203
2025-09-18,sh601872,招商轮船,8.67,-3.1285
2025-09-19,sh601872,招商轮船,8.86,2.1915
2025-09-22,sh601872,招商轮船,8.77,-1.0158
2025-09-23,sh601872,招商轮船,8.71,-0.6842
2025-09-24,sh601872,招商轮船,8.96,2.8703
2025-09-25,sh601872,招商轮船,8.65,-3.4598
2025-09-26,sh601872,招商轮船,8.53,-1.3873
2025-09-29,sh601872,招商轮船,8.74,2.4619
2025-09-30,sh601872,招商轮船,8.88,1.6018
2025-10-09,sh601872,招商轮船,8.33,-6.1937
2025-10-10,sh601872,招商轮船,8.67,4.0816
2025-10-13,sh601872,招商轮船,9.1,4.9596
2025-10-14,sh601872,招商轮船,9.06,-0.4396
2025-10-15,sh601872,招商轮船,8.75,-3.4216
2025-10-16,sh601872,招商轮船,8.86,1.2571
2025-10-17,sh601872,招商轮船,8.69,-1.9187
2025-10-20,sh601872,招商轮船,8.79,1.1507
2025-10-21,sh601872,招商轮船,8.74,-0.5688
2025-10-22,sh601872,招商轮船,8.51,-2.6316
2025-10-23,sh601872,招商轮船,8.5,-0.1175
2025-10-24,sh601872,招商轮船,8.26,-2.8235
2025-10-27,sh601872,招商轮船,8.3,0.4843
2025-10-28,sh601872,招商轮船,8.26,-0.4819
2025-10-29,sh601872,招商轮船,8.58,3.8741
2025-10-30,sh601872,招商轮船,9.44,10.0233
2025-10-31,sh601872,招商轮船,9.26,-1.9068
2025-11-03,sh601872,招商轮船,9.22,-0.432
2025-11-04,sh601872,招商轮船,8.34,-9.5445
2025-11-05,sh601872,招商轮船,8.39,0.5995
2025-11-06,sh601872,招商轮船,8.51,1.4303
2025-11-07,sh601872,招商轮船,8.67,1.8801
2025-11-10,sh601872,招商轮船,8.52,-1.7301
2025-11-11,sh601872,招商轮船,8.51,-0.1174
2025-11-12,sh601872,招商轮船,8.56,0.5875
2025-11-13,sh601872,招商轮船,9.08,6.0748
2025-11-14,sh601872,招商轮船,9.16,0.8811
2025-11-17,sh601872,招商轮船,9.2,0.4367
2025-11-18,sh601872,招商轮船,8.85,-3.8043
2025-11-19,sh601872,招商轮船,9.28,4.8588
2025-11-20,sh601872,招商轮船,8.97,-3.3405
2025-11-21,sh601872,招商轮船,8.77,-2.2297
2025-11-24,sh601872,招商轮船,9.03,2.9647
2025-11-25,sh601872,招商轮船,8.85,-1.9934
2025-11-26,sh601872,招商轮船,8.65,-2.2599
2025-11-27,sh601872,招商轮船,8.65,0.0
2025-11-28,sh601872,招商轮船,8.81,1.8497
2025-12-01,sh601872,招商轮船,9.66,9.6481
2025-12-02,sh601872,招商轮船,8.7,-9.9379
2025-12-03,sh601872,招商轮船,8.76,0.6897
2025-12-04,sh601872,招商轮船,8.84,0.9132
2025-12-05,sh601872,招商轮船,8.32,-5.8824
2025-12-08,sh601872,招商轮船,8.34,0.2404
2025-12-09,sh601872,招商轮船,8.23,-1.3189
2025-12-10,sh601872,招商轮船,8.22,-0.1215
2025-12-11,sh601872,招商轮船,8.2,-0.2433
2025-12-12,sh601872,招商轮船,8.38,2.1951
2025-12-15,sh601872,招商轮船,8.62,2.864
2025-12-16,sh601872,招商轮船,8.36,-3.0162
2025-12-17,sh601872,招商轮船,8.76,4.7847
2025-12-18,sh601872,招商轮船,8.88,1.3699
2025-12-19,sh601872,招商轮船,8.51,-4.1667
2025-12-22,sh601872,招商轮船,8.93,4.9354
2025-12-23,sh601872,招商轮船,8.92,-0.112
2025-12-24,sh601872,招商轮船,8.74,-2.0179
2025-12-25,sh601872,招商轮船,8.91,1.9451
2025-12-26,sh601872,招商轮船,8.91,0.0
2025-12-29,sh601872,招商轮船,9.12,2.3569
2025-12-30,sh601872,招商轮船,8.98,-1.5351
2025-12-31,sh601872,招商轮船,8.98,0.0
2026-01-05,sh601872,招商轮船,8.97,-0.1114
2026-01-06,sh601872,招商轮船,9.14,1.8952
2026-01-07,sh601872,招商轮船,9.01,-1.4223
2026-01-08,sh601872,招商轮船,9.6,6.5483
2026-01-09,sh601872,招商轮船,9.83,2.3958
2026-01-12,sh601872,招商轮船,10.7,8.8505
2026-01-13,sh601872,招商轮船,11.21,4.7664
2026-01-14,sh601872,招商轮船,11.25,0.3568
2026-01-15,sh601872,招商轮船,11.39,1.2444
2026-01-16,sh601872,招商轮船,11.22,-1.4925
2026-01-19,sh601872,招商轮船,11.45,2.0499
2026-01-20,sh601872,招商轮船,11.25,-1.7467
2026-01-21,sh601872,招商轮船,11.05,-1.7778
2026-01-22,sh601872,招商轮船,11.06,0.0905
2026-01-23,sh601872,招商轮船,10.81,-2.2604
2026-01-26,sh601872,招商轮船,11.38,5.2729
2026-01-27,sh601872,招商轮船,11.24,-1.2302
2026-01-28,sh601872,招商轮船,11.17,-0.6228
2026-01-29,sh601872,招商轮船,11.03,-1.2534
2026-01-30,sh601872,招商轮船,11.36,2.9918
2026-02-02,sh601872,招商轮船,10.79,-5.0176
2026-02-03,sh601872,招商轮船,11.52,6.7655
2026-02-04,sh601872,招商轮船,12.0,4.1667
2026-02-05,sh601872,招商轮船,11.65,-2.9167
2026-02-06,sh601872,招商轮船,11.36,-2.4893
2026-02-09,sh601872,招商轮船,12.02,5.8099
2026-02-10,sh601872,招商轮船,12.32,2.4958
2026-02-11,sh601872,招商轮船,12.02,-2.4351
2026-02-12,sh601872,招商轮船,13.22,9.9834
2026-02-13,sh601872,招商轮船,12.19,-7.7912
2026-02-24,sh601872,招商轮船,13.41,10.0082
2026-02-25,sh601872,招商轮船,14.75,9.9925
2026-02-26,sh601872,招商轮船,15.6,5.7627
2026-02-27,sh601872,招商轮船,16.24,4.1026
2026-03-02,sh601872,招商轮船,17.86,9.9754
2026-03-03,sh601872,招商轮船,19.65,10.0224
2026-03-04,sh601872,招商轮船,17.71,-9.8728
2026-03-05,sh601872,招商轮船,17.46,-1.4116
2026-03-06,sh601872,招商轮船,17.12,-1.9473
2026-03-09,sh601872,招商轮船,15.72,-8.1776
2026-03-10,sh601872,招商轮船,16.47,4.771
2026-03-11,sh601872,招商轮船,16.3,-1.0322
2026-03-12,sh601872,招商轮船,15.97,-2.0245
2026-03-13,sh601872,招商轮船,15.58,-2.4421
2026-03-16,sh601872,招商轮船,16.75,7.5096
2026-03-17,sh601872,招商轮船,16.49,-1.5522
2026-03-18,sh601872,招商轮船,18.02,9.2784
2026-03-19,sh601872,招商轮船,17.66,-1.9978
2026-03-20,sh601872,招商轮船,16.78,-4.983
2026-03-23,sh601872,招商轮船,17.0,1.3111
2026-03-24,sh601872,招商轮船,18.1,6.4706
2026-03-25,sh601872,招商轮船,17.41,-3.8122
2026-03-26,sh601872,招商轮船,16.69,-4.1356
2026-03-27,sh601872,招商轮船,17.1,2.4566
2026-03-30,sh601872,招商轮船,17.03,-0.4094
2026-03-31,sh601872,招商轮船,16.36,-3.9342
2026-04-01,sh601872,招商轮船,18.0,10.0244
2026-04-02,sh601872,招商轮船,19.47,8.1667
2026-04-03,sh601872,招商轮船,20.39,4.7252
2026-04-07,sh601872,招商轮船,20.26,-0.6376
2026-04-08,sh601872,招商轮船,20.16,-0.4936
2026-04-09,sh601872,招商轮船,19.75,-2.0337
2026-04-10,sh601872,招商轮船,19.08,-3.3924
2026-04-13,sh601872,招商轮船,18.22,-4.5073
2026-04-14,sh601872,招商轮船,18.53,1.7014
2026-04-15,sh601872,招商轮船,18.44,-0.4857
2026-04-16,sh601872,招商轮船,18.08,-1.9523
2026-04-17,sh601872,招商轮船,18.55,2.5996
2026-04-20,sh601872,招商轮船,19.08,2.8571
2026-04-21,sh601872,招商轮船,19.09,0.0524
2026-04-22,sh601872,招商轮船,17.96,-5.9193
2026-04-23,sh601872,招商轮船,17.52,-2.4499
2026-04-24,sh601872,招商轮船,17.43,-0.5137
2026-04-27,sh601872,招商轮船,17.19,-1.3769
2026-04-28,sh601872,招商轮船,16.8,-2.2688
2026-04-29,sh601872,招商轮船,17.61,4.8214
2026-04-30,sh601872,招商轮船,17.6,-0.0568
2026-05-06,sh601872,招商轮船,18.64,5.9091
2026-05-07,sh601872,招商轮船,18.43,-1.1266
2026-05-08,sh601872,招商轮船,19.49,5.7515
2026-05-11,sh601872,招商轮船,18.37,-5.7465
2026-05-12,sh601872,招商轮船,17.79,-3.1573
2026-05-13,sh601872,招商轮船,18.0,1.1804
2026-05-14,sh601872,招商轮船,18.0,0.0
2026-05-15,sh601872,招商轮船,17.44,-3.1111
2026-05-18,sh601872,招商轮船,17.05,-2.2362
2026-05-19,sh601872,招商轮船,17.48,2.522
2026-05-20,sh601872,招商轮船,17.73,1.4302
2026-05-21,sh601872,招商轮船,17.8,0.3948
2026-05-22,sh601872,招商轮船,18.08,1.573
2026-05-25,sh601872,招商轮船,17.77,-1.7146
2026-05-26,sh601872,招商轮船,17.26,-2.87
2026-05-27,sh601872,招商轮船,16.29,-5.6199
2026-05-28,sh601872,招商轮船,16.09,-1.2277
2026-05-29,sh601872,招商轮船,15.86,-1.4295
2026-06-01,sh601872,招商轮船,15.53,-2.0807
2026-06-02,sh601872,招商轮船,15.49,-0.2576
2026-06-03,sh601872,招商轮船,15.13,-2.3241
2026-06-04,sh601872,招商轮船,14.96,-1.1236
2026-06-05,sh601872,招商轮船,14.8,-1.0695
2026-06-08,sh601872,招商轮船,14.14,-4.4595
2026-06-09,sh601872,招商轮船,14.35,1.4851
2026-06-10,sh601872,招商轮船,14.62,1.8815
2026-06-11,sh601872,招商轮船,14.42,-1.368
2026-06-12,sh601872,招商轮船,15.6,8.1831
2026-06-15,sh601872,招商轮船,17.16,10.0
2026-06-16,sh601872,招商轮船,16.38,-4.5455
2026-06-17,sh601872,招商轮船,17.1,4.3956
2026-06-18,sh601872,招商轮船,17.14,0.2339
2026-06-22,sh601872,招商轮船,18.85,9.9767
2026-06-23,sh601872,招商轮船,19.92,5.6764
2026-06-24,sh601872,招商轮船,21.91,9.99
2026-06-25,sh601872,招商轮船,21.6,-1.4149
2026-06-26,sh601872,招商轮船,19.56,-9.4444
2026-06-29,sh601872,招商轮船,18.26,-6.6462
2026-06-30,sh601872,招商轮船,17.57,-3.7788
2026-07-01,sh601872,招商轮船,16.87,-3.9841
2026-07-02,sh601872,招商轮船,16.53,-2.0154
2026-07-03,sh601872,招商轮船,17.0,2.8433
2026-07-06,sh601872,招商轮船,17.68,4.0
2026-07-07,sh601872,招商轮船,16.2,-8.371
2026-07-08,sh601872,招商轮船,15.55,-4.0123
2026-07-09,sh601872,招商轮船,16.1,3.537
2026-07-10,sh601872,招商轮船,15.47,-3.913
2026-07-13,sh601872,招商轮船,14.83,-4.137
2026-07-14,sh601872,招商轮船,15.04,1.416
2026-07-15,sh601872,招商轮船,15.26,1.4628
2026-07-16,sh601872,招商轮船,14.16,-7.2084
2026-07-17,sh601872,招商轮船,13.91,-1.7655
2026-07-20,sh601872,招商轮船,14.29,2.7318
2026-07-21,sh601872,招商轮船,14.72,3.0091
2026-07-22,sh601872,招商轮船,15.76,7.0652
2026-07-23,sh601872,招商轮船,15.87,0.698
2026-07-24,sh601872,招商轮船,15.7,-1.0712
2026-07-27,sh601872,招商轮船,15.9,1.2739
2026-07-28,sh601872,招商轮船,16.19,1.8239
2026-07-29,sh601872,招商轮船,16.29,0.6177
2026-07-30,sh601872,招商轮船,16.47,1.105
2026-07-31,sh601872,招商轮船,16.79,1.9429
2026-08-03,sh601872,招商轮船,17.03,1.4294
2026-08-04,sh601872,招商轮船,16.78,-1.468
2026-08-05,sh601872,招商轮船,18.1,7.8665
2026-08-06,sh601872,招商轮船,17.88,-1.2155
2026-08-07,sh601872,招商轮船,17.98,0.5593
2026-08-10,sh601872,招商轮船,18.18,1.1123
2026-08-11,sh601872,招商轮船,16.48,-9.3509
2026-08-12,sh601872,招商轮船,17.02,3.2767
2026-08-13,sh601872,招商轮船,17.13,0.6463
2026-08-14,sh601872,招商轮船,17.05,-0.467
2026-08-17,sh601872,招商轮船,17.89,4.9267
2026-08-18,sh601872,招商轮船,17.98,0.5031
2026-08-19,sh601872,招商轮船,18.6,3.4483
2016-01-04,sh601919,中远海控,8.12,
2016-01-05,sh601919,中远海控,7.81,-3.8177
2016-01-06,sh601919,中远海控,8.12,3.9693
2016-01-07,sh601919,中远海控,7.32,-9.8522
2016-01-08,sh601919,中远海控,7.26,-0.8197
2016-01-11,sh601919,中远海控,6.84,-5.7851
2016-01-12,sh601919,中远海控,6.82,-0.2924
2016-01-13,sh601919,中远海控,6.43,-5.7185
2016-01-14,sh601919,中远海控,6.53,1.5552
2016-01-15,sh601919,中远海控,5.95,-8.8821
2016-01-18,sh601919,中远海控,6.55,10.084
2016-01-19,sh601919,中远海控,6.69,2.1374
2016-01-20,sh601919,中远海控,6.63,-0.8969
2016-01-21,sh601919,中远海控,6.17,-6.9382
2016-01-22,sh601919,中远海控,6.28,1.7828
2016-01-25,sh601919,中远海控,6.33,0.7962
2016-01-26,sh601919,中远海控,5.7,-9.9526
2016-01-27,sh601919,中远海控,5.49,-3.6842
2016-01-28,sh601919,中远海控,5.08,-7.4681
2016-01-29,sh601919,中远海控,5.46,7.4803
2016-02-01,sh601919,中远海控,5.27,-3.4799
2016-02-02,sh601919,中远海控,5.48,3.9848
2016-02-03,sh601919,中远海控,5.43,-0.9124
2016-02-04,sh601919,中远海控,5.5,1.2891
2016-02-05,sh601919,中远海控,5.46,-0.7273
2016-02-15,sh601919,中远海控,5.33,-2.381
2016-02-16,sh601919,中远海控,5.86,9.9437
2016-02-17,sh601919,中远海控,6.02,2.7304
2016-02-18,sh601919,中远海控,6.19,2.8239
2016-02-19,sh601919,中远海控,6.22,0.4847
2016-02-22,sh601919,中远海控,6.29,1.1254
2016-02-23,sh601919,中远海控,6.25,-0.6359
2016-02-24,sh601919,中远海控,6.34,1.44
2016-02-25,sh601919,中远海控,5.71,-9.9369
2016-02-26,sh601919,中远海控,5.8,1.5762
2016-02-29,sh601919,中远海控,5.52,-4.8276
2016-03-01,sh601919,中远海控,5.66,2.5362
2016-03-02,sh601919,中远海控,6.07,7.2438
2016-03-03,sh601919,中远海控,6.28,3.4596
2016-03-04,sh601919,中远海控,6.34,0.9554
2016-03-07,sh601919,中远海控,6.36,0.3155
2016-03-08,sh601919,中远海控,6.65,4.5597
2016-03-09,sh601919,中远海控,6.35,-4.5113
2016-03-10,sh601919,中远海控,6.02,-5.1969
2016-03-11,sh601919,中远海控,5.93,-1.495
2016-03-14,sh601919,中远海控,6.09,2.6981
2016-03-15,sh601919,中远海控,5.99,-1.642
2016-03-16,sh601919,中远海控,6.02,0.5008
2016-03-17,sh601919,中远海控,6.12,1.6611
2016-03-18,sh601919,中远海控,6.27,2.451
2016-03-21,sh601919,中远海控,6.42,2.3923
2016-03-22,sh601919,中远海控,6.3,-1.8692
2016-03-23,sh601919,中远海控,6.29,-0.1587
2016-03-24,sh601919,中远海控,6.11,-2.8617
2016-03-25,sh601919,中远海控,6.17,0.982
2016-03-28,sh601919,中远海控,6.08,-1.4587
2016-03-29,sh601919,中远海控,5.9,-2.9605
2016-03-30,sh601919,中远海控,6.05,2.5424
2016-03-31,sh601919,中远海控,6.09,0.6612
2016-04-01,sh601919,中远海控,6.15,0.9852
2016-04-05,sh601919,中远海控,6.45,4.878
2016-04-06,sh601919,中远海控,6.3,-2.3256
2016-04-07,sh601919,中远海控,6.21,-1.4286
2016-04-08,sh601919,中远海控,6.11,-1.6103
2016-04-11,sh601919,中远海控,6.24,2.1277
2016-04-12,sh601919,中远海控,6.33,1.4423
2016-04-13,sh601919,中远海控,6.49,2.5276
2016-04-14,sh601919,中远海控,6.45,-0.6163
2016-04-15,sh601919,中远海控,6.45,0.0
2016-04-18,sh601919,中远海控,6.32,-2.0155
2016-04-19,sh601919,中远海控,6.31,-0.1582
2016-04-20,sh601919,中远海控,6.13,-2.8526
2016-04-21,sh601919,中远海控,6.0,-2.1207
2016-04-22,sh601919,中远海控,5.97,-0.5
2016-04-25,sh601919,中远海控,5.88,-1.5075
2016-04-26,sh601919,中远海控,5.92,0.6803
2016-04-27,sh601919,中远海控,5.86,-1.0135
2016-04-28,sh601919,中远海控,5.77,-1.5358
2016-04-29,sh601919,中远海控,5.68,-1.5598
2016-05-03,sh601919,中远海控,5.78,1.7606
2016-05-04,sh601919,中远海控,5.85,1.2111
2016-05-05,sh601919,中远海控,5.83,-0.3419
2016-05-06,sh601919,中远海控,5.55,-4.8027
2016-05-09,sh601919,中远海控,5.25,-5.4054
2016-05-10,sh601919,中远海控,5.64,7.4286
2016-05-11,sh601919,中远海控,5.43,-3.7234
2016-05-12,sh601919,中远海控,5.29,-2.5783
2016-05-13,sh601919,中远海控,5.27,-0.3781
2016-05-16,sh601919,中远海控,5.33,1.1385
2016-05-17,sh601919,中远海控,5.3,-0.5629
2016-05-18,sh601919,中远海控,5.17,-2.4528
2016-05-19,sh601919,中远海控,5.16,-0.1934
2016-05-20,sh601919,中远海控,5.21,0.969
2016-05-23,sh601919,中远海控,5.27,1.1516
2016-05-24,sh601919,中远海控,5.18,-1.7078
2016-05-25,sh601919,中远海控,5.16,-0.3861
2016-05-26,sh601919,中远海控,5.14,-0.3876
2016-05-27,sh601919,中远海控,5.17,0.5837
2016-05-30,sh601919,中远海控,5.11,-1.1605
2016-05-31,sh601919,中远海控,5.31,3.9139
2016-06-01,sh601919,中远海控,5.29,-0.3766
2016-06-02,sh601919,中远海控,5.3,0.189
2016-06-03,sh601919,中远海控,5.3,0.0
2016-06-06,sh601919,中远海控,5.33,0.566
2016-06-07,sh601919,中远海控,5.28,-0.9381
2016-06-08,sh601919,中远海控,5.37,1.7045
2016-06-13,sh601919,中远海控,5.09,-5.2142
2016-06-14,sh601919,中远海控,5.13,0.7859
2016-06-15,sh601919,中远海控,5.2,1.3645
2016-06-16,sh601919,中远海控,5.15,-0.9615
2016-06-17,sh601919,中远海控,5.19,0.7767
2016-06-20,sh601919,中远海控,5.13,-1.1561
2016-06-21,sh601919,中远海控,5.1,-0.5848
2016-06-22,sh601919,中远海控,5.12,0.3922
2016-06-23,sh601919,中远海控,5.09,-0.5859
2016-06-24,sh601919,中远海控,4.99,-1.9646
2016-06-27,sh601919,中远海控,5.05,1.2024
2016-06-28,sh601919,中远海控,5.08,0.5941
2016-06-29,sh601919,中远海控,5.14,1.1811
2016-06-30,sh601919,中远海控,5.08,-1.1673
2016-07-01,sh601919,中远海控,5.11,0.5906
2016-07-04,sh601919,中远海控,5.2,1.7613
2016-07-05,sh601919,中远海控,5.29,1.7308
2016-07-06,sh601919,中远海控,5.27,-0.3781
2016-07-07,sh601919,中远海控,5.29,0.3795
2016-07-08,sh601919,中远海控,5.24,-0.9452
2016-07-11,sh601919,中远海控,5.21,-0.5725
2016-07-12,sh601919,中远海控,5.4,3.6468
2016-07-13,sh601919,中远海控,5.41,0.1852
2016-07-14,sh601919,中远海控,5.47,1.1091
2016-07-15,sh601919,中远海控,5.43,-0.7313
2016-07-18,sh601919,中远海控,5.36,-1.2891
2016-07-19,sh601919,中远海控,5.39,0.5597
2016-07-20,sh601919,中远海控,5.37,-0.3711
2016-07-21,sh601919,中远海控,5.35,-0.3724
2016-07-22,sh601919,中远海控,5.26,-1.6822
2016-07-25,sh601919,中远海控,5.25,-0.1901
2016-07-26,sh601919,中远海控,5.29,0.7619
2016-07-27,sh601919,中远海控,5.1,-3.5917
2016-07-28,sh601919,中远海控,5.28,3.5294
2016-07-29,sh601919,中远海控,5.16,-2.2727
2016-08-01,sh601919,中远海控,5.11,-0.969
2016-08-02,sh601919,中远海控,5.16,0.9785
2016-08-03,sh601919,中远海控,5.19,0.5814
2016-08-04,sh601919,中远海控,5.15,-0.7707
2016-08-05,sh601919,中远海控,5.11,-0.7767
2016-08-08,sh601919,中远海控,5.21,1.9569
2016-08-09,sh601919,中远海控,5.22,0.1919
2016-08-10,sh601919,中远海控,5.19,-0.5747
2016-08-11,sh601919,中远海控,5.16,-0.578
2016-08-12,sh601919,中远海控,5.22,1.1628
2016-08-15,sh601919,中远海控,5.34,2.2989
2016-08-16,sh601919,中远海控,5.33,-0.1873
2016-08-17,sh601919,中远海控,5.29,-0.7505
2016-08-18,sh601919,中远海控,5.3,0.189
2016-08-19,sh601919,中远海控,5.36,1.1321
2016-08-22,sh601919,中远海控,5.25,-2.0522
2016-08-23,sh601919,中远海控,5.36,2.0952
2016-08-24,sh601919,中远海控,5.3,-1.1194
2016-08-25,sh601919,中远海控,5.21,-1.6981
2016-08-26,sh601919,中远海控,5.17,-0.7678
2016-08-29,sh601919,中远海控,5.17,0.0
2016-08-30,sh601919,中远海控,5.13,-0.7737
2016-08-31,sh601919,中远海控,5.14,0.1949
2016-09-01,sh601919,中远海控,5.15,0.1946
2016-09-02,sh601919,中远海控,5.14,-0.1942
2016-09-05,sh601919,中远海控,5.2,1.1673
2016-09-06,sh601919,中远海控,5.22,0.3846
2016-09-07,sh601919,中远海控,5.22,0.0
2016-09-08,sh601919,中远海控,5.27,0.9579
2016-09-09,sh601919,中远海控,5.38,2.0873
2016-09-12,sh601919,中远海控,5.19,-3.5316
2016-09-13,sh601919,中远海控,5.19,0.0
2016-09-14,sh601919,中远海控,5.09,-1.9268
2016-09-19,sh601919,中远海控,5.12,0.5894
2016-09-20,sh601919,中远海控,5.1,-0.3906
2016-09-21,sh601919,中远海控,5.13,0.5882
2016-09-22,sh601919,中远海控,5.14,0.1949
2016-09-23,sh601919,中远海控,5.17,0.5837
2016-09-26,sh601919,中远海控,5.08,-1.7408
2016-09-27,sh601919,中远海控,5.09,0.1969
2016-09-28,sh601919,中远海控,5.07,-0.3929
2016-09-29,sh601919,中远海控,5.07,0.0
2016-09-30,sh601919,中远海控,5.06,-0.1972
2016-10-10,sh601919,中远海控,5.13,1.3834
2016-10-11,sh601919,中远海控,5.19,1.1696
2016-10-12,sh601919,中远海控,5.16,-0.578
2016-10-13,sh601919,中远海控,5.22,1.1628
2016-10-14,sh601919,中远海控,5.19,-0.5747
2016-10-17,sh601919,中远海控,5.15,-0.7707
2016-10-18,sh601919,中远海控,5.28,2.5243
2016-10-19,sh601919,中远海控,5.3,0.3788
2016-10-20,sh601919,中远海控,5.25,-0.9434
2016-10-21,sh601919,中远海控,5.35,1.9048
2016-10-24,sh601919,中远海控,5.47,2.243
2016-10-25,sh601919,中远海控,5.43,-0.7313
2016-10-26,sh601919,中远海控,5.34,-1.6575
2016-10-27,sh601919,中远海控,5.32,-0.3745
2016-10-28,sh601919,中远海控,5.29,-0.5639
2016-10-31,sh601919,中远海控,5.26,-0.5671
2016-11-01,sh601919,中远海控,5.28,0.3802
2016-11-02,sh601919,中远海控,5.18,-1.8939
2016-11-03,sh601919,中远海控,5.23,0.9653
2016-11-04,sh601919,中远海控,5.2,-0.5736
2016-11-07,sh601919,中远海控,5.21,0.1923
2016-11-08,sh601919,中远海控,5.23,0.3839
2016-11-09,sh601919,中远海控,5.2,-0.5736
2016-11-10,sh601919,中远海控,5.49,5.5769
2016-11-11,sh601919,中远海控,5.67,3.2787
2016-11-14,sh601919,中远海控,5.84,2.9982
2016-11-15,sh601919,中远海控,5.79,-0.8562
2016-11-16,sh601919,中远海控,5.88,1.5544
2016-11-17,sh601919,中远海控,6.07,3.2313
2016-11-18,sh601919,中远海控,5.77,-4.9423
2016-11-21,sh601919,中远海控,5.79,0.3466
2016-11-22,sh601919,中远海控,5.85,1.0363
2016-11-23,sh601919,中远海控,5.67,-3.0769
2016-11-24,sh601919,中远海控,5.77,1.7637
2016-11-25,sh601919,中远海控,5.79,0.3466
2016-11-28,sh601919,中远海控,5.94,2.5907
2016-11-29,sh601919,中远海控,6.11,2.862
2016-11-30,sh601919,中远海控,5.98,-2.1277
2016-12-01,sh601919,中远海控,6.24,4.3478
2016-12-02,sh601919,中远海控,6.06,-2.8846
2016-12-05,sh601919,中远海控,5.94,-1.9802
2016-12-06,sh601919,中远海控,5.86,-1.3468
2016-12-07,sh601919,中远海控,5.9,0.6826
2016-12-08,sh601919,中远海控,5.75,-2.5424
2016-12-09,sh601919,中远海控,5.79,0.6957
2016-12-12,sh601919,中远海控,5.42,-6.3903
2016-12-13,sh601919,中远海控,5.45,0.5535
2016-12-14,sh601919,中远海控,5.34,-2.0183
2016-12-15,sh601919,中远海控,5.35,0.1873
2016-12-16,sh601919,中远海控,5.38,0.5607
2016-12-19,sh601919,中远海控,5.33,-0.9294
2016-12-20,sh601919,中远海控,5.31,-0.3752
2016-12-21,sh601919,中远海控,5.46,2.8249
2016-12-22,sh601919,中远海控,5.42,-0.7326
2016-12-23,sh601919,中远海控,5.31,-2.0295
2016-12-26,sh601919,中远海控,5.34,0.565
2016-12-27,sh601919,中远海控,5.32,-0.3745
2016-12-28,sh601919,中远海控,5.27,-0.9398
2016-12-29,sh601919,中远海控,5.24,-0.5693
2016-12-30,sh601919,中远海控,5.24,0.0
2017-01-03,sh601919,中远海控,5.28,0.7634
2017-01-04,sh601919,中远海控,5.33,0.947
2017-01-05,sh601919,中远海控,5.34,0.1876
2017-01-06,sh601919,中远海控,5.39,0.9363
2017-01-09,sh601919,中远海控,5.44,0.9276
2017-01-10,sh601919,中远海控,5.49,0.9191
2017-01-11,sh601919,中远海控,5.48,-0.1821
2017-01-12,sh601919,中远海控,5.37,-2.0073
2017-01-13,sh601919,中远海控,5.33,-0.7449
2017-01-16,sh601919,中远海控,5.2,-2.439
2017-01-17,sh601919,中远海控,5.28,1.5385
2017-01-18,sh601919,中远海控,5.41,2.4621
2017-01-19,sh601919,中远海控,5.42,0.1848
2017-01-20,sh601919,中远海控,5.44,0.369
2017-01-23,sh601919,中远海控,5.47,0.5515
2017-01-24,sh601919,中远海控,5.48,0.1828
2017-01-25,sh601919,中远海控,5.47,-0.1825
2017-01-26,sh601919,中远海控,5.42,-0.9141
2017-02-03,sh601919,中远海控,5.39,-0.5535
2017-02-06,sh601919,中远海控,5.39,0.0
2017-02-07,sh601919,中远海控,5.66,5.0093
2017-02-08,sh601919,中远海控,5.85,3.3569
2017-02-09,sh601919,中远海控,5.85,0.0
2017-02-10,sh601919,中远海控,5.99,2.3932
2017-02-13,sh601919,中远海控,6.27,4.6745
2017-02-14,sh601919,中远海控,6.23,-0.638
2017-02-15,sh601919,中远海控,6.06,-2.7287
2017-02-16,sh601919,中远海控,6.12,0.9901
2017-02-17,sh601919,中远海控,6.05,-1.1438
2017-02-20,sh601919,中远海控,6.34,4.7934
2017-02-21,sh601919,中远海控,6.3,-0.6309
2017-02-22,sh601919,中远海控,6.38,1.2698
2017-02-23,sh601919,中远海控,6.23,-2.3511
2017-02-24,sh601919,中远海控,6.23,0.0
2017-02-27,sh601919,中远海控,6.1,-2.0867
2017-02-28,sh601919,中远海控,6.11,0.1639
2017-03-01,sh601919,中远海控,6.22,1.8003
2017-03-02,sh601919,中远海控,6.23,0.1608
2017-03-03,sh601919,中远海控,6.19,-0.6421
2017-03-06,sh601919,中远海控,6.15,-0.6462
2017-03-07,sh601919,中远海控,5.99,-2.6016
2017-03-08,sh601919,中远海控,6.02,0.5008
2017-03-09,sh601919,中远海控,5.88,-2.3256
2017-03-10,sh601919,中远海控,5.8,-1.3605
2017-03-13,sh601919,中远海控,5.85,0.8621
2017-03-14,sh601919,中远海控,5.85,0.0
2017-03-15,sh601919,中远海控,5.9,0.8547
2017-03-16,sh601919,中远海控,5.98,1.3559
2017-03-17,sh601919,中远海控,5.78,-3.3445
2017-03-20,sh601919,中远海控,5.81,0.519
2017-03-21,sh601919,中远海控,5.81,0.0
2017-03-22,sh601919,中远海控,5.74,-1.2048
2017-03-23,sh601919,中远海控,5.84,1.7422
2017-03-24,sh601919,中远海控,5.98,2.3973
2017-03-27,sh601919,中远海控,5.89,-1.505
2017-03-28,sh601919,中远海控,6.07,3.056
2017-03-29,sh601919,中远海控,6.16,1.4827
2017-03-30,sh601919,中远海控,6.01,-2.4351
2017-03-31,sh601919,中远海控,5.91,-1.6639
2017-04-05,sh601919,中远海控,6.08,2.8765
2017-04-06,sh601919,中远海控,6.13,0.8224
2017-04-07,sh601919,中远海控,6.02,-1.7945
2017-04-10,sh601919,中远海控,6.27,4.1528
2017-04-11,sh601919,中远海控,6.33,0.9569
2017-04-12,sh601919,中远海控,6.15,-2.8436
2017-04-13,sh601919,中远海控,6.15,0.0
2017-04-14,sh601919,中远海控,6.02,-2.1138
2017-04-17,sh601919,中远海控,5.96,-0.9967
2017-04-18,sh601919,中远海控,5.88,-1.3423
2017-04-19,sh601919,中远海控,5.71,-2.8912
2017-04-20,sh601919,中远海控,5.6,-1.9264
2017-04-21,sh601919,中远海控,5.62,0.3571
2017-04-24,sh601919,中远海控,5.43,-3.3808
2017-04-25,sh601919,中远海控,5.46,0.5525
2017-04-26,sh601919,中远海控,5.44,-0.3663
2017-04-27,sh601919,中远海控,5.49,0.9191
2017-04-28,sh601919,中远海控,5.5,0.1821
2017-05-02,sh601919,中远海控,5.55,0.9091
2017-05-03,sh601919,中远海控,5.58,0.5405
2017-05-04,sh601919,中远海控,5.58,0.0
2017-05-05,sh601919,中远海控,5.44,-2.509
2017-05-08,sh601919,中远海控,5.33,-2.0221
2017-05-09,sh601919,中远海控,5.37,0.7505
2017-05-10,sh601919,中远海控,5.22,-2.7933
2017-05-11,sh601919,中远海控,5.21,-0.1916
2017-05-12,sh601919,中远海控,5.31,1.9194
2017-05-15,sh601919,中远海控,5.32,0.1883
2017-05-16,sh601919,中远海控,5.35,0.5639
2017-07-26,sh601919,中远海控,5.89,10.0935
2017-07-27,sh601919,中远海控,6.25,6.1121
2017-07-28,sh601919,中远海控,6.88,10.08
2017-07-31,sh601919,中远海控,7.27,5.6686
2017-08-01,sh601919,中远海控,7.19,-1.1004
2017-08-02,sh601919,中远海控,7.28,1.2517
2017-08-03,sh601919,中远海控,7.17,-1.511
2017-08-04,sh601919,中远海控,7.16,-0.1395
2017-08-07,sh601919,中远海控,7.76,8.3799
2017-08-08,sh601919,中远海控,8.23,6.0567
2017-08-09,sh601919,中远海控,7.95,-3.4022
2017-08-10,sh601919,中远海控,7.98,0.3774
2017-08-11,sh601919,中远海控,7.32,-8.2707
2017-08-14,sh601919,中远海控,7.45,1.776
2017-08-15,sh601919,中远海控,7.31,-1.8792
2017-08-16,sh601919,中远海控,7.44,1.7784
2017-08-17,sh601919,中远海控,7.9,6.1828
2017-08-18,sh601919,中远海控,7.94,0.5063
2017-08-21,sh601919,中远海控,8.09,1.8892
2017-08-22,sh601919,中远海控,7.91,-2.225
2017-08-23,sh601919,中远海控,7.56,-4.4248
2017-08-24,sh601919,中远海控,7.4,-2.1164
2017-08-25,sh601919,中远海控,7.56,2.1622
2017-08-28,sh601919,中远海控,7.66,1.3228
2017-08-29,sh601919,中远海控,7.59,-0.9138
2017-08-30,sh601919,中远海控,7.85,3.4256
2017-08-31,sh601919,中远海控,7.79,-0.7643
2017-09-01,sh601919,中远海控,8.02,2.9525
2017-09-04,sh601919,中远海控,7.69,-4.1147
2017-09-05,sh601919,中远海控,7.61,-1.0403
2017-09-06,sh601919,中远海控,7.76,1.9711
2017-09-07,sh601919,中远海控,7.66,-1.2887
2017-09-08,sh601919,中远海控,7.8,1.8277
2017-09-11,sh601919,中远海控,7.94,1.7949
2017-09-12,sh601919,中远海控,8.06,1.5113
2017-09-13,sh601919,中远海控,7.99,-0.8685
2017-09-14,sh601919,中远海控,7.82,-2.1277
2017-09-15,sh601919,中远海控,7.59,-2.9412
2017-09-18,sh601919,中远海控,7.63,0.527
2017-09-19,sh601919,中远海控,7.37,-3.4076
2017-09-20,sh601919,中远海控,7.47,1.3569
2017-09-21,sh601919,中远海控,7.3,-2.2758
2017-09-22,sh601919,中远海控,7.24,-0.8219
2017-09-25,sh601919,中远海控,7.07,-2.3481
2017-09-26,sh601919,中远海控,7.09,0.2829
2017-09-27,sh601919,中远海控,7.09,0.0
2017-09-28,sh601919,中远海控,6.89,-2.8209
2017-09-29,sh601919,中远海控,6.89,0.0
2017-10-09,sh601919,中远海控,6.94,0.7257
2017-10-10,sh601919,中远海控,7.15,3.0259
2017-10-11,sh601919,中远海控,6.94,-2.9371
2017-10-12,sh601919,中远海控,6.98,0.5764
2017-10-13,sh601919,中远海控,6.94,-0.5731
2017-10-16,sh601919,中远海控,7.03,1.2968
2017-10-17,sh601919,中远海控,6.97,-0.8535
2017-10-18,sh601919,中远海控,7.01,0.5739
2017-10-19,sh601919,中远海控,6.91,-1.4265
2017-10-20,sh601919,中远海控,7.08,2.4602
2017-10-23,sh601919,中远海控,7.13,0.7062
2017-10-24,sh601919,中远海控,7.07,-0.8415
2017-10-25,sh601919,中远海控,7.02,-0.7072
2017-10-26,sh601919,中远海控,7.19,2.4217
2017-10-31,sh601919,中远海控,6.93,-3.6161
2017-11-01,sh601919,中远海控,6.81,-1.7316
2017-11-02,sh601919,中远海控,6.73,-1.1747
2017-11-03,sh601919,中远海控,6.66,-1.0401
2017-11-06,sh601919,中远海控,6.59,-1.0511
2017-11-07,sh601919,中远海控,6.73,2.1244
2017-11-08,sh601919,中远海控,6.77,0.5944
2017-11-09,sh601919,中远海控,6.91,2.0679
2017-11-10,sh601919,中远海控,6.83,-1.1577
2017-11-13,sh601919,中远海控,6.79,-0.5857
2017-11-14,sh601919,中远海控,6.84,0.7364
2017-11-15,sh601919,中远海控,6.65,-2.7778
2017-11-16,sh601919,中远海控,6.47,-2.7068
2017-11-17,sh601919,中远海控,6.13,-5.255
2017-11-20,sh601919,中远海控,6.09,-0.6525
2017-11-21,sh601919,中远海控,6.23,2.2989
2017-11-22,sh601919,中远海控,6.42,3.0498
2017-11-23,sh601919,中远海控,6.17,-3.8941
2017-11-24,sh601919,中远海控,6.26,1.4587
2017-11-27,sh601919,中远海控,6.11,-2.3962
2017-11-28,sh601919,中远海控,6.27,2.6187
2017-11-29,sh601919,中远海控,6.38,1.7544
2017-11-30,sh601919,中远海控,6.29,-1.4107
2017-12-01,sh601919,中远海控,6.37,1.2719
2017-12-04,sh601919,中远海控,6.76,6.1224
2017-12-05,sh601919,中远海控,6.66,-1.4793
2017-12-06,sh601919,中远海控,6.7,0.6006
2017-12-07,sh601919,中远海控,6.62,-1.194
2017-12-08,sh601919,中远海控,6.65,0.4532
2017-12-11,sh601919,中远海控,6.87,3.3083
2017-12-12,sh601919,中远海控,6.82,-0.7278
2017-12-13,sh601919,中远海控,6.89,1.0264
2017-12-14,sh601919,中远海控,6.75,-2.0319
2017-12-15,sh601919,中远海控,6.57,-2.6667
2017-12-18,sh601919,中远海控,6.48,-1.3699
2017-12-19,sh601919,中远海控,6.55,1.0802
2017-12-20,sh601919,中远海控,6.67,1.8321
2017-12-21,sh601919,中远海控,6.73,0.8996
2017-12-22,sh601919,中远海控,6.67,-0.8915
2017-12-25,sh601919,中远海控,6.47,-2.9985
2017-12-26,sh601919,中远海控,6.59,1.8547
2017-12-27,sh601919,中远海控,6.55,-0.607
2017-12-28,sh601919,中远海控,6.68,1.9847
2017-12-29,sh601919,中远海控,6.77,1.3473
2018-01-02,sh601919,中远海控,6.9,1.9202
2018-01-03,sh601919,中远海控,7.03,1.8841
2018-01-04,sh601919,中远海控,7.11,1.138
2018-01-05,sh601919,中远海控,7.22,1.5471
2018-01-08,sh601919,中远海控,7.25,0.4155
2018-01-09,sh601919,中远海控,7.1,-2.069
2018-01-10,sh601919,中远海控,7.12,0.2817
2018-01-11,sh601919,中远海控,7.04,-1.1236
2018-01-12,sh601919,中远海控,6.97,-0.9943
2018-01-15,sh601919,中远海控,6.63,-4.878
2018-01-16,sh601919,中远海控,6.68,0.7541
2018-01-17,sh601919,中远海控,6.69,0.1497
2018-01-18,sh601919,中远海控,6.75,0.8969
2018-01-19,sh601919,中远海控,6.91,2.3704
2018-01-22,sh601919,中远海控,6.88,-0.4342
2018-01-23,sh601919,中远海控,6.91,0.436
2018-01-24,sh601919,中远海控,7.16,3.6179
2018-01-25,sh601919,中远海控,7.11,-0.6983
2018-01-26,sh601919,中远海控,7.23,1.6878
2018-01-29,sh601919,中远海控,7.24,0.1383
2018-01-30,sh601919,中远海控,7.17,-0.9669
2018-01-31,sh601919,中远海控,7.24,0.9763
2018-02-01,sh601919,中远海控,6.73,-7.0442
2018-02-02,sh601919,中远海控,6.86,1.9316
2018-02-05,sh601919,中远海控,6.91,0.7289
2018-02-06,sh601919,中远海控,6.5,-5.9334
2018-02-07,sh601919,中远海控,6.43,-1.0769
2018-02-08,sh601919,中远海控,6.36,-1.0886
2018-02-09,sh601919,中远海控,6.0,-5.6604
2018-02-12,sh601919,中远海控,6.01,0.1667
2018-02-13,sh601919,中远海控,5.99,-0.3328
2018-02-14,sh601919,中远海控,5.96,-0.5008
2018-02-22,sh601919,中远海控,6.08,2.0134
2018-02-23,sh601919,中远海控,6.13,0.8224
2018-02-26,sh601919,中远海控,6.21,1.3051
2018-02-27,sh601919,中远海控,6.09,-1.9324
2018-02-28,sh601919,中远海控,6.03,-0.9852
2018-03-01,sh601919,中远海控,6.05,0.3317
2018-03-02,sh601919,中远海控,5.97,-1.3223
2018-03-05,sh601919,中远海控,5.97,0.0
2018-03-06,sh601919,中远海控,6.11,2.3451
2018-03-07,sh601919,中远海控,6.09,-0.3273
2018-03-08,sh601919,中远海控,6.29,3.2841
2018-03-09,sh601919,中远海控,6.46,2.7027
2018-03-12,sh601919,中远海控,6.47,0.1548
2018-03-13,sh601919,中远海控,6.36,-1.7002
2018-03-14,sh601919,中远海控,6.28,-1.2579
2018-03-15,sh601919,中远海控,6.3,0.3185
2018-03-16,sh601919,中远海控,6.4,1.5873
2018-03-19,sh601919,中远海控,6.33,-1.0938
2018-03-20,sh601919,中远海控,6.27,-0.9479
2018-03-21,sh601919,中远海控,6.27,0.0
2018-03-22,sh601919,中远海控,6.2,-1.1164
2018-03-23,sh601919,中远海控,6.16,-0.6452
2018-03-26,sh601919,中远海控,5.92,-3.8961
2018-03-27,sh601919,中远海控,5.95,0.5068
2018-03-28,sh601919,中远海控,5.89,-1.0084
2018-03-29,sh601919,中远海控,5.92,0.5093
2018-03-30,sh601919,中远海控,5.89,-0.5068
2018-04-02,sh601919,中远海控,5.86,-0.5093
2018-04-03,sh601919,中远海控,5.69,-2.901
2018-04-04,sh601919,中远海控,5.6,-1.5817
2018-04-09,sh601919,中远海控,5.55,-0.8929
2018-04-10,sh601919,中远海控,5.73,3.2432
2018-04-11,sh601919,中远海控,5.78,0.8726
2018-04-12,sh601919,中远海控,5.63,-2.5952
2018-04-13,sh601919,中远海控,5.62,-0.1776
2018-04-16,sh601919,中远海控,5.61,-0.1779
2018-04-17,sh601919,中远海控,5.46,-2.6738
2018-04-18,sh601919,中远海控,5.38,-1.4652
2018-04-19,sh601919,中远海控,5.49,2.0446
2018-04-20,sh601919,中远海控,5.5,0.1821
2018-04-23,sh601919,中远海控,5.53,0.5455
2018-04-24,sh601919,中远海控,5.63,1.8083
2018-04-25,sh601919,中远海控,5.61,-0.3552
2018-04-26,sh601919,中远海控,5.61,0.0
2018-04-27,sh601919,中远海控,5.64,0.5348
2018-05-02,sh601919,中远海控,5.48,-2.8369
2018-05-03,sh601919,中远海控,5.61,2.3723
2018-05-04,sh601919,中远海控,5.68,1.2478
2018-05-07,sh601919,中远海控,5.74,1.0563
2018-05-08,sh601919,中远海控,5.75,0.1742
2018-05-09,sh601919,中远海控,5.72,-0.5217
2018-05-10,sh601919,中远海控,5.73,0.1748
2018-05-11,sh601919,中远海控,5.61,-2.0942
2018-05-14,sh601919,中远海控,5.7,1.6043
2018-05-15,sh601919,中远海控,5.78,1.4035
2018-05-16,sh601919,中远海控,5.79,0.173
2018-05-17,sh601919,中远海控,5.73,-1.0363
2018-05-18,sh601919,中远海控,5.95,3.8394
2018-05-21,sh601919,中远海控,6.39,7.395
2018-05-22,sh601919,中远海控,6.39,0.0
2018-05-23,sh601919,中远海控,6.22,-2.6604
2018-05-24,sh601919,中远海控,6.14,-1.2862
2018-05-25,sh601919,中远海控,6.17,0.4886
2018-05-28,sh601919,中远海控,6.27,1.6207
2018-05-29,sh601919,中远海控,6.3,0.4785
2018-05-30,sh601919,中远海控,5.98,-5.0794
2018-05-31,sh601919,中远海控,6.12,2.3411
2018-06-01,sh601919,中远海控,6.06,-0.9804
2018-06-04,sh601919,中远海控,5.92,-2.3102
2018-06-05,sh601919,中远海控,6.1,3.0405
2018-06-06,sh601919,中远海控,6.03,-1.1475
2018-06-07,sh601919,中远海控,5.94,-1.4925
2018-06-08,sh601919,中远海控,5.73,-3.5354
2018-06-11,sh601919,中远海控,5.72,-0.1745
2018-06-12,sh601919,中远海控,5.62,-1.7483
2018-06-13,sh601919,中远海控,5.61,-0.1779
2018-06-14,sh601919,中远海控,5.5,-1.9608
2018-06-15,sh601919,中远海控,5.52,0.3636
2018-06-19,sh601919,中远海控,5.54,0.3623
2018-06-20,sh601919,中远海控,5.52,-0.361
2018-06-21,sh601919,中远海控,5.43,-1.6304
2018-06-22,sh601919,中远海控,5.44,0.1842
2018-06-25,sh601919,中远海控,5.35,-1.6544
2018-06-26,sh601919,中远海控,4.96,-7.2897
2018-06-27,sh601919,中远海控,4.93,-0.6048
2018-06-28,sh601919,中远海控,4.82,-2.2312
2018-06-29,sh601919,中远海控,4.92,2.0747
2018-07-02,sh601919,中远海控,4.82,-2.0325
2018-07-03,sh601919,中远海控,4.73,-1.8672
2018-07-04,sh601919,中远海控,4.68,-1.0571
2018-07-05,sh601919,中远海控,4.75,1.4957
2018-07-06,sh601919,中远海控,4.67,-1.6842
2018-07-09,sh601919,中远海控,4.73,1.2848
2018-07-10,sh601919,中远海控,4.74,0.2114
2018-07-11,sh601919,中远海控,4.4,-7.173
2018-07-12,sh601919,中远海控,4.49,2.0455
2018-07-13,sh601919,中远海控,4.5,0.2227
2018-07-16,sh601919,中远海控,4.57,1.5556
2018-07-17,sh601919,中远海控,4.54,-0.6565
2018-07-18,sh601919,中远海控,4.56,0.4405
2018-07-19,sh601919,中远海控,4.44,-2.6316
2018-07-20,sh601919,中远海控,4.36,-1.8018
2018-07-23,sh601919,中远海控,4.51,3.4404
2018-07-24,sh601919,中远海控,4.72,4.6563
2018-07-25,sh601919,中远海控,4.65,-1.4831
2018-07-26,sh601919,中远海控,4.66,0.2151
2018-07-27,sh601919,中远海控,4.59,-1.5021
2018-07-30,sh601919,中远海控,4.49,-2.1786
2018-07-31,sh601919,中远海控,4.51,0.4454
2018-08-01,sh601919,中远海控,4.54,0.6652
2018-08-02,sh601919,中远海控,4.31,-5.0661
2018-08-03,sh601919,中远海控,4.34,0.6961
2018-08-06,sh601919,中远海控,4.17,-3.9171
2018-08-07,sh601919,中远海控,4.35,4.3165
2018-08-08,sh601919,中远海控,4.35,0.0
2018-08-09,sh601919,中远海控,4.45,2.2989
2018-08-10,sh601919,中远海控,4.44,-0.2247
2018-08-13,sh601919,中远海控,4.38,-1.3514
2018-08-14,sh601919,中远海控,4.41,0.6849
2018-08-15,sh601919,中远海控,4.24,-3.8549
2018-08-16,sh601919,中远海控,4.23,-0.2358
2018-08-17,sh601919,中远海控,4.14,-2.1277
2018-08-20,sh601919,中远海控,4.18,0.9662
2018-08-21,sh601919,中远海控,4.2,0.4785
2018-08-22,sh601919,中远海控,4.16,-0.9524
2018-08-23,sh601919,中远海控,4.16,0.0
2018-08-24,sh601919,中远海控,4.18,0.4808
2018-08-27,sh601919,中远海控,4.23,1.1962
2018-08-28,sh601919,中远海控,4.25,0.4728
2018-08-29,sh601919,中远海控,4.23,-0.4706
2018-08-30,sh601919,中远海控,4.15,-1.8913
2018-08-31,sh601919,中远海控,4.09,-1.4458
2018-09-03,sh601919,中远海控,4.03,-1.467
2018-09-04,sh601919,中远海控,4.07,0.9926
2018-09-05,sh601919,中远海控,3.98,-2.2113
2018-09-06,sh601919,中远海控,3.94,-1.005
2018-09-07,sh601919,中远海控,3.9,-1.0152
2018-09-10,sh601919,中远海控,3.78,-3.0769
2018-09-11,sh601919,中远海控,3.81,0.7937
2018-09-12,sh601919,中远海控,3.8,-0.2625
2018-09-13,sh601919,中远海控,3.92,3.1579
2018-09-14,sh601919,中远海控,3.94,0.5102
2018-09-17,sh601919,中远海控,3.86,-2.0305
2018-09-18,sh601919,中远海控,3.94,2.0725
2018-09-19,sh601919,中远海控,3.99,1.269
2018-09-20,sh601919,中远海控,3.98,-0.2506
2018-09-21,sh601919,中远海控,4.1,3.0151
2018-09-25,sh601919,中远海控,4.03,-1.7073
2018-09-26,sh601919,中远海控,4.01,-0.4963
2018-09-27,sh601919,中远海控,4.0,-0.2494
2018-09-28,sh601919,中远海控,4.08,2.0
2018-10-08,sh601919,中远海控,3.97,-2.6961
2018-10-09,sh601919,中远海控,4.01,1.0076
2018-10-10,sh601919,中远海控,3.97,-0.9975
2018-10-11,sh601919,中远海控,3.65,-8.0605
2018-10-12,sh601919,中远海控,3.65,0.0
2018-10-15,sh601919,中远海控,3.61,-1.0959
2018-10-16,sh601919,中远海控,3.5,-3.0471
2018-10-17,sh601919,中远海控,3.57,2.0
2018-10-18,sh601919,中远海控,3.41,-4.4818
2018-10-19,sh601919,中远海控,3.51,2.9326
2018-10-22,sh601919,中远海控,3.69,5.1282
2018-10-23,sh601919,中远海控,3.64,-1.355
2018-10-24,sh601919,中远海控,3.66,0.5495
2018-10-25,sh601919,中远海控,3.69,0.8197
2018-10-26,sh601919,中远海控,3.75,1.626
2018-10-29,sh601919,中远海控,3.67,-2.1333
2018-10-30,sh601919,中远海控,3.76,2.4523
2018-10-31,sh601919,中远海控,3.79,0.7979
2018-11-01,sh601919,中远海控,3.79,0.0
2018-11-02,sh601919,中远海控,4.1,8.1794
2018-11-05,sh601919,中远海控,4.05,-1.2195
2018-11-06,sh601919,中远海控,4.02,-0.7407
2018-11-07,sh601919,中远海控,4.0,-0.4975
2018-11-08,sh601919,中远海控,3.94,-1.5
2018-11-09,sh601919,中远海控,3.9,-1.0152
2018-11-12,sh601919,中远海控,3.97,1.7949
2018-11-13,sh601919,中远海控,4.01,1.0076
2018-11-14,sh601919,中远海控,4.09,1.995
2018-11-15,sh601919,中远海控,4.1,0.2445
2018-11-16,sh601919,中远海控,4.08,-0.4878
2018-11-19,sh601919,中远海控,4.07,-0.2451
2018-11-20,sh601919,中远海控,4.02,-1.2285
2018-11-21,sh601919,中远海控,4.03,0.2488
2018-11-22,sh601919,中远海控,4.0,-0.7444
2018-11-23,sh601919,中远海控,3.87,-3.25
2018-11-26,sh601919,中远海控,3.87,0.0
2018-11-27,sh601919,中远海控,3.89,0.5168
2018-11-28,sh601919,中远海控,4.08,4.8843
2018-11-29,sh601919,中远海控,4.0,-1.9608
2018-11-30,sh601919,中远海控,4.1,2.5
2018-12-03,sh601919,中远海控,4.24,3.4146
2018-12-04,sh601919,中远海控,4.26,0.4717
2018-12-05,sh601919,中远海控,4.21,-1.1737
2018-12-06,sh601919,中远海控,4.05,-3.8005
2018-12-07,sh601919,中远海控,4.09,0.9877
2018-12-10,sh601919,中远海控,4.01,-1.956
2018-12-11,sh601919,中远海控,4.0,-0.2494
2018-12-12,sh601919,中远海控,3.98,-0.5
2018-12-13,sh601919,中远海控,4.04,1.5075
2018-12-14,sh601919,中远海控,3.97,-1.7327
2018-12-17,sh601919,中远海控,4.01,1.0076
2018-12-18,sh601919,中远海控,4.01,0.0
2018-12-19,sh601919,中远海控,4.02,0.2494
2018-12-20,sh601919,中远海控,4.02,0.0
2018-12-21,sh601919,中远海控,4.03,0.2488
2018-12-24,sh601919,中远海控,4.02,-0.2481
2018-12-25,sh601919,中远海控,3.96,-1.4925
2018-12-26,sh601919,中远海控,3.98,0.5051
2018-12-27,sh601919,中远海控,4.01,0.7538
2018-12-28,sh601919,中远海控,4.04,0.7481
2019-01-02,sh601919,中远海控,4.08,0.9901
2019-01-03,sh601919,中远海控,4.2,2.9412
2019-01-04,sh601919,中远海控,4.29,2.1429
2019-01-07,sh601919,中远海控,4.36,1.6317
2019-01-08,sh601919,中远海控,4.47,2.5229
2019-01-09,sh601919,中远海控,4.59,2.6846
2019-01-10,sh601919,中远海控,4.56,-0.6536
2019-01-11,sh601919,中远海控,4.59,0.6579
2019-01-14,sh601919,中远海控,4.55,-0.8715
2019-01-15,sh601919,中远海控,4.56,0.2198
2019-01-16,sh601919,中远海控,4.56,0.0
2019-01-17,sh601919,中远海控,4.45,-2.4123
2019-01-18,sh601919,中远海控,4.53,1.7978
2019-01-21,sh601919,中远海控,4.57,0.883
2019-01-22,sh601919,中远海控,4.5,-1.5317
2019-01-23,sh601919,中远海控,4.42,-1.7778
2019-01-24,sh601919,中远海控,4.48,1.3575
2019-01-25,sh601919,中远海控,4.4,-1.7857
2019-01-28,sh601919,中远海控,4.34,-1.3636
2019-01-29,sh601919,中远海控,4.33,-0.2304
2019-01-30,sh601919,中远海控,4.25,-1.8476
2019-01-31,sh601919,中远海控,4.2,-1.1765
2019-02-01,sh601919,中远海控,4.3,2.381
2019-02-11,sh601919,中远海控,4.38,1.8605
2019-02-12,sh601919,中远海控,4.38,0.0
2019-02-13,sh601919,中远海控,4.47,2.0548
2019-02-14,sh601919,中远海控,4.49,0.4474
2019-02-15,sh601919,中远海控,4.5,0.2227
2019-02-18,sh601919,中远海控,4.57,1.5556
2019-02-19,sh601919,中远海控,4.53,-0.8753
2019-02-20,sh601919,中远海控,4.53,0.0
2019-02-21,sh601919,中远海控,4.5,-0.6623
2019-02-22,sh601919,中远海控,4.59,2.0
2019-02-25,sh601919,中远海控,4.95,7.8431
2019-02-26,sh601919,中远海控,5.12,3.4343
2019-02-27,sh601919,中远海控,5.08,-0.7812
2019-02-28,sh601919,中远海控,5.01,-1.378
2019-03-01,sh601919,中远海控,5.1,1.7964
2019-03-04,sh601919,中远海控,5.02,-1.5686
2019-03-05,sh601919,中远海控,5.04,0.3984
2019-03-06,sh601919,中远海控,5.2,3.1746
2019-03-07,sh601919,中远海控,5.28,1.5385
2019-03-08,sh601919,中远海控,4.9,-7.197
2019-03-11,sh601919,中远海控,5.18,5.7143
2019-03-12,sh601919,中远海控,5.1,-1.5444
2019-03-13,sh601919,中远海控,4.96,-2.7451
2019-03-14,sh601919,中远海控,4.92,-0.8065
2019-03-15,sh601919,中远海控,5.03,2.2358
2019-03-18,sh601919,中远海控,5.18,2.9821
2019-03-19,sh601919,中远海控,5.13,-0.9653
2019-03-20,sh601919,中远海控,5.31,3.5088
2019-03-21,sh601919,中远海控,5.25,-1.1299
2019-03-22,sh601919,中远海控,5.27,0.381
2019-03-25,sh601919,中远海控,5.13,-2.6565
2019-03-26,sh601919,中远海控,5.01,-2.3392
2019-03-27,sh601919,中远海控,5.03,0.3992
2019-03-28,sh601919,中远海控,5.17,2.7833
2019-03-29,sh601919,中远海控,5.28,2.1277
2019-04-01,sh601919,中远海控,5.49,3.9773
2019-04-02,sh601919,中远海控,5.49,0.0
2019-04-03,sh601919,中远海控,6.04,10.0182
2019-04-04,sh601919,中远海控,6.32,4.6358
2019-04-08,sh601919,中远海控,6.03,-4.5886
2019-04-09,sh601919,中远海控,5.93,-1.6584
2019-04-10,sh601919,中远海控,5.9,-0.5059
2019-04-11,sh601919,中远海控,5.88,-0.339
2019-04-12,sh601919,中远海控,5.97,1.5306
2019-04-15,sh601919,中远海控,5.91,-1.005
2019-04-16,sh601919,中远海控,5.96,0.846
2019-04-17,sh601919,中远海控,5.92,-0.6711
2019-04-18,sh601919,中远海控,5.99,1.1824
2019-04-19,sh601919,中远海控,6.01,0.3339
2019-04-22,sh601919,中远海控,5.84,-2.8286
2019-04-23,sh601919,中远海控,5.85,0.1712
2019-04-24,sh601919,中远海控,5.91,1.0256
2019-04-25,sh601919,中远海控,5.63,-4.7377
2019-04-26,sh601919,中远海控,5.54,-1.5986
2019-04-29,sh601919,中远海控,5.41,-2.3466
2019-04-30,sh601919,中远海控,5.73,5.915
2019-05-06,sh601919,中远海控,5.24,-8.5515
2019-05-07,sh601919,中远海控,5.29,0.9542
2019-05-08,sh601919,中远海控,5.27,-0.3781
2019-05-09,sh601919,中远海控,5.13,-2.6565
2019-05-10,sh601919,中远海控,5.28,2.924
2019-05-13,sh601919,中远海控,5.35,1.3258
2019-05-14,sh601919,中远海控,5.15,-3.7383
2019-05-15,sh601919,中远海控,5.25,1.9417
2019-05-16,sh601919,中远海控,5.32,1.3333
2019-05-17,sh601919,中远海控,5.11,-3.9474
2019-05-20,sh601919,中远海控,5.08,-0.5871
2019-05-21,sh601919,中远海控,5.11,0.5906
2019-05-22,sh601919,中远海控,4.95,-3.1311
2019-05-23,sh601919,中远海控,4.82,-2.6263
2019-05-24,sh601919,中远海控,4.77,-1.0373
2019-05-27,sh601919,中远海控,4.83,1.2579
2019-05-28,sh601919,中远海控,4.92,1.8634
2019-05-29,sh601919,中远海控,4.83,-1.8293
2019-05-30,sh601919,中远海控,4.82,-0.207
2019-05-31,sh601919,中远海控,4.78,-0.8299
2019-06-03,sh601919,中远海控,4.82,0.8368
2019-06-04,sh601919,中远海控,4.71,-2.2822
2019-06-05,sh601919,中远海控,4.79,1.6985
2019-06-06,sh601919,中远海控,4.67,-2.5052
2019-06-10,sh601919,中远海控,4.72,1.0707
2019-06-11,sh601919,中远海控,4.9,3.8136
2019-06-12,sh601919,中远海控,4.87,-0.6122
2019-06-13,sh601919,中远海控,4.8,-1.4374
2019-06-14,sh601919,中远海控,4.66,-2.9167
2019-06-17,sh601919,中远海控,4.66,0.0
2019-06-18,sh601919,中远海控,4.68,0.4292
2019-06-19,sh601919,中远海控,4.79,2.3504
2019-06-20,sh601919,中远海控,4.9,2.2965
2019-06-21,sh601919,中远海控,5.04,2.8571
2019-06-24,sh601919,中远海控,5.03,-0.1984
2019-06-25,sh601919,中远海控,5.02,-0.1988
2019-06-26,sh601919,中远海控,5.02,0.0
2019-06-27,sh601919,中远海控,5.06,0.7968
2019-06-28,sh601919,中远海控,5.02,-0.7905
2019-07-01,sh601919,中远海控,5.18,3.1873
2019-07-02,sh601919,中远海控,5.16,-0.3861
2019-07-03,sh601919,中远海控,5.06,-1.938
2019-07-04,sh601919,中远海控,5.12,1.1858
2019-07-05,sh601919,中远海控,5.16,0.7812
2019-07-08,sh601919,中远海控,4.87,-5.6202
2019-07-09,sh601919,中远海控,4.81,-1.232
2019-07-10,sh601919,中远海控,4.74,-1.4553
2019-07-11,sh601919,中远海控,4.75,0.211
2019-07-12,sh601919,中远海控,4.8,1.0526
2019-07-15,sh601919,中远海控,4.95,3.125
2019-07-16,sh601919,中远海控,4.98,0.6061
2019-07-17,sh601919,中远海控,5.02,0.8032
2019-07-18,sh601919,中远海控,4.88,-2.7888
2019-07-19,sh601919,中远海控,5.09,4.3033
2019-07-22,sh601919,中远海控,5.01,-1.5717
2019-07-23,sh601919,中远海控,4.97,-0.7984
2019-07-24,sh601919,中远海控,4.91,-1.2072
2019-07-25,sh601919,中远海控,4.82,-1.833
2019-07-26,sh601919,中远海控,4.83,0.2075
2019-07-29,sh601919,中远海控,4.77,-1.2422
2019-07-30,sh601919,中远海控,4.78,0.2096
2019-07-31,sh601919,中远海控,4.69,-1.8828
2019-08-01,sh601919,中远海控,4.65,-0.8529
2019-08-02,sh601919,中远海控,4.51,-3.0108
2019-08-05,sh601919,中远海控,4.43,-1.7738
2019-08-06,sh601919,中远海控,4.41,-0.4515
2019-08-07,sh601919,中远海控,4.44,0.6803
2019-08-08,sh601919,中远海控,4.48,0.9009
2019-08-09,sh601919,中远海控,4.44,-0.8929
2019-08-12,sh601919,中远海控,4.45,0.2252
2019-08-13,sh601919,中远海控,4.36,-2.0225
2019-08-14,sh601919,中远海控,4.41,1.1468
2019-08-15,sh601919,中远海控,4.39,-0.4535
2019-08-16,sh601919,中远海控,4.45,1.3667
2019-08-19,sh601919,中远海控,4.55,2.2472
2019-08-20,sh601919,中远海控,4.54,-0.2198
2019-08-21,sh601919,中远海控,4.58,0.8811
2019-08-22,sh601919,中远海控,4.56,-0.4367
2019-08-23,sh601919,中远海控,4.56,0.0
2019-08-26,sh601919,中远海控,4.47,-1.9737
2019-08-27,sh601919,中远海控,4.58,2.4609
2019-08-28,sh601919,中远海控,4.55,-0.655
2019-08-29,sh601919,中远海控,4.61,1.3187
2019-08-30,sh601919,中远海控,4.59,-0.4338
2019-09-02,sh601919,中远海控,4.73,3.0501
2019-09-03,sh601919,中远海控,4.81,1.6913
2019-09-04,sh601919,中远海控,5.02,4.3659
2019-09-05,sh601919,中远海控,4.94,-1.5936
2019-09-06,sh601919,中远海控,4.97,0.6073
2019-09-09,sh601919,中远海控,4.97,0.0
2019-09-10,sh601919,中远海控,4.91,-1.2072
2019-09-11,sh601919,中远海控,4.91,0.0
2019-09-12,sh601919,中远海控,4.99,1.6293
2019-09-16,sh601919,中远海控,4.96,-0.6012
2019-09-17,sh601919,中远海控,4.93,-0.6048
2019-09-18,sh601919,中远海控,4.86,-1.4199
2019-09-19,sh601919,中远海控,4.86,0.0
2019-09-20,sh601919,中远海控,4.9,0.823
2019-09-23,sh601919,中远海控,4.91,0.2041
2019-09-24,sh601919,中远海控,4.94,0.611
2019-09-25,sh601919,中远海控,4.98,0.8097
2019-09-26,sh601919,中远海控,5.09,2.2088
2019-09-27,sh601919,中远海控,5.0,-1.7682
2019-09-30,sh601919,中远海控,4.76,-4.8
2019-10-08,sh601919,中远海控,4.64,-2.521
2019-10-09,sh601919,中远海控,4.72,1.7241
2019-10-10,sh601919,中远海控,5.09,7.839
2019-10-11,sh601919,中远海控,5.25,3.1434
2019-10-14,sh601919,中远海控,5.19,-1.1429
2019-10-15,sh601919,中远海控,5.0,-3.6609
2019-10-16,sh601919,中远海控,4.9,-2.0
2019-10-17,sh601919,中远海控,4.82,-1.6327
2019-10-18,sh601919,中远海控,4.73,-1.8672
2019-10-21,sh601919,中远海控,4.75,0.4228
2019-10-22,sh601919,中远海控,4.8,1.0526
2019-10-23,sh601919,中远海控,4.71,-1.875
2019-10-24,sh601919,中远海控,4.68,-0.6369
2019-10-25,sh601919,中远海控,4.63,-1.0684
2019-10-28,sh601919,中远海控,4.65,0.432
2019-10-29,sh601919,中远海控,4.56,-1.9355
2019-10-30,sh601919,中远海控,4.59,0.6579
2019-10-31,sh601919,中远海控,4.61,0.4357
2019-11-01,sh601919,中远海控,4.69,1.7354
2019-11-04,sh601919,中远海控,4.89,4.2644
2019-11-05,sh601919,中远海控,4.95,1.227
2019-11-06,sh601919,中远海控,4.92,-0.6061
2019-11-07,sh601919,中远海控,4.87,-1.0163
2019-11-08,sh601919,中远海控,4.97,2.0534
2019-11-11,sh601919,中远海控,4.9,-1.4085
2019-11-12,sh601919,中远海控,4.88,-0.4082
2019-11-13,sh601919,中远海控,4.82,-1.2295
2019-11-14,sh601919,中远海控,4.73,-1.8672
2019-11-15,sh601919,中远海控,4.76,0.6342
2019-11-18,sh601919,中远海控,4.92,3.3613
2019-11-19,sh601919,中远海控,4.9,-0.4065
2019-11-20,sh601919,中远海控,4.8,-2.0408
2019-11-21,sh601919,中远海控,4.74,-1.25
2019-11-22,sh601919,中远海控,4.7,-0.8439
2019-11-25,sh601919,中远海控,4.87,3.617
2019-11-26,sh601919,中远海控,4.82,-1.0267
2019-11-27,sh601919,中远海控,4.71,-2.2822
2019-11-28,sh601919,中远海控,4.72,0.2123
2019-11-29,sh601919,中远海控,4.73,0.2119
2019-12-02,sh601919,中远海控,4.76,0.6342
2019-12-03,sh601919,中远海控,4.8,0.8403
2019-12-04,sh601919,中远海控,4.75,-1.0417
2019-12-05,sh601919,中远海控,4.79,0.8421
2019-12-06,sh601919,中远海控,4.92,2.714
2019-12-09,sh601919,中远海控,4.89,-0.6098
2019-12-10,sh601919,中远海控,4.94,1.0225
2019-12-11,sh601919,中远海控,4.96,0.4049
2019-12-12,sh601919,中远海控,4.9,-1.2097
2019-12-13,sh601919,中远海控,5.12,4.4898
2019-12-16,sh601919,中远海控,5.1,-0.3906
2019-12-17,sh601919,中远海控,5.17,1.3725
2019-12-18,sh601919,中远海控,5.11,-1.1605
2019-12-19,sh601919,中远海控,5.15,0.7828
2019-12-20,sh601919,中远海控,5.1,-0.9709
2019-12-23,sh601919,中远海控,5.09,-0.1961
2019-12-24,sh601919,中远海控,5.11,0.3929
2019-12-25,sh601919,中远海控,5.09,-0.3914
2019-12-26,sh601919,中远海控,5.33,4.7151
2019-12-27,sh601919,中远海控,5.23,-1.8762
2019-12-30,sh601919,中远海控,5.25,0.3824
2019-12-31,sh601919,中远海控,5.27,0.381
2020-01-02,sh601919,中远海控,5.36,1.7078
2020-01-03,sh601919,中远海控,5.26,-1.8657
2020-01-06,sh601919,中远海控,5.13,-2.4715
2020-01-07,sh601919,中远海控,5.14,0.1949
2020-01-08,sh601919,中远海控,4.97,-3.3074
2020-01-09,sh601919,中远海控,5.03,1.2072
2020-01-10,sh601919,中远海控,5.03,0.0
2020-01-13,sh601919,中远海控,5.07,0.7952
2020-01-14,sh601919,中远海控,5.08,0.1972
2020-01-15,sh601919,中远海控,4.97,-2.1654
2020-01-16,sh601919,中远海控,4.99,0.4024
2020-01-17,sh601919,中远海控,4.9,-1.8036
2020-01-20,sh601919,中远海控,4.84,-1.2245
2020-01-21,sh601919,中远海控,4.73,-2.2727
2020-01-22,sh601919,中远海控,4.73,0.0
2020-01-23,sh601919,中远海控,4.75,0.4228
2020-02-03,sh601919,中远海控,4.28,-9.8947
2020-02-04,sh601919,中远海控,4.06,-5.1402
2020-02-05,sh601919,中远海控,4.18,2.9557
2020-02-06,sh601919,中远海控,4.2,0.4785
2020-02-07,sh601919,中远海控,4.16,-0.9524
2020-02-10,sh601919,中远海控,4.25,2.1635
2020-02-11,sh601919,中远海控,4.33,1.8824
2020-02-12,sh601919,中远海控,4.35,0.4619
2020-02-13,sh601919,中远海控,4.28,-1.6092
2020-02-14,sh601919,中远海控,4.31,0.7009
2020-02-17,sh601919,中远海控,4.44,3.0162
2020-02-18,sh601919,中远海控,4.43,-0.2252
2020-02-19,sh601919,中远海控,4.39,-0.9029
2020-02-20,sh601919,中远海控,4.48,2.0501
2020-02-21,sh601919,中远海控,4.46,-0.4464
2020-02-24,sh601919,中远海控,4.34,-2.6906
2020-02-25,sh601919,中远海控,4.25,-2.0737
2020-02-26,sh601919,中远海控,4.3,1.1765
2020-02-27,sh601919,中远海控,4.24,-1.3953
2020-02-28,sh601919,中远海控,4.04,-4.717
2020-03-02,sh601919,中远海控,4.17,3.2178
2020-03-03,sh601919,中远海控,4.27,2.3981
2020-03-04,sh601919,中远海控,4.28,0.2342
2020-03-05,sh601919,中远海控,4.35,1.6355
2020-03-06,sh601919,中远海控,4.27,-1.8391
2020-03-09,sh601919,中远海控,4.31,0.9368
2020-03-10,sh601919,中远海控,4.3,-0.232
2020-03-11,sh601919,中远海控,4.44,3.2558
2020-03-12,sh601919,中远海控,4.4,-0.9009
2020-03-13,sh601919,中远海控,4.24,-3.6364
2020-03-16,sh601919,中远海控,4.1,-3.3019
2020-03-17,sh601919,中远海控,4.14,0.9756
2020-03-18,sh601919,中远海控,4.08,-1.4493
2020-03-19,sh601919,中远海控,4.03,-1.2255
2020-03-20,sh601919,中远海控,4.06,0.7444
2020-03-23,sh601919,中远海控,3.96,-2.4631
2020-03-24,sh601919,中远海控,4.0,1.0101
2020-03-25,sh601919,中远海控,4.05,1.25
2020-03-26,sh601919,中远海控,3.99,-1.4815
2020-03-27,sh601919,中远海控,4.03,1.0025
2020-03-30,sh601919,中远海控,3.96,-1.737
2020-03-31,sh601919,中远海控,4.11,3.7879
2020-04-01,sh601919,中远海控,4.01,-2.4331
2020-04-02,sh601919,中远海控,4.04,0.7481
2020-04-03,sh601919,中远海控,3.96,-1.9802
2020-04-07,sh601919,中远海控,4.0,1.0101
2020-04-08,sh601919,中远海控,3.97,-0.75
2020-04-09,sh601919,中远海控,3.93,-1.0076
2020-04-10,sh601919,中远海控,3.88,-1.2723
2020-04-13,sh601919,中远海控,3.77,-2.8351
2020-04-14,sh601919,中远海控,3.8,0.7958
2020-04-15,sh601919,中远海控,3.74,-1.5789
2020-04-16,sh601919,中远海控,3.68,-1.6043
2020-04-17,sh601919,中远海控,3.69,0.2717
2020-04-20,sh601919,中远海控,3.73,1.084
2020-04-21,sh601919,中远海控,3.76,0.8043
2020-04-22,sh601919,中远海控,3.72,-1.0638
2020-04-23,sh601919,中远海控,3.79,1.8817
2020-04-24,sh601919,中远海控,3.7,-2.3747
2020-04-27,sh601919,中远海控,3.64,-1.6216
2020-04-28,sh601919,中远海控,3.52,-3.2967
2020-04-29,sh601919,中远海控,3.55,0.8523
2020-04-30,sh601919,中远海控,3.6,1.4085
2020-05-06,sh601919,中远海控,3.56,-1.1111
2020-05-07,sh601919,中远海控,3.53,-0.8427
2020-05-08,sh601919,中远海控,3.57,1.1331
2020-05-11,sh601919,中远海控,3.54,-0.8403
2020-05-12,sh601919,中远海控,3.46,-2.2599
2020-05-13,sh601919,中远海控,3.42,-1.1561
2020-05-14,sh601919,中远海控,3.35,-2.0468
2020-05-15,sh601919,中远海控,3.37,0.597
2020-05-18,sh601919,中远海控,3.32,-1.4837
2020-05-19,sh601919,中远海控,3.36,1.2048
2020-05-20,sh601919,中远海控,3.33,-0.8929
2020-05-21,sh601919,中远海控,3.26,-2.1021
2020-05-22,sh601919,中远海控,3.14,-3.681
2020-05-25,sh601919,中远海控,3.17,0.9554
2020-05-26,sh601919,中远海控,3.19,0.6309
2020-05-27,sh601919,中远海控,3.17,-0.627
2020-05-28,sh601919,中远海控,3.19,0.6309
2020-05-29,sh601919,中远海控,3.16,-0.9404
2020-06-01,sh601919,中远海控,3.32,5.0633
2020-06-02,sh601919,中远海控,3.39,2.1084
2020-06-03,sh601919,中远海控,3.35,-1.1799
2020-06-04,sh601919,中远海控,3.36,0.2985
2020-06-05,sh601919,中远海控,3.4,1.1905
2020-06-08,sh601919,中远海控,3.48,2.3529
2020-06-09,sh601919,中远海控,3.52,1.1494
2020-06-10,sh601919,中远海控,3.47,-1.4205
2020-06-11,sh601919,中远海控,3.43,-1.1527
2020-06-12,sh601919,中远海控,3.37,-1.7493
2020-06-15,sh601919,中远海控,3.43,1.7804
2020-06-16,sh601919,中远海控,3.47,1.1662
2020-06-17,sh601919,中远海控,3.42,-1.4409
2020-06-18,sh601919,中远海控,3.52,2.924
2020-06-19,sh601919,中远海控,3.57,1.4205
2020-06-22,sh601919,中远海控,3.47,-2.8011
2020-06-23,sh601919,中远海控,3.42,-1.4409
2020-06-24,sh601919,中远海控,3.44,0.5848
2020-06-29,sh601919,中远海控,3.41,-0.8721
2020-06-30,sh601919,中远海控,3.47,1.7595
2020-07-01,sh601919,中远海控,3.51,1.1527
2020-07-02,sh601919,中远海控,3.65,3.9886
2020-07-03,sh601919,中远海控,4.01,9.863
2020-07-06,sh601919,中远海控,4.37,8.9776
2020-07-07,sh601919,中远海控,4.17,-4.5767
2020-07-08,sh601919,中远海控,4.28,2.6379
2020-07-09,sh601919,中远海控,4.33,1.1682
2020-07-10,sh601919,中远海控,4.2,-3.0023
2020-07-13,sh601919,中远海控,4.33,3.0952
2020-07-14,sh601919,中远海控,4.23,-2.3095
2020-07-15,sh601919,中远海控,4.15,-1.8913
2020-07-16,sh601919,中远海控,3.95,-4.8193
2020-07-17,sh601919,中远海控,4.01,1.519
2020-07-20,sh601919,中远海控,4.29,6.9825
2020-07-21,sh601919,中远海控,4.36,1.6317
2020-07-22,sh601919,中远海控,4.36,0.0
2020-07-23,sh601919,中远海控,4.26,-2.2936
2020-07-24,sh601919,中远海控,4.09,-3.9906
2020-07-27,sh601919,中远海控,4.07,-0.489
2020-07-28,sh601919,中远海控,4.16,2.2113
2020-07-29,sh601919,中远海控,4.39,5.5288
2020-07-30,sh601919,中远海控,4.37,-0.4556
2020-07-31,sh601919,中远海控,4.33,-0.9153
2020-08-03,sh601919,中远海控,4.76,9.9307
2020-08-04,sh601919,中远海控,4.75,-0.2101
2020-08-05,sh601919,中远海控,4.78,0.6316
2020-08-06,sh601919,中远海控,4.81,0.6276
2020-08-07,sh601919,中远海控,4.73,-1.6632
2020-08-10,sh601919,中远海控,5.02,6.1311
2020-08-11,sh601919,中远海控,5.19,3.3865
2020-08-12,sh601919,中远海控,5.21,0.3854
2020-08-13,sh601919,中远海控,5.11,-1.9194
2020-08-14,sh601919,中远海控,5.21,1.9569
2020-08-17,sh601919,中远海控,5.42,4.0307
2020-08-18,sh601919,中远海控,5.34,-1.476
2020-08-19,sh601919,中远海控,5.38,0.7491
2020-08-20,sh601919,中远海控,5.18,-3.7175
2020-08-21,sh601919,中远海控,5.29,2.1236
2020-08-24,sh601919,中远海控,5.19,-1.8904
2020-08-25,sh601919,中远海控,5.22,0.578
2020-08-26,sh601919,中远海控,5.23,0.1916
2020-08-27,sh601919,中远海控,5.23,0.0
2020-08-28,sh601919,中远海控,5.36,2.4857
2020-08-31,sh601919,中远海控,5.44,1.4925
2020-09-01,sh601919,中远海控,5.58,2.5735
2020-09-02,sh601919,中远海控,5.37,-3.7634
2020-09-03,sh601919,中远海控,5.59,4.0968
2020-09-04,sh601919,中远海控,5.58,-0.1789
2020-09-07,sh601919,中远海控,5.8,3.9427
2020-09-08,sh601919,中远海控,6.04,4.1379
2020-09-09,sh601919,中远海控,6.07,0.4967
2020-09-10,sh601919,中远海控,5.99,-1.318
2020-09-11,sh601919,中远海控,5.8,-3.172
2020-09-14,sh601919,中远海控,5.64,-2.7586
2020-09-15,sh601919,中远海控,5.72,1.4184
2020-09-16,sh601919,中远海控,5.62,-1.7483
2020-09-17,sh601919,中远海控,5.6,-0.3559
2020-09-18,sh601919,中远海控,5.82,3.9286
2020-09-21,sh601919,中远海控,5.83,0.1718
2020-09-22,sh601919,中远海控,5.73,-1.7153
2020-09-23,sh601919,中远海控,5.91,3.1414
2020-09-24,sh601919,中远海控,5.79,-2.0305
2020-09-25,sh601919,中远海控,5.52,-4.6632
2020-09-28,sh601919,中远海控,5.69,3.0797
2020-09-29,sh601919,中远海控,5.89,3.5149
2020-09-30,sh601919,中远海控,5.73,-2.7165
2020-10-09,sh601919,中远海控,6.03,5.2356
2020-10-12,sh601919,中远海控,6.06,0.4975
2020-10-13,sh601919,中远海控,6.04,-0.33
2020-10-14,sh601919,中远海控,6.16,1.9868
2020-10-15,sh601919,中远海控,6.02,-2.2727
2020-10-16,sh601919,中远海控,6.01,-0.1661
2020-10-19,sh601919,中远海控,5.96,-0.8319
2020-10-20,sh601919,中远海控,5.96,0.0
2020-10-21,sh601919,中远海控,6.01,0.8389
2020-10-22,sh601919,中远海控,6.06,0.8319
2020-10-23,sh601919,中远海控,6.17,1.8152
2020-10-26,sh601919,中远海控,6.14,-0.4862
2020-10-27,sh601919,中远海控,6.08,-0.9772
2020-10-28,sh601919,中远海控,6.3,3.6184
2020-10-29,sh601919,中远海控,6.41,1.746
2020-10-30,sh601919,中远海控,6.54,2.0281
2020-11-02,sh601919,中远海控,6.39,-2.2936
2020-11-03,sh601919,中远海控,6.77,5.9468
2020-11-04,sh601919,中远海控,6.86,1.3294
2020-11-05,sh601919,中远海控,7.31,6.5598
2020-11-06,sh601919,中远海控,7.51,2.736
2020-11-09,sh601919,中远海控,8.26,9.9867
2020-11-10,sh601919,中远海控,8.23,-0.3632
2020-11-11,sh601919,中远海控,7.46,-9.356
2020-11-12,sh601919,中远海控,7.5,0.5362
2020-11-13,sh601919,中远海控,7.78,3.7333
2020-11-16,sh601919,中远海控,8.07,3.7275
2020-11-17,sh601919,中远海控,8.88,10.0372
2020-11-18,sh601919,中远海控,9.3,4.7297
2020-11-19,sh601919,中远海控,9.24,-0.6452
2020-11-20,sh601919,中远海控,10.16,9.9567
2020-11-23,sh601919,中远海控,10.67,5.0197
2020-11-24,sh601919,中远海控,10.5,-1.5933
2020-11-25,sh601919,中远海控,10.19,-2.9524
2020-11-26,sh601919,中远海控,10.19,0.0
2020-11-27,sh601919,中远海控,10.01,-1.7664
2020-11-30,sh601919,中远海控,9.92,-0.8991
2020-12-01,sh601919,中远海控,9.69,-2.3185
2020-12-02,sh601919,中远海控,9.72,0.3096
2020-12-03,sh601919,中远海控,9.62,-1.0288
2020-12-04,sh601919,中远海控,9.78,1.6632
2020-12-07,sh601919,中远海控,9.43,-3.5787
2020-12-08,sh601919,中远海控,9.66,2.439
2020-12-09,sh601919,中远海控,9.39,-2.795
2020-12-10,sh601919,中远海控,9.37,-0.213
2020-12-11,sh601919,中远海控,8.88,-5.2295
2020-12-14,sh601919,中远海控,8.87,-0.1126
2020-12-15,sh601919,中远海控,9.28,4.6223
2020-12-16,sh601919,中远海控,9.42,1.5086
2020-12-17,sh601919,中远海控,10.12,7.431
2020-12-18,sh601919,中远海控,10.07,-0.4941
2020-12-21,sh601919,中远海控,10.36,2.8798
2020-12-22,sh601919,中远海控,9.75,-5.888
2020-12-23,sh601919,中远海控,10.2,4.6154
2020-12-24,sh601919,中远海控,10.44,2.3529
2020-12-25,sh601919,中远海控,11.48,9.9617
2020-12-28,sh601919,中远海控,11.99,4.4425
2020-12-29,sh601919,中远海控,12.05,0.5004
2020-12-30,sh601919,中远海控,11.64,-3.4025
2020-12-31,sh601919,中远海控,12.21,4.8969
2021-01-04,sh601919,中远海控,13.43,9.9918
2021-01-05,sh601919,中远海控,13.85,3.1273
2021-01-06,sh601919,中远海控,13.8,-0.361
2021-01-07,sh601919,中远海控,14.31,3.6957
2021-01-08,sh601919,中远海控,15.29,6.8484
2021-01-11,sh601919,中远海控,15.84,3.5971
2021-01-12,sh601919,中远海控,15.51,-2.0833
2021-01-13,sh601919,中远海控,17.06,9.9936
2021-01-14,sh601919,中远海控,15.35,-10.0234
2021-01-15,sh601919,中远海控,14.41,-6.1238
2021-01-18,sh601919,中远海控,15.64,8.5357
2021-01-19,sh601919,中远海控,14.08,-9.9744
2021-01-20,sh601919,中远海控,14.04,-0.2841
2021-01-21,sh601919,中远海控,14.57,3.7749
2021-01-22,sh601919,中远海控,15.4,5.6966
2021-01-25,sh601919,中远海控,15.04,-2.3377
2021-01-26,sh601919,中远海控,14.1,-6.25
2021-01-27,sh601919,中远海控,14.48,2.695
2021-01-28,sh601919,中远海控,13.03,-10.0138
2021-01-29,sh601919,中远海控,12.41,-4.7583
2021-02-01,sh601919,中远海控,12.08,-2.6591
2021-02-02,sh601919,中远海控,12.08,0.0
2021-02-03,sh601919,中远海控,12.29,1.7384
2021-02-04,sh601919,中远海控,11.06,-10.0081
2021-02-05,sh601919,中远海控,10.49,-5.1537
2021-02-08,sh601919,中远海控,10.6,1.0486
2021-02-09,sh601919,中远海控,11.03,4.0566
2021-02-10,sh601919,中远海控,10.87,-1.4506
2021-02-18,sh601919,中远海控,11.9,9.4756
2021-02-19,sh601919,中远海控,12.2,2.521
2021-02-22,sh601919,中远海控,12.7,4.0984
2021-02-23,sh601919,中远海控,12.52,-1.4173
2021-02-24,sh601919,中远海控,12.42,-0.7987
2021-02-25,sh601919,中远海控,13.31,7.1659
2021-02-26,sh601919,中远海控,12.64,-5.0338
2021-03-01,sh601919,中远海控,12.92,2.2152
2021-03-02,sh601919,中远海控,11.63,-9.9845
2021-03-03,sh601919,中远海控,11.6,-0.258
2021-03-04,sh601919,中远海控,10.8,-6.8966
2021-03-05,sh601919,中远海控,10.65,-1.3889
2021-03-08,sh601919,中远海控,9.62,-9.6714
2021-03-09,sh601919,中远海控,10.27,6.7568
2021-03-10,sh601919,中远海控,10.1,-1.6553
2021-03-11,sh601919,中远海控,11.05,9.4059
2021-03-12,sh601919,中远海控,11.15,0.905
2021-03-15,sh601919,中远海控,10.91,-2.1525
2021-03-16,sh601919,中远海控,11.41,4.583
2021-03-17,sh601919,中远海控,12.55,9.9912
2021-03-18,sh601919,中远海控,12.96,3.2669
2021-03-19,sh601919,中远海控,12.57,-3.0093
2021-03-22,sh601919,中远海控,13.01,3.5004
2021-03-23,sh601919,中远海控,12.18,-6.3797
2021-03-24,sh601919,中远海控,10.96,-10.0164
2021-03-25,sh601919,中远海控,11.33,3.3759
2021-03-26,sh601919,中远海控,12.28,8.3848
2021-03-29,sh601919,中远海控,11.86,-3.4202
2021-03-30,sh601919,中远海控,12.29,3.6256
2021-03-31,sh601919,中远海控,13.52,10.0081
2021-04-01,sh601919,中远海控,14.08,4.142
2021-04-02,sh601919,中远海控,14.1,0.142
2021-04-06,sh601919,中远海控,14.68,4.1135
2021-04-07,sh601919,中远海控,16.15,10.0136
2021-04-08,sh601919,中远海控,16.0,-0.9288
2021-04-09,sh601919,中远海控,16.64,4.0
2021-04-12,sh601919,中远海控,15.26,-8.2933
2021-04-13,sh601919,中远海控,14.51,-4.9148
2021-04-14,sh601919,中远海控,14.52,0.0689
2021-04-15,sh601919,中远海控,14.29,-1.584
2021-04-16,sh601919,中远海控,15.02,5.1085
2021-04-19,sh601919,中远海控,15.05,0.1997
2021-04-20,sh601919,中远海控,14.77,-1.8605
2021-04-21,sh601919,中远海控,14.86,0.6093
2021-04-22,sh601919,中远海控,15.64,5.249
2021-04-23,sh601919,中远海控,15.51,-0.8312
2021-04-26,sh601919,中远海控,16.12,3.9329
2021-04-27,sh601919,中远海控,17.37,7.7543
2021-04-28,sh601919,中远海控,17.25,-0.6908
2021-04-29,sh601919,中远海控,18.37,6.4928
2021-04-30,sh601919,中远海控,18.28,-0.4899
2021-05-06,sh601919,中远海控,19.59,7.1663
2021-05-07,sh601919,中远海控,19.95,1.8377
2021-05-10,sh601919,中远海控,20.44,2.4561
2021-05-11,sh601919,中远海控,18.62,-8.9041
2021-05-12,sh601919,中远海控,19.07,2.4168
2021-05-13,sh601919,中远海控,19.01,-0.3146
2021-05-14,sh601919,中远海控,19.08,0.3682
2021-05-17,sh601919,中远海控,20.99,10.0105
2021-05-18,sh601919,中远海控,22.03,4.9547
2021-05-19,sh601919,中远海控,21.87,-0.7263
2021-05-20,sh601919,中远海控,20.26,-7.3617
2021-05-21,sh601919,中远海控,22.29,10.0197
2021-05-24,sh601919,中远海控,21.37,-4.1274
2021-05-25,sh601919,中远海控,21.2,-0.7955
2021-05-26,sh601919,中远海控,20.68,-2.4528
2021-05-27,sh601919,中远海控,20.96,1.354
2021-05-28,sh601919,中远海控,21.67,3.3874
2021-05-31,sh601919,中远海控,21.37,-1.3844
2021-06-01,sh601919,中远海控,22.35,4.5859
2021-06-02,sh601919,中远海控,21.24,-4.9664
2021-06-03,sh601919,中远海控,20.31,-4.3785
2021-06-04,sh601919,中远海控,20.44,0.6401
2021-06-07,sh601919,中远海控,21.59,5.6262
2021-06-08,sh601919,中远海控,21.78,0.88
2021-06-09,sh601919,中远海控,22.75,4.4536
2021-06-10,sh601919,中远海控,25.03,10.022
2021-06-11,sh601919,中远海控,25.88,3.3959
2021-06-15,sh601919,中远海控,26.1,0.8501
2021-06-16,sh601919,中远海控,24.75,-5.1724
2021-06-17,sh601919,中远海控,27.13,9.6162
2021-06-18,sh601919,中远海控,27.57,1.6218
2021-06-21,sh601919,中远海控,27.15,-1.5234
2021-06-22,sh601919,中远海控,27.99,3.0939
2021-06-23,sh601919,中远海控,27.0,-3.537
2021-06-24,sh601919,中远海控,26.69,-1.1481
2021-06-25,sh601919,中远海控,28.95,8.4676
2021-06-28,sh601919,中远海控,29.53,2.0035
2021-06-29,sh601919,中远海控,29.1,-1.4561
2021-06-30,sh601919,中远海控,30.54,4.9485
2021-07-01,sh601919,中远海控,30.17,-1.2115
2021-07-02,sh601919,中远海控,30.66,1.6241
2021-07-05,sh601919,中远海控,30.4,-0.848
2021-07-06,sh601919,中远海控,30.94,1.7763
2021-07-07,sh601919,中远海控,32.6,5.3652
2021-07-08,sh601919,中远海控,31.03,-4.816
2021-07-09,sh601919,中远海控,28.8,-7.1866
2021-07-12,sh601919,中远海控,29.71,3.1597
2021-07-13,sh601919,中远海控,30.88,3.9381
2021-07-14,sh601919,中远海控,23.16,-25.0
2021-07-15,sh601919,中远海控,21.7,-6.304
2021-07-16,sh601919,中远海控,21.55,-0.6912
2021-07-19,sh601919,中远海控,22.25,3.2483
2021-07-20,sh601919,中远海控,21.59,-2.9663
2021-07-21,sh601919,中远海控,21.09,-2.3159
2021-07-22,sh601919,中远海控,21.5,1.944
2021-07-23,sh601919,中远海控,19.59,-8.8837
2021-07-26,sh601919,中远海控,19.24,-1.7866
2021-07-27,sh601919,中远海控,17.55,-8.7838
2021-07-28,sh601919,中远海控,18.18,3.5897
2021-07-29,sh601919,中远海控,18.17,-0.055
2021-07-30,sh601919,中远海控,17.66,-2.8068
2021-08-02,sh601919,中远海控,18.91,7.0781
2021-08-03,sh601919,中远海控,20.2,6.8218
2021-08-04,sh601919,中远海控,19.99,-1.0396
2021-08-05,sh601919,中远海控,19.69,-1.5008
2021-08-06,sh601919,中远海控,20.18,2.4886
2021-08-09,sh601919,中远海控,20.1,-0.3964
2021-08-10,sh601919,中远海控,20.0,-0.4975
2021-08-11,sh601919,中远海控,20.71,3.55
2021-08-12,sh601919,中远海控,22.0,6.2289
2021-08-13,sh601919,中远海控,21.66,-1.5455
2021-08-16,sh601919,中远海控,20.59,-4.94
2021-08-17,sh601919,中远海控,20.6,0.0486
2021-08-18,sh601919,中远海控,21.13,2.5728
2021-08-19,sh601919,中远海控,20.79,-1.6091
2021-08-20,sh601919,中远海控,20.0,-3.7999
2021-08-23,sh601919,中远海控,21.34,6.7
2021-08-24,sh601919,中远海控,21.07,-1.2652
2021-08-25,sh601919,中远海控,21.67,2.8477
2021-08-26,sh601919,中远海控,21.47,-0.9229
2021-08-27,sh601919,中远海控,21.74,1.2576
2021-08-30,sh601919,中远海控,21.99,1.15
2021-08-31,sh601919,中远海控,20.74,-5.6844
2021-09-01,sh601919,中远海控,20.58,-0.7715
2021-09-02,sh601919,中远海控,19.92,-3.207
2021-09-03,sh601919,中远海控,19.95,0.1506
2021-09-06,sh601919,中远海控,19.99,0.2005
2021-09-07,sh601919,中远海控,20.9,4.5523
2021-09-08,sh601919,中远海控,21.38,2.2967
2021-09-09,sh601919,中远海控,20.82,-2.6193
2021-09-10,sh601919,中远海控,22.42,7.6849
2021-09-13,sh601919,中远海控,23.09,2.9884
2021-09-14,sh601919,中远海控,22.07,-4.4175
2021-09-15,sh601919,中远海控,21.65,-1.903
2021-09-16,sh601919,中远海控,20.45,-5.5427
2021-09-17,sh601919,中远海控,20.68,1.1247
2021-09-22,sh601919,中远海控,21.1,2.0309
2021-09-23,sh601919,中远海控,20.87,-1.09
2021-09-24,sh601919,中远海控,21.49,2.9708
2021-09-27,sh601919,中远海控,19.34,-10.0047
2021-09-28,sh601919,中远海控,18.19,-5.9462
2021-09-29,sh601919,中远海控,16.54,-9.0709
2021-09-30,sh601919,中远海控,17.28,4.474
2021-10-08,sh601919,中远海控,16.8,-2.7778
2021-10-11,sh601919,中远海控,16.83,0.1786
2021-10-12,sh601919,中远海控,16.85,0.1188
2021-10-13,sh601919,中远海控,16.82,-0.178
2021-10-14,sh601919,中远海控,16.07,-4.459
2021-10-15,sh601919,中远海控,15.05,-6.3472
2021-10-18,sh601919,中远海控,15.85,5.3156
2021-10-19,sh601919,中远海控,16.94,6.877
2021-10-20,sh601919,中远海控,16.11,-4.8996
2021-10-21,sh601919,中远海控,16.1,-0.0621
2021-10-22,sh601919,中远海控,15.8,-1.8634
2021-10-25,sh601919,中远海控,16.26,2.9114
2021-10-26,sh601919,中远海控,16.26,0.0
2021-10-27,sh601919,中远海控,16.0,-1.599
2021-10-28,sh601919,中远海控,15.76,-1.5
2021-10-29,sh601919,中远海控,16.53,4.8858
2021-11-01,sh601919,中远海控,16.02,-3.0853
2021-11-02,sh601919,中远海控,16.1,0.4994
2021-11-03,sh601919,中远海控,16.37,1.677
2021-11-04,sh601919,中远海控,16.24,-0.7941
2021-11-05,sh601919,中远海控,15.81,-2.6478
2021-11-08,sh601919,中远海控,15.7,-0.6958
2021-11-09,sh601919,中远海控,15.62,-0.5096
2021-11-10,sh601919,中远海控,15.4,-1.4085
2021-11-11,sh601919,中远海控,15.36,-0.2597
2021-11-12,sh601919,中远海控,15.18,-1.1719
2021-11-15,sh601919,中远海控,14.61,-3.7549
2021-11-16,sh601919,中远海控,15.31,4.7912
2021-11-17,sh601919,中远海控,15.18,-0.8491
2021-11-18,sh601919,中远海控,15.07,-0.7246
2021-11-19,sh601919,中远海控,15.19,0.7963
2021-11-22,sh601919,中远海控,15.38,1.2508
2021-11-23,sh601919,中远海控,15.24,-0.9103
2021-11-24,sh601919,中远海控,14.99,-1.6404
2021-11-25,sh601919,中远海控,15.09,0.6671
2021-11-26,sh601919,中远海控,14.9,-1.2591
2021-11-29,sh601919,中远海控,16.39,10.0
2021-11-30,sh601919,中远海控,17.37,5.9793
2021-12-01,sh601919,中远海控,17.09,-1.612
2021-12-02,sh601919,中远海控,17.53,2.5746
2021-12-03,sh601919,中远海控,17.44,-0.5134
2021-12-06,sh601919,中远海控,18.18,4.2431
2021-12-07,sh601919,中远海控,18.53,1.9252
2021-12-08,sh601919,中远海控,18.82,1.565
2021-12-09,sh601919,中远海控,18.75,-0.3719
2021-12-10,sh601919,中远海控,19.39,3.4133
2021-12-13,sh601919,中远海控,19.1,-1.4956
2021-12-14,sh601919,中远海控,18.13,-5.0785
2021-12-15,sh601919,中远海控,18.35,1.2135
2021-12-16,sh601919,中远海控,18.58,1.2534
2021-12-17,sh601919,中远海控,18.72,0.7535
2021-12-20,sh601919,中远海控,19.0,1.4957
2021-12-21,sh601919,中远海控,18.95,-0.2632
2021-12-22,sh601919,中远海控,18.37,-3.0607
2021-12-23,sh601919,中远海控,18.78,2.2319
2021-12-24,sh601919,中远海控,18.36,-2.2364
2021-12-27,sh601919,中远海控,18.7,1.8519
2021-12-28,sh601919,中远海控,19.6,4.8128
2021-12-29,sh601919,中远海控,19.45,-0.7653
2021-12-30,sh601919,中远海控,18.7,-3.856
2021-12-31,sh601919,中远海控,18.69,-0.0535
2022-01-04,sh601919,中远海控,19.6,4.8689
2022-01-05,sh601919,中远海控,19.22,-1.9388
2022-01-06,sh601919,中远海控,18.57,-3.3819
2022-01-07,sh601919,中远海控,18.67,0.5385
2022-01-10,sh601919,中远海控,18.09,-3.1066
2022-01-11,sh601919,中远海控,18.0,-0.4975
2022-01-12,sh601919,中远海控,18.37,2.0556
2022-01-13,sh601919,中远海控,18.18,-1.0343
2022-01-14,sh601919,中远海控,18.29,0.6051
2022-01-17,sh601919,中远海控,17.44,-4.6473
2022-01-18,sh601919,中远海控,18.13,3.9564
2022-01-19,sh601919,中远海控,17.65,-2.6475
2022-01-20,sh601919,中远海控,17.44,-1.1898
2022-01-21,sh601919,中远海控,16.7,-4.2431
2022-01-24,sh601919,中远海控,16.62,-0.479
2022-01-25,sh601919,中远海控,16.33,-1.7449
2022-01-26,sh601919,中远海控,16.69,2.2045
2022-01-27,sh601919,中远海控,16.47,-1.3182
2022-01-28,sh601919,中远海控,16.12,-2.1251
2022-02-07,sh601919,中远海控,16.53,2.5434
2022-02-08,sh601919,中远海控,17.0,2.8433
2022-02-09,sh601919,中远海控,16.97,-0.1765
2022-02-10,sh601919,中远海控,17.05,0.4714
2022-02-11,sh601919,中远海控,17.07,0.1173
2022-02-14,sh601919,中远海控,16.15,-5.3896
2022-02-15,sh601919,中远海控,16.16,0.0619
2022-02-16,sh601919,中远海控,16.69,3.2797
2022-02-17,sh601919,中远海控,16.69,0.0
2022-02-18,sh601919,中远海控,16.89,1.1983
2022-02-21,sh601919,中远海控,16.79,-0.5921
2022-02-22,sh601919,中远海控,16.25,-3.2162
2022-02-23,sh601919,中远海控,16.51,1.6
2022-02-24,sh601919,中远海控,16.16,-2.1199
2022-02-25,sh601919,中远海控,16.25,0.5569
2022-02-28,sh601919,中远海控,17.52,7.8154
2022-03-01,sh601919,中远海控,17.81,1.6553
2022-03-02,sh601919,中远海控,17.8,-0.0561
2022-03-03,sh601919,中远海控,18.47,3.764
2022-03-04,sh601919,中远海控,18.24,-1.2453
2022-03-07,sh601919,中远海控,17.63,-3.3443
2022-03-08,sh601919,中远海控,16.83,-4.5377
2022-03-09,sh601919,中远海控,16.45,-2.2579
2022-03-10,sh601919,中远海控,16.4,-0.304
2022-03-11,sh601919,中远海控,16.94,3.2927
2022-03-14,sh601919,中远海控,16.17,-4.5455
2022-03-15,sh601919,中远海控,14.95,-7.5448
2022-03-16,sh601919,中远海控,16.06,7.4247
2022-03-17,sh601919,中远海控,15.95,-0.6849
2022-03-18,sh601919,中远海控,16.44,3.0721
2022-03-21,sh601919,中远海控,16.27,-1.0341
2022-03-22,sh601919,中远海控,16.38,0.6761
2022-03-23,sh601919,中远海控,16.29,-0.5495
2022-03-24,sh601919,中远海控,16.38,0.5525
2022-03-25,sh601919,中远海控,15.77,-3.7241
2022-03-28,sh601919,中远海控,15.73,-0.2536
2022-03-29,sh601919,中远海控,16.1,2.3522
2022-03-30,sh601919,中远海控,16.09,-0.0621
2022-03-31,sh601919,中远海控,15.5,-3.6669
2022-04-01,sh601919,中远海控,17.05,10.0
2022-04-06,sh601919,中远海控,16.09,-5.6305
2022-04-07,sh601919,中远海控,15.55,-3.3561
2022-04-08,sh601919,中远海控,15.58,0.1929
2022-04-11,sh601919,中远海控,15.0,-3.7227
2022-04-12,sh601919,中远海控,15.44,2.9333
2022-04-13,sh601919,中远海控,15.33,-0.7124
2022-04-14,sh601919,中远海控,15.47,0.9132
2022-04-15,sh601919,中远海控,15.11,-2.3271
2022-04-18,sh601919,中远海控,14.89,-1.456
2022-04-19,sh601919,中远海控,15.02,0.8731
2022-04-20,sh601919,中远海控,15.04,0.1332
2022-04-21,sh601919,中远海控,14.64,-2.6596
2022-04-22,sh601919,中远海控,14.77,0.888
2022-04-25,sh601919,中远海控,13.57,-8.1246
2022-04-26,sh601919,中远海控,13.56,-0.0737
2022-04-27,sh601919,中远海控,13.93,2.7286
2022-04-28,sh601919,中远海控,14.06,0.9332
2022-04-29,sh601919,中远海控,14.43,2.6316
2022-05-05,sh601919,中远海控,15.01,4.0194
2022-05-06,sh601919,中远海控,14.54,-3.1312
2022-05-09,sh601919,中远海控,14.46,-0.5502
2022-05-10,sh601919,中远海控,14.25,-1.4523
2022-05-11,sh601919,中远海控,14.15,-0.7018
2022-05-12,sh601919,中远海控,14.13,-0.1413
2022-05-13,sh601919,中远海控,14.42,2.0524
2022-05-16,sh601919,中远海控,14.2,-1.5257
2022-05-17,sh601919,中远海控,14.26,0.4225
2022-05-18,sh601919,中远海控,14.18,-0.561
2022-05-19,sh601919,中远海控,13.99,-1.3399
2022-05-20,sh601919,中远海控,14.57,4.1458
2022-05-23,sh601919,中远海控,15.14,3.9121
2022-05-24,sh601919,中远海控,14.95,-1.255
2022-05-25,sh601919,中远海控,15.19,1.6054
2022-05-26,sh601919,中远海控,15.12,-0.4608
2022-05-27,sh601919,中远海控,15.48,2.381
2022-05-30,sh601919,中远海控,15.33,-0.969
2022-05-31,sh601919,中远海控,15.35,0.1305
2022-06-01,sh601919,中远海控,15.39,0.2606
2022-06-02,sh601919,中远海控,15.29,-0.6498
2022-06-06,sh601919,中远海控,15.44,0.981
2022-06-07,sh601919,中远海控,15.93,3.1736
2022-06-08,sh601919,中远海控,15.72,-1.3183
2022-06-09,sh601919,中远海控,14.88,-5.3435
2022-06-10,sh601919,中远海控,14.79,-0.6048
2022-06-13,sh601919,中远海控,14.63,-1.0818
2022-06-14,sh601919,中远海控,14.63,0.0
2022-06-15,sh601919,中远海控,15.35,4.9214
2022-06-16,sh601919,中远海控,14.94,-2.671
2022-06-17,sh601919,中远海控,14.99,0.3347
2022-06-20,sh601919,中远海控,14.99,0.0
2022-06-21,sh601919,中远海控,13.91,-7.2048
2022-06-22,sh601919,中远海控,13.74,-1.2221
2022-06-23,sh601919,中远海控,13.73,-0.0728
2022-06-24,sh601919,中远海控,13.67,-0.437
2022-06-27,sh601919,中远海控,13.83,1.1704
2022-06-28,sh601919,中远海控,14.22,2.82
2022-06-29,sh601919,中远海控,13.89,-2.3207
2022-06-30,sh601919,中远海控,13.9,0.072
2022-07-01,sh601919,中远海控,13.88,-0.1439
2022-07-04,sh601919,中远海控,13.93,0.3602
2022-07-05,sh601919,中远海控,14.22,2.0818
2022-07-06,sh601919,中远海控,13.92,-2.1097
2022-07-07,sh601919,中远海控,14.72,5.7471
2022-07-08,sh601919,中远海控,14.84,0.8152
2022-07-11,sh601919,中远海控,14.71,-0.876
2022-07-12,sh601919,中远海控,14.51,-1.3596
2022-07-13,sh601919,中远海控,14.46,-0.3446
2022-07-14,sh601919,中远海控,14.29,-1.1757
2022-07-15,sh601919,中远海控,14.2,-0.6298
2022-07-18,sh601919,中远海控,14.56,2.5352
2022-07-19,sh601919,中远海控,14.53,-0.206
2022-07-20,sh601919,中远海控,14.5,-0.2065
2022-07-21,sh601919,中远海控,14.11,-2.6897
2022-07-22,sh601919,中远海控,14.29,1.2757
2022-07-25,sh601919,中远海控,13.88,-2.8691
2022-07-26,sh601919,中远海控,13.89,0.072
2022-07-27,sh601919,中远海控,13.79,-0.7199
2022-07-28,sh601919,中远海控,13.73,-0.4351
2022-07-29,sh601919,中远海控,13.72,-0.0728
2022-08-01,sh601919,中远海控,13.55,-1.2391
2022-08-02,sh601919,中远海控,12.85,-5.1661
2022-08-03,sh601919,中远海控,12.86,0.0778
2022-08-04,sh601919,中远海控,12.97,0.8554
2022-08-05,sh601919,中远海控,13.22,1.9275
2022-08-08,sh601919,中远海控,13.5,2.118
2022-08-09,sh601919,中远海控,13.53,0.2222
2022-08-10,sh601919,中远海控,13.41,-0.8869
2022-08-11,sh601919,中远海控,13.59,1.3423
2022-08-12,sh601919,中远海控,13.77,1.3245
2022-08-15,sh601919,中远海控,13.52,-1.8155
2022-08-16,sh601919,中远海控,13.48,-0.2959
2022-08-17,sh601919,中远海控,13.49,0.0742
2022-08-18,sh601919,中远海控,13.34,-1.1119
2022-08-19,sh601919,中远海控,13.58,1.7991
2022-08-22,sh601919,中远海控,13.71,0.9573
2022-08-23,sh601919,中远海控,13.72,0.0729
2022-08-24,sh601919,中远海控,13.61,-0.8017
2022-08-25,sh601919,中远海控,14.07,3.3799
2022-08-26,sh601919,中远海控,13.78,-2.0611
2022-08-29,sh601919,中远海控,13.6,-1.3062
2022-08-30,sh601919,中远海控,14.41,5.9559
2022-08-31,sh601919,中远海控,14.2,-1.4573
2022-09-01,sh601919,中远海控,13.7,-3.5211
2022-09-02,sh601919,中远海控,13.33,-2.7007
2022-09-05,sh601919,中远海控,13.24,-0.6752
2022-09-06,sh601919,中远海控,13.39,1.1329
2022-09-07,sh601919,中远海控,13.44,0.3734
2022-09-08,sh601919,中远海控,13.26,-1.3393
2022-09-09,sh601919,中远海控,13.29,0.2262
2022-09-13,sh601919,中远海控,13.26,-0.2257
2022-09-14,sh601919,中远海控,13.12,-1.0558
2022-09-15,sh601919,中远海控,12.93,-1.4482
2022-09-16,sh601919,中远海控,12.56,-2.8616
2022-09-19,sh601919,中远海控,12.13,-3.4236
2022-09-20,sh601919,中远海控,12.22,0.742
2022-09-21,sh601919,中远海控,12.41,1.5548
2022-09-22,sh601919,中远海控,12.27,-1.1281
2022-09-23,sh601919,中远海控,11.97,-2.445
2022-09-26,sh601919,中远海控,11.26,-5.9315
2022-09-27,sh601919,中远海控,11.34,0.7105
2022-09-28,sh601919,中远海控,11.05,-2.5573
2022-09-29,sh601919,中远海控,11.08,0.2715
2022-09-30,sh601919,中远海控,11.02,-0.5415
2022-10-10,sh601919,中远海控,10.9,-1.0889
2022-10-11,sh601919,中远海控,11.31,3.7615
2022-10-12,sh601919,中远海控,11.33,0.1768
2022-10-13,sh601919,中远海控,11.19,-1.2357
2022-10-14,sh601919,中远海控,11.39,1.7873
2022-10-17,sh601919,中远海控,11.5,0.9658
2022-10-18,sh601919,中远海控,11.45,-0.4348
2022-10-19,sh601919,中远海控,11.6,1.31
2022-10-20,sh601919,中远海控,11.33,-2.3276
2022-10-21,sh601919,中远海控,11.39,0.5296
2022-10-24,sh601919,中远海控,11.14,-2.1949
2022-10-25,sh601919,中远海控,11.29,1.3465
2022-10-26,sh601919,中远海控,11.32,0.2657
2022-10-27,sh601919,中远海控,11.47,1.3251
2022-10-28,sh601919,中远海控,11.25,-1.918
2022-10-31,sh601919,中远海控,11.23,-0.1778
2022-11-01,sh601919,中远海控,11.45,1.959
2022-11-02,sh601919,中远海控,11.45,0.0
2022-11-03,sh601919,中远海控,11.29,-1.3974
2022-11-04,sh601919,中远海控,11.62,2.9229
2022-11-07,sh601919,中远海控,12.03,3.5284
2022-11-08,sh601919,中远海控,11.91,-0.9975
2022-11-09,sh601919,中远海控,11.85,-0.5038
2022-11-10,sh601919,中远海控,11.9,0.4219
2022-11-11,sh601919,中远海控,11.97,0.5882
2022-11-14,sh601919,中远海控,12.07,0.8354
2022-11-15,sh601919,中远海控,12.11,0.3314
2022-11-16,sh601919,中远海控,12.12,0.0826
2022-11-17,sh601919,中远海控,11.97,-1.2376
2022-11-18,sh601919,中远海控,11.82,-1.2531
2022-11-21,sh601919,中远海控,11.9,0.6768
2022-11-22,sh601919,中远海控,12.33,3.6134
2022-11-23,sh601919,中远海控,12.49,1.2976
2022-11-24,sh601919,中远海控,12.24,-2.0016
2022-11-25,sh601919,中远海控,12.43,1.5523
2022-11-28,sh601919,中远海控,12.36,-0.5632
2022-11-29,sh601919,中远海控,12.46,0.8091
2022-11-30,sh601919,中远海控,12.63,1.3644
2022-12-01,sh601919,中远海控,12.62,-0.0792
2022-12-02,sh601919,中远海控,12.55,-0.5547
2022-12-05,sh601919,中远海控,13.03,3.8247
2022-12-06,sh601919,中远海控,13.09,0.4605
2022-12-07,sh601919,中远海控,13.39,2.2918
2022-12-08,sh601919,中远海控,13.26,-0.9709
2022-12-09,sh601919,中远海控,13.3,0.3017
2022-12-12,sh601919,中远海控,13.12,-1.3534
2022-12-13,sh601919,中远海控,12.97,-1.1433
2022-12-14,sh601919,中远海控,10.99,-15.266
2022-12-15,sh601919,中远海控,10.78,-1.9108
2022-12-16,sh601919,中远海控,11.14,3.3395
2022-12-19,sh601919,中远海控,10.86,-2.5135
2022-12-20,sh601919,中远海控,10.73,-1.1971
2022-12-21,sh601919,中远海控,10.69,-0.3728
2022-12-22,sh601919,中远海控,10.77,0.7484
2022-12-23,sh601919,中远海控,10.69,-0.7428
2022-12-26,sh601919,中远海控,10.4,-2.7128
2022-12-27,sh601919,中远海控,10.48,0.7692
2022-12-28,sh601919,中远海控,10.4,-0.7634
2022-12-29,sh601919,中远海控,10.14,-2.5
2022-12-30,sh601919,中远海控,10.29,1.4793
2023-01-03,sh601919,中远海控,10.28,-0.0972
2023-01-04,sh601919,中远海控,10.23,-0.4864
2023-01-05,sh601919,中远海控,10.23,0.0
2023-01-06,sh601919,中远海控,10.26,0.2933
2023-01-09,sh601919,中远海控,10.23,-0.2924
2023-01-10,sh601919,中远海控,10.19,-0.391
2023-01-11,sh601919,中远海控,10.15,-0.3925
2023-01-12,sh601919,中远海控,10.06,-0.8867
2023-01-13,sh601919,中远海控,10.13,0.6958
2023-01-16,sh601919,中远海控,10.2,0.691
2023-01-17,sh601919,中远海控,10.27,0.6863
2023-01-18,sh601919,中远海控,10.26,-0.0974
2023-01-19,sh601919,中远海控,10.27,0.0975
2023-01-20,sh601919,中远海控,10.42,1.4606
2023-01-30,sh601919,中远海控,10.42,0.0
2023-01-31,sh601919,中远海控,10.63,2.0154
2023-02-01,sh601919,中远海控,10.84,1.9755
2023-02-02,sh601919,中远海控,10.83,-0.0923
2023-02-03,sh601919,中远海控,10.65,-1.662
2023-02-06,sh601919,中远海控,10.68,0.2817
2023-02-07,sh601919,中远海控,10.7,0.1873
2023-02-08,sh601919,中远海控,10.78,0.7477
2023-02-09,sh601919,中远海控,10.91,1.2059
2023-02-10,sh601919,中远海控,10.83,-0.7333
2023-02-13,sh601919,中远海控,10.77,-0.554
2023-02-14,sh601919,中远海控,10.79,0.1857
2023-02-15,sh601919,中远海控,10.7,-0.8341
2023-02-16,sh601919,中远海控,10.62,-0.7477
2023-02-17,sh601919,中远海控,10.57,-0.4708
2023-02-20,sh601919,中远海控,10.66,0.8515
2023-02-21,sh601919,中远海控,10.86,1.8762
2023-02-22,sh601919,中远海控,10.84,-0.1842
2023-02-23,sh601919,中远海控,10.77,-0.6458
2023-02-24,sh601919,中远海控,10.72,-0.4643
2023-02-27,sh601919,中远海控,10.68,-0.3731
2023-02-28,sh601919,中远海控,10.78,0.9363
2023-03-01,sh601919,中远海控,10.85,0.6494
2023-03-02,sh601919,中远海控,11.17,2.9493
2023-03-03,sh601919,中远海控,11.28,0.9848
2023-03-06,sh601919,中远海控,11.26,-0.1773
2023-03-07,sh601919,中远海控,11.26,0.0
2023-03-08,sh601919,中远海控,11.15,-0.9769
2023-03-09,sh601919,中远海控,11.19,0.3587
2023-03-10,sh601919,中远海控,10.95,-2.1448
2023-03-13,sh601919,中远海控,11.01,0.5479
2023-03-14,sh601919,中远海控,10.79,-1.9982
2023-03-15,sh601919,中远海控,11.3,4.7266
2023-03-16,sh601919,中远海控,11.09,-1.8584
2023-03-17,sh601919,中远海控,11.11,0.1803
2023-03-20,sh601919,中远海控,11.09,-0.18
2023-03-21,sh601919,中远海控,11.06,-0.2705
2023-03-22,sh601919,中远海控,11.1,0.3617
2023-03-23,sh601919,中远海控,11.44,3.0631
2023-03-24,sh601919,中远海控,11.35,-0.7867
2023-03-27,sh601919,中远海控,11.3,-0.4405
2023-03-28,sh601919,中远海控,11.25,-0.4425
2023-03-29,sh601919,中远海控,11.22,-0.2667
2023-03-30,sh601919,中远海控,11.43,1.8717
2023-03-31,sh601919,中远海控,11.03,-3.4996
2023-04-03,sh601919,中远海控,10.79,-2.1759
2023-04-04,sh601919,中远海控,10.84,0.4634
2023-04-06,sh601919,中远海控,10.77,-0.6458
2023-04-07,sh601919,中远海控,10.82,0.4643
2023-04-10,sh601919,中远海控,10.88,0.5545
2023-04-11,sh601919,中远海控,10.73,-1.3787
2023-04-12,sh601919,中远海控,10.96,2.1435
2023-04-13,sh601919,中远海控,11.09,1.1861
2023-04-14,sh601919,中远海控,11.09,0.0
2023-04-17,sh601919,中远海控,11.44,3.156
2023-04-18,sh601919,中远海控,11.6,1.3986
2023-04-19,sh601919,中远海控,11.52,-0.6897
2023-04-20,sh601919,中远海控,11.64,1.0417
2023-04-21,sh601919,中远海控,11.37,-2.3196
2023-04-24,sh601919,中远海控,11.35,-0.1759
2023-04-25,sh601919,中远海控,11.26,-0.793
2023-04-26,sh601919,中远海控,11.08,-1.5986
2023-04-27,sh601919,中远海控,10.96,-1.083
2023-04-28,sh601919,中远海控,11.11,1.3686
2023-05-04,sh601919,中远海控,11.02,-0.8101
2023-05-05,sh601919,中远海控,10.82,-1.8149
2023-05-08,sh601919,中远海控,11.28,4.2514
2023-05-09,sh601919,中远海控,11.36,0.7092
2023-05-10,sh601919,中远海控,11.21,-1.3204
2023-05-11,sh601919,中远海控,11.33,1.0705
2023-05-12,sh601919,中远海控,11.23,-0.8826
2023-05-15,sh601919,中远海控,11.38,1.3357
2023-05-16,sh601919,中远海控,11.15,-2.0211
2023-05-17,sh601919,中远海控,11.03,-1.0762
2023-05-18,sh601919,中远海控,11.04,0.0907
2023-05-19,sh601919,中远海控,11.11,0.6341
2023-05-22,sh601919,中远海控,11.18,0.6301
2023-05-23,sh601919,中远海控,11.14,-0.3578
2023-05-24,sh601919,中远海控,10.89,-2.2442
2023-05-25,sh601919,中远海控,10.88,-0.0918
2023-05-26,sh601919,中远海控,10.98,0.9191
2023-05-29,sh601919,中远海控,10.83,-1.3661
2023-05-30,sh601919,中远海控,10.73,-0.9234
2023-05-31,sh601919,中远海控,10.44,-2.7027
2023-06-01,sh601919,中远海控,10.43,-0.0958
2023-06-02,sh601919,中远海控,10.52,0.8629
2023-06-05,sh601919,中远海控,10.58,0.5703
2023-06-06,sh601919,中远海控,10.5,-0.7561
2023-06-07,sh601919,中远海控,10.47,-0.2857
2023-06-08,sh601919,中远海控,10.68,2.0057
2023-06-09,sh601919,中远海控,10.66,-0.1873
2023-06-12,sh601919,中远海控,10.57,-0.8443
2023-06-13,sh601919,中远海控,10.57,0.0
2023-06-14,sh601919,中远海控,10.59,0.1892
2023-06-15,sh601919,中远海控,10.64,0.4721
2023-06-16,sh601919,中远海控,10.79,1.4098
2023-06-19,sh601919,中远海控,10.78,-0.0927
2023-06-20,sh601919,中远海控,10.67,-1.0204
2023-06-21,sh601919,中远海控,10.66,-0.0937
2023-06-26,sh601919,中远海控,10.75,0.8443
2023-06-27,sh601919,中远海控,10.87,1.1163
2023-06-28,sh601919,中远海控,9.39,-13.6155
2023-06-29,sh601919,中远海控,9.34,-0.5325
2023-06-30,sh601919,中远海控,9.4,0.6424
2023-07-03,sh601919,中远海控,9.51,1.1702
2023-07-04,sh601919,中远海控,10.13,6.5195
2023-07-05,sh601919,中远海控,10.16,0.2962
2023-07-06,sh601919,中远海控,9.96,-1.9685
2023-07-07,sh601919,中远海控,10.01,0.502
2023-07-10,sh601919,中远海控,9.92,-0.8991
2023-07-11,sh601919,中远海控,9.87,-0.504
2023-07-12,sh601919,中远海控,9.74,-1.3171
2023-07-13,sh601919,中远海控,9.76,0.2053
2023-07-14,sh601919,中远海控,9.71,-0.5123
2023-07-17,sh601919,中远海控,9.67,-0.4119
2023-07-18,sh601919,中远海控,9.84,1.758
2023-07-19,sh601919,中远海控,9.96,1.2195
2023-07-20,sh601919,中远海控,9.91,-0.502
2023-07-21,sh601919,中远海控,9.91,0.0
2023-07-24,sh601919,中远海控,9.85,-0.6054
2023-07-25,sh601919,中远海控,9.9,0.5076
2023-07-26,sh601919,中远海控,9.88,-0.202
2023-07-27,sh601919,中远海控,9.82,-0.6073
2023-07-28,sh601919,中远海控,10.1,2.8513
2023-07-31,sh601919,中远海控,10.12,0.198
2023-08-01,sh601919,中远海控,10.05,-0.6917
2023-08-02,sh601919,中远海控,9.98,-0.6965
2023-08-03,sh601919,中远海控,9.98,0.0
2023-08-04,sh601919,中远海控,9.92,-0.6012
2023-08-07,sh601919,中远海控,9.88,-0.4032
2023-08-08,sh601919,中远海控,9.83,-0.5061
2023-08-09,sh601919,中远海控,9.84,0.1017
2023-08-10,sh601919,中远海控,9.92,0.813
2023-08-11,sh601919,中远海控,9.72,-2.0161
2023-08-14,sh601919,中远海控,9.63,-0.9259
2023-08-15,sh601919,中远海控,9.67,0.4154
2023-08-16,sh601919,中远海控,9.53,-1.4478
2023-08-17,sh601919,中远海控,9.56,0.3148
2023-08-18,sh601919,中远海控,9.57,0.1046
2023-08-21,sh601919,中远海控,9.35,-2.2989
2023-08-22,sh601919,中远海控,9.38,0.3209
2023-08-23,sh601919,中远海控,9.33,-0.533
2023-08-24,sh601919,中远海控,9.48,1.6077
2023-08-25,sh601919,中远海控,9.39,-0.9494
2023-08-28,sh601919,中远海控,9.54,1.5974
2023-08-29,sh601919,中远海控,9.54,0.0
2023-08-30,sh601919,中远海控,9.78,2.5157
2023-08-31,sh601919,中远海控,9.8,0.2045
2023-09-01,sh601919,中远海控,9.86,0.6122
2023-09-04,sh601919,中远海控,9.95,0.9128
2023-09-05,sh601919,中远海控,9.94,-0.1005
2023-09-06,sh601919,中远海控,9.84,-1.006
2023-09-07,sh601919,中远海控,9.79,-0.5081
2023-09-08,sh601919,中远海控,9.73,-0.6129
2023-09-11,sh601919,中远海控,9.78,0.5139
2023-09-12,sh601919,中远海控,9.79,0.1022
2023-09-13,sh601919,中远海控,9.8,0.1021
2023-09-14,sh601919,中远海控,9.92,1.2245
2023-09-15,sh601919,中远海控,9.89,-0.3024
2023-09-18,sh601919,中远海控,9.88,-0.1011
2023-09-19,sh601919,中远海控,9.89,0.1012
2023-09-20,sh601919,中远海控,9.94,0.5056
2023-09-21,sh601919,中远海控,9.98,0.4024
2023-09-22,sh601919,中远海控,10.01,0.3006
2023-09-25,sh601919,中远海控,10.08,0.6993
2023-09-26,sh601919,中远海控,9.92,-1.5873
2023-09-27,sh601919,中远海控,9.82,-1.0081
2023-09-28,sh601919,中远海控,9.81,-0.1018
2023-10-09,sh601919,中远海控,9.79,-0.2039
2023-10-10,sh601919,中远海控,9.51,-2.8601
2023-10-11,sh601919,中远海控,9.47,-0.4206
2023-10-12,sh601919,中远海控,9.66,2.0063
2023-10-13,sh601919,中远海控,9.57,-0.9317
2023-10-16,sh601919,中远海控,9.63,0.627
2023-10-17,sh601919,中远海控,9.73,1.0384
2023-10-18,sh601919,中远海控,9.77,0.4111
2023-10-19,sh601919,中远海控,9.53,-2.4565
2023-10-20,sh601919,中远海控,9.56,0.3148
2023-10-23,sh601919,中远海控,9.5,-0.6276
2023-10-24,sh601919,中远海控,9.51,0.1053
2023-10-25,sh601919,中远海控,9.71,2.103
2023-10-26,sh601919,中远海控,9.71,0.0
2023-10-27,sh601919,中远海控,9.73,0.206
2023-10-30,sh601919,中远海控,9.72,-0.1028
2023-10-31,sh601919,中远海控,9.77,0.5144
2023-11-01,sh601919,中远海控,9.66,-1.1259
2023-11-02,sh601919,中远海控,9.76,1.0352
2023-11-03,sh601919,中远海控,9.81,0.5123
2023-11-06,sh601919,中远海控,9.67,-1.4271
2023-11-07,sh601919,中远海控,9.62,-0.5171
2023-11-08,sh601919,中远海控,9.67,0.5198
2023-11-09,sh601919,中远海控,9.64,-0.3102
2023-11-10,sh601919,中远海控,9.7,0.6224
2023-11-13,sh601919,中远海控,9.72,0.2062
2023-11-14,sh601919,中远海控,9.71,-0.1029
2023-11-15,sh601919,中远海控,9.76,0.5149
2023-11-16,sh601919,中远海控,9.74,-0.2049
2023-11-17,sh601919,中远海控,9.69,-0.5133
2023-11-20,sh601919,中远海控,9.66,-0.3096
2023-11-21,sh601919,中远海控,9.74,0.8282
2023-11-22,sh601919,中远海控,9.69,-0.5133
2023-11-23,sh601919,中远海控,9.83,1.4448
2023-11-24,sh601919,中远海控,9.86,0.3052
2023-11-27,sh601919,中远海控,9.89,0.3043
2023-11-28,sh601919,中远海控,9.79,-1.0111
2023-11-29,sh601919,中远海控,9.85,0.6129
2023-11-30,sh601919,中远海控,10.01,1.6244
2023-12-01,sh601919,中远海控,9.87,-1.3986
2023-12-04,sh601919,中远海控,10.05,1.8237
2023-12-05,sh601919,中远海控,9.92,-1.2935
2023-12-06,sh601919,中远海控,9.89,-0.3024
2023-12-07,sh601919,中远海控,9.96,0.7078
2023-12-08,sh601919,中远海控,9.93,-0.3012
2023-12-11,sh601919,中远海控,9.99,0.6042
2023-12-12,sh601919,中远海控,10.1,1.1011
2023-12-13,sh601919,中远海控,10.05,-0.495
2023-12-14,sh601919,中远海控,10.1,0.4975
2023-12-15,sh601919,中远海控,10.03,-0.6931
2023-12-18,sh601919,中远海控,10.63,5.9821
2023-12-19,sh601919,中远海控,10.59,-0.3763
2023-12-20,sh601919,中远海控,10.02,-5.3824
2023-12-21,sh601919,中远海控,10.05,0.2994
2023-12-22,sh601919,中远海控,10.19,1.393
2023-12-25,sh601919,中远海控,9.79,-3.9254
2023-12-26,sh601919,中远海控,9.75,-0.4086
2023-12-27,sh601919,中远海控,9.72,-0.3077
2023-12-28,sh601919,中远海控,9.62,-1.0288
2023-12-29,sh601919,中远海控,9.58,-0.4158
2024-01-02,sh601919,中远海控,9.85,2.8184
2024-01-03,sh601919,中远海控,9.91,0.6091
2024-01-04,sh601919,中远海控,10.07,1.6145
2024-01-05,sh601919,中远海控,10.01,-0.5958
2024-01-08,sh601919,中远海控,9.96,-0.4995
2024-01-09,sh601919,中远海控,9.71,-2.51
2024-01-10,sh601919,中远海控,9.35,-3.7075
2024-01-11,sh601919,中远海控,9.3,-0.5348
2024-01-12,sh601919,中远海控,9.49,2.043
2024-01-15,sh601919,中远海控,9.8,3.2666
2024-01-16,sh601919,中远海控,9.72,-0.8163
2024-01-17,sh601919,中远海控,9.53,-1.9547
2024-01-18,sh601919,中远海控,9.54,0.1049
2024-01-19,sh601919,中远海控,9.55,0.1048
2024-01-22,sh601919,中远海控,9.38,-1.7801
2024-01-23,sh601919,中远海控,9.5,1.2793
2024-01-24,sh601919,中远海控,9.74,2.5263
2024-01-25,sh601919,中远海控,10.05,3.1828
2024-01-26,sh601919,中远海控,10.2,1.4925
2024-01-29,sh601919,中远海控,10.16,-0.3922
2024-01-30,sh601919,中远海控,10.02,-1.378
2024-01-31,sh601919,中远海控,9.95,-0.6986
2024-02-01,sh601919,中远海控,9.9,-0.5025
2024-02-02,sh601919,中远海控,9.85,-0.5051
2024-02-05,sh601919,中远海控,9.88,0.3046
2024-02-06,sh601919,中远海控,10.04,1.6194
2024-02-07,sh601919,中远海控,10.05,0.0996
2024-02-08,sh601919,中远海控,10.06,0.0995
2024-02-19,sh601919,中远海控,10.28,2.1869
2024-02-20,sh601919,中远海控,10.33,0.4864
2024-02-21,sh601919,中远海控,10.47,1.3553
2024-02-22,sh601919,中远海控,10.73,2.4833
2024-02-23,sh601919,中远海控,10.76,0.2796
2024-02-26,sh601919,中远海控,10.47,-2.6952
2024-02-27,sh601919,中远海控,10.54,0.6686
2024-02-28,sh601919,中远海控,10.41,-1.2334
2024-02-29,sh601919,中远海控,10.5,0.8646
2024-03-01,sh601919,中远海控,10.42,-0.7619
2024-03-04,sh601919,中远海控,10.44,0.1919
2024-03-05,sh601919,中远海控,10.48,0.3831
2024-03-06,sh601919,中远海控,10.43,-0.4771
2024-03-07,sh601919,中远海控,10.43,0.0
2024-03-08,sh601919,中远海控,10.66,2.2052
2024-03-11,sh601919,中远海控,10.68,0.1876
2024-03-12,sh601919,中远海控,10.46,-2.0599
2024-03-13,sh601919,中远海控,10.36,-0.956
2024-03-14,sh601919,中远海控,10.51,1.4479
2024-03-15,sh601919,中远海控,10.43,-0.7612
2024-03-18,sh601919,中远海控,10.5,0.6711
2024-03-19,sh601919,中远海控,10.26,-2.2857
2024-03-20,sh601919,中远海控,10.32,0.5848
2024-03-21,sh601919,中远海控,10.33,0.0969
2024-03-22,sh601919,中远海控,10.24,-0.8712
2024-03-25,sh601919,中远海控,10.22,-0.1953
2024-03-26,sh601919,中远海控,10.2,-0.1957
2024-03-27,sh601919,中远海控,10.29,0.8824
2024-03-28,sh601919,中远海控,10.38,0.8746
2024-03-29,sh601919,中远海控,10.35,-0.289
2024-04-01,sh601919,中远海控,10.39,0.3865
2024-04-02,sh601919,中远海控,10.57,1.7324
2024-04-03,sh601919,中远海控,10.58,0.0946
2024-04-08,sh601919,中远海控,10.64,0.5671
2024-04-09,sh601919,中远海控,10.53,-1.0338
2024-04-10,sh601919,中远海控,10.55,0.1899
2024-04-11,sh601919,中远海控,10.58,0.2844
2024-04-12,sh601919,中远海控,10.63,0.4726
2024-04-15,sh601919,中远海控,10.81,1.6933
2024-04-16,sh601919,中远海控,10.72,-0.8326
2024-04-17,sh601919,中远海控,10.87,1.3993
2024-04-18,sh601919,中远海控,10.85,-0.184
2024-04-19,sh601919,中远海控,10.98,1.1982
2024-04-22,sh601919,中远海控,11.04,0.5464
2024-04-23,sh601919,中远海控,10.97,-0.6341
2024-04-24,sh601919,中远海控,11.15,1.6408
2024-04-25,sh601919,中远海控,11.33,1.6143
2024-04-26,sh601919,中远海控,11.33,0.0
2024-04-29,sh601919,中远海控,11.33,0.0
2024-04-30,sh601919,中远海控,11.77,3.8835
2024-05-06,sh601919,中远海控,12.02,2.124
2024-05-07,sh601919,中远海控,12.07,0.416
2024-05-08,sh601919,中远海控,12.21,1.1599
2024-05-09,sh601919,中远海控,13.33,9.1728
2024-05-10,sh601919,中远海控,13.35,0.15
2024-05-13,sh601919,中远海控,14.07,5.3933
2024-05-14,sh601919,中远海控,13.96,-0.7818
2024-05-15,sh601919,中远海控,14.28,2.2923
2024-05-16,sh601919,中远海控,14.1,-1.2605
2024-05-17,sh601919,中远海控,14.06,-0.2837
2024-05-20,sh601919,中远海控,14.4,2.4182
2024-05-21,sh601919,中远海控,14.26,-0.9722
2024-05-22,sh601919,中远海控,14.0,-1.8233
2024-05-23,sh601919,中远海控,14.13,0.9286
2024-05-24,sh601919,中远海控,14.14,0.0708
2024-05-27,sh601919,中远海控,15.04,6.3649
2024-05-28,sh601919,中远海控,15.53,3.258
2024-05-29,sh601919,中远海控,15.61,0.5151
2024-05-30,sh601919,中远海控,15.04,-3.6515
2024-05-31,sh601919,中远海控,15.04,0.0
2024-06-03,sh601919,中远海控,16.06,6.7819
2024-06-04,sh601919,中远海控,16.58,3.2379
2024-06-05,sh601919,中远海控,16.58,0.0
2024-06-06,sh601919,中远海控,16.85,1.6285
2024-06-07,sh601919,中远海控,17.18,1.9585
2024-06-11,sh601919,中远海控,15.46,-10.0116
2024-06-12,sh601919,中远海控,15.26,-1.2937
2024-06-13,sh601919,中远海控,15.02,-1.5727
2024-06-14,sh601919,中远海控,15.21,1.265
2024-06-17,sh601919,中远海控,15.02,-1.2492
2024-06-18,sh601919,中远海控,15.57,3.6618
2024-06-19,sh601919,中远海控,15.58,0.0642
2024-06-20,sh601919,中远海控,16.03,2.8883
2024-06-21,sh601919,中远海控,16.05,0.1248
2024-06-24,sh601919,中远海控,15.63,-2.6168
2024-06-25,sh601919,中远海控,15.52,-0.7038
2024-06-26,sh601919,中远海控,15.49,-0.1933
2024-06-27,sh601919,中远海控,15.02,-3.0342
2024-06-28,sh601919,中远海控,15.49,3.1292
2024-07-01,sh601919,中远海控,15.82,2.1304
2024-07-02,sh601919,中远海控,16.05,1.4539
2024-07-03,sh601919,中远海控,15.47,-3.6137
2024-07-04,sh601919,中远海控,15.53,0.3878
2024-07-05,sh601919,中远海控,15.33,-1.2878
2024-07-08,sh601919,中远海控,14.4,-6.0665
2024-07-09,sh601919,中远海控,14.52,0.8333
2024-07-10,sh601919,中远海控,14.37,-1.0331
2024-07-11,sh601919,中远海控,14.2,-1.183
2024-07-12,sh601919,中远海控,13.54,-4.6479
2024-07-15,sh601919,中远海控,13.48,-0.4431
2024-07-16,sh601919,中远海控,13.47,-0.0742
2024-07-17,sh601919,中远海控,13.21,-1.9302
2024-07-18,sh601919,中远海控,13.27,0.4542
2024-07-19,sh601919,中远海控,13.19,-0.6029
2024-07-22,sh601919,中远海控,13.13,-0.4549
2024-07-23,sh601919,中远海控,13.1,-0.2285
2024-07-24,sh601919,中远海控,13.06,-0.3053
2024-07-25,sh601919,中远海控,12.89,-1.3017
2024-07-26,sh601919,中远海控,12.82,-0.5431
2024-07-29,sh601919,中远海控,13.06,1.8721
2024-07-30,sh601919,中远海控,12.9,-1.2251
2024-07-31,sh601919,中远海控,13.15,1.938
2024-08-01,sh601919,中远海控,13.26,0.8365
2024-08-02,sh601919,中远海控,13.23,-0.2262
2024-08-05,sh601919,中远海控,12.81,-3.1746
2024-08-06,sh601919,中远海控,12.71,-0.7806
2024-08-07,sh601919,中远海控,12.87,1.2589
2024-08-08,sh601919,中远海控,12.42,-3.4965
2024-08-09,sh601919,中远海控,12.31,-0.8857
2024-08-12,sh601919,中远海控,12.37,0.4874
2024-08-13,sh601919,中远海控,12.49,0.9701
2024-08-14,sh601919,中远海控,12.27,-1.7614
2024-08-15,sh601919,中远海控,12.48,1.7115
2024-08-16,sh601919,中远海控,12.67,1.5224
2024-08-19,sh601919,中远海控,12.7,0.2368
2024-08-20,sh601919,中远海控,12.41,-2.2835
2024-08-21,sh601919,中远海控,12.52,0.8864
2024-08-22,sh601919,中远海控,12.57,0.3994
2024-08-23,sh601919,中远海控,12.37,-1.5911
2024-08-26,sh601919,中远海控,12.49,0.9701
2024-08-27,sh601919,中远海控,12.44,-0.4003
2024-08-28,sh601919,中远海控,12.38,-0.4823
2024-08-29,sh601919,中远海控,12.15,-1.8578
2024-08-30,sh601919,中远海控,12.52,3.0453
2024-09-02,sh601919,中远海控,12.42,-0.7987
2024-09-03,sh601919,中远海控,12.2,-1.7713
2024-09-04,sh601919,中远海控,12.13,-0.5738
2024-09-05,sh601919,中远海控,11.96,-1.4015
2024-09-06,sh601919,中远海控,11.85,-0.9197
2024-09-09,sh601919,中远海控,11.63,-1.8565
2024-09-10,sh601919,中远海控,11.61,-0.172
2024-09-11,sh601919,中远海控,11.59,-0.1723
2024-09-12,sh601919,中远海控,11.81,1.8982
2024-09-13,sh601919,中远海控,11.92,0.9314
2024-09-18,sh601919,中远海控,12.3,3.1879
2024-09-19,sh601919,中远海控,12.66,2.9268
2024-09-20,sh601919,中远海控,12.98,2.5276
2024-09-23,sh601919,中远海控,13.25,2.0801
2024-09-24,sh601919,中远海控,13.81,4.2264
2024-09-25,sh601919,中远海控,14.03,1.593
2024-09-26,sh601919,中远海控,14.53,3.5638
2024-09-27,sh601919,中远海控,14.84,2.1335
2024-09-30,sh601919,中远海控,15.71,5.8625
2024-10-08,sh601919,中远海控,16.61,5.7288
2024-10-09,sh601919,中远海控,14.99,-9.7532
2024-10-10,sh601919,中远海控,15.11,0.8005
2024-10-11,sh601919,中远海控,14.72,-2.5811
2024-10-14,sh601919,中远海控,14.86,0.9511
2024-10-15,sh601919,中远海控,14.52,-2.288
2024-10-16,sh601919,中远海控,14.41,-0.7576
2024-10-17,sh601919,中远海控,14.04,-2.5677
2024-10-18,sh601919,中远海控,14.23,1.3533
2024-10-21,sh601919,中远海控,14.52,2.0379
2024-10-22,sh601919,中远海控,14.86,2.3416
2024-10-23,sh601919,中远海控,14.82,-0.2692
2024-10-24,sh601919,中远海控,14.82,0.0
2024-10-25,sh601919,中远海控,14.73,-0.6073
2024-10-28,sh601919,中远海控,14.67,-0.4073
2024-10-29,sh601919,中远海控,14.52,-1.0225
2024-10-30,sh601919,中远海控,14.33,-1.3085
2024-10-31,sh601919,中远海控,14.58,1.7446
2024-11-01,sh601919,中远海控,15.44,5.8985
2024-11-04,sh601919,中远海控,15.26,-1.1658
2024-11-05,sh601919,中远海控,15.38,0.7864
2024-11-06,sh601919,中远海控,15.01,-2.4057
2024-11-07,sh601919,中远海控,15.09,0.533
2024-11-08,sh601919,中远海控,14.85,-1.5905
2024-11-11,sh601919,中远海控,14.67,-1.2121
2024-11-12,sh601919,中远海控,14.5,-1.1588
2024-11-13,sh601919,中远海控,14.6,0.6897
2024-11-14,sh601919,中远海控,14.38,-1.5068
2024-11-15,sh601919,中远海控,14.51,0.904
2024-11-18,sh601919,中远海控,14.64,0.8959
2024-11-19,sh601919,中远海控,14.48,-1.0929
2024-11-20,sh601919,中远海控,14.52,0.2762
2024-11-21,sh601919,中远海控,14.5,-0.1377
2024-11-22,sh601919,中远海控,14.12,-2.6207
2024-11-25,sh601919,中远海控,13.99,-0.9207
2024-11-26,sh601919,中远海控,13.83,-1.1437
2024-11-27,sh601919,中远海控,13.89,0.4338
2024-11-28,sh601919,中远海控,13.57,-2.3038
2024-11-29,sh601919,中远海控,13.59,0.1474
2024-12-02,sh601919,中远海控,13.9,2.2811
2024-12-03,sh601919,中远海控,14.24,2.446
2024-12-04,sh601919,中远海控,14.19,-0.3511
2024-12-05,sh601919,中远海控,14.06,-0.9161
2024-12-06,sh601919,中远海控,14.14,0.569
2024-12-09,sh601919,中远海控,14.15,0.0707
2024-12-10,sh601919,中远海控,14.09,-0.424
2024-12-11,sh601919,中远海控,14.22,0.9226
2024-12-12,sh601919,中远海控,14.51,2.0394
2024-12-13,sh601919,中远海控,14.27,-1.654
2024-12-16,sh601919,中远海控,14.68,2.8732
2024-12-17,sh601919,中远海控,14.94,1.7711
2024-12-18,sh601919,中远海控,14.98,0.2677
2024-12-19,sh601919,中远海控,14.8,-1.2016
2024-12-20,sh601919,中远海控,14.48,-2.1622
2024-12-23,sh601919,中远海控,14.69,1.4503
2024-12-24,sh601919,中远海控,15.07,2.5868
2024-12-25,sh601919,中远海控,15.05,-0.1327
2024-12-26,sh601919,中远海控,15.1,0.3322
2024-12-27,sh601919,中远海控,15.2,0.6623
2024-12-30,sh601919,中远海控,15.7,3.2895
2024-12-31,sh601919,中远海控,15.5,-1.2739
2025-01-02,sh601919,中远海控,15.03,-3.0323
2025-01-03,sh601919,中远海控,14.96,-0.4657
2025-01-06,sh601919,中远海控,14.95,-0.0668
2025-01-07,sh601919,中远海控,14.76,-1.2709
2025-01-08,sh601919,中远海控,14.71,-0.3388
2025-01-09,sh601919,中远海控,14.13,-3.9429
2025-01-10,sh601919,中远海控,14.14,0.0708
2025-01-13,sh601919,中远海控,14.19,0.3536
2025-01-14,sh601919,中远海控,14.49,2.1142
2025-01-15,sh601919,中远海控,14.51,0.138
2025-01-16,sh601919,中远海控,14.41,-0.6892
2025-01-17,sh601919,中远海控,14.28,-0.9022
2025-01-20,sh601919,中远海控,14.16,-0.8403
2025-01-21,sh601919,中远海控,14.11,-0.3531
2025-01-22,sh601919,中远海控,14.05,-0.4252
2025-01-23,sh601919,中远海控,14.31,1.8505
2025-01-24,sh601919,中远海控,14.26,-0.3494
2025-01-27,sh601919,中远海控,14.27,0.0701
2025-02-05,sh601919,中远海控,14.09,-1.2614
2025-02-06,sh601919,中远海控,14.15,0.4258
2025-02-07,sh601919,中远海控,14.6,3.1802
2025-02-10,sh601919,中远海控,14.37,-1.5753
2025-02-11,sh601919,中远海控,14.63,1.8093
2025-02-12,sh601919,中远海控,14.64,0.0684
2025-02-13,sh601919,中远海控,14.56,-0.5464
2025-02-14,sh601919,中远海控,14.63,0.4808
2025-02-17,sh601919,中远海控,14.81,1.2303
2025-02-18,sh601919,中远海控,14.63,-1.2154
2025-02-19,sh601919,中远海控,14.53,-0.6835
2025-02-20,sh601919,中远海控,14.35,-1.2388
2025-02-21,sh601919,中远海控,14.35,0.0
2025-02-24,sh601919,中远海控,13.98,-2.5784
2025-02-25,sh601919,中远海控,13.79,-1.3591
2025-02-26,sh601919,中远海控,13.82,0.2175
2025-02-27,sh601919,中远海控,13.75,-0.5065
2025-02-28,sh601919,中远海控,13.62,-0.9455
2025-03-03,sh601919,中远海控,13.52,-0.7342
2025-03-04,sh601919,中远海控,13.6,0.5917
2025-03-05,sh601919,中远海控,13.7,0.7353
2025-03-06,sh601919,中远海控,13.77,0.5109
2025-03-07,sh601919,中远海控,13.74,-0.2179
2025-03-10,sh601919,中远海控,13.78,0.2911
2025-03-11,sh601919,中远海控,13.8,0.1451
2025-03-12,sh601919,中远海控,14.1,2.1739
2025-03-13,sh601919,中远海控,14.05,-0.3546
2025-03-14,sh601919,中远海控,14.22,1.21
2025-03-17,sh601919,中远海控,14.29,0.4923
2025-03-18,sh601919,中远海控,14.38,0.6298
2025-03-19,sh601919,中远海控,14.26,-0.8345
2025-03-20,sh601919,中远海控,14.45,1.3324
2025-03-21,sh601919,中远海控,14.26,-1.3149
2025-03-24,sh601919,中远海控,14.6,2.3843
2025-03-25,sh601919,中远海控,14.66,0.411
2025-03-26,sh601919,中远海控,14.53,-0.8868
2025-03-27,sh601919,中远海控,14.49,-0.2753
2025-03-28,sh601919,中远海控,14.45,-0.2761
2025-03-31,sh601919,中远海控,14.55,0.692
2025-04-01,sh601919,中远海控,14.53,-0.1375
2025-04-02,sh601919,中远海控,14.59,0.4129
2025-04-03,sh601919,中远海控,14.16,-2.9472
2025-04-07,sh601919,中远海控,12.74,-10.0282
2025-04-08,sh601919,中远海控,13.29,4.3171
2025-04-09,sh601919,中远海控,13.49,1.5049
2025-04-10,sh601919,中远海控,14.12,4.6701
2025-04-11,sh601919,中远海控,14.0,-0.8499
2025-04-14,sh601919,中远海控,14.16,1.1429
2025-04-15,sh601919,中远海控,14.26,0.7062
2025-04-16,sh601919,中远海控,14.35,0.6311
2025-04-17,sh601919,中远海控,14.23,-0.8362
2025-04-18,sh601919,中远海控,14.22,-0.0703
2025-04-21,sh601919,中远海控,14.18,-0.2813
2025-04-22,sh601919,中远海控,14.17,-0.0705
2025-04-23,sh601919,中远海控,14.27,0.7057
2025-04-24,sh601919,中远海控,14.23,-0.2803
2025-04-25,sh601919,中远海控,14.38,1.0541
2025-04-28,sh601919,中远海控,14.44,0.4172
2025-04-29,sh601919,中远海控,14.47,0.2078
2025-04-30,sh601919,中远海控,14.36,-0.7602
2025-05-06,sh601919,中远海控,14.56,1.3928
2025-05-07,sh601919,中远海控,14.8,1.6484
2025-05-08,sh601919,中远海控,14.67,-0.8784
2025-05-09,sh601919,中远海控,14.91,1.636
2025-05-12,sh601919,中远海控,15.25,2.2803
2025-05-13,sh601919,中远海控,15.67,2.7541
2025-05-14,sh601919,中远海控,16.37,4.4671
2025-05-15,sh601919,中远海控,16.06,-1.8937
2025-05-16,sh601919,中远海控,16.05,-0.0623
2025-05-19,sh601919,中远海控,16.26,1.3084
2025-05-20,sh601919,中远海控,16.35,0.5535
2025-05-21,sh601919,中远海控,16.62,1.6514
2025-05-22,sh601919,中远海控,16.71,0.5415
2025-05-23,sh601919,中远海控,16.56,-0.8977
2025-05-26,sh601919,中远海控,16.52,-0.2415
2025-05-27,sh601919,中远海控,16.1,-2.5424
2025-05-28,sh601919,中远海控,16.27,1.0559
2025-05-29,sh601919,中远海控,16.38,0.6761
2025-05-30,sh601919,中远海控,16.39,0.0611
2025-06-03,sh601919,中远海控,16.22,-1.0372
2025-06-04,sh601919,中远海控,16.13,-0.5549
2025-06-05,sh601919,中远海控,15.92,-1.3019
2025-06-06,sh601919,中远海控,15.93,0.0628
2025-06-09,sh601919,中远海控,15.91,-0.1255
2025-06-10,sh601919,中远海控,15.99,0.5028
2025-06-11,sh601919,中远海控,16.02,0.1876
2025-06-12,sh601919,中远海控,15.92,-0.6242
2025-06-13,sh601919,中远海控,16.19,1.696
2025-06-16,sh601919,中远海控,16.12,-0.4324
2025-06-17,sh601919,中远海控,16.34,1.3648
2025-06-18,sh601919,中远海控,16.34,0.0
2025-06-19,sh601919,中远海控,16.12,-1.3464
2025-06-20,sh601919,中远海控,16.33,1.3027
2025-06-23,sh601919,中远海控,16.27,-0.3674
2025-06-24,sh601919,中远海控,16.19,-0.4917
2025-06-25,sh601919,中远海控,15.06,-6.9796
2025-06-26,sh601919,中远海控,15.0,-0.3984
2025-06-27,sh601919,中远海控,15.04,0.2667
2025-06-30,sh601919,中远海控,15.04,0.0
2025-07-01,sh601919,中远海控,15.24,1.3298
2025-07-02,sh601919,中远海控,15.26,0.1312
2025-07-03,sh601919,中远海控,15.5,1.5727
2025-07-04,sh601919,中远海控,15.48,-0.129
2025-07-07,sh601919,中远海控,15.41,-0.4522
2025-07-08,sh601919,中远海控,15.32,-0.584
2025-07-09,sh601919,中远海控,15.23,-0.5875
2025-07-10,sh601919,中远海控,15.22,-0.0657
2025-07-11,sh601919,中远海控,15.23,0.0657
2025-07-14,sh601919,中远海控,15.33,0.6566
2025-07-15,sh601919,中远海控,15.35,0.1305
2025-07-16,sh601919,中远海控,15.39,0.2606
2025-07-17,sh601919,中远海控,15.17,-1.4295
2025-07-18,sh601919,中远海控,15.29,0.791
2025-07-21,sh601919,中远海控,15.61,2.0929
2025-07-22,sh601919,中远海控,16.18,3.6515
2025-07-23,sh601919,中远海控,16.11,-0.4326
2025-07-24,sh601919,中远海控,16.34,1.4277
2025-07-25,sh601919,中远海控,16.43,0.5508
2025-07-28,sh601919,中远海控,15.97,-2.7998
2025-07-29,sh601919,中远海控,15.9,-0.4383
2025-07-30,sh601919,中远海控,15.98,0.5031
2025-07-31,sh601919,中远海控,15.64,-2.1277
2025-08-01,sh601919,中远海控,15.5,-0.8951
2025-08-04,sh601919,中远海控,15.4,-0.6452
2025-08-05,sh601919,中远海控,15.46,0.3896
2025-08-06,sh601919,中远海控,15.63,1.0996
2025-08-07,sh601919,中远海控,15.64,0.064
2025-08-08,sh601919,中远海控,15.79,0.9591
2025-08-11,sh601919,中远海控,15.67,-0.76
2025-08-12,sh601919,中远海控,15.66,-0.0638
2025-08-13,sh601919,中远海控,15.65,-0.0639
2025-08-14,sh601919,中远海控,15.56,-0.5751
2025-08-15,sh601919,中远海控,15.46,-0.6427
2025-08-18,sh601919,中远海控,15.4,-0.3881
2025-08-19,sh601919,中远海控,15.29,-0.7143
2025-08-20,sh601919,中远海控,15.55,1.7005
2025-08-21,sh601919,中远海控,15.66,0.7074
2025-08-22,sh601919,中远海控,15.67,0.0639
2025-08-25,sh601919,中远海控,15.94,1.723
2025-08-26,sh601919,中远海控,15.96,0.1255
2025-08-27,sh601919,中远海控,15.65,-1.9424
2025-08-28,sh601919,中远海控,15.94,1.853
2025-08-29,sh601919,中远海控,15.28,-4.1405
2025-09-01,sh601919,中远海控,15.19,-0.589
2025-09-02,sh601919,中远海控,15.33,0.9217
2025-09-03,sh601919,中远海控,15.16,-1.1089
2025-09-04,sh601919,中远海控,15.16,0.0
2025-09-05,sh601919,中远海控,15.12,-0.2639
2025-09-08,sh601919,中远海控,15.23,0.7275
2025-09-09,sh601919,中远海控,15.11,-0.7879
2025-09-10,sh601919,中远海控,15.05,-0.3971
2025-09-11,sh601919,中远海控,15.08,0.1993
2025-09-12,sh601919,中远海控,15.01,-0.4642
2025-09-15,sh601919,中远海控,14.95,-0.3997
2025-09-16,sh601919,中远海控,14.9,-0.3344
2025-09-17,sh601919,中远海控,14.94,0.2685
2025-09-18,sh601919,中远海控,14.69,-1.6734
2025-09-19,sh601919,中远海控,14.88,1.2934
2025-09-22,sh601919,中远海控,14.43,-3.0242
2025-09-23,sh601919,中远海控,14.53,0.693
2025-09-24,sh601919,中远海控,14.43,-0.6882
2025-09-25,sh601919,中远海控,14.37,-0.4158
2025-09-26,sh601919,中远海控,14.36,-0.0696
2025-09-29,sh601919,中远海控,14.25,-0.766
2025-09-30,sh601919,中远海控,14.34,0.6316
2025-10-09,sh601919,中远海控,14.38,0.2789
2025-10-10,sh601919,中远海控,14.52,0.9736
2025-10-13,sh601919,中远海控,14.44,-0.551
2025-10-14,sh601919,中远海控,14.87,2.9778
2025-10-15,sh601919,中远海控,14.74,-0.8742
2025-10-16,sh601919,中远海控,14.99,1.6961
2025-10-17,sh601919,中远海控,14.96,-0.2001
2025-10-20,sh601919,中远海控,14.86,-0.6684
2025-10-21,sh601919,中远海控,14.93,0.4711
2025-10-22,sh601919,中远海控,15.03,0.6698
2025-10-23,sh601919,中远海控,15.05,0.1331
2025-10-24,sh601919,中远海控,14.51,-3.588
2025-10-27,sh601919,中远海控,14.87,2.481
2025-10-28,sh601919,中远海控,14.76,-0.7397
2025-10-29,sh601919,中远海控,14.84,0.542
2025-10-30,sh601919,中远海控,14.88,0.2695
2025-10-31,sh601919,中远海控,15.01,0.8737
2025-11-03,sh601919,中远海控,15.19,1.1992
2025-11-04,sh601919,中远海控,15.03,-1.0533
2025-11-05,sh601919,中远海控,15.02,-0.0665
2025-11-06,sh601919,中远海控,15.15,0.8655
2025-11-07,sh601919,中远海控,15.44,1.9142
2025-11-10,sh601919,中远海控,15.41,-0.1943
2025-11-11,sh601919,中远海控,15.39,-0.1298
2025-11-12,sh601919,中远海控,15.46,0.4548
2025-11-13,sh601919,中远海控,15.54,0.5175
2025-11-14,sh601919,中远海控,15.33,-1.3514
2025-11-17,sh601919,中远海控,15.08,-1.6308
2025-11-18,sh601919,中远海控,14.97,-0.7294
2025-11-19,sh601919,中远海控,15.25,1.8704
2025-11-20,sh601919,中远海控,15.08,-1.1148
2025-11-21,sh601919,中远海控,14.97,-0.7294
2025-11-24,sh601919,中远海控,14.83,-0.9352
2025-11-25,sh601919,中远海控,14.77,-0.4046
2025-11-26,sh601919,中远海控,14.7,-0.4739
2025-11-27,sh601919,中远海控,14.67,-0.2041
2025-11-28,sh601919,中远海控,14.61,-0.409
2025-12-01,sh601919,中远海控,15.12,3.4908
2025-12-02,sh601919,中远海控,14.96,-1.0582
2025-12-03,sh601919,中远海控,14.97,0.0668
2025-12-04,sh601919,中远海控,15.03,0.4008
2025-12-05,sh601919,中远海控,14.98,-0.3327
2025-12-08,sh601919,中远海控,14.85,-0.8678
2025-12-09,sh601919,中远海控,14.95,0.6734
2025-12-10,sh601919,中远海控,14.93,-0.1338
2025-12-11,sh601919,中远海控,15.03,0.6698
2025-12-12,sh601919,中远海控,14.98,-0.3327
2025-12-15,sh601919,中远海控,15.04,0.4005
2025-12-16,sh601919,中远海控,14.97,-0.4654
2025-12-17,sh601919,中远海控,15.16,1.2692
2025-12-18,sh601919,中远海控,15.37,1.3852
2025-12-19,sh601919,中远海控,15.29,-0.5205
2025-12-22,sh601919,中远海控,15.34,0.327
2025-12-23,sh601919,中远海控,15.4,0.3911
2025-12-24,sh601919,中远海控,15.34,-0.3896
2025-12-25,sh601919,中远海控,15.17,-1.1082
2025-12-26,sh601919,中远海控,15.24,0.4614
2025-12-29,sh601919,中远海控,15.21,-0.1969
2025-12-30,sh601919,中远海控,15.27,0.3945
2025-12-31,sh601919,中远海控,15.18,-0.5894
2026-01-05,sh601919,中远海控,14.9,-1.8445
2026-01-06,sh601919,中远海控,14.97,0.4698
2026-01-07,sh601919,中远海控,14.89,-0.5344
2026-01-08,sh601919,中远海控,14.84,-0.3358
2026-01-09,sh601919,中远海控,14.9,0.4043
2026-01-12,sh601919,中远海控,14.83,-0.4698
2026-01-13,sh601919,中远海控,14.85,0.1349
2026-01-14,sh601919,中远海控,14.67,-1.2121
2026-01-15,sh601919,中远海控,14.62,-0.3408
2026-01-16,sh601919,中远海控,14.44,-1.2312
2026-01-19,sh601919,中远海控,14.46,0.1385
2026-01-20,sh601919,中远海控,14.61,1.0373
2026-01-21,sh601919,中远海控,14.49,-0.8214
2026-01-22,sh601919,中远海控,14.55,0.4141
2026-01-23,sh601919,中远海控,14.42,-0.8935
2026-01-26,sh601919,中远海控,14.47,0.3467
2026-01-27,sh601919,中远海控,14.37,-0.6911
2026-01-28,sh601919,中远海控,14.37,0.0
2026-01-29,sh601919,中远海控,14.48,0.7655
2026-01-30,sh601919,中远海控,14.39,-0.6215
2026-02-02,sh601919,中远海控,14.15,-1.6678
2026-02-03,sh601919,中远海控,14.22,0.4947
2026-02-04,sh601919,中远海控,14.57,2.4613
2026-02-05,sh601919,中远海控,14.59,0.1373
2026-02-06,sh601919,中远海控,14.49,-0.6854
2026-02-09,sh601919,中远海控,14.51,0.138
2026-02-10,sh601919,中远海控,14.46,-0.3446
2026-02-11,sh601919,中远海控,14.56,0.6916
2026-02-12,sh601919,中远海控,14.53,-0.206
2026-02-13,sh601919,中远海控,14.31,-1.5141
2026-02-24,sh601919,中远海控,14.83,3.6338
2026-02-25,sh601919,中远海控,14.8,-0.2023
2026-02-26,sh601919,中远海控,15.07,1.8243
2026-02-27,sh601919,中远海控,15.01,-0.3981
2026-03-02,sh601919,中远海控,15.44,2.8648
2026-03-03,sh601919,中远海控,16.97,9.9093
2026-03-04,sh601919,中远海控,15.85,-6.5999
2026-03-05,sh601919,中远海控,15.78,-0.4416
2026-03-06,sh601919,中远海控,15.79,0.0634
2026-03-09,sh601919,中远海控,15.52,-1.7099
2026-03-10,sh601919,中远海控,15.4,-0.7732
2026-03-11,sh601919,中远海控,15.75,2.2727
2026-03-12,sh601919,中远海控,15.94,1.2063
2026-03-13,sh601919,中远海控,15.78,-1.0038
2026-03-16,sh601919,中远海控,16.08,1.9011
2026-03-17,sh601919,中远海控,16.14,0.3731
2026-03-18,sh601919,中远海控,16.2,0.3717
2026-03-19,sh601919,中远海控,15.98,-1.358
2026-03-20,sh601919,中远海控,15.83,-0.9387
2026-03-23,sh601919,中远海控,15.38,-2.8427
2026-03-24,sh601919,中远海控,15.5,0.7802
2026-03-25,sh601919,中远海控,15.17,-2.129
2026-03-26,sh601919,中远海控,15.26,0.5933
2026-03-27,sh601919,中远海控,15.17,-0.5898
2026-03-30,sh601919,中远海控,15.37,1.3184
2026-03-31,sh601919,中远海控,15.01,-2.3422
2026-04-01,sh601919,中远海控,15.18,1.1326
2026-04-02,sh601919,中远海控,15.2,0.1318
2026-04-03,sh601919,中远海控,15.04,-1.0526
2026-04-07,sh601919,中远海控,15.1,0.3989
2026-04-08,sh601919,中远海控,15.2,0.6623
2026-04-09,sh601919,中远海控,15.2,0.0
2026-04-10,sh601919,中远海控,15.2,0.0
2026-04-13,sh601919,中远海控,15.09,-0.7237
2026-04-14,sh601919,中远海控,15.15,0.3976
2026-04-15,sh601919,中远海控,15.08,-0.462
2026-04-16,sh601919,中远海控,14.92,-1.061
2026-04-17,sh601919,中远海控,14.72,-1.3405
2026-04-20,sh601919,中远海控,14.58,-0.9511
2026-04-21,sh601919,中远海控,14.62,0.2743
2026-04-22,sh601919,中远海控,14.46,-1.0944
2026-04-23,sh601919,中远海控,14.45,-0.0692
2026-04-24,sh601919,中远海控,14.4,-0.346
2026-04-27,sh601919,中远海控,14.2,-1.3889
2026-04-28,sh601919,中远海控,14.23,0.2113
2026-04-29,sh601919,中远海控,14.36,0.9136
2026-04-30,sh601919,中远海控,14.12,-1.6713
2026-05-06,sh601919,中远海控,14.14,0.1416
2026-05-07,sh601919,中远海控,14.07,-0.495
2026-05-08,sh601919,中远海控,14.03,-0.2843
2026-05-11,sh601919,中远海控,14.05,0.1426
2026-05-12,sh601919,中远海控,14.09,0.2847
2026-05-13,sh601919,中远海控,14.09,0.0
2026-05-14,sh601919,中远海控,14.3,1.4904
2026-05-15,sh601919,中远海控,14.17,-0.9091
2026-05-18,sh601919,中远海控,14.0,-1.1997
2026-05-19,sh601919,中远海控,14.02,0.1429
2026-05-20,sh601919,中远海控,14.49,3.3524
2026-05-21,sh601919,中远海控,14.67,1.2422
2026-05-22,sh601919,中远海控,14.61,-0.409
2026-05-25,sh601919,中远海控,14.65,0.2738
2026-05-26,sh601919,中远海控,14.56,-0.6143
2026-05-27,sh601919,中远海控,14.34,-1.511
2026-05-28,sh601919,中远海控,14.17,-1.1855
2026-05-29,sh601919,中远海控,14.14,-0.2117
2026-06-01,sh601919,中远海控,14.86,5.0919
2026-06-02,sh601919,中远海控,14.91,0.3365
2026-06-03,sh601919,中远海控,14.64,-1.8109
2026-06-04,sh601919,中远海控,14.47,-1.1612
2026-06-05,sh601919,中远海控,15.0,3.6628
2026-06-08,sh601919,中远海控,15.02,0.1333
2026-06-09,sh601919,中远海控,14.81,-1.3981
2026-06-10,sh601919,中远海控,14.41,-2.7009
2026-06-11,sh601919,中远海控,14.23,-1.2491
2026-06-12,sh601919,中远海控,14.57,2.3893
2026-06-15,sh601919,中远海控,14.49,-0.5491
2026-06-16,sh601919,中远海控,14.24,-1.7253
2026-06-17,sh601919,中远海控,14.04,-1.4045
2026-06-18,sh601919,中远海控,13.8,-1.7094
2026-06-22,sh601919,中远海控,14.15,2.5362
2026-06-23,sh601919,中远海控,13.99,-1.1307
2026-06-24,sh601919,中远海控,14.0,0.0715
2026-06-25,sh601919,中远海控,13.82,-1.2857
2026-06-26,sh601919,中远海控,13.39,-3.1114
2026-06-29,sh601919,中远海控,13.4,0.0747
2026-06-30,sh601919,中远海控,13.26,-1.0448
2026-07-01,sh601919,中远海控,13.16,-0.7541
2026-07-02,sh601919,中远海控,13.19,0.228
2026-07-03,sh601919,中远海控,13.72,4.0182
2026-07-06,sh601919,中远海控,13.98,1.895
2026-07-07,sh601919,中远海控,13.83,-1.073
2026-07-08,sh601919,中远海控,13.99,1.1569
2026-07-09,sh601919,中远海控,13.92,-0.5004
2026-07-10,sh601919,中远海控,13.98,0.431
2026-07-13,sh601919,中远海控,14.12,1.0014
2026-07-14,sh601919,中远海控,14.41,2.0538
2026-07-15,sh601919,中远海控,14.66,1.7349
2026-07-16,sh601919,中远海控,14.55,-0.7503
2026-07-17,sh601919,中远海控,14.54,-0.0687
2026-07-20,sh601919,中远海控,14.93,2.6823
2026-07-21,sh601919,中远海控,14.87,-0.4019
2026-07-22,sh601919,中远海控,15.14,1.8157
2026-07-23,sh601919,中远海控,15.27,0.8587
2026-07-24,sh601919,中远海控,15.32,0.3274
2026-07-27,sh601919,中远海控,15.31,-0.0653
2026-07-28,sh601919,中远海控,15.43,0.7838
2026-07-29,sh601919,中远海控,15.55,0.7777
2026-07-30,sh601919,中远海控,15.7,0.9646
2026-07-31,sh601919,中远海控,15.63,-0.4459
2026-08-03,sh601919,中远海控,15.72,0.5758
2026-08-04,sh601919,中远海控,15.36,-2.2901
2026-08-05,sh601919,中远海控,15.4,0.2604
2026-08-06,sh601919,中远海控,15.37,-0.1948
2026-08-07,sh601919,中远海控,15.43,0.3904
2026-08-10,sh601919,中远海控,15.64,1.361
2026-08-11,sh601919,中远海控,15.48,-1.023
2026-08-12,sh601919,中远海控,15.42,-0.3876
2026-08-13,sh601919,中远海控,15.25,-1.1025
2026-08-14,sh601919,中远海控,15.39,0.918
2026-08-17,sh601919,中远海控,15.97,3.7687
2026-08-18,sh601919,中远海控,16.31,2.129
2026-08-19,sh601919,中远海控,16.55,1.4715
2016-01-04,sz000905,厦门港务,11.99,
2016-01-05,sz000905,厦门港务,12.0,0.0834
2016-01-06,sz000905,厦门港务,12.21,1.75
2016-01-07,sz000905,厦门港务,11.01,-9.828
2016-01-08,sz000905,厦门港务,11.17,1.4532
2016-01-11,sz000905,厦门港务,10.08,-9.7583
2016-01-12,sz000905,厦门港务,10.07,-0.0992
2016-01-13,sz000905,厦门港务,9.65,-4.1708
2016-01-14,sz000905,厦门港务,9.88,2.3834
2016-01-15,sz000905,厦门港务,9.24,-6.4777
2016-01-18,sz000905,厦门港务,9.37,1.4069
2016-01-19,sz000905,厦门港务,9.81,4.6958
2016-01-20,sz000905,厦门港务,9.7,-1.1213
2016-01-21,sz000905,厦门港务,9.01,-7.1134
2016-01-22,sz000905,厦门港务,9.22,2.3307
2016-01-25,sz000905,厦门港务,9.41,2.0607
2016-01-26,sz000905,厦门港务,8.53,-9.3518
2016-01-27,sz000905,厦门港务,8.45,-0.9379
2016-01-28,sz000905,厦门港务,8.1,-4.142
2016-01-29,sz000905,厦门港务,8.5,4.9383
2016-02-01,sz000905,厦门港务,8.45,-0.5882
2016-02-02,sz000905,厦门港务,8.77,3.787
2016-02-03,sz000905,厦门港务,9.0,2.6226
2016-02-04,sz000905,厦门港务,9.08,0.8889
2016-02-05,sz000905,厦门港务,8.86,-2.4229
2016-03-14,sz000905,厦门港务,9.09,2.5959
2016-03-15,sz000905,厦门港务,8.76,-3.6304
2016-03-16,sz000905,厦门港务,8.66,-1.1416
2016-03-17,sz000905,厦门港务,8.92,3.0023
2016-03-18,sz000905,厦门港务,9.44,5.8296
2016-03-21,sz000905,厦门港务,9.71,2.8602
2016-03-22,sz000905,厦门港务,9.73,0.206
2016-03-23,sz000905,厦门港务,9.88,1.5416
2016-03-24,sz000905,厦门港务,9.77,-1.1134
2016-03-25,sz000905,厦门港务,9.85,0.8188
2016-03-28,sz000905,厦门港务,9.78,-0.7107
2016-03-29,sz000905,厦门港务,9.66,-1.227
2016-03-30,sz000905,厦门港务,10.08,4.3478
2016-03-31,sz000905,厦门港务,10.25,1.6865
2016-04-01,sz000905,厦门港务,10.01,-2.3415
2016-04-05,sz000905,厦门港务,10.26,2.4975
2016-04-06,sz000905,厦门港务,11.29,10.039
2016-04-07,sz000905,厦门港务,11.0,-2.5686
2016-04-08,sz000905,厦门港务,11.02,0.1818
2016-04-11,sz000905,厦门港务,11.38,3.2668
2016-04-12,sz000905,厦门港务,11.15,-2.0211
2016-04-13,sz000905,厦门港务,11.14,-0.0897
2016-04-14,sz000905,厦门港务,11.34,1.7953
2016-04-15,sz000905,厦门港务,11.22,-1.0582
2016-04-18,sz000905,厦门港务,11.18,-0.3565
2016-04-19,sz000905,厦门港务,11.15,-0.2683
2016-04-20,sz000905,厦门港务,10.34,-7.2646
2016-04-21,sz000905,厦门港务,10.63,2.8046
2016-04-22,sz000905,厦门港务,10.43,-1.8815
2016-04-25,sz000905,厦门港务,10.2,-2.2052
2016-04-26,sz000905,厦门港务,10.27,0.6863
2016-04-27,sz000905,厦门港务,10.37,0.9737
2016-04-28,sz000905,厦门港务,10.15,-2.1215
2016-04-29,sz000905,厦门港务,10.15,0.0
2016-05-03,sz000905,厦门港务,10.55,3.9409
2016-05-04,sz000905,厦门港务,10.46,-0.8531
2016-05-05,sz000905,厦门港务,10.54,0.7648
2016-05-06,sz000905,厦门港务,10.07,-4.4592
2016-05-09,sz000905,厦门港务,9.62,-4.4687
2016-05-10,sz000905,厦门港务,9.68,0.6237
2016-05-11,sz000905,厦门港务,9.63,-0.5165
2016-05-12,sz000905,厦门港务,9.53,-1.0384
2016-05-13,sz000905,厦门港务,9.5,-0.3148
2016-05-16,sz000905,厦门港务,9.63,1.3684
2016-05-17,sz000905,厦门港务,9.96,3.4268
2016-05-18,sz000905,厦门港务,9.47,-4.9197
2016-05-19,sz000905,厦门港务,9.46,-0.1056
2016-05-20,sz000905,厦门港务,9.71,2.6427
2016-05-23,sz000905,厦门港务,9.66,-0.5149
2016-05-24,sz000905,厦门港务,9.49,-1.7598
2016-05-25,sz000905,厦门港务,9.42,-0.7376
2016-05-26,sz000905,厦门港务,9.41,-0.1062
2016-05-27,sz000905,厦门港务,9.37,-0.4251
2016-05-30,sz000905,厦门港务,9.35,-0.2134
2016-05-31,sz000905,厦门港务,9.79,4.7059
2016-06-01,sz000905,厦门港务,9.85,0.6129
2016-06-02,sz000905,厦门港务,9.86,0.1015
2016-06-03,sz000905,厦门港务,9.84,-0.2028
2016-06-06,sz000905,厦门港务,10.42,5.8943
2016-06-07,sz000905,厦门港务,10.39,-0.2879
2016-06-08,sz000905,厦门港务,10.38,-0.0962
2016-06-13,sz000905,厦门港务,10.0,-3.6609
2016-06-14,sz000905,厦门港务,9.87,-1.3
2016-06-15,sz000905,厦门港务,10.18,3.1408
2016-06-16,sz000905,厦门港务,10.5,3.1434
2016-06-17,sz000905,厦门港务,10.54,0.381
2016-06-20,sz000905,厦门港务,10.49,-0.4744
2016-06-21,sz000905,厦门港务,10.49,0.0
2016-06-22,sz000905,厦门港务,10.52,0.286
2016-06-23,sz000905,厦门港务,10.44,-0.7605
2016-06-24,sz000905,厦门港务,10.14,-2.8736
2016-06-27,sz000905,厦门港务,10.53,3.8462
2016-06-28,sz000905,厦门港务,10.6,0.6648
2016-06-29,sz000905,厦门港务,10.55,-0.4717
2016-06-30,sz000905,厦门港务,10.42,-1.2322
2016-07-01,sz000905,厦门港务,10.69,2.5912
2016-07-04,sz000905,厦门港务,10.83,1.3096
2016-07-05,sz000905,厦门港务,10.8,-0.277
2016-07-06,sz000905,厦门港务,10.83,0.2778
2016-07-07,sz000905,厦门港务,10.69,-1.2927
2016-07-08,sz000905,厦门港务,10.93,2.2451
2016-07-11,sz000905,厦门港务,10.86,-0.6404
2016-07-12,sz000905,厦门港务,10.91,0.4604
2016-07-13,sz000905,厦门港务,10.98,0.6416
2016-07-14,sz000905,厦门港务,10.88,-0.9107
2016-07-15,sz000905,厦门港务,10.76,-1.1029
2016-07-18,sz000905,厦门港务,10.71,-0.4647
2016-07-19,sz000905,厦门港务,10.72,0.0934
2016-07-20,sz000905,厦门港务,10.72,0.0
2016-07-21,sz000905,厦门港务,10.79,0.653
2016-07-22,sz000905,厦门港务,10.62,-1.5755
2016-07-25,sz000905,厦门港务,10.59,-0.2825
2016-07-26,sz000905,厦门港务,10.65,0.5666
2016-07-27,sz000905,厦门港务,10.34,-2.9108
2016-07-28,sz000905,厦门港务,10.38,0.3868
2016-07-29,sz000905,厦门港务,10.36,-0.1927
2016-08-01,sz000905,厦门港务,9.99,-3.5714
2016-08-02,sz000905,厦门港务,10.05,0.6006
2016-08-03,sz000905,厦门港务,10.25,1.99
2016-08-04,sz000905,厦门港务,10.18,-0.6829
2016-08-05,sz000905,厦门港务,10.27,0.8841
2016-08-08,sz000905,厦门港务,10.4,1.2658
2016-08-09,sz000905,厦门港务,10.42,0.1923
2016-08-10,sz000905,厦门港务,10.32,-0.9597
2016-08-11,sz000905,厦门港务,10.21,-1.0659
2016-08-12,sz000905,厦门港务,10.31,0.9794
2016-08-15,sz000905,厦门港务,10.52,2.0369
2016-08-16,sz000905,厦门港务,10.57,0.4753
2016-08-17,sz000905,厦门港务,10.69,1.1353
2016-08-18,sz000905,厦门港务,10.77,0.7484
2016-08-19,sz000905,厦门港务,10.75,-0.1857
2016-08-22,sz000905,厦门港务,10.55,-1.8605
2016-08-23,sz000905,厦门港务,10.8,2.3697
2016-08-24,sz000905,厦门港务,11.16,3.3333
2016-08-25,sz000905,厦门港务,10.84,-2.8674
2016-08-26,sz000905,厦门港务,10.73,-1.0148
2016-08-29,sz000905,厦门港务,10.78,0.466
2016-08-30,sz000905,厦门港务,10.72,-0.5566
2016-08-31,sz000905,厦门港务,10.71,-0.0933
2016-09-01,sz000905,厦门港务,10.69,-0.1867
2016-09-02,sz000905,厦门港务,10.58,-1.029
2016-09-05,sz000905,厦门港务,10.6,0.189
2016-09-06,sz000905,厦门港务,10.7,0.9434
2016-09-07,sz000905,厦门港务,10.7,0.0
2016-09-08,sz000905,厦门港务,10.71,0.0935
2016-09-09,sz000905,厦门港务,10.59,-1.1204
2016-09-12,sz000905,厦门港务,10.24,-3.305
2016-09-13,sz000905,厦门港务,10.26,0.1953
2016-09-14,sz000905,厦门港务,10.12,-1.3645
2016-09-19,sz000905,厦门港务,10.21,0.8893
2016-09-20,sz000905,厦门港务,10.21,0.0
2016-09-21,sz000905,厦门港务,10.24,0.2938
2016-09-22,sz000905,厦门港务,10.32,0.7812
2016-09-23,sz000905,厦门港务,10.34,0.1938
2016-09-26,sz000905,厦门港务,10.28,-0.5803
2016-09-27,sz000905,厦门港务,10.4,1.1673
2016-09-28,sz000905,厦门港务,10.7,2.8846
2016-09-29,sz000905,厦门港务,11.07,3.4579
2016-09-30,sz000905,厦门港务,10.9,-1.5357
2016-10-10,sz000905,厦门港务,11.3,3.6697
2016-10-11,sz000905,厦门港务,11.12,-1.5929
2016-10-12,sz000905,厦门港务,11.13,0.0899
2016-10-13,sz000905,厦门港务,11.0,-1.168
2016-10-14,sz000905,厦门港务,11.1,0.9091
2016-10-17,sz000905,厦门港务,11.34,2.1622
2016-10-18,sz000905,厦门港务,11.4,0.5291
2016-10-19,sz000905,厦门港务,11.75,3.0702
2016-10-20,sz000905,厦门港务,11.6,-1.2766
2016-10-21,sz000905,厦门港务,11.66,0.5172
2016-10-24,sz000905,厦门港务,11.58,-0.6861
2016-10-25,sz000905,厦门港务,11.62,0.3454
2016-10-26,sz000905,厦门港务,11.93,2.6678
2016-10-27,sz000905,厦门港务,11.84,-0.7544
2016-10-28,sz000905,厦门港务,11.39,-3.8007
2016-10-31,sz000905,厦门港务,11.06,-2.8973
2016-11-01,sz000905,厦门港务,11.18,1.085
2016-11-02,sz000905,厦门港务,10.97,-1.8784
2016-11-03,sz000905,厦门港务,11.0,0.2735
2016-11-04,sz000905,厦门港务,11.06,0.5455
2016-11-07,sz000905,厦门港务,11.09,0.2712
2016-11-08,sz000905,厦门港务,11.13,0.3607
2016-11-09,sz000905,厦门港务,10.89,-2.1563
2016-11-10,sz000905,厦门港务,11.1,1.9284
2016-11-11,sz000905,厦门港务,11.2,0.9009
2016-11-14,sz000905,厦门港务,11.51,2.7679
2016-11-15,sz000905,厦门港务,11.5,-0.0869
2016-11-16,sz000905,厦门港务,11.68,1.5652
2016-11-17,sz000905,厦门港务,11.54,-1.1986
2016-11-18,sz000905,厦门港务,11.29,-2.1664
2016-11-21,sz000905,厦门港务,11.27,-0.1771
2016-11-22,sz000905,厦门港务,11.41,1.2422
2016-11-23,sz000905,厦门港务,11.21,-1.7528
2016-11-24,sz000905,厦门港务,11.1,-0.9813
2016-11-25,sz000905,厦门港务,11.18,0.7207
2016-11-28,sz000905,厦门港务,11.28,0.8945
2016-11-29,sz000905,厦门港务,11.22,-0.5319
2016-11-30,sz000905,厦门港务,11.11,-0.9804
2016-12-01,sz000905,厦门港务,11.16,0.45
2016-12-02,sz000905,厦门港务,10.92,-2.1505
2016-12-05,sz000905,厦门港务,10.82,-0.9158
2016-12-06,sz000905,厦门港务,10.81,-0.0924
2016-12-07,sz000905,厦门港务,10.97,1.4801
2016-12-08,sz000905,厦门港务,10.85,-1.0939
2016-12-09,sz000905,厦门港务,10.8,-0.4608
2016-12-12,sz000905,厦门港务,10.05,-6.9444
2016-12-13,sz000905,厦门港务,10.12,0.6965
2016-12-14,sz000905,厦门港务,10.01,-1.087
2016-12-15,sz000905,厦门港务,10.12,1.0989
2016-12-16,sz000905,厦门港务,10.21,0.8893
2016-12-19,sz000905,厦门港务,10.21,0.0
2016-12-20,sz000905,厦门港务,10.58,3.6239
2016-12-21,sz000905,厦门港务,10.55,-0.2836
2016-12-22,sz000905,厦门港务,10.46,-0.8531
2016-12-23,sz000905,厦门港务,10.29,-1.6252
2016-12-26,sz000905,厦门港务,10.34,0.4859
2016-12-27,sz000905,厦门港务,10.34,0.0
2016-12-28,sz000905,厦门港务,10.24,-0.9671
2016-12-29,sz000905,厦门港务,10.23,-0.0977
2016-12-30,sz000905,厦门港务,10.26,0.2933
2017-01-03,sz000905,厦门港务,10.39,1.2671
2017-01-04,sz000905,厦门港务,10.46,0.6737
2017-01-05,sz000905,厦门港务,10.43,-0.2868
2017-01-06,sz000905,厦门港务,10.49,0.5753
2017-01-09,sz000905,厦门港务,10.58,0.858
2017-01-10,sz000905,厦门港务,10.56,-0.189
2017-01-11,sz000905,厦门港务,10.41,-1.4205
2017-01-12,sz000905,厦门港务,10.31,-0.9606
2017-01-13,sz000905,厦门港务,10.11,-1.9399
2017-01-16,sz000905,厦门港务,9.8,-3.0663
2017-01-17,sz000905,厦门港务,9.92,1.2245
2017-01-18,sz000905,厦门港务,9.95,0.3024
2017-01-19,sz000905,厦门港务,9.9,-0.5025
2017-01-20,sz000905,厦门港务,10.04,1.4141
2017-01-23,sz000905,厦门港务,10.09,0.498
2017-01-24,sz000905,厦门港务,10.03,-0.5946
2017-01-25,sz000905,厦门港务,10.11,0.7976
2017-01-26,sz000905,厦门港务,10.12,0.0989
2017-02-03,sz000905,厦门港务,10.05,-0.6917
2017-02-06,sz000905,厦门港务,10.18,1.2935
2017-02-07,sz000905,厦门港务,10.31,1.277
2017-02-08,sz000905,厦门港务,10.33,0.194
2017-02-09,sz000905,厦门港务,10.36,0.2904
2017-02-10,sz000905,厦门港务,11.4,10.0386
2017-02-13,sz000905,厦门港务,12.19,6.9298
2017-02-14,sz000905,厦门港务,12.37,1.4766
2017-02-15,sz000905,厦门港务,12.04,-2.6677
2017-02-16,sz000905,厦门港务,12.19,1.2458
2017-02-17,sz000905,厦门港务,12.2,0.082
2017-02-20,sz000905,厦门港务,12.72,4.2623
2017-02-21,sz000905,厦门港务,12.62,-0.7862
2017-02-22,sz000905,厦门港务,12.46,-1.2678
2017-02-23,sz000905,厦门港务,12.16,-2.4077
2017-02-24,sz000905,厦门港务,12.08,-0.6579
2017-02-27,sz000905,厦门港务,12.08,0.0
2017-02-28,sz000905,厦门港务,12.15,0.5795
2017-03-01,sz000905,厦门港务,12.36,1.7284
2017-03-02,sz000905,厦门港务,12.42,0.4854
2017-03-03,sz000905,厦门港务,12.06,-2.8986
2017-03-06,sz000905,厦门港务,12.18,0.995
2017-03-07,sz000905,厦门港务,12.25,0.5747
2017-03-08,sz000905,厦门港务,12.09,-1.3061
2017-03-09,sz000905,厦门港务,11.85,-1.9851
2017-03-10,sz000905,厦门港务,11.86,0.0844
2017-03-13,sz000905,厦门港务,12.16,2.5295
2017-03-14,sz000905,厦门港务,12.04,-0.9868
2017-03-15,sz000905,厦门港务,11.97,-0.5814
2017-03-16,sz000905,厦门港务,13.17,10.0251
2017-03-17,sz000905,厦门港务,12.86,-2.3538
2017-03-20,sz000905,厦门港务,12.9,0.311
2017-03-21,sz000905,厦门港务,14.19,10.0
2017-03-22,sz000905,厦门港务,14.84,4.5807
2017-03-23,sz000905,厦门港务,15.41,3.841
2017-03-24,sz000905,厦门港务,14.95,-2.9851
2017-03-27,sz000905,厦门港务,15.36,2.7425
2017-03-28,sz000905,厦门港务,14.91,-2.9297
2017-03-29,sz000905,厦门港务,15.38,3.1522
2017-03-30,sz000905,厦门港务,14.92,-2.9909
2017-03-31,sz000905,厦门港务,13.61,-8.7802
2017-04-05,sz000905,厦门港务,14.03,3.086
2017-04-06,sz000905,厦门港务,14.54,3.6351
2017-04-07,sz000905,厦门港务,14.36,-1.238
2017-04-10,sz000905,厦门港务,14.65,2.0195
2017-04-11,sz000905,厦门港务,15.46,5.529
2017-04-12,sz000905,厦门港务,15.41,-0.3234
2017-04-13,sz000905,厦门港务,15.46,0.3245
2017-04-14,sz000905,厦门港务,14.7,-4.9159
2017-04-17,sz000905,厦门港务,14.81,0.7483
2017-04-18,sz000905,厦门港务,15.29,3.2411
2017-04-19,sz000905,厦门港务,15.09,-1.308
2017-04-20,sz000905,厦门港务,15.6,3.3797
2017-04-21,sz000905,厦门港务,14.81,-5.0641
2017-04-24,sz000905,厦门港务,13.33,-9.9932
2017-04-25,sz000905,厦门港务,13.34,0.075
2017-04-26,sz000905,厦门港务,13.35,0.075
2017-04-27,sz000905,厦门港务,14.05,5.2434
2017-04-28,sz000905,厦门港务,14.04,-0.0712
2017-05-02,sz000905,厦门港务,14.11,0.4986
2017-05-03,sz000905,厦门港务,14.69,4.1106
2017-05-04,sz000905,厦门港务,14.53,-1.0892
2017-05-05,sz000905,厦门港务,14.18,-2.4088
2017-05-08,sz000905,厦门港务,13.05,-7.969
2017-05-09,sz000905,厦门港务,13.23,1.3793
2017-05-10,sz000905,厦门港务,12.32,-6.8783
2017-05-11,sz000905,厦门港务,12.87,4.4643
2017-05-12,sz000905,厦门港务,13.18,2.4087
2017-05-15,sz000905,厦门港务,12.72,-3.4901
2017-05-16,sz000905,厦门港务,12.93,1.6509
2017-05-17,sz000905,厦门港务,13.2,2.0882
2017-05-18,sz000905,厦门港务,13.31,0.8333
2017-05-19,sz000905,厦门港务,12.96,-2.6296
2017-05-22,sz000905,厦门港务,12.5,-3.5494
2017-05-23,sz000905,厦门港务,11.89,-4.88
2017-05-24,sz000905,厦门港务,12.18,2.439
2017-05-25,sz000905,厦门港务,12.07,-0.9031
2017-05-26,sz000905,厦门港务,12.01,-0.4971
2017-05-31,sz000905,厦门港务,11.89,-0.9992
2017-06-01,sz000905,厦门港务,11.4,-4.1211
2017-06-02,sz000905,厦门港务,11.62,1.9298
2017-06-05,sz000905,厦门港务,11.82,1.7212
2017-06-06,sz000905,厦门港务,11.91,0.7614
2017-06-07,sz000905,厦门港务,12.19,2.351
2017-06-08,sz000905,厦门港务,12.2,0.082
2017-06-09,sz000905,厦门港务,12.14,-0.4918
2017-06-12,sz000905,厦门港务,11.98,-1.318
2017-06-13,sz000905,厦门港务,12.28,2.5042
2017-06-14,sz000905,厦门港务,12.22,-0.4886
2017-06-15,sz000905,厦门港务,12.65,3.5188
2017-06-16,sz000905,厦门港务,13.42,6.087
2017-06-19,sz000905,厦门港务,13.26,-1.1923
2017-06-20,sz000905,厦门港务,13.21,-0.3771
2017-06-21,sz000905,厦门港务,12.96,-1.8925
2017-06-22,sz000905,厦门港务,12.63,-2.5463
2017-06-23,sz000905,厦门港务,12.88,1.9794
2017-06-26,sz000905,厦门港务,13.02,1.087
2017-06-27,sz000905,厦门港务,13.04,0.1536
2017-06-28,sz000905,厦门港务,12.81,-1.7638
2017-06-29,sz000905,厦门港务,13.07,2.0297
2017-06-30,sz000905,厦门港务,13.06,-0.0765
2017-07-03,sz000905,厦门港务,13.4,2.6034
2017-07-04,sz000905,厦门港务,13.21,-1.4179
2017-07-05,sz000905,厦门港务,13.34,0.9841
2017-07-06,sz000905,厦门港务,13.59,1.8741
2017-07-07,sz000905,厦门港务,13.4,-1.3981
2017-07-10,sz000905,厦门港务,13.9,3.7313
2017-07-11,sz000905,厦门港务,13.96,0.4317
2017-07-12,sz000905,厦门港务,14.54,4.1547
2017-07-13,sz000905,厦门港务,14.41,-0.8941
2017-07-14,sz000905,厦门港务,14.7,2.0125
2017-07-17,sz000905,厦门港务,13.7,-6.8027
2017-07-18,sz000905,厦门港务,14.18,3.5036
2017-07-19,sz000905,厦门港务,14.36,1.2694
2017-07-20,sz000905,厦门港务,15.08,5.0139
2017-07-21,sz000905,厦门港务,15.9,5.4377
2017-07-24,sz000905,厦门港务,16.12,1.3836
2017-07-25,sz000905,厦门港务,15.91,-1.3027
2017-07-26,sz000905,厦门港务,16.4,3.0798
2017-07-27,sz000905,厦门港务,15.7,-4.2683
2017-07-28,sz000905,厦门港务,15.56,-0.8917
2017-07-31,sz000905,厦门港务,16.3,4.7558
2017-08-01,sz000905,厦门港务,16.13,-1.0429
2017-08-02,sz000905,厦门港务,16.24,0.682
2017-08-03,sz000905,厦门港务,17.12,5.4187
2017-08-04,sz000905,厦门港务,16.44,-3.972
2017-08-07,sz000905,厦门港务,16.24,-1.2165
2017-08-08,sz000905,厦门港务,15.84,-2.4631
2017-08-09,sz000905,厦门港务,15.22,-3.9141
2017-08-10,sz000905,厦门港务,15.34,0.7884
2017-08-11,sz000905,厦门港务,14.43,-5.9322
2017-08-14,sz000905,厦门港务,14.86,2.9799
2017-08-28,sz000905,厦门港务,15.16,2.0188
2017-08-29,sz000905,厦门港务,16.68,10.0264
2017-08-30,sz000905,厦门港务,16.29,-2.3381
2017-08-31,sz000905,厦门港务,16.49,1.2277
2017-09-01,sz000905,厦门港务,16.13,-2.1831
2017-09-04,sz000905,厦门港务,15.54,-3.6578
2017-09-05,sz000905,厦门港务,15.09,-2.8958
2017-09-06,sz000905,厦门港务,14.82,-1.7893
2017-09-07,sz000905,厦门港务,14.84,0.135
2017-09-08,sz000905,厦门港务,14.62,-1.4825
2017-09-11,sz000905,厦门港务,14.65,0.2052
2017-09-12,sz000905,厦门港务,14.19,-3.1399
2017-09-13,sz000905,厦门港务,14.2,0.0705
2017-09-14,sz000905,厦门港务,14.3,0.7042
2017-09-15,sz000905,厦门港务,14.06,-1.6783
2017-09-18,sz000905,厦门港务,14.26,1.4225
2017-09-19,sz000905,厦门港务,14.18,-0.561
2017-09-20,sz000905,厦门港务,13.9,-1.9746
2017-09-21,sz000905,厦门港务,13.9,0.0
2017-09-22,sz000905,厦门港务,13.42,-3.4532
2017-09-25,sz000905,厦门港务,12.94,-3.5768
2017-09-26,sz000905,厦门港务,12.99,0.3864
2017-09-27,sz000905,厦门港务,13.1,0.8468
2017-09-28,sz000905,厦门港务,12.91,-1.4504
2017-09-29,sz000905,厦门港务,13.08,1.3168
2017-10-09,sz000905,厦门港务,13.37,2.2171
2017-10-10,sz000905,厦门港务,13.88,3.8145
2017-10-11,sz000905,厦门港务,13.69,-1.3689
2017-10-12,sz000905,厦门港务,14.27,4.2367
2017-10-13,sz000905,厦门港务,14.29,0.1402
2017-10-16,sz000905,厦门港务,13.78,-3.5689
2017-10-17,sz000905,厦门港务,13.77,-0.0726
2017-10-18,sz000905,厦门港务,13.76,-0.0726
2017-10-19,sz000905,厦门港务,13.16,-4.3605
2017-10-20,sz000905,厦门港务,14.48,10.0304
2017-10-23,sz000905,厦门港务,14.22,-1.7956
2017-10-24,sz000905,厦门港务,13.77,-3.1646
2017-10-25,sz000905,厦门港务,13.85,0.581
2017-10-26,sz000905,厦门港务,13.91,0.4332
2017-10-27,sz000905,厦门港务,13.79,-0.8627
2017-10-30,sz000905,厦门港务,13.15,-4.641
2017-10-31,sz000905,厦门港务,13.38,1.749
2017-11-01,sz000905,厦门港务,13.16,-1.6442
2017-11-02,sz000905,厦门港务,13.16,0.0
2017-11-03,sz000905,厦门港务,12.96,-1.5198
2017-11-06,sz000905,厦门港务,12.88,-0.6173
2017-11-07,sz000905,厦门港务,13.4,4.0373
2017-11-08,sz000905,厦门港务,13.41,0.0746
2017-11-09,sz000905,厦门港务,13.3,-0.8203
2017-11-10,sz000905,厦门港务,13.23,-0.5263
2017-11-13,sz000905,厦门港务,13.26,0.2268
2017-11-14,sz000905,厦门港务,13.29,0.2262
2017-11-15,sz000905,厦门港务,13.19,-0.7524
2017-11-16,sz000905,厦门港务,13.0,-1.4405
2017-11-17,sz000905,厦门港务,12.32,-5.2308
2017-11-20,sz000905,厦门港务,12.0,-2.5974
2017-11-21,sz000905,厦门港务,12.08,0.6667
2017-11-22,sz000905,厦门港务,11.99,-0.745
2017-11-23,sz000905,厦门港务,11.59,-3.3361
2017-11-24,sz000905,厦门港务,11.79,1.7256
2017-11-27,sz000905,厦门港务,11.74,-0.4241
2017-11-28,sz000905,厦门港务,11.87,1.1073
2017-11-29,sz000905,厦门港务,12.07,1.6849
2017-11-30,sz000905,厦门港务,11.96,-0.9114
2017-12-01,sz000905,厦门港务,11.88,-0.6689
2017-12-04,sz000905,厦门港务,11.75,-1.0943
2017-12-05,sz000905,厦门港务,11.29,-3.9149
2017-12-06,sz000905,厦门港务,11.22,-0.62
2017-12-07,sz000905,厦门港务,11.09,-1.1586
2017-12-08,sz000905,厦门港务,11.19,0.9017
2017-12-11,sz000905,厦门港务,11.3,0.983
2017-12-12,sz000905,厦门港务,11.57,2.3894
2017-12-13,sz000905,厦门港务,11.47,-0.8643
2017-12-14,sz000905,厦门港务,11.48,0.0872
2017-12-15,sz000905,厦门港务,11.21,-2.3519
2017-12-18,sz000905,厦门港务,11.12,-0.8029
2017-12-19,sz000905,厦门港务,11.15,0.2698
2017-12-20,sz000905,厦门港务,10.99,-1.435
2017-12-21,sz000905,厦门港务,10.89,-0.9099
2017-12-22,sz000905,厦门港务,10.7,-1.7447
2017-12-25,sz000905,厦门港务,10.29,-3.8318
2017-12-26,sz000905,厦门港务,10.39,0.9718
2017-12-27,sz000905,厦门港务,10.53,1.3474
2017-12-28,sz000905,厦门港务,10.56,0.2849
2017-12-29,sz000905,厦门港务,10.54,-0.1894
2018-01-02,sz000905,厦门港务,10.64,0.9488
2018-01-03,sz000905,厦门港务,10.86,2.0677
2018-01-04,sz000905,厦门港务,10.95,0.8287
2018-01-05,sz000905,厦门港务,11.11,1.4612
2018-01-08,sz000905,厦门港务,11.19,0.7201
2018-01-09,sz000905,厦门港务,11.06,-1.1618
2018-01-10,sz000905,厦门港务,10.94,-1.085
2018-01-11,sz000905,厦门港务,10.9,-0.3656
2018-01-12,sz000905,厦门港务,10.9,0.0
2018-01-15,sz000905,厦门港务,10.65,-2.2936
2018-01-16,sz000905,厦门港务,10.64,-0.0939
2018-01-17,sz000905,厦门港务,10.94,2.8195
2018-01-18,sz000905,厦门港务,10.9,-0.3656
2018-01-19,sz000905,厦门港务,11.04,1.2844
2018-01-22,sz000905,厦门港务,10.99,-0.4529
2018-01-23,sz000905,厦门港务,11.06,0.6369
2018-01-24,sz000905,厦门港务,10.79,-2.4412
2018-01-25,sz000905,厦门港务,10.82,0.278
2018-01-26,sz000905,厦门港务,10.88,0.5545
2018-01-29,sz000905,厦门港务,10.67,-1.9301
2018-01-30,sz000905,厦门港务,10.75,0.7498
2018-01-31,sz000905,厦门港务,10.7,-0.4651
2018-02-01,sz000905,厦门港务,10.71,0.0935
2018-02-02,sz000905,厦门港务,10.16,-5.1354
2018-02-05,sz000905,厦门港务,10.07,-0.8858
2018-02-06,sz000905,厦门港务,9.4,-6.6534
2018-02-07,sz000905,厦门港务,9.42,0.2128
2018-02-08,sz000905,厦门港务,9.49,0.7431
2018-02-09,sz000905,厦门港务,9.0,-5.1633
2018-02-12,sz000905,厦门港务,9.15,1.6667
2018-02-13,sz000905,厦门港务,9.23,0.8743
2018-02-14,sz000905,厦门港务,9.34,1.1918
2018-02-22,sz000905,厦门港务,9.85,5.4604
2018-02-23,sz000905,厦门港务,10.02,1.7259
2018-02-26,sz000905,厦门港务,10.33,3.0938
2018-02-27,sz000905,厦门港务,10.17,-1.5489
2018-02-28,sz000905,厦门港务,10.27,0.9833
2018-03-01,sz000905,厦门港务,10.27,0.0
2018-03-02,sz000905,厦门港务,10.32,0.4869
2018-03-05,sz000905,厦门港务,10.23,-0.8721
2018-03-06,sz000905,厦门港务,10.38,1.4663
2018-03-07,sz000905,厦门港务,10.34,-0.3854
2018-03-08,sz000905,厦门港务,10.3,-0.3868
2018-03-09,sz000905,厦门港务,10.42,1.165
2018-03-12,sz000905,厦门港务,10.65,2.2073
2018-03-13,sz000905,厦门港务,10.81,1.5023
2018-03-14,sz000905,厦门港务,10.58,-2.1277
2018-03-15,sz000905,厦门港务,10.4,-1.7013
2018-03-16,sz000905,厦门港务,10.28,-1.1538
2018-03-19,sz000905,厦门港务,10.32,0.3891
2018-03-20,sz000905,厦门港务,10.19,-1.2597
2018-03-21,sz000905,厦门港务,9.84,-3.4347
2018-03-22,sz000905,厦门港务,9.87,0.3049
2018-03-23,sz000905,厦门港务,9.15,-7.2948
2018-03-26,sz000905,厦门港务,9.23,0.8743
2018-03-27,sz000905,厦门港务,9.48,2.7086
2018-03-28,sz000905,厦门港务,9.38,-1.0549
2018-03-29,sz000905,厦门港务,9.48,1.0661
2018-03-30,sz000905,厦门港务,9.76,2.9536
2018-04-02,sz000905,厦门港务,9.73,-0.3074
2018-04-03,sz000905,厦门港务,9.82,0.925
2018-04-04,sz000905,厦门港务,9.79,-0.3055
2018-04-09,sz000905,厦门港务,10.29,5.1073
2018-04-10,sz000905,厦门港务,10.12,-1.6521
2018-04-11,sz000905,厦门港务,10.0,-1.1858
2018-04-12,sz000905,厦门港务,9.7,-3.0
2018-04-13,sz000905,厦门港务,9.69,-0.1031
2018-04-16,sz000905,厦门港务,9.93,2.4768
2018-04-17,sz000905,厦门港务,9.54,-3.9275
2018-04-18,sz000905,厦门港务,9.55,0.1048
2018-04-19,sz000905,厦门港务,9.51,-0.4188
2018-04-20,sz000905,厦门港务,9.27,-2.5237
2018-04-23,sz000905,厦门港务,9.25,-0.2157
2018-04-24,sz000905,厦门港务,9.45,2.1622
2018-04-25,sz000905,厦门港务,9.42,-0.3175
2018-04-26,sz000905,厦门港务,9.13,-3.0786
2018-04-27,sz000905,厦门港务,9.17,0.4381
2018-05-02,sz000905,厦门港务,9.09,-0.8724
2018-05-03,sz000905,厦门港务,9.14,0.5501
2018-05-04,sz000905,厦门港务,9.15,0.1094
2018-05-07,sz000905,厦门港务,9.35,2.1858
2018-05-08,sz000905,厦门港务,9.37,0.2139
2018-05-09,sz000905,厦门港务,9.36,-0.1067
2018-05-10,sz000905,厦门港务,9.38,0.2137
2018-05-11,sz000905,厦门港务,9.23,-1.5991
2018-05-14,sz000905,厦门港务,9.15,-0.8667
2018-05-15,sz000905,厦门港务,9.29,1.5301
2018-05-16,sz000905,厦门港务,9.36,0.7535
2018-05-17,sz000905,厦门港务,9.69,3.5256
2018-05-18,sz000905,厦门港务,9.52,-1.7544
2018-05-21,sz000905,厦门港务,9.58,0.6303
2018-05-22,sz000905,厦门港务,9.53,-0.5219
2018-05-23,sz000905,厦门港务,9.39,-1.469
2018-05-24,sz000905,厦门港务,9.68,3.0884
2018-05-25,sz000905,厦门港务,9.98,3.0992
2018-05-28,sz000905,厦门港务,10.06,0.8016
2018-05-29,sz000905,厦门港务,9.82,-2.3857
2018-05-30,sz000905,厦门港务,9.21,-6.2118
2018-05-31,sz000905,厦门港务,9.32,1.1944
2018-06-01,sz000905,厦门港务,9.17,-1.6094
2018-06-04,sz000905,厦门港务,9.26,0.9815
2018-06-05,sz000905,厦门港务,9.39,1.4039
2018-06-06,sz000905,厦门港务,9.33,-0.639
2018-06-07,sz000905,厦门港务,9.21,-1.2862
2018-06-08,sz000905,厦门港务,9.09,-1.3029
2018-06-11,sz000905,厦门港务,9.07,-0.22
2018-06-12,sz000905,厦门港务,9.12,0.5513
2018-06-13,sz000905,厦门港务,9.01,-1.2061
2018-06-14,sz000905,厦门港务,9.01,0.0
2018-06-15,sz000905,厦门港务,8.75,-2.8857
2018-06-19,sz000905,厦门港务,7.88,-9.9429
2018-06-20,sz000905,厦门港务,7.9,0.2538
2018-06-21,sz000905,厦门港务,7.52,-4.8101
2018-06-22,sz000905,厦门港务,7.55,0.3989
2018-06-25,sz000905,厦门港务,8.31,10.0662
2018-06-26,sz000905,厦门港务,8.29,-0.2407
2018-06-27,sz000905,厦门港务,7.98,-3.7394
2018-06-28,sz000905,厦门港务,7.68,-3.7594
2018-06-29,sz000905,厦门港务,7.87,2.474
2018-07-02,sz000905,厦门港务,7.75,-1.5248
2018-07-03,sz000905,厦门港务,7.84,1.1613
2018-07-04,sz000905,厦门港务,7.67,-2.1684
2018-07-05,sz000905,厦门港务,7.36,-4.0417
2018-07-06,sz000905,厦门港务,7.36,0.0
2018-07-09,sz000905,厦门港务,7.45,1.2228
2018-07-10,sz000905,厦门港务,7.57,1.6107
2018-07-11,sz000905,厦门港务,7.37,-2.642
2018-07-12,sz000905,厦门港务,7.68,4.2062
2018-07-13,sz000905,厦门港务,7.59,-1.1719
2018-07-16,sz000905,厦门港务,7.59,0.0
2018-07-17,sz000905,厦门港务,7.78,2.5033
2018-07-18,sz000905,厦门港务,7.67,-1.4139
2018-07-19,sz000905,厦门港务,7.51,-2.086
2018-07-20,sz000905,厦门港务,7.55,0.5326
2018-07-23,sz000905,厦门港务,7.72,2.2517
2018-07-24,sz000905,厦门港务,7.89,2.2021
2018-07-25,sz000905,厦门港务,7.94,0.6337
2018-07-26,sz000905,厦门港务,7.96,0.2519
2018-07-27,sz000905,厦门港务,8.07,1.3819
2018-07-30,sz000905,厦门港务,7.81,-3.2218
2018-07-31,sz000905,厦门港务,7.8,-0.128
2018-08-01,sz000905,厦门港务,8.16,4.6154
2018-08-02,sz000905,厦门港务,7.83,-4.0441
2018-08-03,sz000905,厦门港务,7.8,-0.3831
2018-08-06,sz000905,厦门港务,7.79,-0.1282
2018-08-07,sz000905,厦门港务,8.02,2.9525
2018-08-08,sz000905,厦门港务,7.81,-2.6185
2018-08-09,sz000905,厦门港务,7.87,0.7682
2018-08-10,sz000905,厦门港务,7.9,0.3812
2018-08-13,sz000905,厦门港务,7.97,0.8861
2018-08-14,sz000905,厦门港务,7.84,-1.6311
2018-08-15,sz000905,厦门港务,7.55,-3.699
2018-08-16,sz000905,厦门港务,7.48,-0.9272
2018-08-17,sz000905,厦门港务,7.26,-2.9412
2018-08-20,sz000905,厦门港务,7.24,-0.2755
2018-08-21,sz000905,厦门港务,7.3,0.8287
2018-08-22,sz000905,厦门港务,7.4,1.3699
2018-08-23,sz000905,厦门港务,7.44,0.5405
2018-08-24,sz000905,厦门港务,7.45,0.1344
2018-08-27,sz000905,厦门港务,7.52,0.9396
2018-08-28,sz000905,厦门港务,7.5,-0.266
2018-08-29,sz000905,厦门港务,7.49,-0.1333
2018-08-30,sz000905,厦门港务,7.45,-0.534
2018-08-31,sz000905,厦门港务,7.42,-0.4027
2018-09-03,sz000905,厦门港务,7.33,-1.2129
2018-09-04,sz000905,厦门港务,7.42,1.2278
2018-09-05,sz000905,厦门港务,7.28,-1.8868
2018-09-06,sz000905,厦门港务,7.17,-1.511
2018-09-07,sz000905,厦门港务,7.22,0.6974
2018-09-10,sz000905,厦门港务,7.07,-2.0776
2018-09-11,sz000905,厦门港务,7.09,0.2829
2018-09-12,sz000905,厦门港务,7.11,0.2821
2018-09-13,sz000905,厦门港务,7.14,0.4219
2018-09-14,sz000905,厦门港务,7.1,-0.5602
2018-09-17,sz000905,厦门港务,7.03,-0.9859
2018-09-18,sz000905,厦门港务,7.09,0.8535
2018-09-19,sz000905,厦门港务,7.15,0.8463
2018-09-20,sz000905,厦门港务,7.13,-0.2797
2018-09-21,sz000905,厦门港务,7.19,0.8415
2018-09-25,sz000905,厦门港务,7.18,-0.1391
2018-09-26,sz000905,厦门港务,7.19,0.1393
2018-09-27,sz000905,厦门港务,7.0,-2.6426
2018-09-28,sz000905,厦门港务,7.08,1.1429
2018-10-08,sz000905,厦门港务,6.9,-2.5424
2018-10-09,sz000905,厦门港务,6.88,-0.2899
2018-10-10,sz000905,厦门港务,6.89,0.1453
2018-10-11,sz000905,厦门港务,6.22,-9.7242
2018-10-12,sz000905,厦门港务,5.98,-3.8585
2018-10-15,sz000905,厦门港务,5.91,-1.1706
2018-10-16,sz000905,厦门港务,5.7,-3.5533
2018-10-17,sz000905,厦门港务,5.74,0.7018
2018-10-18,sz000905,厦门港务,5.65,-1.5679
2018-10-19,sz000905,厦门港务,5.75,1.7699
2018-10-22,sz000905,厦门港务,6.0,4.3478
2018-10-23,sz000905,厦门港务,5.83,-2.8333
2018-10-24,sz000905,厦门港务,5.87,0.6861
2018-10-25,sz000905,厦门港务,5.87,0.0
2018-10-26,sz000905,厦门港务,5.88,0.1704
2018-10-29,sz000905,厦门港务,5.88,0.0
2018-10-30,sz000905,厦门港务,5.85,-0.5102
2018-10-31,sz000905,厦门港务,5.88,0.5128
2018-11-01,sz000905,厦门港务,5.92,0.6803
2018-11-02,sz000905,厦门港务,6.08,2.7027
2018-11-05,sz000905,厦门港务,6.15,1.1513
2018-11-06,sz000905,厦门港务,6.18,0.4878
2018-11-07,sz000905,厦门港务,6.11,-1.1327
2018-11-08,sz000905,厦门港务,6.15,0.6547
2018-11-09,sz000905,厦门港务,6.13,-0.3252
2018-11-12,sz000905,厦门港务,6.26,2.1207
2018-11-13,sz000905,厦门港务,6.48,3.5144
2018-11-14,sz000905,厦门港务,6.55,1.0802
2018-11-15,sz000905,厦门港务,6.7,2.2901
2018-11-16,sz000905,厦门港务,6.69,-0.1493
2018-11-19,sz000905,厦门港务,6.79,1.4948
2018-11-20,sz000905,厦门港务,6.62,-2.5037
2018-11-21,sz000905,厦门港务,6.71,1.3595
2018-11-22,sz000905,厦门港务,6.83,1.7884
2018-11-23,sz000905,厦门港务,6.77,-0.8785
2018-11-26,sz000905,厦门港务,7.45,10.0443
2018-11-27,sz000905,厦门港务,7.22,-3.0872
2018-11-28,sz000905,厦门港务,7.18,-0.554
2018-11-29,sz000905,厦门港务,6.8,-5.2925
2018-11-30,sz000905,厦门港务,6.8,0.0
2018-12-03,sz000905,厦门港务,6.95,2.2059
2018-12-04,sz000905,厦门港务,6.84,-1.5827
2018-12-05,sz000905,厦门港务,6.74,-1.462
2018-12-06,sz000905,厦门港务,6.61,-1.9288
2018-12-07,sz000905,厦门港务,6.63,0.3026
2018-12-10,sz000905,厦门港务,6.59,-0.6033
2018-12-11,sz000905,厦门港务,6.74,2.2762
2018-12-12,sz000905,厦门港务,6.68,-0.8902
2018-12-13,sz000905,厦门港务,6.69,0.1497
2018-12-14,sz000905,厦门港务,6.43,-3.8864
2018-12-17,sz000905,厦门港务,6.47,0.6221
2018-12-18,sz000905,厦门港务,6.42,-0.7728
2018-12-19,sz000905,厦门港务,6.28,-2.1807
2018-12-20,sz000905,厦门港务,6.28,0.0
2018-12-21,sz000905,厦门港务,6.19,-1.4331
2018-12-24,sz000905,厦门港务,6.2,0.1616
2018-12-25,sz000905,厦门港务,6.1,-1.6129
2018-12-26,sz000905,厦门港务,6.1,0.0
2018-12-27,sz000905,厦门港务,5.92,-2.9508
2018-12-28,sz000905,厦门港务,6.06,2.3649
2019-01-02,sz000905,厦门港务,6.29,3.7954
2019-01-03,sz000905,厦门港务,6.44,2.3847
2019-01-04,sz000905,厦门港务,6.6,2.4845
2019-01-07,sz000905,厦门港务,6.59,-0.1515
2019-01-08,sz000905,厦门港务,6.55,-0.607
2019-01-09,sz000905,厦门港务,6.48,-1.0687
2019-01-10,sz000905,厦门港务,6.4,-1.2346
2019-01-11,sz000905,厦门港务,6.44,0.625
2019-01-14,sz000905,厦门港务,6.38,-0.9317
2019-01-15,sz000905,厦门港务,6.48,1.5674
2019-01-16,sz000905,厦门港务,6.38,-1.5432
2019-01-17,sz000905,厦门港务,6.36,-0.3135
2019-01-18,sz000905,厦门港务,6.41,0.7862
2019-01-21,sz000905,厦门港务,6.53,1.8721
2019-01-22,sz000905,厦门港务,6.37,-2.4502
2019-01-23,sz000905,厦门港务,6.3,-1.0989
2019-01-24,sz000905,厦门港务,6.25,-0.7937
2019-01-25,sz000905,厦门港务,6.27,0.32
2019-01-28,sz000905,厦门港务,6.17,-1.5949
2019-01-29,sz000905,厦门港务,6.09,-1.2966
2019-01-30,sz000905,厦门港务,6.01,-1.3136
2019-01-31,sz000905,厦门港务,5.97,-0.6656
2019-02-01,sz000905,厦门港务,6.1,2.1776
2019-02-11,sz000905,厦门港务,6.22,1.9672
2019-02-12,sz000905,厦门港务,6.29,1.1254
2019-02-13,sz000905,厦门港务,6.37,1.2719
2019-02-14,sz000905,厦门港务,6.44,1.0989
2019-02-15,sz000905,厦门港务,6.43,-0.1553
2019-02-18,sz000905,厦门港务,6.57,2.1773
2019-02-19,sz000905,厦门港务,6.75,2.7397
2019-02-20,sz000905,厦门港务,6.64,-1.6296
2019-02-21,sz000905,厦门港务,6.59,-0.753
2019-02-22,sz000905,厦门港务,6.77,2.7314
2019-02-25,sz000905,厦门港务,7.06,4.2836
2019-02-26,sz000905,厦门港务,7.08,0.2833
2019-02-27,sz000905,厦门港务,7.21,1.8362
2019-02-28,sz000905,厦门港务,7.1,-1.5257
2019-03-01,sz000905,厦门港务,7.08,-0.2817
2019-03-04,sz000905,厦门港务,7.15,0.9887
2019-03-05,sz000905,厦门港务,7.24,1.2587
2019-03-06,sz000905,厦门港务,7.36,1.6575
2019-03-07,sz000905,厦门港务,7.49,1.7663
2019-03-08,sz000905,厦门港务,6.93,-7.4766
2019-03-11,sz000905,厦门港务,7.26,4.7619
2019-03-12,sz000905,厦门港务,7.28,0.2755
2019-03-13,sz000905,厦门港务,7.36,1.0989
2019-03-14,sz000905,厦门港务,7.15,-2.8533
2019-03-15,sz000905,厦门港务,7.59,6.1538
2019-03-18,sz000905,厦门港务,7.82,3.0303
2019-03-19,sz000905,厦门港务,8.6,9.9744
2019-03-20,sz000905,厦门港务,9.46,10.0
2019-03-21,sz000905,厦门港务,10.41,10.0423
2019-03-22,sz000905,厦门港务,10.5,0.8646
2019-03-25,sz000905,厦门港务,9.69,-7.7143
2019-03-26,sz000905,厦门港务,9.04,-6.7079
2019-03-27,sz000905,厦门港务,9.17,1.4381
2019-03-28,sz000905,厦门港务,8.83,-3.7077
2019-03-29,sz000905,厦门港务,8.88,0.5663
2019-04-01,sz000905,厦门港务,9.27,4.3919
2019-04-02,sz000905,厦门港务,9.13,-1.5102
2019-04-03,sz000905,厦门港务,9.37,2.6287
2019-04-04,sz000905,厦门港务,9.29,-0.8538
2019-04-08,sz000905,厦门港务,9.32,0.3229
2019-04-09,sz000905,厦门港务,9.36,0.4292
2019-04-10,sz000905,厦门港务,9.68,3.4188
2019-04-11,sz000905,厦门港务,9.56,-1.2397
2019-04-12,sz000905,厦门港务,9.14,-4.3933
2019-04-15,sz000905,厦门港务,8.99,-1.6411
2019-04-16,sz000905,厦门港务,9.14,1.6685
2019-04-17,sz000905,厦门港务,10.05,9.9562
2019-04-18,sz000905,厦门港务,10.14,0.8955
2019-04-19,sz000905,厦门港务,9.65,-4.8323
2019-04-22,sz000905,厦门港务,9.2,-4.6632
2019-04-23,sz000905,厦门港务,9.35,1.6304
2019-04-24,sz000905,厦门港务,9.15,-2.139
2019-04-25,sz000905,厦门港务,8.61,-5.9016
2019-04-26,sz000905,厦门港务,8.28,-3.8328
2019-04-29,sz000905,厦门港务,8.11,-2.0531
2019-04-30,sz000905,厦门港务,8.29,2.2195
2019-05-06,sz000905,厦门港务,7.46,-10.0121
2019-05-07,sz000905,厦门港务,7.61,2.0107
2019-05-08,sz000905,厦门港务,7.54,-0.9198
2019-05-09,sz000905,厦门港务,7.4,-1.8568
2019-05-10,sz000905,厦门港务,7.73,4.4595
2019-05-13,sz000905,厦门港务,7.71,-0.2587
2019-05-14,sz000905,厦门港务,7.55,-2.0752
2019-05-15,sz000905,厦门港务,7.82,3.5762
2019-05-16,sz000905,厦门港务,7.92,1.2788
2019-05-17,sz000905,厦门港务,7.81,-1.3889
2019-05-20,sz000905,厦门港务,7.47,-4.3534
2019-05-21,sz000905,厦门港务,7.69,2.9451
2019-05-22,sz000905,厦门港务,7.56,-1.6905
2019-05-23,sz000905,厦门港务,7.5,-0.7937
2019-05-24,sz000905,厦门港务,7.5,0.0
2019-05-27,sz000905,厦门港务,7.67,2.2667
2019-05-28,sz000905,厦门港务,7.66,-0.1304
2019-05-29,sz000905,厦门港务,7.78,1.5666
2019-05-30,sz000905,厦门港务,7.58,-2.5707
2019-05-31,sz000905,厦门港务,7.5,-1.0554
2019-06-03,sz000905,厦门港务,7.55,0.6667
2019-06-04,sz000905,厦门港务,7.42,-1.7219
2019-06-05,sz000905,厦门港务,7.27,-2.0216
2019-06-06,sz000905,厦门港务,7.04,-3.1637
2019-06-10,sz000905,厦门港务,7.17,1.8466
2019-06-11,sz000905,厦门港务,7.39,3.0683
2019-06-12,sz000905,厦门港务,7.3,-1.2179
2019-06-13,sz000905,厦门港务,7.38,1.0959
2019-06-14,sz000905,厦门港务,7.25,-1.7615
2019-06-17,sz000905,厦门港务,7.25,0.0
2019-06-18,sz000905,厦门港务,7.2,-0.6897
2019-06-19,sz000905,厦门港务,7.38,2.5
2019-06-20,sz000905,厦门港务,7.46,1.084
2019-06-21,sz000905,厦门港务,7.59,1.7426
2019-06-24,sz000905,厦门港务,7.62,0.3953
2019-06-25,sz000905,厦门港务,7.56,-0.7874
2019-06-26,sz000905,厦门港务,7.65,1.1905
2019-06-27,sz000905,厦门港务,7.56,-1.1765
2019-06-28,sz000905,厦门港务,7.64,1.0582
2019-07-01,sz000905,厦门港务,7.82,2.356
2019-07-02,sz000905,厦门港务,7.82,0.0
2019-07-03,sz000905,厦门港务,8.16,4.3478
2019-07-04,sz000905,厦门港务,8.36,2.451
2019-07-05,sz000905,厦门港务,8.14,-2.6316
2019-07-08,sz000905,厦门港务,7.66,-5.8968
2019-07-09,sz000905,厦门港务,7.58,-1.0444
2019-07-10,sz000905,厦门港务,7.61,0.3958
2019-07-11,sz000905,厦门港务,7.66,0.657
2019-07-12,sz000905,厦门港务,7.96,3.9164
2019-07-15,sz000905,厦门港务,7.89,-0.8794
2019-07-16,sz000905,厦门港务,7.85,-0.507
2019-07-17,sz000905,厦门港务,8.05,2.5478
2019-07-18,sz000905,厦门港务,7.74,-3.8509
2019-07-19,sz000905,厦门港务,7.75,0.1292
2019-07-22,sz000905,厦门港务,7.48,-3.4839
2019-07-23,sz000905,厦门港务,7.49,0.1337
2019-07-24,sz000905,厦门港务,7.57,1.0681
2019-07-25,sz000905,厦门港务,7.63,0.7926
2019-07-26,sz000905,厦门港务,7.71,1.0485
2019-07-29,sz000905,厦门港务,7.65,-0.7782
2019-07-30,sz000905,厦门港务,7.66,0.1307
2019-07-31,sz000905,厦门港务,7.58,-1.0444
2019-08-01,sz000905,厦门港务,7.47,-1.4512
2019-08-02,sz000905,厦门港务,7.23,-3.2129
2019-08-05,sz000905,厦门港务,7.19,-0.5533
2019-08-06,sz000905,厦门港务,6.94,-3.4771
2019-08-07,sz000905,厦门港务,6.99,0.7205
2019-08-08,sz000905,厦门港务,6.99,0.0
2019-08-09,sz000905,厦门港务,6.84,-2.1459
2019-08-12,sz000905,厦门港务,7.0,2.3392
2019-08-13,sz000905,厦门港务,6.98,-0.2857
2019-08-14,sz000905,厦门港务,7.06,1.1461
2019-08-15,sz000905,厦门港务,7.09,0.4249
2019-08-16,sz000905,厦门港务,7.09,0.0
2019-08-19,sz000905,厦门港务,7.25,2.2567
2019-08-20,sz000905,厦门港务,7.3,0.6897
2019-08-21,sz000905,厦门港务,7.3,0.0
2019-08-22,sz000905,厦门港务,7.27,-0.411
2019-08-23,sz000905,厦门港务,7.29,0.2751
2019-08-26,sz000905,厦门港务,7.17,-1.6461
2019-08-27,sz000905,厦门港务,7.27,1.3947
2019-08-28,sz000905,厦门港务,7.23,-0.5502
2019-08-29,sz000905,厦门港务,7.17,-0.8299
2019-08-30,sz000905,厦门港务,7.11,-0.8368
2019-09-02,sz000905,厦门港务,7.22,1.5471
2019-09-03,sz000905,厦门港务,7.3,1.108
2019-09-04,sz000905,厦门港务,7.33,0.411
2019-09-05,sz000905,厦门港务,7.38,0.6821
2019-09-06,sz000905,厦门港务,7.52,1.897
2019-09-09,sz000905,厦门港务,7.53,0.133
2019-09-10,sz000905,厦门港务,7.55,0.2656
2019-09-11,sz000905,厦门港务,7.44,-1.457
2019-09-12,sz000905,厦门港务,7.54,1.3441
2019-09-16,sz000905,厦门港务,7.53,-0.1326
2019-09-17,sz000905,厦门港务,7.42,-1.4608
2019-09-18,sz000905,厦门港务,7.41,-0.1348
2019-09-19,sz000905,厦门港务,7.45,0.5398
2019-09-20,sz000905,厦门港务,7.52,0.9396
2019-09-23,sz000905,厦门港务,7.52,0.0
2019-09-24,sz000905,厦门港务,7.44,-1.0638
2019-09-25,sz000905,厦门港务,7.33,-1.4785
2019-09-26,sz000905,厦门港务,7.21,-1.6371
2019-09-27,sz000905,厦门港务,7.2,-0.1387
2019-09-30,sz000905,厦门港务,7.24,0.5556
2019-10-08,sz000905,厦门港务,7.13,-1.5193
2019-10-09,sz000905,厦门港务,7.16,0.4208
2019-10-10,sz000905,厦门港务,7.29,1.8156
2019-10-11,sz000905,厦门港务,7.5,2.8807
2019-10-14,sz000905,厦门港务,7.59,1.2
2019-10-15,sz000905,厦门港务,7.63,0.527
2019-10-16,sz000905,厦门港务,7.6,-0.3932
2019-10-17,sz000905,厦门港务,7.46,-1.8421
2019-10-18,sz000905,厦门港务,7.28,-2.4129
2019-10-21,sz000905,厦门港务,7.19,-1.2363
2019-10-22,sz000905,厦门港务,7.26,0.9736
2019-10-23,sz000905,厦门港务,7.2,-0.8264
2019-10-24,sz000905,厦门港务,7.2,0.0
2019-10-25,sz000905,厦门港务,7.26,0.8333
2019-10-28,sz000905,厦门港务,7.38,1.6529
2019-10-29,sz000905,厦门港务,7.28,-1.355
2019-10-30,sz000905,厦门港务,7.23,-0.6868
2019-10-31,sz000905,厦门港务,7.14,-1.2448
2019-11-01,sz000905,厦门港务,7.2,0.8403
2019-11-04,sz000905,厦门港务,7.23,0.4167
2019-11-05,sz000905,厦门港务,7.24,0.1383
2019-11-06,sz000905,厦门港务,7.26,0.2762
2019-11-07,sz000905,厦门港务,7.23,-0.4132
2019-11-08,sz000905,厦门港务,7.22,-0.1383
2019-11-11,sz000905,厦门港务,6.98,-3.3241
2019-11-12,sz000905,厦门港务,7.06,1.1461
2019-11-13,sz000905,厦门港务,7.06,0.0
2019-11-14,sz000905,厦门港务,7.04,-0.2833
2019-11-15,sz000905,厦门港务,6.97,-0.9943
2019-11-18,sz000905,厦门港务,7.0,0.4304
2019-11-19,sz000905,厦门港务,7.05,0.7143
2019-11-20,sz000905,厦门港务,7.0,-0.7092
2019-11-21,sz000905,厦门港务,6.92,-1.1429
2019-11-22,sz000905,厦门港务,6.84,-1.1561
2019-11-25,sz000905,厦门港务,6.88,0.5848
2019-11-26,sz000905,厦门港务,6.91,0.436
2019-11-27,sz000905,厦门港务,6.89,-0.2894
2019-11-28,sz000905,厦门港务,6.88,-0.1451
2019-11-29,sz000905,厦门港务,6.87,-0.1453
2019-12-02,sz000905,厦门港务,6.85,-0.2911
2019-12-03,sz000905,厦门港务,6.86,0.146
2019-12-04,sz000905,厦门港务,6.88,0.2915
2019-12-05,sz000905,厦门港务,6.93,0.7267
2019-12-06,sz000905,厦门港务,6.95,0.2886
2019-12-09,sz000905,厦门港务,6.95,0.0
2019-12-10,sz000905,厦门港务,7.01,0.8633
2019-12-11,sz000905,厦门港务,6.95,-0.8559
2019-12-12,sz000905,厦门港务,6.94,-0.1439
2019-12-13,sz000905,厦门港务,7.08,2.0173
2019-12-16,sz000905,厦门港务,7.16,1.1299
2019-12-17,sz000905,厦门港务,7.25,1.257
2019-12-18,sz000905,厦门港务,7.23,-0.2759
2019-12-19,sz000905,厦门港务,7.27,0.5533
2019-12-20,sz000905,厦门港务,7.25,-0.2751
2019-12-23,sz000905,厦门港务,7.1,-2.069
2019-12-24,sz000905,厦门港务,7.21,1.5493
2019-12-25,sz000905,厦门港务,7.16,-0.6935
2019-12-26,sz000905,厦门港务,7.19,0.419
2019-12-27,sz000905,厦门港务,7.25,0.8345
2019-12-30,sz000905,厦门港务,7.42,2.3448
2019-12-31,sz000905,厦门港务,7.47,0.6739
2020-01-02,sz000905,厦门港务,7.51,0.5355
2020-01-03,sz000905,厦门港务,7.59,1.0652
2020-01-06,sz000905,厦门港务,7.8,2.7668
2020-01-07,sz000905,厦门港务,7.84,0.5128
2020-01-08,sz000905,厦门港务,7.8,-0.5102
2020-01-09,sz000905,厦门港务,7.98,2.3077
2020-01-10,sz000905,厦门港务,8.33,4.386
2020-01-13,sz000905,厦门港务,7.55,-9.3637
2020-01-14,sz000905,厦门港务,7.43,-1.5894
2020-01-15,sz000905,厦门港务,7.39,-0.5384
2020-01-16,sz000905,厦门港务,7.34,-0.6766
2020-01-17,sz000905,厦门港务,7.31,-0.4087
2020-01-20,sz000905,厦门港务,7.34,0.4104
2020-01-21,sz000905,厦门港务,7.26,-1.0899
2020-01-22,sz000905,厦门港务,7.18,-1.1019
2020-01-23,sz000905,厦门港务,6.91,-3.7604
2020-02-03,sz000905,厦门港务,6.22,-9.9855
2020-02-04,sz000905,厦门港务,6.0,-3.537
2020-02-05,sz000905,厦门港务,6.1,1.6667
2020-02-06,sz000905,厦门港务,6.17,1.1475
2020-02-07,sz000905,厦门港务,6.34,2.7553
2020-02-10,sz000905,厦门港务,6.38,0.6309
2020-02-11,sz000905,厦门港务,6.44,0.9404
2020-02-12,sz000905,厦门港务,6.47,0.4658
2020-02-13,sz000905,厦门港务,6.36,-1.7002
2020-02-14,sz000905,厦门港务,6.32,-0.6289
2020-02-17,sz000905,厦门港务,6.51,3.0063
2020-02-18,sz000905,厦门港务,6.59,1.2289
2020-02-19,sz000905,厦门港务,6.54,-0.7587
2020-02-20,sz000905,厦门港务,6.71,2.5994
2020-02-21,sz000905,厦门港务,6.7,-0.149
2020-02-24,sz000905,厦门港务,6.66,-0.597
2020-02-25,sz000905,厦门港务,6.5,-2.4024
2020-02-26,sz000905,厦门港务,6.52,0.3077
2020-02-27,sz000905,厦门港务,6.57,0.7669
2020-02-28,sz000905,厦门港务,6.38,-2.8919
2020-03-02,sz000905,厦门港务,6.66,4.3887
2020-03-03,sz000905,厦门港务,6.87,3.1532
2020-03-04,sz000905,厦门港务,6.86,-0.1456
2020-03-05,sz000905,厦门港务,6.91,0.7289
2020-03-06,sz000905,厦门港务,6.86,-0.7236
2020-03-09,sz000905,厦门港务,6.75,-1.6035
2020-03-10,sz000905,厦门港务,6.76,0.1481
2020-03-11,sz000905,厦门港务,7.06,4.4379
2020-03-12,sz000905,厦门港务,6.83,-3.2578
2020-03-13,sz000905,厦门港务,6.73,-1.4641
2020-03-16,sz000905,厦门港务,6.45,-4.1605
2020-03-17,sz000905,厦门港务,6.28,-2.6357
2020-03-18,sz000905,厦门港务,6.22,-0.9554
2020-03-19,sz000905,厦门港务,6.22,0.0
2020-03-20,sz000905,厦门港务,6.28,0.9646
2020-03-23,sz000905,厦门港务,6.01,-4.2994
2020-03-24,sz000905,厦门港务,6.05,0.6656
2020-03-25,sz000905,厦门港务,6.23,2.9752
2020-03-26,sz000905,厦门港务,6.11,-1.9262
2020-03-27,sz000905,厦门港务,6.09,-0.3273
2020-03-30,sz000905,厦门港务,5.96,-2.1346
2020-03-31,sz000905,厦门港务,6.04,1.3423
2020-04-01,sz000905,厦门港务,5.96,-1.3245
2020-04-02,sz000905,厦门港务,6.0,0.6711
2020-04-03,sz000905,厦门港务,6.0,0.0
2020-04-07,sz000905,厦门港务,6.09,1.5
2020-04-08,sz000905,厦门港务,6.11,0.3284
2020-04-09,sz000905,厦门港务,6.13,0.3273
2020-04-10,sz000905,厦门港务,6.08,-0.8157
2020-04-13,sz000905,厦门港务,5.99,-1.4803
2020-04-14,sz000905,厦门港务,6.06,1.1686
2020-04-15,sz000905,厦门港务,6.04,-0.33
2020-04-16,sz000905,厦门港务,6.0,-0.6623
2020-04-17,sz000905,厦门港务,6.11,1.8333
2020-04-20,sz000905,厦门港务,6.06,-0.8183
2020-04-21,sz000905,厦门港务,6.03,-0.495
2020-04-22,sz000905,厦门港务,6.05,0.3317
2020-04-23,sz000905,厦门港务,6.06,0.1653
2020-04-24,sz000905,厦门港务,5.97,-1.4851
2020-04-27,sz000905,厦门港务,5.94,-0.5025
2020-04-28,sz000905,厦门港务,5.84,-1.6835
2020-04-29,sz000905,厦门港务,5.84,0.0
2020-04-30,sz000905,厦门港务,5.92,1.3699
2020-05-06,sz000905,厦门港务,6.0,1.3514
2020-05-07,sz000905,厦门港务,5.93,-1.1667
2020-05-08,sz000905,厦门港务,6.0,1.1804
2020-05-11,sz000905,厦门港务,5.97,-0.5
2020-05-12,sz000905,厦门港务,5.91,-1.005
2020-05-13,sz000905,厦门港务,5.91,0.0
2020-05-14,sz000905,厦门港务,5.86,-0.846
2020-05-15,sz000905,厦门港务,5.89,0.5119
2020-05-18,sz000905,厦门港务,5.86,-0.5093
2020-05-19,sz000905,厦门港务,5.9,0.6826
2020-05-20,sz000905,厦门港务,5.86,-0.678
2020-05-21,sz000905,厦门港务,5.84,-0.3413
2020-05-22,sz000905,厦门港务,5.76,-1.3699
2020-05-25,sz000905,厦门港务,5.78,0.3472
2020-05-26,sz000905,厦门港务,5.92,2.4221
2020-05-27,sz000905,厦门港务,5.9,-0.3378
2020-05-28,sz000905,厦门港务,5.87,-0.5085
2020-05-29,sz000905,厦门港务,6.05,3.0664
2020-06-01,sz000905,厦门港务,6.66,10.0826
2020-06-02,sz000905,厦门港务,6.62,-0.6006
2020-06-03,sz000905,厦门港务,6.45,-2.568
2020-06-04,sz000905,厦门港务,6.29,-2.4806
2020-06-05,sz000905,厦门港务,6.29,0.0
2020-06-08,sz000905,厦门港务,6.23,-0.9539
2020-06-09,sz000905,厦门港务,6.2,-0.4815
2020-06-10,sz000905,厦门港务,6.24,0.6452
2020-06-11,sz000905,厦门港务,6.39,2.4038
2020-06-12,sz000905,厦门港务,6.54,2.3474
2020-06-15,sz000905,厦门港务,6.44,-1.5291
2020-06-16,sz000905,厦门港务,6.48,0.6211
2020-06-17,sz000905,厦门港务,6.33,-2.3148
2020-06-18,sz000905,厦门港务,6.29,-0.6319
2020-06-19,sz000905,厦门港务,6.43,2.2258
2020-06-22,sz000905,厦门港务,6.43,0.0
2020-06-23,sz000905,厦门港务,6.49,0.9331
2020-06-24,sz000905,厦门港务,6.4,-1.3867
2020-06-29,sz000905,厦门港务,6.26,-2.1875
2020-06-30,sz000905,厦门港务,6.45,3.0351
2020-07-01,sz000905,厦门港务,6.55,1.5504
2020-07-02,sz000905,厦门港务,7.21,10.0763
2020-07-03,sz000905,厦门港务,7.31,1.387
2020-07-06,sz000905,厦门港务,7.59,3.8304
2020-07-07,sz000905,厦门港务,7.65,0.7905
2020-07-08,sz000905,厦门港务,8.01,4.7059
2020-07-09,sz000905,厦门港务,8.24,2.8714
2020-07-10,sz000905,厦门港务,8.74,6.068
2020-07-13,sz000905,厦门港务,8.89,1.7162
2020-07-14,sz000905,厦门港务,8.27,-6.9741
2020-07-15,sz000905,厦门港务,7.79,-5.8041
2020-07-16,sz000905,厦门港务,7.31,-6.1617
2020-07-17,sz000905,厦门港务,7.42,1.5048
2020-07-20,sz000905,厦门港务,7.64,2.965
2020-07-21,sz000905,厦门港务,7.52,-1.5707
2020-07-22,sz000905,厦门港务,7.61,1.1968
2020-07-23,sz000905,厦门港务,7.75,1.8397
2020-07-24,sz000905,厦门港务,7.24,-6.5806
2020-07-27,sz000905,厦门港务,7.05,-2.6243
2020-07-28,sz000905,厦门港务,7.07,0.2837
2020-07-29,sz000905,厦门港务,7.18,1.5559
2020-07-30,sz000905,厦门港务,7.2,0.2786
2020-07-31,sz000905,厦门港务,7.22,0.2778
2020-08-03,sz000905,厦门港务,7.41,2.6316
2020-08-04,sz000905,厦门港务,7.49,1.0796
2020-08-05,sz000905,厦门港务,7.37,-1.6021
2020-08-06,sz000905,厦门港务,7.29,-1.0855
2020-08-07,sz000905,厦门港务,7.33,0.5487
2020-08-10,sz000905,厦门港务,7.39,0.8186
2020-08-11,sz000905,厦门港务,7.34,-0.6766
2020-08-12,sz000905,厦门港务,7.22,-1.6349
2020-08-13,sz000905,厦门港务,7.24,0.277
2020-08-14,sz000905,厦门港务,7.32,1.105
2020-08-17,sz000905,厦门港务,7.65,4.5082
2020-08-18,sz000905,厦门港务,7.59,-0.7843
2020-08-19,sz000905,厦门港务,7.4,-2.5033
2020-08-20,sz000905,厦门港务,7.34,-0.8108
2020-08-21,sz000905,厦门港务,7.34,0.0
2020-08-24,sz000905,厦门港务,7.35,0.1362
2020-08-25,sz000905,厦门港务,7.3,-0.6803
2020-08-26,sz000905,厦门港务,7.18,-1.6438
2020-08-27,sz000905,厦门港务,7.15,-0.4178
2020-08-28,sz000905,厦门港务,7.25,1.3986
2020-08-31,sz000905,厦门港务,7.2,-0.6897
2020-09-01,sz000905,厦门港务,7.21,0.1389
2020-09-02,sz000905,厦门港务,7.16,-0.6935
2020-09-03,sz000905,厦门港务,7.09,-0.9777
2020-09-04,sz000905,厦门港务,7.11,0.2821
2020-09-07,sz000905,厦门港务,7.03,-1.1252
2020-09-08,sz000905,厦门港务,7.07,0.569
2020-09-09,sz000905,厦门港务,7.05,-0.2829
2020-09-10,sz000905,厦门港务,6.79,-3.6879
2020-09-11,sz000905,厦门港务,6.85,0.8837
2020-09-14,sz000905,厦门港务,6.95,1.4599
2020-09-15,sz000905,厦门港务,6.91,-0.5755
2020-09-16,sz000905,厦门港务,6.88,-0.4342
2020-09-17,sz000905,厦门港务,6.81,-1.0174
2020-09-18,sz000905,厦门港务,6.95,2.0558
2020-09-21,sz000905,厦门港务,7.03,1.1511
2020-09-22,sz000905,厦门港务,6.87,-2.276
2020-09-23,sz000905,厦门港务,6.88,0.1456
2020-09-24,sz000905,厦门港务,6.68,-2.907
2020-09-25,sz000905,厦门港务,6.64,-0.5988
2020-09-28,sz000905,厦门港务,6.57,-1.0542
2020-09-29,sz000905,厦门港务,6.6,0.4566
2020-09-30,sz000905,厦门港务,6.63,0.4545
2020-10-09,sz000905,厦门港务,6.7,1.0558
2020-10-12,sz000905,厦门港务,6.86,2.3881
2020-10-13,sz000905,厦门港务,6.84,-0.2915
2020-10-14,sz000905,厦门港务,6.79,-0.731
2020-10-15,sz000905,厦门港务,6.69,-1.4728
2020-10-16,sz000905,厦门港务,6.94,3.7369
2020-10-19,sz000905,厦门港务,6.79,-2.1614
2020-10-20,sz000905,厦门港务,6.78,-0.1473
2020-10-21,sz000905,厦门港务,6.71,-1.0324
2020-10-22,sz000905,厦门港务,6.71,0.0
2020-10-23,sz000905,厦门港务,6.69,-0.2981
2020-10-26,sz000905,厦门港务,6.64,-0.7474
2020-10-27,sz000905,厦门港务,6.6,-0.6024
2020-10-28,sz000905,厦门港务,6.61,0.1515
2020-10-29,sz000905,厦门港务,6.71,1.5129
2020-10-30,sz000905,厦门港务,6.57,-2.0864
2020-11-02,sz000905,厦门港务,6.47,-1.5221
2020-11-03,sz000905,厦门港务,6.59,1.8547
2020-11-04,sz000905,厦门港务,6.53,-0.9105
2020-11-05,sz000905,厦门港务,6.6,1.072
2020-11-06,sz000905,厦门港务,6.67,1.0606
2020-11-09,sz000905,厦门港务,6.96,4.3478
2020-11-10,sz000905,厦门港务,6.86,-1.4368
2020-11-11,sz000905,厦门港务,6.8,-0.8746
2020-11-12,sz000905,厦门港务,6.89,1.3235
2020-11-13,sz000905,厦门港务,6.81,-1.1611
2020-11-16,sz000905,厦门港务,6.99,2.6432
2020-11-17,sz000905,厦门港务,7.29,4.2918
2020-11-18,sz000905,厦门港务,8.02,10.0137
2020-11-19,sz000905,厦门港务,8.11,1.1222
2020-11-20,sz000905,厦门港务,7.81,-3.6991
2020-11-23,sz000905,厦门港务,7.73,-1.0243
2020-11-24,sz000905,厦门港务,7.51,-2.8461
2020-11-25,sz000905,厦门港务,7.58,0.9321
2020-11-26,sz000905,厦门港务,7.34,-3.1662
2020-11-27,sz000905,厦门港务,7.29,-0.6812
2020-11-30,sz000905,厦门港务,7.25,-0.5487
2020-12-01,sz000905,厦门港务,7.39,1.931
2020-12-02,sz000905,厦门港务,7.32,-0.9472
2020-12-03,sz000905,厦门港务,7.19,-1.776
2020-12-04,sz000905,厦门港务,7.35,2.2253
2020-12-07,sz000905,厦门港务,7.35,0.0
2020-12-08,sz000905,厦门港务,7.15,-2.7211
2020-12-09,sz000905,厦门港务,7.02,-1.8182
2020-12-10,sz000905,厦门港务,7.0,-0.2849
2020-12-11,sz000905,厦门港务,6.91,-1.2857
2020-12-14,sz000905,厦门港务,6.94,0.4342
2020-12-15,sz000905,厦门港务,6.92,-0.2882
2020-12-16,sz000905,厦门港务,6.92,0.0
2020-12-17,sz000905,厦门港务,7.1,2.6012
2020-12-18,sz000905,厦门港务,7.04,-0.8451
2020-12-21,sz000905,厦门港务,7.02,-0.2841
2020-12-22,sz000905,厦门港务,6.76,-3.7037
2020-12-23,sz000905,厦门港务,6.74,-0.2959
2020-12-24,sz000905,厦门港务,6.75,0.1484
2020-12-25,sz000905,厦门港务,6.9,2.2222
2020-12-28,sz000905,厦门港务,6.79,-1.5942
2020-12-29,sz000905,厦门港务,7.26,6.9219
2020-12-30,sz000905,厦门港务,7.15,-1.5152
2020-12-31,sz000905,厦门港务,7.17,0.2797
2021-01-04,sz000905,厦门港务,7.6,5.9972
2021-01-05,sz000905,厦门港务,7.6,0.0
2021-01-06,sz000905,厦门港务,7.24,-4.7368
2021-01-07,sz000905,厦门港务,7.09,-2.0718
2021-01-08,sz000905,厦门港务,6.87,-3.103
2021-01-11,sz000905,厦门港务,6.66,-3.0568
2021-01-12,sz000905,厦门港务,6.72,0.9009
2021-01-13,sz000905,厦门港务,6.78,0.8929
2021-01-14,sz000905,厦门港务,6.79,0.1475
2021-01-15,sz000905,厦门港务,6.88,1.3255
2021-01-18,sz000905,厦门港务,6.91,0.436
2021-01-19,sz000905,厦门港务,6.86,-0.7236
2021-01-20,sz000905,厦门港务,6.84,-0.2915
2021-01-21,sz000905,厦门港务,6.93,1.3158
2021-01-22,sz000905,厦门港务,6.81,-1.7316
2021-01-25,sz000905,厦门港务,6.62,-2.79
2021-01-26,sz000905,厦门港务,6.59,-0.4532
2021-01-27,sz000905,厦门港务,6.65,0.9105
2021-01-28,sz000905,厦门港务,6.53,-1.8045
2021-01-29,sz000905,厦门港务,6.6,1.072
2021-02-01,sz000905,厦门港务,6.55,-0.7576
2021-02-02,sz000905,厦门港务,6.55,0.0
2021-02-03,sz000905,厦门港务,6.4,-2.2901
2021-02-04,sz000905,厦门港务,6.21,-2.9688
2021-02-05,sz000905,厦门港务,6.22,0.161
2021-02-08,sz000905,厦门港务,6.3,1.2862
2021-02-09,sz000905,厦门港务,6.38,1.2698
2021-02-10,sz000905,厦门港务,6.38,0.0
2021-02-18,sz000905,厦门港务,6.55,2.6646
2021-02-19,sz000905,厦门港务,6.68,1.9847
2021-02-22,sz000905,厦门港务,6.72,0.5988
2021-02-23,sz000905,厦门港务,6.72,0.0
2021-02-24,sz000905,厦门港务,6.67,-0.744
2021-02-25,sz000905,厦门港务,6.71,0.5997
2021-02-26,sz000905,厦门港务,6.62,-1.3413
2021-03-01,sz000905,厦门港务,6.7,1.2085
2021-03-02,sz000905,厦门港务,6.65,-0.7463
2021-03-03,sz000905,厦门港务,6.78,1.9549
2021-03-04,sz000905,厦门港务,6.83,0.7375
2021-03-05,sz000905,厦门港务,6.9,1.0249
2021-03-08,sz000905,厦门港务,6.76,-2.029
2021-03-09,sz000905,厦门港务,6.82,0.8876
2021-03-10,sz000905,厦门港务,6.68,-2.0528
2021-03-11,sz000905,厦门港务,6.91,3.4431
2021-03-12,sz000905,厦门港务,6.97,0.8683
2021-03-15,sz000905,厦门港务,7.1,1.8651
2021-03-16,sz000905,厦门港务,7.03,-0.9859
2021-03-17,sz000905,厦门港务,7.17,1.9915
2021-03-18,sz000905,厦门港务,6.96,-2.9289
2021-03-19,sz000905,厦门港务,6.87,-1.2931
2021-03-22,sz000905,厦门港务,7.22,5.0946
2021-03-23,sz000905,厦门港务,7.07,-2.0776
2021-03-24,sz000905,厦门港务,6.98,-1.273
2021-03-25,sz000905,厦门港务,7.1,1.7192
2021-03-26,sz000905,厦门港务,7.05,-0.7042
2021-03-29,sz000905,厦门港务,7.0,-0.7092
2021-03-30,sz000905,厦门港务,6.85,-2.1429
2021-03-31,sz000905,厦门港务,7.14,4.2336
2021-04-01,sz000905,厦门港务,7.26,1.6807
2021-04-02,sz000905,厦门港务,7.07,-2.6171
2021-04-06,sz000905,厦门港务,7.03,-0.5658
2021-04-07,sz000905,厦门港务,7.11,1.138
2021-04-08,sz000905,厦门港务,6.97,-1.9691
2021-04-09,sz000905,厦门港务,6.97,0.0
2021-04-12,sz000905,厦门港务,7.02,0.7174
2021-04-13,sz000905,厦门港务,6.9,-1.7094
2021-04-14,sz000905,厦门港务,6.96,0.8696
2021-04-15,sz000905,厦门港务,6.92,-0.5747
2021-04-16,sz000905,厦门港务,7.04,1.7341
2021-04-19,sz000905,厦门港务,7.09,0.7102
2021-04-20,sz000905,厦门港务,7.01,-1.1283
2021-04-21,sz000905,厦门港务,6.95,-0.8559
2021-04-22,sz000905,厦门港务,6.94,-0.1439
2021-04-23,sz000905,厦门港务,6.89,-0.7205
2021-04-26,sz000905,厦门港务,6.87,-0.2903
2021-04-27,sz000905,厦门港务,6.77,-1.4556
2021-04-28,sz000905,厦门港务,6.8,0.4431
2021-04-29,sz000905,厦门港务,6.85,0.7353
2021-04-30,sz000905,厦门港务,6.76,-1.3139
2021-05-06,sz000905,厦门港务,6.8,0.5917
2021-05-07,sz000905,厦门港务,6.85,0.7353
2021-05-10,sz000905,厦门港务,6.84,-0.146
2021-05-11,sz000905,厦门港务,6.87,0.4386
2021-05-12,sz000905,厦门港务,6.96,1.31
2021-05-13,sz000905,厦门港务,6.94,-0.2874
2021-05-14,sz000905,厦门港务,6.97,0.4323
2021-05-17,sz000905,厦门港务,6.93,-0.5739
2021-05-18,sz000905,厦门港务,6.93,0.0
2021-05-19,sz000905,厦门港务,6.79,-2.0202
2021-05-20,sz000905,厦门港务,6.72,-1.0309
2021-05-21,sz000905,厦门港务,6.73,0.1488
2021-05-24,sz000905,厦门港务,6.8,1.0401
2021-05-25,sz000905,厦门港务,6.83,0.4412
2021-05-26,sz000905,厦门港务,6.85,0.2928
2021-05-27,sz000905,厦门港务,6.85,0.0
2021-05-28,sz000905,厦门港务,6.81,-0.5839
2021-05-31,sz000905,厦门港务,6.79,-0.2937
2021-06-01,sz000905,厦门港务,6.82,0.4418
2021-06-02,sz000905,厦门港务,6.78,-0.5865
2021-06-03,sz000905,厦门港务,6.87,1.3274
2021-06-04,sz000905,厦门港务,6.8,-1.0189
2021-06-07,sz000905,厦门港务,6.77,-0.4412
2021-06-08,sz000905,厦门港务,6.76,-0.1477
2021-06-09,sz000905,厦门港务,6.77,0.1479
2021-06-10,sz000905,厦门港务,6.76,-0.1477
2021-06-11,sz000905,厦门港务,6.7,-0.8876
2021-06-15,sz000905,厦门港务,6.63,-1.0448
2021-06-16,sz000905,厦门港务,6.6,-0.4525
2021-06-17,sz000905,厦门港务,6.61,0.1515
2021-06-18,sz000905,厦门港务,6.65,0.6051
2021-06-21,sz000905,厦门港务,6.67,0.3008
2021-06-22,sz000905,厦门港务,6.7,0.4498
2021-06-23,sz000905,厦门港务,6.71,0.1493
2021-06-24,sz000905,厦门港务,6.76,0.7452
2021-06-25,sz000905,厦门港务,6.76,0.0
2021-06-28,sz000905,厦门港务,6.72,-0.5917
2021-06-29,sz000905,厦门港务,6.65,-1.0417
2021-06-30,sz000905,厦门港务,6.66,0.1504
2021-07-01,sz000905,厦门港务,6.61,-0.7508
2021-07-02,sz000905,厦门港务,6.61,0.0
2021-07-05,sz000905,厦门港务,6.65,0.6051
2021-07-06,sz000905,厦门港务,6.66,0.1504
2021-07-07,sz000905,厦门港务,6.64,-0.3003
2021-07-08,sz000905,厦门港务,6.52,-1.8072
2021-07-09,sz000905,厦门港务,6.52,0.0
2021-07-12,sz000905,厦门港务,6.56,0.6135
2021-07-13,sz000905,厦门港务,6.55,-0.1524
2021-07-14,sz000905,厦门港务,6.52,-0.458
2021-07-15,sz000905,厦门港务,6.5,-0.3067
2021-07-16,sz000905,厦门港务,6.61,1.6923
2021-07-19,sz000905,厦门港务,6.63,0.3026
2021-07-20,sz000905,厦门港务,6.57,-0.905
2021-07-21,sz000905,厦门港务,6.55,-0.3044
2021-07-22,sz000905,厦门港务,6.59,0.6107
2021-07-23,sz000905,厦门港务,6.52,-1.0622
2021-07-26,sz000905,厦门港务,6.43,-1.3804
2021-07-27,sz000905,厦门港务,6.36,-1.0886
2021-07-28,sz000905,厦门港务,6.22,-2.2013
2021-07-29,sz000905,厦门港务,6.22,0.0
2021-07-30,sz000905,厦门港务,6.31,1.4469
2021-08-02,sz000905,厦门港务,6.37,0.9509
2021-08-03,sz000905,厦门港务,6.36,-0.157
2021-08-04,sz000905,厦门港务,6.35,-0.1572
2021-08-05,sz000905,厦门港务,6.34,-0.1575
2021-08-06,sz000905,厦门港务,6.34,0.0
2021-08-09,sz000905,厦门港务,6.4,0.9464
2021-08-10,sz000905,厦门港务,6.42,0.3125
2021-08-11,sz000905,厦门港务,6.41,-0.1558
2021-08-12,sz000905,厦门港务,6.42,0.156
2021-08-13,sz000905,厦门港务,6.49,1.0903
2021-08-16,sz000905,厦门港务,6.55,0.9245
2021-08-17,sz000905,厦门港务,6.43,-1.8321
2021-08-18,sz000905,厦门港务,6.54,1.7107
2021-08-19,sz000905,厦门港务,6.47,-1.0703
2021-08-20,sz000905,厦门港务,6.47,0.0
2021-08-23,sz000905,厦门港务,6.54,1.0819
2021-08-24,sz000905,厦门港务,6.58,0.6116
2021-08-25,sz000905,厦门港务,6.65,1.0638
2021-08-26,sz000905,厦门港务,6.66,0.1504
2021-08-27,sz000905,厦门港务,6.67,0.1502
2021-08-30,sz000905,厦门港务,6.69,0.2999
2021-08-31,sz000905,厦门港务,6.67,-0.299
2021-09-01,sz000905,厦门港务,6.73,0.8996
2021-09-02,sz000905,厦门港务,6.75,0.2972
2021-09-03,sz000905,厦门港务,6.82,1.037
2021-09-06,sz000905,厦门港务,6.85,0.4399
2021-09-07,sz000905,厦门港务,6.87,0.292
2021-09-08,sz000905,厦门港务,6.93,0.8734
2021-09-09,sz000905,厦门港务,7.04,1.5873
2021-09-10,sz000905,厦门港务,6.91,-1.8466
2021-09-13,sz000905,厦门港务,7.2,4.1968
2021-09-14,sz000905,厦门港务,7.0,-2.7778
2021-09-15,sz000905,厦门港务,7.02,0.2857
2021-09-16,sz000905,厦门港务,6.93,-1.2821
2021-09-17,sz000905,厦门港务,6.92,-0.1443
2021-09-22,sz000905,厦门港务,7.06,2.0231
2021-09-23,sz000905,厦门港务,7.09,0.4249
2021-09-24,sz000905,厦门港务,6.97,-1.6925
2021-09-27,sz000905,厦门港务,6.71,-3.7303
2021-09-28,sz000905,厦门港务,6.74,0.4471
2021-09-29,sz000905,厦门港务,6.54,-2.9674
2021-09-30,sz000905,厦门港务,6.62,1.2232
2021-10-08,sz000905,厦门港务,6.79,2.568
2021-10-11,sz000905,厦门港务,6.81,0.2946
2021-10-12,sz000905,厦门港务,6.72,-1.3216
2021-10-13,sz000905,厦门港务,6.64,-1.1905
2021-10-14,sz000905,厦门港务,6.62,-0.3012
2021-10-15,sz000905,厦门港务,6.51,-1.6616
2021-10-18,sz000905,厦门港务,6.56,0.768
2021-10-19,sz000905,厦门港务,6.57,0.1524
2021-10-20,sz000905,厦门港务,6.54,-0.4566
2021-10-21,sz000905,厦门港务,6.52,-0.3058
2021-10-22,sz000905,厦门港务,6.37,-2.3006
2021-10-25,sz000905,厦门港务,6.39,0.314
2021-10-26,sz000905,厦门港务,6.36,-0.4695
2021-10-27,sz000905,厦门港务,6.29,-1.1006
2021-10-28,sz000905,厦门港务,6.22,-1.1129
2021-10-29,sz000905,厦门港务,6.34,1.9293
2021-11-01,sz000905,厦门港务,6.36,0.3155
2021-11-02,sz000905,厦门港务,7.0,10.0629
2021-11-03,sz000905,厦门港务,7.15,2.1429
2021-11-04,sz000905,厦门港务,7.07,-1.1189
2021-11-05,sz000905,厦门港务,6.91,-2.2631
2021-11-08,sz000905,厦门港务,6.91,0.0
2021-11-09,sz000905,厦门港务,6.84,-1.013
2021-11-10,sz000905,厦门港务,6.87,0.4386
2021-11-11,sz000905,厦门港务,6.9,0.4367
2021-11-12,sz000905,厦门港务,6.86,-0.5797
2021-11-15,sz000905,厦门港务,7.03,2.4781
2021-11-16,sz000905,厦门港务,6.89,-1.9915
2021-11-17,sz000905,厦门港务,6.88,-0.1451
2021-11-18,sz000905,厦门港务,6.81,-1.0174
2021-11-19,sz000905,厦门港务,7.39,8.5169
2021-11-22,sz000905,厦门港务,7.18,-2.8417
2021-11-23,sz000905,厦门港务,7.2,0.2786
2021-11-24,sz000905,厦门港务,7.29,1.25
2021-11-25,sz000905,厦门港务,7.26,-0.4115
2021-11-26,sz000905,厦门港务,7.32,0.8264
2021-11-29,sz000905,厦门港务,7.51,2.5956
2021-11-30,sz000905,厦门港务,7.47,-0.5326
2021-12-01,sz000905,厦门港务,7.43,-0.5355
2021-12-02,sz000905,厦门港务,7.3,-1.7497
2021-12-03,sz000905,厦门港务,7.49,2.6027
2021-12-06,sz000905,厦门港务,7.26,-3.0708
2021-12-07,sz000905,厦门港务,7.22,-0.551
2021-12-08,sz000905,厦门港务,7.25,0.4155
2021-12-09,sz000905,厦门港务,7.34,1.2414
2021-12-10,sz000905,厦门港务,7.29,-0.6812
2021-12-13,sz000905,厦门港务,7.26,-0.4115
2021-12-14,sz000905,厦门港务,7.1,-2.2039
2021-12-15,sz000905,厦门港务,7.12,0.2817
2021-12-16,sz000905,厦门港务,7.21,1.264
2021-12-17,sz000905,厦门港务,7.32,1.5257
2021-12-20,sz000905,厦门港务,7.82,6.8306
2021-12-21,sz000905,厦门港务,7.91,1.1509
2021-12-22,sz000905,厦门港务,7.67,-3.0341
2021-12-23,sz000905,厦门港务,7.64,-0.3911
2021-12-24,sz000905,厦门港务,7.51,-1.7016
2021-12-27,sz000905,厦门港务,7.64,1.731
2021-12-28,sz000905,厦门港务,7.62,-0.2618
2021-12-29,sz000905,厦门港务,7.78,2.0997
2021-12-30,sz000905,厦门港务,7.58,-2.5707
2021-12-31,sz000905,厦门港务,7.52,-0.7916
2022-01-04,sz000905,厦门港务,7.85,4.3883
2022-01-05,sz000905,厦门港务,7.85,0.0
2022-01-06,sz000905,厦门港务,7.97,1.5287
2022-01-07,sz000905,厦门港务,7.84,-1.6311
2022-01-10,sz000905,厦门港务,7.77,-0.8929
2022-01-11,sz000905,厦门港务,7.77,0.0
2022-01-12,sz000905,厦门港务,7.75,-0.2574
2022-01-13,sz000905,厦门港务,8.0,3.2258
2022-01-14,sz000905,厦门港务,7.42,-7.25
2022-01-17,sz000905,厦门港务,7.49,0.9434
2022-01-18,sz000905,厦门港务,7.5,0.1335
2022-01-19,sz000905,厦门港务,7.71,2.8
2022-01-20,sz000905,厦门港务,7.46,-3.2425
2022-01-21,sz000905,厦门港务,7.5,0.5362
2022-01-24,sz000905,厦门港务,7.13,-4.9333
2022-01-25,sz000905,厦门港务,6.76,-5.1893
2022-01-26,sz000905,厦门港务,6.99,3.4024
2022-01-27,sz000905,厦门港务,6.92,-1.0014
2022-01-28,sz000905,厦门港务,7.12,2.8902
2022-02-07,sz000905,厦门港务,7.49,5.1966
2022-02-08,sz000905,厦门港务,7.78,3.8718
2022-02-09,sz000905,厦门港务,7.69,-1.1568
2022-02-10,sz000905,厦门港务,7.74,0.6502
2022-02-11,sz000905,厦门港务,7.71,-0.3876
2022-02-14,sz000905,厦门港务,7.6,-1.4267
2022-02-15,sz000905,厦门港务,7.45,-1.9737
2022-02-16,sz000905,厦门港务,7.52,0.9396
2022-02-17,sz000905,厦门港务,7.47,-0.6649
2022-02-18,sz000905,厦门港务,7.71,3.2129
2022-02-21,sz000905,厦门港务,7.64,-0.9079
2022-02-22,sz000905,厦门港务,7.45,-2.4869
2022-02-23,sz000905,厦门港务,7.41,-0.5369
2022-02-24,sz000905,厦门港务,7.07,-4.5884
2022-02-25,sz000905,厦门港务,7.51,6.2235
2022-02-28,sz000905,厦门港务,7.65,1.8642
2022-03-01,sz000905,厦门港务,7.75,1.3072
2022-03-02,sz000905,厦门港务,8.23,6.1935
2022-03-03,sz000905,厦门港务,8.42,2.3086
2022-03-04,sz000905,厦门港务,8.09,-3.9192
2022-03-07,sz000905,厦门港务,7.87,-2.7194
2022-03-08,sz000905,厦门港务,7.71,-2.033
2022-03-09,sz000905,厦门港务,7.58,-1.6861
2022-03-10,sz000905,厦门港务,7.65,0.9235
2022-03-11,sz000905,厦门港务,7.79,1.8301
2022-03-14,sz000905,厦门港务,7.67,-1.5404
2022-03-15,sz000905,厦门港务,7.01,-8.605
2022-03-16,sz000905,厦门港务,7.26,3.5663
2022-03-17,sz000905,厦门港务,7.22,-0.551
2022-03-18,sz000905,厦门港务,7.32,1.385
2022-03-21,sz000905,厦门港务,7.26,-0.8197
2022-03-22,sz000905,厦门港务,7.2,-0.8264
2022-03-23,sz000905,厦门港务,7.19,-0.1389
2022-03-24,sz000905,厦门港务,7.3,1.5299
2022-03-25,sz000905,厦门港务,7.35,0.6849
2022-03-28,sz000905,厦门港务,7.39,0.5442
2022-03-29,sz000905,厦门港务,7.4,0.1353
2022-03-30,sz000905,厦门港务,7.53,1.7568
2022-03-31,sz000905,厦门港务,7.7,2.2576
2022-04-01,sz000905,厦门港务,8.14,5.7143
2022-04-06,sz000905,厦门港务,8.14,0.0
2022-04-07,sz000905,厦门港务,7.73,-5.0369
2022-04-08,sz000905,厦门港务,7.91,2.3286
2022-04-11,sz000905,厦门港务,7.88,-0.3793
2022-04-12,sz000905,厦门港务,8.67,10.0254
2022-04-13,sz000905,厦门港务,9.54,10.0346
2022-04-14,sz000905,厦门港务,8.66,-9.2243
2022-04-15,sz000905,厦门港务,8.22,-5.0808
2022-04-18,sz000905,厦门港务,8.26,0.4866
2022-04-19,sz000905,厦门港务,8.08,-2.1792
2022-04-20,sz000905,厦门港务,7.75,-4.0842
2022-04-21,sz000905,厦门港务,7.4,-4.5161
2022-04-22,sz000905,厦门港务,7.43,0.4054
2022-04-25,sz000905,厦门港务,6.88,-7.4024
2022-04-26,sz000905,厦门港务,6.73,-2.1802
2022-04-27,sz000905,厦门港务,6.84,1.6345
2022-04-28,sz000905,厦门港务,6.66,-2.6316
2022-04-29,sz000905,厦门港务,6.86,3.003
2022-05-05,sz000905,厦门港务,6.94,1.1662
2022-05-06,sz000905,厦门港务,6.76,-2.5937
2022-05-09,sz000905,厦门港务,6.93,2.5148
2022-05-10,sz000905,厦门港务,7.05,1.7316
2022-05-11,sz000905,厦门港务,7.05,0.0
2022-05-12,sz000905,厦门港务,7.3,3.5461
2022-05-13,sz000905,厦门港务,7.48,2.4658
2022-05-16,sz000905,厦门港务,7.66,2.4064
2022-05-17,sz000905,厦门港务,7.55,-1.436
2022-05-18,sz000905,厦门港务,7.6,0.6623
2022-05-19,sz000905,厦门港务,7.89,3.8158
2022-05-20,sz000905,厦门港务,7.78,-1.3942
2022-05-23,sz000905,厦门港务,7.84,0.7712
2022-05-24,sz000905,厦门港务,7.55,-3.699
2022-05-25,sz000905,厦门港务,8.07,6.8874
2022-05-26,sz000905,厦门港务,8.52,5.5762
2022-05-27,sz000905,厦门港务,8.4,-1.4085
2022-05-30,sz000905,厦门港务,8.27,-1.5476
2022-05-31,sz000905,厦门港务,8.41,1.6929
2022-06-01,sz000905,厦门港务,9.25,9.9881
2022-06-02,sz000905,厦门港务,8.72,-5.7297
2022-06-06,sz000905,厦门港务,8.31,-4.7018
2022-06-07,sz000905,厦门港务,8.4,1.083
2022-06-08,sz000905,厦门港务,8.22,-2.1429
2022-06-09,sz000905,厦门港务,7.93,-3.528
2022-06-10,sz000905,厦门港务,8.13,2.5221
2022-06-13,sz000905,厦门港务,7.98,-1.845
2022-06-14,sz000905,厦门港务,7.96,-0.2506
2022-06-15,sz000905,厦门港务,7.87,-1.1307
2022-06-16,sz000905,厦门港务,7.82,-0.6353
2022-06-17,sz000905,厦门港务,7.77,-0.6394
2022-06-20,sz000905,厦门港务,7.89,1.5444
2022-06-21,sz000905,厦门港务,7.94,0.6337
2022-06-22,sz000905,厦门港务,7.78,-2.0151
2022-06-23,sz000905,厦门港务,7.88,1.2853
2022-06-24,sz000905,厦门港务,7.88,0.0
2022-06-27,sz000905,厦门港务,7.93,0.6345
2022-06-28,sz000905,厦门港务,8.01,1.0088
2022-06-29,sz000905,厦门港务,7.95,-0.7491
2022-06-30,sz000905,厦门港务,7.9,-0.6289
2022-07-01,sz000905,厦门港务,7.83,-0.8861
2022-07-04,sz000905,厦门港务,7.8,-0.3831
2022-07-05,sz000905,厦门港务,7.82,0.2564
2022-07-06,sz000905,厦门港务,7.52,-3.8363
2022-07-07,sz000905,厦门港务,7.62,1.3298
2022-07-08,sz000905,厦门港务,7.71,1.1811
2022-07-11,sz000905,厦门港务,7.81,1.297
2022-07-12,sz000905,厦门港务,7.76,-0.6402
2022-07-13,sz000905,厦门港务,8.05,3.7371
2022-07-14,sz000905,厦门港务,7.93,-1.4907
2022-07-15,sz000905,厦门港务,7.89,-0.5044
2022-07-18,sz000905,厦门港务,8.12,2.9151
2022-07-19,sz000905,厦门港务,8.16,0.4926
2022-07-20,sz000905,厦门港务,8.16,0.0
2022-07-21,sz000905,厦门港务,8.07,-1.1029
2022-07-22,sz000905,厦门港务,8.08,0.1239
2022-07-25,sz000905,厦门港务,8.09,0.1238
2022-07-26,sz000905,厦门港务,8.22,1.6069
2022-07-27,sz000905,厦门港务,8.14,-0.9732
2022-07-28,sz000905,厦门港务,8.14,0.0
2022-07-29,sz000905,厦门港务,8.0,-1.7199
2022-08-01,sz000905,厦门港务,8.01,0.125
2022-08-02,sz000905,厦门港务,7.79,-2.7466
2022-08-03,sz000905,厦门港务,8.03,3.0809
2022-08-04,sz000905,厦门港务,7.7,-4.1096
2022-08-05,sz000905,厦门港务,7.76,0.7792
2022-08-08,sz000905,厦门港务,8.27,6.5722
2022-08-09,sz000905,厦门港务,8.27,0.0
2022-08-10,sz000905,厦门港务,8.33,0.7255
2022-08-11,sz000905,厦门港务,8.39,0.7203
2022-08-12,sz000905,厦门港务,8.31,-0.9535
2022-08-15,sz000905,厦门港务,8.27,-0.4813
2022-08-16,sz000905,厦门港务,8.46,2.2975
2022-08-17,sz000905,厦门港务,8.37,-1.0638
2022-08-18,sz000905,厦门港务,8.48,1.3142
2022-08-19,sz000905,厦门港务,8.59,1.2972
2022-08-22,sz000905,厦门港务,8.58,-0.1164
2022-08-23,sz000905,厦门港务,8.57,-0.1166
2022-08-24,sz000905,厦门港务,8.43,-1.6336
2022-08-25,sz000905,厦门港务,8.68,2.9656
2022-08-26,sz000905,厦门港务,8.42,-2.9954
2022-08-29,sz000905,厦门港务,8.34,-0.9501
2022-08-30,sz000905,厦门港务,8.38,0.4796
2022-08-31,sz000905,厦门港务,8.06,-3.8186
2022-09-01,sz000905,厦门港务,8.14,0.9926
2022-09-02,sz000905,厦门港务,8.15,0.1229
2022-09-05,sz000905,厦门港务,8.39,2.9448
2022-09-06,sz000905,厦门港务,8.4,0.1192
2022-09-07,sz000905,厦门港务,8.22,-2.1429
2022-09-08,sz000905,厦门港务,8.13,-1.0949
2022-09-09,sz000905,厦门港务,8.08,-0.615
2022-09-13,sz000905,厦门港务,8.0,-0.9901
2022-09-14,sz000905,厦门港务,7.93,-0.875
2022-09-15,sz000905,厦门港务,7.73,-2.5221
2022-09-16,sz000905,厦门港务,7.47,-3.3635
2022-09-19,sz000905,厦门港务,7.42,-0.6693
2022-09-20,sz000905,厦门港务,7.46,0.5391
2022-09-21,sz000905,厦门港务,7.63,2.2788
2022-09-22,sz000905,厦门港务,7.65,0.2621
2022-09-23,sz000905,厦门港务,7.54,-1.4379
2022-09-26,sz000905,厦门港务,7.26,-3.7135
2022-09-27,sz000905,厦门港务,7.42,2.2039
2022-09-28,sz000905,厦门港务,7.21,-2.8302
2022-09-29,sz000905,厦门港务,7.12,-1.2483
2022-09-30,sz000905,厦门港务,7.08,-0.5618
2022-10-10,sz000905,厦门港务,7.08,0.0
2022-10-11,sz000905,厦门港务,7.18,1.4124
2022-10-12,sz000905,厦门港务,7.31,1.8106
2022-10-13,sz000905,厦门港务,7.32,0.1368
2022-10-14,sz000905,厦门港务,7.41,1.2295
2022-10-17,sz000905,厦门港务,7.49,1.0796
2022-10-18,sz000905,厦门港务,7.49,0.0
2022-10-19,sz000905,厦门港务,7.6,1.4686
2022-10-20,sz000905,厦门港务,7.49,-1.4474
2022-10-21,sz000905,厦门港务,7.61,1.6021
2022-10-24,sz000905,厦门港务,7.41,-2.6281
2022-10-25,sz000905,厦门港务,7.38,-0.4049
2022-10-26,sz000905,厦门港务,7.47,1.2195
2022-10-27,sz000905,厦门港务,7.58,1.4726
2022-10-28,sz000905,厦门港务,7.35,-3.0343
2022-10-31,sz000905,厦门港务,7.25,-1.3605
2022-11-01,sz000905,厦门港务,7.37,1.6552
2022-11-02,sz000905,厦门港务,7.46,1.2212
2022-11-03,sz000905,厦门港务,7.4,-0.8043
2022-11-04,sz000905,厦门港务,7.49,1.2162
2022-11-07,sz000905,厦门港务,7.52,0.4005
2022-11-08,sz000905,厦门港务,7.5,-0.266
2022-11-09,sz000905,厦门港务,7.39,-1.4667
2022-11-10,sz000905,厦门港务,7.38,-0.1353
2022-11-11,sz000905,厦门港务,7.53,2.0325
2022-11-14,sz000905,厦门港务,7.51,-0.2656
2022-11-15,sz000905,厦门港务,7.58,0.9321
2022-11-16,sz000905,厦门港务,7.59,0.1319
2022-11-17,sz000905,厦门港务,7.65,0.7905
2022-11-18,sz000905,厦门港务,7.49,-2.0915
2022-11-21,sz000905,厦门港务,7.36,-1.7356
2022-11-22,sz000905,厦门港务,7.37,0.1359
2022-11-23,sz000905,厦门港务,7.39,0.2714
2022-11-24,sz000905,厦门港务,7.31,-1.0825
2022-11-25,sz000905,厦门港务,7.38,0.9576
2022-11-28,sz000905,厦门港务,7.63,3.3875
2022-11-29,sz000905,厦门港务,7.6,-0.3932
2022-11-30,sz000905,厦门港务,7.63,0.3947
2022-12-01,sz000905,厦门港务,7.61,-0.2621
2022-12-02,sz000905,厦门港务,7.58,-0.3942
2022-12-05,sz000905,厦门港务,7.84,3.4301
2022-12-06,sz000905,厦门港务,7.82,-0.2551
2022-12-07,sz000905,厦门港务,7.78,-0.5115
2022-12-08,sz000905,厦门港务,7.94,2.0566
2022-12-09,sz000905,厦门港务,7.84,-1.2594
2022-12-12,sz000905,厦门港务,7.68,-2.0408
2022-12-13,sz000905,厦门港务,7.82,1.8229
2022-12-14,sz000905,厦门港务,7.77,-0.6394
2022-12-15,sz000905,厦门港务,7.66,-1.4157
2022-12-16,sz000905,厦门港务,7.64,-0.2611
2022-12-19,sz000905,厦门港务,7.4,-3.1414
2022-12-20,sz000905,厦门港务,7.35,-0.6757
2022-12-21,sz000905,厦门港务,7.4,0.6803
2022-12-22,sz000905,厦门港务,7.24,-2.1622
2022-12-23,sz000905,厦门港务,7.29,0.6906
2022-12-26,sz000905,厦门港务,7.29,0.0
2022-12-27,sz000905,厦门港务,7.4,1.5089
2022-12-28,sz000905,厦门港务,7.27,-1.7568
2022-12-29,sz000905,厦门港务,7.12,-2.0633
2022-12-30,sz000905,厦门港务,7.22,1.4045
2023-01-03,sz000905,厦门港务,7.29,0.9695
2023-01-04,sz000905,厦门港务,7.3,0.1372
2023-01-05,sz000905,厦门港务,7.32,0.274
2023-01-06,sz000905,厦门港务,7.26,-0.8197
2023-01-09,sz000905,厦门港务,7.25,-0.1377
2023-01-10,sz000905,厦门港务,7.2,-0.6897
2023-01-11,sz000905,厦门港务,7.17,-0.4167
2023-01-12,sz000905,厦门港务,7.12,-0.6974
2023-01-13,sz000905,厦门港务,7.26,1.9663
2023-01-16,sz000905,厦门港务,7.34,1.1019
2023-01-17,sz000905,厦门港务,7.29,-0.6812
2023-01-18,sz000905,厦门港务,7.27,-0.2743
2023-01-19,sz000905,厦门港务,7.32,0.6878
2023-01-20,sz000905,厦门港务,7.66,4.6448
2023-01-30,sz000905,厦门港务,7.62,-0.5222
2023-01-31,sz000905,厦门港务,7.7,1.0499
2023-02-01,sz000905,厦门港务,7.73,0.3896
2023-02-02,sz000905,厦门港务,7.73,0.0
2023-02-03,sz000905,厦门港务,7.66,-0.9056
2023-02-06,sz000905,厦门港务,7.75,1.1749
2023-02-07,sz000905,厦门港务,8.13,4.9032
2023-02-08,sz000905,厦门港务,7.8,-4.059
2023-02-09,sz000905,厦门港务,7.86,0.7692
2023-02-10,sz000905,厦门港务,7.85,-0.1272
2023-02-13,sz000905,厦门港务,7.83,-0.2548
2023-02-14,sz000905,厦门港务,7.75,-1.0217
2023-02-15,sz000905,厦门港务,7.69,-0.7742
2023-02-16,sz000905,厦门港务,7.35,-4.4213
2023-02-17,sz000905,厦门港务,7.32,-0.4082
2023-02-20,sz000905,厦门港务,7.4,1.0929
2023-02-21,sz000905,厦门港务,7.43,0.4054
2023-02-22,sz000905,厦门港务,7.43,0.0
2023-02-23,sz000905,厦门港务,7.42,-0.1346
2023-02-24,sz000905,厦门港务,7.38,-0.5391
2023-02-27,sz000905,厦门港务,7.4,0.271
2023-02-28,sz000905,厦门港务,7.44,0.5405
2023-03-01,sz000905,厦门港务,7.49,0.672
2023-03-02,sz000905,厦门港务,7.57,1.0681
2023-03-03,sz000905,厦门港务,7.64,0.9247
2023-03-06,sz000905,厦门港务,7.63,-0.1309
2023-03-07,sz000905,厦门港务,7.6,-0.3932
2023-03-08,sz000905,厦门港务,7.65,0.6579
2023-03-09,sz000905,厦门港务,7.61,-0.5229
2023-03-10,sz000905,厦门港务,7.48,-1.7083
2023-03-13,sz000905,厦门港务,7.58,1.3369
2023-03-14,sz000905,厦门港务,7.51,-0.9235
2023-03-15,sz000905,厦门港务,7.69,2.3968
2023-03-16,sz000905,厦门港务,7.6,-1.1704
2023-03-17,sz000905,厦门港务,7.69,1.1842
2023-03-20,sz000905,厦门港务,7.59,-1.3004
2023-03-21,sz000905,厦门港务,7.65,0.7905
2023-03-22,sz000905,厦门港务,7.65,0.0
2023-03-23,sz000905,厦门港务,7.56,-1.1765
2023-03-24,sz000905,厦门港务,7.45,-1.455
2023-03-27,sz000905,厦门港务,7.39,-0.8054
2023-03-28,sz000905,厦门港务,7.31,-1.0825
2023-03-29,sz000905,厦门港务,7.22,-1.2312
2023-03-30,sz000905,厦门港务,7.17,-0.6925
2023-03-31,sz000905,厦门港务,7.21,0.5579
2023-04-03,sz000905,厦门港务,7.28,0.9709
2023-04-04,sz000905,厦门港务,7.29,0.1374
2023-04-06,sz000905,厦门港务,7.18,-1.5089
2023-04-07,sz000905,厦门港务,7.22,0.5571
2023-04-10,sz000905,厦门港务,7.04,-2.4931
2023-04-11,sz000905,厦门港务,7.05,0.142
2023-04-12,sz000905,厦门港务,7.1,0.7092
2023-04-13,sz000905,厦门港务,7.09,-0.1408
2023-04-14,sz000905,厦门港务,7.14,0.7052
2023-04-17,sz000905,厦门港务,7.85,9.944
2023-04-18,sz000905,厦门港务,7.75,-1.2739
2023-04-19,sz000905,厦门港务,8.06,4.0
2023-04-20,sz000905,厦门港务,7.98,-0.9926
2023-04-21,sz000905,厦门港务,7.59,-4.8872
2023-04-24,sz000905,厦门港务,7.34,-3.2938
2023-04-25,sz000905,厦门港务,7.39,0.6812
2023-04-26,sz000905,厦门港务,7.27,-1.6238
2023-04-27,sz000905,厦门港务,7.29,0.2751
2023-04-28,sz000905,厦门港务,7.54,3.4294
2023-05-04,sz000905,厦门港务,7.74,2.6525
2023-05-05,sz000905,厦门港务,7.74,0.0
2023-05-08,sz000905,厦门港务,7.88,1.8088
2023-05-09,sz000905,厦门港务,7.89,0.1269
2023-05-10,sz000905,厦门港务,7.85,-0.507
2023-05-11,sz000905,厦门港务,7.8,-0.6369
2023-05-12,sz000905,厦门港务,7.74,-0.7692
2023-05-15,sz000905,厦门港务,7.82,1.0336
2023-05-16,sz000905,厦门港务,7.66,-2.046
2023-05-17,sz000905,厦门港务,7.73,0.9138
2023-05-18,sz000905,厦门港务,7.66,-0.9056
2023-05-19,sz000905,厦门港务,7.56,-1.3055
2023-05-22,sz000905,厦门港务,7.47,-1.1905
2023-05-23,sz000905,厦门港务,7.42,-0.6693
2023-05-24,sz000905,厦门港务,7.3,-1.6173
2023-05-25,sz000905,厦门港务,7.32,0.274
2023-05-26,sz000905,厦门港务,7.34,0.2732
2023-05-29,sz000905,厦门港务,7.35,0.1362
2023-05-30,sz000905,厦门港务,7.33,-0.2721
2023-05-31,sz000905,厦门港务,7.53,2.7285
2023-06-01,sz000905,厦门港务,7.68,1.992
2023-06-02,sz000905,厦门港务,7.62,-0.7812
2023-06-05,sz000905,厦门港务,7.65,0.3937
2023-06-06,sz000905,厦门港务,7.51,-1.8301
2023-06-07,sz000905,厦门港务,7.77,3.4621
2023-06-08,sz000905,厦门港务,7.75,-0.2574
2023-06-09,sz000905,厦门港务,7.68,-0.9032
2023-06-12,sz000905,厦门港务,7.71,0.3906
2023-06-13,sz000905,厦门港务,7.71,0.0
2023-06-14,sz000905,厦门港务,7.69,-0.2594
2023-06-15,sz000905,厦门港务,7.64,-0.6502
2023-06-16,sz000905,厦门港务,7.8,2.0942
2023-06-19,sz000905,厦门港务,7.6,-2.5641
2023-06-20,sz000905,厦门港务,7.43,-2.2368
2023-06-21,sz000905,厦门港务,7.35,-1.0767
2023-06-26,sz000905,厦门港务,7.26,-1.2245
2023-06-27,sz000905,厦门港务,7.68,5.7851
2023-06-28,sz000905,厦门港务,7.94,3.3854
2023-06-29,sz000905,厦门港务,7.81,-1.6373
2023-06-30,sz000905,厦门港务,7.78,-0.3841
2023-07-03,sz000905,厦门港务,7.77,-0.1285
2023-07-04,sz000905,厦门港务,7.82,0.6435
2023-07-05,sz000905,厦门港务,7.83,0.1279
2023-07-06,sz000905,厦门港务,7.84,0.1277
2023-07-07,sz000905,厦门港务,7.84,0.0
2023-07-10,sz000905,厦门港务,7.91,0.8929
2023-07-11,sz000905,厦门港务,7.83,-1.0114
2023-07-12,sz000905,厦门港务,7.68,-1.9157
2023-07-13,sz000905,厦门港务,7.78,1.3021
2023-07-14,sz000905,厦门港务,7.84,0.7712
2023-07-17,sz000905,厦门港务,7.74,-1.2755
2023-07-18,sz000905,厦门港务,7.92,2.3256
2023-07-19,sz000905,厦门港务,7.98,0.7576
2023-07-20,sz000905,厦门港务,7.87,-1.3784
2023-07-21,sz000905,厦门港务,7.87,0.0
2023-07-24,sz000905,厦门港务,8.09,2.7954
2023-07-25,sz000905,厦门港务,8.14,0.618
2023-07-26,sz000905,厦门港务,8.02,-1.4742
2023-07-27,sz000905,厦门港务,7.99,-0.3741
2023-07-28,sz000905,厦门港务,8.11,1.5019
2023-07-31,sz000905,厦门港务,8.12,0.1233
2023-08-01,sz000905,厦门港务,8.04,-0.9852
2023-08-02,sz000905,厦门港务,8.08,0.4975
2023-08-03,sz000905,厦门港务,7.95,-1.6089
2023-08-04,sz000905,厦门港务,7.89,-0.7547
2023-08-07,sz000905,厦门港务,7.78,-1.3942
2023-08-08,sz000905,厦门港务,7.84,0.7712
2023-08-09,sz000905,厦门港务,7.88,0.5102
2023-08-10,sz000905,厦门港务,7.93,0.6345
2023-08-11,sz000905,厦门港务,7.64,-3.657
2023-08-14,sz000905,厦门港务,7.71,0.9162
2023-08-15,sz000905,厦门港务,7.71,0.0
2023-08-16,sz000905,厦门港务,7.71,0.0
2023-08-17,sz000905,厦门港务,7.87,2.0752
2023-08-18,sz000905,厦门港务,7.83,-0.5083
2023-08-21,sz000905,厦门港务,7.63,-2.5543
2023-08-22,sz000905,厦门港务,7.63,0.0
2023-08-23,sz000905,厦门港务,7.44,-2.4902
2023-08-24,sz000905,厦门港务,7.39,-0.672
2023-08-25,sz000905,厦门港务,7.39,0.0
2023-08-28,sz000905,厦门港务,7.39,0.0
2023-08-29,sz000905,厦门港务,7.49,1.3532
2023-08-30,sz000905,厦门港务,7.35,-1.8692
2023-08-31,sz000905,厦门港务,7.29,-0.8163
2023-09-01,sz000905,厦门港务,7.43,1.9204
2023-09-04,sz000905,厦门港务,7.6,2.288
2023-09-05,sz000905,厦门港务,7.62,0.2632
2023-09-06,sz000905,厦门港务,7.6,-0.2625
2023-09-07,sz000905,厦门港务,7.54,-0.7895
2023-09-08,sz000905,厦门港务,7.71,2.2546
2023-09-11,sz000905,厦门港务,7.79,1.0376
2023-09-12,sz000905,厦门港务,7.66,-1.6688
2023-09-13,sz000905,厦门港务,7.91,3.2637
2023-09-14,sz000905,厦门港务,7.47,-5.5626
2023-09-15,sz000905,厦门港务,7.46,-0.1339
2023-09-18,sz000905,厦门港务,7.48,0.2681
2023-09-19,sz000905,厦门港务,7.47,-0.1337
2023-09-20,sz000905,厦门港务,7.35,-1.6064
2023-09-21,sz000905,厦门港务,7.36,0.1361
2023-09-22,sz000905,厦门港务,7.46,1.3587
2023-09-25,sz000905,厦门港务,7.39,-0.9383
2023-09-26,sz000905,厦门港务,7.36,-0.406
2023-09-27,sz000905,厦门港务,7.37,0.1359
2023-09-28,sz000905,厦门港务,7.38,0.1357
2023-10-09,sz000905,厦门港务,7.34,-0.542
2023-10-10,sz000905,厦门港务,7.28,-0.8174
2023-10-11,sz000905,厦门港务,7.3,0.2747
2023-10-12,sz000905,厦门港务,7.35,0.6849
2023-10-13,sz000905,厦门港务,7.24,-1.4966
2023-10-16,sz000905,厦门港务,7.31,0.9669
2023-10-17,sz000905,厦门港务,7.29,-0.2736
2023-10-18,sz000905,厦门港务,7.01,-3.8409
2023-10-19,sz000905,厦门港务,6.94,-0.9986
2023-10-20,sz000905,厦门港务,6.93,-0.1441
2023-10-23,sz000905,厦门港务,6.71,-3.1746
2023-10-24,sz000905,厦门港务,6.81,1.4903
2023-10-25,sz000905,厦门港务,6.86,0.7342
2023-10-26,sz000905,厦门港务,6.9,0.5831
2023-10-27,sz000905,厦门港务,6.96,0.8696
2023-10-30,sz000905,厦门港务,6.97,0.1437
2023-10-31,sz000905,厦门港务,7.02,0.7174
2023-11-01,sz000905,厦门港务,7.01,-0.1425
2023-11-02,sz000905,厦门港务,6.99,-0.2853
2023-11-03,sz000905,厦门港务,7.06,1.0014
2023-11-06,sz000905,厦门港务,7.14,1.1331
2023-11-07,sz000905,厦门港务,7.13,-0.1401
2023-11-08,sz000905,厦门港务,7.1,-0.4208
2023-11-09,sz000905,厦门港务,7.12,0.2817
2023-11-10,sz000905,厦门港务,7.13,0.1404
2023-11-13,sz000905,厦门港务,7.19,0.8415
2023-11-14,sz000905,厦门港务,7.2,0.1391
2023-11-15,sz000905,厦门港务,7.26,0.8333
2023-11-16,sz000905,厦门港务,7.22,-0.551
2023-11-17,sz000905,厦门港务,7.29,0.9695
2023-11-20,sz000905,厦门港务,7.27,-0.2743
2023-11-21,sz000905,厦门港务,7.22,-0.6878
2023-11-22,sz000905,厦门港务,7.19,-0.4155
2023-11-23,sz000905,厦门港务,7.27,1.1127
2023-11-24,sz000905,厦门港务,7.23,-0.5502
2023-11-27,sz000905,厦门港务,7.23,0.0
2023-11-28,sz000905,厦门港务,7.26,0.4149
2023-11-29,sz000905,厦门港务,7.22,-0.551
2023-11-30,sz000905,厦门港务,7.25,0.4155
2023-12-01,sz000905,厦门港务,7.27,0.2759
2023-12-04,sz000905,厦门港务,7.34,0.9629
2023-12-05,sz000905,厦门港务,7.23,-1.4986
2023-12-06,sz000905,厦门港务,7.25,0.2766
2023-12-07,sz000905,厦门港务,7.25,0.0
2023-12-08,sz000905,厦门港务,7.05,-2.7586
2023-12-11,sz000905,厦门港务,7.15,1.4184
2023-12-12,sz000905,厦门港务,7.29,1.958
2023-12-13,sz000905,厦门港务,7.27,-0.2743
2023-12-14,sz000905,厦门港务,7.34,0.9629
2023-12-15,sz000905,厦门港务,7.3,-0.545
2023-12-18,sz000905,厦门港务,7.32,0.274
2023-12-19,sz000905,厦门港务,7.21,-1.5027
2023-12-20,sz000905,厦门港务,7.15,-0.8322
2023-12-21,sz000905,厦门港务,7.29,1.958
2023-12-22,sz000905,厦门港务,7.3,0.1372
2023-12-25,sz000905,厦门港务,7.17,-1.7808
2023-12-26,sz000905,厦门港务,7.12,-0.6974
2023-12-27,sz000905,厦门港务,7.12,0.0
2023-12-28,sz000905,厦门港务,7.17,0.7022
2023-12-29,sz000905,厦门港务,7.17,0.0
2024-01-02,sz000905,厦门港务,7.25,1.1158
2024-01-03,sz000905,厦门港务,7.28,0.4138
2024-01-04,sz000905,厦门港务,7.3,0.2747
2024-01-05,sz000905,厦门港务,7.27,-0.411
2024-01-08,sz000905,厦门港务,7.08,-2.6135
2024-01-09,sz000905,厦门港务,7.18,1.4124
2024-01-10,sz000905,厦门港务,7.16,-0.2786
2024-01-11,sz000905,厦门港务,7.25,1.257
2024-01-12,sz000905,厦门港务,7.27,0.2759
2024-01-15,sz000905,厦门港务,7.08,-2.6135
2024-01-16,sz000905,厦门港务,6.95,-1.8362
2024-01-17,sz000905,厦门港务,6.94,-0.1439
2024-01-18,sz000905,厦门港务,6.77,-2.4496
2024-01-19,sz000905,厦门港务,6.67,-1.4771
2024-01-22,sz000905,厦门港务,6.27,-5.997
2024-01-23,sz000905,厦门港务,6.26,-0.1595
2024-01-24,sz000905,厦门港务,6.52,4.1534
2024-01-25,sz000905,厦门港务,6.74,3.3742
2024-01-26,sz000905,厦门港务,6.92,2.6706
2024-01-29,sz000905,厦门港务,6.72,-2.8902
2024-01-30,sz000905,厦门港务,6.57,-2.2321
2024-01-31,sz000905,厦门港务,6.32,-3.8052
2024-02-01,sz000905,厦门港务,6.22,-1.5823
2024-02-02,sz000905,厦门港务,6.1,-1.9293
2024-02-05,sz000905,厦门港务,5.65,-7.377
2024-02-06,sz000905,厦门港务,5.89,4.2478
2024-02-07,sz000905,厦门港务,5.91,0.3396
2024-02-08,sz000905,厦门港务,6.18,4.5685
2024-02-19,sz000905,厦门港务,6.26,1.2945
2024-02-20,sz000905,厦门港务,6.27,0.1597
2024-02-21,sz000905,厦门港务,6.29,0.319
2024-02-22,sz000905,厦门港务,6.32,0.4769
2024-02-23,sz000905,厦门港务,6.36,0.6329
2024-02-26,sz000905,厦门港务,6.35,-0.1572
2024-02-27,sz000905,厦门港务,6.47,1.8898
2024-02-28,sz000905,厦门港务,6.3,-2.6275
2024-02-29,sz000905,厦门港务,6.39,1.4286
2024-03-01,sz000905,厦门港务,6.37,-0.313
2024-03-04,sz000905,厦门港务,6.31,-0.9419
2024-03-05,sz000905,厦门港务,6.23,-1.2678
2024-03-06,sz000905,厦门港务,6.3,1.1236
2024-03-07,sz000905,厦门港务,6.3,0.0
2024-03-08,sz000905,厦门港务,6.31,0.1587
2024-03-11,sz000905,厦门港务,6.35,0.6339
2024-03-12,sz000905,厦门港务,6.39,0.6299
2024-03-13,sz000905,厦门港务,6.38,-0.1565
2024-03-14,sz000905,厦门港务,6.41,0.4702
2024-03-15,sz000905,厦门港务,6.46,0.78
2024-03-18,sz000905,厦门港务,6.5,0.6192
2024-03-19,sz000905,厦门港务,6.48,-0.3077
2024-03-20,sz000905,厦门港务,6.51,0.463
2024-03-21,sz000905,厦门港务,6.54,0.4608
2024-03-22,sz000905,厦门港务,6.45,-1.3761
2024-03-25,sz000905,厦门港务,6.35,-1.5504
2024-03-26,sz000905,厦门港务,6.35,0.0
2024-03-27,sz000905,厦门港务,6.21,-2.2047
2024-03-28,sz000905,厦门港务,6.3,1.4493
2024-03-29,sz000905,厦门港务,6.44,2.2222
2024-04-01,sz000905,厦门港务,6.48,0.6211
2024-04-02,sz000905,厦门港务,6.58,1.5432
2024-04-03,sz000905,厦门港务,6.64,0.9119
2024-04-08,sz000905,厦门港务,6.5,-2.1084
2024-04-09,sz000905,厦门港务,6.52,0.3077
2024-04-10,sz000905,厦门港务,6.43,-1.3804
2024-04-11,sz000905,厦门港务,6.52,1.3997
2024-04-12,sz000905,厦门港务,6.48,-0.6135
2024-04-15,sz000905,厦门港务,6.4,-1.2346
2024-04-16,sz000905,厦门港务,6.02,-5.9375
2024-04-17,sz000905,厦门港务,6.3,4.6512
2024-04-18,sz000905,厦门港务,6.27,-0.4762
2024-04-19,sz000905,厦门港务,6.31,0.638
2024-04-22,sz000905,厦门港务,6.25,-0.9509
2024-04-23,sz000905,厦门港务,6.22,-0.48
2024-04-24,sz000905,厦门港务,6.28,0.9646
2024-04-25,sz000905,厦门港务,6.35,1.1146
2024-04-26,sz000905,厦门港务,6.4,0.7874
2024-04-29,sz000905,厦门港务,6.48,1.25
2024-04-30,sz000905,厦门港务,6.44,-0.6173
2024-05-06,sz000905,厦门港务,6.54,1.5528
2024-05-07,sz000905,厦门港务,6.54,0.0
2024-05-08,sz000905,厦门港务,6.45,-1.3761
2024-05-09,sz000905,厦门港务,6.56,1.7054
2024-05-10,sz000905,厦门港务,6.55,-0.1524
2024-05-13,sz000905,厦门港务,6.57,0.3053
2024-05-14,sz000905,厦门港务,6.63,0.9132
2024-05-15,sz000905,厦门港务,6.54,-1.3575
2024-05-16,sz000905,厦门港务,6.52,-0.3058
2024-05-17,sz000905,厦门港务,6.57,0.7669
2024-05-20,sz000905,厦门港务,6.63,0.9132
2024-05-21,sz000905,厦门港务,6.57,-0.905
2024-05-22,sz000905,厦门港务,6.56,-0.1522
2024-05-23,sz000905,厦门港务,6.43,-1.9817
2024-05-24,sz000905,厦门港务,6.46,0.4666
2024-05-27,sz000905,厦门港务,6.5,0.6192
2024-05-28,sz000905,厦门港务,6.4,-1.5385
2024-05-29,sz000905,厦门港务,6.38,-0.3125
2024-05-30,sz000905,厦门港务,6.31,-1.0972
2024-05-31,sz000905,厦门港务,6.33,0.317
2024-06-03,sz000905,厦门港务,6.17,-2.5276
2024-06-04,sz000905,厦门港务,6.16,-0.1621
2024-06-05,sz000905,厦门港务,6.04,-1.9481
2024-06-06,sz000905,厦门港务,5.88,-2.649
2024-06-07,sz000905,厦门港务,6.08,3.4014
2024-06-11,sz000905,厦门港务,5.98,-1.6447
2024-06-12,sz000905,厦门港务,6.02,0.6689
2024-06-13,sz000905,厦门港务,5.93,-1.495
2024-06-14,sz000905,厦门港务,5.96,0.5059
2024-06-17,sz000905,厦门港务,5.83,-2.1812
2024-06-18,sz000905,厦门港务,5.87,0.6861
2024-06-19,sz000905,厦门港务,5.83,-0.6814
2024-06-20,sz000905,厦门港务,5.71,-2.0583
2024-06-21,sz000905,厦门港务,5.73,0.3503
2024-06-24,sz000905,厦门港务,5.55,-3.1414
2024-06-25,sz000905,厦门港务,5.65,1.8018
2024-06-26,sz000905,厦门港务,5.71,1.0619
2024-06-27,sz000905,厦门港务,5.63,-1.4011
2024-06-28,sz000905,厦门港务,5.65,0.3552
2024-07-01,sz000905,厦门港务,5.72,1.2389
2024-07-02,sz000905,厦门港务,5.78,1.049
2024-07-03,sz000905,厦门港务,5.79,0.173
2024-07-04,sz000905,厦门港务,5.68,-1.8998
2024-07-05,sz000905,厦门港务,5.7,0.3521
2024-07-08,sz000905,厦门港务,5.55,-2.6316
2024-07-09,sz000905,厦门港务,5.6,0.9009
2024-07-10,sz000905,厦门港务,5.52,-1.4286
2024-07-11,sz000905,厦门港务,5.68,2.8986
2024-07-12,sz000905,厦门港务,5.73,0.8803
2024-07-15,sz000905,厦门港务,5.67,-1.0471
2024-07-16,sz000905,厦门港务,5.67,0.0
2024-07-17,sz000905,厦门港务,5.64,-0.5291
2024-07-18,sz000905,厦门港务,5.64,0.0
2024-07-19,sz000905,厦门港务,5.63,-0.1773
2024-07-22,sz000905,厦门港务,5.6,-0.5329
2024-07-23,sz000905,厦门港务,5.59,-0.1786
2024-07-24,sz000905,厦门港务,5.56,-0.5367
2024-07-25,sz000905,厦门港务,5.63,1.259
2024-07-26,sz000905,厦门港务,5.67,0.7105
2024-07-29,sz000905,厦门港务,5.7,0.5291
2024-07-30,sz000905,厦门港务,5.76,1.0526
2024-07-31,sz000905,厦门港务,5.84,1.3889
2024-08-01,sz000905,厦门港务,5.85,0.1712
2024-08-02,sz000905,厦门港务,5.83,-0.3419
2024-08-05,sz000905,厦门港务,5.78,-0.8576
2024-08-06,sz000905,厦门港务,5.78,0.0
2024-08-07,sz000905,厦门港务,5.78,0.0
2024-08-08,sz000905,厦门港务,5.79,0.173
2024-08-09,sz000905,厦门港务,5.78,-0.1727
2024-08-12,sz000905,厦门港务,5.75,-0.519
2024-08-13,sz000905,厦门港务,5.8,0.8696
2024-08-14,sz000905,厦门港务,5.75,-0.8621
2024-08-15,sz000905,厦门港务,5.8,0.8696
2024-08-16,sz000905,厦门港务,5.74,-1.0345
2024-08-19,sz000905,厦门港务,5.8,1.0453
2024-08-20,sz000905,厦门港务,5.71,-1.5517
2024-08-21,sz000905,厦门港务,5.61,-1.7513
2024-08-22,sz000905,厦门港务,5.6,-0.1783
2024-08-23,sz000905,厦门港务,5.55,-0.8929
2024-08-26,sz000905,厦门港务,5.59,0.7207
2024-08-27,sz000905,厦门港务,5.53,-1.0733
2024-08-28,sz000905,厦门港务,5.54,0.1808
2024-08-29,sz000905,厦门港务,5.5,-0.722
2024-08-30,sz000905,厦门港务,5.58,1.4545
2024-09-02,sz000905,厦门港务,5.55,-0.5376
2024-09-03,sz000905,厦门港务,5.54,-0.1802
2024-09-04,sz000905,厦门港务,5.49,-0.9025
2024-09-05,sz000905,厦门港务,5.52,0.5464
2024-09-06,sz000905,厦门港务,5.53,0.1812
2024-09-09,sz000905,厦门港务,5.46,-1.2658
2024-09-10,sz000905,厦门港务,5.46,0.0
2024-09-11,sz000905,厦门港务,5.4,-1.0989
2024-09-12,sz000905,厦门港务,5.42,0.3704
2024-09-13,sz000905,厦门港务,5.4,-0.369
2024-09-18,sz000905,厦门港务,5.4,0.0
2024-09-19,sz000905,厦门港务,5.5,1.8519
2024-09-20,sz000905,厦门港务,5.51,0.1818
2024-09-23,sz000905,厦门港务,5.56,0.9074
2024-09-24,sz000905,厦门港务,5.69,2.3381
2024-09-25,sz000905,厦门港务,5.76,1.2302
2024-09-26,sz000905,厦门港务,5.88,2.0833
2024-09-27,sz000905,厦门港务,6.03,2.551
2024-09-30,sz000905,厦门港务,6.46,7.131
2024-10-08,sz000905,厦门港务,6.7,3.7152
2024-10-09,sz000905,厦门港务,6.2,-7.4627
2024-10-10,sz000905,厦门港务,6.27,1.129
2024-10-11,sz000905,厦门港务,6.25,-0.319
2024-10-14,sz000905,厦门港务,6.38,2.08
2024-10-15,sz000905,厦门港务,6.6,3.4483
2024-10-16,sz000905,厦门港务,6.45,-2.2727
2024-10-17,sz000905,厦门港务,6.2,-3.876
2024-10-18,sz000905,厦门港务,6.27,1.129
2024-10-21,sz000905,厦门港务,6.2,-1.1164
2024-10-22,sz000905,厦门港务,6.28,1.2903
2024-10-23,sz000905,厦门港务,6.28,0.0
2024-10-24,sz000905,厦门港务,6.28,0.0
2024-10-25,sz000905,厦门港务,6.34,0.9554
2024-10-28,sz000905,厦门港务,6.44,1.5773
2024-10-29,sz000905,厦门港务,6.72,4.3478
2024-10-30,sz000905,厦门港务,6.57,-2.2321
2024-10-31,sz000905,厦门港务,6.56,-0.1522
2024-11-01,sz000905,厦门港务,6.45,-1.6768
2024-11-04,sz000905,厦门港务,6.5,0.7752
2024-11-05,sz000905,厦门港务,6.59,1.3846
2024-11-06,sz000905,厦门港务,6.58,-0.1517
2024-11-07,sz000905,厦门港务,6.74,2.4316
2024-11-08,sz000905,厦门港务,6.79,0.7418
2024-11-11,sz000905,厦门港务,6.8,0.1473
2024-11-12,sz000905,厦门港务,6.77,-0.4412
2024-11-13,sz000905,厦门港务,6.74,-0.4431
2024-11-14,sz000905,厦门港务,6.53,-3.1157
2024-11-15,sz000905,厦门港务,6.45,-1.2251
2024-11-18,sz000905,厦门港务,6.5,0.7752
2024-11-19,sz000905,厦门港务,6.56,0.9231
2024-11-20,sz000905,厦门港务,6.69,1.9817
2024-11-21,sz000905,厦门港务,6.65,-0.5979
2024-11-22,sz000905,厦门港务,6.44,-3.1579
2024-11-25,sz000905,厦门港务,6.55,1.7081
2024-11-26,sz000905,厦门港务,6.57,0.3053
2024-11-27,sz000905,厦门港务,6.58,0.1522
2024-11-28,sz000905,厦门港务,6.64,0.9119
2024-11-29,sz000905,厦门港务,6.68,0.6024
2024-12-02,sz000905,厦门港务,6.79,1.6467
2024-12-03,sz000905,厦门港务,6.95,2.3564
2024-12-04,sz000905,厦门港务,6.72,-3.3094
2024-12-05,sz000905,厦门港务,6.71,-0.1488
2024-12-06,sz000905,厦门港务,6.8,1.3413
2024-12-09,sz000905,厦门港务,6.78,-0.2941
2024-12-10,sz000905,厦门港务,6.74,-0.59
2024-12-11,sz000905,厦门港务,6.85,1.632
2024-12-12,sz000905,厦门港务,6.92,1.0219
2024-12-13,sz000905,厦门港务,6.73,-2.7457
2024-12-16,sz000905,厦门港务,6.91,2.6746
2024-12-17,sz000905,厦门港务,6.64,-3.9074
2024-12-18,sz000905,厦门港务,6.6,-0.6024
2024-12-19,sz000905,厦门港务,6.57,-0.4545
2024-12-20,sz000905,厦门港务,6.58,0.1522
2024-12-23,sz000905,厦门港务,6.39,-2.8875
2024-12-24,sz000905,厦门港务,6.48,1.4085
2024-12-25,sz000905,厦门港务,6.41,-1.0802
2024-12-26,sz000905,厦门港务,6.42,0.156
2024-12-27,sz000905,厦门港务,6.59,2.648
2024-12-30,sz000905,厦门港务,6.51,-1.214
2024-12-31,sz000905,厦门港务,7.16,9.9846
2025-01-02,sz000905,厦门港务,6.84,-4.4693
2025-01-03,sz000905,厦门港务,6.83,-0.1462
2025-01-06,sz000905,厦门港务,7.15,4.6852
2025-01-07,sz000905,厦门港务,7.12,-0.4196
2025-01-08,sz000905,厦门港务,7.38,3.6517
2025-01-09,sz000905,厦门港务,7.56,2.439
2025-01-10,sz000905,厦门港务,7.02,-7.1429
2025-01-13,sz000905,厦门港务,7.24,3.1339
2025-01-14,sz000905,厦门港务,7.41,2.3481
2025-01-15,sz000905,厦门港务,7.52,1.4845
2025-01-16,sz000905,厦门港务,7.33,-2.5266
2025-01-17,sz000905,厦门港务,7.49,2.1828
2025-01-20,sz000905,厦门港务,7.37,-1.6021
2025-01-21,sz000905,厦门港务,7.14,-3.1208
2025-01-22,sz000905,厦门港务,7.01,-1.8207
2025-01-23,sz000905,厦门港务,6.94,-0.9986
2025-01-24,sz000905,厦门港务,7.2,3.7464
2025-01-27,sz000905,厦门港务,7.18,-0.2778
2025-02-05,sz000905,厦门港务,7.0,-2.507
2025-02-06,sz000905,厦门港务,6.96,-0.5714
2025-02-07,sz000905,厦门港务,7.0,0.5747
2025-02-10,sz000905,厦门港务,7.02,0.2857
2025-02-11,sz000905,厦门港务,7.24,3.1339
2025-02-12,sz000905,厦门港务,7.14,-1.3812
2025-02-13,sz000905,厦门港务,7.09,-0.7003
2025-02-14,sz000905,厦门港务,6.96,-1.8336
2025-02-17,sz000905,厦门港务,6.98,0.2874
2025-02-18,sz000905,厦门港务,6.77,-3.0086
2025-02-19,sz000905,厦门港务,6.78,0.1477
2025-02-20,sz000905,厦门港务,6.84,0.885
2025-02-21,sz000905,厦门港务,6.8,-0.5848
2025-02-24,sz000905,厦门港务,6.84,0.5882
2025-02-25,sz000905,厦门港务,6.77,-1.0234
2025-02-26,sz000905,厦门港务,6.81,0.5908
2025-02-27,sz000905,厦门港务,6.87,0.8811
2025-02-28,sz000905,厦门港务,6.95,1.1645
2025-03-03,sz000905,厦门港务,7.02,1.0072
2025-03-04,sz000905,厦门港务,7.09,0.9972
2025-03-05,sz000905,厦门港务,7.15,0.8463
2025-03-06,sz000905,厦门港务,7.26,1.5385
2025-03-07,sz000905,厦门港务,7.17,-1.2397
2025-03-10,sz000905,厦门港务,7.89,10.0418
2025-03-18,sz000905,厦门港务,8.68,10.0127
2025-03-19,sz000905,厦门港务,8.6,-0.9217
2025-03-20,sz000905,厦门港务,8.05,-6.3953
2025-03-21,sz000905,厦门港务,7.95,-1.2422
2025-03-24,sz000905,厦门港务,7.92,-0.3774
2025-03-25,sz000905,厦门港务,7.73,-2.399
2025-03-26,sz000905,厦门港务,7.76,0.3881
2025-03-27,sz000905,厦门港务,7.67,-1.1598
2025-03-28,sz000905,厦门港务,7.54,-1.6949
2025-03-31,sz000905,厦门港务,7.56,0.2653
2025-04-01,sz000905,厦门港务,7.72,2.1164
2025-04-02,sz000905,厦门港务,8.09,4.7927
2025-04-03,sz000905,厦门港务,7.96,-1.6069
2025-04-07,sz000905,厦门港务,7.16,-10.0503
2025-04-08,sz000905,厦门港务,6.98,-2.514
2025-04-09,sz000905,厦门港务,7.68,10.0287
2025-04-10,sz000905,厦门港务,8.07,5.0781
2025-04-11,sz000905,厦门港务,7.84,-2.8501
2025-04-14,sz000905,厦门港务,8.0,2.0408
2025-04-15,sz000905,厦门港务,7.77,-2.875
2025-04-16,sz000905,厦门港务,8.19,5.4054
2025-04-17,sz000905,厦门港务,8.0,-2.3199
2025-04-18,sz000905,厦门港务,7.89,-1.375
2025-04-21,sz000905,厦门港务,7.78,-1.3942
2025-04-22,sz000905,厦门港务,7.9,1.5424
2025-04-23,sz000905,厦门港务,7.72,-2.2785
2025-04-24,sz000905,厦门港务,7.52,-2.5907
2025-04-25,sz000905,厦门港务,7.57,0.6649
2025-04-28,sz000905,厦门港务,7.45,-1.5852
2025-04-29,sz000905,厦门港务,7.43,-0.2685
2025-04-30,sz000905,厦门港务,7.39,-0.5384
2025-05-06,sz000905,厦门港务,7.54,2.0298
2025-05-07,sz000905,厦门港务,7.65,1.4589
2025-05-08,sz000905,厦门港务,7.63,-0.2614
2025-05-09,sz000905,厦门港务,7.49,-1.8349
2025-05-12,sz000905,厦门港务,7.66,2.2697
2025-05-13,sz000905,厦门港务,8.13,6.1358
2025-05-14,sz000905,厦门港务,8.5,4.551
2025-05-15,sz000905,厦门港务,8.16,-4.0
2025-05-16,sz000905,厦门港务,7.93,-2.8186
2025-05-19,sz000905,厦门港务,8.72,9.9622
2025-05-20,sz000905,厦门港务,8.63,-1.0321
2025-05-21,sz000905,厦门港务,8.8,1.9699
2025-05-22,sz000905,厦门港务,8.29,-5.7955
2025-05-23,sz000905,厦门港务,7.9,-4.7045
2025-05-26,sz000905,厦门港务,7.98,1.0127
2025-05-27,sz000905,厦门港务,7.88,-1.2531
2025-05-28,sz000905,厦门港务,7.84,-0.5076
2025-05-29,sz000905,厦门港务,7.97,1.6582
2025-05-30,sz000905,厦门港务,7.97,0.0
2025-06-03,sz000905,厦门港务,8.01,0.5019
2025-06-04,sz000905,厦门港务,8.01,0.0
2025-06-05,sz000905,厦门港务,7.94,-0.8739
2025-06-06,sz000905,厦门港务,8.0,0.7557
2025-06-09,sz000905,厦门港务,7.99,-0.125
2025-06-10,sz000905,厦门港务,8.43,5.5069
2025-06-11,sz000905,厦门港务,8.24,-2.2539
2025-06-12,sz000905,厦门港务,8.16,-0.9709
2025-06-13,sz000905,厦门港务,8.44,3.4314
2025-06-16,sz000905,厦门港务,8.5,0.7109
2025-06-17,sz000905,厦门港务,8.37,-1.5294
2025-06-18,sz000905,厦门港务,8.25,-1.4337
2025-06-19,sz000905,厦门港务,7.92,-4.0
2025-06-20,sz000905,厦门港务,7.93,0.1263
2025-06-23,sz000905,厦门港务,8.27,4.2875
2025-06-24,sz000905,厦门港务,8.02,-3.023
2025-06-25,sz000905,厦门港务,8.12,1.2469
2025-06-26,sz000905,厦门港务,8.04,-0.9852
2025-06-27,sz000905,厦门港务,8.03,-0.1244
2025-06-30,sz000905,厦门港务,8.05,0.2491
2025-07-01,sz000905,厦门港务,8.1,0.6211
2025-07-02,sz000905,厦门港务,8.15,0.6173
2025-07-03,sz000905,厦门港务,8.29,1.7178
2025-07-04,sz000905,厦门港务,8.25,-0.4825
2025-07-07,sz000905,厦门港务,8.27,0.2424
2025-07-08,sz000905,厦门港务,8.28,0.1209
2025-07-09,sz000905,厦门港务,8.16,-1.4493
2025-07-10,sz000905,厦门港务,8.15,-0.1225
2025-07-11,sz000905,厦门港务,8.16,0.1227
2025-07-14,sz000905,厦门港务,8.15,-0.1225
2025-07-15,sz000905,厦门港务,8.09,-0.7362
2025-07-16,sz000905,厦门港务,8.15,0.7417
2025-07-17,sz000905,厦门港务,8.1,-0.6135
2025-07-18,sz000905,厦门港务,8.11,0.1235
2025-07-21,sz000905,厦门港务,8.19,0.9864
2025-07-22,sz000905,厦门港务,8.27,0.9768
2025-07-23,sz000905,厦门港务,8.21,-0.7255
2025-07-24,sz000905,厦门港务,8.33,1.4616
2025-07-25,sz000905,厦门港务,8.4,0.8403
2025-07-28,sz000905,厦门港务,8.29,-1.3095
2025-07-29,sz000905,厦门港务,8.25,-0.4825
2025-07-30,sz000905,厦门港务,8.61,4.3636
2025-07-31,sz000905,厦门港务,8.3,-3.6005
2025-08-01,sz000905,厦门港务,8.29,-0.1205
2025-08-04,sz000905,厦门港务,8.38,1.0856
2025-08-05,sz000905,厦门港务,8.58,2.3866
2025-08-06,sz000905,厦门港务,8.45,-1.5152
2025-08-07,sz000905,厦门港务,8.49,0.4734
2025-08-08,sz000905,厦门港务,8.38,-1.2956
2025-08-11,sz000905,厦门港务,8.39,0.1193
2025-08-12,sz000905,厦门港务,8.48,1.0727
2025-08-13,sz000905,厦门港务,8.39,-1.0613
2025-08-14,sz000905,厦门港务,8.17,-2.6222
2025-08-15,sz000905,厦门港务,8.21,0.4896
2025-08-18,sz000905,厦门港务,8.21,0.0
2025-08-19,sz000905,厦门港务,8.31,1.218
2025-08-20,sz000905,厦门港务,8.37,0.722
2025-08-21,sz000905,厦门港务,8.56,2.27
2025-08-22,sz000905,厦门港务,8.61,0.5841
2025-08-25,sz000905,厦门港务,8.77,1.8583
2025-08-26,sz000905,厦门港务,8.97,2.2805
2025-08-27,sz000905,厦门港务,8.72,-2.7871
2025-08-28,sz000905,厦门港务,9.11,4.4725
2025-08-29,sz000905,厦门港务,8.85,-2.854
2025-09-01,sz000905,厦门港务,8.75,-1.1299
2025-09-02,sz000905,厦门港务,8.81,0.6857
2025-09-03,sz000905,厦门港务,8.48,-3.7457
2025-09-04,sz000905,厦门港务,8.52,0.4717
2025-09-05,sz000905,厦门港务,8.58,0.7042
2025-09-08,sz000905,厦门港务,8.76,2.0979
2025-09-09,sz000905,厦门港务,8.63,-1.484
2025-09-10,sz000905,厦门港务,8.59,-0.4635
2025-09-11,sz000905,厦门港务,8.73,1.6298
2025-09-12,sz000905,厦门港务,8.8,0.8018
2025-09-15,sz000905,厦门港务,8.52,-3.1818
2025-09-16,sz000905,厦门港务,8.59,0.8216
2025-09-17,sz000905,厦门港务,8.5,-1.0477
2025-09-18,sz000905,厦门港务,8.28,-2.5882
2025-09-19,sz000905,厦门港务,8.43,1.8116
2025-09-22,sz000905,厦门港务,8.33,-1.1862
2025-09-23,sz000905,厦门港务,8.35,0.2401
2025-09-24,sz000905,厦门港务,8.4,0.5988
2025-09-25,sz000905,厦门港务,8.22,-2.1429
2025-09-26,sz000905,厦门港务,8.26,0.4866
2025-09-29,sz000905,厦门港务,8.2,-0.7264
2025-09-30,sz000905,厦门港务,8.2,0.0
2025-10-09,sz000905,厦门港务,8.21,0.122
2025-10-10,sz000905,厦门港务,8.43,2.6797
2025-10-13,sz000905,厦门港务,8.42,-0.1186
2025-10-14,sz000905,厦门港务,8.53,1.3064
2025-10-15,sz000905,厦门港务,8.46,-0.8206
2025-10-16,sz000905,厦门港务,8.51,0.591
2025-10-17,sz000905,厦门港务,9.36,9.9882
2025-10-20,sz000905,厦门港务,9.92,5.9829
2025-10-21,sz000905,厦门港务,10.04,1.2097
2025-10-22,sz000905,厦门港务,9.59,-4.4821
2025-10-23,sz000905,厦门港务,10.24,6.7779
2025-10-24,sz000905,厦门港务,10.59,3.418
2025-10-27,sz000905,厦门港务,10.4,-1.7941
2025-10-28,sz000905,厦门港务,11.44,10.0
2025-10-29,sz000905,厦门港务,11.07,-3.2343
2025-10-30,sz000905,厦门港务,10.32,-6.7751
2025-10-31,sz000905,厦门港务,10.45,1.2597
2025-11-03,sz000905,厦门港务,10.31,-1.3397
2025-11-04,sz000905,厦门港务,11.0,6.6925
2025-11-05,sz000905,厦门港务,11.67,6.0909
2025-11-06,sz000905,厦门港务,10.5,-10.0257
2025-11-07,sz000905,厦门港务,10.85,3.3333
2025-11-10,sz000905,厦门港务,10.87,0.1843
2025-11-11,sz000905,厦门港务,10.89,0.184
2025-11-12,sz000905,厦门港务,10.8,-0.8264
2025-11-13,sz000905,厦门港务,11.11,2.8704
2025-11-14,sz000905,厦门港务,11.51,3.6004
2025-11-17,sz000905,厦门港务,12.66,9.9913
2025-11-18,sz000905,厦门港务,11.58,-8.5308
2025-11-19,sz000905,厦门港务,11.19,-3.3679
2025-11-20,sz000905,厦门港务,11.0,-1.6979
2025-11-21,sz000905,厦门港务,10.18,-7.4545
2025-11-24,sz000905,厦门港务,10.09,-0.8841
2025-11-25,sz000905,厦门港务,10.59,4.9554
2025-11-26,sz000905,厦门港务,10.44,-1.4164
2025-11-27,sz000905,厦门港务,10.19,-2.3946
2025-11-28,sz000905,厦门港务,10.81,6.0844
2025-12-01,sz000905,厦门港务,10.74,-0.6475
2025-12-02,sz000905,厦门港务,10.94,1.8622
2025-12-03,sz000905,厦门港务,11.06,1.0969
2025-12-04,sz000905,厦门港务,10.91,-1.3562
2025-12-05,sz000905,厦门港务,12.0,9.9908
2025-12-08,sz000905,厦门港务,13.2,10.0
2025-12-09,sz000905,厦门港务,14.52,10.0
2025-12-10,sz000905,厦门港务,15.97,9.9862
2025-12-11,sz000905,厦门港务,15.2,-4.8215
2025-12-12,sz000905,厦门港务,13.88,-8.6842
2025-12-15,sz000905,厦门港务,14.15,1.9452
2025-12-16,sz000905,厦门港务,13.0,-8.1272
2025-12-17,sz000905,厦门港务,12.84,-1.2308
2025-12-18,sz000905,厦门港务,12.65,-1.4798
2025-12-19,sz000905,厦门港务,13.17,4.1107
2025-12-22,sz000905,厦门港务,13.43,1.9742
2025-12-23,sz000905,厦门港务,13.71,2.0849
2025-12-24,sz000905,厦门港务,14.2,3.574
2025-12-25,sz000905,厦门港务,14.17,-0.2113
2025-12-26,sz000905,厦门港务,14.36,1.3409
2025-12-29,sz000905,厦门港务,14.62,1.8106
2025-12-30,sz000905,厦门港务,13.86,-5.1984
2025-12-31,sz000905,厦门港务,13.07,-5.6999
2026-01-05,sz000905,厦门港务,12.79,-2.1423
2026-01-06,sz000905,厦门港务,12.88,0.7037
2026-01-07,sz000905,厦门港务,14.17,10.0155
2026-01-08,sz000905,厦门港务,14.19,0.1411
2026-01-09,sz000905,厦门港务,13.98,-1.4799
2026-01-12,sz000905,厦门港务,14.15,1.216
2026-01-13,sz000905,厦门港务,13.93,-1.5548
2026-01-14,sz000905,厦门港务,13.45,-3.4458
2026-01-15,sz000905,厦门港务,12.91,-4.0149
2026-01-16,sz000905,厦门港务,12.88,-0.2324
2026-01-19,sz000905,厦门港务,13.6,5.5901
2026-01-20,sz000905,厦门港务,12.92,-5.0
2026-01-21,sz000905,厦门港务,12.84,-0.6192
2026-01-22,sz000905,厦门港务,13.03,1.4798
2026-01-23,sz000905,厦门港务,13.34,2.3791
2026-01-26,sz000905,厦门港务,12.94,-2.9985
2026-01-27,sz000905,厦门港务,13.27,2.5502
2026-01-28,sz000905,厦门港务,13.36,0.6782
2026-01-29,sz000905,厦门港务,12.94,-3.1437
2026-01-30,sz000905,厦门港务,12.65,-2.2411
2026-02-02,sz000905,厦门港务,12.21,-3.4783
2026-02-03,sz000905,厦门港务,12.48,2.2113
2026-02-04,sz000905,厦门港务,12.55,0.5609
2026-02-05,sz000905,厦门港务,13.16,4.8606
2026-02-06,sz000905,厦门港务,12.52,-4.8632
2026-02-09,sz000905,厦门港务,12.53,0.0799
2026-02-10,sz000905,厦门港务,12.35,-1.4366
2026-02-11,sz000905,厦门港务,12.29,-0.4858
2026-02-12,sz000905,厦门港务,12.23,-0.4882
2026-02-13,sz000905,厦门港务,12.22,-0.0818
2026-02-24,sz000905,厦门港务,12.3,0.6547
2026-02-25,sz000905,厦门港务,12.42,0.9756
2026-02-26,sz000905,厦门港务,12.55,1.0467
2026-02-27,sz000905,厦门港务,12.74,1.5139
2026-03-02,sz000905,厦门港务,13.49,5.887
2026-03-03,sz000905,厦门港务,13.79,2.2239
2026-03-04,sz000905,厦门港务,12.99,-5.8013
2026-03-05,sz000905,厦门港务,12.59,-3.0793
2026-03-06,sz000905,厦门港务,12.72,1.0326
2026-03-09,sz000905,厦门港务,12.3,-3.3019
2026-03-10,sz000905,厦门港务,12.4,0.813
2026-03-11,sz000905,厦门港务,12.17,-1.8548
2026-03-12,sz000905,厦门港务,11.9,-2.2186
2026-03-13,sz000905,厦门港务,11.7,-1.6807
2026-03-16,sz000905,厦门港务,11.96,2.2222
2026-03-17,sz000905,厦门港务,11.47,-4.097
2026-03-18,sz000905,厦门港务,11.42,-0.4359
2026-03-19,sz000905,厦门港务,11.05,-3.2399
2026-03-20,sz000905,厦门港务,10.94,-0.9955
2026-03-23,sz000905,厦门港务,10.45,-4.479
2026-03-24,sz000905,厦门港务,10.77,3.0622
2026-03-25,sz000905,厦门港务,11.52,6.9638
2026-03-26,sz000905,厦门港务,10.96,-4.8611
2026-03-27,sz000905,厦门港务,10.98,0.1825
2026-03-30,sz000905,厦门港务,11.62,5.8288
2026-03-31,sz000905,厦门港务,11.81,1.6351
2026-04-01,sz000905,厦门港务,11.44,-3.1329
2026-04-02,sz000905,厦门港务,11.7,2.2727
2026-04-03,sz000905,厦门港务,11.3,-3.4188
2026-04-07,sz000905,厦门港务,11.43,1.1504
2026-04-08,sz000905,厦门港务,11.85,3.6745
2026-04-09,sz000905,厦门港务,11.58,-2.2785
2026-04-10,sz000905,厦门港务,11.27,-2.677
2026-04-13,sz000905,厦门港务,11.35,0.7098
2026-04-14,sz000905,厦门港务,11.07,-2.467
2026-04-15,sz000905,厦门港务,10.92,-1.355
2026-04-16,sz000905,厦门港务,11.03,1.0073
2026-04-17,sz000905,厦门港务,10.95,-0.7253
2026-04-20,sz000905,厦门港务,11.09,1.2785
2026-04-21,sz000905,厦门港务,10.89,-1.8034
2026-04-22,sz000905,厦门港务,10.8,-0.8264
2026-04-23,sz000905,厦门港务,10.85,0.463
2026-04-24,sz000905,厦门港务,10.64,-1.9355
2026-04-27,sz000905,厦门港务,10.77,1.2218
2026-04-28,sz000905,厦门港务,10.82,0.4643
2026-04-29,sz000905,厦门港务,10.79,-0.2773
2026-04-30,sz000905,厦门港务,10.91,1.1121
2026-05-06,sz000905,厦门港务,11.05,1.2832
2026-05-07,sz000905,厦门港务,11.3,2.2624
2026-05-08,sz000905,厦门港务,11.51,1.8584
2026-05-11,sz000905,厦门港务,11.44,-0.6082
2026-05-12,sz000905,厦门港务,11.49,0.4371
2026-05-13,sz000905,厦门港务,11.76,2.3499
2026-05-14,sz000905,厦门港务,11.43,-2.8061
2026-05-15,sz000905,厦门港务,10.92,-4.4619
2026-05-18,sz000905,厦门港务,10.71,-1.9231
2026-05-19,sz000905,厦门港务,10.88,1.5873
2026-05-20,sz000905,厦门港务,10.15,-6.7096
2026-05-21,sz000905,厦门港务,9.99,-1.5764
2026-05-22,sz000905,厦门港务,10.0,0.1001
2026-05-25,sz000905,厦门港务,9.7,-3.0
2026-05-26,sz000905,厦门港务,9.63,-0.7216
2026-05-27,sz000905,厦门港务,9.38,-2.5961
2026-05-28,sz000905,厦门港务,9.35,-0.3198
2026-05-29,sz000905,厦门港务,9.28,-0.7487
2026-06-01,sz000905,厦门港务,9.34,0.6466
2026-06-02,sz000905,厦门港务,9.16,-1.9272
2026-06-03,sz000905,厦门港务,9.12,-0.4367
2026-06-04,sz000905,厦门港务,8.93,-2.0833
2026-06-05,sz000905,厦门港务,9.0,0.7839
2026-06-08,sz000905,厦门港务,8.7,-3.3333
2026-06-09,sz000905,厦门港务,8.66,-0.4598
2026-06-10,sz000905,厦门港务,8.53,-1.5012
2026-06-11,sz000905,厦门港务,8.36,-1.993
2026-06-12,sz000905,厦门港务,8.65,3.4689
2026-06-15,sz000905,厦门港务,8.86,2.4277
2026-06-16,sz000905,厦门港务,8.77,-1.0158
2026-06-17,sz000905,厦门港务,8.61,-1.8244
2026-06-18,sz000905,厦门港务,8.57,-0.4646
2026-06-22,sz000905,厦门港务,8.47,-1.1669
2026-06-23,sz000905,厦门港务,8.46,-0.1181
2026-06-24,sz000905,厦门港务,8.31,-1.773
2026-06-25,sz000905,厦门港务,8.21,-1.2034
2026-06-26,sz000905,厦门港务,7.96,-3.0451
2026-06-29,sz000905,厦门港务,7.88,-1.005
2026-06-30,sz000905,厦门港务,7.76,-1.5228
2026-07-01,sz000905,厦门港务,8.01,3.2216
2026-07-02,sz000905,厦门港务,8.09,0.9988
2026-07-03,sz000905,厦门港务,8.09,0.0
2026-07-06,sz000905,厦门港务,8.1,0.1236
2026-07-07,sz000905,厦门港务,7.87,-2.8395
2026-07-08,sz000905,厦门港务,7.76,-1.3977
2026-07-09,sz000905,厦门港务,7.73,-0.3866
2026-07-10,sz000905,厦门港务,7.89,2.0699
2026-07-13,sz000905,厦门港务,7.66,-2.9151
2026-07-14,sz000905,厦门港务,7.88,2.8721
2026-07-15,sz000905,厦门港务,8.12,3.0457
2026-07-16,sz000905,厦门港务,8.26,1.7241
2026-07-17,sz000905,厦门港务,8.01,-3.0266
2026-07-20,sz000905,厦门港务,8.04,0.3745
2026-07-21,sz000905,厦门港务,7.97,-0.8706
2026-07-22,sz000905,厦门港务,8.01,0.5019
2026-07-23,sz000905,厦门港务,8.57,6.9913
2026-07-24,sz000905,厦门港务,8.29,-3.2672
2026-07-27,sz000905,厦门港务,8.54,3.0157
2026-07-28,sz000905,厦门港务,8.46,-0.9368
2026-07-29,sz000905,厦门港务,8.48,0.2364
2026-07-30,sz000905,厦门港务,8.43,-0.5896
2026-07-31,sz000905,厦门港务,8.55,1.4235
2026-08-03,sz000905,厦门港务,8.79,2.807
2026-08-04,sz000905,厦门港务,8.66,-1.479
2026-08-05,sz000905,厦门港务,8.73,0.8083
2026-08-06,sz000905,厦门港务,8.61,-1.3746
2026-08-07,sz000905,厦门港务,8.54,-0.813
2026-08-10,sz000905,厦门港务,8.79,2.9274
2026-08-11,sz000905,厦门港务,8.62,-1.934
2026-08-12,sz000905,厦门港务,8.7,0.9281
2026-08-13,sz000905,厦门港务,8.5,-2.2989
2026-08-14,sz000905,厦门港务,8.36,-1.6471
2026-08-17,sz000905,厦门港务,8.56,2.3923
2026-08-18,sz000905,厦门港务,8.67,1.285
2026-08-19,sz000905,厦门港务,8.48,-2.1915
2016-01-04,sz001872,招商港口,17.39,
2016-01-05,sz001872,招商港口,16.98,-2.3577
2016-01-06,sz001872,招商港口,17.4,2.4735
2016-01-07,sz001872,招商港口,15.74,-9.5402
2016-01-08,sz001872,招商港口,15.95,1.3342
2016-01-11,sz001872,招商港口,14.43,-9.5298
2016-01-12,sz001872,招商港口,14.72,2.0097
2016-01-13,sz001872,招商港口,14.61,-0.7473
2016-01-14,sz001872,招商港口,14.97,2.4641
2016-01-15,sz001872,招商港口,13.98,-6.6132
2016-01-18,sz001872,招商港口,14.33,2.5036
2016-01-19,sz001872,招商港口,14.86,3.6985
2016-01-20,sz001872,招商港口,14.53,-2.2207
2016-01-21,sz001872,招商港口,13.85,-4.68
2016-01-22,sz001872,招商港口,14.06,1.5162
2016-01-25,sz001872,招商港口,14.18,0.8535
2016-01-26,sz001872,招商港口,13.05,-7.969
2016-01-27,sz001872,招商港口,12.62,-3.295
2016-01-28,sz001872,招商港口,12.26,-2.8526
2016-01-29,sz001872,招商港口,12.68,3.4258
2016-02-01,sz001872,招商港口,12.74,0.4732
2016-02-02,sz001872,招商港口,13.28,4.2386
2016-02-03,sz001872,招商港口,13.77,3.6898
2016-02-04,sz001872,招商港口,14.31,3.9216
2016-02-05,sz001872,招商港口,14.27,-0.2795
2016-02-15,sz001872,招商港口,14.26,-0.0701
2016-02-16,sz001872,招商港口,15.69,10.0281
2016-02-17,sz001872,招商港口,17.26,10.0064
2016-02-18,sz001872,招商港口,18.99,10.0232
2016-02-19,sz001872,招商港口,19.0,0.0527
2016-02-22,sz001872,招商港口,18.78,-1.1579
2016-02-23,sz001872,招商港口,18.07,-3.7806
2016-02-24,sz001872,招商港口,18.27,1.1068
2016-02-25,sz001872,招商港口,16.44,-10.0164
2016-02-26,sz001872,招商港口,16.0,-2.6764
2016-02-29,sz001872,招商港口,15.19,-5.0625
2016-03-01,sz001872,招商港口,15.92,4.8058
2016-03-02,sz001872,招商港口,16.73,5.0879
2016-03-03,sz001872,招商港口,16.37,-2.1518
2016-03-04,sz001872,招商港口,18.01,10.0183
2016-03-07,sz001872,招商港口,19.19,6.5519
2016-03-08,sz001872,招商港口,18.0,-6.2011
2016-03-09,sz001872,招商港口,16.89,-6.1667
2016-03-10,sz001872,招商港口,16.7,-1.1249
2016-03-11,sz001872,招商港口,16.27,-2.5749
2016-03-14,sz001872,招商港口,17.44,7.1911
2016-03-15,sz001872,招商港口,17.08,-2.0642
2016-03-16,sz001872,招商港口,16.46,-3.63
2016-03-17,sz001872,招商港口,16.97,3.0984
2016-03-18,sz001872,招商港口,17.61,3.7714
2016-03-21,sz001872,招商港口,18.08,2.6689
2016-03-22,sz001872,招商港口,17.6,-2.6549
2016-03-23,sz001872,招商港口,17.7,0.5682
2016-03-24,sz001872,招商港口,17.1,-3.3898
2016-03-25,sz001872,招商港口,17.16,0.3509
2016-03-28,sz001872,招商港口,16.94,-1.2821
2016-03-29,sz001872,招商港口,16.58,-2.1251
2016-03-30,sz001872,招商港口,17.06,2.8951
2016-03-31,sz001872,招商港口,17.18,0.7034
2016-04-01,sz001872,招商港口,16.77,-2.3865
2016-04-05,sz001872,招商港口,17.23,2.743
2016-04-06,sz001872,招商港口,17.23,0.0
2016-04-07,sz001872,招商港口,16.71,-3.018
2016-04-08,sz001872,招商港口,16.6,-0.6583
2016-04-11,sz001872,招商港口,16.93,1.988
2016-04-12,sz001872,招商港口,16.76,-1.0041
2016-04-13,sz001872,招商港口,17.2,2.6253
2016-04-14,sz001872,招商港口,17.18,-0.1163
2016-04-15,sz001872,招商港口,17.24,0.3492
2016-04-18,sz001872,招商港口,17.7,2.6682
2016-04-19,sz001872,招商港口,18.08,2.1469
2016-04-20,sz001872,招商港口,16.97,-6.1394
2016-04-21,sz001872,招商港口,16.71,-1.5321
2016-04-22,sz001872,招商港口,16.56,-0.8977
2016-04-25,sz001872,招商港口,16.4,-0.9662
2016-04-26,sz001872,招商港口,16.47,0.4268
2016-04-27,sz001872,招商港口,16.36,-0.6679
2016-04-28,sz001872,招商港口,16.14,-1.3447
2016-04-29,sz001872,招商港口,16.14,0.0
2016-05-03,sz001872,招商港口,16.5,2.2305
2016-05-04,sz001872,招商港口,16.56,0.3636
2016-05-05,sz001872,招商港口,16.58,0.1208
2016-05-06,sz001872,招商港口,15.94,-3.8601
2016-05-09,sz001872,招商港口,15.19,-4.7051
2016-05-10,sz001872,招商港口,15.43,1.58
2016-05-11,sz001872,招商港口,15.19,-1.5554
2016-05-12,sz001872,招商港口,14.93,-1.7117
2016-05-13,sz001872,招商港口,14.83,-0.6698
2016-05-16,sz001872,招商港口,15.3,3.1693
2016-05-17,sz001872,招商港口,15.23,-0.4575
2016-05-18,sz001872,招商港口,15.01,-1.4445
2016-05-19,sz001872,招商港口,15.0,-0.0666
2016-05-20,sz001872,招商港口,15.0,0.0
2016-05-23,sz001872,招商港口,15.18,1.2
2016-05-24,sz001872,招商港口,14.89,-1.9104
2016-05-25,sz001872,招商港口,14.89,0.0
2016-05-26,sz001872,招商港口,14.96,0.4701
2016-05-27,sz001872,招商港口,15.35,2.607
2016-05-30,sz001872,招商港口,15.03,-2.0847
2016-05-31,sz001872,招商港口,15.57,3.5928
2016-06-01,sz001872,招商港口,15.5,-0.4496
2016-06-02,sz001872,招商港口,15.6,0.6452
2016-06-03,sz001872,招商港口,15.62,0.1282
2016-06-06,sz001872,招商港口,15.64,0.128
2016-06-07,sz001872,招商港口,15.45,-1.2148
2016-06-08,sz001872,招商港口,15.32,-0.8414
2016-06-13,sz001872,招商港口,14.67,-4.2428
2016-06-14,sz001872,招商港口,14.75,0.5453
2016-06-15,sz001872,招商港口,14.98,1.5593
2016-06-16,sz001872,招商港口,14.95,-0.2003
2016-06-17,sz001872,招商港口,15.18,1.5385
2016-06-20,sz001872,招商港口,15.03,-0.9881
2016-06-21,sz001872,招商港口,15.09,0.3992
2016-06-22,sz001872,招商港口,15.55,3.0484
2016-06-23,sz001872,招商港口,15.35,-1.2862
2016-06-24,sz001872,招商港口,15.08,-1.759
2016-06-27,sz001872,招商港口,15.34,1.7241
2016-06-28,sz001872,招商港口,15.81,3.0639
2016-06-29,sz001872,招商港口,15.66,-0.9488
2016-06-30,sz001872,招商港口,15.76,0.6386
2016-07-01,sz001872,招商港口,15.63,-0.8249
2016-07-04,sz001872,招商港口,15.79,1.0237
2016-07-05,sz001872,招商港口,16.26,2.9766
2016-07-06,sz001872,招商港口,16.16,-0.615
2016-07-07,sz001872,招商港口,16.18,0.1238
2016-07-08,sz001872,招商港口,17.51,8.22
2016-07-11,sz001872,招商港口,17.15,-2.056
2016-07-12,sz001872,招商港口,16.95,-1.1662
2016-07-13,sz001872,招商港口,17.01,0.354
2016-07-14,sz001872,招商港口,16.82,-1.117
2016-07-15,sz001872,招商港口,16.86,0.2378
2016-07-18,sz001872,招商港口,16.54,-1.898
2016-07-19,sz001872,招商港口,16.69,0.9069
2016-07-20,sz001872,招商港口,16.65,-0.2397
2016-07-21,sz001872,招商港口,16.92,1.6216
2016-07-22,sz001872,招商港口,16.94,0.1182
2016-07-25,sz001872,招商港口,16.97,0.1771
2016-07-26,sz001872,招商港口,17.18,1.2375
2016-07-27,sz001872,招商港口,16.73,-2.6193
2016-07-28,sz001872,招商港口,15.93,-4.7818
2016-07-29,sz001872,招商港口,15.97,0.2511
2016-08-01,sz001872,招商港口,15.88,-0.5636
2016-08-02,sz001872,招商港口,15.89,0.063
2016-08-03,sz001872,招商港口,16.27,2.3914
2016-08-04,sz001872,招商港口,16.12,-0.9219
2016-08-05,sz001872,招商港口,16.4,1.737
2016-08-08,sz001872,招商港口,16.39,-0.061
2016-08-09,sz001872,招商港口,16.41,0.122
2016-08-10,sz001872,招商港口,16.2,-1.2797
2016-08-11,sz001872,招商港口,16.08,-0.7407
2016-08-12,sz001872,招商港口,16.24,0.995
2016-08-15,sz001872,招商港口,16.64,2.4631
2016-08-16,sz001872,招商港口,16.79,0.9014
2016-08-17,sz001872,招商港口,16.9,0.6552
2016-08-18,sz001872,招商港口,17.16,1.5385
2016-08-19,sz001872,招商港口,17.03,-0.7576
2016-08-22,sz001872,招商港口,16.56,-2.7598
2016-08-23,sz001872,招商港口,16.6,0.2415
2016-08-24,sz001872,招商港口,16.62,0.1205
2016-08-25,sz001872,招商港口,16.38,-1.444
2016-08-26,sz001872,招商港口,16.33,-0.3053
2016-08-29,sz001872,招商港口,16.44,0.6736
2016-08-30,sz001872,招商港口,16.46,0.1217
2016-08-31,sz001872,招商港口,16.51,0.3038
2016-09-01,sz001872,招商港口,16.5,-0.0606
2016-09-02,sz001872,招商港口,16.29,-1.2727
2016-09-05,sz001872,招商港口,16.34,0.3069
2016-09-06,sz001872,招商港口,16.39,0.306
2016-09-07,sz001872,招商港口,16.59,1.2203
2016-09-08,sz001872,招商港口,16.6,0.0603
2016-09-09,sz001872,招商港口,16.43,-1.0241
2016-09-12,sz001872,招商港口,16.17,-1.5825
2016-09-13,sz001872,招商港口,16.26,0.5566
2016-09-14,sz001872,招商港口,16.3,0.246
2016-09-19,sz001872,招商港口,16.51,1.2883
2016-09-20,sz001872,招商港口,16.43,-0.4846
2016-09-21,sz001872,招商港口,16.98,3.3475
2016-09-22,sz001872,招商港口,16.86,-0.7067
2016-09-23,sz001872,招商港口,16.94,0.4745
2016-09-26,sz001872,招商港口,16.62,-1.889
2016-09-27,sz001872,招商港口,16.71,0.5415
2016-09-28,sz001872,招商港口,16.89,1.0772
2016-09-29,sz001872,招商港口,16.8,-0.5329
2016-09-30,sz001872,招商港口,16.75,-0.2976
2016-10-10,sz001872,招商港口,17.09,2.0299
2016-10-11,sz001872,招商港口,17.6,2.9842
2016-10-12,sz001872,招商港口,17.3,-1.7045
2016-10-13,sz001872,招商港口,17.29,-0.0578
2016-10-14,sz001872,招商港口,17.13,-0.9254
2016-10-17,sz001872,招商港口,16.86,-1.5762
2016-10-18,sz001872,招商港口,17.1,1.4235
2016-10-19,sz001872,招商港口,16.87,-1.345
2016-10-20,sz001872,招商港口,16.99,0.7113
2016-10-21,sz001872,招商港口,17.25,1.5303
2016-10-24,sz001872,招商港口,17.3,0.2899
2016-10-25,sz001872,招商港口,17.15,-0.8671
2016-10-26,sz001872,招商港口,16.93,-1.2828
2016-10-27,sz001872,招商港口,16.86,-0.4135
2016-10-28,sz001872,招商港口,16.86,0.0
2016-10-31,sz001872,招商港口,16.94,0.4745
2016-11-01,sz001872,招商港口,17.11,1.0035
2016-11-02,sz001872,招商港口,16.84,-1.578
2016-11-03,sz001872,招商港口,16.95,0.6532
2016-11-04,sz001872,招商港口,16.9,-0.295
2016-11-07,sz001872,招商港口,16.94,0.2367
2016-11-08,sz001872,招商港口,16.95,0.059
2016-11-09,sz001872,招商港口,16.81,-0.826
2016-11-10,sz001872,招商港口,17.28,2.796
2016-11-11,sz001872,招商港口,17.35,0.4051
2016-11-14,sz001872,招商港口,17.59,1.3833
2016-11-15,sz001872,招商港口,17.48,-0.6254
2016-11-16,sz001872,招商港口,17.77,1.659
2016-11-17,sz001872,招商港口,17.71,-0.3376
2016-11-18,sz001872,招商港口,17.33,-2.1457
2016-11-21,sz001872,招商港口,17.25,-0.4616
2016-11-22,sz001872,招商港口,17.38,0.7536
2016-11-23,sz001872,招商港口,17.52,0.8055
2016-11-24,sz001872,招商港口,17.54,0.1142
2016-11-25,sz001872,招商港口,17.57,0.171
2016-11-28,sz001872,招商港口,19.33,10.0171
2016-11-29,sz001872,招商港口,20.5,6.0528
2016-11-30,sz001872,招商港口,21.04,2.6341
2016-12-01,sz001872,招商港口,20.21,-3.9449
2016-12-02,sz001872,招商港口,19.79,-2.0782
2016-12-05,sz001872,招商港口,19.61,-0.9096
2016-12-06,sz001872,招商港口,18.9,-3.6206
2016-12-07,sz001872,招商港口,19.8,4.7619
2016-12-08,sz001872,招商港口,19.3,-2.5253
2016-12-09,sz001872,招商港口,19.5,1.0363
2016-12-12,sz001872,招商港口,18.31,-6.1026
2016-12-13,sz001872,招商港口,18.68,2.0208
2016-12-14,sz001872,招商港口,18.86,0.9636
2016-12-15,sz001872,招商港口,18.84,-0.106
2016-12-16,sz001872,招商港口,19.36,2.7601
2016-12-19,sz001872,招商港口,19.21,-0.7748
2016-12-20,sz001872,招商港口,18.59,-3.2275
2016-12-21,sz001872,招商港口,19.16,3.0662
2016-12-22,sz001872,招商港口,18.88,-1.4614
2016-12-23,sz001872,招商港口,19.86,5.1907
2016-12-26,sz001872,招商港口,20.1,1.2085
2016-12-27,sz001872,招商港口,19.82,-1.393
2016-12-28,sz001872,招商港口,19.3,-2.6236
2016-12-29,sz001872,招商港口,19.26,-0.2073
2016-12-30,sz001872,招商港口,19.03,-1.1942
2017-01-03,sz001872,招商港口,19.33,1.5765
2017-01-04,sz001872,招商港口,19.46,0.6725
2017-01-05,sz001872,招商港口,19.87,2.1069
2017-01-06,sz001872,招商港口,19.86,-0.0503
2017-01-09,sz001872,招商港口,19.87,0.0504
2017-01-10,sz001872,招商港口,19.23,-3.2209
2017-01-11,sz001872,招商港口,18.75,-2.4961
2017-01-12,sz001872,招商港口,18.51,-1.28
2017-01-13,sz001872,招商港口,18.0,-2.7553
2017-01-16,sz001872,招商港口,17.51,-2.7222
2017-01-17,sz001872,招商港口,17.68,0.9709
2017-01-18,sz001872,招商港口,17.69,0.0566
2017-01-19,sz001872,招商港口,17.4,-1.6393
2017-01-20,sz001872,招商港口,17.54,0.8046
2017-01-23,sz001872,招商港口,17.8,1.4823
2017-01-24,sz001872,招商港口,17.85,0.2809
2017-01-25,sz001872,招商港口,17.81,-0.2241
2017-01-26,sz001872,招商港口,18.09,1.5722
2017-02-03,sz001872,招商港口,18.45,1.99
2017-02-06,sz001872,招商港口,18.38,-0.3794
2017-02-07,sz001872,招商港口,18.33,-0.272
2017-02-08,sz001872,招商港口,18.47,0.7638
2017-02-09,sz001872,招商港口,18.7,1.2453
2017-02-10,sz001872,招商港口,18.88,0.9626
2017-02-13,sz001872,招商港口,18.86,-0.1059
2017-02-14,sz001872,招商港口,18.89,0.1591
2017-02-15,sz001872,招商港口,19.05,0.847
2017-02-16,sz001872,招商港口,18.91,-0.7349
2017-02-17,sz001872,招商港口,19.06,0.7932
2017-02-20,sz001872,招商港口,19.55,2.5708
2017-02-21,sz001872,招商港口,19.39,-0.8184
2017-02-22,sz001872,招商港口,19.35,-0.2063
2017-02-23,sz001872,招商港口,19.18,-0.8786
2017-02-24,sz001872,招商港口,19.26,0.4171
2017-02-27,sz001872,招商港口,18.82,-2.2845
2017-02-28,sz001872,招商港口,18.82,0.0
2017-03-01,sz001872,招商港口,18.8,-0.1063
2017-03-02,sz001872,招商港口,18.39,-2.1809
2017-03-03,sz001872,招商港口,18.43,0.2175
2017-03-06,sz001872,招商港口,18.82,2.1161
2017-03-07,sz001872,招商港口,20.7,9.9894
2017-03-08,sz001872,招商港口,20.18,-2.5121
2017-03-09,sz001872,招商港口,20.14,-0.1982
2017-03-10,sz001872,招商港口,19.71,-2.1351
2017-03-13,sz001872,招商港口,19.75,0.2029
2017-03-14,sz001872,招商港口,19.67,-0.4051
2017-03-15,sz001872,招商港口,19.88,1.0676
2017-03-16,sz001872,招商港口,20.26,1.9115
2017-03-17,sz001872,招商港口,19.83,-2.1224
2017-03-20,sz001872,招商港口,19.96,0.6556
2017-03-21,sz001872,招商港口,20.45,2.4549
2017-03-22,sz001872,招商港口,20.87,2.0538
2017-03-23,sz001872,招商港口,20.88,0.0479
2017-03-24,sz001872,招商港口,21.87,4.7414
2017-03-27,sz001872,招商港口,21.37,-2.2862
2017-03-28,sz001872,招商港口,20.99,-1.7782
2017-03-29,sz001872,招商港口,22.37,6.5746
2017-03-30,sz001872,招商港口,21.41,-4.2915
2017-03-31,sz001872,招商港口,21.1,-1.4479
2017-04-05,sz001872,招商港口,21.62,2.4645
2017-04-06,sz001872,招商港口,22.59,4.4866
2017-04-07,sz001872,招商港口,21.98,-2.7003
2017-04-10,sz001872,招商港口,22.2,1.0009
2017-04-11,sz001872,招商港口,24.42,10.0
2017-04-12,sz001872,招商港口,26.86,9.9918
2017-04-13,sz001872,招商港口,28.16,4.8399
2017-04-14,sz001872,招商港口,25.73,-8.6293
2017-04-17,sz001872,招商港口,24.16,-6.1018
2017-04-18,sz001872,招商港口,25.0,3.4768
2017-04-19,sz001872,招商港口,25.4,1.6
2017-04-20,sz001872,招商港口,25.25,-0.5906
2017-04-21,sz001872,招商港口,23.7,-6.1386
2017-04-24,sz001872,招商港口,22.4,-5.4852
2017-04-25,sz001872,招商港口,22.61,0.9375
2017-04-26,sz001872,招商港口,23.26,2.8748
2017-04-27,sz001872,招商港口,24.14,3.7833
2017-04-28,sz001872,招商港口,24.66,2.1541
2017-05-02,sz001872,招商港口,24.69,0.1217
2017-05-03,sz001872,招商港口,25.12,1.7416
2017-05-04,sz001872,招商港口,24.21,-3.6226
2017-05-05,sz001872,招商港口,24.05,-0.6609
2017-05-08,sz001872,招商港口,22.13,-7.9834
2017-05-09,sz001872,招商港口,23.1,4.3832
2017-05-10,sz001872,招商港口,22.57,-2.2944
2017-05-11,sz001872,招商港口,23.38,3.5888
2017-05-12,sz001872,招商港口,24.8,6.0736
2017-05-15,sz001872,招商港口,24.36,-1.7742
2017-05-16,sz001872,招商港口,25.36,4.1051
2017-05-17,sz001872,招商港口,25.68,1.2618
2017-05-18,sz001872,招商港口,25.18,-1.947
2017-05-19,sz001872,招商港口,24.71,-1.8666
2017-05-22,sz001872,招商港口,23.49,-4.9373
2017-05-23,sz001872,招商港口,22.95,-2.2989
2017-05-24,sz001872,招商港口,23.96,4.4009
2017-05-25,sz001872,招商港口,24.55,2.4624
2017-05-26,sz001872,招商港口,24.24,-1.2627
2017-05-31,sz001872,招商港口,24.83,2.434
2017-06-01,sz001872,招商港口,23.4,-5.7592
2017-06-02,sz001872,招商港口,24.01,2.6068
2017-06-05,sz001872,招商港口,24.38,1.541
2017-06-06,sz001872,招商港口,26.22,7.5472
2017-06-07,sz001872,招商港口,27.04,3.1274
2017-06-08,sz001872,招商港口,27.55,1.8861
2017-06-09,sz001872,招商港口,27.03,-1.8875
2017-06-12,sz001872,招商港口,26.85,-0.6659
2017-06-13,sz001872,招商港口,27.72,3.2402
2017-06-14,sz001872,招商港口,27.47,-0.9019
2017-06-15,sz001872,招商港口,27.31,-0.5825
2017-06-16,sz001872,招商港口,28.5,4.3574
2017-06-19,sz001872,招商港口,29.45,3.3333
2017-06-20,sz001872,招商港口,32.4,10.017
2017-06-21,sz001872,招商港口,31.59,-2.5
2017-06-22,sz001872,招商港口,31.65,0.1899
2017-06-23,sz001872,招商港口,31.59,-0.1896
2017-06-26,sz001872,招商港口,32.08,1.5511
2017-06-27,sz001872,招商港口,31.85,-0.717
2017-06-28,sz001872,招商港口,30.99,-2.7002
2017-06-29,sz001872,招商港口,29.93,-3.4205
2017-06-30,sz001872,招商港口,29.75,-0.6014
2017-07-03,sz001872,招商港口,29.7,-0.1681
2017-07-04,sz001872,招商港口,28.44,-4.2424
2017-07-05,sz001872,招商港口,28.99,1.9339
2017-07-06,sz001872,招商港口,28.6,-1.3453
2017-07-07,sz001872,招商港口,28.13,-1.6434
2017-07-10,sz001872,招商港口,27.53,-2.133
2017-07-11,sz001872,招商港口,29.4,6.7926
2017-07-12,sz001872,招商港口,29.76,1.2245
2017-07-13,sz001872,招商港口,29.62,-0.4704
2017-07-14,sz001872,招商港口,30.1,1.6205
2017-07-17,sz001872,招商港口,27.99,-7.01
2017-07-18,sz001872,招商港口,28.12,0.4645
2017-07-19,sz001872,招商港口,28.6,1.707
2017-07-20,sz001872,招商港口,28.34,-0.9091
2017-07-21,sz001872,招商港口,27.7,-2.2583
2017-07-24,sz001872,招商港口,28.19,1.769
2017-07-25,sz001872,招商港口,27.84,-1.2416
2017-07-26,sz001872,招商港口,27.57,-0.9698
2017-07-27,sz001872,招商港口,27.49,-0.2902
2017-07-28,sz001872,招商港口,28.14,2.3645
2017-07-31,sz001872,招商港口,27.99,-0.533
2017-08-01,sz001872,招商港口,27.86,-0.4645
2017-08-02,sz001872,招商港口,27.9,0.1436
2017-08-03,sz001872,招商港口,29.9,7.1685
2017-08-04,sz001872,招商港口,29.26,-2.1405
2017-08-07,sz001872,招商港口,29.14,-0.4101
2017-08-08,sz001872,招商港口,28.78,-1.2354
2017-08-09,sz001872,招商港口,28.92,0.4864
2017-08-10,sz001872,招商港口,28.5,-1.4523
2017-08-11,sz001872,招商港口,26.58,-6.7368
2017-08-14,sz001872,招商港口,26.88,1.1287
2017-08-15,sz001872,招商港口,27.08,0.744
2017-08-16,sz001872,招商港口,26.67,-1.514
2017-08-17,sz001872,招商港口,26.75,0.3
2017-08-18,sz001872,招商港口,27.45,2.6168
2017-08-21,sz001872,招商港口,27.36,-0.3279
2017-08-22,sz001872,招商港口,27.22,-0.5117
2017-08-23,sz001872,招商港口,27.28,0.2204
2017-08-24,sz001872,招商港口,27.1,-0.6598
2017-08-25,sz001872,招商港口,26.44,-2.4354
2017-08-28,sz001872,招商港口,26.63,0.7186
2017-08-29,sz001872,招商港口,27.35,2.7037
2017-08-30,sz001872,招商港口,27.95,2.1938
2017-08-31,sz001872,招商港口,27.85,-0.3578
2017-09-01,sz001872,招商港口,27.72,-0.4668
2017-09-04,sz001872,招商港口,27.45,-0.974
2017-09-05,sz001872,招商港口,27.45,0.0
2017-09-06,sz001872,招商港口,27.07,-1.3843
2017-09-07,sz001872,招商港口,26.87,-0.7388
2017-09-08,sz001872,招商港口,27.19,1.1909
2017-09-11,sz001872,招商港口,27.19,0.0
2017-09-12,sz001872,招商港口,27.22,0.1103
2017-09-13,sz001872,招商港口,26.91,-1.1389
2017-09-14,sz001872,招商港口,27.08,0.6317
2017-09-15,sz001872,招商港口,26.77,-1.1448
2017-09-18,sz001872,招商港口,26.78,0.0374
2017-09-19,sz001872,招商港口,26.43,-1.3069
2017-09-20,sz001872,招商港口,26.47,0.1513
2017-09-21,sz001872,招商港口,26.16,-1.1711
2017-09-22,sz001872,招商港口,26.06,-0.3823
2017-09-25,sz001872,招商港口,25.3,-2.9163
2017-09-26,sz001872,招商港口,25.48,0.7115
2017-09-27,sz001872,招商港口,25.45,-0.1177
2017-09-28,sz001872,招商港口,24.96,-1.9253
2017-09-29,sz001872,招商港口,25.41,1.8029
2017-10-09,sz001872,招商港口,25.9,1.9284
2017-10-10,sz001872,招商港口,25.92,0.0772
2017-10-11,sz001872,招商港口,26.73,3.125
2017-10-12,sz001872,招商港口,26.66,-0.2619
2017-10-13,sz001872,招商港口,26.71,0.1875
2017-10-16,sz001872,招商港口,26.49,-0.8237
2017-10-17,sz001872,招商港口,26.4,-0.3398
2017-10-18,sz001872,招商港口,25.64,-2.8788
2017-10-19,sz001872,招商港口,24.76,-3.4321
2017-10-20,sz001872,招商港口,26.13,5.5331
2017-10-23,sz001872,招商港口,26.24,0.421
2017-10-24,sz001872,招商港口,26.5,0.9909
2017-10-25,sz001872,招商港口,26.12,-1.434
2017-10-26,sz001872,招商港口,26.12,0.0
2017-10-27,sz001872,招商港口,26.24,0.4594
2017-10-30,sz001872,招商港口,25.17,-4.0777
2017-10-31,sz001872,招商港口,25.38,0.8343
2017-11-01,sz001872,招商港口,25.02,-1.4184
2017-11-02,sz001872,招商港口,24.44,-2.3181
2017-11-03,sz001872,招商港口,24.41,-0.1227
2017-11-06,sz001872,招商港口,24.1,-1.27
2017-11-07,sz001872,招商港口,25.32,5.0622
2017-11-08,sz001872,招商港口,24.88,-1.7378
2017-11-09,sz001872,招商港口,24.61,-1.0852
2017-11-10,sz001872,招商港口,24.97,1.4628
2017-11-13,sz001872,招商港口,24.76,-0.841
2017-11-14,sz001872,招商港口,24.54,-0.8885
2017-11-15,sz001872,招商港口,24.3,-0.978
2017-11-16,sz001872,招商港口,24.14,-0.6584
2017-11-17,sz001872,招商港口,24.14,0.0
2018-07-10,sz001872,招商港口,21.33,-11.6404
2018-07-11,sz001872,招商港口,19.32,-9.4233
2018-07-12,sz001872,招商港口,19.31,-0.0518
2018-07-13,sz001872,招商港口,19.0,-1.6054
2018-07-16,sz001872,招商港口,19.28,1.4737
2018-07-17,sz001872,招商港口,19.1,-0.9336
2018-07-18,sz001872,招商港口,18.66,-2.3037
2018-07-19,sz001872,招商港口,17.39,-6.806
2018-07-20,sz001872,招商港口,17.32,-0.4025
2018-07-23,sz001872,招商港口,17.6,1.6166
2018-07-24,sz001872,招商港口,18.57,5.5114
2018-07-25,sz001872,招商港口,18.47,-0.5385
2018-07-26,sz001872,招商港口,18.62,0.8121
2018-07-27,sz001872,招商港口,18.73,0.5908
2018-07-30,sz001872,招商港口,17.93,-4.2712
2018-07-31,sz001872,招商港口,18.78,4.7407
2018-08-01,sz001872,招商港口,18.75,-0.1597
2018-08-02,sz001872,招商港口,17.72,-5.4933
2018-08-03,sz001872,招商港口,17.74,0.1129
2018-08-06,sz001872,招商港口,17.5,-1.3529
2018-08-07,sz001872,招商港口,18.14,3.6571
2018-08-08,sz001872,招商港口,18.3,0.882
2018-08-09,sz001872,招商港口,18.72,2.2951
2018-08-10,sz001872,招商港口,19.5,4.1667
2018-08-13,sz001872,招商港口,20.24,3.7949
2018-08-14,sz001872,招商港口,21.73,7.3617
2018-08-15,sz001872,招商港口,20.48,-5.7524
2018-08-16,sz001872,招商港口,19.48,-4.8828
2018-08-17,sz001872,招商港口,18.9,-2.9774
2018-08-20,sz001872,招商港口,18.72,-0.9524
2018-08-21,sz001872,招商港口,18.95,1.2286
2018-08-22,sz001872,招商港口,18.68,-1.4248
2018-08-23,sz001872,招商港口,18.73,0.2677
2018-08-24,sz001872,招商港口,18.8,0.3737
2018-08-27,sz001872,招商港口,19.23,2.2872
2018-08-28,sz001872,招商港口,19.38,0.78
2018-08-29,sz001872,招商港口,18.99,-2.0124
2018-08-30,sz001872,招商港口,18.97,-0.1053
2018-08-31,sz001872,招商港口,18.76,-1.107
2018-09-03,sz001872,招商港口,18.65,-0.5864
2018-09-04,sz001872,招商港口,18.56,-0.4826
2018-09-05,sz001872,招商港口,17.76,-4.3103
2018-09-06,sz001872,招商港口,17.27,-2.759
2018-09-07,sz001872,招商港口,17.25,-0.1158
2018-09-10,sz001872,招商港口,17.23,-0.1159
2018-09-11,sz001872,招商港口,17.7,2.7278
2018-09-12,sz001872,招商港口,17.73,0.1695
2018-09-13,sz001872,招商港口,18.22,2.7637
2018-09-14,sz001872,招商港口,18.95,4.0066
2018-09-17,sz001872,招商港口,19.29,1.7942
2018-09-18,sz001872,招商港口,19.16,-0.6739
2018-09-19,sz001872,招商港口,20.28,5.8455
2018-09-20,sz001872,招商港口,19.62,-3.2544
2018-09-21,sz001872,招商港口,19.35,-1.3761
2018-09-25,sz001872,招商港口,19.38,0.155
2018-09-26,sz001872,招商港口,19.71,1.7028
2018-09-27,sz001872,招商港口,19.33,-1.928
2018-10-10,sz001872,招商港口,18.72,-3.1557
2018-10-11,sz001872,招商港口,16.91,-9.6688
2018-10-12,sz001872,招商港口,16.94,0.1774
2018-10-15,sz001872,招商港口,17.23,1.7119
2018-10-16,sz001872,招商港口,16.48,-4.3529
2018-10-17,sz001872,招商港口,16.6,0.7282
2018-10-18,sz001872,招商港口,17.57,5.8434
2018-10-19,sz001872,招商港口,18.91,7.6266
2018-10-22,sz001872,招商港口,19.5,3.12
2018-10-23,sz001872,招商港口,18.22,-6.5641
2018-10-24,sz001872,招商港口,17.67,-3.0187
2018-10-25,sz001872,招商港口,17.3,-2.0939
2018-10-26,sz001872,招商港口,17.24,-0.3468
2018-10-29,sz001872,招商港口,16.98,-1.5081
2018-10-30,sz001872,招商港口,17.09,0.6478
2018-10-31,sz001872,招商港口,17.28,1.1118
2018-11-01,sz001872,招商港口,17.5,1.2731
2018-11-02,sz001872,招商港口,17.85,2.0
2018-11-05,sz001872,招商港口,17.67,-1.0084
2018-11-06,sz001872,招商港口,17.5,-0.9621
2018-11-07,sz001872,招商港口,17.51,0.0571
2018-11-08,sz001872,招商港口,17.37,-0.7995
2018-11-09,sz001872,招商港口,16.89,-2.7634
2018-11-12,sz001872,招商港口,17.19,1.7762
2018-11-13,sz001872,招商港口,17.36,0.9889
2018-11-14,sz001872,招商港口,17.22,-0.8065
2018-11-15,sz001872,招商港口,17.44,1.2776
2018-11-16,sz001872,招商港口,17.62,1.0321
2018-11-19,sz001872,招商港口,18.11,2.7809
2018-11-20,sz001872,招商港口,17.29,-4.5279
2018-11-21,sz001872,招商港口,17.34,0.2892
2018-11-22,sz001872,招商港口,17.22,-0.692
2018-11-23,sz001872,招商港口,17.05,-0.9872
2018-11-26,sz001872,招商港口,16.86,-1.1144
2018-11-27,sz001872,招商港口,16.87,0.0593
2018-11-28,sz001872,招商港口,17.23,2.134
2018-11-29,sz001872,招商港口,17.0,-1.3349
2018-11-30,sz001872,招商港口,17.13,0.7647
2018-12-03,sz001872,招商港口,17.48,2.0432
2018-12-04,sz001872,招商港口,17.55,0.4005
2018-12-05,sz001872,招商港口,17.31,-1.3675
2018-12-06,sz001872,招商港口,17.06,-1.4443
2018-12-07,sz001872,招商港口,17.18,0.7034
2018-12-10,sz001872,招商港口,16.93,-1.4552
2018-12-11,sz001872,招商港口,17.18,1.4767
2018-12-12,sz001872,招商港口,17.18,0.0
2018-12-13,sz001872,招商港口,17.38,1.1641
2018-12-14,sz001872,招商港口,17.37,-0.0575
2018-12-17,sz001872,招商港口,17.8,2.4755
2018-12-18,sz001872,招商港口,17.4,-2.2472
2018-12-19,sz001872,招商港口,16.72,-3.908
2018-12-20,sz001872,招商港口,16.46,-1.555
2018-12-26,sz001872,招商港口,16.54,0.486
2018-12-27,sz001872,招商港口,15.89,-3.9299
2018-12-28,sz001872,招商港口,15.02,-5.4751
2019-01-02,sz001872,招商港口,15.07,0.3329
2019-01-03,sz001872,招商港口,13.94,-7.4983
2019-01-04,sz001872,招商港口,14.13,1.363
2019-01-07,sz001872,招商港口,14.86,5.1663
2019-01-08,sz001872,招商港口,14.83,-0.2019
2019-01-09,sz001872,招商港口,14.83,0.0
2019-01-10,sz001872,招商港口,14.74,-0.6069
2019-01-11,sz001872,招商港口,14.53,-1.4247
2019-01-14,sz001872,招商港口,14.5,-0.2065
2019-01-15,sz001872,招商港口,14.6,0.6897
2019-01-16,sz001872,招商港口,14.82,1.5068
2019-01-17,sz001872,招商港口,14.55,-1.8219
2019-01-18,sz001872,招商港口,14.62,0.4811
2019-01-21,sz001872,招商港口,14.64,0.1368
2019-01-22,sz001872,招商港口,14.72,0.5464
2019-01-23,sz001872,招商港口,14.86,0.9511
2019-01-24,sz001872,招商港口,14.96,0.6729
2019-01-25,sz001872,招商港口,14.95,-0.0668
2019-01-28,sz001872,招商港口,15.29,2.2742
2019-01-29,sz001872,招商港口,15.25,-0.2616
2019-01-30,sz001872,招商港口,14.38,-5.7049
2019-01-31,sz001872,招商港口,14.14,-1.669
2019-02-01,sz001872,招商港口,14.6,3.2532
2019-02-11,sz001872,招商港口,14.77,1.1644
2019-02-12,sz001872,招商港口,15.31,3.6561
2019-02-13,sz001872,招商港口,15.44,0.8491
2019-02-14,sz001872,招商港口,15.75,2.0078
2019-02-15,sz001872,招商港口,15.89,0.8889
2019-02-18,sz001872,招商港口,16.41,3.2725
2019-02-19,sz001872,招商港口,18.05,9.9939
2019-02-20,sz001872,招商港口,17.29,-4.2105
2019-02-21,sz001872,招商港口,16.9,-2.2556
2019-02-22,sz001872,招商港口,17.0,0.5917
2019-02-25,sz001872,招商港口,17.54,3.1765
2019-02-26,sz001872,招商港口,17.17,-2.1095
2019-02-27,sz001872,招商港口,16.98,-1.1066
2019-02-28,sz001872,招商港口,17.18,1.1779
2019-03-01,sz001872,招商港口,17.17,-0.0582
2019-03-04,sz001872,招商港口,17.38,1.2231
2019-03-05,sz001872,招商港口,17.47,0.5178
2019-03-06,sz001872,招商港口,17.85,2.1752
2019-03-07,sz001872,招商港口,18.12,1.5126
2019-03-08,sz001872,招商港口,17.0,-6.181
2019-03-11,sz001872,招商港口,17.51,3.0
2019-03-12,sz001872,招商港口,17.8,1.6562
2019-03-13,sz001872,招商港口,17.51,-1.6292
2019-03-14,sz001872,招商港口,17.3,-1.1993
2019-03-15,sz001872,招商港口,17.81,2.948
2019-03-18,sz001872,招商港口,18.68,4.8849
2019-03-19,sz001872,招商港口,18.5,-0.9636
2019-03-20,sz001872,招商港口,18.9,2.1622
2019-03-21,sz001872,招商港口,18.65,-1.3228
2019-03-22,sz001872,招商港口,18.99,1.8231
2019-03-25,sz001872,招商港口,18.24,-3.9494
2019-03-26,sz001872,招商港口,17.98,-1.4254
2019-03-27,sz001872,招商港口,18.26,1.5573
2019-03-28,sz001872,招商港口,18.2,-0.3286
2019-03-29,sz001872,招商港口,18.34,0.7692
2019-04-01,sz001872,招商港口,18.6,1.4177
2019-04-02,sz001872,招商港口,18.35,-1.3441
2019-04-03,sz001872,招商港口,18.87,2.8338
2019-04-04,sz001872,招商港口,18.73,-0.7419
2019-04-08,sz001872,招商港口,18.84,0.5873
2019-04-09,sz001872,招商港口,18.66,-0.9554
2019-04-10,sz001872,招商港口,18.75,0.4823
2019-04-11,sz001872,招商港口,18.67,-0.4267
2019-04-12,sz001872,招商港口,18.4,-1.4462
2019-04-15,sz001872,招商港口,19.88,8.0435
2019-04-16,sz001872,招商港口,20.22,1.7103
2019-04-17,sz001872,招商港口,20.0,-1.088
2019-04-18,sz001872,招商港口,19.65,-1.75
2019-04-19,sz001872,招商港口,20.1,2.2901
2019-04-22,sz001872,招商港口,19.39,-3.5323
2019-04-23,sz001872,招商港口,19.19,-1.0315
2019-04-24,sz001872,招商港口,19.5,1.6154
2019-04-25,sz001872,招商港口,18.93,-2.9231
2019-04-26,sz001872,招商港口,18.1,-4.3846
2019-04-29,sz001872,招商港口,17.71,-2.1547
2019-04-30,sz001872,招商港口,18.12,2.3151
2019-05-06,sz001872,招商港口,16.31,-9.989
2019-05-07,sz001872,招商港口,16.51,1.2262
2019-05-08,sz001872,招商港口,16.24,-1.6354
2019-05-09,sz001872,招商港口,15.91,-2.032
2019-05-10,sz001872,招商港口,16.43,3.2684
2019-05-13,sz001872,招商港口,16.13,-1.8259
2019-05-14,sz001872,招商港口,15.97,-0.9919
2019-05-15,sz001872,招商港口,16.49,3.2561
2019-05-16,sz001872,招商港口,16.53,0.2426
2019-05-17,sz001872,招商港口,16.3,-1.3914
2019-05-20,sz001872,招商港口,15.95,-2.1472
2019-05-21,sz001872,招商港口,16.24,1.8182
2019-05-22,sz001872,招商港口,16.23,-0.0616
2019-05-23,sz001872,招商港口,16.11,-0.7394
2019-05-24,sz001872,招商港口,15.97,-0.869
2019-05-27,sz001872,招商港口,16.24,1.6907
2019-05-28,sz001872,招商港口,16.26,0.1232
2019-05-29,sz001872,招商港口,16.29,0.1845
2019-05-30,sz001872,招商港口,16.19,-0.6139
2019-05-31,sz001872,招商港口,16.09,-0.6177
2019-06-03,sz001872,招商港口,16.13,0.2486
2019-06-04,sz001872,招商港口,16.06,-0.434
2019-06-05,sz001872,招商港口,15.99,-0.4359
2019-06-06,sz001872,招商港口,15.69,-1.8762
2019-06-10,sz001872,招商港口,15.75,0.3824
2019-06-11,sz001872,招商港口,16.15,2.5397
2019-06-12,sz001872,招商港口,16.08,-0.4334
2019-06-13,sz001872,招商港口,16.17,0.5597
2019-06-14,sz001872,招商港口,15.97,-1.2369
2019-06-17,sz001872,招商港口,15.83,-0.8766
2019-06-18,sz001872,招商港口,15.77,-0.379
2019-06-19,sz001872,招商港口,16.13,2.2828
2019-06-20,sz001872,招商港口,16.32,1.1779
2019-06-21,sz001872,招商港口,16.39,0.4289
2019-06-24,sz001872,招商港口,16.55,0.9762
2019-06-25,sz001872,招商港口,16.3,-1.5106
2019-06-26,sz001872,招商港口,16.3,0.0
2019-06-27,sz001872,招商港口,16.3,0.0
2019-06-28,sz001872,招商港口,16.31,0.0613
2019-07-01,sz001872,招商港口,16.68,2.2685
2019-07-02,sz001872,招商港口,17.01,1.9784
2019-07-03,sz001872,招商港口,17.15,0.823
2019-07-04,sz001872,招商港口,17.05,-0.5831
2019-07-05,sz001872,招商港口,17.12,0.4106
2019-07-08,sz001872,招商港口,17.03,-0.5257
2019-07-09,sz001872,招商港口,16.88,-0.8808
2019-07-10,sz001872,招商港口,16.59,-1.718
2019-07-11,sz001872,招商港口,17.43,5.0633
2019-07-12,sz001872,招商港口,17.48,0.2869
2019-07-15,sz001872,招商港口,17.68,1.1442
2019-07-16,sz001872,招商港口,18.17,2.7715
2019-07-17,sz001872,招商港口,18.88,3.9075
2019-07-18,sz001872,招商港口,18.56,-1.6949
2019-07-19,sz001872,招商港口,18.37,-1.0237
2019-07-22,sz001872,招商港口,17.98,-2.123
2019-07-23,sz001872,招商港口,18.12,0.7786
2019-07-24,sz001872,招商港口,17.91,-1.1589
2019-07-25,sz001872,招商港口,17.73,-1.005
2019-07-26,sz001872,招商港口,18.0,1.5228
2019-07-29,sz001872,招商港口,17.83,-0.9444
2019-07-30,sz001872,招商港口,17.87,0.2243
2019-07-31,sz001872,招商港口,17.66,-1.1752
2019-08-01,sz001872,招商港口,17.67,0.0566
2019-08-02,sz001872,招商港口,17.13,-3.056
2019-08-05,sz001872,招商港口,16.78,-2.0432
2019-08-06,sz001872,招商港口,16.31,-2.801
2019-08-07,sz001872,招商港口,16.38,0.4292
2019-08-08,sz001872,招商港口,16.4,0.1221
2019-08-09,sz001872,招商港口,16.35,-0.3049
2019-08-12,sz001872,招商港口,16.8,2.7523
2019-08-13,sz001872,招商港口,17.23,2.5595
2019-08-14,sz001872,招商港口,17.51,1.6251
2019-08-15,sz001872,招商港口,17.75,1.3706
2019-08-16,sz001872,招商港口,17.51,-1.3521
2019-08-19,sz001872,招商港口,18.81,7.4243
2019-08-20,sz001872,招商港口,18.38,-2.286
2019-08-21,sz001872,招商港口,18.49,0.5985
2019-08-22,sz001872,招商港口,18.15,-1.8388
2019-08-23,sz001872,招商港口,17.9,-1.3774
2019-08-26,sz001872,招商港口,17.56,-1.8994
2019-08-27,sz001872,招商港口,17.74,1.0251
2019-08-28,sz001872,招商港口,17.6,-0.7892
2019-08-29,sz001872,招商港口,17.84,1.3636
2019-08-30,sz001872,招商港口,17.86,0.1121
2019-09-02,sz001872,招商港口,18.05,1.0638
2019-09-03,sz001872,招商港口,17.86,-1.0526
2019-09-04,sz001872,招商港口,17.98,0.6719
2019-09-05,sz001872,招商港口,17.98,0.0
2019-09-06,sz001872,招商港口,18.23,1.3904
2019-09-09,sz001872,招商港口,18.26,0.1646
2019-09-10,sz001872,招商港口,18.13,-0.7119
2019-09-11,sz001872,招商港口,18.05,-0.4413
2019-09-12,sz001872,招商港口,17.99,-0.3324
2019-09-16,sz001872,招商港口,17.78,-1.1673
2019-09-17,sz001872,招商港口,17.46,-1.7998
2019-09-18,sz001872,招商港口,17.46,0.0
2019-09-19,sz001872,招商港口,17.71,1.4318
2019-09-20,sz001872,招商港口,17.65,-0.3388
2019-09-23,sz001872,招商港口,17.36,-1.6431
2019-09-24,sz001872,招商港口,17.46,0.576
2019-09-25,sz001872,招商港口,17.52,0.3436
2019-09-26,sz001872,招商港口,17.06,-2.6256
2019-09-27,sz001872,招商港口,17.35,1.6999
2019-09-30,sz001872,招商港口,17.32,-0.1729
2019-10-08,sz001872,招商港口,17.42,0.5774
2019-10-09,sz001872,招商港口,17.39,-0.1722
2019-10-10,sz001872,招商港口,17.62,1.3226
2019-10-11,sz001872,招商港口,17.95,1.8729
2019-10-14,sz001872,招商港口,18.08,0.7242
2019-10-15,sz001872,招商港口,18.07,-0.0553
2019-10-16,sz001872,招商港口,17.96,-0.6087
2019-10-17,sz001872,招商港口,17.82,-0.7795
2019-10-18,sz001872,招商港口,17.51,-1.7396
2019-10-21,sz001872,招商港口,17.39,-0.6853
2019-10-22,sz001872,招商港口,17.44,0.2875
2019-10-23,sz001872,招商港口,17.23,-1.2041
2019-10-24,sz001872,招商港口,17.3,0.4063
2019-10-25,sz001872,招商港口,17.57,1.5607
2019-10-28,sz001872,招商港口,17.69,0.683
2019-10-29,sz001872,招商港口,17.58,-0.6218
2019-10-30,sz001872,招商港口,17.33,-1.4221
2019-10-31,sz001872,招商港口,17.14,-1.0964
2019-11-01,sz001872,招商港口,16.94,-1.1669
2019-11-04,sz001872,招商港口,16.9,-0.2361
2019-11-05,sz001872,招商港口,17.04,0.8284
2019-11-06,sz001872,招商港口,16.95,-0.5282
2019-11-07,sz001872,招商港口,16.81,-0.826
2019-11-08,sz001872,招商港口,16.78,-0.1785
2019-11-11,sz001872,招商港口,16.39,-2.3242
2019-11-12,sz001872,招商港口,16.34,-0.3051
2019-11-13,sz001872,招商港口,16.37,0.1836
2019-11-14,sz001872,招商港口,16.39,0.1222
2019-11-15,sz001872,招商港口,16.28,-0.6711
2019-11-18,sz001872,招商港口,16.25,-0.1843
2019-11-19,sz001872,招商港口,16.41,0.9846
2019-11-20,sz001872,招商港口,16.28,-0.7922
2019-11-21,sz001872,招商港口,16.24,-0.2457
2019-11-22,sz001872,招商港口,16.1,-0.8621
2019-11-25,sz001872,招商港口,16.24,0.8696
2019-11-26,sz001872,招商港口,16.38,0.8621
2019-11-27,sz001872,招商港口,16.31,-0.4274
2019-11-28,sz001872,招商港口,16.11,-1.2262
2019-11-29,sz001872,招商港口,16.1,-0.0621
2019-12-02,sz001872,招商港口,16.32,1.3665
2019-12-03,sz001872,招商港口,16.42,0.6127
2019-12-04,sz001872,招商港口,16.39,-0.1827
2019-12-05,sz001872,招商港口,16.45,0.3661
2019-12-06,sz001872,招商港口,16.56,0.6687
2019-12-09,sz001872,招商港口,16.52,-0.2415
2019-12-10,sz001872,招商港口,16.45,-0.4237
2019-12-11,sz001872,招商港口,16.42,-0.1824
2019-12-12,sz001872,招商港口,16.34,-0.4872
2019-12-13,sz001872,招商港口,16.54,1.224
2019-12-16,sz001872,招商港口,16.89,2.1161
2019-12-17,sz001872,招商港口,17.0,0.6513
2019-12-18,sz001872,招商港口,16.94,-0.3529
2019-12-19,sz001872,招商港口,17.05,0.6494
2019-12-20,sz001872,招商港口,17.18,0.7625
2019-12-23,sz001872,招商港口,16.72,-2.6775
2019-12-24,sz001872,招商港口,16.81,0.5383
2019-12-25,sz001872,招商港口,16.68,-0.7733
2019-12-26,sz001872,招商港口,16.71,0.1799
2019-12-27,sz001872,招商港口,16.67,-0.2394
2019-12-30,sz001872,招商港口,16.85,1.0798
2019-12-31,sz001872,招商港口,17.16,1.8398
2020-01-02,sz001872,招商港口,17.14,-0.1166
2020-01-03,sz001872,招商港口,17.22,0.4667
2020-01-06,sz001872,招商港口,17.36,0.813
2020-01-07,sz001872,招商港口,17.4,0.2304
2020-01-08,sz001872,招商港口,17.04,-2.069
2020-01-09,sz001872,招商港口,17.2,0.939
2020-01-10,sz001872,招商港口,17.24,0.2326
2020-01-13,sz001872,招商港口,17.35,0.6381
2020-01-14,sz001872,招商港口,17.25,-0.5764
2020-01-15,sz001872,招商港口,16.98,-1.5652
2020-01-16,sz001872,招商港口,16.78,-1.1779
2020-01-17,sz001872,招商港口,16.7,-0.4768
2020-01-20,sz001872,招商港口,17.02,1.9162
2020-01-21,sz001872,招商港口,16.73,-1.7039
2020-01-22,sz001872,招商港口,16.77,0.2391
2020-01-23,sz001872,招商港口,16.52,-1.4908
2020-02-03,sz001872,招商港口,14.87,-9.9879
2020-02-04,sz001872,招商港口,14.27,-4.035
2020-02-05,sz001872,招商港口,14.49,1.5417
2020-02-06,sz001872,招商港口,14.64,1.0352
2020-02-07,sz001872,招商港口,14.6,-0.2732
2020-02-10,sz001872,招商港口,14.94,2.3288
2020-02-11,sz001872,招商港口,15.05,0.7363
2020-02-12,sz001872,招商港口,15.05,0.0
2020-02-13,sz001872,招商港口,14.81,-1.5947
2020-02-14,sz001872,招商港口,14.82,0.0675
2020-02-17,sz001872,招商港口,15.1,1.8893
2020-02-18,sz001872,招商港口,15.14,0.2649
2020-02-19,sz001872,招商港口,15.05,-0.5945
2020-02-20,sz001872,招商港口,15.31,1.7276
2020-02-21,sz001872,招商港口,15.71,2.6127
2020-02-24,sz001872,招商港口,15.57,-0.8912
2020-02-25,sz001872,招商港口,15.17,-2.569
2020-02-26,sz001872,招商港口,15.22,0.3296
2020-02-27,sz001872,招商港口,15.14,-0.5256
2020-02-28,sz001872,招商港口,14.52,-4.0951
2020-03-02,sz001872,招商港口,14.93,2.8237
2020-03-03,sz001872,招商港口,15.37,2.9471
2020-03-04,sz001872,招商港口,15.67,1.9519
2020-03-05,sz001872,招商港口,15.67,0.0
2020-03-06,sz001872,招商港口,15.44,-1.4678
2020-03-09,sz001872,招商港口,15.15,-1.8782
2020-03-10,sz001872,招商港口,15.18,0.198
2020-03-11,sz001872,招商港口,15.2,0.1318
2020-03-12,sz001872,招商港口,14.86,-2.2368
2020-03-13,sz001872,招商港口,14.55,-2.0861
2020-03-16,sz001872,招商港口,14.08,-3.2302
2020-03-17,sz001872,招商港口,13.89,-1.3494
2020-03-18,sz001872,招商港口,13.77,-0.8639
2020-03-19,sz001872,招商港口,13.46,-2.2513
2020-03-20,sz001872,招商港口,13.68,1.6345
2020-03-23,sz001872,招商港口,13.31,-2.7047
2020-03-24,sz001872,招商港口,13.49,1.3524
2020-03-25,sz001872,招商港口,13.77,2.0756
2020-03-26,sz001872,招商港口,13.88,0.7988
2020-03-27,sz001872,招商港口,13.89,0.072
2020-03-30,sz001872,招商港口,13.51,-2.7358
2020-03-31,sz001872,招商港口,14.13,4.5892
2020-04-01,sz001872,招商港口,13.84,-2.0524
2020-04-02,sz001872,招商港口,13.91,0.5058
2020-04-03,sz001872,招商港口,13.99,0.5751
2020-04-07,sz001872,招商港口,14.12,0.9292
2020-04-08,sz001872,招商港口,14.15,0.2125
2020-04-09,sz001872,招商港口,14.22,0.4947
2020-04-10,sz001872,招商港口,15.41,8.3685
2020-04-13,sz001872,招商港口,14.28,-7.3329
2020-04-14,sz001872,招商港口,14.72,3.0812
2020-04-15,sz001872,招商港口,15.2,3.2609
2020-04-16,sz001872,招商港口,14.89,-2.0395
2020-04-17,sz001872,招商港口,14.63,-1.7461
2020-04-20,sz001872,招商港口,14.62,-0.0684
2020-04-21,sz001872,招商港口,14.51,-0.7524
2020-04-22,sz001872,招商港口,14.36,-1.0338
2020-04-23,sz001872,招商港口,14.51,1.0446
2020-04-24,sz001872,招商港口,14.1,-2.8256
2020-04-27,sz001872,招商港口,13.99,-0.7801
2020-04-28,sz001872,招商港口,13.77,-1.5726
2020-04-29,sz001872,招商港口,14.26,3.5585
2020-04-30,sz001872,招商港口,14.2,-0.4208
2020-05-06,sz001872,招商港口,14.13,-0.493
2020-05-07,sz001872,招商港口,14.0,-0.92
2020-05-08,sz001872,招商港口,14.15,1.0714
2020-05-11,sz001872,招商港口,14.02,-0.9187
2020-05-12,sz001872,招商港口,13.98,-0.2853
2020-05-13,sz001872,招商港口,13.95,-0.2146
2020-05-14,sz001872,招商港口,13.77,-1.2903
2020-05-15,sz001872,招商港口,14.06,2.106
2020-05-18,sz001872,招商港口,14.02,-0.2845
2020-05-19,sz001872,招商港口,13.96,-0.428
2020-05-20,sz001872,招商港口,13.86,-0.7163
2020-05-21,sz001872,招商港口,13.81,-0.3608
2020-05-22,sz001872,招商港口,13.58,-1.6655
2020-05-25,sz001872,招商港口,13.57,-0.0736
2020-05-26,sz001872,招商港口,13.71,1.0317
2020-05-27,sz001872,招商港口,13.84,0.9482
2020-05-28,sz001872,招商港口,13.68,-1.1561
2020-05-29,sz001872,招商港口,13.83,1.0965
2020-06-01,sz001872,招商港口,14.0,1.2292
2020-06-02,sz001872,招商港口,14.23,1.6429
2020-06-03,sz001872,招商港口,14.08,-1.0541
2020-06-04,sz001872,招商港口,14.0,-0.5682
2020-06-05,sz001872,招商港口,14.04,0.2857
2020-06-08,sz001872,招商港口,14.04,0.0
2020-06-09,sz001872,招商港口,13.98,-0.4274
2020-06-10,sz001872,招商港口,13.92,-0.4292
2020-06-11,sz001872,招商港口,13.84,-0.5747
2020-06-12,sz001872,招商港口,13.75,-0.6503
2020-06-15,sz001872,招商港口,13.9,1.0909
2020-06-16,sz001872,招商港口,14.15,1.7986
2020-06-17,sz001872,招商港口,14.05,-0.7067
2020-06-18,sz001872,招商港口,14.23,1.2811
2020-06-19,sz001872,招商港口,14.24,0.0703
2020-06-22,sz001872,招商港口,14.14,-0.7022
2020-06-23,sz001872,招商港口,14.4,1.8388
2020-06-24,sz001872,招商港口,14.75,2.4306
2020-06-29,sz001872,招商港口,14.55,-1.3559
2020-06-30,sz001872,招商港口,14.55,0.0
2020-07-01,sz001872,招商港口,14.3,-1.7182
2020-07-02,sz001872,招商港口,14.72,2.9371
2020-07-03,sz001872,招商港口,15.05,2.2418
2020-07-06,sz001872,招商港口,15.79,4.9169
2020-07-07,sz001872,招商港口,15.68,-0.6966
2020-07-08,sz001872,招商港口,15.73,0.3189
2020-07-09,sz001872,招商港口,15.9,1.0807
2020-07-10,sz001872,招商港口,17.49,10.0
2020-07-13,sz001872,招商港口,17.99,2.8588
2020-07-14,sz001872,招商港口,17.3,-3.8355
2020-07-15,sz001872,招商港口,16.03,-7.341
2020-07-16,sz001872,招商港口,15.19,-5.2402
2020-07-17,sz001872,招商港口,15.14,-0.3292
2020-07-20,sz001872,招商港口,16.11,6.4069
2020-07-21,sz001872,招商港口,16.09,-0.1241
2020-07-22,sz001872,招商港口,16.02,-0.4351
2020-07-23,sz001872,招商港口,15.8,-1.3733
2020-07-24,sz001872,招商港口,15.46,-2.1519
2020-07-27,sz001872,招商港口,16.21,4.8512
2020-07-28,sz001872,招商港口,16.13,-0.4935
2020-07-29,sz001872,招商港口,16.3,1.0539
2020-07-30,sz001872,招商港口,16.77,2.8834
2020-07-31,sz001872,招商港口,16.85,0.477
2020-08-03,sz001872,招商港口,17.77,5.4599
2020-08-04,sz001872,招商港口,19.55,10.0169
2020-08-05,sz001872,招商港口,19.73,0.9207
2020-08-06,sz001872,招商港口,18.81,-4.6629
2020-08-07,sz001872,招商港口,18.3,-2.7113
2020-08-10,sz001872,招商港口,18.5,1.0929
2020-08-11,sz001872,招商港口,17.66,-4.5405
2020-08-12,sz001872,招商港口,17.6,-0.3398
2020-08-13,sz001872,招商港口,17.74,0.7955
2020-08-14,sz001872,招商港口,18.12,2.1421
2020-08-17,sz001872,招商港口,18.14,0.1104
2020-08-18,sz001872,招商港口,17.86,-1.5436
2020-08-19,sz001872,招商港口,17.69,-0.9518
2020-08-20,sz001872,招商港口,16.91,-4.4093
2020-08-21,sz001872,招商港口,16.78,-0.7688
2020-08-24,sz001872,招商港口,16.97,1.1323
2020-08-25,sz001872,招商港口,16.91,-0.3536
2020-08-26,sz001872,招商港口,16.25,-3.903
2020-08-27,sz001872,招商港口,16.22,-0.1846
2020-08-28,sz001872,招商港口,16.51,1.7879
2020-08-31,sz001872,招商港口,16.18,-1.9988
2020-09-01,sz001872,招商港口,16.17,-0.0618
2020-09-02,sz001872,招商港口,16.07,-0.6184
2020-09-03,sz001872,招商港口,16.18,0.6845
2020-09-04,sz001872,招商港口,15.87,-1.9159
2020-09-07,sz001872,招商港口,15.39,-3.0246
2020-09-08,sz001872,招商港口,15.64,1.6244
2020-09-09,sz001872,招商港口,15.41,-1.4706
2020-09-10,sz001872,招商港口,15.2,-1.3628
2020-09-11,sz001872,招商港口,15.49,1.9079
2020-09-14,sz001872,招商港口,15.39,-0.6456
2020-09-15,sz001872,招商港口,15.3,-0.5848
2020-09-16,sz001872,招商港口,15.32,0.1307
2020-09-17,sz001872,招商港口,15.45,0.8486
2020-09-18,sz001872,招商港口,16.14,4.466
2020-09-21,sz001872,招商港口,15.87,-1.6729
2020-09-22,sz001872,招商港口,15.55,-2.0164
2020-09-23,sz001872,招商港口,15.83,1.8006
2020-09-24,sz001872,招商港口,15.64,-1.2003
2020-09-25,sz001872,招商港口,15.42,-1.4066
2020-09-28,sz001872,招商港口,15.36,-0.3891
2020-09-29,sz001872,招商港口,15.5,0.9115
2020-09-30,sz001872,招商港口,15.38,-0.7742
2020-10-09,sz001872,招商港口,16.01,4.0962
2020-10-12,sz001872,招商港口,16.52,3.1855
2020-10-13,sz001872,招商港口,16.62,0.6053
2020-10-14,sz001872,招商港口,16.14,-2.8881
2020-10-15,sz001872,招商港口,15.85,-1.7968
2020-10-16,sz001872,招商港口,15.77,-0.5047
2020-10-19,sz001872,招商港口,15.6,-1.078
2020-10-20,sz001872,招商港口,15.6,0.0
2020-10-21,sz001872,招商港口,15.4,-1.2821
2020-10-22,sz001872,招商港口,15.39,-0.0649
2020-10-23,sz001872,招商港口,15.6,1.3645
2020-10-26,sz001872,招商港口,15.38,-1.4103
2020-10-27,sz001872,招商港口,15.3,-0.5202
2020-10-28,sz001872,招商港口,15.44,0.915
2020-10-29,sz001872,招商港口,15.33,-0.7124
2020-10-30,sz001872,招商港口,15.01,-2.0874
2020-11-02,sz001872,招商港口,15.12,0.7328
2020-11-03,sz001872,招商港口,15.31,1.2566
2020-11-04,sz001872,招商港口,15.3,-0.0653
2020-11-05,sz001872,招商港口,15.54,1.5686
2020-11-06,sz001872,招商港口,15.81,1.7375
2020-11-09,sz001872,招商港口,16.55,4.6806
2020-11-10,sz001872,招商港口,16.4,-0.9063
2020-11-11,sz001872,招商港口,16.31,-0.5488
2020-11-12,sz001872,招商港口,16.51,1.2262
2020-11-13,sz001872,招商港口,16.34,-1.0297
2020-11-16,sz001872,招商港口,16.63,1.7748
2020-11-17,sz001872,招商港口,16.93,1.804
2020-11-18,sz001
872,招商港口,16.91,-0.1181
2020-11-19,sz001872,招商港口,16.8,-0.6505
2020-11-20,sz001872,招商港口,16.74,-0.3571
2020-11-23,sz001872,招商港口,16.58,-0.9558
2020-11-24,sz001872,招商港口,16.4,-1.0856
2020-11-25,sz001872,招商港口,16.3,-0.6098
2020-11-26,sz001872,招商港口,16.63,2.0245
2020-11-27,sz001872,招商港口,16.46,-1.0222
2020-11-30,sz001872,招商港口,16.42,-0.243
2020-12-01,sz001872,招商港口,16.5,0.4872
2020-12-02,sz001872,招商港口,16.49,-0.0606
2020-12-03,sz001872,招商港口,16.39,-0.6064
2020-12-04,sz001872,招商港口,16.17,-1.3423
2020-12-07,sz001872,招商港口,15.97,-1.2369
2020-12-08,sz001872,招商港口,15.98,0.0626
2020-12-09,sz001872,招商港口,15.76,-1.3767
2020-12-10,sz001872,招商港口,15.5,-1.6497
2020-12-11,sz001872,招商港口,15.46,-0.2581
2020-12-14,sz001872,招商港口,15.19,-1.7464
2020-12-15,sz001872,招商港口,15.32,0.8558
2020-12-16,sz001872,招商港口,15.22,-0.6527
2020-12-17,sz001872,招商港口,15.36,0.9198
2020-12-18,sz001872,招商港口,15.66,1.9531
2020-12-21,sz001872,招商港口,15.67,0.0639
2020-12-22,sz001872,招商港口,15.28,-2.4888
2020-12-23,sz001872,招商港口,15.29,0.0654
2020-12-24,sz001872,招商港口,15.13,-1.0464
2020-12-25,sz001872,招商港口,15.21,0.5288
2020-12-28,sz001872,招商港口,14.82,-2.5641
2020-12-29,sz001872,招商港口,15.2,2.5641
2020-12-30,sz001872,招商港口,15.28,0.5263
2020-12-31,sz001872,招商港口,15.92,4.1885
2021-01-04,sz001872,招商港口,15.48,-2.7638
2021-01-05,sz001872,招商港口,15.67,1.2274
2021-01-06,sz001872,招商港口,15.31,-2.2974
2021-01-07,sz001872,招商港口,15.14,-1.1104
2021-01-08,sz001872,招商港口,15.15,0.0661
2021-01-11,sz001872,招商港口,14.61,-3.5644
2021-01-12,sz001872,招商港口,14.78,1.1636
2021-01-13,sz001872,招商港口,14.83,0.3383
2021-01-14,sz001872,招商港口,14.94,0.7417
2021-01-15,sz001872,招商港口,14.89,-0.3347
2021-01-18,sz001872,招商港口,15.03,0.9402
2021-01-19,sz001872,招商港口,14.9,-0.8649
2021-01-20,sz001872,招商港口,14.83,-0.4698
2021-01-21,sz001872,招商港口,14.94,0.7417
2021-01-22,sz001872,招商港口,14.84,-0.6693
2021-01-25,sz001872,招商港口,14.68,-1.0782
2021-01-26,sz001872,招商港口,14.62,-0.4087
2021-01-27,sz001872,招商港口,14.7,0.5472
2021-01-28,sz001872,招商港口,14.26,-2.9932
2021-01-29,sz001872,招商港口,14.08,-1.2623
2021-02-01,sz001872,招商港口,14.18,0.7102
2021-02-02,sz001872,招商港口,14.04,-0.9873
2021-02-03,sz001872,招商港口,13.89,-1.0684
2021-02-04,sz001872,招商港口,14.28,2.8078
2021-02-05,sz001872,招商港口,13.69,-4.1317
2021-02-08,sz001872,招商港口,13.76,0.5113
2021-02-09,sz001872,招商港口,13.79,0.218
2021-02-10,sz001872,招商港口,13.9,0.7977
2021-02-18,sz001872,招商港口,14.26,2.5899
2021-02-19,sz001872,招商港口,14.54,1.9635
2021-02-22,sz001872,招商港口,14.86,2.2008
2021-02-23,sz001872,招商港口,14.65,-1.4132
2021-02-24,sz001872,招商港口,14.52,-0.8874
2021-02-25,sz001872,招商港口,14.75,1.584
2021-02-26,sz001872,招商港口,14.56,-1.2881
2021-03-01,sz001872,招商港口,14.57,0.0687
2021-03-02,sz001872,招商港口,14.35,-1.51
2021-03-03,sz001872,招商港口,14.49,0.9756
2021-03-04,sz001872,招商港口,14.54,0.3451
2021-03-05,sz001872,招商港口,14.7,1.1004
2021-03-08,sz001872,招商港口,14.74,0.2721
2021-03-09,sz001872,招商港口,14.95,1.4247
2021-03-10,sz001872,招商港口,14.69,-1.7391
2021-03-11,sz001872,招商港口,14.77,0.5446
2021-03-12,sz001872,招商港口,14.91,0.9479
2021-03-15,sz001872,招商港口,15.05,0.939
2021-03-16,sz001872,招商港口,15.16,0.7309
2021-03-17,sz001872,招商港口,15.05,-0.7256
2021-03-18,sz001872,招商港口,15.02,-0.1993
2021-03-19,sz001872,招商港口,14.83,-1.265
2021-03-22,sz001872,招商港口,14.92,0.6069
2021-03-23,sz001872,招商港口,14.82,-0.6702
2021-03-24,sz001872,招商港口,14.47,-2.3617
2021-03-25,sz001872,招商港口,14.53,0.4147
2021-03-26,sz001872,招商港口,14.62,0.6194
2021-03-29,sz001872,招商港口,14.77,1.026
2021-03-30,sz001872,招商港口,14.72,-0.3385
2021-03-31,sz001872,招商港口,15.12,2.7174
2021-04-01,sz001872,招商港口,15.05,-0.463
2021-04-02,sz001872,招商港口,15.07,0.1329
2021-04-06,sz001872,招商港口,15.22,0.9954
2021-04-07,sz001872,招商港口,15.63,2.6938
2021-04-08,sz001872,招商港口,15.1,-3.3909
2021-04-09,sz001872,招商港口,15.05,-0.3311
2021-04-12,sz001872,招商港口,15.0,-0.3322
2021-04-13,sz001872,招商港口,14.74,-1.7333
2021-04-14,sz001872,招商港口,14.68,-0.4071
2021-04-15,sz001872,招商港口,14.76,0.545
2021-04-16,sz001872,招商港口,15.1,2.3035
2021-04-19,sz001872,招商港口,15.35,1.6556
2021-04-20,sz001872,招商港口,15.14,-1.3681
2021-04-21,sz001872,招商港口,15.17,0.1982
2021-04-22,sz001872,招商港口,15.05,-0.791
2021-04-23,sz001872,招商港口,15.18,0.8638
2021-04-26,sz001872,招商港口,14.85,-2.1739
2021-04-27,sz001872,招商港口,14.77,-0.5387
2021-04-28,sz001872,招商港口,15.03,1.7603
2021-04-29,sz001872,招商港口,14.95,-0.5323
2021-04-30,sz001872,招商港口,14.64,-2.0736
2021-05-06,sz001872,招商港口,14.81,1.1612
2021-05-07,sz001872,招商港口,14.96,1.0128
2021-05-10,sz001872,招商港口,14.98,0.1337
2021-05-11,sz001872,招商港口,15.17,1.2684
2021-05-12,sz001872,招商港口,15.15,-0.1318
2021-05-13,sz001872,招商港口,15.06,-0.5941
2021-05-14,sz001872,招商港口,15.15,0.5976
2021-05-17,sz001872,招商港口,15.29,0.9241
2021-05-18,sz001872,招商港口,15.45,1.0464
2021-05-19,sz001872,招商港口,15.21,-1.5534
2021-05-20,sz001872,招商港口,15.03,-1.1834
2021-05-21,sz001872,招商港口,15.06,0.1996
2021-05-24,sz001872,招商港口,15.26,1.328
2021-05-25,sz001872,招商港口,15.31,0.3277
2021-05-26,sz001872,招商港口,15.36,0.3266
2021-05-27,sz001872,招商港口,15.57,1.3672
2021-05-28,sz001872,招商港口,15.7,0.8349
2021-05-31,sz001872,招商港口,15.52,-1.1465
2021-06-01,sz001872,招商港口,15.58,0.3866
2021-06-02,sz001872,招商港口,15.62,0.2567
2021-06-03,sz001872,招商港口,16.05,2.7529
2021-06-04,sz001872,招商港口,15.74,-1.9315
2021-06-07,sz001872,招商港口,15.83,0.5718
2021-06-08,sz001872,招商港口,15.53,-1.8951
2021-06-09,sz001872,招商港口,15.66,0.8371
2021-06-10,sz001872,招商港口,15.92,1.6603
2021-06-11,sz001872,招商港口,15.94,0.1256
2021-06-15,sz001872,招商港口,15.77,-1.0665
2021-06-16,sz001872,招商港口,15.83,0.3805
2021-06-17,sz001872,招商港口,16.03,1.2634
2021-06-18,sz001872,招商港口,16.33,1.8715
2021-06-21,sz001872,招商港口,16.25,-0.4899
2021-06-22,sz001872,招商港口,16.65,2.4615
2021-06-23,sz001872,招商港口,16.7,0.3003
2021-06-24,sz001872,招商港口,17.17,2.8144
2021-06-25,sz001872,招商港口,17.4,1.3395
2021-06-28,sz001872,招商港口,16.97,-2.4713
2021-06-29,sz001872,招商港口,16.89,-0.4714
2021-06-30,sz001872,招商港口,16.92,0.1776
2021-07-01,sz001872,招商港口,16.61,-1.8322
2021-07-02,sz001872,招商港口,16.63,0.1204
2021-07-05,sz001872,招商港口,16.76,0.7817
2021-07-06,sz001872,招商港口,16.48,-1.6706
2021-07-07,sz001872,招商港口,16.57,0.5461
2021-07-08,sz001872,招商港口,16.33,-1.4484
2021-07-09,sz001872,招商港口,16.68,2.1433
2021-07-12,sz001872,招商港口,17.17,2.9376
2021-07-13,sz001872,招商港口,16.85,-1.8637
2021-07-14,sz001872,招商港口,16.85,0.0
2021-07-15,sz001872,招商港口,16.51,-2.0178
2021-07-16,sz001872,招商港口,16.58,0.424
2021-07-19,sz001872,招商港口,16.62,0.2413
2021-07-20,sz001872,招商港口,16.44,-1.083
2021-07-21,sz001872,招商港口,15.78,-4.0146
2021-07-22,sz001872,招商港口,15.83,0.3169
2021-07-23,sz001872,招商港口,15.7,-0.8212
2021-07-26,sz001872,招商港口,15.49,-1.3376
2021-07-27,sz001872,招商港口,15.4,-0.581
2021-07-28,sz001872,招商港口,15.08,-2.0779
2021-07-29,sz001872,招商港口,15.16,0.5305
2021-07-30,sz001872,招商港口,14.66,-3.2982
2021-08-02,sz001872,招商港口,15.06,2.7285
2021-08-03,sz001872,招商港口,15.2,0.9296
2021-08-04,sz001872,招商港口,15.1,-0.6579
2021-08-05,sz001872,招商港口,14.91,-1.2583
2021-08-06,sz001872,招商港口,14.94,0.2012
2021-08-09,sz001872,招商港口,15.05,0.7363
2021-08-10,sz001872,招商港口,15.06,0.0664
2021-08-11,sz001872,招商港口,14.93,-0.8632
2021-08-12,sz001872,招商港口,14.91,-0.134
2021-08-13,sz001872,招商港口,14.98,0.4695
2021-08-16,sz001872,招商港口,15.13,1.0013
2021-08-17,sz001872,招商港口,15.0,-0.8592
2021-08-18,sz001872,招商港口,15.08,0.5333
2021-08-19,sz001872,招商港口,15.22,0.9284
2021-08-20,sz001872,招商港口,15.07,-0.9855
2021-08-23,sz001872,招商港口,15.19,0.7963
2021-08-24,sz001872,招商港口,15.24,0.3292
2021-08-25,sz001872,招商港口,15.54,1.9685
2021-08-26,sz001872,招商港口,15.63,0.5792
2021-08-27,sz001872,招商港口,16.13,3.199
2021-08-30,sz001872,招商港口,16.06,-0.434
2021-08-31,sz001872,招商港口,16.1,0.2491
2021-09-01,sz001872,招商港口,16.46,2.236
2021-09-02,sz001872,招商港口,16.62,0.9721
2021-09-03,sz001872,招商港口,16.63,0.0602
2021-09-06,sz001872,招商港口,17.16,3.187
2021-09-07,sz001872,招商港口,17.25,0.5245
2021-09-08,sz001872,招商港口,17.4,0.8696
2021-09-09,sz001872,招商港口,18.35,5.4598
2021-09-10,sz001872,招商港口,17.8,-2.9973
2021-09-13,sz001872,招商港口,18.3,2.809
2021-09-14,sz001872,招商港口,17.99,-1.694
2021-09-15,sz001872,招商港口,17.88,-0.6115
2021-09-16,sz001872,招商港口,18.04,0.8949
2021-09-17,sz001872,招商港口,17.31,-4.0466
2021-09-22,sz001872,招商港口,18.1,4.5638
2021-09-23,sz001872,招商港口,18.13,0.1657
2021-09-24,sz001872,招商港口,17.72,-2.2614
2021-09-27,sz001872,招商港口,17.3,-2.3702
2021-09-28,sz001872,招商港口,17.37,0.4046
2021-09-29,sz001872,招商港口,17.31,-0.3454
2021-09-30,sz001872,招商港口,17.17,-0.8088
2021-10-08,sz001872,招商港口,17.37,1.1648
2021-10-11,sz001872,招商港口,17.93,3.2239
2021-10-12,sz001872,招商港口,17.13,-4.4618
2021-10-13,sz001872,招商港口,17.18,0.2919
2021-10-14,sz001872,招商港口,16.43,-4.3655
2021-10-15,sz001872,招商港口,16.26,-1.0347
2021-10-18,sz001872,招商港口,17.3,6.3961
2021-10-19,sz001872,招商港口,17.52,1.2717
2021-10-20,sz001872,招商港口,16.96,-3.1963
2021-10-21,sz001872,招商港口,16.93,-0.1769
2021-10-22,sz001872,招商港口,16.55,-2.2445
2021-10-25,sz001872,招商港口,16.34,-1.2689
2021-10-26,sz001872,招商港口,16.08,-1.5912
2021-10-27,sz001872,招商港口,15.84,-1.4925
2021-10-28,sz001872,招商港口,15.89,0.3157
2021-10-29,sz001872,招商港口,15.76,-0.8181
2021-11-01,sz001872,招商港口,15.6,-1.0152
2021-11-02,sz001872,招商港口,15.45,-0.9615
2021-11-03,sz001872,招商港口,15.57,0.7767
2021-11-04,sz001872,招商港口,15.52,-0.3211
2021-11-05,sz001872,招商港口,15.34,-1.1598
2021-11-08,sz001872,招商港口,15.47,0.8475
2021-11-09,sz001872,招商港口,15.45,-0.1293
2021-11-10,sz001872,招商港口,15.47,0.1294
2021-11-11,sz001872,招商港口,15.7,1.4867
2021-11-12,sz001872,招商港口,15.73,0.1911
2021-11-15,sz001872,招商港口,15.68,-0.3179
2021-11-16,sz001872,招商港口,15.76,0.5102
2021-11-17,sz001872,招商港口,15.8,0.2538
2021-11-18,sz001872,招商港口,15.58,-1.3924
2021-11-19,sz001872,招商港口,15.81,1.4763
2021-11-22,sz001872,招商港口,15.75,-0.3795
2021-11-23,sz001872,招商港口,15.79,0.254
2021-11-24,sz001872,招商港口,15.71,-0.5066
2021-11-25,sz001872,招商港口,15.73,0.1273
2021-11-26,sz001872,招商港口,15.54,-1.2079
2021-11-29,sz001872,招商港口,15.75,1.3514
2021-11-30,sz001872,招商港口,16.14,2.4762
2021-12-01,sz001872,招商港口,16.05,-0.5576
2021-12-02,sz001872,招商港口,16.04,-0.0623
2021-12-03,sz001872,招商港口,17.64,9.9751
2021-12-06,sz001872,招商港口,17.37,-1.5306
2021-12-07,sz001872,招商港口,17.78,2.3604
2021-12-08,sz001872,招商港口,17.85,0.3937
2021-12-09,sz001872,招商港口,17.94,0.5042
2021-12-10,sz001872,招商港口,17.8,-0.7804
2021-12-13,sz001872,招商港口,17.57,-1.2921
2021-12-14,sz001872,招商港口,17.19,-2.1628
2021-12-15,sz001872,招商港口,17.19,0.0
2021-12-16,sz001872,招商港口,17.2,0.0582
2021-12-17,sz001872,招商港口,17.08,-0.6977
2021-12-20,sz001872,招商港口,17.07,-0.0585
2021-12-21,sz001872,招商港口,17.39,1.8746
2021-12-22,sz001872,招商港口,17.21,-1.0351
2021-12-23,sz001872,招商港口,16.99,-1.2783
2021-12-24,sz001872,招商港口,17.07,0.4709
2021-12-27,sz001872,招商港口,17.24,0.9959
2021-12-28,sz001872,招商港口,17.05,-1.1021
2021-12-29,sz001872,招商港口,17.16,0.6452
2021-12-30,sz001872,招商港口,17.04,-0.6993
2021-12-31,sz001872,招商港口,16.95,-0.5282
2022-01-04,sz001872,招商港口,17.31,2.1239
2022-01-05,sz001872,招商港口,17.68,2.1375
2022-01-06,sz001872,招商港口,17.18,-2.8281
2022-01-07,sz001872,招商港口,17.58,2.3283
2022-01-10,sz001872,招商港口,17.72,0.7964
2022-01-11,sz001872,招商港口,17.81,0.5079
2022-01-12,sz001872,招商港口,17.5,-1.7406
2022-01-13,sz001872,招商港口,17.47,-0.1714
2022-01-14,sz001872,招商港口,17.17,-1.7172
2022-01-17,sz001872,招商港口,17.12,-0.2912
2022-01-18,sz001872,招商港口,17.26,0.8178
2022-01-19,sz001872,招商港口,17.34,0.4635
2022-01-20,sz001872,招商港口,17.48,0.8074
2022-01-21,sz001872,招商港口,17.03,-2.5744
2022-01-24,sz001872,招商港口,16.74,-1.7029
2022-01-25,sz001872,招商港口,16.22,-3.1063
2022-01-26,sz001872,招商港口,16.48,1.603
2022-01-27,sz001872,招商港口,16.42,-0.3641
2022-01-28,sz001872,招商港口,16.35,-0.4263
2022-02-07,sz001872,招商港口,17.14,4.8318
2022-02-08,sz001872,招商港口,17.65,2.9755
2022-02-09,sz001872,招商港口,17.75,0.5666
2022-02-10,sz001872,招商港口,18.05,1.6901
2022-02-11,sz001872,招商港口,17.77,-1.5512
2022-02-14,sz001872,招商港口,17.67,-0.5627
2022-02-15,sz001872,招商港口,17.77,0.5659
2022-02-16,sz001872,招商港口,17.75,-0.1125
2022-02-17,sz001872,招商港口,17.48,-1.5211
2022-02-18,sz001872,招商港口,17.79,1.7735
2022-02-21,sz001872,招商港口,17.74,-0.2811
2022-02-22,sz001872,招商港口,17.4,-1.9166
2022-02-23,sz001872,招商港口,17.25,-0.8621
2022-02-24,sz001872,招商港口,16.74,-2.9565
2022-02-25,sz001872,招商港口,17.2,2.7479
2022-02-28,sz001872,招商港口,17.57,2.1512
2022-03-01,sz001872,招商港口,17.69,0.683
2022-03-02,sz001872,招商港口,18.0,1.7524
2022-03-03,sz001872,招商港口,18.32,1.7778
2022-03-04,sz001872,招商港口,17.73,-3.2205
2022-03-07,sz001872,招商港口,17.51,-1.2408
2022-03-08,sz001872,招商港口,16.71,-4.5688
2022-03-09,sz001872,招商港口,16.01,-4.1891
2022-03-10,sz001872,招商港口,16.35,2.1237
2022-03-11,sz001872,招商港口,16.46,0.6728
2022-03-14,sz001872,招商港口,15.94,-3.1592
2022-03-15,sz001872,招商港口,15.05,-5.5834
2022-03-16,sz001872,招商港口,15.25,1.3289
2022-03-17,sz001872,招商港口,15.16,-0.5902
2022-03-18,sz001872,招商港口,15.26,0.6596
2022-03-21,sz001872,招商港口,15.18,-0.5242
2022-03-22,sz001872,招商港口,15.27,0.5929
2022-03-23,sz001872,招商港口,15.29,0.131
2022-03-24,sz001872,招商港口,15.35,0.3924
2022-03-25,sz001872,招商港口,15.29,-0.3909
2022-03-28,sz001872,招商港口,15.34,0.327
2022-03-29,sz001872,招商港口,15.52,1.1734
2022-03-30,sz001872,招商港口,15.67,0.9665
2022-03-31,sz001872,招商港口,15.56,-0.702
2022-04-01,sz001872,招商港口,15.98,2.6992
2022-04-06,sz001872,招商港口,15.93,-0.3129
2022-04-07,sz001872,招商港口,15.48,-2.8249
2022-04-08,sz001872,招商港口,15.61,0.8398
2022-04-11,sz001872,招商港口,15.28,-2.114
2022-04-12,sz001872,招商港口,15.76,3.1414
2022-04-13,sz001872,招商港口,15.78,0.1269
2022-04-14,sz001872,招商港口,15.67,-0.6971
2022-04-15,sz001872,招商港口,15.46,-1.3401
2022-04-18,sz001872,招商港口,15.33,-0.8409
2022-04-19,sz001872,招商港口,15.34,0.0652
2022-04-20,sz001872,招商港口,15.28,-0.3911
2022-04-21,sz001872,招商港口,14.75,-3.4686
2022-04-22,sz001872,招商港口,15.01,1.7627
2022-04-25,sz001872,招商港口,14.28,-4.8634
2022-04-26,sz001872,招商港口,13.92,-2.521
2022-04-27,sz001872,招商港口,14.15,1.6523
2022-04-28,sz001872,招商港口,14.17,0.1413
2022-04-29,sz001872,招商港口,14.45,1.976
2022-05-05,sz001872,招商港口,15.27,5.6747
2022-05-06,sz001872,招商港口,15.15,-0.7859
2022-05-09,sz001872,招商港口,15.16,0.066
2022-05-10,sz001872,招商港口,15.6,2.9024
2022-05-11,sz001872,招商港口,15.41,-1.2179
2022-05-12,sz001872,招商港口,15.46,0.3245
2022-05-13,sz001872,招商港口,15.68,1.423
2022-05-16,sz001872,招商港口,15.62,-0.3827
2022-05-17,sz001872,招商港口,15.25,-2.3688
2022-05-18,sz001872,招商港口,14.93,-2.0984
2022-05-19,sz001872,招商港口,14.85,-0.5358
2022-05-20,sz001872,招商港口,15.03,1.2121
2022-05-23,sz001872,招商港口,14.97,-0.3992
2022-05-24,sz001872,招商港口,14.68,-1.9372
2022-05-25,sz001872,招商港口,15.43,5.109
2022-05-26,sz001872,招商港口,15.24,-1.2314
2022-05-27,sz001872,招商港口,15.28,0.2625
2022-05-30,sz001872,招商港口,15.23,-0.3272
2022-05-31,sz001872,招商港口,15.34,0.7223
2022-06-01,sz001872,招商港口,15.51,1.1082
2022-06-02,sz001872,招商港口,15.42,-0.5803
2022-06-06,sz001872,招商港口,15.34,-0.5188
2022-06-07,sz001872,招商港口,15.78,2.8683
2022-06-08,sz001872,招商港口,15.52,-1.6477
2022-06-09,sz001872,招商港口,15.34,-1.1598
2022-06-10,sz001872,招商港口,15.28,-0.3911
2022-06-13,sz001872,招商港口,15.08,-1.3089
2022-06-14,sz001872,招商港口,15.15,0.4642
2022-06-15,sz001872,招商港口,15.31,1.0561
2022-06-16,sz001872,招商港口,15.01,-1.9595
2022-06-17,sz001872,招商港口,14.88,-0.8661
2022-06-20,sz001872,招商港口,14.93,0.336
2022-06-21,sz001872,招商港口,14.97,0.2679
2022-06-22,sz001872,招商港口,14.86,-0.7348
2022-06-23,sz001872,招商港口,15.01,1.0094
2022-06-24,sz001872,招商港口,14.97,-0.2665
2022-06-27,sz001872,招商港口,15.26,1.9372
2022-06-28,sz001872,招商港口,15.48,1.4417
2022-06-29,sz001872,招商港口,15.53,0.323
2022-06-30,sz001872,招商港口,15.6,0.4507
2022-07-01,sz001872,招商港口,15.41,-1.2179
2022-07-04,sz001872,招商港口,15.23,-1.1681
2022-07-05,sz001872,招商港口,15.37,0.9192
2022-07-06,sz001872,招商港口,15.0,-2.4073
2022-07-07,sz001872,招商港口,15.18,1.2
2022-07-08,sz001872,招商港口,15.14,-0.2635
2022-07-11,sz001872,招商港口,15.17,0.1982
2022-07-12,sz001872,招商港口,15.09,-0.5274
2022-07-13,sz001872,招商港口,15.13,0.2651
2022-07-14,sz001872,招商港口,14.83,-1.9828
2022-07-15,sz001872,招商港口,14.3,-3.5738
2022-07-18,sz001872,招商港口,14.82,3.6364
2022-07-19,sz001872,招商港口,14.88,0.4049
2022-07-20,sz001872,招商港口,15.04,1.0753
2022-07-21,sz001872,招商港口,14.87,-1.1303
2022-07-22,sz001872,招商港口,15.17,2.0175
2022-07-25,sz001872,招商港口,15.22,0.3296
2022-07-26,sz001872,招商港口,15.37,0.9855
2022-07-27,sz001872,招商港口,15.38,0.0651
2022-07-28,sz001872,招商港口,15.63,1.6255
2022-07-29,sz001872,招商港口,15.51,-0.7678
2022-08-01,sz001872,招商港口,15.7,1.225
2022-08-02,sz001872,招商港口,15.5,-1.2739
2022-08-03,sz001872,招商港口,15.19,-2.0
2022-08-04,sz001872,招商港口,15.2,0.0658
2022-08-05,sz001872,招商港口,15.51,2.0395
2022-08-08,sz001872,招商港口,15.29,-1.4184
2022-08-09,sz001872,招商港口,15.47,1.1772
2022-08-10,sz001872,招商港口,15.56,0.5818
2022-08-11,sz001872,招商港口,15.69,0.8355
2022-08-12,sz001872,招商港口,15.8,0.7011
2022-08-15,sz001872,招商港口,15.6,-1.2658
2022-08-16,sz001872,招商港口,15.51,-0.5769
2022-08-17,sz001872,招商港口,15.53,0.1289
2022-08-18,sz001872,招商港口,15.6,0.4507
2022-08-19,sz001872,招商港口,15.53,-0.4487
2022-08-22,sz001872,招商港口,15.62,0.5795
2022-08-23,sz001872,招商港口,15.55,-0.4481
2022-08-24,sz001872,招商港口,15.28,-1.7363
2022-08-25,sz001872,招商港口,16.65,8.966
2022-08-26,sz001872,招商港口,16.74,0.5405
2022-08-29,sz001872,招商港口,16.29,-2.6882
2022-08-30,sz001872,招商港口,16.12,-1.0436
2022-08-31,sz001872,招商港口,15.65,-2.9156
2022-09-01,sz001872,招商港口,15.56,-0.5751
2022-09-02,sz001872,招商港口,15.52,-0.2571
2022-09-05,sz001872,招商港口,15.95,2.7706
2022-09-06,sz001872,招商港口,16.01,0.3762
2022-09-07,sz001872,招商港口,15.76,-1.5615
2022-09-08,sz001872,招商港口,15.97,1.3325
2022-09-09,sz001872,招商港口,15.97,0.0
2022-09-13,sz001872,招商港口,15.81,-1.0019
2022-09-14,sz001872,招商港口,16.12,1.9608
2022-09-15,sz001872,招商港口,15.92,-1.2407
2022-09-16,sz001872,招商港口,15.25,-4.2085
2022-09-19,sz001872,招商港口,15.14,-0.7213
2022-09-20,sz001872,招商港口,15.03,-0.7266
2022-09-21,sz001872,招商港口,15.46,2.8609
2022-09-22,sz001872,招商港口,15.48,0.1294
2022-09-23,sz001872,招商港口,15.86,2.4548
2022-09-26,sz001872,招商港口,15.24,-3.9092
2022-09-27,sz001872,招商港口,15.31,0.4593
2022-09-28,sz001872,招商港口,15.09,-1.437
2022-09-29,sz001872,招商港口,14.82,-1.7893
2022-09-30,sz001872,招商港口,14.61,-1.417
2022-10-10,sz001872,招商港口,14.76,1.0267
2022-10-11,sz001872,招商港口,14.4,-2.439
2022-10-12,sz001872,招商港口,14.54,0.9722
2022-10-13,sz001872,招商港口,14.26,-1.9257
2022-10-14,sz001872,招商港口,14.44,1.2623
2022-10-17,sz001872,招商港口,14.4,-0.277
2022-10-18,sz001872,招商港口,14.38,-0.1389
2022-10-19,sz001872,招商港口,14.58,1.3908
2022-10-20,sz001872,招商港口,14.21,-2.5377
2022-10-21,sz001872,招商港口,14.15,-0.4222
2022-10-24,sz001872,招商港口,13.91,-1.6961
2022-10-25,sz001872,招商港口,13.85,-0.4313
2022-10-26,sz001872,招商港口,13.97,0.8664
2022-10-27,sz001872,招商港口,14.16,1.3601
2022-10-28,sz001872,招商港口,13.82,-2.4011
2022-10-31,sz001872,招商港口,13.9,0.5789
2022-11-01,sz001872,招商港口,14.08,1.295
2022-11-02,sz001872,招商港口,14.1,0.142
2022-11-03,sz001872,招商港口,14.02,-0.5674
2022-11-04,sz001872,招商港口,14.22,1.4265
2022-11-07,sz001872,招商港口,14.29,0.4923
2022-11-08,sz001872,招商港口,14.28,-0.07
2022-11-09,sz001872,招商港口,14.29,0.07
2022-11-10,sz001872,招商港口,14.3,0.07
2022-11-11,sz001872,招商港口,14.38,0.5594
2022-11-14,sz001872,招商港口,14.46,0.5563
2022-11-15,sz001872,招商港口,14.57,0.7607
2022-11-16,sz001872,招商港口,14.57,0.0
2022-11-17,sz001872,招商港口,14.62,0.3432
2022-11-18,sz001872,招商港口,14.52,-0.684
2022-11-21,sz001872,招商港口,14.42,-0.6887
2022-11-22,sz001872,招商港口,14.56,0.9709
2022-11-23,sz001872,招商港口,14.66,0.6868
2022-11-24,sz001872,招商港口,14.6,-0.4093
2022-11-25,sz001872,招商港口,14.73,0.8904
2022-11-28,sz001872,招商港口,14.79,0.4073
2022-11-29,sz001872,招商港口,14.96,1.1494
2022-11-30,sz001872,招商港口,14.96,0.0
2022-12-01,sz001872,招商港口,15.02,0.4011
2022-12-02,sz001872,招商港口,15.0,-0.1332
2022-12-05,sz001872,招商港口,15.32,2.1333
2022-12-06,sz001872,招商港口,15.49,1.1097
2022-12-07,sz001872,招商港口,15.47,-0.1291
2022-12-08,sz001872,招商港口,15.66,1.2282
2022-12-09,sz001872,招商港口,15.3,-2.2989
2022-12-12,sz001872,招商港口,15.1,-1.3072
2022-12-13,sz001872,招商港口,15.29,1.2583
2022-12-14,sz001872,招商港口,15.31,0.1308
2022-12-15,sz001872,招商港口,15.07,-1.5676
2022-12-16,sz001872,招商港口,15.15,0.5309
2022-12-19,sz001872,招商港口,14.82,-2.1782
2022-12-20,sz001872,招商港口,14.65,-1.1471
2022-12-21,sz001872,招商港口,14.64,-0.0683
2022-12-22,sz001872,招商港口,14.52,-0.8197
2022-12-23,sz001872,招商港口,14.5,-0.1377
2022-12-26,sz001872,招商港口,14.45,-0.3448
2022-12-27,sz001872,招商港口,14.74,2.0069
2022-12-28,sz001872,招商港口,14.52,-1.4925
2022-12-29,sz001872,招商港口,14.17,-2.4105
2022-12-30,sz001872,招商港口,14.36,1.3409
2023-01-03,sz001872,招商港口,14.45,0.6267
2023-01-04,sz001872,招商港口,14.52,0.4844
2023-01-05,sz001872,招商港口,14.67,1.0331
2023-01-06,sz001872,招商港口,14.51,-1.0907
2023-01-09,sz001872,招商港口,14.53,0.1378
2023-01-10,sz001872,招商港口,14.42,-0.7571
2023-01-11,sz001872,招商港口,14.56,0.9709
2023-01-12,sz001872,招商港口,14.47,-0.6181
2023-01-13,sz001872,招商港口,14.55,0.5529
2023-01-16,sz001872,招商港口,14.62,0.4811
2023-01-17,sz001872,招商港口,14.68,0.4104
2023-01-18,sz001872,招商港口,14.69,0.0681
2023-01-19,sz001872,招商港口,14.72,0.2042
2023-01-20,sz001872,招商港口,14.88,1.087
2023-01-30,sz001872,招商港口,14.9,0.1344
2023-01-31,sz001872,招商港口,14.94,0.2685
2023-02-01,sz001872,招商港口,14.97,0.2008
2023-02-02,sz001872,招商港口,14.9,-0.4676
2023-02-03,sz001872,招商港口,14.82,-0.5369
2023-02-06,sz001872,招商港口,14.8,-0.135
2023-02-07,sz001872,招商港口,14.84,0.2703
2023-02-08,sz001872,招商港口,14.75,-0.6065
2023-02-09,sz001872,招商港口,14.82,0.4746
2023-02-10,sz001872,招商港口,14.82,0.0
2023-02-13,sz001872,招商港口,14.88,0.4049
2023-02-14,sz001872,招商港口,14.9,0.1344
2023-02-15,sz001872,招商港口,14.74,-1.0738
2023-02-16,sz001872,招商港口,14.53,-1.4247
2023-02-17,sz001872,招商港口,14.44,-0.6194
2023-02-20,sz001872,招商港口,14.69,1.7313
2023-02-21,sz001872,招商港口,14.8,0.7488
2023-02-22,sz001872,招商港口,14.83,0.2027
2023-02-23,sz001872,招商港口,14.88,0.3372
2023-02-24,sz001872,招商港口,14.79,-0.6048
2023-02-27,sz001872,招商港口,14.68,-0.7437
2023-02-28,sz001872,招商港口,14.83,1.0218
2023-03-01,sz001872,招商港口,14.99,1.0789
2023-03-02,sz001872,招商港口,15.08,0.6004
2023-03-03,sz001872,招商港口,15.43,2.321
2023-03-06,sz001872,招商港口,15.39,-0.2592
2023-03-07,sz001872,招商港口,15.28,-0.7147
2023-03-08,sz001872,招商港口,15.46,1.178
2023-03-09,sz001872,招商港口,15.36,-0.6468
2023-03-10,sz001872,招商港口,15.07,-1.888
2023-03-13,sz001872,招商港口,15.22,0.9954
2023-03-14,sz001872,招商港口,15.15,-0.4599
2023-03-15,sz001872,招商港口,15.57,2.7723
2023-03-16,sz001872,招商港口,15.48,-0.578
2023-03-17,sz001872,招商港口,15.67,1.2274
2023-03-20,sz001872,招商港口,15.56,-0.702
2023-03-21,sz001872,招商港口,15.67,0.7069
2023-03-22,sz001872,招商港口,15.57,-0.6382
2023-03-23,sz001872,招商港口,15.61,0.2569
2023-03-24,sz001872,招商港口,16.35,4.7406
2023-03-27,sz001872,招商港口,16.16,-1.1621
2023-03-28,sz001872,招商港口,16.48,1.9802
2023-03-29,sz001872,招商港口,17.49,6.1286
2023-03-30,sz001872,招商港口,17.24,-1.4294
2023-03-31,sz001872,招商港口,17.19,-0.29
2023-04-03,sz001872,招商港口,16.73,-2.676
2023-04-04,sz001872,招商港口,17.96,7.3521
2023-04-06,sz001872,招商港口,17.8,-0.8909
2023-04-07,sz001872,招商港口,17.56,-1.3483
2023-04-10,sz001872,招商港口,17.5,-0.3417
2023-04-11,sz001872,招商港口,17.94,2.5143
2023-04-12,sz001872,招商港口,17.87,-0.3902
2023-04-13,sz001872,招商港口,17.99,0.6715
2023-04-14,sz001872,招商港口,18.06,0.3891
2023-04-17,sz001872,招商港口,18.7,3.5437
2023-04-18,sz001872,招商港口,18.73,0.1604
2023-04-19,sz001872,招商港口,18.93,1.0678
2023-04-20,sz001872,招商港口,19.15,1.1622
2023-04-21,sz001872,招商港口,19.1,-0.2611
2023-04-24,sz001872,招商港口,19.4,1.5707
2023-04-25,sz001872,招商港口,19.9,2.5773
2023-04-26,sz001872,招商港口,19.9,0.0
2023-04-27,sz001872,招商港口,19.77,-0.6533
2023-04-28,sz001872,招商港口,19.9,0.6576
2023-05-04,sz001872,招商港口,21.4,7.5377
2023-05-05,sz001872,招商港口,20.76,-2.9907
2023-05-08,sz001872,招商港口,20.72,-0.1927
2023-05-09,sz001872,招商港口,19.26,-7.0463
2023-05-10,sz001872,招商港口,18.77,-2.5441
2023-05-11,sz001872,招商港口,18.88,0.586
2023-05-12,sz001872,招商港口,18.79,-0.4767
2023-05-15,sz001872,招商港口,18.62,-0.9047
2023-05-16,sz001872,招商港口,18.38,-1.2889
2023-05-17,sz001872,招商港口,18.25,-0.7073
2023-05-18,sz001872,招商港口,18.2,-0.274
2023-05-19,sz001872,招商港口,17.81,-2.1429
2023-05-22,sz001872,招商港口,17.56,-1.4037
2023-05-23,sz001872,招商港口,17.04,-2.9613
2023-05-24,sz001872,招商港口,16.65,-2.2887
2023-05-25,sz001872,招商港口,16.5,-0.9009
2023-05-26,sz001872,招商港口,16.64,0.8485
2023-05-29,sz001872,招商港口,17.0,2.1635
2023-05-30,sz001872,招商港口,17.01,0.0588
2023-05-31,sz001872,招商港口,16.84,-0.9994
2023-06-01,sz001872,招商港口,16.81,-0.1781
2023-06-02,sz001872,招商港口,17.05,1.4277
2023-06-05,sz001872,招商港口,17.06,0.0587
2023-06-06,sz001872,招商港口,16.88,-1.0551
2023-06-07,sz001872,招商港口,17.86,5.8057
2023-06-08,sz001872,招商港口,18.28,2.3516
2023-06-09,sz001872,招商港口,18.27,-0.0547
2023-06-12,sz001872,招商港口,18.39,0.6568
2023-06-13,sz001872,招商港口,18.06,-1.7945
2023-06-14,sz001872,招商港口,17.75,-1.7165
2023-06-15,sz001872,招商港口,17.71,-0.2254
2023-06-16,sz001872,招商港口,18.11,2.2586
2023-06-19,sz001872,招商港口,17.73,-2.0983
2023-06-20,sz001872,招商港口,17.63,-0.564
2023-06-21,sz001872,招商港口,17.26,-2.0987
2023-06-26,sz001872,招商港口,16.99,-1.5643
2023-06-27,sz001872,招商港口,17.36,2.1778
2023-06-28,sz001872,招商港口,17.47,0.6336
2023-06-29,sz001872,招商港口,17.25,-1.2593
2023-06-30,sz001872,招商港口,17.27,0.1159
2023-07-03,sz001872,招商港口,17.32,0.2895
2023-07-04,sz001872,招商港口,17.32,0.0
2023-07-05,sz001872,招商港口,17.08,-1.3857
2023-07-06,sz001872,招商港口,16.96,-0.7026
2023-07-07,sz001872,招商港口,17.16,1.1792
2023-07-10,sz001872,招商港口,17.1,-0.3497
2023-07-11,sz001872,招商港口,17.17,0.4094
2023-07-12,sz001872,招商港口,16.7,-2.7373
2023-07-13,sz001872,招商港口,16.66,-0.2395
2023-07-14,sz001872,招商港口,16.73,0.4202
2023-07-17,sz001872,招商港口,16.72,-0.0598
2023-07-18,sz001872,招商港口,16.83,0.6579
2023-07-19,sz001872,招商港口,17.14,1.8419
2023-07-20,sz001872,招商港口,16.95,-1.1085
2023-07-21,sz001872,招商港口,16.82,-0.767
2023-07-24,sz001872,招商港口,17.03,1.2485
2023-07-25,sz001872,招商港口,17.23,1.1744
2023-07-26,sz001872,招商港口,17.24,0.058
2023-07-27,sz001872,招商港口,17.62,2.2042
2023-07-28,sz001872,招商港口,17.91,1.6459
2023-07-31,sz001872,招商港口,17.86,-0.2792
2023-08-01,sz001872,招商港口,17.9,0.224
2023-08-02,sz001872,招商港口,17.41,-2.7374
2023-08-03,sz001872,招商港口,17.2,-1.2062
2023-08-04,sz001872,招商港口,16.78,-2.4419
2023-08-07,sz001872,招商港口,16.56,-1.3111
2023-08-08,sz001872,招商港口,16.36,-1.2077
2023-08-09,sz001872,招商港口,16.32,-0.2445
2023-08-10,sz001872,招商港口,16.49,1.0417
2023-08-11,sz001872,招商港口,16.11,-2.3044
2023-08-14,sz001872,招商港口,16.2,0.5587
2023-08-15,sz001872,招商港口,16.26,0.3704
2023-08-16,sz001872,招商港口,16.2,-0.369
2023-08-17,sz001872,招商港口,16.13,-0.4321
2023-08-18,sz001872,招商港口,16.14,0.062
2023-08-21,sz001872,招商港口,16.0,-0.8674
2023-08-22,sz001872,招商港口,15.99,-0.0625
2023-08-23,sz001872,招商港口,16.1,0.6879
2023-08-24,sz001872,招商港口,15.86,-1.4907
2023-08-25,sz001872,招商港口,15.95,0.5675
2023-08-28,sz001872,招商港口,16.14,1.1912
2023-08-29,sz001872,招商港口,16.09,-0.3098
2023-08-30,sz001872,招商港口,15.8,-1.8024
2023-08-31,sz001872,招商港口,15.97,1.0759
2023-09-01,sz001872,招商港口,16.05,0.5009
2023-09-04,sz001872,招商港口,16.16,0.6854
2023-09-05,sz001872,招商港口,15.96,-1.2376
2023-09-06,sz001872,招商港口,15.88,-0.5013
2023-09-07,sz001872,招商港口,15.75,-0.8186
2023-09-08,sz001872,招商港口,15.62,-0.8254
2023-09-11,sz001872,招商港口,15.85,1.4725
2023-09-12,sz001872,招商港口,15.86,0.0631
2023-09-13,sz001872,招商港口,15.92,0.3783
2023-09-14,sz001872,招商港口,16.07,0.9422
2023-09-15,sz001872,招商港口,16.18,0.6845
2023-09-18,sz001872,招商港口,16.17,-0.0618
2023-09-19,sz001872,招商港口,16.33,0.9895
2023-09-20,sz001872,招商港口,16.4,0.4287
2023-09-21,sz001872,招商港口,16.36,-0.2439
2023-09-22,sz001872,招商港口,16.22,-0.8557
2023-09-25,sz001872,招商港口,16.35,0.8015
2023-09-26,sz001872,招商港口,16.32,-0.1835
2023-09-27,sz001872,招商港口,15.95,-2.2672
2023-09-28,sz001872,招商港口,15.95,0.0
2023-10-09,sz001872,招商港口,16.0,0.3135
2023-10-10,sz001872,招商港口,15.64,-2.25
2023-10-11,sz001872,招商港口,15.16,-3.0691
2023-10-12,sz001872,招商港口,15.33,1.1214
2023-10-13,sz001872,招商港口,15.08,-1.6308
2023-10-16,sz001872,招商港口,15.24,1.061
2023-10-17,sz001872,招商港口,15.25,0.0656
2023-10-18,sz001872,招商港口,14.99,-1.7049
2023-10-19,sz001872,招商港口,14.81,-1.2008
2023-10-20,sz001872,招商港口,14.82,0.0675
2023-10-23,sz001872,招商港口,14.55,-1.8219
2023-10-24,sz001872,招商港口,14.65,0.6873
2023-10-25,sz001872,招商港口,14.77,0.8191
2023-10-26,sz001872,招商港口,15.34,3.8592
2023-10-27,sz001872,招商港口,15.47,0.8475
2023-10-30,sz001872,招商港口,15.65,1.1635
2023-10-31,sz001872,招商港口,15.69,0.2556
2023-11-01,sz001872,招商港口,15.7,0.0637
2023-11-02,sz001872,招商港口,15.74,0.2548
2023-11-03,sz001872,招商港口,15.62,-0.7624
2023-11-06,sz001872,招商港口,15.59,-0.1921
2023-11-07,sz001872,招商港口,15.61,0.1283
2023-11-08,sz001872,招商港口,15.67,0.3844
2023-11-09,sz001872,招商港口,15.69,0.1276
2023-11-10,sz001872,招商港口,15.73,0.2549
2023-11-13,sz001872,招商港口,15.68,-0.3179
2023-11-14,sz001872,招商港口,15.7,0.1276
2023-11-15,sz001872,招商港口,15.65,-0.3185
2023-11-16,sz001872,招商港口,15.58,-0.4473
2023-11-17,sz001872,招商港口,15.52,-0.3851
2023-11-20,sz001872,招商港口,15.51,-0.0644
2023-11-21,sz001872,招商港口,15.66,0.9671
2023-11-22,sz001872,招商港口,15.79,0.8301
2023-11-23,sz001872,招商港口,15.89,0.6333
2023-11-24,sz001872,招商港口,15.87,-0.1259
2023-11-27,sz001872,招商港口,15.81,-0.3781
2023-11-28,sz001872,招商港口,15.82,0.0633
2023-11-29,sz001872,招商港口,15.75,-0.4425
2023-11-30,sz001872,招商港口,15.94,1.2063
2023-12-01,sz001872,招商港口,16.06,0.7528
2023-12-04,sz001872,招商港口,16.42,2.2416
2023-12-05,sz001872,招商港口,16.35,-0.4263
2023-12-06,sz001872,招商港口,16.35,0.0
2023-12-07,sz001872,招商港口,16.27,-0.4893
2023-12-08,sz001872,招商港口,16.46,1.1678
2023-12-11,sz001872,招商港口,16.87,2.4909
2023-12-12,sz001872,招商港口,16.84,-0.1778
2023-12-13,sz001872,招商港口,16.8,-0.2375
2023-12-14,sz001872,招商港口,16.76,-0.2381
2023-12-15,sz001872,招商港口,16.66,-0.5967
2023-12-18,sz001872,招商港口,16.8,0.8403
2023-12-19,sz001872,招商港口,16.77,-0.1786
2023-12-20,sz001872,招商港口,16.74,-0.1789
2023-12-21,sz001872,招商港口,16.74,0.0
2023-12-22,sz001872,招商港口,16.85,0.6571
2023-12-25,sz001872,招商港口,16.57,-1.6617
2023-12-26,sz001872,招商港口,16.39,-1.0863
2023-12-27,sz001872,招商港口,16.41,0.122
2023-12-28,sz001872,招商港口,16.14,-1.6453
2023-12-29,sz001872,招商港口,15.96,-1.1152
2024-01-02,sz001872,招商港口,15.8,-1.0025
2024-01-03,sz001872,招商港口,15.86,0.3797
2024-01-04,sz001872,招商港口,15.92,0.3783
2024-01-05,sz001872,招商港口,16.01,0.5653
2024-01-08,sz001872,招商港口,15.64,-2.3111
2024-01-09,sz001872,招商港口,15.79,0.9591
2024-01-10,sz001872,招商港口,16.03,1.5199
2024-01-11,sz001872,招商港口,15.93,-0.6238
2024-01-12,sz001872,招商港口,16.17,1.5066
2024-01-15,sz001872,招商港口,16.36,1.175
2024-01-16,sz001872,招商港口,16.34,-0.1222
2024-01-17,sz001872,招商港口,16.21,-0.7956
2024-01-18,sz001872,招商港口,15.88,-2.0358
2024-01-19,sz001872,招商港口,15.75,-0.8186
2024-01-22,sz001872,招商港口,14.91,-5.3333
2024-01-23,sz001872,招商港口,15.15,1.6097
2024-01-24,sz001872,招商港口,15.62,3.1023
2024-01-25,sz001872,招商港口,16.71,6.9782
2024-01-26,sz001872,招商港口,16.99,1.6756
2024-01-29,sz001872,招商港口,17.2,1.236
2024-01-30,sz001872,招商港口,16.92,-1.6279
2024-01-31,sz001872,招商港口,17.01,0.5319
2024-02-01,sz001872,招商港口,17.04,0.1764
2024-02-02,sz001872,招商港口,17.39,2.054
2024-02-05,sz001872,招商港口,17.24,-0.8626
2024-02-06,sz001872,招商港口,17.67,2.4942
2024-02-07,sz001872,招商港口,18.25,3.2824
2024-02-08,sz001872,招商港口,18.0,-1.3699
2024-02-19,sz001872,招商港口,17.78,-1.2222
2024-02-20,sz001872,招商港口,18.16,2.1372
2024-02-21,sz001872,招商港口,17.99,-0.9361
2024-02-22,sz001872,招商港口,17.4,-3.2796
2024-02-23,sz001872,招商港口,17.32,-0.4598
2024-02-26,sz001872,招商港口,17.05,-1.5589
2024-02-27,sz001872,招商港口,17.24,1.1144
2024-02-28,sz001872,招商港口,17.1,-0.8121
2024-02-29,sz001872,招商港口,17.69,3.4503
2024-03-01,sz001872,招商港口,17.01,-3.844
2024-03-04,sz001872,招商港口,17.08,0.4115
2024-03-05,sz001872,招商港口,17.01,-0.4098
2024-03-06,sz001872,招商港口,17.19,1.0582
2024-03-07,sz001872,招商港口,17.34,0.8726
2024-03-08,sz001872,招商港口,17.83,2.8258
2024-03-11,sz001872,招商港口,17.71,-0.673
2024-03-12,sz001872,招商港口,16.88,-4.6866
2024-03-13,sz001872,招商港口,16.63,-1.481
2024-03-14,sz001872,招商港口,17.01,2.285
2024-03-15,sz001872,招商港口,17.25,1.4109
2024-03-18,sz001872,招商港口,17.38,0.7536
2024-03-19,sz001872,招商港口,17.17,-1.2083
2024-03-20,sz001872,招商港口,17.4,1.3395
2024-03-21,sz001872,招商港口,17.22,-1.0345
2024-03-22,sz001872,招商港口,16.91,-1.8002
2024-03-25,sz001872,招商港口,17.15,1.4193
2024-03-26,sz001872,招商港口,17.57,2.449
2024-03-27,sz001872,招商港口,17.4,-0.9676
2024-03-28,sz001872,招商港口,17.85,2.5862
2024-03-29,sz001872,招商港口,18.12,1.5126
2024-04-01,sz001872,招商港口,18.17,0.2759
2024-04-02,sz001872,招商港口,17.86,-1.7061
2024-04-03,sz001872,招商港口,18.08,1.2318
2024-04-08,sz001872,招商港口,17.94,-0.7743
2024-04-09,sz001872,招商港口,17.66,-1.5608
2024-04-10,sz001872,招商港口,17.84,1.0193
2024-04-11,sz001872,招商港口,18.26,2.3543
2024-04-12,sz001872,招商港口,18.26,0.0
2024-04-15,sz001872,招商港口,19.1,4.6002
2024-04-16,sz001872,招商港口,18.93,-0.8901
2024-04-17,sz001872,招商港口,19.27,1.7961
2024-04-18,sz001872,招商港口,18.92,-1.8163
2024-04-19,sz001872,招商港口,19.09,0.8985
2024-04-22,sz001872,招商港口,18.58,-2.6716
2024-04-23,sz001872,招商港口,18.33,-1.3455
2024-04-24,sz001872,招商港口,18.38,0.2728
2024-04-25,sz001872,招商港口,18.44,0.3264
2024-04-26,sz001872,招商港口,18.32,-0.6508
2024-04-29,sz001872,招商港口,18.05,-1.4738
2024-04-30,sz001872,招商港口,18.81,4.2105
2024-05-06,sz001872,招商港口,19.23,2.2329
2024-05-07,sz001872,招商港口,19.28,0.26
2024-05-08,sz001872,招商港口,19.05,-1.1929
2024-05-09,sz001872,招商港口,19.27,1.1549
2024-05-10,sz001872,招商港口,19.28,0.0519
2024-05-13,sz001872,招商港口,19.53,1.2967
2024-05-14,sz001872,招商港口,19.2,-1.6897
2024-05-15,sz001872,招商港口,19.1,-0.5208
2024-05-16,sz001872,招商港口,19.14,0.2094
2024-05-17,sz001872,招商港口,19.24,0.5225
2024-05-20,sz001872,招商港口,19.21,-0.1559
2024-05-21,sz001872,招商港口,19.27,0.3123
2024-05-22,sz001872,招商港口,19.0,-1.4011
2024-05-23,sz001872,招商港口,18.79,-1.1053
2024-05-24,sz001872,招商港口,18.88,0.479
2024-05-27,sz001872,招商港口,19.29,2.1716
2024-05-28,sz001872,招商港口,19.29,0.0
2024-05-29,sz001872,招商港口,19.09,-1.0368
2024-05-30,sz001872,招商港口,18.85,-1.2572
2024-05-31,sz001872,招商港口,18.74,-0.5836
2024-06-03,sz001872,招商港口,18.68,-0.3202
2024-06-04,sz001872,招商港口,18.79,0.5889
2024-06-05,sz001872,招商港口,18.55,-1.2773
2024-06-06,sz001872,招商港口,18.71,0.8625
2024-06-07,sz001872,招商港口,19.35,3.4206
2024-06-11,sz001872,招商港口,18.37,-5.0646
2024-06-12,sz001872,招商港口,18.73,1.9597
2024-06-13,sz001872,招商港口,18.51,-1.1746
2024-06-14,sz001872,招商港口,18.78,1.4587
2024-06-17,sz001872,招商港口,18.97,1.0117
2024-06-18,sz001872,招商港口,19.22,1.3179
2024-06-19,sz001872,招商港口,19.05,-0.8845
2024-06-20,sz001872,招商港口,19.49,2.3097
2024-06-21,sz001872,招商港口,19.69,1.0262
2024-06-24,sz001872,招商港口,19.39,-1.5236
2024-06-25,sz001872,招商港口,19.35,-0.2063
2024-06-26,sz001872,招商港口,18.93,-2.1705
2024-06-27,sz001872,招商港口,18.93,0.0
2024-06-28,sz001872,招商港口,19.25,1.6904
2024-07-01,sz001872,招商港口,20.29,5.4026
2024-07-02,sz001872,招商港口,20.8,2.5136
2024-07-03,sz001872,招商港口,20.63,-0.8173
2024-07-04,sz001872,招商港口,20.86,1.1149
2024-07-05,sz001872,招商港口,20.88,0.0959
2024-07-08,sz001872,招商港口,21.1,1.0536
2024-07-09,sz001872,招商港口,21.46,1.7062
2024-07-10,sz001872,招商港口,21.3,-0.7456
2024-07-11,sz001872,招商港口,21.25,-0.2347
2024-07-12,sz001872,招商港口,21.11,-0.6588
2024-07-15,sz001872,招商港口,21.27,0.7579
2024-07-16,sz001872,招商港口,21.17,-0.4701
2024-07-17,sz001872,招商港口,20.33,-3.9679
2024-07-18,sz001872,招商港口,20.26,-0.3443
2024-07-19,sz001872,招商港口,20.15,-0.5429
2024-07-22,sz001872,招商港口,20.48,1.6377
2024-07-23,sz001872,招商港口,20.74,1.2695
2024-07-24,sz001872,招商港口,21.08,1.6393
2024-07-25,sz001872,招商港口,21.56,2.277
2024-07-26,sz001872,招商港口,20.87,-3.2004
2024-07-29,sz001872,招商港口,21.08,1.0062
2024-07-30,sz001872,招商港口,21.41,1.5655
2024-07-31,sz001872,招商港口,20.15,-5.8851
2024-08-01,sz001872,招商港口,20.43,1.3896
2024-08-02,sz001872,招商港口,20.48,0.2447
2024-08-05,sz001872,招商港口,20.28,-0.9766
2024-08-06,sz001872,招商港口,20.25,-0.1479
2024-08-07,sz001872,招商港口,20.35,0.4938
2024-08-08,sz001872,招商港口,20.06,-1.4251
2024-08-09,sz001872,招商港口,19.96,-0.4985
2024-08-12,sz001872,招商港口,19.96,0.0
2024-08-13,sz001872,招商港口,20.31,1.7535
2024-08-14,sz001872,招商港口,20.11,-0.9847
2024-08-15,sz001872,招商港口,20.34,1.1437
2024-08-16,sz001872,招商港口,19.91,-2.1141
2024-08-19,sz001872,招商港口,20.79,4.4199
2024-08-20,sz001872,招商港口,20.68,-0.5291
2024-08-21,sz001872,招商港口,21.1,2.0309
2024-08-22,sz001872,招商港口,21.54,2.0853
2024-08-23,sz001872,招商港口,21.44,-0.4643
2024-08-26,sz001872,招商港口,21.2,-1.1194
2024-08-27,sz001872,招商港口,21.16,-0.1887
2024-08-28,sz001872,招商港口,20.99,-0.8034
2024-08-29,sz001872,招商港口,20.07,-4.383
2024-08-30,sz001872,招商港口,19.99,-0.3986
2024-09-02,sz001872,招商港口,21.2,6.053
2024-09-03,sz001872,招商港口,20.5,-3.3019
2024-09-04,sz001872,招商港口,20.63,0.6341
2024-09-05,sz001872,招商港口,20.51,-0.5817
2024-09-06,sz001872,招商港口,20.62,0.5363
2024-09-09,sz001872,招商港口,20.16,-2.2308
2024-09-10,sz001872,招商港口,20.2,0.1984
2024-09-11,sz001872,招商港口,19.03,-5.7921
2024-09-12,sz001872,招商港口,18.9,-0.6831
2024-09-13,sz001872,招商港口,18.37,-2.8042
2024-09-18,sz001872,招商港口,19.58,6.5868
2024-09-19,sz001872,招商港口,18.96,-3.1665
2024-09-20,sz001872,招商港口,19.03,0.3692
2024-09-23,sz001872,招商港口,18.92,-0.578
2024-09-24,sz001872,招商港口,19.96,5.4968
2024-09-25,sz001872,招商港口,20.55,2.9559
2024-09-26,sz001872,招商港口,20.7,0.7299
2024-09-27,sz001872,招商港口,20.81,0.5314
2024-09-30,sz001872,招商港口,22.69,9.0341
2024-10-08,sz001872,招商港口,22.94,1.1018
2024-10-09,sz001872,招商港口,21.91,-4.49
2024-10-10,sz001872,招商港口,22.49,2.6472
2024-10-11,sz001872,招商港口,22.44,-0.2223
2024-10-14,sz001872,招商港口,23.01,2.5401
2024-10-15,sz001872,招商港口,22.34,-2.9118
2024-10-16,sz001872,招商港口,22.36,0.0895
2024-10-17,sz001872,招商港口,21.46,-4.025
2024-10-18,sz001872,招商港口,21.62,0.7456
2024-10-21,sz001872,招商港口,22.04,1.9426
2024-10-22,sz001872,招商港口,21.63,-1.8603
2024-10-23,sz001872,招商港口,21.59,-0.1849
2024-10-24,sz001872,招商港口,21.5,-0.4169
2024-10-25,sz001872,招商港口,21.21,-1.3488
2024-10-28,sz001872,招商港口,21.31,0.4715
2024-10-29,sz001872,招商港口,21.15,-0.7508
2024-10-30,sz001872,招商港口,20.8,-1.6548
2024-10-31,sz001872,招商港口,20.41,-1.875
2024-11-01,sz001872,招商港口,20.31,-0.49
2024-11-04,sz001872,招商港口,20.55,1.1817
2024-11-05,sz001872,招商港口,20.6,0.2433
2024-11-06,sz001872,招商港口,20.44,-0.7767
2024-11-07,sz001872,招商港口,20.65,1.0274
2024-11-08,sz001872,招商港口,20.26,-1.8886
2024-11-11,sz001872,招商港口,19.93,-1.6288
2024-11-12,sz001872,招商港口,20.03,0.5018
2024-11-13,sz001872,招商港口,20.03,0.0
2024-11-14,sz001872,招商港口,20.32,1.4478
2024-11-15,sz001872,招商港口,20.54,1.0827
2024-11-18,sz001872,招商港口,22.14,7.7897
2024-11-19,sz001872,招商港口,21.2,-4.2457
2024-11-20,sz001872,招商港口,20.91,-1.3679
2024-11-21,sz001872,招商港口,20.76,-0.7174
2024-11-22,sz001872,招商港口,19.9,-4.1426
2024-11-25,sz001872,招商港口,19.64,-1.3065
2024-11-26,sz001872,招商港口,19.75,0.5601
2024-11-27,sz001872,招商港口,19.9,0.7595
2024-11-28,sz001872,招商港口,19.91,0.0503
2024-11-29,sz001872,招商港口,20.16,1.2557
2024-12-02,sz001872,招商港口,20.25,0.4464
2024-12-03,sz001872,招商港口,20.76,2.5185
2024-12-04,sz001872,招商港口,20.96,0.9634
2024-12-05,sz001872,招商港口,20.62,-1.6221
2024-12-06,sz001872,招商港口,20.81,0.9214
2024-12-09,sz001872,招商港口,20.67,-0.6728
2024-12-10,sz001872,招商港口,20.58,-0.4354
2024-12-11,sz001872,招商港口,20.45,-0.6317
2024-12-12,sz001872,招商港口,20.35,-0.489
2024-12-13,sz001872,招商港口,19.91,-2.1622
2024-12-16,sz001872,招商港口,20.22,1.557
2024-12-17,sz001872,招商港口,20.25,0.1484
2024-12-18,sz001872,招商港口,20.57,1.5802
2024-12-19,sz001872,招商港口,20.15,-2.0418
2024-12-20,sz001872,招商港口,20.22,0.3474
2024-12-23,sz001872,招商港口,20.42,0.9891
2024-12-24,sz001872,招商港口,20.81,1.9099
2024-12-25,sz001872,招商港口,20.79,-0.0961
2024-12-26,sz001872,招商港口,20.56,-1.1063
2024-12-27,sz001872,招商港口,20.59,0.1459
2024-12-30,sz001872,招商港口,20.54,-0.2428
2024-12-31,sz001872,招商港口,20.47,-0.3408
2025-01-02,sz001872,招商港口,19.91,-2.7357
2025-01-03,sz001872,招商港口,19.85,-0.3014
2025-01-06,sz001872,招商港口,19.74,-0.5542
2025-01-07,sz001872,招商港口,19.74,0.0
2025-01-08,sz001872,招商港口,19.91,0.8612
2025-01-09,sz001872,招商港口,19.71,-1.0045
2025-01-10,sz001872,招商港口,20.03,1.6235
2025-01-13,sz001872,招商港口,20.03,0.0
2025-01-14,sz001872,招商港口,20.21,0.8987
2025-01-15,sz001872,招商港口,20.17,-0.1979
2025-01-16,sz001872,招商港口,20.15,-0.0992
2025-01-17,sz001872,招商港口,20.14,-0.0496
2025-01-20,sz001872,招商港口,20.05,-0.4469
2025-01-21,sz001872,招商港口,20.08,0.1496
2025-01-22,sz001872,招商港口,19.95,-0.6474
2025-01-23,sz001872,招商港口,20.32,1.8546
2025-01-24,sz001872,招商港口,20.67,1.7224
2025-01-27,sz001872,招商港口,20.91,1.1611
2025-02-05,sz001872,招商港口,20.41,-2.3912
2025-02-06,sz001872,招商港口,20.3,-0.539
2025-02-07,sz001872,招商港口,20.35,0.2463
2025-02-10,sz001872,招商港口,20.2,-0.7371
2025-02-11,sz001872,招商港口,20.25,0.2475
2025-02-12,sz001872,招商港口,20.16,-0.4444
2025-02-13,sz001872,招商港口,19.95,-1.0417
2025-02-14,sz001872,招商港口,19.75,-1.0025
2025-02-17,sz001872,招商港口,19.7,-0.2532
2025-02-18,sz001872,招商港口,19.77,0.3553
2025-02-19,sz001872,招商港口,19.82,0.2529
2025-02-20,sz001872,招商港口,19.66,-0.8073
2025-02-21,sz001872,招商港口,19.4,-1.3225
2025-02-24,sz001872,招商港口,19.22,-0.9278
2025-02-25,sz001872,招商港口,18.89,-1.717
2025-02-26,sz001872,招商港口,19.03,0.7411
2025-02-27,sz001872,招商港口,19.03,0.0
2025-02-28,sz001872,招商港口,19.23,1.051
2025-03-03,sz001872,招商港口,19.08,-0.78
2025-03-04,sz001872,招商港口,19.01,-0.3669
2025-03-05,sz001872,招商港口,18.9,-0.5786
2025-03-06,sz001872,招商港口,18.63,-1.4286
2025-03-07,sz001872,招商港口,18.5,-0.6978
2025-03-10,sz001872,招商港口,18.64,0.7568
2025-03-11,sz001872,招商港口,18.7,0.3219
2025-03-12,sz001872,招商港口,18.63,-0.3743
2025-03-13,sz001872,招商港口,18.71,0.4294
2025-03-14,sz001872,招商港口,18.82,0.5879
2025-03-17,sz001872,招商港口,19.26,2.3379
2025-03-18,sz001872,招商港口,21.19,10.0208
2025-03-19,sz001872,招商港口,20.05,-5.3799
2025-03-20,sz001872,招商港口,20.39,1.6958
2025-03-21,sz001872,招商港口,21.42,5.0515
2025-03-24,sz001872,招商港口,20.89,-2.4743
2025-03-25,sz001872,招商港口,20.85,-0.1915
2025-03-26,sz001872,招商港口,21.03,0.8633
2025-03-27,sz001872,招商港口,21.06,0.1427
2025-03-28,sz001872,招商港口,21.03,-0.1425
2025-03-31,sz001872,招商港口,20.84,-0.9035
2025-04-01,sz001872,招商港口,20.78,-0.2879
2025-04-02,sz001872,招商港口,20.57,-1.0106
2025-04-03,sz001872,招商港口,19.92,-3.1599
2025-04-07,sz001872,招商港口,18.07,-9.2871
2025-04-08,sz001872,招商港口,18.92,4.7039
2025-04-09,sz001872,招商港口,19.65,3.8584
2025-04-10,sz001872,招商港口,19.23,-2.1374
2025-04-11,sz001872,招商港口,19.05,-0.936
2025-04-14,sz001872,招商港口,19.1,0.2625
2025-04-15,sz001872,招商港口,19.02,-0.4188
2025-04-16,sz001872,招商港口,19.2,0.9464
2025-04-17,sz001872,招商港口,19.05,-0.7812
2025-04-18,sz001872,招商港口,19.3,1.3123
2025-04-21,sz001872,招商港口,19.08,-1.1399
2025-04-22,sz001872,招商港口,19.09,0.0524
2025-04-23,sz001872,招商港口,19.09,0.0
2025-04-24,sz001872,招商港口,18.93,-0.8381
2025-04-25,sz001872,招商港口,18.89,-0.2113
2025-04-28,sz001872,招商港口,19.06,0.8999
2025-04-29,sz001872,招商港口,18.92,-0.7345
2025-04-30,sz001872,招商港口,19.04,0.6342
2025-05-06,sz001872,招商港口,19.17,0.6828
2025-05-07,sz001872,招商港口,19.3,0.6781
2025-05-08,sz001872,招商港口,19.27,-0.1554
2025-05-09,sz001872,招商港口,19.3,0.1557
2025-05-12,sz001872,招商港口,19.55,1.2953
2025-05-13,sz001872,招商港口,19.95,2.046
2025-05-14,sz001872,招商港口,20.15,1.0025
2025-05-15,sz001872,招商港口,19.98,-0.8437
2025-05-16,sz001872,招商港口,19.97,-0.0501
2025-05-19,sz001872,招商港口,20.5,2.654
2025-05-20,sz001872,招商港口,20.67,0.8293
2025-05-21,sz001872,招商港口,20.78,0.5322
2025-05-22,sz001872,招商港口,20.9,0.5775
2025-05-23,sz001872,招商港口,20.58,-1.5311
2025-05-26,sz001872,招商港口,20.48,-0.4859
2025-05-27,sz001872,招商港口,20.55,0.3418
2025-05-28,sz001872,招商港口,20.53,-0.0973
2025-05-29,sz001872,招商港口,20.52,-0.0487
2025-05-30,sz001872,招商港口,20.66,0.6823
2025-06-03,sz001872,招商港口,20.48,-0.8712
2025-06-04,sz001872,招商港口,20.6,0.5859
2025-06-05,sz001872,招商港口,20.51,-0.4369
2025-06-06,sz001872,招商港口,20.48,-0.1463
2025-06-09,sz001872,招商港口,20.61,0.6348
2025-06-10,sz001872,招商港口,20.83,1.0674
2025-06-11,sz001872,招商港口,20.81,-0.096
2025-06-12,sz001872,招商港口,20.55,-1.2494
2025-06-13,sz001872,招商港口,20.43,-0.5839
2025-06-16,sz001872,招商港口,20.43,0.0
2025-06-17,sz001872,招商港口,20.44,0.0489
2025-06-18,sz001872,招商港口,20.79,1.7123
2025-06-19,sz001872,招商港口,20.55,-1.1544
2025-06-20,sz001872,招商港口,20.6,0.2433
2025-06-23,sz001872,招商港口,20.76,0.7767
2025-06-24,sz001872,招商港口,20.9,0.6744
2025-06-25,sz001872,招商港口,19.96,-4.4976
2025-06-26,sz001872,招商港口,19.89,-0.3507
2025-06-27,sz001872,招商港口,19.86,-0.1508
2025-06-30,sz001872,招商港口,19.86,0.0
2025-07-01,sz001872,招商港口,19.85,-0.0504
2025-07-02,sz001872,招商港口,20.06,1.0579
2025-07-03,sz001872,招商港口,20.05,-0.0499
2025-07-04,sz001872,招商港口,20.16,0.5486
2025-07-07,sz001872,招商港口,20.2,0.1984
2025-07-08,sz001872,招商港口,20.25,0.2475
2025-07-09,sz001872,招商港口,20.43,0.8889
2025-07-10,sz001872,招商港口,20.44,0.0489
2025-07-11,sz001872,招商港口,20.4,-0.1957
2025-07-14,sz001872,招商港口,20.45,0.2451
2025-07-15,sz001872,招商港口,20.4,-0.2445
2025-07-16,sz001872,招商港口,20.36,-0.1961
2025-07-17,sz001872,招商港口,20.2,-0.7859
2025-07-18,sz001872,招商港口,20.28,0.396
2025-07-21,sz001872,招商港口,20.28,0.0
2025-07-22,sz001872,招商港口,20.45,0.8383
2025-07-23,sz001872,招商港口,20.43,-0.0978
2025-07-24,sz001872,招商港口,20.52,0.4405
2025-07-25,sz001872,招商港口,20.44,-0.3899
2025-07-28,sz001872,招商港口,20.5,0.2935
2025-07-29,sz001872,招商港口,20.47,-0.1463
2025-07-30,sz001872,招商港口,20.43,-0.1954
2025-07-31,sz001872,招商港口,20.12,-1.5174
2025-08-01,sz001872,招商港口,20.17,0.2485
2025-08-04,sz001872,招商港口,20.07,-0.4958
2025-08-05,sz001872,招商港口,20.3,1.146
2025-08-06,sz001872,招商港口,20.36,0.2956
2025-08-07,sz001872,招商港口,20.45,0.442
2025-08-08,sz001872,招商港口,20.47,0.0978
2025-08-11,sz001872,招商港口,20.48,0.0489
2025-08-12,sz001872,招商港口,20.49,0.0488
2025-08-13,sz001872,招商港口,20.51,0.0976
2025-08-14,sz001872,招商港口,20.33,-0.8776
2025-08-15,sz001872,招商港口,20.38,0.2459
2025-08-18,sz001872,招商港口,20.4,0.0981
2025-08-19,sz001872,招商港口,20.53,0.6373
2025-08-20,sz001872,招商港口,20.82,1.4126
2025-08-21,sz001872,招商港口,20.8,-0.0961
2025-08-22,sz001872,招商港口,20.76,-0.1923
2025-08-25,sz001872,招商港口,20.86,0.4817
2025-08-26,sz001872,招商港口,20.78,-0.3835
2025-08-27,sz001872,招商港口,20.48,-1.4437
2025-08-28,sz001872,招商港口,20.55,0.3418
2025-08-29,sz001872,招商港口,20.52,-0.146
2025-09-01,sz001872,招商港口,20.38,-0.6823
2025-09-02,sz001872,招商港口,20.6,1.0795
2025-09-03,sz001872,招商港口,20.42,-0.8738
2025-09-04,sz001872,招商港口,20.51,0.4407
2025-09-05,sz001872,招商港口,20.67,0.7801
2025-09-08,sz001872,招商港口,20.89,1.0643
2025-09-09,sz001872,招商港口,20.92,0.1436
2025-09-10,sz001872,招商港口,20.94,0.0956
2025-09-11,sz001872,招商港口,21.21,1.2894
2025-09-12,sz001872,招商港口,20.95,-1.2258
2025-09-15,sz001872,招商港口,20.78,-0.8115
2025-09-16,sz001872,招商港口,20.81,0.1444
2025-09-17,sz001872,招商港口,20.9,0.4325
2025-09-18,sz001872,招商港口,20.57,-1.5789
2025-09-19,sz001872,招商港口,20.8,1.1181
2025-09-22,sz001872,招商港口,20.29,-2.4519
2025-09-23,sz001872,招商港口,20.57,1.38
2025-09-24,sz001872,招商港口,20.42,-0.7292
2025-09-25,sz001872,招商港口,20.1,-1.5671
2025-09-26,sz001872,招商港口,20.29,0.9453
2025-09-29,sz001872,招商港口,20.22,-0.345
2025-09-30,sz001872,招商港口,20.02,-0.9891
2025-10-09,sz001872,招商港口,20.12,0.4995
2025-10-10,sz001872,招商港口,20.75,3.1312
2025-10-13,sz001872,招商港口,20.52,-1.1084
2025-10-14,sz001872,招商港口,20.84,1.5595
2025-10-15,sz001872,招商港口,20.52,-1.5355
2025-10-16,sz001872,招商港口,20.65,0.6335
2025-10-17,sz001872,招商港口,20.54,-0.5327
2025-10-20,sz001872,招商港口,20.42,-0.5842
2025-10-21,sz001872,招商港口,20.38,-0.1959
2025-10-22,sz001872,招商港口,20.42,0.1963
2025-10-23,sz001872,招商港口,20.69,1.3222
2025-10-24,sz001872,招商港口,20.46,-1.1116
2025-10-27,sz001872,招商港口,20.67,1.0264
2025-10-28,sz001872,招商港口,20.74,0.3387
2025-10-29,sz001872,招商港口,20.72,-0.0964
2025-10-30,sz001872,招商港口,20.81,0.4344
2025-10-31,sz001872,招商港口,20.53,-1.3455
2025-11-03,sz001872,招商港口,20.59,0.2923
2025-11-04,sz001872,招商港口,20.57,-0.0971
2025-11-05,sz001872,招商港口,20.52,-0.2431
2025-11-06,sz001872,招商港口,20.6,0.3899
2025-11-07,sz001872,招商港口,20.68,0.3883
2025-11-10,sz001872,招商港口,20.75,0.3385
2025-11-11,sz001872,招商港口,20.92,0.8193
2025-11-12,sz001872,招商港口,20.88,-0.1912
2025-11-13,sz001872,招商港口,20.72,-0.7663
2025-11-14,sz001872,招商港口,20.85,0.6274
2025-11-17,sz001872,招商港口,20.49,-1.7266
2025-11-18,sz001872,招商港口,20.31,-0.8785
2025-11-19,sz001872,招商港口,20.3,-0.0492
2025-11-20,sz001872,招商港口,20.29,-0.0493
2025-11-21,sz001872,招商港口,19.89,-1.9714
2025-11-24,sz001872,招商港口,19.6,-1.458
2025-11-25,sz001872,招商港口,19.58,-0.102
2025-11-26,sz001872,招商港口,19.73,0.7661
2025-11-27,sz001872,招商港口,19.79,0.3041
2025-11-28,sz001872,招商港口,19.63,-0.8085
2025-12-01,sz001872,招商港口,19.7,0.3566
2025-12-02,sz001872,招商港口,19.76,0.3046
2025-12-03,sz001872,招商港口,20.01,1.2652
2025-12-04,sz001872,招商港口,19.98,-0.1499
2025-12-05,sz001872,招商港口,19.82,-0.8008
2025-12-08,sz001872,招商港口,19.74,-0.4036
2025-12-09,sz001872,招商港口,19.68,-0.304
2025-12-10,sz001872,招商港口,20.07,1.9817
2025-12-11,sz001872,招商港口,20.06,-0.0498
2025-12-12,sz001872,招商港口,19.87,-0.9472
2025-12-15,sz001872,招商港口,20.11,1.2079
2025-12-16,sz001872,招商港口,19.93,-0.8951
2025-12-17,sz001872,招商港口,19.88,-0.2509
2025-12-18,sz001872,招商港口,19.99,0.5533
2025-12-19,sz001872,招商港口,19.95,-0.2001
2025-12-22,sz001872,招商港口,20.09,0.7018
2025-12-23,sz001872,招商港口,19.88,-1.0453
2025-12-24,sz001872,招商港口,19.93,0.2515
2025-12-25,sz001872,招商港口,19.94,0.0502
2025-12-26,sz001872,招商港口,19.84,-0.5015
2025-12-29,sz001872,招商港口,19.62,-1.1089
2025-12-30,sz001872,招商港口,19.4,-1.1213
2025-12-31,sz001872,招商港口,19.33,-0.3608
2026-01-05,sz001872,招商港口,19.3,-0.1552
2026-01-06,sz001872,招商港口,19.38,0.4145
2026-01-07,sz001872,招商港口,19.38,0.0
2026-01-08,sz001872,招商港口,19.28,-0.516
2026-01-09,sz001872,招商港口,19.31,0.1556
2026-01-12,sz001872,招商港口,19.37,0.3107
2026-01-13,sz001872,招商港口,19.43,0.3098
2026-01-14,sz001872,招商港口,19.4,-0.1544
2026-01-15,sz001872,招商港口,19.36,-0.2062
2026-01-16,sz001872,招商港口,19.34,-0.1033
2026-01-19,sz001872,招商港口,19.49,0.7756
2026-01-20,sz001872,招商港口,19.56,0.3592
2026-01-21,sz001872,招商港口,19.45,-0.5624
2026-01-22,sz001872,招商港口,19.52,0.3599
2026-01-23,sz001872,招商港口,19.38,-0.7172
2026-01-26,sz001872,招商港口,19.54,0.8256
2026-01-27,sz001872,招商港口,19.38,-0.8188
2026-01-28,sz001872,招商港口,19.63,1.29
2026-01-29,sz001872,招商港口,19.67,0.2038
2026-01-30,sz001872,招商港口,19.67,0.0
2026-02-02,sz001872,招商港口,19.49,-0.9151
2026-02-03,sz001872,招商港口,19.37,-0.6157
2026-02-04,sz001872,招商港口,19.72,1.8069
2026-02-05,sz001872,招商港口,19.82,0.5071
2026-02-06,sz001872,招商港口,19.69,-0.6559
2026-02-09,sz001872,招商港口,19.8,0.5587
2026-02-10,sz001872,招商港口,19.85,0.2525
2026-02-11,sz001872,招商港口,20.03,0.9068
2026-02-12,sz001872,招商港口,19.93,-0.4993
2026-02-13,sz001872,招商港口,19.64,-1.4551
2026-02-24,sz001872,招商港口,19.88,1.222
2026-02-25,sz001872,招商港口,20.09,1.0563
2026-02-26,sz001872,招商港口,20.16,0.3484
2026-02-27,sz001872,招商港口,20.5,1.6865
2026-03-02,sz001872,招商港口,20.7,0.9756
2026-03-03,sz001872,招商港口,22.63,9.3237
2026-03-04,sz001872,招商港口,21.35,-5.6562
2026-03-05,sz001872,招商港口,21.05,-1.4052
2026-03-06,sz001872,招商港口,21.08,0.1425
2026-03-09,sz001872,招商港口,21.09,0.0474
2026-03-10,sz001872,招商港口,21.03,-0.2845
2026-03-11,sz001872,招商港口,21.43,1.902
2026-03-12,sz001872,招商港口,22.18,3.4998
2026-03-13,sz001872,招商港口,22.24,0.2705
2026-03-16,sz001872,招商港口,22.81,2.5629
2026-03-17,sz001872,招商港口,22.66,-0.6576
2026-03-18,sz001872,招商港口,22.96,1.3239
2026-03-19,sz001872,招商港口,22.8,-0.6969
2026-03-20,sz001872,招商港口,23.17,1.6228
2026-03-23,sz001872,招商港口,22.29,-3.798
2026-03-24,sz001872,招商港口,22.5,0.9421
2026-03-25,sz001872,招商港口,22.58,0.3556
2026-03-26,sz001872,招商港口,22.67,0.3986
2026-03-27,sz001872,招商港口,22.39,-1.2351
2026-03-30,sz001872,招商港口,22.33,-0.268
2026-03-31,sz001872,招商港口,21.8,-2.3735
2026-04-01,sz001872,招商港口,22.05,1.1468
2026-04-02,sz001872,招商港口,22.02,-0.1361
2026-04-03,sz001872,招商港口,22.04,0.0908
2026-04-07,sz001872,招商港口,21.88,-0.726
2026-04-08,sz001872,招商港口,22.08,0.9141
2026-04-09,sz001872,招商港口,22.02,-0.2717
2026-04-10,sz001872,招商港口,21.63,-1.7711
2026-04-13,sz001872,招商港口,21.79,0.7397
2026-04-14,sz001872,招商港口,21.4,-1.7898
2026-04-15,sz001872,招商港口,21.64,1.1215
2026-04-16,sz001872,招商港口,21.59,-0.2311
2026-04-17,sz001872,招商港口,21.43,-0.7411
2026-04-20,sz001872,招商港口,21.49,0.28
2026-04-21,sz001872,招商港口,21.66,0.7911
2026-04-22,sz001872,招商港口,21.49,-0.7849
2026-04-23,sz001872,招商港口,22.1,2.8385
2026-04-24,sz001872,招商港口,21.78,-1.448
2026-04-27,sz001872,招商港口,21.67,-0.5051
2026-04-28,sz001872,招商港口,21.98,1.4305
2026-04-29,sz001872,招商港口,21.76,-1.0009
2026-04-30,sz001872,招商港口,22.15,1.7923
2026-05-06,sz001872,招商港口,22.55,1.8059
2026-05-07,sz001872,招商港口,22.37,-0.7982
2026-05-08,sz001872,招商港口,22.61,1.0729
2026-05-11,sz001872,招商港口,22.39,-0.973
2026-05-12,sz001872,招商港口,22.6,0.9379
2026-05-13,sz001872,招商港口,23.09,2.1681
2026-05-14,sz001872,招商港口,23.55,1.9922
2026-05-15,sz001872,招商港口,22.83,-3.0573
2026-05-18,sz001872,招商港口,22.25,-2.5405
2026-05-19,sz001872,招商港口,22.49,1.0787
2026-05-20,sz001872,招商港口,22.51,0.0889
2026-05-21,sz001872,招商港口,22.68,0.7552
2026-05-22,sz001872,招商港口,22.63,-0.2205
2026-05-25,sz001872,招商港口,22.98,1.5466
2026-05-26,sz001872,招商港口,22.42,-2.4369
2026-05-27,sz001872,招商港口,22.04,-1.6949
2026-05-28,sz001872,招商港口,21.88,-0.726
2026-05-29,sz001872,招商港口,22.3,1.9196
2026-06-01,sz001872,招商港口,22.22,-0.3587
2026-06-02,sz001872,招商港口,22.29,0.315
2026-06-03,sz001872,招商港口,22.18,-0.4935
2026-06-04,sz001872,招商港口,21.68,-2.2543
2026-06-05,sz001872,招商港口,21.84,0.738
2026-06-08,sz001872,招商港口,21.18,-3.022
2026-06-09,sz001872,招商港口,21.14,-0.1889
2026-06-10,sz001872,招商港口,20.74,-1.8921
2026-06-11,sz001872,招商港口,20.05,-3.3269
2026-06-12,sz001872,招商港口,20.41,1.7955
2026-06-15,sz001872,招商港口,20.69,1.3719
2026-06-16,sz001872,招商港口,19.85,-4.0599
2026-06-17,sz001872,招商港口,19.96,0.5542
2026-06-18,sz001872,招商港口,19.43,-2.6553
2026-06-22,sz001872,招商港口,19.72,1.4925
2026-06-23,sz001872,招商港口,20.2,2.4341
2026-06-24,sz001872,招商港口,20.15,-0.2475
2026-06-25,sz001872,招商港口,20.36,1.0422
2026-06-26,sz001872,招商港口,20.08,-1.3752
2026-06-29,sz001872,招商港口,20.03,-0.249
2026-06-30,sz001872,招商港口,19.43,-2.9955
2026-07-01,sz001872,招商港口,19.64,1.0808
2026-07-02,sz001872,招商港口,19.8,0.8147
2026-07-03,sz001872,招商港口,20.85,5.303
2026-07-06,sz001872,招商港口,21.29,2.1103
2026-07-07,sz001872,招商港口,20.88,-1.9258
2026-07-08,sz001872,招商港口,21.15,1.2931
2026-07-09,sz001872,招商港口,20.84,-1.4657
2026-07-10,sz001872,招商港口,20.55,-1.3916
2026-07-13,sz001872,招商港口,21.29,3.601
2026-07-14,sz001872,招商港口,21.7,1.9258
2026-07-15,sz001872,招商港口,21.04,-3.0415
2026-07-16,sz001872,招商港口,20.94,-0.4753
2026-07-17,sz001872,招商港口,22.0,5.0621
2026-07-20,sz001872,招商港口,22.7,3.1818
2026-07-21,sz001872,招商港口,21.77,-4.0969
2026-07-22,sz001872,招商港口,22.93,5.3284
2026-07-23,sz001872,招商港口,21.42,-6.5853
2026-07-24,sz001872,招商港口,20.99,-2.0075
2026-07-27,sz001872,招商港口,21.1,0.5241
2026-07-28,sz001872,招商港口,21.32,1.0427
2026-07-29,sz001872,招商港口,21.65,1.5478
2026-07-30,sz001872,招商港口,22.2,2.5404
2026-07-31,sz001872,招商港口,22.14,-0.2703
2026-08-03,sz001872,招商港口,22.1,-0.1807
2026-08-04,sz001872,招商港口,22.21,0.4977
2026-08-05,sz001872,招商港口,21.95,-1.1706
2026-08-06,sz001872,招商港口,22.05,0.4556
2026-08-07,sz001872,招商港口,21.66,-1.7687
2026-08-10,sz001872,招商港口,22.17,2.3546
2026-08-11,sz001872,招商港口,21.82,-1.5787
2026-08-12,sz001872,招商港口,21.65,-0.7791
2026-08-13,sz001872,招商港口,21.54,-0.5081
2026-08-14,sz001872,招商港口,21.36,-0.8357
2026-08-17,sz001872,招商港口,21.79,2.0131
2026-08-18,sz001872,招商港口,22.47,3.1207
2026-08-19,sz001872,招商港口,22.51,0.178

