日期,股票收盘价,股票涨跌幅,大盘涨跌幅,行业涨跌幅,相对大盘强弱,相对行业强弱,5日波动率,20日波动率
2016-01-04,20.26,,,,,,,
2016-01-05,19.4,-4.2448,-0.2594,,-3.9854,,,
2016-01-06,19.7,1.5464,2.2548,,-0.7083999999999999,,,
2016-01-07,17.73,-10.0,-7.045,,-2.955,,,
2016-01-08,18.5,4.3429,1.9651,,2.3778,,,
2016-01-11,16.76,-9.4054,-5.3261,,-4.0793,,6.4156,
2016-01-12,16.39,-2.2076,0.2042,,-2.4118,,6.4253,
2016-01-13,15.82,-3.4777,-2.4235,,-1.0541999999999998,,5.8778,
2016-01-14,16.3,3.0341,1.9681,,1.066,,5.5135,
2016-01-15,15.98,-1.9632,-3.547,,1.5838,,4.4491,
2016-01-18,16.45,2.9412,0.4436,,2.4976,,3.087,
2016-01-19,16.96,3.1003,3.2226,,-0.12230000000000008,,3.1928,
2016-01-20,16.62,-2.0047,-1.0323,,-0.9724000000000002,,2.7442,
2016-01-21,16.35,-1.6245,-3.2321,,1.6076,,2.6802,
2016-01-22,16.37,0.1223,1.2526,,-1.1302999999999999,,2.4316,
2016-01-25,16.63,1.5883,0.7526,,0.8357,,2.1522,
2016-01-26,15.5,-6.7949,-6.4223,,-0.37260000000000026,,3.1694,
2016-01-27,15.45,-0.3226,-0.5175,,0.19489999999999996,,3.2235,
2016-01-28,15.55,0.6472,-2.9208,,3.5679999999999996,,3.3429,
2016-01-29,15.82,1.7363,3.0855,,-1.3492000000000002,,3.5444,
2016-02-01,15.59,-1.4539,-1.7808,,0.32689999999999997,,3.3228,4.0208
2016-02-02,16.1,3.2713,2.2582,,1.0131000000000001,,1.8265,4.0743
2016-02-03,16.03,-0.4348,-0.3753,,-0.0595,,1.844,4.037
2016-02-04,17.5,9.1703,1.5249,,7.6453999999999995,,4.1806,4.0498
2016-02-05,17.02,-2.7429,-0.6303,,-2.1126,,4.8068,3.96
2016-02-15,17.02,0.0,-0.6257,,0.6257,,4.6191,3.3363
2016-02-16,17.43,2.4089,3.2907,,-0.8818000000000001,,4.5687,3.3258
2016-02-17,17.29,-0.8032,1.0848,,-1.888,,4.6141,3.2153
2016-02-18,17.18,-0.6362,-0.1552,,-0.481,,1.8539,3.167
2016-02-19,17.28,0.5821,-0.1002,,0.6822999999999999,,1.2952,3.1217
2016-02-22,17.74,2.662,2.3482,,0.3138000000000001,,1.6376,3.1105
2016-02-23,18.11,2.0857,-0.8148,,2.9005,,1.5651,3.0726
2016-02-24,18.05,-0.3313,0.8807,,-1.212,,1.4563,3.0269
2016-02-25,16.25,-9.9723,-6.4068,,-3.565500000000001,,5.1571,3.8046
2016-02-26,16.38,0.8,0.947,,-0.1469999999999999,,5.1747,3.8084
2016-09-08,17.95,9.5849,0.13,,9.454899999999999,,6.9907,4.3562
2016-09-09,19.75,10.0279,-0.5523,,10.580200000000001,,8.249,4.5008
2016-09-12,21.0,6.3291,-1.8471,,8.1762,,8.3116,4.6177
2016-09-13,22.34,6.381,0.0506,,6.3304,,3.6884,4.7291
2016-09-14,20.75,-7.1173,-0.6833,,-6.434,,7.0142,5.1446
2016-09-19,20.5,-1.2048,0.7726,,-1.9774,,6.926,5.1374
2016-09-20,20.5,0.0,-0.1008,,0.1008,,5.6796,5.1302
2016-09-21,19.66,-4.0976,0.0949,,-4.1925,,5.0577,5.2606
2016-09-22,19.93,1.3733,0.5433,,0.83,,3.4051,4.9129
2016-09-23,19.9,-0.1505,-0.2764,,0.12589999999999998,,2.0507,4.8492
2016-09-26,19.17,-3.6683,-1.7624,,-1.9059,,2.4286,4.9531
2016-09-27,18.6,-2.9734,0.5952,,-3.5686,,2.3918,5.0021
2016-09-28,18.23,-1.9892,-0.3439,,-1.6453000000000002,,2.0729,5.0246
2016-09-29,18.15,-0.4388,0.3554,,-0.7942,,1.5384,5.0227
2016-09-30,18.02,-0.7163,0.2074,,-0.9237000000000001,,1.397,5.0285
2016-10-10,18.58,3.1077,1.4457,,1.662,,2.3103,5.0404
2016-10-11,18.91,1.7761,0.5613,,1.2147999999999999,,2.0536,5.0352
2016-10-12,18.69,-1.1634,-0.2202,,-0.9432,,1.8409,5.0445
2016-10-13,18.8,0.5886,0.0932,,0.4954,,1.7638,4.4283
2016-10-14,18.11,-3.6702,0.0804,,-3.7506,,2.6411,4.5409
2016-10-17,17.38,-4.0309,-0.7389,,-3.292,,2.5556,4.1244
2016-10-18,17.66,1.611,1.4044,,0.2065999999999999,,2.5065,3.4052
2016-10-19,17.68,0.1133,0.0272,,0.0861,,2.5916,3.0095
2016-10-20,18.0,1.81,-0.0084,,1.8184,,2.8342,2.5769
2016-10-21,17.77,-1.2778,0.2101,,-1.4879,,2.405,2.1473
2016-10-24,17.91,0.7878,1.2071,,-0.4193000000000001,,1.2534,2.1712
2016-10-25,17.82,-0.5025,0.118,,-0.6204999999999999,,1.1855,2.1662
2016-10-26,17.75,-0.3928,-0.4991,,0.1063,,1.2145,2.011
2016-10-27,17.8,0.2817,-0.1271,,0.4088,,0.7899,1.9722
2016-10-28,17.23,-3.2022,-0.2596,,-2.9426,,1.5433,2.0563
2016-10-31,17.16,-0.4063,-0.1218,,-0.2845,,1.3546,1.934
2016-11-01,17.26,0.5828,0.708,,-0.12519999999999998,,1.502,1.86
2016-11-02,16.85,-2.3754,-0.6312,,-1.7442,,1.6762,1.8798
2016-11-03,17.06,1.2463,0.8447,,0.40159999999999996,,1.9041,1.9142
2016-11-04,16.68,-2.2274,-0.1157,,-2.1117,,1.6309,1.9611
2016-11-07,16.79,0.6595,0.2563,,0.4032,,1.7348,1.8028
2016-11-08,16.73,-0.3574,0.4647,,-0.8221,,1.6473,1.7231
2016-11-09,16.67,-0.3586,-0.6201,,0.2615,,1.322,1.7185
2016-11-10,18.34,10.018,1.3716,,8.6464,,4.849,2.9215
2016-11-11,19.12,4.253,0.7808,,3.4722,,4.4365,2.9468
2016-11-14,19.65,2.772,0.4484,,2.3236,,4.2742,2.8085
2016-11-15,19.2,-2.2901,-0.1053,,-2.1847999999999996,,4.7452,2.8731
2016-11-16,18.91,-1.5104,-0.0602,,-1.4502,,4.9645,2.9061
2016-11-17,18.62,-1.5336,0.1058,,-1.6394000000000002,,2.9613,2.9154
2016-11-18,18.17,-2.4168,-0.4859,,-1.9308999999999998,,2.1474,2.9568
2016-11-21,18.17,0.0,0.7921,,-0.7921,,0.9622,2.9531
2016-11-22,18.28,0.6054,0.9384,,-0.33299999999999996,,1.2375,2.9513
2016-11-23,17.86,-2.2976,-0.222,,-2.0756,,1.3666,3.0007
2016-11-24,17.5,-2.0157,0.0185,,-2.0342,,1.4184,3.036
2016-11-25,17.62,0.6857,0.6231,,0.06259999999999999,,1.445,2.9462
2016-11-28,18.65,5.8456,0.4617,,5.383900000000001,,3.2694,3.2043
2016-11-29,18.01,-3.4316,0.1807,,-3.6123,,3.7237,3.3201
2016-11-30,17.38,-3.4981,-1.0019,,-2.4962,,3.9227,3.3761
2016-12-01,17.44,0.3452,0.7163,,-0.37110000000000004,,3.8332,3.3675
2016-12-02,16.93,-2.9243,-0.9003,,-2.024,,4.0053,3.397
2016-12-05,16.69,-1.4176,-1.2063,,-0.21130000000000004,,1.6444,3.4116
2016-12-06,16.95,1.5578,-0.1579,,1.7157,,2.1386,3.4272
2016-12-07,16.95,0.0,0.706,,-0.706,,1.7261,3.4255
2016-12-08,16.81,-0.826,-0.2132,,-0.6128,,1.6631,2.5169
2016-12-09,17.06,1.4872,0.5446,,0.9426000000000001,,1.3418,2.3155
2016-12-12,16.0,-6.2134,-2.4718,,-3.7416,,3.1912,2.5025
2016-12-13,16.13,0.8125,0.0657,,0.7468,,3.0687,2.514
2016-12-14,15.74,-2.4179,-0.4599,,-1.958,,3.0725,2.5349
2016-12-15,15.96,1.3977,-0.7276,,2.1253,,3.332,2.5796
2016-12-16,16.41,2.8195,0.17,,2.6495,,3.6201,2.6644
2016-12-19,16.12,-1.7672,-0.1569,,-1.6103,,2.2017,2.6771
2016-12-20,16.8,4.2184,-0.4875,,4.7059,,2.8746,2.8747
2016-12-21,16.85,0.2976,1.1135,,-0.8159,,2.3024,2.8421
2016-12-22,16.7,-0.8902,0.0679,,-0.9581,,2.5185,2.8163
2016-12-23,16.25,-2.6946,-0.9368,,-1.7578,,2.6889,2.8617
2016-12-26,16.08,-1.0462,0.3993,,-1.4455,,2.5995,2.4614
2016-12-27,16.06,-0.1244,-0.2533,,0.12890000000000001,,1.1486,2.3786
2016-12-28,16.03,-0.1868,-0.3988,,0.212,,1.0384,2.2752
2016-12-29,15.97,-0.3743,-0.1979,,-0.17640000000000003,,1.0756,2.2688
2016-12-30,15.9,-0.4383,0.2435,,-0.6818,,0.3658,2.1909
2017-01-03,16.12,1.3836,1.0401,,0.3434999999999999,,0.7556,2.2045
2017-01-04,16.35,1.4268,0.7293,,0.6975000000000001,,0.9567,2.1993
2017-01-05,16.26,-0.5505,0.2096,,-0.7601,,1.0206,2.2007
2017-01-06,16.5,1.476,-0.3503,,1.8263,,1.0546,2.2255
2017-01-09,16.54,0.2424,0.5364,,-0.294,,0.9117,2.1969
2017-01-10,16.55,0.0605,-0.3018,,0.3623,,0.8902,1.6666
2017-01-11,16.4,-0.9063,-0.7882,,-0.11809999999999998,,0.9144,1.6767
2017-01-12,16.08,-1.9512,-0.5566,,-1.3946,,1.2881,1.6428
2017-01-13,15.75,-2.0522,-0.2093,,-1.8429,,1.0791,1.6822
2017-01-16,14.81,-5.9683,-0.2997,,-5.6686000000000005,,2.2946,2.0085
2017-01-17,14.95,0.9453,0.1721,,0.7732,,2.5309,2.0094
2017-01-18,14.98,0.2007,0.1364,,0.0643,,2.6923,1.7059
2017-01-19,14.91,-0.4673,-0.3762,,-0.09110000000000001,,2.7479,1.6942
2017-01-20,15.1,1.2743,0.7042,,0.5700999999999999,,2.9653,1.7429
2017-01-23,15.18,0.5298,0.4364,,0.09340000000000004,,0.6753,1.6758
2017-01-24,15.25,0.4611,0.1843,,0.27680000000000005,,0.6279,1.6756
2017-01-25,15.18,-0.459,0.2227,,-0.6817,,0.7395,1.676
2017-01-26,15.2,0.1318,0.3054,,-0.1736,,0.6313,1.6783
2017-02-03,15.3,0.6579,-0.6014,,1.2593,,0.4486,1.6902
2017-02-06,15.35,0.3268,0.5353,,-0.20850000000000002,,0.4272,1.6931
2017-02-07,15.39,0.2606,-0.1232,,0.38380000000000003,,0.4084,1.6574
2017-02-08,16.93,10.0065,0.4405,,9.566,,4.3254,2.813
2017-02-09,17.06,0.7679,0.5115,,0.2564000000000001,,4.2554,2.8097
2017-02-10,17.08,0.1172,0.4247,,-0.3075,,4.3173,2.7956
2017-02-13,17.12,0.2342,0.63,,-0.39580000000000004,,4.328,2.7956
2017-02-14,16.83,-1.6939,0.0339,,-1.7278,,4.6332,2.8278
2017-02-15,16.56,-1.6043,-0.1535,,-1.4508,,1.1349,2.8454
2017-02-16,16.78,1.3285,0.5176,,0.8109000000000001,,1.2993,2.8162
2017-02-17,17.26,2.8605,-0.8527,,3.7132,,1.9489,2.819
2017-02-20,17.3,0.2317,1.183,,-0.9513,,1.9489,2.3771
2017-02-21,17.29,-0.0578,0.4127,,-0.47050000000000003,,1.6625,2.3846
2017-02-22,17.13,-0.9254,0.2425,,-1.1679,,1.4575,2.4115
2017-02-23,16.84,-1.6929,-0.3017,,-1.3912,,1.7268,2.4578
2017-02-24,16.85,0.0594,0.0631,,-0.003700000000000002,,0.8132,2.4563
2017-02-27,16.74,-0.6528,-0.7614,,0.10859999999999992,,0.7102,2.4716
2017-02-28,16.85,0.6571,0.4048,,0.2523,,0.9053,2.4718
2017-03-01,16.79,-0.3561,0.1604,,-0.5165,,0.8755,2.4697
2017-03-02,16.4,-2.3228,-0.5205,,-1.8023,,1.1198,2.5504
2017-03-03,16.23,-1.0366,-0.3628,,-0.6738,,1.084,2.5698
2017-03-06,16.39,0.9858,0.4835,,0.5023,,1.3362,2.574
2017-03-07,16.78,2.3795,0.2641,,2.1154,,1.817,2.6131
2017-03-08,16.54,-1.4303,-0.054,,-1.3762999999999999,,1.9199,1.3714
2017-03-09,16.27,-1.6324,-0.7378,,-0.8946000000000001,,1.7544,1.3956
2017-03-10,16.26,-0.0615,-0.124,,0.0625,,1.6835,1.3938
2017-03-13,16.4,0.861,0.7551,,0.1059,,1.667,1.4119
2017-03-14,16.16,-1.4634,0.0714,,-1.5348,,1.0977,1.4
2017-03-15,15.98,-1.1139,0.075,,-1.1888999999999998,,1.0567,1.3781
2017-03-16,16.33,2.1902,0.8384,,1.3518,,1.4908,1.4395
2017-03-17,16.17,-0.9798,-0.9633,,-0.01649999999999996,,1.5676,1.2658
2017-03-20,17.2,6.3698,0.4127,,5.9571,,3.3432,1.9599
2017-03-21,17.09,-0.6395,0.3322,,-0.9717,,3.209,1.965
2017-03-22,17.27,1.0532,-0.5025,,1.5556999999999999,,2.961,1.9679
2017-03-23,17.57,1.7371,0.1026,,1.6345,,2.9452,1.9566
2017-03-24,18.48,5.1793,0.6434,,4.5359,,2.9325,2.2465
2017-03-27,18.41,-0.3788,-0.0762,,-0.30260000000000004,,2.3367,2.24
2017-03-28,18.15,-1.4123,-0.4288,,-0.9835,,2.5227,2.2798
2017-03-29,19.0,4.6832,-0.3578,,5.041,,2.9441,2.4634
2017-03-30,18.59,-2.1579,-0.9586,,-1.1993,,3.4842,2.4532
2017-03-31,17.17,-7.6385,0.3822,,-8.0207,,4.4028,3.0617
2017-04-05,17.5,1.922,1.4833,,0.43869999999999987,,4.6472,3.0794
2017-04-06,18.58,6.1714,0.3269,,5.8445,,5.5888,3.317
2017-04-07,18.26,-1.7223,0.1713,,-1.8936,,5.1333,3.3269
2017-04-10,18.73,2.5739,-0.5242,,3.0981,,5.2292,3.3147
2017-04-11,19.6,4.645,0.5989,,4.046099999999999,,3.0004,3.4188
2017-04-12,19.3,-1.5306,-0.4603,,-1.0703,,3.5722,3.4652
2017-04-13,20.31,5.2332,0.0651,,5.1681,,3.3155,3.5499
2017-04-14,20.1,-1.034,-0.9124,,-0.12160000000000004,,3.1403,3.5472
2017-04-17,20.39,1.4428,-0.7363,,2.1791,,3.1273,3.5403
2017-04-18,21.5,5.4438,-0.7902,,6.234,,3.3262,3.6248
2017-04-19,21.33,-0.7907,-0.814,,0.023299999999999987,,3.1464,3.4685
2017-04-20,20.37,-4.5007,0.0445,,-4.5452,,3.6607,3.674
2017-04-21,18.33,-10.0147,0.0331,,-10.047799999999999,,5.8889,4.4157
2017-04-24,18.46,0.7092,-1.3747,,2.0839,,5.8,4.4052
2017-04-25,18.84,2.0585,0.161,,1.8975,,4.8599,4.2783
2017-04-26,18.58,-1.38,0.2003,,-1.5802999999999998,,4.8148,4.291
2017-04-27,19.7,6.028,0.361,,5.667,,5.9566,4.4687
2017-04-28,19.95,1.269,0.0784,,1.1905999999999999,,2.716,4.3648
2017-05-02,20.57,3.1078,-0.3471,,3.4549000000000003,,2.7009,4.3652
2017-05-03,20.69,0.5834,-0.2659,,0.8493,,2.8012,3.9122
2017-05-11,18.62,-10.0048,0.2856,,-10.2904,,6.0796,4.6123
2017-05-12,18.9,1.5038,0.7189,,0.7849,,5.2787,4.4198
2017-05-15,17.91,-5.2381,0.2179,,-5.456,,5.4681,4.5669
2017-05-16,17.7,-1.1725,0.7355,,-1.9080000000000001,,4.7553,4.5327
2017-05-17,18.82,6.3277,-0.2737,,6.6014,,6.2545,4.6413
2017-05-18,18.38,-2.3379,-0.4606,,-1.8773,,4.3707,4.6579
2017-05-19,17.84,-2.938,0.0159,,-2.9539,,4.3934,4.5183
2017-05-22,12.51,-29.8767,-0.4837,,-29.393,,13.8579,7.968
2017-05-23,11.61,-7.1942,-0.4464,,-6.747800000000001,,13.5926,8.0062
2017-05-24,12.09,4.1344,0.0696,,4.0648,,13.0722,7.9436
2017-05-25,11.89,-1.6543,1.4278,,-3.0821,,13.1449,7.9362
2017-05-26,11.48,-3.4483,0.0718,,-3.5201000000000002,,13.1025,7.9259
2017-05-31,11.65,1.4808,0.2289,,1.2519,,4.3801,7.7657
2017-06-01,11.0,-5.5794,-0.4671,,-5.112299999999999,,3.87,7.7817
2017-06-02,10.76,-2.1818,0.0941,,-2.2759,,2.5882,7.7166
2017-06-05,10.92,1.487,-0.4469,,1.9339000000000002,,3.1064,7.7636
2017-06-06,11.1,1.6484,0.3387,,1.3097,,3.2028,7.5763
2017-06-07,11.54,3.964,1.2314,,2.7325999999999997,,3.7565,7.6703
2017-06-08,11.61,0.6066,0.3184,,0.2882,,2.2173,7.5963
2017-06-09,11.44,-1.4643,0.2562,,-1.7205,,1.9597,7.5664
2017-06-12,11.48,0.3497,-0.5864,,0.9361,,1.9909,7.3849
2017-06-13,11.79,2.7003,0.4414,,2.2588999999999997,,2.1248,7.4202
2017-06-14,12.26,3.9864,-0.7315,,4.7179,,2.132,7.4959
2017-06-15,12.12,-1.1419,0.0581,,-1.2,,2.3889,7.496
2017-06-16,12.05,-0.5776,-0.2975,,-0.2801,,2.196,7.2694
2017-06-19,12.14,0.7469,0.6788,,0.06810000000000005,,2.1707,7.2923
2017-06-20,12.1,-0.3295,-0.1387,,-0.19080000000000003,,2.0466,7.2932
2017-06-21,11.8,-2.4793,0.5159,,-2.9951999999999996,,1.1823,3.037
2017-06-22,11.36,-3.7288,-0.2775,,-3.4513000000000003,,1.7986,2.7
2017-06-23,11.28,-0.7042,0.3311,,-1.0353,,1.7872,2.5134
2017-06-26,11.4,1.0638,0.8731,,0.1907000000000001,,1.8811,2.5107
2017-06-27,11.64,2.1053,0.1808,,1.9245,,2.4139,2.4362
2017-06-28,11.42,-1.89,-0.5641,,-1.3258999999999999,,2.3209,2.452
2017-06-29,11.5,0.7005,0.4683,,0.23220000000000002,,1.565,2.084
2017-06-30,11.35,-1.3043,0.1371,,-1.4414,,1.6761,2.039
2017-07-03,11.5,1.3216,0.109,,1.2126000000000001,,1.7153,2.0342
2017-07-04,11.33,-1.4783,-0.4102,,-1.0680999999999998,,1.4397,2.0435
2017-07-05,11.3,-0.2648,0.7644,,-1.0292,,1.2231,1.833
2017-07-06,11.52,1.9469,0.1656,,1.7813,,1.5398,1.8836
2017-07-07,11.39,-1.1285,0.1718,,-1.3003,,1.5029,1.8715
2017-07-10,11.22,-1.4925,-0.1656,,-1.3269,,1.4473,1.8983
2017-07-11,11.87,5.7932,-0.2985,,6.0916999999999994,,3.0087,2.2344
2017-07-12,12.2,2.7801,-0.1717,,2.9518,,3.0043,2.1369
2017-07-13,12.38,1.4754,0.6449,,0.8305,,2.9972,2.1436
2017-07-14,12.26,-0.9693,0.1324,,-1.1017000000000001,,2.9632,2.1522
2017-07-17,11.54,-5.8728,-1.4263,,-4.4465,,4.3829,2.5255
2017-07-18,11.78,2.0797,0.3498,,1.7298999999999998,,3.5217,2.577
2017-07-19,11.9,1.0187,1.3619,,-0.34320000000000017,,3.2381,2.5254
2017-07-20,12.32,3.5294,0.4296,,3.0998,,3.6483,2.4713
2017-07-21,12.08,-1.9481,-0.212,,-1.7361,,3.7356,2.5167
2017-07-24,12.32,1.9868,0.3897,,1.5971,,2.0417,2.5384
2017-07-25,12.18,-1.1364,-0.2126,,-0.9238000000000001,,2.2443,2.5286
2017-07-26,11.94,-1.9704,0.1227,,-2.0930999999999997,,2.5165,2.5323
2017-07-27,11.97,0.2513,0.065,,0.18630000000000002,,1.6876,2.5301
2017-07-28,11.92,-0.4177,0.1065,,-0.5242,,1.5023,2.5094
2017-07-31,11.68,-2.0134,0.6083,,-2.6216999999999997,,0.9843,2.5468
2017-08-01,11.71,0.2568,0.5991,,-0.3423,,1.1411,2.5193
2017-08-02,11.6,-0.9394,-0.2302,,-0.7092,,0.9488,2.5303
2017-08-03,11.8,1.7241,-0.3692,,2.0933,,1.3931,2.5225
2017-08-04,11.6,-1.6949,-0.3315,,-1.3634,,1.535,2.5407
2017-08-07,11.67,0.6034,0.5328,,0.0706,,1.3376,2.5137
2017-08-08,11.7,0.2571,0.0735,,0.18359999999999999,,1.3377,2.1464
2017-08-09,11.61,-0.7692,-0.192,,-0.5771999999999999,,1.31,2.0444
2017-08-10,11.43,-1.5504,-0.4219,,-1.1285,,1.0379,2.0236
2017-08-11,11.12,-2.7122,-1.6313,,-1.0809000000000002,,1.3511,2.0869
2017-08-14,11.27,1.3489,0.8982,,0.4507,,1.5724,1.689
2017-08-15,11.31,0.3549,0.4294,,-0.07450000000000001,,1.5876,1.614
2017-08-16,11.39,0.7073,-0.1479,,0.8552000000000001,,1.6971,1.6032
2017-08-17,11.47,0.7024,0.677,,0.025399999999999978,,1.6018,1.3631
2017-08-18,11.6,1.1334,0.0089,,1.1245,,0.3926,1.3467
2017-08-21,11.67,0.6034,0.5565,,0.04690000000000005,,0.2812,1.2617
2017-08-22,11.48,-1.6281,0.101,,-1.7291,,1.0991,1.2842
2017-08-23,11.94,4.007,-0.0769,,4.0839,,2.0128,1.5417
2017-08-24,11.68,-2.1776,-0.4924,,-1.6852,,2.4671,1.6157
2017-08-25,11.81,1.113,1.8343,,-0.7213,,2.4656,1.6365
2017-08-28,11.89,0.6774,0.9344,,-0.257,,2.4674,1.5746
2017-08-29,11.97,0.6728,0.0767,,0.5961,,2.1945,1.5795
2017-08-30,12.17,1.6708,-0.0475,,1.7183000000000002,,1.4932,1.5949
2017-08-31,12.13,-0.3287,-0.0838,,-0.2449,,0.7338,1.5609
2017-09-01,12.17,0.3298,0.1878,,0.142,,0.7234,1.4995
2017-09-04,12.21,0.3287,0.37,,-0.0413,,0.7314,1.4973
2017-09-05,12.02,-1.5561,0.1403,,-1.6964000000000001,,1.1724,1.55
2017-09-06,12.04,0.1664,0.0316,,0.13479999999999998,,0.7983,1.535
2017-09-07,11.84,-1.6611,-0.5875,,-1.0735999999999999,,1.0345,1.5418
2017-09-08,11.99,1.2669,-0.0077,,1.2746,,1.2746,1.3979
2017-09-11,12.12,1.0842,0.3322,,0.752,,1.4045,1.3895
2017-09-12,11.97,-1.2376,0.0909,,-1.3285,,1.3295,1.4355
2017-09-13,12.2,1.9215,0.1379,,1.7836,,1.6114,1.4789
2017-09-14,12.54,2.7869,-0.3759,,3.1628000000000003,,1.4994,1.5751
2017-09-15,12.32,-1.7544,-0.5283,,-1.2261,,1.9796,1.641
2017-09-18,12.25,-0.5682,0.2755,,-0.8437000000000001,,2.008,1.651
2017-09-19,12.27,0.1633,-0.179,,0.3423,,1.843,1.5909
2017-09-20,12.25,-0.163,0.2729,,-0.43589999999999995,,1.6716,1.3391
2017-09-21,11.97,-2.2857,-0.2433,,-2.0423999999999998,,1.0526,1.3491
2017-09-22,12.02,0.4177,-0.1572,,0.5749,,1.071,1.3313
2017-09-25,11.84,-1.4975,-0.3275,,-1.17,,1.1651,1.3696
2017-09-26,11.79,-0.4223,0.0608,,-0.48310000000000003,,1.0868,1.3627
2017-09-27,11.81,0.1696,0.0505,,0.1191,,1.1435,1.3019
2017-09-28,11.7,-0.9314,-0.1683,,-0.7631,,0.7853,1.3134
2017-09-29,11.76,0.5128,0.2785,,0.2343,,0.8123,1.3177
2017-10-09,11.86,0.8503,0.7596,,0.09069999999999989,,0.7166,1.333
2017-10-10,11.92,0.5059,0.2552,,0.25070000000000003,,0.6879,1.2967
2017-10-11,12.06,1.1745,0.1564,,1.0181,,0.8057,1.3242
2017-10-12,12.08,0.1658,-0.0643,,0.2301,,0.3837,1.264
2017-10-13,12.11,0.2483,0.1305,,0.11779999999999999,,0.4222,1.235
2017-10-16,11.89,-1.8167,-0.3554,,-1.4613,,1.1191,1.2777
2017-10-17,12.06,1.4298,-0.1903,,1.6200999999999999,,1.2772,1.2905
2017-10-18,12.0,-0.4975,0.2891,,-0.7866,,1.1871,1.2167
2017-10-19,11.61,-3.25,-0.3436,,-2.9064,,1.8163,1.218
2017-10-20,12.19,4.9957,0.2516,,4.7441,,3.2001,1.6683
2017-10-23,12.26,0.5742,0.0607,,0.5135000000000001,,3.0011,1.6688
2017-10-24,13.49,10.0326,0.2233,,9.8093,,5.2116,2.7941
2017-10-25,13.22,-2.0015,0.2553,,-2.2568,,5.4562,2.8472
2017-11-02,12.89,-2.4962,-0.371,,-2.1252,,5.28,2.8581
2017-11-03,13.79,6.9822,-0.342,,7.324199999999999,,5.6057,3.214
2017-11-06,13.55,-1.7404,0.4873,,-2.2277,,5.9043,3.2233
2017-11-07,13.7,1.107,0.7497,,0.35729999999999995,,3.9547,3.2128
2017-11-08,13.39,-2.2628,0.0554,,-2.3182,,3.9954,3.2832
2017-11-09,13.9,3.8088,0.361,,3.4478,,3.8784,3.3316
2017-11-10,13.82,-0.5755,0.1424,,-0.7179,,2.4592,3.3474
2017-11-13,13.04,-5.644,0.4419,,-6.0859000000000005,,3.553,3.6499
2017-11-14,13.12,0.6135,-0.5305,,1.1440000000000001,,3.4962,3.6499
2017-11-15,12.44,-5.1829,-0.7882,,-4.3947,,4.0059,3.8626
2017-11-16,12.28,-1.2862,-0.0961,,-1.1901,,2.8248,3.8774
2017-11-17,11.29,-8.0619,-0.4807,,-7.5812,,3.5076,4.2898
2017-11-20,10.98,-2.7458,0.2805,,-3.0263,,3.3872,4.3125
2017-11-21,10.79,-1.7304,0.5335,,-2.2639,,2.8191,4.3033
2017-11-22,10.9,1.0195,0.5853,,0.43420000000000003,,3.3701,4.3161
2017-11-23,10.36,-4.9541,-2.2895,,-2.6646000000000005,,3.422,4.3916
2017-11-24,10.45,0.8687,0.0567,,0.812,,2.5246,4.2143
2017-11-27,10.42,-0.2871,-0.9419,,0.6547999999999999,,2.462,4.2052
2017-11-28,10.57,1.4395,0.344,,1.0955,,2.6344,3.4122
2017-11-29,10.8,2.176,0.126,,2.0500000000000003,,2.8316,3.4848
2017-11-30,10.65,-1.3889,-0.6193,,-0.7696000000000001,,1.4139,3.4677
2017-12-01,10.63,-0.1878,0.013,,-0.2008,,1.4353,2.9415
2017-12-04,10.15,-4.5155,-0.2411,,-4.2744,,2.6426,3.0299
2017-12-05,9.51,-6.3054,-0.1795,,-6.1259,,3.3894,3.1591
2017-12-06,9.6,0.9464,-0.2942,,1.2406000000000001,,3.0324,3.2132
2017-12-07,9.59,-0.1042,-0.6652,,0.561,,3.1788,2.977
2017-12-08,9.68,0.9385,0.5483,,0.3902,,3.376,3.0285
2017-12-11,9.91,2.376,0.979,,1.3969999999999998,,3.401,3.0124
2017-12-12,9.69,-2.22,-1.2459,,-0.9741000000000002,,1.7037,2.9833
2017-12-13,9.7,0.1032,0.6776,,-0.5744,,1.6761,2.868
2017-12-14,9.85,1.5464,-0.3209,,1.8673,,1.7572,2.9325
2017-12-15,9.73,-1.2183,-0.7988,,-0.4195,,1.8968,2.4277
2017-12-18,9.7,-0.3083,0.0545,,-0.3628,,1.4169,2.3809
2017-12-19,9.7,0.0,0.8758,,-0.8758,,0.9973,2.3687
2017-12-20,9.48,-2.268,-0.2709,,-1.9970999999999999,,1.4233,2.3715
2017-12-21,9.48,0.0,0.3787,,-0.3787,,0.9802,2.1485
2017-12-22,9.46,-0.211,-0.0909,,-0.1201,,0.9656,2.1279
2017-12-25,9.34,-1.2685,-0.5035,,-0.765,,0.9986,2.1347
2017-12-26,9.48,1.4989,0.7822,,0.7166999999999999,,1.4171,2.1376
2017-12-27,9.38,-1.0549,-0.9177,,-0.1372,,1.0953,2.0431
2017-12-28,9.37,-0.1066,0.6289,,-0.7355,,1.0913,2.0398
2017-12-29,9.49,1.2807,0.3273,,0.9534,,1.2841,2.0821
2018-01-02,9.9,4.3203,1.2446,,3.0756999999999994,,2.0386,2.132
2018-01-03,9.9,0.0,0.6206,,-0.6206,,2.0909,1.5545
2018-01-04,10.33,4.3434,0.4927,,3.8507,,2.2263,1.8044
2018-01-05,10.23,-0.9681,0.1784,,-1.1465,,2.4491,1.8269
2018-01-08,10.05,-1.7595,0.5227,,-2.2822,,2.9375,1.8791
2018-01-09,10.07,0.199,0.1296,,0.06940000000000002,,2.36,1.8084
2018-01-10,10.07,0.0,0.2323,,-0.2323,,2.36,1.7251
2018-01-11,10.0,-0.6951,0.1029,,-0.798,,0.787,1.7368
2018-01-12,10.03,0.3,0.1048,,0.19519999999999998,,0.8579,1.7067
2018-01-15,9.85,-1.7946,-0.5381,,-1.2565,,0.8719,1.7349
2018-01-16,9.89,0.4061,0.7653,,-0.35919999999999996,,0.9114,1.7339
2018-01-17,10.24,3.5389,0.2351,,3.3038,,1.9916,1.8951
2018-01-18,10.13,-1.0742,0.8732,,-1.9474,,2.0478,1.8279
2018-01-19,10.07,-0.5923,0.3773,,-0.9696,,2.0837,1.8386
2018-01-22,10.05,-0.1986,0.3871,,-0.5857,,1.8281,1.8384
2018-01-23,10.06,0.0995,1.2892,,-1.1897,,1.8336,1.8014
2018-01-24,10.03,-0.2982,0.3657,,-0.6639,,0.4447,1.7878
2018-01-25,10.1,0.6979,-0.3135,,1.0114,,0.4897,1.7607
2018-01-26,10.11,0.099,0.2768,,-0.17779999999999999,,0.3883,1.7583
2018-01-29,9.96,-1.4837,-0.9873,,-0.49640000000000006,,0.8124,1.7933
2018-01-30,9.99,0.3012,-0.9932,,1.2944,,0.8343,1.5181
2018-01-31,9.7,-2.9029,-0.2058,,-2.6971,,1.5044,1.6563
2018-02-01,9.0,-7.2165,-0.9725,,-6.244,,3.0702,2.0078
2018-02-02,8.65,-3.8889,0.4381,,-4.327,,2.8182,2.1331
2018-02-05,8.54,-1.2717,0.7342,,-2.0059,,2.8488,2.1245
2018-02-06,7.87,-7.8454,-3.3505,,-4.4948999999999995,,2.8213,2.6292
2018-02-07,8.0,1.6518,-1.8213,,3.4730999999999996,,4.0038,2.6937
2018-02-08,8.12,1.5,-1.4266,,2.9266,,3.9953,2.7555
2018-02-09,7.91,-2.5862,-4.0527,,1.4665,,3.8797,2.7595
2018-02-12,8.07,2.0228,0.7758,,1.247,,4.2362,2.8428
2018-02-13,8.19,1.487,0.9774,,0.5096,,1.9136,2.88
2018-02-14,8.69,6.105,0.4458,,5.6592,,3.0808,3.134
2018-02-22,8.68,-0.1151,2.1693,,-2.2843999999999998,,3.1905,3.1364
2018-02-23,8.72,0.4608,0.626,,-0.1652,,2.4473,3.1476
2018-02-26,8.96,2.7523,1.2329,,1.5193999999999999,,2.4712,3.2386
2018-02-27,8.9,-0.6696,-1.1263,,0.4567000000000001,,2.7819,3.2354
2018-02-28,8.85,-0.5618,-0.9921,,0.4303,,1.4025,3.2348
2018-03-01,9.06,2.3729,0.44,,1.9329,,1.6116,3.2907
2018-03-02,8.9,-1.766,-0.5871,,-1.1789,,2.0114,3.2995
2018-03-05,8.91,0.1124,0.0737,,0.0387,,1.539,3.2959
2018-03-06,9.04,1.459,1.0043,,0.4547000000000001,,1.6343,3.3208
2018-03-07,8.89,-1.6593,-0.5463,,-1.113,,1.8432,3.2838
2018-03-08,8.91,0.225,0.5117,,-0.28670000000000007,,1.3723,2.8635
2018-03-09,9.04,1.459,0.5705,,0.8885000000000001,,1.2811,2.7288
2018-03-12,9.17,1.4381,0.5905,,0.8475999999999999,,1.3622,2.7161
2018-03-13,9.33,1.7448,-0.4948,,2.2396,,1.4131,1.9132
2018-03-14,9.14,-2.0364,-0.5697,,-1.4667,,1.5681,2.0094
2018-03-15,9.03,-1.2035,-0.0082,,-1.1953,,1.7638,2.0425
2018-03-16,8.98,-0.5537,-0.6451,,0.09140000000000004,,1.6538,1.9253
2018-03-19,8.85,-1.4477,0.2866,,-1.7343,,1.466,1.9516
2018-03-20,8.76,-1.0169,0.3473,,-1.3641999999999999,,0.5475,1.9639
2018-03-21,8.76,0.0,-0.2945,,0.2945,,0.5745,1.4232
2018-03-22,8.84,0.9132,-0.5325,,1.4457,,0.9198,1.4354
2018-03-23,8.18,-7.4661,-3.3927,,-4.0733999999999995,,3.2956,2.2141
2018-03-26,8.34,1.956,-0.6039,,2.5599,,3.7126,2.163
2018-03-27,8.47,1.5588,1.0508,,0.508,,3.9047,2.2019
2018-03-28,8.38,-1.0626,-1.4008,,0.33820000000000006,,3.8922,2.2087
2018-03-29,8.49,1.3126,1.2247,,0.08790000000000009,,3.9405,2.1546
2018-03-30,8.58,1.0601,0.2648,,0.7953000000000001,,1.1806,2.1461
2018-04-02,8.54,-0.4662,-0.1805,,-0.2857,,1.1692,2.1462
2018-04-03,8.51,-0.3513,-0.8393,,0.48800000000000004,,1.033,2.1109
2018-04-04,8.71,2.3502,-0.176,,2.5262000000000002,,1.1896,2.1627
2018-04-09,9.58,9.9885,0.2293,,9.7592,,4.333,3.1235
2018-04-10,9.46,-1.2526,1.6579,,-2.9105,,4.6399,3.1344
2018-04-11,9.34,-1.2685,0.5567,,-1.8252,,4.7611,3.1399
2018-04-12,9.12,-2.3555,-0.8703,,-1.4852000000000003,,5.0716,3.1632
2018-04-13,9.18,0.6579,-0.6638,,1.3216999999999999,,5.0565,3.1321
2018-04-16,10.1,10.0218,-1.5321,,11.5539,,5.071,3.8221
2018-04-17,9.4,-6.9307,-1.4097,,-5.521,,6.2462,4.1756
2018-04-18,9.31,-0.9574,0.8021,,-1.7595,,6.2316,4.1662
2018-04-19,9.52,2.2556,0.8404,,1.4151999999999998,,6.1199,4.1746
2018-04-20,9.2,-3.3613,-1.4705,,-1.8908,,6.4336,4.2624
2018-04-23,9.26,0.6522,-0.1149,,0.7671,,3.6002,4.2609
2018-04-24,9.43,1.8359,1.9857,,-0.14979999999999993,,2.2947,3.855
2018-04-25,9.47,0.4242,-0.3503,,0.7745,,2.2197,3.8457
2018-04-26,9.33,-1.4784,-1.3772,,-0.10119999999999996,,2.0443,3.8701
2018-04-27,9.27,-0.6431,0.2341,,-0.8772,,1.2698,3.862
2018-05-02,9.56,3.1284,-0.0341,,3.1625,,1.8575,3.9014
2018-05-03,9.56,0.0,0.6387,,-0.6387,,1.7433,3.9029
2018-05-04,9.48,-0.8368,-0.317,,-0.5198,,1.8084,3.9092
2018-05-07,9.58,1.0549,1.4756,,-0.4207000000000001,,1.6242,3.904
2018-05-08,9.69,1.1482,0.7926,,0.35560000000000014,,1.4898,3.8858
2018-05-09,9.5,-1.9608,-0.0743,,-1.8865,,1.3139,3.2304
2018-05-10,9.82,3.3684,0.483,,2.8853999999999997,,2.0484,3.3001
2018-05-11,9.86,0.4073,-0.3512,,0.7585,,1.9078,3.281
2018-05-14,9.54,-3.2454,0.3405,,-3.5859,,2.6073,3.325
2018-05-15,9.59,0.5241,0.5699,,-0.04579999999999995,,2.5495,3.3243
2018-05-16,9.36,-2.3983,-0.7064,,-1.6919,,2.632,2.4526
2018-05-17,9.27,-0.9615,-0.4824,,-0.4791,,1.6742,1.9137
2018-05-18,9.34,0.7551,1.237,,-0.4819000000000001,,1.7593,1.9094
2018-05-21,9.47,1.3919,0.6432,,0.7486999999999999,,1.53,1.8657
2018-05-22,9.53,0.6336,0.0159,,0.6177,,1.5426,1.694
2018-05-23,9.32,-2.2036,-1.4121,,-0.7914999999999999,,1.4714,1.7715
2018-05-24,9.28,-0.4292,-0.4516,,0.022399999999999975,,1.4093,1.7229
2018-05-25,9.12,-1.7241,-0.4232,,-1.3009,,1.5219,1.7574
2018-05-28,9.05,-0.7675,-0.198,,-0.5694999999999999,,1.1146,1.7366
2018-05-29,8.98,-0.7735,-0.4663,,-0.3072,,0.7488,1.7389
2018-05-30,8.45,-5.902,-2.5323,,-3.3697,,2.2782,1.9975
2018-05-31,8.55,1.1834,1.7765,,-0.5931,,2.629,2.0333
2018-06-01,8.56,0.117,-0.6568,,0.7738,,2.7335,2.0371
2018-06-04,8.62,0.7009,0.5219,,0.17899999999999994,,2.8709,2.0245
2018-06-05,8.7,0.9281,0.7447,,0.1834,,2.993,2.0156
2018-06-06,8.72,0.2299,0.0311,,0.1988,,0.4537,1.9924
2018-06-07,8.68,-0.4587,-0.1823,,-0.2764,,0.5406,1.7834
2018-06-08,8.6,-0.9217,-1.362,,0.44030000000000014,,0.7778,1.7686
2018-06-11,8.58,-0.2326,-0.4685,,0.23590000000000003,,0.7048,1.6625
2018-06-12,8.61,0.3497,0.8851,,-0.5354,,0.5186,1.6572
2018-06-13,8.41,-2.3229,-0.9741,,-1.3488000000000002,,1.0075,1.6528
2018-06-14,8.28,-1.5458,-0.1849,,-1.3609,,1.054,1.6661
2018-06-15,8.13,-1.8116,-0.7312,,-1.0804,,1.124,1.6592
2018-06-19,7.47,-8.1181,-3.7751,,-4.343,,3.1984,2.281
2018-06-20,7.57,1.3387,0.272,,1.0667,,3.4538,2.3152
2018-06-21,7.36,-2.7741,-1.3691,,-1.4049999999999998,,3.4541,2.3328
2018-06-22,7.5,1.9022,0.4851,,1.4171,,4.0119,2.4269
2018-06-25,7.52,0.2667,-1.0527,,1.3194,,4.1284,2.4377
2018-06-26,7.57,0.6649,-0.5187,,1.1836000000000002,,1.8185,2.4636
2018-06-27,7.55,-0.2642,-1.1014,,0.8371999999999999,,1.724,2.4672
2018-06-28,7.43,-1.5894,-0.9342,,-0.6551999999999999,,1.2782,2.1717
2018-06-29,7.57,1.8843,2.1716,,-0.2873000000000001,,1.2723,2.2076
2018-07-02,7.45,-1.5852,-2.5237,,0.9384999999999999,,1.4953,2.212
2018-07-03,7.52,0.9396,0.4082,,0.5314,,1.5384,2.2204
2018-07-04,7.44,-1.0638,-0.9961,,-0.0677000000000001,,1.5972,2.1901
2018-07-05,7.22,-2.957,-0.9151,,-2.0419,,1.9541,2.2302
2018-07-06,7.18,-0.554,0.4883,,-1.0423,,1.4254,2.2293
2018-07-09,7.35,2.3677,2.4709,,-0.10319999999999974,,2.0218,2.3473
2018-07-10,7.46,1.4966,0.4447,,1.0518999999999998,,2.117,2.3989
2018-07-11,7.32,-1.8767,-1.7633,,-0.11339999999999995,,2.2335,2.4008
2018-07-12,7.46,1.9126,2.156,,-0.24340000000000006,,1.8092,2.4439
2018-07-13,7.55,1.2064,-0.2284,,1.4347999999999999,,1.6782,2.4634
2018-07-16,7.55,0.0,-0.6054,,0.6054,,1.5309,2.4432
2018-07-17,7.86,4.106,-0.5654,,4.6714,,2.2234,1.8527
2018-07-18,7.82,-0.5089,-0.3885,,-0.12040000000000001,,1.8173,1.8427
2018-07-19,7.65,-2.1739,-0.5278,,-1.6461000000000001,,2.3408,1.7963
2018-07-20,7.78,1.6993,2.0458,,-0.3464999999999998,,2.3865,1.7868
2018-07-23,7.95,2.1851,1.0699,,1.1151999999999997,,2.443,1.8413
2018-07-24,8.1,1.8868,1.6093,,0.2775000000000001,,1.8907,1.8743
2018-07-25,8.0,-1.2346,-0.0657,,-1.1688999999999998,,2.0221,1.9035
2018-07-26,8.05,0.625,-0.7377,,1.3627,,1.3972,1.851
2018-07-27,7.97,-0.9938,-0.2998,,-0.694,,1.5826,1.8429
2018-07-30,7.84,-1.6311,-0.158,,-1.4731,,1.4798,1.8453
2018-07-31,7.93,1.148,0.2562,,0.8917999999999999,,1.2258,1.8499
2018-08-01,7.95,0.2522,-1.8033,,2.0555,,1.1563,1.8227
2018-08-02,7.7,-3.1447,-2.0007,,-1.1439999999999997,,1.6659,1.841
2018-08-03,8.0,3.8961,-0.9964,,4.8925,,2.6952,1.9904
2018-08-06,7.82,-2.25,-1.2874,,-0.9625999999999999,,2.8067,2.037
2018-08-07,8.09,3.4527,2.7433,,0.7094,,3.2071,2.1403
2018-08-08,8.05,-0.4944,-1.2701,,0.7757000000000001,,3.2354,2.0835
2018-08-09,8.3,3.1056,1.8334,,1.2722,,2.7461,2.1425
2018-08-10,8.31,0.1205,0.0333,,0.0872,,2.4388,2.1389
2018-08-13,8.31,0.0,-0.3377,,0.3377,,1.8825,2.1389
2018-08-14,8.49,2.1661,-0.1762,,2.3423000000000003,,1.5651,2.0068
2018-08-15,8.11,-4.4759,-2.0748,,-2.4011,,2.9248,2.2794
2018-08-16,8.13,0.2466,-0.6635,,0.9101,,2.4518,2.2095
2018-08-17,7.9,-2.829,-1.3389,,-1.4901000000000002,,2.6459,2.2921
2018-08-20,7.88,-0.2532,1.1053,,-1.3584999999999998,,2.6248,2.2397
2018-08-21,8.02,1.7766,1.3104,,0.46619999999999995,,2.5095,2.2349
2018-08-22,7.89,-1.6209,-0.703,,-0.9179,,1.766,2.2475
2018-08-23,7.89,0.0,0.3687,,-0.3687,,1.742,2.242
2018-08-24,7.98,1.1407,0.1765,,0.9642000000000001,,1.3164,2.2469
2018-08-27,8.12,1.7544,1.8857,,-0.13129999999999997,,1.4406,2.2426
2018-08-28,8.14,0.2463,-0.105,,0.3513,,1.285,2.2316
2018-08-29,8.1,-0.4914,-0.3128,,-0.17859999999999998,,0.9051,2.2361
2018-08-30,8.37,3.3333,-1.1393,,4.4726,,1.469,2.2077
2018-08-31,8.59,2.6284,-0.4562,,3.0846,,1.5997,2.1197
2018-09-03,8.49,-1.1641,-0.1659,,-0.9982,,1.9705,2.062
2018-09-04,8.51,0.2356,1.0971,,-0.8614999999999999,,1.9714,1.9356
2018-09-05,8.27,-2.8202,-1.6811,,-1.1390999999999998,,2.5692,2.0504
2018-09-06,8.15,-1.451,-0.4715,,-0.9795,,2.0649,1.9563
2018-09-07,8.25,1.227,0.3979,,0.8291000000000002,,1.5667,1.9776
2018-09-10,8.27,0.2424,-1.2145,,1.4568999999999999,,1.6095,1.9785
2018-09-11,8.37,1.2092,-0.1753,,1.3845,,1.7733,1.9343
2018-09-12,8.2,-2.0311,-0.3261,,-1.7049999999999998,,1.5106,1.7035
2018-09-13,8.15,-0.6098,1.1472,,-1.7570000000000001,,1.3714,1.7096
2018-09-14,8.06,-1.1043,-0.1839,,-0.9204000000000001,,1.2435,1.5978
2018-09-17,7.81,-3.1017,-1.1131,,-1.9886000000000001,,1.6158,1.7517
2018-09-18,7.9,1.1524,1.8161,,-0.6637,,1.5953,1.7231
2018-09-19,8.18,3.5443,1.1445,,2.3998,,2.505,1.8588
2018-09-20,8.08,-1.2225,-0.059,,-1.1635,,2.5553,1.8855
2018-09-21,8.16,0.9901,2.5003,,-1.5102000000000002,,2.5305,1.8816
2018-09-25,8.13,-0.3676,-0.5841,,0.21649999999999997,,1.8127,1.8445
2018-09-26,8.08,-0.615,0.923,,-1.538,,1.9017,1.8491
2018-09-27,7.96,-1.4851,-0.5358,,-0.9493,,0.9664,1.8756
2018-09-28,8.08,1.5075,1.0595,,0.44799999999999995,,1.2218,1.7408
2018-10-08,7.82,-3.2178,-3.716,,0.4982000000000002,,1.7215,1.7384
2018-10-09,7.83,0.1279,0.1657,,-0.03779999999999997,,1.7688,1.7346
2018-10-10,7.85,0.2554,0.1775,,0.07790000000000002,,1.8257,1.735
2018-10-11,7.1,-9.5541,-5.2233,,-4.3308,,4.4808,2.646
2018-10-12,7.08,-0.2817,0.9077,,-1.1894,,4.174,2.642
2018-10-15,7.04,-0.565,-1.4887,,0.9237,,4.2335,2.6045
2018-10-16,6.9,-1.9886,-0.8477,,-1.1408999999999998,,4.0698,2.6073
2018-10-17,6.99,1.3043,0.6001,,0.7042,,4.265,2.6114
2018-10-18,6.92,-1.0014,-2.9353,,1.9338999999999997,,1.2015,2.5972
2018-10-19,7.0,1.1561,2.576,,-1.4199000000000002,,1.4208,2.6342
2018-10-22,7.26,3.7143,4.0938,,-0.3794999999999997,,2.2228,2.8119
2018-10-23,7.19,-0.9642,-2.2619,,1.2976999999999999,,1.9508,2.747
2018-10-24,7.17,-0.2782,0.3264,,-0.6046,,1.9851,2.7236
2018-10-25,7.19,0.2789,0.0192,,0.2597,,1.8142,2.565
2018-10-26,7.16,-0.4172,-0.1901,,-0.22710000000000002,,1.8685,2.5612
2018-10-29,7.05,-1.5363,-2.1837,,0.6474,,0.6923,2.5425
2018-10-30,7.11,0.8511,1.0208,,-0.16969999999999996,,0.8904,2.5653
2018-10-31,7.37,3.6568,1.3524,,2.3044000000000002,,1.9431,2.739
2018-11-01,7.31,-0.8141,0.1329,,-0.9470000000000001,,2.0425,2.7294
2018-11-02,7.45,1.9152,2.6951,,-0.7799,,2.0899,2.7458
2018-11-05,7.5,0.6711,-0.4129,,1.084,,1.6575,2.67
2018-11-06,7.56,0.8,-0.2277,,1.0277,,1.6608,2.6782
2018-11-07,7.5,-0.7937,-0.6776,,-0.11609999999999998,,1.1639,2.6803
2018-11-08,7.72,2.9333,-0.2162,,3.1495,,1.4041,1.6356
2018-11-09,7.61,-1.4249,-1.3947,,-0.030200000000000005,,1.6881,1.6812
2018-11-12,7.82,2.7595,1.2178,,1.5417,,1.9916,1.7464
2018-11-13,8.13,3.9642,0.9261,,3.0381,,2.4253,1.7991
2018-11-14,8.1,-0.369,-0.8528,,0.4838,,2.331,1.8151
2018-11-15,8.2,1.2346,1.365,,-0.13040000000000007,,2.2034,1.7695
2018-11-16,8.26,0.7317,0.41,,0.32170000000000004,,1.7086,1.7684
2018-11-19,8.29,0.3632,0.9108,,-0.5476000000000001,,1.66,1.6361
2018-11-20,8.07,-2.6538,-2.1328,,-0.5209999999999999,,1.5227,1.764
2018-11-21,8.36,3.5936,0.2139,,3.3796999999999997,,2.2367,1.8724
2018-11-22,8.39,0.3589,-0.2293,,0.5882000000000001,,2.214,1.8714
2018-11-23,8.21,-2.1454,-2.493,,0.3475999999999999,,2.4886,1.9675
2018-11-26,8.36,1.827,-0.1423,,1.9693,,2.6379,1.9088
2018-11-27,8.37,0.1196,-0.0439,,0.1635,,2.1319,1.9162
2018-11-28,8.5,1.5532,1.051,,0.5022,,1.5739,1.8079
2018-11-29,8.3,-2.3529,-1.3183,,-1.0346,,1.9814,1.9072
2018-11-30,8.36,0.7229,0.8082,,-0.08530000000000004,,1.6676,1.8842
2018-12-03,8.59,2.7512,2.5736,,0.17759999999999998,,1.9035,1.945
2018-12-04,9.33,8.6147,0.4204,,8.194299999999998,,4.0238,2.6306
2018-12-05,8.99,-3.6442,-0.6058,,-3.0384,,4.8399,2.8091
2018-12-06,9.04,0.5562,-1.6843,,2.2405,,4.4635,2.7707
2018-12-07,8.93,-1.2168,0.0273,,-1.2441000000000002,,4.6605,2.7622
2018-12-10,8.32,-6.8309,-0.8178,,-6.0131,,5.8024,3.2077
2018-12-11,7.9,-5.0481,0.368,,-5.4161,,2.9509,3.306
2018-12-12,7.72,-2.2785,0.3107,,-2.5892,,2.9669,3.3418
2018-12-13,7.76,0.5181,1.2259,,-0.7078,,2.9557,3.3296
2018-12-14,7.78,0.2577,-1.5303,,1.788,,3.2348,3.3241
2018-12-17,7.62,-2.0566,0.1631,,-2.2197,,2.2595,3.3448
2018-12-18,7.49,-1.706,-0.8206,,-0.8854,,1.3343,3.3173
2018-12-19,7.38,-1.4686,-1.0514,,-0.4172,,1.1897,3.1937
2018-12-20,7.39,0.1355,-0.5213,,0.6568,,1.084,3.1907
2018-12-21,7.36,-0.406,-0.7893,,0.3833,,0.9255,3.1695
2018-12-24,7.41,0.6793,0.4276,,0.25170000000000003,,1.0225,3.1354
2018-12-25,7.25,-2.1592,-0.8781,,-1.2811,,1.1609,3.151
2018-12-26,7.19,-0.8276,-0.2607,,-0.5669,,1.0796,3.1073
2018-12-27,7.06,-1.8081,-0.6084,,-1.1997,,1.1351,3.0952
2018-12-28,7.04,-0.2833,0.4353,,-0.7186,,1.1498,3.078
2019-01-02,7.09,0.7102,-1.1472,,1.8574000000000002,,1.1603,2.9861
2019-01-03,7.13,0.5642,-0.0377,,0.6019,,1.0388,2.0207
2019-01-04,7.32,2.6648,2.0496,,0.6152000000000002,,1.6272,2.1277
2019-01-07,7.38,0.8197,0.7245,,0.09519999999999995,,1.0805,2.1386
2019-01-08,7.45,0.9485,-0.2617,,1.2102,,0.8632,2.1808
2019-01-09,7.37,-1.0738,0.7081,,-1.7819,,1.329,1.6751
2019-01-10,7.3,-0.9498,-0.3636,,-0.5862,,1.5465,1.3126
2019-01-11,7.37,0.9589,0.7388,,0.22009999999999996,,1.0544,1.2657
2019-01-14,7.34,-0.4071,-0.7072,,0.30010000000000003,,0.9982,1.254
2019-01-15,7.35,0.1362,1.3637,,-1.2275,,0.837,1.2516
2019-01-16,7.43,1.0884,0.0027,,1.0857,,0.8738,1.2132
2019-01-17,7.35,-1.0767,-0.4194,,-0.6573,,0.9151,1.1775
2019-01-18,7.47,1.6327,1.4209,,0.2118,,1.0973,1.1902
2019-01-21,7.46,-0.1339,0.5585,,-0.6924,,1.0611,1.1909
2019-01-22,7.37,-1.2064,-1.1802,,-0.0262,,1.2713,1.2203
2019-01-23,7.38,0.1357,0.0504,,0.08529999999999999,,1.1437,1.2107
2019-01-24,7.36,-0.271,0.4142,,-0.6852,,1.0279,1.1034
2019-01-25,7.3,-0.8152,0.387,,-1.2022,,0.5432,1.1029
2019-01-28,7.24,-0.8219,-0.1822,,-0.6396999999999999,,0.5274,1.0338
2019-01-29,7.11,-1.7956,-0.1051,,-1.6905000000000001,,0.7263,1.1176
2019-01-30,7.09,-0.2813,-0.7197,,0.4384,,0.6206,1.109
2019-01-31,6.96,-1.8336,0.349,,-2.1826,,0.6801,1.1732
2019-02-01,7.2,3.4483,1.3023,,2.146,,2.1738,1.2792
2019-02-11,7.3,1.3889,1.3624,,0.026499999999999968,,2.2535,1.3062
2019-02-12,7.39,1.2329,0.6779,,0.5550000000000002,,1.9782,1.3191
2019-02-13,7.48,1.2179,1.8406,,-0.6227,,1.8865,1.3233
2019-02-14,7.5,0.2674,-0.0503,,0.31770000000000004,,1.1702,1.3012
2019-02-15,7.47,-0.4,-1.3718,,0.9717999999999999,,0.7771,1.2918
2019-02-18,7.63,2.1419,2.6831,,-0.5411999999999999,,0.9803,1.3653
2019-02-19,7.83,2.6212,0.0468,,2.5744,,1.2582,1.4682
2019-02-20,7.73,-1.2771,0.2021,,-1.4791999999999998,,1.6637,1.4986
2019-02-21,7.64,-1.1643,-0.3412,,-0.8230999999999999,,1.8619,1.5026
2019-02-22,7.71,0.9162,1.9053,,-0.9891,,1.8157,1.4751
2019-02-25,8.04,4.2802,5.6005,,-1.3203000000000005,,2.4102,1.7348
2019-02-26,8.09,0.6219,-0.6673,,1.2892000000000001,,2.2501,1.694
2019-02-27,8.03,-0.7417,0.4182,,-1.1599,,2.1442,1.7146
2019-02-28,8.1,0.8717,-0.4357,,1.3074,,1.8561,1.7088
2019-03-01,8.08,-0.2469,1.8038,,-2.0507,,1.9684,1.6906
2019-03-04,8.09,0.1238,1.1216,,-0.9977999999999999,,0.6508,1.664
2019-03-05,8.29,2.4722,0.8809,,1.5913,,1.2519,1.6177
2019-03-06,8.37,0.965,1.5667,,-0.6017,,1.0458,1.5985
2019-03-07,8.53,1.9116,0.1393,,1.7723,,1.1524,1.4833
2019-03-08,8.0,-6.2134,-4.3961,,-1.8173000000000004,,3.5075,2.1002
2019-03-11,8.38,4.75,1.9237,,2.8263,,4.1487,2.2962
2019-03-12,8.7,3.8186,1.1008,,2.7178,,4.3261,2.3973
2019-03-13,8.43,-3.1034,-1.0901,,-2.0133,,4.7108,2.5519
2019-03-14,8.38,-0.5931,-1.1979,,0.6048,,4.6199,2.5656
2019-03-15,8.73,4.1766,1.0386,,3.138,,3.4711,2.6746
2019-03-18,9.0,3.0928,2.4711,,0.6217000000000001,,3.1878,2.7077
2019-03-19,8.8,-2.2222,-0.1757,,-2.0465,,3.2236,2.7584
2019-03-20,8.93,1.4773,-0.011,,1.4883,,2.6194,2.7271
2019-03-21,9.16,2.5756,0.3501,,2.2255000000000003,,2.4597,2.7165
2019-03-22,9.18,0.2183,0.0867,,0.1316,,2.126,2.7214
2019-03-25,8.84,-3.7037,-1.969,,-1.7347,,2.5967,2.786
2019-03-26,8.86,0.2262,-1.5094,,1.7356,,2.372,2.7866
2019-03-27,9.19,3.7246,0.8548,,2.8698,,2.8493,2.8605
2019-03-28,9.43,2.6115,-0.919,,3.5305,,2.8555,2.8917
2019-03-29,9.38,-0.5302,3.1994,,-3.7295999999999996,,2.9008,2.8978
2019-04-01,9.6,2.3454,2.5754,,-0.22999999999999998,,1.767,2.9135
2019-04-02,9.45,-1.5625,0.2038,,-1.7663,,2.2491,2.9385
2019-04-03,9.5,0.5291,1.2428,,-0.7136999999999999,,1.8042,2.9381
2019-04-04,9.44,-0.6316,0.9411,,-1.5727000000000002,,1.4915,2.9368
2019-04-08,9.28,-1.6949,-0.0542,,-1.6407,,1.6799,2.5356
2019-04-09,9.32,0.431,-0.1587,,0.5897,,1.0563,2.3569
2019-04-10,9.7,4.0773,0.0701,,4.0072,,2.1732,2.3763
2019-04-11,10.41,7.3196,-1.6031,,8.9227,,3.7284,2.6545
2019-04-12,10.38,-0.2882,-0.0417,,-0.2465,,3.6728,2.6451
2019-04-15,10.19,-1.8304,-0.34,,-1.4904,,3.707,2.6193
2019-04-16,10.53,3.3366,2.3856,,0.9509999999999996,,3.638,2.6311
2019-04-17,10.98,4.2735,0.2926,,3.9809,,3.6599,2.6366
2019-04-18,10.97,-0.0911,-0.3959,,0.30479999999999996,,2.5983,2.6495
2019-04-19,11.01,0.3646,0.6338,,-0.26920000000000005,,2.5278,2.6293
2019-04-22,10.68,-2.9973,-1.7048,,-1.2925,,2.9045,2.7713
2019-04-23,10.4,-2.6217,-0.5117,,-2.1100000000000003,,2.9168,2.6882
2019-04-24,10.6,1.9231,0.0944,,1.8287,,2.0829,2.6942
2019-04-25,9.88,-6.7925,-2.4294,,-4.363100000000001,,3.3663,3.1145
2019-04-26,9.65,-2.3279,-1.1982,,-1.1297000000000001,,3.0928,3.1265
2019-04-29,8.88,-7.9793,-0.7744,,-7.2049,,3.951,3.6183
2019-04-30,9.51,7.0946,0.5172,,6.5774,,6.2489,3.9367
2019-05-06,8.86,-6.8349,-5.5835,,-1.2514000000000003,,6.2362,4.2154
2019-05-07,8.74,-1.3544,0.6857,,-2.0401,,5.9576,4.2184
2019-05-08,8.48,-2.9748,-1.115,,-1.8598000000000001,,5.9659,4.2595
2019-05-09,8.54,0.7075,-1.4794,,2.1869,,5.1472,4.2564
2019-05-10,8.85,3.63,3.0958,,0.5341999999999998,,3.9293,4.3456
2019-05-13,8.68,-1.9209,-1.2078,,-0.7131000000000001,,2.6134,4.2429
2019-05-14,8.63,-0.576,-0.6922,,0.11620000000000008,,2.5637,3.8271
2019-05-15,8.95,3.708,1.9098,,1.7982000000000002,,2.5145,3.9607
2019-05-16,8.89,-0.6704,0.5795,,-1.2499,,2.6419,3.9512
2019-05-17,8.44,-5.0619,-2.4837,,-2.5782,,3.1526,3.9565
2019-05-20,8.3,-1.6588,-0.4059,,-1.2529000000000001,,3.1336,3.7556
2019-05-21,8.49,2.2892,1.2321,,1.0571000000000002,,3.4433,3.8336
2019-05-22,8.38,-1.2956,-0.4911,,-0.8045000000000001,,2.6248,3.8158
2019-05-23,8.32,-0.716,-1.3549,,0.6389,,2.6222,3.796
2019-05-24,8.3,-0.2404,0.0165,,-0.2569,,1.5585,3.7854
2019-05-27,8.51,2.5301,1.3807,,1.1494,,1.7729,3.8129
2019-05-28,8.68,1.9976,0.6061,,1.3915000000000002,,1.7033,3.6142
2019-05-29,8.61,-0.8065,0.1646,,-0.9711,,1.5878,3.5915
2019-05-30,8.49,-1.3937,-0.305,,-1.0887,,1.7444,3.1443
2019-05-31,8.54,0.5889,-0.2447,,0.8336,,1.7052,2.6501
2019-06-03,8.58,0.4684,-0.2974,,0.7658,,1.3232,2.1959
2019-06-04,8.55,-0.3497,-0.9619,,0.6122,,0.842,2.178
2019-06-05,8.31,-2.807,-0.03,,-2.777,,1.4204,2.1666
2019-06-06,8.19,-1.444,-1.1749,,-0.2690999999999999,,1.4267,2.1789
2019-06-10,8.21,0.2442,0.8604,,-0.6162000000000001,,1.3548,1.9901
2019-06-11,8.58,4.5067,2.5802,,1.9265000000000003,,2.7592,2.2287
2019-06-12,8.56,-0.2331,-0.5585,,0.3254,,2.7557,2.2257
2019-06-13,8.65,1.0514,0.0467,,1.0047,,2.2479,2.0651
2019-06-14,8.5,-1.7341,-0.9884,,-0.7457,,2.3235,2.0927
2019-06-17,8.58,0.9412,0.196,,0.7452000000000001,,2.3052,1.7639
2019-06-18,8.7,1.3986,0.088,,1.3106,,1.2848,1.736
2019-06-19,8.84,1.6092,0.9563,,0.6528999999999999,,1.3611,1.7002
2019-06-20,8.87,0.3394,2.3758,,-2.0364,,1.3462,1.6626
2019-06-21,8.81,-0.6764,0.4975,,-1.1739,,0.9213,1.6614
2019-06-24,8.79,-0.227,0.2055,,-0.4325,,0.9969,1.6611
2019-06-25,8.71,-0.9101,-0.867,,-0.04310000000000003,,1.0048,1.5949
2019-06-26,8.78,0.8037,-0.1942,,0.9979,,0.7086,1.5427
2019-06-27,8.77,-0.1139,0.6891,,-0.803,,0.6602,1.5297
2019-06-28,9.0,2.6226,-0.5976,,3.2201999999999997,,1.3666,1.5855
2019-07-01,9.16,1.7778,2.2163,,-0.4384999999999999,,1.417,1.6187
2019-07-02,9.0,-1.7467,-0.0315,,-1.7151999999999998,,1.6965,1.6855
2019-07-03,8.9,-1.1111,-0.9422,,-0.16889999999999994,,1.8661,1.7083
2019-07-04,8.87,-0.3371,-0.332,,-0.005099999999999993,,1.8806,1.5613
2019-07-05,8.95,0.9019,0.1933,,0.7086,,1.4422,1.5076
2019-07-08,8.61,-3.7989,-2.5805,,-1.2184000000000004,,1.748,1.7833
2019-07-09,8.64,0.3484,-0.1749,,0.5233,,1.8385,1.4774
2019-07-10,8.43,-2.4306,-0.4416,,-1.989,,1.9834,1.5775
2019-07-11,8.46,0.3559,0.0844,,0.27149999999999996,,2.0692,1.5592
2019-07-12,8.51,0.591,0.4383,,0.15269999999999995,,2.0042,1.517
2019-07-15,8.57,0.7051,0.3972,,0.30789999999999995,,1.3196,1.5103
2019-07-16,8.57,0.0,-0.1553,,0.1553,,1.3,1.4744
2019-07-17,8.58,0.1167,-0.2019,,0.3186,,0.3004,1.422
2019-07-18,8.37,-2.4476,-1.0407,,-1.4069,,1.2881,1.5067
2019-07-19,8.61,2.8674,0.7935,,2.0739,,1.8984,1.6582
2019-07-22,8.46,-1.7422,-1.2732,,-0.46899999999999986,,2.0598,1.6984
2019-07-23,8.6,1.6548,0.4493,,1.2055,,2.2338,1.7365
2019-07-24,8.93,3.8372,0.8048,,3.0324,,2.7943,1.936
2019-07-25,9.02,1.0078,0.4817,,0.5261,,2.1276,1.9456
2019-07-26,9.33,3.4368,0.2444,,3.1923999999999997,,2.2302,2.0074
2019-07-29,9.3,-0.3215,-0.1199,,-0.2016,,1.725,1.9751
2019-07-30,9.38,0.8602,0.3852,,0.475,,1.7913,1.9328
2019-07-31,9.15,-2.452,-0.6717,,-1.7803,,2.1448,2.0036
2019-08-01,9.18,0.3279,-0.8095,,1.1374,,2.1266,2.0004
2019-08-02,9.11,-0.7625,-1.4071,,0.6446000000000001,,1.2691,2.0039
2019-08-05,8.99,-1.3172,-1.6159,,0.29869999999999997,,1.3172,1.8174
2019-08-06,8.79,-2.2247,-1.5573,,-0.6674,,1.1314,1.898
2019-08-07,8.58,-2.3891,-0.3197,,-2.0694,,1.1154,1.8951
2019-08-08,8.63,0.5828,0.9344,,-0.3516,,1.2088,1.8974
2019-08-09,8.52,-1.2746,-0.7085,,-0.5660999999999999,,1.1815,1.9186
2019-08-12,8.66,1.6432,1.4502,,0.19300000000000006,,1.7776,1.9474
2019-08-13,8.53,-1.5012,-0.6298,,-0.8714000000000001,,1.6506,1.9789
2019-08-14,8.58,0.5862,0.4165,,0.16970000000000007,,1.3473,1.9832
2019-08-15,8.74,1.8648,0.2453,,1.6195,,1.5852,1.9348
2019-08-16,9.09,4.0046,0.2848,,3.7197999999999998,,2.0066,2.0306
2019-08-19,9.11,0.22,2.0993,,-1.8793,,2.0497,1.9738
2019-08-20,9.32,2.3052,-0.1075,,2.4127,,1.5074,2.0009
2019-08-21,9.25,-0.7511,0.0115,,-0.7626,,1.8545,1.8457
2019-08-22,9.21,-0.4324,0.108,,-0.5404,,2.0269,1.8403
2019-08-23,9.37,1.7372,0.4852,,1.252,,1.3449,1.714
2019-08-26,9.58,2.2412,-1.1686,,3.4098,,1.492,1.7804
2019-08-27,9.57,-0.1044,1.3487,,-1.4531,,1.356,1.7736
2019-08-28,9.16,-4.2842,-0.2905,,-3.9937000000000005,,2.5715,1.9516
2019-08-29,9.07,-0.9825,-0.0981,,-0.8844000000000001,,2.5973,1.9628
2019-08-30,9.01,-0.6615,-0.1619,,-0.4996,,2.3407,1.961
2019-09-02,9.1,0.9989,1.3121,,-0.31320000000000003,,1.9811,1.9497
2019-09-03,9.06,-0.4396,0.2066,,-0.6462,,1.9483,1.8783
2019-09-04,9.16,1.1038,0.9303,,0.17349999999999988,,0.9762,1.7882
2019-09-05,9.28,1.31,0.962,,0.3480000000000001,,0.9347,1.8007
2019-09-06,9.52,2.5862,0.4602,,2.126,,1.0762,1.8209
2019-09-09,9.51,-0.105,0.8381,,-0.9430999999999999,,1.2101,1.8087
2019-09-10,9.41,-1.0515,-0.117,,-0.9345000000000001,,1.3951,1.7854
2019-09-11,9.41,0.0,-0.4101,,0.4101,,1.416,1.7888
2019-09-12,9.42,0.1063,0.7455,,-0.6392,,1.355,1.7601
2019-09-16,9.38,-0.4246,-0.0162,,-0.4084,,0.4672,1.5471
2019-09-17,9.09,-3.0917,-1.7365,,-1.3552,,1.311,1.71
2019-09-18,9.06,-0.33,0.2532,,-0.5831999999999999,,1.3287,1.6225
2019-09-19,9.2,1.5453,0.4562,,1.0891,,1.6796,1.657
2019-09-20,9.31,1.1957,0.2391,,0.9566,,1.8317,1.6753
2019-09-23,9.08,-2.4705,-0.9769,,-1.4935999999999998,,2.0978,1.7182
2019-09-24,9.06,-0.2203,0.2775,,-0.4978,,1.5861,1.624
2019-09-25,8.83,-2.5386,-1.0019,,-1.5367000000000002,,1.9478,1.7007
2019-09-26,8.67,-1.812,-0.8912,,-0.9208000000000001,,1.6183,1.4778
2019-09-27,8.72,0.5767,0.1052,,0.4715,,1.4012,1.4791
2019-09-30,8.74,0.2294,-0.9201,,1.1495,,1.3534,1.4774
2019-10-08,8.7,-0.4577,0.2884,,-0.7461,,1.3341,1.4539
2019-10-09,8.75,0.5747,0.3875,,0.18719999999999998,,1.0063,1.4633
2019-10-10,8.85,1.1429,0.7812,,0.3617,,0.5868,1.4651
2019-10-11,8.91,0.678,0.8803,,-0.20229999999999992,,0.5956,1.4383
2019-10-14,9.01,1.1223,1.1508,,-0.02849999999999997,,0.6504,1.3219
2019-10-15,8.96,-0.5549,-0.5595,,0.0046000000000000485,,0.6906,1.3229
2019-10-16,8.87,-1.0045,-0.4126,,-0.5918999999999999,,0.9949,1.3215
2019-10-17,9.01,1.5784,-0.0463,,1.6247,,1.1029,1.3851
2019-10-18,8.71,-3.3296,-1.3163,,-2.0133,,1.9491,1.5476
2019-10-21,8.69,-0.2296,0.0504,,-0.28,,1.7636,1.548
2019-10-22,8.81,1.3809,0.5021,,0.8788,,2.002,1.4543
2019-10-23,8.69,-1.3621,-0.4319,,-0.9302000000000001,,2.0385,1.4792
2019-10-24,8.72,0.3452,-0.0238,,0.369,,1.8013,1.4283
2019-10-25,8.81,1.0321,0.4764,,0.5557000000000001,,1.0871,1.42
2019-10-28,8.88,0.7946,0.8501,,-0.055499999999999994,,1.0745,1.3385
2019-10-29,8.75,-1.464,-0.8681,,-0.5959,,1.1967,1.3727
2019-10-30,8.67,-0.9143,-0.503,,-0.4113,,1.0939,1.269
2019-10-31,8.58,-1.0381,-0.3491,,-0.6890000000000001,,1.1454,1.2246
2019-11-01,8.72,1.6317,0.9949,,0.6367999999999999,,1.3374,1.2745
2019-11-04,8.8,0.9174,0.5845,,0.3329,,1.3611,1.29
2019-11-05,9.13,3.75,0.5401,,3.2099,,1.9812,1.5257
2019-11-06,8.85,-3.0668,-0.4332,,-2.6336000000000004,,2.6022,1.6933
2019-11-07,8.78,-0.791,0.0037,,-0.7947000000000001,,2.5693,1.6841
2019-11-08,8.74,-0.4556,-0.4878,,0.032200000000000006,,2.5059,1.6782
2019-11-11,8.55,-2.1739,-1.8288,,-0.3451000000000002,,2.6234,1.715
2019-11-12,8.59,0.4678,0.1667,,0.30110000000000003,,1.4086,1.7206
2019-11-13,8.64,0.5821,-0.3287,,0.9107999999999999,,1.1172,1.718
2019-11-14,8.62,-0.2315,0.1594,,-0.3909,,1.1055,1.671
2019-11-15,8.54,-0.9281,-0.6368,,-0.2913,,1.1353,1.5138
2019-11-18,8.57,0.3513,0.6177,,-0.2664,,0.6294,1.5165
2019-11-19,8.6,0.3501,0.8521,,-0.502,,0.6117,1.4821
2019-11-20,8.53,-0.814,-0.7819,,-0.032099999999999906,,0.6123,1.4627
2019-11-21,8.37,-1.8757,-0.2545,,-1.6212,,0.947,1.5119
2019-11-22,8.2,-2.0311,-0.632,,-1.3990999999999998,,1.1534,1.5362
2019-11-25,8.11,-1.0976,0.7237,,-1.8213,,0.9556,1.5203
2019-11-26,8.1,-0.1233,0.0306,,-0.1539,,0.7851,1.5023
2019-11-27,8.1,0.0,-0.1331,,0.1331,,0.9493,1.499
2019-11-28,8.44,4.1975,-0.465,,4.6625,,2.3867,1.7963
2019-11-29,8.81,4.3839,-0.6129,,4.9967999999999995,,2.6087,2.0242
2019-12-02,8.61,-2.2701,0.1334,,-2.4034999999999997,,2.9304,2.0788
2019-12-03,8.6,-0.1161,0.3091,,-0.42519999999999997,,2.9295,1.8725
2019-12-04,8.61,0.1163,-0.2281,,0.3444,,2.9177,1.755
2019-12-05,8.57,-0.4646,0.7418,,-1.2064,,2.4531,1.75
2019-12-06,8.56,-0.1167,0.4325,,-0.5492,,0.9726,1.748
2019-12-09,8.57,0.1168,0.0848,,0.032,,0.2382,1.6779
2019-12-10,8.34,-2.6838,0.0974,,-2.7812,,1.1854,1.7791
2019-12-11,8.31,-0.3597,0.2434,,-0.6031,,1.1307,1.7716
2019-12-12,8.32,0.1203,-0.2982,,0.41850000000000004,,1.1901,1.7728
2019-12-13,8.43,1.3221,1.7828,,-0.4606999999999999,,1.472,1.7929
2019-12-16,8.54,1.3049,0.5631,,0.7417999999999999,,1.6416,1.8167
2019-12-17,8.63,1.0539,1.2743,,-0.22039999999999993,,0.7643,1.8306
2019-12-18,8.61,-0.2317,-0.178,,-0.0537,,0.7213,1.8211
2019-12-19,8.63,0.2323,0.001,,0.2313,,0.6997,1.7631
2019-12-20,8.66,0.3476,-0.402,,0.7496,,0.6278,1.6855
2019-12-23,8.44,-2.5404,-1.404,,-1.1364,,1.3724,1.7763
2019-12-24,8.53,1.0664,0.6727,,0.39370000000000005,,1.3753,1.7843
2019-12-25,8.56,0.3517,-0.0268,,0.3785,,1.3992,1.7831
2019-12-26,8.5,-0.7009,0.8542,,-1.5551,,1.4046,1.538
2019-12-27,8.49,-0.1176,-0.0768,,-0.0408,,1.3662,1.1503
2019-12-30,8.64,1.7668,1.164,,0.6028,,0.9705,1.1177
2019-12-31,8.95,3.588,0.3322,,3.2558000000000002,,1.7209,1.3715
2020-01-02,8.94,-0.1117,1.1501,,-1.2617999999999998,,1.7746,1.3732
2020-01-03,8.95,0.1119,-0.0457,,0.1576,,1.6239,1.3646
2020-01-06,8.88,-0.7821,-0.0123,,-0.7698,,1.7642,1.3814
2020-01-07,8.93,0.5631,0.6937,,-0.13059999999999994,,1.6998,1.3837
2020-01-08,8.76,-1.9037,-1.221,,-0.6826999999999999,,0.9588,1.3066
2020-01-09,8.89,1.484,0.9127,,0.5713,,1.2954,1.3259
2020-01-10,8.97,0.8999,-0.0837,,0.9836,,1.374,1.3303
2020-01-13,9.07,1.1148,0.7528,,0.362,,1.3476,1.3235
2020-01-14,9.03,-0.441,-0.2808,,-0.1602,,1.3971,1.3164
2020-01-15,8.95,-0.8859,-0.5401,,-0.3458,,1.0357,1.3284
2020-01-16,8.91,-0.4469,-0.5165,,0.06959999999999994,,0.8972,1.3329
2020-01-17,8.86,-0.5612,0.0462,,-0.6074,,0.7809,1.343
2020-01-20,8.92,0.6772,0.6597,,0.01750000000000007,,0.5922,1.3477
2020-01-21,8.71,-2.3543,-1.41,,-0.9442999999999999,,1.0898,1.3286
2020-01-22,8.75,0.4592,0.2821,,0.17709999999999998,,1.1975,1.3138
2020-01-23,8.57,-2.0571,-2.7516,,0.6944999999999997,,1.3978,1.4005
2020-02-03,7.71,-10.035,-7.7244,,-2.3106,,4.3507,2.6498
2020-02-04,7.88,2.2049,1.3355,,0.8694,,4.6846,2.7152
2020-02-05,7.96,1.0152,1.2503,,-0.23509999999999986,,4.9214,2.6897
2020-02-06,7.98,0.2513,1.7182,,-1.4668999999999999,,4.8996,2.5298
2020-02-07,7.98,0.0,0.3297,,-0.3297,,4.9508,2.5309
2020-02-10,8.37,4.8872,0.5052,,4.382,,1.9917,2.8054
2020-02-11,8.25,-1.4337,0.3868,,-1.8205,,2.3758,2.8152
2020-02-12,8.25,0.0,0.8695,,-0.8695,,2.4113,2.8086
2020-02-13,8.11,-1.697,-0.7117,,-0.9853000000000001,,2.6553,2.803
2020-02-14,8.1,-0.1233,0.3765,,-0.4998,,2.66,2.7706
2020-02-17,8.3,2.4691,2.2835,,0.1856,,1.6526,2.8317
2020-02-18,8.3,0.0,0.0452,,-0.0452,,1.4923,2.8123
2020-02-19,8.23,-0.8434,-0.3206,,-0.5228,,1.5569,2.814
2020-02-20,8.39,1.9441,1.8401,,0.10399999999999987,,1.4341,2.8603
2020-02-21,8.38,-0.1192,0.3142,,-0.4334,,1.4335,2.8602
2020-02-24,8.31,-0.8353,-0.2777,,-0.5576000000000001,,1.14,2.8624
2020-02-25,8.12,-2.2864,-0.5998,,-1.6865999999999999,,1.5423,2.8869
2020-02-26,8.19,0.8621,-0.8337,,1.6958,,1.6144,2.8634
2020-02-27,8.4,2.5641,0.1138,,2.4503,,1.8201,2.9294
2020-02-28,8.1,-3.5714,-3.7117,,0.14029999999999987,,2.4425,2.9997
2020-03-02,8.28,2.2222,3.1465,,-0.9243000000000001,,2.7491,1.9669
2020-03-03,8.5,2.657,0.7395,,1.9175,,2.6262,1.9915
2020-03-04,8.6,1.1765,0.6272,,0.5493000000000001,,2.6275,1.9945
2020-03-05,8.62,0.2326,1.9926,,-1.76,,2.4857,1.9945
2020-03-06,8.62,0.0,-1.2101,,1.2101,,1.1755,1.9945
2020-03-09,8.39,-2.6682,-3.0061,,0.33789999999999987,,1.951,1.8077
2020-03-10,9.12,8.7008,1.8167,,6.884099999999999,,4.2774,2.6162
2020-03-11,9.06,-0.6579,-0.9424,,0.2845,,4.3881,2.6274
2020-03-12,9.06,0.0,-1.5169,,1.5169,,4.4011,2.5796
2020-03-13,8.97,-0.9934,-1.2335,,0.2401000000000001,,4.4834,2.5995
2020-03-16,8.72,-2.7871,-3.4003,,0.6132,,4.5072,2.6595
2020-03-17,8.6,-1.3761,-0.3445,,-1.0316,,1.0392,2.6848
2020-03-18,8.43,-1.9767,-1.8305,,-0.14619999999999989,,1.0463,2.7199
2020-03-19,8.43,0.0,-0.9759,,0.9759,,1.0463,2.6872
2020-03-20,8.73,3.5587,1.6095,,1.9492,,2.495,2.798
2020-03-23,8.78,0.5727,-3.1122,,3.6849,,2.1606,2.7872
2020-03-24,8.94,1.8223,2.3408,,-0.5185000000000002,,2.065,2.7366
2020-03-25,9.12,2.0134,2.1727,,-0.1593,,1.3849,2.7563
2020-03-26,9.36,2.6316,-0.5997,,3.2313,,1.0984,2.7589
2020-03-27,9.28,-0.8547,0.2637,,-1.1184,,1.3881,2.6065
2020-03-30,9.13,-1.6164,-0.9015,,-0.7149000000000001,,1.9006,2.6308
2020-03-31,9.07,-0.6572,0.1125,,-0.7697,,1.8904,2.5933
2020-04-01,8.99,-0.882,-0.5738,,-0.30820000000000003,,1.6657,2.5999
2020-04-02,9.08,1.0011,1.6866,,-0.6855,,0.9675,2.6053
2020-04-03,9.15,0.7709,-0.5988,,1.3697,,1.1221,2.6064
2020-04-07,9.45,3.2787,2.0539,,1.2248,,1.6651,2.5855
2020-04-08,9.27,-1.9048,-0.1911,,-1.7137,,1.9829,1.8154
2020-04-09,9.29,0.2157,0.374,,-0.1583,,1.8548,1.8068
2020-04-10,9.62,3.5522,-1.0358,,4.588,,2.2718,1.9603
2020-04-13,9.52,-1.0395,-0.4856,,-0.5539000000000001,,2.4878,1.9619
2020-04-14,9.91,4.0966,1.5893,,2.5073,,2.7071,1.9925
2020-04-15,9.63,-2.8254,-0.5698,,-2.2556000000000003,,2.9711,2.0942
2020-04-16,9.49,-1.4538,0.312,,-1.7658,,3.1421,2.0635
2020-04-17,9.62,1.3699,0.6578,,0.7120999999999998,,2.7309,2.0648
2020-04-20,9.48,-1.4553,0.4953,,-1.9506000000000001,,2.7775,2.0006
2020-04-21,9.7,2.3207,-0.8953,,3.216,,2.1588,2.0448
2020-04-22,9.81,1.134,0.6003,,0.5337,,1.7354,2.0274
2020-04-23,9.62,-1.9368,-0.1927,,-1.7441,,1.8713,2.0627
2020-04-24,9.52,-1.0395,-1.0558,,0.01629999999999998,,1.8324,2.0057
2020-04-27,9.79,2.8361,0.2478,,2.5883000000000003,,2.0826,2.0813
2020-04-28,9.82,0.3064,-0.1943,,0.5007,,1.8653,2.0325
2020-04-29,9.68,-1.4257,0.442,,-1.8677,,1.916,2.0603
2020-04-30,9.87,1.9628,1.3336,,0.6292000000000002,,1.8513,2.0692
2020-05-06,9.73,-1.4184,0.6315,,-2.0499,,1.9373,2.108
2020-05-07,9.73,0.0,-0.23,,0.23,,1.4076,2.1073
2020-05-08,9.59,-1.4388,0.8295,,-2.2683,,1.4909,2.022
2020-05-11,9.68,0.9385,-0.0187,,0.9572,,1.4845,1.9735
2020-05-12,9.4,-2.8926,-0.1119,,-2.7807,,1.4748,2.0939
2020-05-13,9.49,0.9574,0.2244,,0.7330000000000001,,1.662,1.9423
2020-05-14,9.19,-3.1612,-0.9562,,-2.205,,1.9977,2.0539
2020-05-15,9.19,0.0,-0.0655,,0.0655,,2.0433,1.7954
2020-05-18,9.81,6.7465,0.2426,,6.5039,,4.0077,2.3069
2020-05-19,9.29,-5.3007,0.8054,,-6.1061,,4.5937,2.588
2020-05-20,9.25,-0.4306,-0.512,,0.08140000000000003,,4.5517,2.5664
2020-05-21,8.98,-2.9189,-0.5486,,-2.3703,,4.5164,2.6253
2020-05-22,9.0,0.2227,-1.8881,,2.1108,,4.5222,2.5587
2020-05-25,8.73,-3.0,0.1493,,-3.1493,,2.2212,2.5998
2020-05-26,8.91,2.0619,1.0142,,1.0477,,2.1623,2.6409
2020-05-27,9.01,1.1223,-0.3425,,1.4648,,2.3355,2.6554
2020-05-28,9.1,0.9989,0.3321,,0.6668000000000001,,1.947,2.5739
2020-05-29,9.08,-0.2198,0.2154,,-0.43520000000000003,,1.9603,2.5697
2020-06-01,9.32,2.6432,2.2115,,0.4317000000000002,,1.0971,2.6409
2020-06-02,9.79,5.0429,0.2048,,4.838100000000001,,2.0211,2.8523
2020-06-03,9.81,0.2043,0.0674,,0.13690000000000002,,2.149,2.833
2020-06-04,9.83,0.2039,-0.1409,,0.3448,,2.2443,2.833
2020-06-05,9.8,-0.3052,0.3956,,-0.7008000000000001,,2.2616,2.8121
2020-06-08,10.48,6.9388,0.2378,,6.701,,3.3371,3.1951
2020-06-09,10.3,-1.7176,0.6243,,-2.3419,,3.3765,3.1409
2020-06-10,10.39,0.8738,-0.4181,,1.2919,,3.347,3.1403
2020-06-11,10.25,-1.3474,-0.7762,,-0.5711999999999999,,3.5292,3.054
2020-06-12,10.2,-0.4878,-0.0397,,-0.4481,,3.5456,3.0609
2020-06-15,10.1,-0.9804,-1.0176,,0.03720000000000001,,1.0062,2.707
2020-06-16,10.32,2.1782,1.4436,,0.7345999999999999,,1.4587,2.4103
2020-06-17,10.4,0.7752,0.1405,,0.6347,,1.4454,2.3995
2020-06-18,10.63,2.2115,0.1175,,2.094,,1.475,2.2727
2020-06-19,10.68,0.4704,0.9631,,-0.49269999999999997,,1.3309,2.2697
2020-06-22,10.6,-0.7491,-0.0795,,-0.6696,,1.2494,2.1177
2020-06-23,11.04,4.1509,0.1804,,3.9705,,1.8772,2.222
2020-06-24,10.9,-1.2681,0.3006,,-1.5687,,2.229,2.2842
2020-06-29,10.83,-0.6422,-0.6051,,-0.03710000000000002,,2.1945,2.3128
2020-06-30,10.74,-0.831,0.7817,,-1.6126999999999998,,2.2591,2.3323
2020-07-01,10.67,-0.6518,1.3841,,-2.0359000000000003,,2.2501,2.3166
2020-07-02,10.95,2.6242,2.1345,,0.4897,,1.5735,2.1341
2020-07-03,11.14,1.7352,2.0139,,-0.27869999999999995,,1.6145,2.1473
2020-07-06,11.38,2.1544,5.7114,,-3.5570000000000004,,1.6273,2.1697
2020-07-07,11.2,-1.5817,0.3739,,-1.9556,,1.8575,2.2207
2020-07-08,11.58,3.3929,1.7367,,1.6562000000000001,,1.9165,1.7969
2020-07-09,12.28,6.0449,1.3854,,4.6595,,2.7665,2.1017
2020-07-10,12.07,-1.7101,-1.9495,,0.23940000000000006,,3.3294,2.1815
2020-07-13,12.31,1.9884,1.7725,,0.21589999999999998,,3.3241,2.1379
2020-07-14,11.89,-3.4119,-0.8326,,-2.5793,,3.8283,2.3319
2020-07-15,11.91,0.1682,-1.5615,,1.7297,,3.6466,2.2998
2020-07-16,11.45,-3.8623,-4.4983,,0.6360000000000006,,2.4567,2.5041
2020-07-17,11.77,2.7948,0.1255,,2.6693,,3.0526,2.5539
2020-07-20,12.25,4.0782,3.1119,,0.9662999999999999,,3.5714,2.6463
2020-07-21,12.03,-1.7959,0.2034,,-1.9993,,3.2493,2.7065
2020-07-22,11.95,-0.665,0.3695,,-1.0345,,3.2775,2.7043
2020-07-23,11.98,0.251,-0.2415,,0.4925,,2.4405,2.575
2020-07-24,11.7,-2.3372,-3.8597,,1.5225,,2.5387,2.623
2020-07-27,11.56,-1.1966,0.2646,,-1.4612,,1.0033,2.6374
2020-07-28,12.4,7.2664,0.7092,,6.5572,,3.8078,3.0363
2020-07-29,12.18,-1.7742,2.0629,,-3.8371,,3.9348,3.074
2020-07-30,11.9,-2.2989,-0.2346,,-2.0643000000000002,,4.1263,3.1094
2020-07-31,12.01,0.9244,0.7055,,0.21889999999999998,,3.9311,3.0972
2020-08-03,12.1,0.7494,1.7511,,-1.0017,,3.805,3.0717
2020-08-04,12.08,-0.1653,0.1105,,-0.2758,,1.4629,3.0409
2020-08-05,12.03,-0.4139,0.1741,,-0.588,,1.2855,2.9633
2020-08-06,12.1,0.5819,0.2635,,0.31839999999999996,,0.5898,2.6326
2020-08-07,11.86,-1.9835,-0.9573,,-1.0262,,1.0874,2.6424
2020-08-10,12.03,1.4334,0.7516,,0.6818,,1.2714,2.6227
2020-08-11,11.96,-0.5819,-1.1529,,0.5710000000000001,,1.2895,2.5074
2020-08-12,12.07,0.9197,-0.6293,,1.549,,1.3679,2.5148
2020-08-13,12.15,0.6628,0.044,,0.6187999999999999,,1.3759,2.3372
2020-08-14,12.36,1.7284,1.1856,,0.5428,,0.8945,2.2895
2020-08-17,12.62,2.1036,2.3422,,-0.23859999999999992,,1.0447,2.1552
2020-08-18,12.97,2.7734,0.3574,,2.416,,0.8633,2.1779
2020-08-19,12.97,0.0,-1.2448,,1.2448,,1.1156,2.1658
2020-08-20,11.82,-8.8666,-1.2978,,-7.5687999999999995,,4.814,3.0035
2020-08-21,11.81,-0.0846,0.4988,,-0.5834,,4.675,2.954
2020-08-24,11.74,-0.5927,0.1467,,-0.7394000000000001,,4.4017,2.9433
2020-08-25,11.82,0.6814,-0.3562,,1.0376,,3.9916,2.4242
2020-08-26,11.25,-4.8223,-1.2995,,-3.5228,,4.0385,2.6159
2020-08-27,10.81,-3.9111,0.6118,,-4.5229,,2.4563,2.7022
2020-08-28,11.11,2.7752,1.6029,,1.1723,,3.1693,2.782
2020-08-31,10.85,-2.3402,-0.2388,,-2.1014,,3.1855,2.8034
2020-09-01,10.69,-1.4747,0.4397,,-1.9143999999999999,,2.9496,2.8103
2020-09-02,10.65,-0.3742,-0.1704,,-0.20379999999999998,,2.5059,2.8104
2020-09-03,10.66,0.0939,-0.5821,,0.6759999999999999,,1.9464,2.802
2020-09-04,10.52,-1.3133,-0.8747,,-0.4385999999999999,,0.9584,2.7885
2020-09-07,10.88,3.4221,-1.871,,5.2931,,1.9833,2.8967
2020-09-08,11.28,3.6765,0.7237,,2.9528,,2.2935,3.0402
2020-09-09,11.14,-1.2411,-1.8632,,0.6220999999999999,,2.4596,3.0349
2020-09-10,10.96,-1.6158,-0.6087,,-1.0070999999999999,,2.7105,3.0375
2020-09-11,10.84,-1.0949,0.7892,,-1.8841,,2.6738,2.9953
2020-09-14,11.02,1.6605,0.5662,,1.0943,,2.3043,2.9757
2020-09-15,11.25,2.0871,0.5145,,1.5726,,1.7646,2.9381
2020-09-16,11.14,-0.9778,-0.3568,,-0.621,,1.7232,2.9346
2020-09-17,10.94,-1.7953,-0.4105,,-1.3847999999999998,,1.7669,2.246
2020-09-18,11.05,1.0055,2.0685,,-1.0629999999999997,,1.697,2.2663
2020-09-21,10.91,-1.267,-0.6336,,-0.6333999999999999,,1.6562,2.2757
2020-09-22,10.67,-2.1998,-1.2855,,-0.9143000000000001,,1.2404,2.2987
2020-09-23,10.6,-0.656,0.1652,,-0.8212,,1.2532,2.0615
2020-09-24,10.08,-4.9057,-1.7236,,-3.1821,,2.1839,2.1632
2020-09-25,9.94,-1.3889,-0.1167,,-1.2722,,1.6707,2.0462
2020-09-28,10.02,0.8048,-0.0587,,0.8634999999999999,,2.1203,2.0209
2020-09-29,9.89,-1.2974,0.2123,,-1.5097,,2.1021,2.0162
2020-09-30,9.73,-1.6178,-0.1957,,-1.4221,,2.0503,2.0354
2020-10-09,10.1,3.8027,1.679,,2.1237000000000004,,2.3086,2.244
2020-10-12,10.33,2.2772,2.6402,,-0.363,,2.3153,2.2971
2020-10-13,10.43,0.9681,0.0381,,0.9299999999999999,,2.3167,2.1626
2020-10-14,10.56,1.2464,-0.5646,,1.811,,1.9899,1.9958
2020-10-15,10.74,1.7045,-0.2574,,1.9619,,1.1232,2.0319
2020-10-16,10.56,-1.676,0.1254,,-1.8014,,1.5251,2.0342
2020-10-19,10.55,-0.0947,-0.7101,,0.6154,,1.3501,2.0224
2020-10-20,10.69,1.327,0.4658,,0.8612,,1.3947,2.0083
2020-10-21,10.49,-1.8709,-0.0925,,-1.7784,,1.6515,1.9728
2020-10-22,10.37,-1.1439,-0.3765,,-0.7673999999999999,,1.3224,1.976
2020-10-23,10.07,-2.893,-1.0415,,-1.8514999999999997,,1.626,2.033
2020-10-26,10.04,-0.2979,-0.82,,0.5221,,1.6022,2.0065
2020-10-27,10.17,1.2948,0.0984,,1.1964,,1.5906,2.0338
2020-10-28,10.36,1.8682,0.4585,,1.4097,,1.9143,2.0404
2020-10-29,10.27,-0.8687,0.1068,,-0.9755,,1.8854,2.0439
2020-10-30,10.0,-2.629,-1.4728,,-1.1562,,1.7918,1.8149
2020-11-02,10.5,5.0,0.0183,,4.9817,,2.8931,2.1017
2020-11-03,10.55,0.4762,1.4248,,-0.9486000000000001,,2.8907,2.0988
2020-11-04,10.4,-1.4218,0.1947,,-1.6165,,2.9518,2.1039
2020-11-05,10.65,2.4038,1.3025,,1.1013,,3.0416,2.1059
2020-11-06,10.59,-0.5634,-0.2401,,-0.32330000000000003,,2.5688,1.9642
2020-11-09,11.03,4.1549,1.8589,,2.2959999999999994,,2.2642,2.1057
2020-11-10,11.1,0.6346,-0.4025,,1.0371000000000001,,2.256,2.1018
2020-11-11,11.17,0.6306,-0.5342,,1.1648,,1.845,2.0922
2020-11-12,11.2,0.2686,-0.1053,,0.3739,,1.8165,2.066
2020-11-13,11.22,0.1786,-0.856,,1.0346,,1.6795,2.017
2020-11-16,11.76,4.8128,1.1139,,3.6989,,1.9718,2.2488
2020-11-17,12.71,8.0782,-0.2112,,8.2894,,3.5319,2.8063
2020-11-18,12.09,-4.878,0.2216,,-5.0996,,4.9499,3.0342
2020-11-19,11.57,-4.3011,0.4717,,-4.7728,,5.6507,3.2149
2020-11-20,11.8,1.9879,0.4353,,1.5526,,5.6606,3.1199
2020-11-23,11.73,-0.5932,1.0883,,-1.6815,,5.2877,3.1262
2020-11-24,11.83,0.8525,-0.3418,,1.1943000000000001,,3.0706,3.1243
2020-11-25,11.47,-3.0431,-1.1899,,-1.8532,,2.6265,3.2276
2020-11-26,11.86,3.4002,0.2201,,3.1801,,2.4747,3.2691
2020-11-27,11.61,-2.1079,1.1449,,-3.2527999999999997,,2.5445,3.2426
2020-11-30,11.52,-0.7752,-0.4856,,-0.2896,,2.5511,3.1028
2020-12-01,11.5,-0.1736,1.7743,,-1.9479,,2.4718,3.1066
2020-12-02,11.55,0.4348,-0.0742,,0.509,,2.0435,3.0745
2020-12-03,11.46,-0.7792,-0.2099,,-0.5693,,0.943,3.0569
2020-12-04,11.17,-2.5305,0.0709,,-2.6014,,1.1075,3.1208
2020-12-07,10.84,-2.9543,-0.8123,,-2.142,,1.4791,3.0645
2020-12-08,10.61,-2.1218,-0.1879,,-1.9339,,1.3952,3.0943
2020-12-09,10.42,-1.7908,-1.1208,,-0.6699999999999999,,0.8269,3.1082
2020-12-10,10.38,-0.3839,0.0391,,-0.42300000000000004,,0.9814,3.1054
2020-12-11,10.22,-1.5414,-0.7734,,-0.7680000000000001,,0.9354,3.1142
2020-12-14,10.51,2.8376,0.6552,,2.1824000000000003,,2.03,2.9674
2020-12-15,10.5,-0.0951,-0.0561,,-0.03900000000000001,,1.844,2.1792
2020-12-16,10.35,-1.4286,-0.0074,,-1.4212,,1.7713,1.9772
2020-12-17,10.59,2.3188,1.1253,,1.1935,,2.0603,1.9052
2020-12-18,10.4,-1.7941,-0.2928,,-1.5013,,2.1226,1.8397
2020-12-21,10.26,-1.3462,0.7561,,-2.1023,,1.6851,1.847
2020-12-22,10.12,-1.3645,-1.8649,,0.5004,,1.7101,1.8183
2020-12-23,10.18,0.5929,0.7608,,-0.16790000000000005,,1.7402,1.759
2020-12-24,9.96,-2.1611,-0.568,,-1.5930999999999997,,1.0652,1.52
2020-12-25,10.03,0.7028,0.9946,,-0.29180000000000006,,1.2877,1.5283
2020-12-28,9.85,-1.7946,0.0215,,-1.8161,,1.3564,1.5472
2020-12-29,10.09,2.4365,-0.5372,,2.9737,,1.9146,1.7023
2020-12-30,10.02,-0.6938,1.0479,,-1.7417,,1.8938,1.6835
2020-12-31,10.5,4.7904,1.7168,,3.0736,,2.6057,2.0822
2021-01-04,10.46,-0.381,0.8606,,-1.2416,,2.6895,2.0219
2021-01-05,10.58,1.1472,0.7342,,0.41300000000000003,,2.2456,1.946
2021-01-06,10.39,-1.7958,0.6291,,-2.4249,,2.561,1.9295
2021-01-07,10.18,-2.0212,0.7131,,-2.7342999999999997,,2.789,1.9409
2021-01-08,10.17,-0.0982,-0.1703,,0.07210000000000001,,1.3036,1.9397
2021-01-11,9.86,-3.0482,-1.0815,,-1.9667000000000001,,1.6705,2.0266
2021-01-12,9.94,0.8114,2.1758,,-1.3644000000000003,,1.5573,1.9165
2021-01-13,9.79,-1.5091,-0.2685,,-1.2406000000000001,,1.5364,1.9361
2021-01-14,9.86,0.715,-0.9101,,1.6251,,1.6424,1.9315
2021-01-15,9.89,0.3043,0.0135,,0.2908,,1.6841,1.8423
2021-01-18,10.02,1.3145,0.8367,,0.4778,,1.0877,1.843
2021-01-19,9.95,-0.6986,-0.8298,,0.13119999999999998,,1.1285,1.8269
2021-01-20,9.81,-1.407,0.4685,,-1.8755000000000002,,1.0942,1.8284
2021-01-21,9.84,0.3058,1.0653,,-0.7594999999999998,,1.0458,1.8235
2021-01-22,9.89,0.5081,-0.4007,,0.9088,,1.0662,1.7656
2021-01-25,9.78,-1.1122,0.4849,,-1.5971000000000002,,0.8516,1.7731
2021-01-26,9.51,-2.7607,-1.5123,,-1.2484,,1.3417,1.8335
2021-01-27,9.3,-2.2082,0.1095,,-2.3177000000000003,,1.461,1.7808
2021-01-28,9.05,-2.6882,-1.9075,,-0.7807000000000002,,1.3757,1.853
2021-01-29,8.9,-1.6575,-0.6308,,-1.0267,,0.7008,1.3882
2021-02-01,8.9,0.0,0.6377,,-0.6377,,1.1313,1.3971
2021-02-02,8.74,-1.7978,0.8102,,-2.608,,1.0163,1.3354
2021-02-03,8.57,-1.9451,-0.4633,,-1.4818,,0.9879,1.3409
2021-02-04,8.3,-3.1505,-0.4393,,-2.7112,,1.1253,1.4103
2021-02-05,8.41,1.3253,-0.1579,,1.4831999999999999,,1.7675,1.4921
2021-02-08,8.54,1.5458,1.0331,,0.5127000000000002,,2.1125,1.5032
2021-02-09,8.7,1.8735,2.0111,,-0.13759999999999994,,2.3098,1.5766
2021-02-10,8.8,1.1494,1.4319,,-0.2825,,2.0855,1.6122
2021-02-18,9.68,10.0,0.5546,,9.4454,,3.8227,2.8489
2021-02-19,9.89,2.1694,0.5662,,1.6032,,3.7381,2.8915
2021-02-22,9.9,0.1011,-1.4537,,1.5548,,3.9614,2.876
2021-02-23,10.03,1.3131,-0.1669,,1.48,,4.0109,2.8862
2021-02-24,9.99,-0.3988,-1.9877,,1.5889,,4.2377,2.8677
2021-02-25,9.81,-1.8018,0.5884,,-2.3902,,1.5382,2.8994
2021-02-26,9.65,-1.631,-2.1191,,0.4881,,1.2876,2.9199
2021-03-01,10.07,4.3523,1.206,,3.1462999999999997,,2.5524,3.0704
2021-03-02,9.94,-1.291,-1.2054,,-0.0855999999999999,,2.5766,3.0131
2021-03-03,9.99,0.503,1.9469,,-1.4439000000000002,,2.5868,2.9566
2021-03-04,10.33,3.4034,-2.0523,,5.4557,,2.7115,2.9355
2021-03-05,10.39,0.5808,-0.0428,,0.6235999999999999,,2.3123,2.883
2021-03-08,10.94,5.2936,-2.301,,7.5946,,2.6195,3.0428
2021-03-09,10.55,-3.5649,-1.8156,,-1.7493,,3.3607,3.1544
2021-03-10,10.07,-4.5498,-0.0461,,-4.5037,,4.2744,3.3308
2021-03-11,10.48,4.0715,2.3555,,1.7160000000000002,,4.4067,3.2638
2021-03-12,10.44,-0.3817,0.4728,,-0.8545,,4.416,3.2832
2021-03-15,10.34,-0.9579,-0.9594,,0.0015000000000000568,,3.3636,3.3144
2021-03-16,10.66,3.0948,0.7831,,2.3117,,3.4494,3.3423
2021-03-17,10.68,0.1876,-0.0342,,0.2218,,2.2371,3.348
2021-03-18,10.5,-1.6854,0.5085,,-2.1939,,1.8374,2.6451
2021-03-19,10.39,-1.0476,-1.6867,,0.6391,,1.8997,2.6322
2021-03-22,10.48,0.8662,1.139,,-0.27280000000000004,,1.8642,2.635
2021-03-23,10.37,-1.0496,-0.9273,,-0.12230000000000008,,1.0411,2.641
2021-03-24,9.93,-4.243,-1.3029,,-2.9401,,1.8399,2.8207
2021-03-25,9.81,-1.2085,-0.1031,,-1.1054,,1.8359,2.8037
2021-03-26,9.84,0.3058,1.6274,,-1.3215999999999999,,1.983,2.7764
2021-03-29,9.91,0.7114,0.4964,,0.21500000000000002,,1.9462,2.5989
2021-03-30,9.91,0.0,0.6224,,-0.6224,,2.0081,2.5824
2021-03-31,10.62,7.1645,-0.4273,,7.5918,,3.304,3.0379
2021-04-01,10.56,-0.565,0.7095,,-1.2745,,3.1877,2.9564
2021-04-02,10.36,-1.8939,0.521,,-2.4149,,3.5311,2.9891
2021-04-06,10.33,-0.2896,-0.0408,,-0.24880000000000002,,3.5854,2.72
2021-04-07,10.35,0.1936,-0.0959,,0.2895,,3.5745,2.6065
2021-04-08,10.26,-0.8696,0.0839,,-0.9535,,0.7807,2.3944
2021-04-09,10.15,-1.0721,-0.9151,,-0.15700000000000003,,0.7941,2.2174
2021-04-12,10.16,0.0985,-1.0934,,1.1919,,0.5667,2.2172
2021-04-13,10.02,-1.378,-0.4829,,-0.8950999999999999,,0.7104,2.2276
2021-04-14,10.08,0.5988,0.5962,,0.0026000000000000467,,0.8363,2.1036
2021-04-15,10.3,2.1825,-0.5189,,2.7014,,1.4268,2.1721
2021-04-16,10.36,0.5825,0.8129,,-0.23039999999999994,,1.2748,2.1473
2021-04-19,10.39,0.2896,1.4863,,-1.1966999999999999,,1.2657,2.1352
2021-04-20,10.49,0.9625,-0.1326,,1.0951,,0.7433,2.1373
2021-04-21,10.34,-1.4299,-0.0003,,-1.4296,,1.3056,2.149
2021-04-22,10.37,0.2901,-0.2252,,0.5153000000000001,,0.9195,1.9021
2021-04-23,10.03,-3.2787,0.2615,,-3.5402,,1.7236,2.0363
2021-04-26,10.1,0.6979,-0.9499,,1.6478,,1.7868,2.0399
2021-04-27,9.14,-9.505,0.0418,,-9.546800000000001,,4.1451,2.9625
2021-04-28,9.13,-0.1094,0.42,,-0.5294,,4.2817,2.9619
2021-04-29,8.96,-1.862,0.5158,,-2.3778,,4.0478,2.3855
2021-04-30,8.91,-0.558,-0.8069,,0.2488999999999999,,4.1509,2.3856
2021-05-06,8.91,0.0,-0.1619,,0.1619,,4.0364,2.3782
2021-05-07,8.9,-0.1122,-0.6512,,0.539,,0.7758,2.3802
2021-05-10,8.92,0.2247,0.2668,,-0.04209999999999997,,0.8332,2.3808
2021-05-11,8.78,-1.5695,0.4043,,-1.9737999999999998,,0.7116,2.3884
2021-05-12,8.93,1.7084,0.6072,,1.1012,,1.1654,2.4487
2021-05-13,8.83,-1.1198,-0.9591,,-0.16069999999999995,,1.2795,2.4453
2021-05-14,8.93,1.1325,1.774,,-0.6415,,1.409,2.4713
2021-05-17,8.93,0.0,0.7804,,-0.7804,,1.4066,2.4604
2021-05-18,8.82,-1.2318,0.3238,,-1.5556,,1.3157,2.3761
2021-05-19,8.76,-0.6803,-0.5115,,-0.16880000000000006,,0.9741,2.3556
2021-05-20,8.94,2.0548,-0.1145,,2.1693000000000002,,1.3379,2.4308
2021-05-21,8.9,-0.4474,-0.5811,,0.13369999999999993,,1.2633,2.3997
2021-05-24,8.76,-1.573,0.3075,,-1.8805,,1.4293,2.4019
2021-05-25,8.7,-0.6849,2.4036,,-3.0885,,1.367,2.3885
2021-05-26,8.86,1.8391,0.3356,,1.5034999999999998,,1.6175,2.3883
2021-05-27,8.79,-0.7901,0.4311,,-1.2212,,1.2847,2.3692
2021-05-28,8.71,-0.9101,-0.2236,,-0.6865,,1.3115,1.1437
2021-05-31,8.72,0.1148,0.4082,,-0.2934,,1.1489,1.1461
2021-06-01,8.47,-2.867,0.2553,,-3.1223,,1.7104,1.2399
2021-06-02,8.33,-1.6529,-0.7606,,-0.8923,,1.1138,1.2768
2021-06-03,8.34,0.12,-0.3595,,0.4795,,1.2659,1.2787
2021-06-04,8.32,-0.2398,0.2129,,-0.4527,,1.3174,1.2779
2021-06-07,8.3,-0.2404,0.2144,,-0.4548,,1.2568,1.2715
2021-06-08,8.34,0.4819,-0.5398,,1.0217,,0.8101,1.2507
2021-06-09,8.37,0.3597,0.3154,,0.044300000000000006,,0.3335,1.1735
2021-06-10,8.39,0.2389,0.5418,,-0.30289999999999995,,0.3398,1.1639
2021-06-11,8.33,-0.7151,-0.5846,,-0.13049999999999995,,0.4962,1.121
2021-06-15,8.21,-1.4406,-0.9246,,-0.5160000000000001,,0.8328,1.144
2021-06-16,8.11,-1.218,-1.0749,,-0.1431,,0.8241,1.1435
2021-06-17,8.07,-0.4932,0.2066,,-0.6998,,0.6592,1.1419
2021-06-18,8.09,0.2478,-0.0142,,0.262,,0.6624,0.9999
2021-06-21,8.06,-0.3708,0.1157,,-0.48650000000000004,,0.6812,1.0002
2021-06-22,8.18,1.4888,0.7999,,0.6888999999999998,,1.0147,1.0583
2021-06-23,8.21,0.3667,0.2477,,0.11900000000000002,,0.7883,1.0662
2021-06-24,8.25,0.4872,0.0121,,0.4751,,0.6712,0.9623
2021-06-25,8.52,3.2727,1.147,,2.1257,,1.4085,1.2505
2021-06-28,8.66,1.6432,-0.033,,1.6762,,1.1685,1.2981
2021-06-29,8.29,-4.2725,-0.9203,,-3.3522,,2.8102,1.6077
2021-06-30,8.3,0.1206,0.5043,,-0.3837,,2.8109,1.4849
2021-07-01,8.2,-1.2048,-0.0674,,-1.1374000000000002,,2.8763,1.4634
2021-07-02,8.12,-0.9756,-1.9511,,0.9755,,2.178,1.4764
2021-07-05,8.14,0.2463,0.4422,,-0.1959,,1.8252,1.4784
2021-07-06,8.16,0.2457,-0.1149,,0.36060000000000003,,0.7154,1.4799
2021-07-07,8.18,0.2451,0.6645,,-0.4194,,0.7362,1.4762
2021-07-08,8.11,-0.8557,-0.7941,,-0.06159999999999999,,0.6375,1.4818
2021-07-09,8.25,1.7263,-0.04,,1.7663,,0.9188,1.5385
2021-07-12,8.27,0.2424,0.6739,,-0.43150000000000005,,0.9188,1.5323
2021-07-13,8.27,0.0,0.5265,,-0.5265,,0.9304,1.4957
2021-07-14,8.18,-1.0883,-1.066,,-0.022299999999999986,,1.113,1.4902
2021-07-15,8.18,0.0,1.0228,,-1.0228,,1.0085,1.4847
2021-07-16,8.17,-0.1222,-0.7095,,0.5873,,0.5174,1.4848
2021-07-19,8.2,0.3672,-0.0051,,0.3723,,0.5459,1.4827
2021-07-20,8.16,-0.4878,-0.0658,,-0.42200000000000004,,0.5518,1.4506
2021-07-21,8.18,0.2451,0.7315,,-0.48640000000000005,,0.3346,1.4492
2021-07-22,8.29,1.3447,0.3388,,1.0059,,0.688,1.477
2021-07-23,8.34,0.6031,-0.6806,,1.2837,,0.6607,1.276
2021-07-26,8.14,-2.3981,-2.3366,,-0.06150000000000011,,1.4252,1.3052
2021-07-27,7.98,-1.9656,-2.4877,,0.5220999999999998,,1.6511,1.0026
2021-07-28,7.71,-3.3835,-0.5794,,-2.8041,,2.0315,1.2273
2021-07-29,7.74,0.3891,1.4913,,-1.1022,,1.7643,1.2213
2021-07-30,7.68,-0.7752,-0.4209,,-0.3543,,1.465,1.2162
2021-08-02,7.72,0.5208,1.9701,,-1.4493,,1.6505,1.2238
2021-08-03,7.78,0.7772,-0.4705,,1.2477,,1.7215,1.241
2021-08-04,7.68,-1.2853,0.8477,,-2.133,,0.9016,1.2572
2021-08-05,7.59,-1.1719,-0.3069,,-0.865,,0.9687,1.2664
2021-08-06,7.57,-0.2635,-0.24,,-0.02350000000000002,,0.9441,1.1715
2021-08-09,7.68,1.4531,1.0526,,0.4005000000000001,,1.2002,1.2371
2021-08-10,7.64,-0.5208,1.0101,,-1.5309,,1.0998,1.2346
2021-08-11,7.72,1.0471,0.0762,,0.9708999999999999,,1.1026,1.2628
2021-08-12,7.73,0.1295,-0.2231,,0.3526,,0.8492,1.2647
2021-08-13,7.74,0.1294,-0.2395,,0.3689,,0.7923,1.2675
2021-08-16,7.78,0.5168,0.0296,,0.4872,,0.5765,1.2719
2021-08-17,7.6,-2.3136,-2.0004,,-0.31320000000000014,,1.2944,1.3525
2021-08-18,7.63,0.3947,1.1114,,-0.7166999999999999,,1.1777,1.3563
2021-08-19,7.59,-0.5242,-0.5664,,0.042200000000000015,,1.1642,1.2973
2021-08-20,7.54,-0.6588,-1.1029,,0.44409999999999994,,1.1344,1.2748
2021-08-23,7.64,1.3263,1.453,,-0.12670000000000003,,1.3552,1.2541
2021-08-24,7.66,0.2618,1.0739,,-0.8121,,0.8007,1.1968
2021-08-25,7.68,0.2611,0.7372,,-0.47609999999999997,,0.7931,0.935
2021-08-26,7.72,0.5208,-1.0937,,1.6145,,0.7098,0.9385
2021-08-27,7.84,1.5544,0.5854,,0.969,,0.613,0.9819
2021-08-30,7.74,-1.2755,0.1701,,-1.4456,,1.0126,1.0234
2021-08-31,7.79,0.646,0.4475,,0.1985,,1.0268,1.0187
2021-09-01,8.18,5.0064,0.6535,,4.3529,,2.3168,1.4691
2021-09-02,8.19,0.1222,0.8393,,-0.7171000000000001,,2.3564,1.4276
2021-09-03,8.28,1.0989,-0.4256,,1.5245,,2.3486,1.4272
2021-09-06,8.22,-0.7246,1.1204,,-1.8450000000000002,,2.2174,1.4304
2021-09-07,8.28,0.7299,1.5111,,-0.7812000000000001,,2.2122,1.4176
2021-09-08,8.3,0.2415,-0.0381,,0.2796,,0.6906,1.4101
2021-09-09,8.63,3.9759,0.4881,,3.4878,,1.7655,1.6217
2021-09-10,8.48,-1.7381,0.2702,,-2.0083,,2.1628,1.6999
2021-09-13,8.62,1.6509,0.3311,,1.3198,,2.0869,1.7203
2021-09-14,8.43,-2.2042,-1.4203,,-0.7839000000000003,,2.5362,1.711
2021-09-15,8.46,0.3559,-0.1742,,0.5301,,2.5351,1.7111
2021-09-16,8.29,-2.0095,-1.3437,,-0.6658000000000002,,1.7071,1.7898
2021-09-17,8.24,-0.6031,0.1907,,-0.7938,,1.6227,1.788
2021-09-22,8.39,1.8204,0.4018,,1.4186,,1.6812,1.8039
2021-09-23,8.37,-0.2384,0.3784,,-0.6168,,1.3972,1.8107
2021-09-24,8.18,-2.27,-0.8003,,-1.4697,,1.6391,1.9109
2021-09-27,7.98,-2.445,-0.837,,-1.6079999999999999,,1.7374,2.0082
2021-09-28,8.13,1.8797,0.5412,,1.3384999999999998,,2.1048,2.0211
2021-09-29,8.01,-1.476,-1.8303,,0.35430000000000006,,1.786,2.0293
2021-09-30,8.03,0.2497,0.9015,,-0.6517999999999999,,1.8443,2.0266
2021-10-08,8.15,1.4944,0.6726,,0.8218,,1.8687,1.7135
2021-10-11,8.15,0.0,-0.0128,,0.0128,,1.3309,1.7133
2021-10-12,8.05,-1.227,-1.2465,,0.01949999999999985,,1.2037,1.713
2021-10-13,8.16,1.3665,0.4178,,0.9487000000000001,,1.1134,1.7382
2021-10-14,8.12,-0.4902,-0.0977,,-0.3925,,1.1816,1.7318
2021-10-15,8.07,-0.6158,0.396,,-1.0118,,0.9754,1.7339
2021-10-18,8.1,0.3717,-0.1184,,0.4901,,1.0074,1.4491
2021-10-19,8.1,0.0,0.7009,,-0.7009,,0.7977,1.4103
2021-10-20,8.05,-0.6173,-0.1712,,-0.44609999999999994,,0.4397,1.3415
2021-10-21,7.94,-1.3665,0.2169,,-1.5834000000000001,,0.6658,1.2921
2021-10-22,7.79,-1.8892,-0.3388,,-1.5504,,0.9359,1.3299
2021-10-25,7.77,-0.2567,0.7609,,-1.0176,,0.7862,1.2751
2021-10-26,7.76,-0.1287,-0.3385,,0.20980000000000001,,0.7538,1.2739
2021-10-27,7.68,-1.0309,-0.982,,-0.048899999999999944,,0.7443,1.1813
2021-10-28,7.39,-3.776,-1.2321,,-2.5439,,1.4952,1.3958
2021-10-29,7.45,0.8119,0.822,,-0.010099999999999998,,1.7482,1.3729
2021-11-01,7.48,0.4027,-0.0806,,0.4833,,1.8296,1.3018
2021-11-02,7.37,-1.4706,-1.0961,,-0.37449999999999983,,1.8151,1.2173
2021-11-03,7.42,0.6784,-0.2022,,0.8806,,1.9655,1.2201
2021-11-04,7.55,1.752,0.8098,,0.9422,,1.1798,1.3039
2021-11-05,7.54,-0.1325,-1.0009,,0.8683999999999998,,1.18,1.235
2021-11-08,7.57,0.3979,0.2022,,0.19569999999999999,,1.1798,1.2447
2021-11-09,7.54,-0.3963,0.2392,,-0.6355,,0.8374,1.228
2021-11-10,7.52,-0.2653,-0.4146,,0.14930000000000004,,0.8811,1.1625
2021-11-11,7.62,1.3298,1.1548,,0.17500000000000004,,0.7066,1.2248
2021-11-12,7.59,-0.3937,0.1786,,-0.5723,,0.7448,1.2228
2021-11-15,7.78,2.5033,-0.1639,,2.6672,,1.3109,1.3686
2021-11-16,7.73,-0.6427,-0.3258,,-0.31690000000000007,,1.3594,1.3714
2021-11-17,7.74,0.1294,0.4424,,-0.31300000000000006,,1.3141,1.3703
2021-11-18,7.69,-0.646,-0.471,,-0.17500000000000004,,1.3312,1.3469
2021-11-19,7.88,2.4707,1.1265,,1.3441999999999998,,1.6053,1.4025
2021-11-22,7.95,0.8883,0.6098,,0.27849999999999997,,1.3012,1.4119
2021-11-23,7.86,-1.1321,0.1957,,-1.3278,,1.4163,1.4389
2021-11-24,7.82,-0.5089,0.1006,,-0.6095,,1.4681,1.4225
2021-11-25,7.81,-0.1279,-0.2371,,0.10919999999999999,,1.4093,1.0957
2021-11-26,7.76,-0.6402,-0.5605,,-0.0797,,0.7572,1.1068
2021-11-29,7.64,-1.5464,-0.039,,-1.5074,,0.5543,1.1728
2021-11-30,7.68,0.5236,0.0334,,0.49019999999999997,,0.7571,1.1144
2021-12-01,7.74,0.7812,0.3648,,0.4164,,0.9352,1.1169
2021-12-02,7.77,0.3876,-0.0853,,0.4729,,0.973,1.0584
2021-12-03,8.0,2.9601,0.9399,,2.0202,,1.6015,1.2275
2021-12-06,7.82,-2.25,-0.5023,,-1.7477,,1.851,1.3531
2021-12-07,7.9,1.023,0.161,,0.8619999999999999,,1.8673,1.359
2021-12-08,7.89,-0.1266,1.1816,,-1.3082,,1.8869,1.3566
2021-12-09,7.9,0.1267,0.9751,,-0.8483999999999999,,1.8909,1.3327
2021-12-10,7.86,-0.5063,-0.1821,,-0.32419999999999993,,1.2038,1.3355
2021-12-13,7.84,-0.2545,0.4018,,-0.6563,,0.5886,1.2208
2021-12-14,7.92,1.0204,-0.5311,,1.5514999999999999,,0.5876,1.2281
2021-12-15,8.14,2.7778,-0.3796,,3.1574,,1.3316,1.3635
2021-12-16,8.13,-0.1229,0.7509,,-0.8738,,1.3597,1.3501
2021-12-17,8.07,-0.738,-1.1608,,0.42280000000000006,,1.4091,1.265
2021-12-20,8.08,0.1239,-1.0671,,1.1909999999999998,,1.3655,1.2522
2021-12-21,8.13,0.6188,0.8774,,-0.25859999999999994,,1.3472,1.2233
2021-12-22,8.08,-0.615,-0.0692,,-0.5458,,0.5542,1.2266
2021-12-23,8.0,-0.9901,0.572,,-1.5621,,0.6688,1.2525
2021-12-24,7.98,-0.25,-0.6941,,0.44410000000000005,,0.6269,1.243
2021-12-27,8.01,0.3759,-0.0575,,0.4334,,0.6703,1.1777
2021-12-28,8.05,0.4994,0.391,,0.1084,,0.6363,1.1774
2021-12-29,8.06,0.1242,-0.9121,,1.0363,,0.5994,1.1707
2021-12-30,8.05,-0.1241,0.6169,,-0.741,,0.3185,1.1722
2021-12-31,8.04,-0.1242,0.5689,,-0.6930999999999999,,0.2846,0.9738
2022-01-04,8.24,2.4876,-0.2047,,2.6923,,1.1005,0.9664
2022-01-05,8.18,-0.7282,-1.0228,,0.2946,,1.248,0.9735
2022-01-06,8.19,0.1222,-0.2531,,0.37529999999999997,,1.2481,0.971
2022-01-07,8.22,0.3663,-0.1824,,0.5487,,1.2228,0.9716
2022-01-10,8.23,0.1217,0.3906,,-0.26890000000000003,,1.1999,0.9575
2022-01-11,8.3,0.8505,-0.7258,,1.5763,,0.5723,0.9597
2022-01-12,8.26,-0.4819,0.8407,,-1.3226,,0.4816,0.9583
2022-01-13,8.17,-1.0896,-1.1722,,0.0826,,0.7551,0.7891
2022-01-14,8.02,-1.836,-0.9563,,-0.8797,,1.0419,0.8919
2022-01-17,8.02,0.0,0.5796,,-0.5796,,1.0254,0.8777
2022-01-18,8.03,0.1247,0.7974,,-0.6727,,0.814,0.8777
2022-01-19,8.01,-0.2491,-0.3286,,0.07950000000000002,,0.833,0.8655
2022-01-20,7.94,-0.8739,-0.0877,,-0.7862,,0.8071,0.8759
2022-01-21,7.74,-2.5189,-0.9139,,-1.605,,1.0854,1.0149
2022-01-24,7.64,-1.292,0.0437,,-1.3357,,1.0283,1.046
2022-01-25,7.38,-3.4031,-2.5836,,-0.8194999999999997,,1.2767,1.2546
2022-01-26,7.43,0.6775,0.6586,,0.018900000000000028,,1.568,1.262
2022-01-27,7.51,1.0767,-1.7774,,2.8541,,1.9527,1.2999
2022-01-28,7.79,3.7284,-0.9666,,4.695,,2.6761,1.5879
2022-02-07,8.12,4.2362,2.0271,,2.2091000000000003,,3.0442,1.8667
2022-02-08,8.29,2.0936,0.6721,,1.4215,,1.5765,1.8418
2022-02-09,8.25,-0.4825,0.7913,,-1.2738,,1.9318,1.8371
2022-02-10,8.37,1.4545,0.1713,,1.2832,,1.8871,1.8635
2022-02-11,8.32,-0.5974,-0.6587,,0.06129999999999991,,2.0027,1.8694
2022-02-14,8.14,-2.1635,-0.9838,,-1.1797,,1.714,1.9352
2022-02-15,8.01,-1.5971,0.5019,,-2.099,,1.3824,1.9534
2022-02-16,8.04,0.3745,0.5728,,-0.19829999999999998,,1.4633,1.9554
2022-02-17,7.97,-0.8706,0.0638,,-0.9344,,0.9714,1.9502
2022-02-18,8.09,1.5056,0.6551,,0.8505,,1.4902,1.9373
2022-02-21,8.13,0.4944,-0.0043,,0.49870000000000003,,1.2205,1.9397
2022-02-22,8.01,-1.476,-0.9586,,-0.5174,,1.1819,1.9707
2022-02-23,8.01,0.0,0.9256,,-0.9256,,1.1644,1.9698
2022-02-24,7.75,-3.2459,-1.6964,,-1.5494999999999999,,1.8536,2.0939
2022-02-25,7.86,1.4194,0.6254,,0.794,,1.8301,2.0389
2022-02-28,7.87,0.1272,0.3158,,-0.18860000000000002,,1.7839,2.0126
2022-03-01,7.89,0.2541,0.766,,-0.5119,,1.7474,1.8288
2022-03-02,8.14,3.1686,-0.133,,3.3016,,2.3493,1.9341
2022-03-03,8.33,2.3342,-0.0884,,2.4226,,1.3149,1.9747
2022-03-04,8.06,-3.2413,-0.9612,,-2.2801,,2.4839,1.9969
2022-03-07,7.86,-2.4814,-2.1693,,-0.31210000000000004,,2.838,1.8391
2022-03-08,7.56,-3.8168,-2.352,,-1.4648000000000003,,3.2962,1.9327
2022-03-09,7.35,-2.7778,-1.1277,,-1.6501000000000001,,2.473,2.0021
2022-03-10,7.42,0.9524,1.2191,,-0.26670000000000005,,1.8723,1.9786
2022-03-11,7.52,1.3477,0.4144,,0.9332999999999999,,2.3443,2.025
2022-03-14,7.42,-1.3298,-2.605,,1.2752,,2.261,1.997
2022-03-15,7.04,-5.1213,-4.9499,,-0.17139999999999933,,2.6849,2.2444
2022-03-16,7.2,2.2727,3.4837,,-1.2109999999999999,,2.9656,2.3272
2022-03-17,7.2,0.0,1.3981,,-1.3981,,2.8886,2.3285
2022-03-18,7.3,1.3889,1.1207,,0.2682,,2.8954,2.3234
2022-03-21,7.71,5.6164,0.0806,,5.5358,,3.9182,2.6905
2022-03-22,7.51,-2.594,0.1896,,-2.7836,,3.0179,2.7291
2022-03-23,7.5,-0.1332,0.3427,,-0.4759,,3.0232,2.7285
2022-03-24,7.78,3.7333,-0.635,,4.3683,,3.2141,2.7769
2022-03-25,7.45,-4.2416,-1.1698,,-3.0718,,4.1559,2.9156
2022-03-28,7.48,0.4027,0.0704,,0.3323,,3.0509,2.9181
2022-03-29,7.4,-1.0695,-0.3285,,-0.7409999999999999,,2.8684,2.9219
2022-03-30,7.42,0.2703,1.9557,,-1.6854,,2.8785,2.8117
2022-03-31,7.49,0.9434,-0.4408,,1.3842,,2.0934,2.7565
2022-04-01,7.7,2.8037,0.9384,,1.8653,,1.404,2.7708
2022-04-06,7.81,1.4286,0.0216,,1.407,,1.4298,2.7385
2022-04-07,8.59,9.9872,-1.4232,,11.4104,,3.9677,3.3875
2022-04-08,9.45,10.0116,0.4681,,9.5435,,4.583,3.8704
2022-04-11,10.4,10.0529,-2.6053,,12.658199999999999,,4.3549,4.3308
2022-04-12,11.44,10.0,1.4587,,8.5413,,3.8391,4.7008
2022-04-13,11.85,3.5839,-0.825,,4.4089,,2.8753,4.6334
2022-04-14,10.67,-9.9578,1.2181,,-11.1759,,8.6753,5.1479
2022-04-15,9.6,-10.0281,-0.4464,,-9.5817,,10.1361,5.8313
2022-04-18,8.86,-7.7083,-0.4895,,-7.218800000000001,,9.1127,6.1872
2022-04-19,8.27,-6.6591,-0.0466,,-6.6125,,5.6342,6.4328
2022-04-20,8.39,1.451,-1.3456,,2.7965999999999998,,4.719,6.3361
2022-04-21,7.67,-8.5816,-2.2608,,-6.3208,,4.5082,6.6303
2022-04-22,7.88,2.7379,0.2309,,2.5069999999999997,,5.3995,6.6511
2022-04-25,7.23,-8.2487,-5.1317,,-3.116999999999999,,5.5029,6.8764
2022-04-26,7.16,-0.9682,-1.4369,,0.4687000000000001,,5.3661,6.8123
2022-04-27,7.54,5.3073,2.4892,,2.8181,,6.3099,6.9142
2022-04-28,7.36,-2.3873,0.5814,,-2.9687,,5.1915,6.9339
2022-04-29,7.49,1.7663,2.4057,,-0.6394,,5.0463,6.9427
2022-05-05,7.89,5.3405,0.6793,,4.661199999999999,,3.5367,7.034
2022-05-06,7.63,-3.2953,-2.1579,,-1.1374,,4.1019,7.0609
2022-05-09,7.67,0.5242,0.086,,0.43820000000000003,,3.4538,7.0554
2022-05-10,7.84,2.2164,1.0552,,1.1612000000000002,,3.1265,6.6894
2022-05-11,7.9,0.7653,0.753,,0.012299999999999978,,3.1221,6.2485
2022-05-12,7.98,1.0127,-0.1213,,1.134,,2.0832,5.7352
2022-05-13,8.01,0.3759,0.9588,,-0.5829,,0.7329,5.1207
2022-05-16,7.96,-0.6242,-0.3414,,-0.2828,,1.0305,4.9794
2022-05-17,7.71,-3.1407,0.649,,-3.7897,,1.6946,4.615
2022-05-18,7.71,0.0,-0.2495,,0.2495,,1.604,4.1632
2022-05-19,7.65,-0.7782,0.3558,,-1.134,,1.3718,3.8528
2022-05-20,7.59,-0.7843,1.6019,,-2.3862,,1.204,3.586
2022-05-23,7.92,4.3478,0.0092,,4.3386000000000005,,2.7369,3.7193
2022-05-24,7.62,-3.7879,-2.4129,,-1.375,,2.9271,3.2807
2022-05-25,8.38,9.9738,1.1895,,8.7843,,5.428,3.9309
2022-05-26,8.17,-2.506,0.5036,,-3.0096,,5.6818,3.4474
2022-05-27,8.22,0.612,0.2283,,0.3837,,5.5779,3.426
2022-05-30,8.2,-0.2433,0.6012,,-0.8444999999999999,,5.4143,3.2578
2022-05-31,8.26,0.7317,1.1867,,-0.45500000000000007,,4.797,3.1877
2022-06-01,8.21,-0.6053,-0.134,,-0.47129999999999994,,1.3045,3.1872
2022-06-02,8.08,-1.5834,0.418,,-2.0014,,0.9494,3.0053
2022-06-06,8.14,0.7426,1.2803,,-0.5377,,0.9793,2.8945
2022-06-07,8.63,6.0197,0.1665,,5.8532,,2.9397,3.1594
2022-06-08,8.33,-3.4762,0.6796,,-4.1558,,3.5883,3.2643
2022-06-09,8.22,-1.3205,-0.7611,,-0.5594,,3.6433,3.2837
2022-06-10,8.31,1.0949,1.4165,,-0.3216000000000001,,3.5335,3.2848
2022-06-13,8.22,-1.083,-0.8914,,-0.1916,,3.6101,3.2981
2022-06-14,8.41,2.3114,1.0247,,1.2867,,2.2538,3.3256
2022-06-15,8.31,-1.1891,0.5017,,-1.6908,,1.6481,3.2462
2022-06-16,8.23,-0.9627,-0.606,,-0.3567,,1.585,3.26
2022-06-17,8.16,-0.8505,0.9561,,-1.8066,,1.4958,3.2613
2022-06-20,8.17,0.1225,-0.041,,0.1635,,1.4454,3.2507
2022-06-21,8.04,-1.5912,-0.2627,,-1.3285,,0.635,3.1422
2022-06-22,7.8,-2.9851,-1.1951,,-1.79,,1.146,3.0944
2022-06-23,7.85,0.641,1.6207,,-0.9797,,1.4355,2.0713
2022-06-24,7.79,-0.7643,0.8915,,-1.6558,,1.4373,2.0096
2022-06-27,7.83,0.5135,0.8789,,-0.36540000000000006,,1.5163,2.0076
2022-06-28,7.9,0.894,0.8884,,0.005600000000000049,,1.6117,2.023
2022-06-29,7.73,-2.1519,-1.3989,,-0.7529999999999999,,1.2785,2.0581
2022-06-30,7.76,0.3881,1.1037,,-0.7155999999999999,,1.2427,2.0626
2022-07-01,7.68,-1.0309,-0.3231,,-0.7078,,1.2769,2.0476
2022-07-04,7.9,2.8646,0.5251,,2.3394999999999997,,1.9146,2.1531
2022-07-05,7.98,1.0127,-0.0411,,1.0537999999999998,,1.9262,1.6277
2022-07-06,7.75,-2.8822,-1.4301,,-1.4521000000000002,,2.1637,1.5727
2022-07-07,7.76,0.129,0.2697,,-0.1407,,2.1573,1.5588
2022-07-08,7.78,0.2577,-0.2473,,0.505,,2.076,1.5311
2022-07-11,7.77,-0.1285,-1.2664,,1.1379,,1.4927,1.5208
2022-07-12,7.84,0.9009,-0.969,,1.8699,,1.4684,1.4245
2022-07-13,8.02,2.2959,0.0859,,2.21,,0.974,1.5248
2022-07-14,7.93,-1.1222,-0.0776,,-1.0446,,1.2702,1.5296
2022-07-15,7.68,-3.1526,-1.6357,,-1.5169000000000001,,2.0619,1.6639
2022-07-18,7.8,1.5625,1.5502,,0.012299999999999978,,2.2179,1.7131
2022-07-19,7.82,0.2564,0.0406,,0.21580000000000002,,2.1778,1.6847
2022-07-20,7.9,1.023,0.7712,,0.2517999999999999,,1.8935,1.5604
2022-07-21,7.83,-0.8861,-0.9901,,0.10399999999999998,,1.8702,1.5686
2022-07-22,7.84,0.1277,-0.062,,0.1897,,0.9337,1.5584
2022-07-25,8.0,2.0408,-0.5988,,2.6395999999999997,,1.0916,1.6189
2022-07-26,8.03,0.375,0.8322,,-0.45720000000000005,,1.0859,1.61
2022-07-27,7.96,-0.8717,-0.0513,,-0.8204,,1.1983,1.5399
2022-07-28,7.96,0.0,0.2082,,-0.2082,,1.0633,1.5393
2022-07-29,7.85,-1.3819,-0.8938,,-0.48809999999999987,,1.32,1.5552
2022-08-01,7.85,0.0,0.2066,,-0.2066,,0.7253,1.4148
2022-08-02,7.41,-5.6051,-2.2605,,-3.3446000000000002,,2.331,1.863
2022-08-03,7.33,-1.0796,-0.7093,,-0.37029999999999985,,2.3172,1.7757
2022-08-04,7.4,0.955,0.8019,,0.1531,,2.5144,1.7948
2022-08-05,7.46,0.8108,1.1913,,-0.38050000000000006,,2.7071,1.8068
2022-08-08,7.49,0.4021,0.3068,,0.0953,,2.7492,1.8117
2022-08-09,7.43,-0.8011,0.3244,,-1.1255000000000002,,0.9383,1.7988
2022-08-10,7.36,-0.9421,-0.5361,,-0.406,,0.8978,1.7004
2022-08-11,7.49,1.7663,1.5991,,0.16720000000000002,,1.1361,1.7588
2022-08-12,7.54,0.6676,-0.1457,,0.8132999999999999,,1.12,1.6321
2022-08-15,7.5,-0.5305,-0.0244,,-0.5061,,1.1588,1.5879
2022-08-16,7.54,0.5333,0.0546,,0.4787,,1.0691,1.5931
2022-08-17,7.57,0.3979,0.4469,,-0.049000000000000044,,0.8189,1.5745
2022-08-18,7.47,-1.321,-0.4553,,-0.8656999999999999,,0.8518,1.5874
2022-08-19,7.45,-0.2677,-0.5937,,0.326,,0.7514,1.5853
2022-08-22,7.59,1.8792,0.605,,1.2742,,1.1718,1.5734
2022-08-23,7.68,1.1858,-0.0479,,1.2337,,1.246,1.6005
2022-08-24,7.57,-1.4323,-1.8625,,0.43020000000000014,,1.4837,1.6176
2022-08-25,7.92,4.6235,0.9657,,3.6578,,2.3057,1.9497
2022-08-26,7.8,-1.5152,-0.309,,-1.2062000000000002,,2.5576,1.9548
2022-08-29,7.8,0.0,0.1394,,-0.1394,,2.5245,1.9548
2022-08-30,7.88,1.0256,-0.4169,,1.4425000000000001,,2.5158,1.455
2022-08-31,7.69,-2.4112,-0.7771,,-1.6341,,2.7361,1.5497
2022-09-01,7.67,-0.2601,-0.5359,,0.27580000000000005,,1.3445,1.5445
2022-09-02,7.71,0.5215,0.0471,,0.47439999999999993,,1.3184,1.5397
2022-09-05,7.89,2.3346,0.4215,,1.9131,,1.758,1.6135
2022-09-06,7.91,0.2535,1.3607,,-1.1072,,1.7051,1.5937
2022-09-07,7.82,-1.1378,0.0876,,-1.2253999999999998,,1.2809,1.6025
2022-09-08,7.88,0.7673,-0.3296,,1.0969,,1.2419,1.5701
2022-09-09,7.84,-0.5076,0.8178,,-1.3254000000000001,,1.3295,1.5763
2022-09-13,7.81,-0.3827,0.0536,,-0.43629999999999997,,0.7329,1.573
2022-09-14,7.82,0.128,-0.8046,,0.9326,,0.7154,1.5712
2022-09-15,7.71,-1.4066,-1.162,,-0.24460000000000015,,0.8054,1.6102
2022-09-16,7.47,-3.1128,-2.2976,,-0.8151999999999999,,1.2757,1.7384
2022-09-19,7.4,-0.9371,-0.3454,,-0.5917000000000001,,1.2435,1.7506
2022-09-20,7.43,0.4054,0.2186,,0.1868,,1.4035,1.6966
2022-09-21,7.59,2.1534,-0.1675,,2.3209,,1.9792,1.748
2022-09-22,7.55,-0.527,-0.2653,,-0.26170000000000004,,1.9256,1.7217
2022-09-23,7.46,-1.1921,-0.6607,,-0.5314,,1.358,1.3511
2022-09-26,7.1,-4.8257,-1.2026,,-3.6231000000000004,,2.5792,1.6734
2022-09-27,7.21,1.5493,1.3971,,0.1521999999999999,,2.7572,1.7305
2022-09-28,7.11,-1.387,-1.577,,0.18999999999999995,,2.3002,1.7115
2022-09-29,7.0,-1.5471,-0.1271,,-1.42,,2.262,1.6711
2022-09-30,7.03,0.4286,-0.5527,,0.9813,,2.424,1.6824
2022-10-10,6.95,-1.138,-1.6612,,0.5232000000000001,,1.3527,1.6744
2022-10-11,6.93,-0.2878,0.1896,,-0.4774,,0.8348,1.5375
2022-10-12,7.02,1.2987,1.5343,,-0.23560000000000003,,1.1545,1.5862
2022-10-13,7.01,-0.1425,-0.3024,,0.15990000000000001,,0.9033,1.5835
2022-10-14,7.17,2.2825,1.8443,,0.43820000000000014,,1.3679,1.6822
2022-10-17,7.28,1.5342,0.4216,,1.1126,,1.1139,1.74
2022-10-18,7.27,-0.1374,-0.129,,-0.00839999999999999,,1.0739,1.7406
2022-10-19,7.57,4.1265,-1.1873,,5.3138000000000005,,1.7948,2.0068
2022-10-20,7.19,-5.0198,-0.3065,,-4.7133,,3.4733,2.2717
2022-10-21,7.17,-0.2782,0.1278,,-0.406,,3.3416,2.1749
2022-10-24,7.08,-1.2552,-2.0195,,0.7642999999999998,,3.2628,2.1819
2022-10-25,7.27,2.6836,-0.043,,2.7266000000000004,,3.5731,2.2726
2022-10-26,7.34,0.9629,0.7802,,0.18269999999999997,,2.8849,2.2261
2022-10-27,7.29,-0.6812,-0.5534,,-0.12780000000000002,,1.5681,2.2277
2022-10-28,7.13,-2.1948,-2.2451,,0.05030000000000001,,1.9325,2.2634
2022-10-31,7.1,-0.4208,-0.7699,,0.3491,,1.8414,1.9872
2022-11-01,7.19,1.2676,2.6169,,-1.3492999999999997,,1.3933,1.9767
2022-11-02,7.3,1.5299,1.1508,,0.3791,,1.5294,1.9762
2022-11-03,7.45,2.0548,-0.1851,,2.2399,,1.7438,1.9775
2022-11-04,7.57,1.6107,2.4348,,-0.8241,,0.9539,1.9981
2022-11-07,7.57,0.0,0.2286,,-0.2286,,0.7762,1.9683
2022-11-08,7.55,-0.2642,-0.4331,,0.1689,,1.0445,1.9679
2022-11-09,7.52,-0.3974,-0.5326,,0.1352,,1.1445,1.9658
2022-11-10,7.56,0.5319,-0.395,,0.9269000000000001,,0.8164,1.9625
2022-11-11,7.69,1.7196,1.685,,0.034599999999999964,,0.8605,1.9379
2022-11-14,7.62,-0.9103,-0.126,,-0.7843,,1.0252,1.9376
2022-11-15,7.64,0.2625,1.6436,,-1.3811,,1.0005,1.9355
2022-11-16,7.58,-0.7853,-0.4499,,-0.3354,,1.0747,1.7195
2022-11-17,7.63,0.6596,-0.1458,,0.8054,,1.0871,1.2474
2022-11-18,7.53,-1.3106,-0.5839,,-0.7267,,0.8364,1.2933
2022-11-21,7.44,-1.1952,-0.3939,,-0.8013000000000001,,0.8866,1.2897
2022-11-22,7.52,1.0753,0.1264,,0.9488999999999999,,1.1034,1.1754
2022-11-23,7.53,0.133,0.258,,-0.125,,1.081,1.1607
2022-11-24,7.48,-0.664,-0.2454,,-0.4186,,0.9989,1.1601
2022-11-25,7.55,0.9358,0.4007,,0.5350999999999999,,0.9878,1.0335
2022-11-28,7.5,-0.6623,-0.746,,0.0837,,0.836,1.0436
2022-11-29,7.63,1.7333,2.3128,,-0.5795000000000001,,1.0418,1.0716
2022-11-30,7.61,-0.2621,0.0505,,-0.3126,,1.0718,1.038
2022-12-01,7.64,0.3942,0.4484,,-0.054200000000000026,,0.9523,0.9452
2022-12-02,7.57,-0.9162,-0.2947,,-0.6214999999999999,,1.0595,0.905
2022-12-05,7.79,2.9062,1.7639,,1.1423,,1.5444,1.1136
2022-12-06,7.75,-0.5135,0.0224,,-0.5358999999999999,,1.5212,1.1198
2022-12-07,7.77,0.2581,-0.4019,,0.6599999999999999,,1.4887,1.1129
2022-12-08,7.85,1.0296,-0.0709,,1.1005,,1.5123,1.1269
2022-12-09,7.72,-1.6561,0.3002,,-1.9563,,1.7146,1.1392
2022-12-12,7.64,-1.0363,-0.8703,,-0.16600000000000004,,1.0572,1.145
2022-12-13,7.72,1.0471,-0.0852,,1.1322999999999999,,1.2262,1.167
2022-12-14,7.67,-0.6477,0.0063,,-0.654,,1.2322,1.1622
2022-12-15,7.55,-1.5645,-0.2481,,-1.3164,,1.0959,1.2078
2022-12-16,7.58,0.3974,-0.0249,,0.42229999999999995,,1.0659,1.1736
2022-12-19,7.37,-2.7704,-1.9174,,-0.853,,1.5242,1.3062
2022-12-20,7.33,-0.5427,-1.0733,,0.5306,,1.1975,1.2834
2022-12-21,7.33,0.0,-0.1744,,0.1744,,1.2807,1.2824
2022-12-22,7.23,-1.3643,-0.4556,,-0.9087000000000001,,1.2575,1.3072
2022-12-23,7.26,0.4149,-0.2802,,0.6951,,1.2619,1.2892
2022-12-26,7.29,0.4132,0.6464,,-0.23319999999999996,,0.7526,1.2908
2022-12-27,7.47,2.4691,0.9789,,1.4902000000000002,,1.3742,1.3557
2022-12-28,7.39,-1.071,-0.2639,,-0.8070999999999999,,1.5247,1.3728
2022-12-29,7.26,-1.7591,-0.4437,,-1.3154000000000001,,1.6307,1.4128
2022-12-30,7.39,1.7906,0.5062,,1.2844,,1.8053,1.4735
2023-01-03,7.36,-0.406,0.8821,,-1.2881,,1.8371,1.2915
2023-01-04,7.33,-0.4076,0.2249,,-0.6325000000000001,,1.3315,1.2907
2023-01-05,7.4,0.955,1.0149,,-0.05989999999999995,,1.3727,1.3149
2023-01-06,7.3,-1.3514,0.0767,,-1.4281,,1.2458,1.3021
2023-01-09,7.3,0.0,0.584,,-0.584,,0.8331,1.2671
2023-01-10,7.25,-0.6849,-0.2069,,-0.478,,0.8559,1.2584
2023-01-11,7.23,-0.2759,-0.242,,-0.033899999999999986,,0.8537,1.2206
2023-01-12,7.26,0.4149,0.0509,,0.364,,0.6752,1.2287
2023-01-13,7.32,0.8264,1.0071,,-0.18070000000000008,,0.5883,1.212
2023-01-16,7.36,0.5464,1.0102,,-0.4638,,0.6249,1.216
2023-01-17,7.35,-0.1359,-0.1038,,-0.03209999999999999,,0.4663,1.047
2023-01-18,7.35,0.0,0.0053,,-0.0053,,0.3957,1.0394
2023-01-19,7.4,0.6803,0.4922,,0.1881,,0.4265,1.0499
2023-01-20,7.47,0.9459,0.757,,0.18889999999999996,,0.4596,1.0122
2023-01-30,7.49,0.2677,0.1381,,0.1296,,0.4554,1.0108
2023-01-31,7.54,0.6676,-0.4175,,1.0851,,0.375,1.0157
2023-02-01,7.58,0.5305,0.8984,,-0.3679,,0.2471,0.8667
2023-02-02,7.57,-0.1319,0.0228,,-0.1547,,0.4097,0.8257
2023-02-03,7.53,-0.5284,-0.6775,,0.1491,,0.4913,0.7167
2023-02-06,7.57,0.5312,-0.7572,,1.2884,,0.519,0.6166
2023-02-07,7.59,0.2642,0.2899,,-0.0257,,0.4586,0.6044
2023-02-08,7.54,-0.6588,-0.492,,-0.16680000000000006,,0.5069,0.6192
2023-02-09,7.61,0.9284,1.1841,,-0.2556999999999999,,0.6837,0.6174
2023-02-10,7.64,0.3942,-0.2969,,0.6911,,0.5868,0.5091
2023-02-13,7.67,0.3927,0.7204,,-0.32770000000000005,,0.5759,0.5073
2023-02-14,7.65,-0.2608,0.2777,,-0.5385,,0.6219,0.474
2023-02-15,7.57,-1.0458,-0.3884,,-0.6574,,0.7583,0.5464
2023-02-16,7.48,-1.1889,-0.959,,-0.2299000000000001,,0.7584,0.6295
2023-02-17,7.51,0.4011,-0.7698,,1.1709,,0.7601,0.6124
2023-02-20,7.61,1.3316,2.0571,,-0.7255000000000003,,1.048,0.6635
2023-02-21,7.67,0.7884,0.4917,,0.29669999999999996,,1.1232,0.6733
2023-02-22,7.68,0.1304,-0.4648,,0.5952,,0.9432,0.6717
2023-02-23,7.66,-0.2604,-0.1115,,-0.14890000000000003,,0.6118,0.6709
2023-02-24,7.66,0.0,-0.6181,,0.6181,,0.6495,0.6466
2023-02-27,7.61,-0.6527,-0.2794,,-0.37329999999999997,,0.5321,0.6684
2023-02-28,7.67,0.7884,0.6624,,0.126,,0.5321,0.6745
2023-03-01,7.69,0.2608,0.9983,,-0.7375,,0.5431,0.6679
2023-03-02,7.79,1.3004,-0.0513,,1.3517,,0.7468,0.7194
2023-03-03,7.8,0.1284,0.5358,,-0.4074000000000001,,0.7343,0.7018
2023-03-06,7.78,-0.2564,-0.1911,,-0.06530000000000002,,0.6074,0.7031
2023-03-07,7.67,-1.4139,-1.1117,,-0.3022,,0.9798,0.783
2023-03-08,7.74,0.9126,-0.0563,,0.9689,,1.0624,0.7864
2023-03-09,7.73,-0.1292,-0.2181,,0.08889999999999998,,0.839,0.7654
2023-03-10,7.58,-1.9405,-1.4044,,-0.5360999999999998,,1.1271,0.884
2023-03-13,7.66,1.0554,1.1956,,-0.1402000000000001,,1.348,0.9128
2023-03-14,7.74,1.0444,-0.7156,,1.76,,1.2886,0.9397
2023-03-15,8.0,3.3592,0.5546,,2.8045999999999998,,1.9348,1.1572
2023-03-16,7.89,-1.375,-1.116,,-0.2589999999999999,,2.1346,1.1704
2023-03-17,7.91,0.2535,0.7332,,-0.47969999999999996,,1.7089,1.17
2023-03-20,7.82,-1.1378,-0.4811,,-0.6566999999999998,,1.9173,1.1819
2023-03-21,7.84,0.2558,0.6411,,-0.3853,,1.8862,1.1725
2023-03-22,7.8,-0.5102,0.3102,,-0.8204,,0.7602,1.1808
2023-03-23,7.72,-1.0256,0.64,,-1.6656,,0.6707,1.2047
2023-03-24,7.69,-0.3886,-0.6389,,0.2503,,0.5586,1.2087
2023-03-27,7.59,-1.3004,-0.4364,,-0.864,,0.6035,1.2362
2023-03-28,7.54,-0.6588,-0.1852,,-0.4736,,0.3781,1.2296
2023-03-29,7.47,-0.9284,-0.1639,,-0.7645,,0.3496,1.241
2023-03-30,7.52,0.6693,0.654,,0.01529999999999998,,0.7461,1.2102
2023-03-31,7.56,0.5319,0.356,,0.17590000000000006,,0.8873,1.2187
2023-04-03,7.64,1.0582,0.7192,,0.3390000000000001,,0.8741,1.2477
2023-04-04,7.89,3.2723,0.4902,,2.7821,,1.5151,1.4137
2023-04-06,7.89,0.0,0.0021,,-0.0021,,1.2687,1.4025
2023-04-07,7.92,0.3802,0.4534,,-0.07320000000000004,,1.2998,1.4026
2023-04-10,7.78,-1.7677,-0.3693,,-1.3984,,1.8279,1.3897
2023-04-11,8.02,3.0848,-0.054,,3.1388,,2.1537,1.5274
2023-04-12,8.08,0.7481,0.4107,,0.3374,,1.7428,1.5206
2023-04-13,8.01,-0.8663,-0.2651,,-0.6012,,1.8437,1.3458
2023-04-14,8.13,1.4981,0.5964,,0.9017,,1.9197,1.343
2023-04-17,8.34,2.583,1.4217,,1.1613000000000002,,1.5659,1.4486
2023-04-18,8.6,3.1175,0.228,,2.8895,,1.5747,1.5398
2023-04-19,8.55,-0.5814,-0.6837,,0.10229999999999995,,1.8103,1.5577
2023-04-20,8.64,1.0526,-0.092,,1.1446,,1.4419,1.5464
2023-04-21,8.47,-1.9676,-1.9534,,-0.01419999999999999,,2.1315,1.6091
2023-04-24,8.37,-1.1806,-0.783,,-0.39760000000000006,,2.0243,1.641
2023-04-25,8.32,-0.5974,-0.3218,,-0.27560000000000007,,1.1095,1.609
2023-04-26,8.33,0.1202,-0.0236,,0.1438,,1.1641,1.5895
2023-04-27,8.37,0.4802,0.6673,,-0.1871,,0.986,1.5531
2023-04-28,8.57,2.3895,1.1379,,1.2516,,1.3612,1.605
2023-05-04,8.93,4.2007,0.8182,,3.3825000000000003,,1.9534,1.7879
2023-05-05,8.88,-0.5599,-0.4764,,-0.08349999999999996,,1.9443,1.8145
2023-05-08,8.95,0.7883,1.8144,,-1.0261,,1.8619,1.7166
2023-05-09,8.84,-1.2291,-1.0996,,-0.12950000000000017,,2.2109,1.7623
2023-05-10,8.73,-1.2443,-1.1472,,-0.09709999999999996,,2.2844,1.809
2023-05-11,8.7,-0.3436,-0.2892,,-0.054400000000000004,,0.8324,1.7417
2023-05-12,8.6,-1.1494,-1.1237,,-0.025700000000000056,,0.8803,1.6767
2023-05-15,8.56,-0.4651,1.1729,,-1.6380000000000001,,0.4435,1.6839
2023-05-16,8.44,-1.4019,-0.5965,,-0.8053999999999999,,0.482,1.7076
2023-05-17,8.36,-0.9479,-0.2054,,-0.7424999999999999,,0.4494,1.703
2023-05-18,8.16,-2.3923,0.3986,,-2.7909,,0.7147,1.6927
2023-05-19,7.97,-2.3284,-0.4179,,-1.9104999999999999,,0.8467,1.5831
2023-05-22,7.87,-1.2547,0.3938,,-1.6484999999999999,,0.6559,1.595
2023-05-23,7.83,-0.5083,-1.5238,,1.0155,,0.8411,1.5579
2023-05-24,7.73,-1.2771,-1.2781,,0.001000000000000112,,0.8003,1.5306
2023-05-25,7.73,0.0,-0.1089,,0.1089,,0.8833,1.5235
2023-05-26,7.81,1.0349,0.3511,,0.6838,,0.9657,1.555
2023-05-29,7.78,-0.3841,0.2786,,-0.6627000000000001,,0.8442,1.5518
2023-05-30,7.92,1.7995,0.0857,,1.7138,,1.2055,1.6148
2023-05-31,8.01,1.1364,-0.6095,,1.7459000000000002,,0.891,1.5284
2023-06-01,7.92,-1.1236,0.0022,,-1.1258,,1.2039,1.1029
2023-06-02,7.95,0.3788,0.7939,,-0.4151,,1.1651,1.1241
2023-06-05,7.87,-1.0063,0.0734,,-1.0796999999999999,,1.2911,1.0829
2023-06-06,7.73,-1.7789,-1.1477,,-0.6312,,1.1967,1.1055
2023-06-07,7.97,3.1048,0.0757,,3.0291,,1.9485,1.379
2023-06-08,8.02,0.6274,0.495,,0.13239999999999996,,1.871,1.3997
2023-06-09,7.96,-0.7481,0.5545,,-1.3026,,1.9211,1.3912
2023-06-12,7.83,-1.6332,-0.0798,,-1.5534,,2.0241,1.4194
2023-06-13,7.81,-0.2554,0.1499,,-0.4053,,1.8087,1.4013
2023-06-14,7.84,0.3841,-0.1447,,0.5287999999999999,,0.909,1.4044
2023-06-15,7.84,0.0,0.743,,-0.743,,0.7786,1.317
2023-06-16,7.88,0.5102,0.6256,,-0.11540000000000006,,0.8577,1.2243
2023-06-19,7.7,-2.2843,-0.5352,,-1.7490999999999999,,1.1346,1.2971
2023-06-20,7.42,-3.6364,-0.4745,,-3.1619,,1.8572,1.5185
2023-06-21,7.43,0.1348,-1.3103,,1.4451,,1.8134,1.5013
2023-06-26,7.36,-0.9421,-1.4785,,0.5363999999999999,,1.723,1.5099
2023-06-27,7.54,2.4457,1.2321,,1.2136,,2.3271,1.6024
2023-06-28,7.6,0.7958,-0.0019,,0.7977,,2.2614,1.6155
2023-06-29,7.55,-0.6579,-0.2195,,-0.4384,,1.353,1.5554
2023-06-30,7.6,0.6623,0.6184,,0.04390000000000005,,1.3521,1.5371
2023-07-03,7.67,0.9211,1.3092,,-0.3880999999999999,,1.1025,1.544
2023-07-04,7.62,-0.6519,0.0422,,-0.6941,,0.7983,1.5426
2023-07-05,7.66,0.5249,-0.6902,,1.2151,,0.7571,1.5385
2023-07-06,7.7,0.5222,-0.5393,,1.0615,,0.6077,1.4936
2023-07-07,7.75,0.6494,-0.2795,,0.9289000000000001,,0.6063,1.3144
2023-07-10,7.79,0.5161,0.2218,,0.2943,,0.5418,1.3112
2023-07-11,7.83,0.5135,0.5515,,-0.038000000000000034,,0.0584,1.3106
2023-07-12,7.69,-1.788,-0.7835,,-1.0045000000000002,,1.0473,1.3207
2023-07-13,7.83,1.8205,1.2625,,0.558,,1.3112,1.3863
2023-07-14,7.85,0.2554,0.0377,,0.2177,,1.2999,1.3849
2023-07-17,7.87,0.2548,-0.867,,1.1218,,1.2925,1.3859
2023-07-18,8.05,2.2872,-0.368,,2.6552,,1.6024,1.4726
2023-07-19,8.17,1.4907,0.0319,,1.4587999999999999,,0.9267,1.3881
2023-07-20,8.04,-1.5912,-0.9166,,-0.6746,,1.4715,1.1346
2023-07-21,8.1,0.7463,-0.0558,,0.8020999999999999,,1.4641,1.1351
2023-07-24,8.14,0.4938,-0.1133,,0.6071,,1.4524,1.0876
2023-07-25,8.12,-0.2457,2.1288,,-2.3745,,1.1678,0.9984
2023-07-26,8.11,-0.1232,-0.2627,,0.13949999999999999,,0.9089,0.9992
2023-07-27,8.07,-0.4932,-0.1973,,-0.29590000000000005,,0.5223,0.9913
2023-07-28,8.17,1.2392,1.8423,,-0.6031,,0.6976,1.0094
2023-07-31,8.21,0.4896,0.4612,,0.02839999999999998,,0.6971,1.0015
2023-08-01,8.26,0.609,-0.0027,,0.6117,,0.6731,0.9748
2023-08-02,8.25,-0.1211,-0.8891,,0.768,,0.6727,0.9814
2023-08-03,8.18,-0.8485,0.5755,,-1.424,,0.7916,1.0179
2023-08-04,8.12,-0.7335,0.2323,,-0.9658,,0.6727,1.0402
2023-08-07,8.02,-1.2315,-0.5854,,-0.6461,,0.7208,1.0879
2023-08-08,8.04,0.2494,-0.2512,,0.5005999999999999,,0.5936,1.0849
2023-08-09,7.98,-0.7463,-0.4947,,-0.2516,,0.5482,1.01
2023-08-10,8.12,1.7544,0.3104,,1.444,,1.1887,1.0045
2023-08-11,7.93,-2.3399,-2.0067,,-0.33320000000000016,,1.5506,1.1519
2023-08-14,8.02,1.1349,-0.3393,,1.4742,,1.6171,1.1764
2023-08-15,8.04,0.2494,-0.0708,,0.32020000000000004,,1.6171,1.0596
2023-08-16,7.96,-0.995,-0.8202,,-0.17479999999999996,,1.6497,1.0205
2023-08-17,8.02,0.7538,0.432,,0.32180000000000003,,1.4228,0.977
2023-08-18,8.01,-0.1247,-1.0048,,0.8800999999999999,,0.8241,0.9608
2023-08-21,7.92,-1.1236,-1.2443,,0.12070000000000003,,0.8048,0.9804
2023-08-22,7.91,-0.1263,0.8843,,-1.0106,,0.7632,0.98
2023-08-23,7.85,-0.7585,-1.3438,,0.5853000000000002,,0.7171,0.9902
2023-08-24,7.72,-1.6561,0.1247,,-1.7808,,0.6596,1.0436
2023-08-25,7.76,0.5181,-0.5895,,1.1076000000000001,,0.8492,1.0023
2023-08-28,7.9,1.8041,1.1282,,0.6759,,1.3084,1.0925
2023-08-29,7.94,0.5063,1.2021,,-0.6958,,1.3288,1.0888
2023-08-30,7.73,-2.6448,0.0399,,-2.6847,,1.8086,1.2187
2023-08-31,7.8,0.9056,-0.5502,,1.4558,,1.685,1.2414
2023-09-01,7.89,1.1538,0.4285,,0.7253,,1.7365,1.2725
2023-09-04,8.05,2.0279,1.3982,,0.6296999999999997,,1.7857,1.3321
2023-09-05,8.03,-0.2484,-0.7142,,0.46579999999999994,,1.8052,1.3324
2023-09-06,7.94,-1.1208,0.1176,,-1.2384,,1.2353,1.346
2023-09-07,7.89,-0.6297,-1.1314,,0.5016999999999999,,1.3113,1.2851
2023-09-08,7.92,0.3802,-0.1803,,0.5605,,1.2184,1.1792
2023-09-11,7.97,0.6313,0.8361,,-0.20479999999999998,,0.7181,1.1589
2023-09-12,8.02,0.6274,-0.182,,0.8093999999999999,,0.8042,1.1666
2023-09-13,8.02,0.0,-0.446,,0.446,,0.5314,1.1432
2023-09-14,8.07,0.6234,0.1114,,0.512,,0.2747,1.1393
2023-09-15,8.04,-0.3717,-0.2818,,-0.08989999999999998,,0.4644,1.1425
2023-09-18,7.97,-0.8706,0.2627,,-1.1333,,0.6478,1.1304
2023-09-19,8.05,1.0038,-0.031,,1.0348,,0.7521,1.1499
2023-09-20,7.97,-0.9938,-0.5245,,-0.46930000000000005,,0.8952,1.1602
2023-09-21,7.96,-0.1255,-0.7679,,0.6424000000000001,,0.7966,1.0877
2023-09-22,7.94,-0.2513,1.5473,,-1.7986,,0.7946,1.088
2023-09-25,7.94,0.0,-0.537,,0.537,,0.7154,1.0133
2023-09-26,7.94,0.0,-0.4282,,0.4282,,0.4156,1.007
2023-09-27,7.85,-1.1335,0.1628,,-1.2963,,0.4763,0.8407
2023-09-28,7.87,0.2548,0.1017,,0.1531,,0.5379,0.8194
2023-10-09,7.8,-0.8895,-0.4359,,-0.45359999999999995,,0.6156,0.8015
2023-10-10,7.47,-4.2308,-0.7001,,-3.5307000000000004,,1.7919,1.1087
2023-10-11,7.43,-0.5355,0.121,,-0.6565,,1.7166,1.1089
2023-10-12,7.58,2.0188,0.9399,,1.0789000000000002,,2.282,1.2158
2023-10-13,7.54,-0.5277,-0.6371,,0.10940000000000005,,2.2284,1.2142
2023-10-16,7.59,0.6631,-0.4627,,1.1258,,2.3246,1.2232
2023-10-17,7.65,0.7905,0.3152,,0.4753,,1.0659,1.2294
2023-10-18,7.5,-1.9608,-0.804,,-1.1568,,1.5058,1.2735
2023-10-19,7.4,-1.3333,-1.7432,,0.40990000000000015,,1.2087,1.2903
2023-10-20,7.38,-0.2703,-0.743,,0.4727,,1.2113,1.2685
2023-10-23,7.2,-2.439,-1.4673,,-0.9717,,1.3071,1.3447
2023-10-24,7.29,1.25,0.7808,,0.46919999999999995,,1.4737,1.3999
2023-10-25,7.39,1.3717,0.4007,,0.9709999999999999,,1.6462,1.422
2023-10-26,7.52,1.7591,0.4771,,1.282,,1.7322,1.4947
2023-10-27,7.51,-0.133,0.9865,,-1.1195,,1.7212,1.4946
2023-10-30,7.43,-1.0652,0.1249,,-1.1901,,1.1901,1.5048
2023-10-31,7.39,-0.5384,-0.092,,-0.4464,,1.2277,1.5036
2023-11-01,7.4,0.1353,0.1428,,-0.007500000000000007,,1.0665,1.5056
2023-11-02,7.35,-0.6757,-0.4522,,-0.22349999999999998,,0.4691,1.4963
2023-11-03,7.4,0.6803,0.7108,,-0.03049999999999997,,0.6953,1.5079
2023-11-06,7.44,0.5405,0.911,,-0.37050000000000005,,0.6156,1.5122
2023-11-07,7.4,-0.5376,-0.0373,,-0.5003,,0.6154,1.188
2023-11-08,7.37,-0.4054,-0.1603,,-0.24509999999999998,,0.639,1.1855
2023-11-09,7.34,-0.4071,0.0298,,-0.4369,,0.5854,1.0842
2023-11-10,7.32,-0.2725,-0.4687,,0.19619999999999999,,0.4334,1.0811
2023-11-13,7.38,0.8197,0.2488,,0.5709,,0.556,1.0878
2023-11-14,7.4,0.271,0.3131,,-0.04209999999999997,,0.5361,1.0706
2023-11-15,7.39,-0.1351,0.5484,,-0.6835,,0.4971,0.9833
2023-11-16,7.38,-0.1353,-0.7127,,0.5774,,0.4461,0.9377
2023-11-17,7.35,-0.4065,0.1128,,-0.5193,,0.4777,0.9402
2023-11-20,7.37,0.2721,0.4567,,-0.1846,,0.294,0.7483
2023-11-21,7.42,0.6784,-0.0127,,0.6911,,0.4246,0.713
2023-11-22,7.41,-0.1348,-0.7927,,0.6578999999999999,,0.4246,0.647
2023-11-23,7.46,0.6748,0.5996,,0.07519999999999993,,0.4843,0.5277
2023-11-24,7.48,0.2681,-0.6823,,0.9504,,0.3395,0.5315
2023-11-27,7.44,-0.5348,-0.3048,,-0.23000000000000004,,0.5269,0.488
2023-11-28,7.51,0.9409,0.2259,,0.715,,0.5962,0.5123
2023-11-29,7.49,-0.2663,-0.5549,,0.28859999999999997,,0.6195,0.518
2023-11-30,7.52,0.4005,0.2641,,0.13640000000000002,,0.5796,0.4926
2023-12-01,7.6,1.0638,0.065,,0.9988000000000001,,0.7106,0.5223
2023-12-04,7.68,1.0526,-0.288,,1.3406,,0.5743,0.5548
2023-12-05,7.59,-1.1719,-1.6742,,0.5023,,0.9502,0.612
2023-12-06,7.67,1.054,-0.1134,,1.1674,,0.9661,0.6316
2023-12-07,7.71,0.5215,-0.0916,,0.6131,,0.9651,0.6185
2023-12-08,7.66,-0.6485,0.1129,,-0.7614,,1.0191,0.6405
2023-12-11,7.69,0.3916,0.7368,,-0.3452,,0.9118,0.6268
2023-12-12,7.8,1.4304,0.4011,,1.0292999999999999,,0.7892,0.6839
2023-12-13,7.66,-1.7949,-1.1547,,-0.6401999999999999,,1.2361,0.8219
2023-12-14,7.73,0.9138,-0.3291,,1.2429,,1.2903,0.8339
2023-12-15,7.64,-1.1643,-0.5553,,-0.6089999999999999,,1.3786,0.8805
2023-12-18,7.67,0.3927,-0.3997,,0.7924,,1.3786,0.8815
2023-12-19,7.61,-0.7823,0.0543,,-0.8366,,1.1172,0.9004
2023-12-20,7.55,-0.7884,-1.0326,,0.24419999999999997,,0.8903,0.9221
2023-12-21,7.58,0.3974,0.572,,-0.17459999999999998,,0.7323,0.915
2023-12-22,7.56,-0.2639,-0.1346,,-0.12930000000000003,,0.591,0.9171
2023-12-25,7.47,-1.1905,0.1383,,-1.3288,,0.6119,0.9505
2023-12-26,7.46,-0.1339,-0.6828,,0.5488999999999999,,0.6125,0.926
2023-12-27,7.47,0.134,0.5426,,-0.40859999999999996,,0.6036,0.925
2023-12-28,7.53,0.8032,1.3755,,-0.5722999999999999,,0.7217,0.9386
2023-12-29,7.51,-0.2656,0.6847,,-0.9502999999999999,,0.7217,0.9067
2024-01-02,7.58,0.9321,-0.4252,,1.3573,,0.545,0.8993
2024-01-03,7.6,0.2639,0.1678,,0.09610000000000002,,0.4936,0.8625
2024-01-04,7.63,0.3947,-0.4347,,0.8293999999999999,,0.4754,0.8326
2024-01-05,7.71,1.0485,-0.852,,1.9005,,0.5332,0.8587
2024-01-08,7.49,-2.8534,-1.4216,,-1.4318000000000002,,1.6067,1.0638
2024-01-09,7.59,1.3351,0.1977,,1.1374,,1.6765,1.1071
2024-01-10,7.57,-0.2635,-0.5375,,0.27399999999999997,,1.6753,1.0505
2024-01-11,7.62,0.6605,0.311,,0.3495,,1.6977,0.9891
2024-01-12,7.7,1.0499,-0.1618,,1.2117,,1.6979,0.9963
2024-01-15,7.75,0.6494,0.1495,,0.4999,,0.6036,0.9684
2024-01-16,7.71,-0.5161,0.2668,,-0.7828999999999999,,0.6702,0.974
2024-01-17,7.61,-1.297,-2.086,,0.7889999999999999,,0.981,1.003
2024-01-18,7.46,-1.9711,0.4291,,-2.4002,,1.2736,1.0838
2024-01-19,7.38,-1.0724,-0.4744,,-0.5980000000000001,,0.983,1.1013
2024-01-22,7.02,-4.878,-2.6812,,-2.1968,,1.7195,1.5308
2024-01-23,7.03,0.1425,0.5311,,-0.38860000000000006,,1.8747,1.5217
2024-01-24,7.28,3.5562,1.7968,,1.7594,,3.0794,1.7486
2024-01-25,7.5,3.022,3.0254,,-0.0034000000000000696,,3.4141,1.8836
2024-01-26,7.67,2.2667,0.1414,,2.1253,,3.4407,1.9425
2024-01-29,7.58,-1.1734,-0.923,,-0.25039999999999996,,2.0064,1.9622
2024-01-30,7.42,-2.1108,-1.8322,,-0.27859999999999974,,2.5771,2.0089
2024-01-31,7.34,-1.0782,-1.4831,,0.40490000000000004,,2.2964,2.0189
2024-02-01,7.25,-1.2262,-0.6387,,-0.5874999999999999,,1.6904,2.0282
2024-02-02,7.1,-2.069,-1.465,,-0.6039999999999999,,0.5127,2.0441
2024-02-05,6.89,-2.9577,-1.0241,,-1.9336,,0.7616,2.0508
2024-02-06,7.21,4.6444,3.2307,,1.4137,,2.9926,2.3144
2024-02-07,7.43,3.0513,1.4415,,1.6098,,3.354,2.4279
2024-02-08,7.51,1.0767,1.2793,,-0.2026000000000001,,3.2505,2.4362
2024-02-19,7.48,-0.3995,1.5576,,-1.9571,,2.9615,2.4235
2024-02-20,7.48,0.0,0.4188,,-0.4188,,2.1318,2.417
2024-02-21,7.51,0.4011,0.9659,,-0.5648,,1.3583,2.4184
2024-02-22,7.47,-0.5326,1.2674,,-1.8,,0.6527,2.4045
2024-02-23,7.59,1.6064,0.5528,,1.0536,,0.8593,2.3883
2024-02-26,7.53,-0.7905,-0.9272,,0.13670000000000004,,0.9429,2.3818
2024-02-27,7.58,0.664,1.2919,,-0.6279,,0.9653,2.0708
2024-02-28,7.5,-1.0554,-1.9111,,0.8557000000000001,,1.1227,2.096
2024-02-29,7.57,0.9333,1.9379,,-1.0046,,1.147,1.9623
2024-03-01,7.62,0.6605,0.393,,0.26749999999999996,,0.9291,1.8524
2024-03-04,7.6,-0.2625,0.406,,-0.6685000000000001,,0.8298,1.7813
2024-03-05,7.62,0.2632,0.279,,-0.015800000000000036,,0.7908,1.7617
2024-03-06,7.7,1.0499,-0.2579,,1.3078,,0.536,1.6992
2024-03-07,7.66,-0.5195,-0.4122,,-0.10729999999999995,,0.6447,1.6816
2024-03-08,7.92,3.3943,0.615,,2.7793,,1.5772,1.7856
2024-03-11,7.91,-0.1263,0.7367,,-0.863,,1.5556,1.6912
2024-03-12,7.87,-0.5057,-0.408,,-0.09770000000000006,,1.6581,1.5014
2024-03-13,7.82,-0.6353,-0.3963,,-0.239,,1.7284,1.2014
2024-03-14,7.93,1.4066,-0.184,,1.5906,,1.7086,1.0593
2024-03-15,7.91,-0.2522,0.5401,,-0.7923,,0.8238,1.0517
2024-03-18,7.96,0.6321,0.9916,,-0.35950000000000004,,0.8686,1.0427
2024-03-19,7.82,-1.7588,-0.7187,,-1.0400999999999998,,1.2109,1.1404
2024-03-20,7.87,0.6394,0.5528,,0.08660000000000001,,1.2098,1.1435
2024-03-21,7.88,0.1271,-0.0838,,0.21089999999999998,,0.9882,1.1295
2024-03-22,7.78,-1.269,-0.945,,-0.32399999999999995,,1.1177,1.1339
2024-03-25,7.79,0.1285,-0.7126,,0.8411,,1.029,1.113
2024-03-26,7.89,1.2837,0.1708,,1.1129,,0.94,1.1357
2024-03-27,7.78,-1.3942,-1.2647,,-0.12950000000000017,,1.116,1.1579
2024-03-28,7.81,0.3856,0.5853,,-0.19970000000000004,,1.1421,1.1458
2024-03-29,7.93,1.5365,1.0134,,0.5230999999999999,,1.1581,1.182
2024-04-01,8.03,1.261,1.1907,,0.07029999999999981,,1.2045,1.1992
2024-04-02,8.2,2.1171,-0.0786,,2.1957000000000004,,1.3669,1.2673
2024-04-03,8.19,-0.122,-0.1841,,0.062100000000000016,,0.8992,1.2616
2024-04-08,8.17,-0.2442,-0.7249,,0.4807,,1.0452,1.2534
2024-04-09,8.16,-0.1224,0.0489,,-0.1713,,1.0597,1.0272
2024-04-10,8.1,-0.7353,-0.6957,,-0.03959999999999997,,1.1127,1.0449
2024-04-11,8.21,1.358,0.2286,,1.1294000000000002,,0.7859,1.0686
2024-04-12,8.24,0.3654,-0.4871,,0.8525,,0.793,1.0498
2024-04-15,8.29,0.6068,1.2555,,-0.6487,,0.7855,1.0189
2024-04-16,8.08,-2.5332,-1.6455,,-0.8876999999999999,,1.5106,1.1889
2024-04-17,8.33,3.0941,2.1386,,0.9555000000000002,,2.0411,1.3605
2024-04-18,8.23,-1.2005,0.0925,,-1.293,,2.1161,1.3226
2024-04-19,8.28,0.6075,-0.2915,,0.899,,2.1274,1.3222
2024-04-22,8.24,-0.4831,-0.674,,0.19090000000000007,,2.1202,1.3325
2024-04-23,8.08,-1.9417,-0.743,,-1.1987,,1.9613,1.38
2024-04-24,8.12,0.495,0.7558,,-0.26080000000000003,,1.0938,1.3815
2024-04-25,8.22,1.2315,0.2654,,0.9661,,1.2382,1.3794
2024-04-26,8.12,-1.2165,1.1707,,-2.3872,,1.2759,1.369
2024-04-29,8.05,-0.8621,0.79,,-1.6521,,1.2945,1.3895
2024-04-30,8.08,0.3727,-0.2641,,0.6368,,1.0153,1.3527
2024-05-06,8.33,3.0941,1.1563,,1.9378,,1.7378,1.4904
2024-05-07,8.23,-1.2005,0.2235,,-1.424,,1.8282,1.4492
2024-05-08,8.11,-1.4581,-0.6119,,-0.8462,,1.8723,1.4868
2024-05-09,8.27,1.9729,0.826,,1.1469,,1.9764,1.5519
2024-05-10,8.23,-0.4837,0.0073,,-0.491,,2.0326,1.5564
2024-05-13,8.28,0.6075,-0.207,,0.8145,,1.4142,1.5495
2024-05-14,8.18,-1.2077,-0.0715,,-1.1362,,1.4156,1.5479
2024-05-15,8.12,-0.7335,-0.8224,,0.08889999999999998,,1.2735,1.5535
2024-05-16,8.05,-0.8621,0.0801,,-0.9421999999999999,,0.6904,1.5549
2024-05-17,8.08,0.3727,1.013,,-0.6402999999999999,,0.8036,1.4514
2024-05-20,8.13,0.6188,0.5428,,0.07600000000000007,,0.807,1.2686
2024-05-21,8.1,-0.369,-0.4156,,0.04660000000000003,,0.6614,1.2445
2024-05-22,8.04,-0.7407,0.018,,-0.7587,,0.6629,1.2422
2024-05-23,7.93,-1.3682,-1.3345,,-0.03370000000000006,,0.8119,1.2705
2024-05-24,7.98,0.6305,-0.8831,,1.5135999999999998,,0.8711,1.2121
2024-05-27,8.14,2.005,1.1386,,0.8663999999999998,,1.32,1.2925
2024-05-28,8.05,-1.1057,-0.4632,,-0.6424999999999998,,1.4137,1.2829
2024-05-29,8.02,-0.3727,0.0466,,-0.4193,,1.3822,1.2577
2024-05-30,8.01,-0.1247,-0.6217,,0.497,,1.1813,1.2435
2024-05-31,7.99,-0.2497,-0.1575,,-0.0922,,1.1678,1.241
2024-06-03,7.91,-1.0013,-0.2695,,-0.7318,,0.4508,1.0119
2024-06-04,7.92,0.1264,0.4129,,-0.2865,,0.4211,0.9898
2024-06-05,7.86,-0.7576,-0.8346,,0.07699999999999996,,0.465,0.9542
2024-06-06,7.55,-3.944,-0.5419,,-3.4021,,1.6141,1.1565
2024-06-07,7.8,3.3113,0.0817,,3.2296,,2.6022,1.4294
2024-06-11,7.65,-1.9231,-0.7613,,-1.1618,,2.6822,1.4604
2024-06-12,7.59,-0.7843,0.3111,,-1.0954,,2.6481,1.4509
2024-06-13,7.5,-1.1858,-0.2815,,-0.9043,,2.6525,1.4605
2024-06-14,7.51,0.1333,0.1225,,0.010800000000000004,,2.0409,1.4604
2024-06-17,7.48,-0.3995,-0.552,,0.15250000000000002,,0.7805,1.4508
2024-06-18,7.54,0.8021,0.4761,,0.326,,0.7795,1.458
2024-06-19,7.51,-0.3979,-0.4026,,0.0047000000000000375,,0.7358,1.458
2024-06-20,7.44,-0.9321,-0.4178,,-0.5143,,0.6561,1.4612
2024-06-21,7.46,0.2688,-0.2429,,0.5117,,0.6737,1.4486
2024-06-24,7.31,-2.0107,-1.1687,,-0.8419999999999999,,1.0903,1.4798
2024-06-25,7.37,0.8208,-0.4421,,1.2629,,1.0957,1.3988
2024-06-26,7.48,1.4925,0.7637,,0.7287999999999999,,1.4017,1.4577
2024-06-27,7.34,-1.8717,-0.8976,,-0.9741,,1.5954,1.4966
2024-06-28,7.44,1.3624,0.7315,,0.6309,,1.7532,1.5487
2024-07-01,7.51,0.9409,0.921,,0.019899999999999918,,1.3819,1.5757
2024-07-02,7.54,0.3995,0.0761,,0.3234,,1.374,1.5739
2024-07-03,7.54,0.0,-0.4882,,0.4882,,1.2516,1.5726
2024-07-04,7.5,-0.5305,-0.8319,,0.3014,,0.7481,1.5694
2024-07-05,7.44,-0.8,-0.2583,,-0.5417000000000001,,0.7011,1.3137
2024-07-08,7.28,-2.1505,-0.9315,,-1.219,,0.9755,1.1296
2024-07-09,7.4,1.6484,1.2633,,0.3851,,1.3776,1.1481
2024-07-10,7.33,-0.9459,-0.6762,,-0.26969999999999994,,1.3797,1.1532
2024-07-11,7.45,1.6371,1.0557,,0.5813999999999999,,1.6943,1.1941
2024-07-12,7.45,0.0,0.0306,,-0.0306,,1.6515,1.1936
2024-07-15,7.48,0.4027,0.0912,,0.3115,,1.1124,1.1941
2024-07-16,7.38,-1.3369,0.077,,-1.4139,,1.1739,1.2147
2024-07-17,7.37,-0.1355,-0.4519,,0.3164,,1.0705,1.2127
2024-07-18,7.43,0.8141,0.482,,0.33210000000000006,,0.8089,1.2116
2024-07-19,7.45,0.2692,0.174,,0.0952,,0.822,1.2116
2024-07-22,7.44,-0.1342,-0.6066,,0.47240000000000004,,0.7912,1.1166
2024-07-23,7.39,-0.672,-1.648,,0.9759999999999999,,0.5521,1.1153
2024-07-24,7.48,1.2179,-0.4603,,1.6782,,0.7485,1.0978
2024-07-25,7.53,0.6684,-0.5241,,1.1925,,0.7259,1.0128
2024-07-26,7.5,-0.3984,0.1441,,-0.5425,,0.7851,0.9761
2024-07-29,7.54,0.5333,0.0329,,0.5004,,0.7843,0.9606
2024-07-30,7.61,0.9284,-0.434,,1.3624,,0.6114,0.9786
2024-07-31,7.66,0.657,2.0647,,-1.4077000000000002,,0.5105,0.9878
2024-08-01,7.72,0.7833,-0.2164,,0.9997,,0.5236,0.9885
2024-08-02,7.78,0.7772,-0.9225,,1.6997,,0.1486,0.9715
2024-08-05,7.7,-1.0283,-1.5365,,0.5082,,0.8173,0.8519
2024-08-06,7.69,-0.1299,0.23,,-0.3599,,0.7904,0.7928
2024-08-07,7.65,-0.5202,0.0889,,-0.6091,,0.8,0.7658
2024-08-08,7.71,0.7843,0.0024,,0.7819,,0.8002,0.7038
2024-08-09,7.68,-0.3891,-0.2687,,-0.12040000000000001,,0.6675,0.7142
2024-08-12,7.76,1.0417,-0.1394,,1.1811,,0.7098,0.7397
2024-08-13,7.79,0.3866,0.3411,,0.045499999999999985,,0.695,0.6475
2024-08-14,7.8,0.1284,-0.6032,,0.7315999999999999,,0.5603,0.6414
2024-08-15,7.89,1.1538,0.937,,0.21679999999999988,,0.6434,0.6604
2024-08-16,7.85,-0.507,0.0719,,-0.5789,,0.6834,0.6848
2024-08-19,8.0,1.9108,0.4945,,1.4163000000000001,,0.9377,0.7696
2024-08-20,7.88,-1.5,-0.9334,,-0.5666,,1.3439,0.8468
2024-08-21,7.82,-0.7614,-0.3516,,-0.40979999999999994,,1.4188,0.8526
2024-08-22,7.87,0.6394,-0.2734,,0.9128,,1.3358,0.8518
2024-08-23,7.83,-0.5083,0.1966,,-0.7049,,1.3359,0.8564
2024-08-26,7.25,-7.4074,0.0403,,-7.4477,,3.1691,1.9035
2024-08-27,7.25,0.0,-0.2378,,0.2378,,3.2862,1.8864
2024-08-28,7.23,-0.2759,-0.3967,,0.12080000000000002,,3.3244,1.8749
2024-08-29,7.14,-1.2448,-0.5047,,-0.7400999999999999,,3.1203,1.8697
2024-08-30,7.14,0.0,0.6766,,-0.6766,,3.1841,1.8526
2024-09-02,7.16,0.2801,-1.0967,,1.3768,,0.5908,1.8528
2024-09-03,7.13,-0.419,-0.2867,,-0.13229999999999997,,0.5764,1.8521
2024-09-04,7.09,-0.561,-0.6671,,0.10609999999999997,,0.5835,1.8523
2024-09-05,7.11,0.2821,0.1447,,0.13740000000000002,,0.3916,1.8393
2024-09-06,7.08,-0.4219,-0.8069,,0.38499999999999995,,0.4139,1.8393
2024-09-09,7.01,-0.9887,-1.0601,,0.07140000000000002,,0.4572,1.812
2024-09-10,6.97,-0.5706,0.2814,,-0.852,,0.462,1.8002
2024-09-11,6.8,-2.439,-0.8159,,-1.6231,,1.0105,1.8412
2024-09-12,6.89,1.3235,-0.1719,,1.4953999999999998,,1.3476,1.8504
2024-09-13,6.88,-0.1451,-0.4796,,0.3345,,1.3633,1.8538
2024-09-18,6.95,1.0174,0.4878,,0.5296000000000001,,1.4958,1.799
2024-09-19,6.99,0.5755,0.6897,,-0.11419999999999997,,1.5055,1.8094
2024-09-20,6.99,0.0,0.0289,,-0.0289,,0.633,1.8134
2024-09-23,7.06,1.0014,0.4425,,0.5589000000000001,,0.5455,1.8276
2024-09-24,7.21,2.1246,4.1547,,-2.0301,,0.7793,1.9213
2024-09-25,7.2,-0.1387,1.1589,,-1.2976,,0.9122,0.983
2024-09-26,7.38,2.5,3.6129,,-1.1128999999999998,,1.2004,1.1344
2024-09-27,7.66,3.794,2.8851,,0.9089,,1.496,1.3986
2024-09-30,8.22,7.3107,8.0637,,-0.753000000000001,,2.7391,2.0557
2024-10-08,8.42,2.4331,4.594,,-2.1609000000000003,,2.7145,2.0823
2024-10-09,7.8,-7.3634,-6.617,,-0.7464000000000004,,5.4585,2.7774
2024-10-10,7.94,1.7949,1.3216,,0.47329999999999983,,5.4429,2.7844
2024-10-11,7.82,-1.5113,-2.5497,,1.0384,,5.4238,2.8128
2024-10-14,7.94,1.5345,2.0692,,-0.5347,,4.064,2.8209
2024-10-15,7.76,-2.267,-2.5281,,0.2610999999999999,,3.7085,2.8853
2024-10-16,8.0,3.0928,0.0519,,3.0409,,2.3004,2.9186
2024-10-17,7.81,-2.375,-1.0481,,-1.3269,,2.4758,2.9872
2024-10-18,7.9,1.1524,2.9085,,-1.7561,,2.4377,2.9007
2024-10-21,7.89,-0.1266,0.2008,,-0.3274,,2.3256,2.9049
2024-10-22,8.0,1.3942,0.5434,,0.8508000000000001,,2.0325,2.9011
2024-10-23,8.02,0.25,0.5152,,-0.2652,,1.4978,2.9032
2024-10-24,7.97,-0.6234,-0.6825,,0.05910000000000004,,0.8517,2.9195
2024-10-25,8.07,1.2547,0.5926,,0.6620999999999999,,0.8749,2.9171
2024-10-28,8.14,0.8674,0.6819,,0.1855,,0.8286,2.9167
2024-10-29,7.98,-1.9656,-1.0773,,-0.8883000000000001,,1.2876,2.9587
2024-10-30,7.91,-0.8772,-0.6137,,-0.26349999999999996,,1.3216,2.9723
2024-10-31,8.01,1.2642,0.4158,,0.8484,,1.4576,2.9416
2024-11-01,7.96,-0.6242,-0.2381,,-0.3861,,1.3244,2.8415
2024-11-04,7.93,-0.3769,1.1675,,-1.5444,,1.1653,2.3022
2024-11-05,8.05,1.5132,2.3195,,-0.8063,,1.1211,2.2565
2024-11-06,8.03,-0.2484,-0.0939,,-0.15450000000000003,,1.0018,1.5026
2024-11-07,8.2,2.1171,2.5666,,-0.4495,,1.2482,1.5227
2024-11-08,8.16,-0.4878,-0.529,,0.041200000000000014,,1.2193,1.4797
2024-11-11,8.32,1.9608,0.5147,,1.4461,,1.2452,1.5025
2024-11-12,8.3,-0.2404,-1.3861,,1.1457000000000002,,1.3001,1.3882
2024-11-13,8.1,-2.4096,0.5058,,-2.9154,,1.8876,1.3601
2024-11-14,7.94,-1.9753,-1.7283,,-0.2470000000000001,,1.722,1.3248
2024-11-15,7.83,-1.3854,-1.453,,0.0676000000000001,,1.75,1.3392
2024-11-18,7.83,0.0,-0.2066,,0.2066,,1.0559,1.3391
2024-11-19,7.86,0.3831,0.6667,,-0.28359999999999996,,1.2216,1.301
2024-11-20,7.88,0.2545,0.6569,,-0.40240000000000004,,1.0665,1.3011
2024-11-21,7.83,-0.6345,0.0716,,-0.7061,,0.7334,1.3013
2024-11-22,7.52,-3.9591,-3.0622,,-0.8969,,1.8137,1.5231
2024-11-25,7.49,-0.3989,-0.105,,-0.2939,,1.7787,1.4963
2024-11-26,7.53,0.534,-0.1226,,0.6566000000000001,,1.8063,1.4631
2024-11-27,7.6,0.9296,1.5345,,-0.6049,,1.9297,1.4799
2024-11-28,7.68,1.0526,-0.4254,,1.478,,2.0864,1.4697
2024-11-29,7.68,0.0,0.9333,,-0.9333,,0.6164,1.4668
2024-12-02,7.76,1.0417,1.1279,,-0.08619999999999983,,0.4502,1.4903
2024-12-03,7.78,0.2577,0.4408,,-0.18310000000000004,,0.4924,1.4447
2024-12-04,7.73,-0.6427,-0.4191,,-0.22360000000000008,,0.7225,1.4486
2024-12-05,7.67,-0.7762,0.1251,,-0.9013,,0.7356,1.3481
2024-12-06,7.78,1.4342,1.0455,,0.3886999999999998,,0.9847,1.4032
2024-12-09,7.8,0.2571,-0.0455,,0.3026,,0.8872,1.3121
2024-12-10,7.79,-0.1282,0.5916,,-0.7198,,0.8875,1.3127
2024-12-11,7.84,0.6418,0.2872,,0.3546,,0.8285,1.2303
2024-12-12,7.89,0.6378,0.8452,,-0.20739999999999992,,0.5792,1.1639
2024-12-13,7.66,-2.9151,-2.0113,,-0.9037999999999999,,1.4954,1.3002
2024-12-16,7.68,0.2611,-0.1636,,0.42469999999999997,,1.4958,1.3026
2024-12-17,7.58,-1.3021,-0.7335,,-0.5686,,1.553,1.3248
2024-12-18,7.61,0.3958,0.6164,,-0.22059999999999996,,1.5097,1.3276
2024-12-19,7.65,0.5256,-0.3601,,0.8856999999999999,,1.4877,1.3314
2024-12-20,7.6,-0.6536,-0.0582,,-0.5953999999999999,,0.7912,0.9893
2024-12-23,7.55,-0.6579,-0.4991,,-0.15880000000000005,,0.7771,0.9973
2024-12-24,7.69,1.8543,1.2613,,0.593,,1.0371,1.0723
2024-12-25,7.68,-0.13,-0.0053,,-0.1247,,1.0507,1.0557
2024-12-26,7.63,-0.651,0.1394,,-0.7904,,1.0872,1.0398
2024-12-27,7.7,0.9174,0.0606,,0.8568,,1.0953,1.0611
2024-12-30,7.78,1.039,0.2115,,0.8274999999999999,,0.9955,1.061
2024-12-31,7.88,1.2853,-1.6309,,2.9162,,0.8371,1.0974
2025-01-02,8.05,2.1574,-2.6613,,4.8187,,1.0176,1.1775
2025-01-03,7.95,-1.2422,-1.5672,,0.32499999999999996,,1.2564,1.2024
2025-01-06,8.08,1.6352,-0.1404,,1.7756,,1.3087,1.2141
2025-01-07,8.13,0.6188,0.7085,,-0.0897,,1.317,1.2178
2025-01-08,8.09,-0.492,0.0164,,-0.5084,,1.4198,1.2258
2025-01-09,8.18,1.1125,-0.5814,,1.6939000000000002,,1.1776,1.2393
2025-01-10,8.29,1.3447,-1.3349,,2.6795999999999998,,0.8343,1.2617
2025-01-13,8.35,0.7238,-0.2449,,0.9687,,0.7082,1.0196
2025-01-14,8.55,2.3952,2.5367,,-0.14150000000000018,,1.0463,1.1081
2025-01-15,8.43,-1.4035,-0.4264,,-0.9771,,1.3959,1.1172
2025-01-16,8.55,1.4235,0.2761,,1.1474,,1.4181,1.1338
2025-01-17,8.58,0.3509,0.1789,,0.172,,1.4093,1.135
2025-01-20,8.48,-1.1655,0.079,,-1.2445,,1.6357,1.1695
2025-01-21,8.42,-0.7075,-0.0542,,-0.6533,,1.1755,1.1723
2025-01-22,8.28,-1.6627,-0.8943,,-0.7684000000000001,,1.2402,1.2293
2025-01-23,8.45,2.0531,0.5147,,1.5384000000000002,,1.4753,1.2778
2025-01-24,8.43,-0.2367,0.6956,,-0.9323,,1.4408,1.2616
2025-01-27,8.53,1.1862,-0.0624,,1.2486,,1.4886,1.2676
2025-02-05,8.46,-0.8206,-0.6494,,-0.17120000000000002,,1.5052,1.2955
2025-02-06,8.38,-0.9456,1.2748,,-2.2203999999999997,,1.3172,1.3137
2025-02-07,8.53,1.79,1.0093,,0.7807,,1.2294,1.289
2025-02-10,8.34,-2.2274,0.56,,-2.7874,,1.6533,1.3674
2025-02-11,8.5,1.9185,-0.1237,,2.0422000000000002,,1.8301,1.3838
2025-02-12,8.43,-0.8235,0.8538,,-1.6773,,1.8304,1.4018
2025-02-13,8.35,-0.949,-0.4157,,-0.5332999999999999,,1.8308,1.4171
2025-02-14,8.22,-1.5569,0.4273,,-1.9842,,1.5809,1.4488
2025-02-17,8.25,0.365,0.2722,,0.0928,,1.3782,1.4184
2025-02-18,8.17,-0.9697,-0.9339,,-0.035800000000000054,,0.7037,1.4226
2025-02-19,8.14,-0.3672,0.8137,,-1.1809,,0.727,1.2961
2025-02-20,8.07,-0.86,-0.0227,,-0.8372999999999999,,0.7203,1.2759
2025-02-21,8.11,0.4957,0.8455,,-0.34980000000000006,,0.6776,1.2294
2025-02-24,8.17,0.7398,-0.1799,,0.9197,,0.7783,1.2425
2025-02-25,8.02,-1.836,-0.8002,,-1.0358,,1.0453,1.2775
2025-02-26,8.1,0.9975,1.0212,,-0.023700000000000054,,1.2099,1.3034
2025-02-27,8.15,0.6173,0.2322,,0.3851,,1.1548,1.2666
2025-02-28,8.06,-1.1043,-1.9823,,0.8779999999999999,,1.2694,1.1818
2025-03-03,8.07,0.1241,-0.1195,,0.24359999999999998,,1.193,1.1844
2025-03-04,8.14,0.8674,0.2195,,0.6478999999999999,,0.8532,1.1666
2025-03-05,8.18,0.4914,0.534,,-0.04260000000000003,,0.7764,1.1684
2025-03-06,8.17,-0.1222,1.1712,,-1.2934,,0.7467,1.1537
2025-03-07,8.25,0.9792,-0.2529,,1.2321,,0.4712,1.0958
2025-03-10,8.41,1.9394,-0.1895,,2.1289,,0.7543,1.0783
2025-03-11,8.36,-0.5945,0.4061,,-1.0006,,0.9848,0.9917
2025-03-12,8.25,-1.3158,-0.234,,-1.0818,,1.2906,1.0169
2025-03-13,8.22,-0.3636,-0.3912,,0.027600000000000013,,1.309,0.9996
2025-03-14,8.28,0.7299,1.8111,,-1.0812,,1.2728,0.9506
2025-03-17,8.34,0.7246,0.1921,,0.5325,,0.8861,0.9604
2025-03-18,8.47,1.5588,0.106,,1.4527999999999999,,1.1175,0.984
2025-03-19,8.51,0.4723,-0.0971,,0.5694,,0.688,0.9771
2025-03-20,8.45,-0.7051,-0.5102,,-0.19489999999999996,,0.8157,0.9686
2025-03-21,8.4,-0.5917,-1.2942,,0.7025,,0.9486,0.9836
2025-03-24,8.44,0.4762,0.1545,,0.3217,,0.9265,0.9775
2025-03-25,8.55,1.3033,-0.0015,,1.3048,,0.8386,0.8867
2025-03-26,8.76,2.4561,-0.038,,2.4941,,1.3302,0.998
2025-03-27,8.68,-0.9132,0.1499,,-1.0631,,1.383,1.0381
2025-03-28,8.49,-2.1889,-0.6651,,-1.5237999999999998,,1.8252,1.1398
2025-03-31,8.48,-0.1178,-0.4643,,0.3465,,1.8243,1.1427
2025-04-01,8.63,1.7689,0.3804,,1.3884999999999998,,1.9104,1.1851
2025-04-02,8.6,-0.3476,0.0505,,-0.3981,,1.4354,1.1928
2025-04-03,9.08,5.5814,-0.2424,,5.8238,,2.9494,1.6797
2025-04-07,8.17,-10.022,-7.3438,,-2.6782000000000004,,5.7639,2.8926
2025-04-08,8.44,3.3048,1.5814,,1.7234000000000003,,6.0363,2.9564
2025-04-09,9.28,9.9526,1.3117,,8.6409,,7.539,3.6844
2025-04-10,9.53,2.694,1.1557,,1.5383,,7.4553,3.6844
2025-04-11,10.48,9.9685,0.4526,,9.5159,,8.1624,4.2023
2025-04-14,10.8,3.0534,0.7591,,2.2943,,3.8091,4.2177
2025-04-15,9.72,-10.0,0.1486,,-10.1486,,8.1533,4.9321
2025-04-16,9.46,-2.6749,0.2552,,-2.9301,,7.4374,4.9922
2025-04-17,9.19,-2.8541,0.1325,,-2.9865999999999997,,7.4622,5.0543
2025-04-18,8.75,-4.7878,-0.11,,-4.6777999999999995,,4.6889,5.1865
2025-04-21,8.72,-0.3429,0.4486,,-0.7915,,3.6393,5.1846
2025-04-22,9.27,6.3073,0.2531,,6.0542,,4.3109,5.3552
2025-04-23,9.06,-2.2654,-0.103,,-2.1624,,4.2717,5.3902
2025-04-24,9.02,-0.4415,0.0282,,-0.4697,,4.1134,5.3717
2025-04-25,8.89,-1.4412,-0.0676,,-1.3736000000000002,,3.4148,5.3792
2025-04-28,8.84,-0.5624,-0.2018,,-0.36060000000000003,,3.4275,5.3525
2025-04-29,8.69,-1.6968,-0.0535,,-1.6433,,0.7728,5.3712
2025-04-30,8.45,-2.7618,-0.2318,,-2.5300000000000002,,0.9438,5.3997
2025-05-06,8.6,1.7751,1.1308,,0.6442999999999999,,1.7071,5.4126
2025-05-07,8.67,0.814,0.8009,,0.0131,,1.834,5.2633
2025-05-08,8.64,-0.346,0.2791,,-0.6251,,1.8343,4.7198
2025-05-09,8.52,-1.3889,-0.2983,,-1.0906,,1.7862,4.6835
2025-05-12,8.51,-0.1174,0.8151,,-0.9325000000000001,,1.2008,4.0761
2025-05-13,8.97,5.4054,0.1671,,5.238300000000001,,2.6518,4.2252
2025-05-14,9.19,2.4526,0.8617,,1.5909,,2.7424,3.5521
2025-05-15,8.89,-3.2644,-0.6795,,-2.5849,,3.3885,3.4911
2025-05-16,8.74,-1.6873,-0.3952,,-1.2921,,3.4349,2.7728
2025-05-19,9.02,3.2037,0.0036,,3.2001,,3.5894,2.8402
2025-05-20,8.77,-2.7716,0.3831,,-3.1547,,3.0253,2.8362
2025-05-21,9.17,4.561,0.2097,,4.3513,,3.6142,2.8099
2025-05-22,9.32,1.6358,-0.2179,,1.8537,,3.138,2.8219
2025-05-23,8.86,-4.9356,-0.9414,,-3.9942,,4.0377,2.6939
2025-05-26,8.92,0.6772,-0.0457,,0.7229,,3.7363,2.6548
2025-05-27,8.84,-0.8969,-0.1838,,-0.7131000000000001,,3.4959,2.6603
2025-05-28,8.56,-3.1674,-0.0227,,-3.1447000000000003,,2.7106,2.7342
2025-05-29,8.62,0.7009,0.7042,,-0.0033000000000000806,,2.4763,2.7389
2025-05-30,8.66,0.464,-0.4745,,0.9385,,1.6594,2.7147
2025-06-03,8.67,0.1155,0.4329,,-0.3174,,1.5817,2.6347
2025-06-04,8.68,0.1153,0.423,,-0.3077,,1.592,2.6072
2025-06-05,8.6,-0.9217,0.234,,-1.1557,,0.62,2.6103
2025-06-06,8.69,1.0465,0.0372,,1.0093,,0.7163,2.6194
2025-06-09,8.67,-0.2301,0.4257,,-0.6558,,0.7108,2.5983
2025-06-10,8.86,2.1915,-0.4397,,2.6311999999999998,,1.2087,2.6383
2025-06-11,8.78,-0.9029,0.517,,-1.4199000000000002,,1.3542,2.3488
2025-06-12,8.66,-1.3667,0.01,,-1.3767,,1.4599,2.2864
2025-06-13,8.63,-0.3464,-0.7541,,0.4077,,1.376,2.1758
2025-06-16,8.61,-0.2317,0.3473,,-0.579,,1.376,2.1449
2025-06-17,8.58,-0.3484,-0.0392,,-0.3092,,0.4835,2.0035
2025-06-18,8.35,-2.6807,0.0416,,-2.7222999999999997,,1.0489,1.9975
2025-06-19,8.14,-2.515,-0.7879,,-1.7271,,1.256,1.7111
2025-06-20,8.19,0.6143,-0.0657,,0.6799999999999999,,1.4778,1.6558
2025-06-23,8.39,2.442,0.6453,,1.7967000000000002,,2.1642,1.4561
2025-06-24,8.3,-1.0727,1.153,,-2.2257,,2.176,1.4493
2025-06-25,8.34,0.4819,1.0349,,-0.5529999999999999,,1.8741,1.4547
2025-06-26,8.26,-0.9592,-0.2176,,-0.7416,,1.4309,1.2995
2025-06-27,8.26,0.0,-0.7023,,0.7023,,1.4237,1.2842
2025-06-30,8.25,-0.1211,0.5899,,-0.711,,0.6632,1.2748
2025-07-01,8.3,0.6061,0.3867,,0.21939999999999998,,0.6193,1.2865
2025-07-02,8.3,0.0,-0.0856,,0.0856,,0.5606,1.2852
2025-07-03,8.27,-0.3614,0.1841,,-0.5455,,0.3569,1.2751
2025-07-04,8.3,0.3628,0.3227,,0.040100000000000025,,0.3863,1.2492
2025-07-07,8.21,-1.0843,0.0233,,-1.1076000000000001,,0.6633,1.264
2025-07-08,8.22,0.1218,0.7011,,-0.5792999999999999,,0.563,1.1299
2025-07-09,8.16,-0.7299,-0.1267,,-0.6032,,0.5945,1.1263
2025-07-10,8.22,0.7353,0.4761,,0.25919999999999993,,0.7624,1.1254
2025-07-11,8.22,0.0,0.0142,,-0.0142,,0.7212,1.1266
2025-07-14,8.23,0.1217,0.2698,,-0.14809999999999998,,0.5222,1.1294
2025-07-15,8.15,-0.9721,-0.4162,,-0.5559,,0.6875,1.1417
2025-07-16,8.17,0.2454,-0.0348,,0.2802,,0.624,0.9915
2025-07-17,8.16,-0.1224,0.3725,,-0.4949,,0.482,0.8138
2025-07-18,8.17,0.1225,0.5019,,-0.3794,,0.4942,0.8021
2025-07-21,8.26,1.1016,0.7161,,0.38549999999999995,,0.7451,0.6223
2025-07-22,8.4,1.6949,0.62,,1.0749,,0.7625,0.6928
2025-07-23,8.34,-0.7143,0.0123,,-0.7266,,0.9694,0.7062
2025-07-24,8.48,1.6787,0.654,,1.0247000000000002,,1.0504,0.7613
2025-07-25,8.39,-1.0613,-0.3347,,-0.7265999999999999,,1.3307,0.8068
2025-07-28,8.32,-0.8343,0.1191,,-0.9534,,1.4059,0.8316
2025-07-29,8.29,-0.3606,0.3271,,-0.6877,,1.1121,0.8254
2025-07-30,8.3,0.1206,0.1665,,-0.04590000000000001,,1.089,0.8258
2025-07-31,8.16,-1.6867,-1.1757,,-0.5110000000000001,,0.6874,0.9059
2025-08-01,8.17,0.1225,-0.3711,,0.4936,,0.7596,0.9015
2025-08-04,8.18,0.1224,0.6562,,-0.5338,,0.7832,0.8703
2025-08-05,8.22,0.489,0.9569,,-0.4679,,0.8646,0.8772
2025-08-06,8.25,0.365,0.4531,,-0.08810000000000001,,0.8914,0.863
2025-08-07,8.23,-0.2424,0.1563,,-0.3987,,0.2803,0.8503
2025-08-08,8.27,0.486,-0.1247,,0.6107,,0.3101,0.8569
2025-08-11,8.32,0.6046,0.3417,,0.2629,,0.3367,0.8662
2025-08-12,8.34,0.2404,0.5036,,-0.26320000000000005,,0.3275,0.8321
2025-08-13,8.29,-0.5995,0.4785,,-1.078,,0.5074,0.8467
2025-08-14,8.23,-0.7238,-0.4621,,-0.2617,,0.621,0.8646
2025-08-15,8.28,0.6075,0.8272,,-0.2197,,0.6466,0.8736
2025-08-18,8.29,0.1208,0.8456,,-0.7248,,0.57,0.8395
2025-08-19,8.33,0.4825,-0.0198,,0.5023,,0.6118,0.7515
2025-08-20,8.32,-0.12,1.0442,,-1.1642000000000001,,0.531,0.735
2025-08-21,8.38,0.7212,0.1298,,0.5913999999999999,,0.3515,0.6449
2025-08-22,8.38,0.0,1.4494,,-1.4494,,0.3506,0.6
2025-08-25,8.59,2.506,1.5108,,0.9951999999999999,,1.0571,0.7912
2025-08-26,8.53,-0.6985,-0.3909,,-0.3076,,1.2392,0.8064
2025-08-27,8.36,-1.993,-1.7586,,-0.23440000000000016,,1.6735,0.9377
2025-08-28,8.41,0.5981,1.1381,,-0.5399999999999999,,1.6631,0.8515
2025-08-29,8.41,0.0,0.3728,,-0.3728,,1.6631,0.8522
2025-09-01,8.57,1.9025,0.4562,,1.4463000000000001,,1.4517,0.938
2025-09-02,8.63,0.7001,-0.449,,1.1491,,1.4272,0.9421
2025-09-03,8.44,-2.2016,-1.1552,,-1.0464,,1.5095,1.0887
2025-09-04,8.62,2.1327,-1.2503,,3.383,,1.7479,1.1734
2025-09-05,8.63,0.116,1.2382,,-1.1221999999999999,,1.7403,1.1722
2025-09-08,8.77,1.6222,0.3759,,1.2463000000000002,,1.6888,1.2112
2025-09-09,9.04,3.0787,-0.5109,,3.5896,,2.0622,1.3641
2025-09-10,8.85,-2.1018,0.1295,,-2.2313,,2.0242,1.4607
2025-09-11,8.88,0.339,1.6549,,-1.3159,,1.9229,1.4393
2025-09-12,8.81,-0.7883,-0.1215,,-0.6668000000000001,,2.0211,1.4619
2025-09-15,8.82,0.1135,-0.2609,,0.3744,,1.9081,1.4619
2025-09-16,8.75,-0.7937,0.0355,,-0.8291999999999999,,0.9629,1.4822
2025-09-17,8.73,-0.2286,0.3747,,-0.6033,,0.5154,1.4838
2025-09-18,8.57,-1.8328,-1.1526,,-0.6801999999999999,,0.7389,1.5497
2025-09-19,8.66,1.0502,-0.302,,1.3522,,1.0706,1.563
2025-09-22,8.54,-1.3857,0.2222,,-1.6078999999999999,,1.1212,1.4986
2025-09-23,8.56,0.2342,-0.1763,,0.4105,,1.1783,1.4908
2025-09-24,8.62,0.7009,0.8323,,-0.13140000000000007,,1.2869,1.4186
2025-09-25,8.46,-1.8561,-0.0088,,-1.8473000000000002,,1.2941,1.4836
2025-09-26,8.47,0.1182,-0.6537,,0.7718999999999999,,1.1144,1.4836
2025-09-29,8.49,0.2361,0.8991,,-0.663,,0.9996,1.4193
2025-09-30,8.42,-0.8245,0.5243,,-1.3488,,1.0195,1.4185
2025-10-09,8.55,1.5439,1.3184,,0.22550000000000003,,1.2704,1.3749
2025-10-10,8.62,0.8187,-0.939,,1.7576999999999998,,0.8785,1.3008
2025-10-13,8.78,1.8561,-0.1932,,2.0493,,1.0722,1.365
2025-10-14,8.83,0.5695,-0.624,,1.1935,,1.0441,1.3226
2025-10-15,8.76,-0.7928,1.2155,,-2.0083,,1.0319,1.1231
2025-10-16,8.76,0.0,0.1028,,-0.1028,,0.9831,1.025
2025-10-17,8.74,-0.2283,-1.9526,,1.7243,,1.0069,1.0217
2025-10-20,8.87,1.4874,0.6284,,0.8590000000000001,,0.8664,1.0638
2025-10-21,8.91,0.451,1.3572,,-0.9061999999999999,,0.8556,1.0678
2025-10-22,8.85,-0.6734,-0.0656,,-0.6078,,0.8226,1.063
2025-10-23,8.98,1.4689,0.221,,1.2479,,0.9777,1.1055
2025-10-24,9.02,0.4454,0.7113,,-0.2659,,0.8949,1.0034
2025-10-27,9.06,0.4435,1.1804,,-0.7368999999999999,,0.7579,0.9874
2025-10-28,8.89,-1.8764,-0.2182,,-1.6582000000000001,,1.2767,1.0346
2025-10-29,8.82,-0.7874,0.7048,,-1.4922,,1.2918,1.0581
2025-10-30,8.79,-0.3401,-0.7328,,0.3927,,0.9691,1.0554
2025-10-31,8.76,-0.3413,-0.8054,,0.4641,,0.8494,0.9572
2025-11-03,8.83,0.7991,0.5495,,0.24960000000000004,,0.9637,0.967
2025-11-04,8.95,1.359,-0.4107,,1.7697,,0.9004,1.0005
2025-11-05,8.92,-0.3352,0.2288,,-0.5640000000000001,,0.8015,0.9781
2025-11-06,9.01,1.009,0.9702,,0.038799999999999946,,0.7893,0.9489
2025-11-07,8.96,-0.5549,-0.2545,,-0.30039999999999994,,0.8495,0.9566
2025-11-10,8.99,0.3348,0.5263,,-0.1915,,0.8277,0.8748
2025-11-11,8.98,-0.1112,-0.3942,,0.28300000000000003,,0.6204,0.8697
2025-11-12,8.91,-0.7795,-0.0655,,-0.714,,0.7169,0.8689
2025-11-13,8.96,0.5612,0.734,,-0.17279999999999995,,0.5689,0.875
2025-11-14,9.17,2.3438,-0.9681,,3.3118999999999996,,1.1658,1.0015
2025-11-17,9.06,-1.1996,-0.4626,,-0.737,,1.3906,1.0063
2025-11-18,8.89,-1.8764,-0.8112,,-1.0652,,1.673,1.0955
2025-11-19,8.84,-0.5624,0.1759,,-0.7383,,1.6566,1.0922
2025-11-20,8.79,-0.5656,-0.3975,,-0.16809999999999997,,1.6123,1.0418
2025-11-21,8.68,-1.2514,-2.4462,,1.1948,,0.55,1.0638
2025-11-24,8.65,-0.3456,0.049,,-0.3946,,0.634,1.0537
2025-11-25,8.75,1.1561,0.8666,,0.28949999999999987,,0.8897,1.0215
2025-11-26,8.74,-0.1143,-0.1509,,0.03660000000000001,,0.8809,1.0077
2025-11-27,8.67,-0.8009,0.2867,,-1.0876,,0.9095,1.0201
2025-11-28,8.75,0.9227,0.3442,,0.5785,,0.8408,1.041
2025-12-01,9.0,2.8571,0.6534,,2.2037,,1.3939,1.2119
2025-12-02,9.1,1.1111,-0.4165,,1.5276,,1.3912,1.1995
2025-12-03,9.04,-0.6593,-0.5057,,-0.15359999999999996,,1.4976,1.2077
2025-12-04,9.01,-0.3319,-0.057,,-0.2749,,1.3921,1.1902
2025-12-05,8.99,-0.222,0.6971,,-0.9191,,1.4555,1.1842
2025-12-08,8.96,-0.3337,0.545,,-0.8787,,0.6896,1.1844
2025-12-09,8.87,-1.0045,-0.371,,-0.6335,,0.3212,1.2051
2025-12-10,9.04,1.9166,-0.2307,,2.1473,,1.1128,1.2688
2025-12-11,8.87,-1.8805,-0.6968,,-1.1837,,1.4067,1.3358
2025-12-12,8.83,-0.451,0.4139,,-0.8649,,1.407,1.2137
2025-12-15,8.95,1.359,-0.551,,1.9100000000000001,,1.6022,1.2354
2025-12-16,8.85,-1.1173,-1.1146,,-0.0026999999999999247,,1.6204,1.1872
2025-12-17,8.88,0.339,1.1888,,-0.8498000000000001,,1.2586,1.1825
2025-12-18,8.96,0.9009,0.1574,,0.7435,,1.0016,1.1891
2025-12-19,9.12,1.7857,0.3632,,1.4225,,1.1264,1.201
2025-12-22,9.52,4.386,0.6917,,3.6943,,2.0419,1.5043
2025-12-23,9.55,0.3151,0.0669,,0.24819999999999998,,1.6964,1.4964
2025-12-24,9.75,2.0942,0.535,,1.5591999999999997,,1.5605,1.5337
2025-12-25,10.17,4.3077,0.4737,,3.8339999999999996,,1.7495,1.7105
2025-12-26,10.42,2.4582,0.1025,,2.3557,,1.6985,1.7496
2025-12-29,9.61,-7.7735,0.0404,,-7.8139,,4.7201,2.5519
2025-12-30,9.3,-3.2258,-0.004,,-3.2218,,4.9725,2.6664
2025-12-31,9.38,0.8602,0.0938,,0.7664,,4.845,2.664
2026-01-05,9.36,-0.2132,1.3752,,-1.5884,,4.0373,2.6628
2026-01-06,9.44,0.8547,1.4975,,-0.6428,,3.6847,2.6642
2026-01-07,9.72,2.9661,0.0514,,2.9147,,2.2589,2.7257
2026-01-08,9.53,-1.9547,-0.0683,,-1.8864,,1.7938,2.7603
2026-01-09,9.51,-0.2099,0.9172,,-1.1271,,1.8043,2.7396
2026-01-12,9.53,0.2103,1.0887,,-0.8784000000000001,,1.7847,2.6919
2026-01-13,9.31,-2.3085,-0.6369,,-1.6716,,2.1036,2.7539
2026-01-14,9.36,0.5371,-0.3061,,0.8432,,1.2991,2.7434
2026-01-15,9.37,0.1068,-0.3269,,0.43370000000000003,,1.1362,2.7246
2026-01-16,9.65,2.9883,-0.2599,,3.2482,,1.8797,2.7892
2026-01-19,9.84,1.9689,0.2947,,1.6742000000000001,,2.0166,2.8083
2026-01-20,9.86,0.2033,-0.0085,,0.21180000000000002,,1.2659,2.7927
2026-01-21,9.77,-0.9128,0.08,,-0.9927999999999999,,1.5732,2.6449
2026-01-22,9.81,0.4094,0.137,,0.2724,,1.542,2.6453
2026-01-23,9.74,-0.7136,0.3294,,-1.0430000000000001,,1.1451,2.612
2026-01-26,9.75,0.1027,-0.0858,,0.1885,,0.5907,2.4108
2026-01-27,9.86,1.1282,0.1764,,0.9518000000000001,,0.8357,2.3518
2026-01-28,9.93,0.7099,0.2739,,0.436,,0.6943,1.5524
2026-01-29,9.9,-0.3021,0.1624,,-0.46449999999999997,,0.7444,1.3381
2026-01-30,9.78,-1.2121,-0.9627,,-0.24939999999999996,,0.9099,1.374
2026-02-02,9.48,-3.0675,-2.4818,,-0.5857000000000001,,1.6764,1.5571
2026-02-03,9.73,2.6371,1.2947,,1.3424000000000003,,2.1286,1.6522
2026-02-04,9.87,1.4388,0.8472,,0.5916000000000001,,2.2329,1.5479
2026-02-05,9.77,-1.0132,-0.6406,,-0.37260000000000015,,2.2712,1.4959
2026-02-06,9.66,-1.1259,-0.2537,,-0.8721999999999999,,2.2623,1.5209
2026-02-09,9.71,0.5176,1.4146,,-0.8970000000000001,,1.611,1.5237
2026-02-10,9.89,1.8538,0.1281,,1.7256999999999998,,1.3702,1.4597
2026-02-11,10.46,5.7634,0.0874,,5.676,,2.8296,1.9026
2026-02-12,10.34,-1.1472,0.0494,,-1.1966,,2.8563,1.9391
2026-02-13,10.1,-2.3211,-1.2566,,-1.0645,,3.1333,1.9456
2026-02-24,10.39,2.8713,0.8657,,2.0056000000000003,,3.2305,1.9974
2026-02-25,10.6,2.0212,0.7242,,1.297,,3.2372,2.0342
2026-02-26,10.77,1.6038,-0.0145,,1.6182999999999998,,2.2233,2.0278
2026-02-27,11.41,5.9424,0.3919,,5.5505,,2.9635,2.3633
2026-03-02,11.34,-0.6135,0.4735,,-1.087,,2.3782,2.3601
2026-03-03,10.99,-3.0864,-1.4324,,-1.654,,3.3536,2.5118
2026-03-04,11.06,0.6369,-0.9753,,1.6122,,3.3231,2.509
2026-03-05,11.2,1.2658,0.6393,,0.6265000000000001,,3.3085,2.5133
2026-03-06,11.35,1.3393,0.3802,,0.9591,,1.8481,2.508
2026-03-09,11.05,-2.6432,-0.669,,-1.9742000000000002,,2.1838,2.5851
2026-03-10,11.56,4.6154,0.6479,,3.9675000000000002,,2.5813,2.5754
2026-03-11,11.55,-0.0865,0.2496,,-0.33609999999999995,,2.6296,2.5578
2026-03-12,11.56,0.0866,-0.1048,,0.19140000000000001,,2.6412,2.5604
2026-03-13,11.19,-3.2007,-0.8149,,-2.3857999999999997,,3.0922,2.6866
2026-03-16,11.32,1.1618,-0.2603,,1.4221,,2.81,2.6526
2026-03-17,11.05,-2.3852,-0.8539,,-1.5313000000000003,,1.8292,2.7483
2026-03-18,10.95,-0.905,0.3227,,-1.2277,,1.7758,2.7557
2026-03-19,10.77,-1.6438,-1.3889,,-0.2548999999999999,,1.6644,2.5038
2026-03-20,10.6,-1.5785,-1.2355,,-0.34299999999999997,,1.3533,2.5176
2026-03-23,10.24,-3.3962,-3.6333,,0.2371000000000003,,0.9486,2.5839
2026-03-24,10.75,4.9805,1.7832,,3.1973000000000003,,3.2039,2.7412
2026-03-25,10.97,2.0465,1.3027,,0.7438,,3.3796,2.7421
2026-03-26,10.87,-0.9116,-1.0875,,0.17589999999999995,,3.3011,2.7323
2026-03-27,10.88,0.092,0.6336,,-0.5416000000000001,,3.1538,2.3595
2026-03-30,10.94,0.5515,0.2445,,0.307,,2.2913,2.3634
2026-03-31,10.79,-1.3711,-0.8011,,-0.57,,1.3396,2.2811
2026-04-01,10.65,-1.2975,1.4566,,-2.7541,,0.8635,2.2906
2026-04-02,10.53,-1.1268,-0.741,,-0.38580000000000003,,0.8887,2.2744
2026-04-03,10.32,-1.9943,-0.9999,,-0.9944,,0.9522,2.2714
2026-04-07,10.21,-1.0659,0.2593,,-1.3252000000000002,,0.3697,2.218
2026-04-08,10.78,5.5828,2.695,,2.8878,,3.1318,2.3397
2026-04-09,10.68,-0.9276,-0.7217,,-0.20589999999999997,,3.0971,2.3428
2026-04-10,10.82,1.3109,0.5055,,0.8054,,3.0484,2.371
2026-04-13,10.56,-2.403,0.0587,,-2.4617,,3.1389,2.326
2026-04-14,10.71,1.4205,0.9545,,0.4660000000000001,,3.0237,2.3351
2026-04-15,10.54,-1.5873,0.0144,,-1.6017,,1.7273,2.3033
2026-04-16,10.73,1.8027,0.7037,,1.099,,1.9507,2.3396
2026-04-17,10.78,0.466,-0.1016,,0.5676,,1.8548,2.3126
2026-04-20,11.0,2.0408,0.7578,,1.283,,1.4779,2.3218
2026-04-21,10.93,-0.6364,0.0723,,-0.7087,,1.5561,2.1734
2026-04-22,10.91,-0.183,0.5185,,-0.7015,,1.1868,1.8813
2026-04-23,10.96,0.4583,-0.3168,,0.7751,,1.0136,1.8271
2026-04-24,10.88,-0.7299,-0.3261,,-0.4038,,1.1364,1.8227
2026-04-27,10.84,-0.3676,0.1578,,-0.5254,,0.4719,1.8246
2026-04-28,11.14,2.7675,-0.1884,,2.9559,,1.3976,1.9246
2026-04-29,11.3,1.4363,0.7078,,0.7284999999999999,,1.4194,1.9134
2026-04-30,11.56,2.3009,0.1132,,2.1877,,1.5682,1.9295
2026-05-06,12.14,5.0173,1.1675,,3.8497999999999997,,1.9647,2.1459
2026-05-07,12.43,2.3888,0.4788,,1.9099999999999997,,1.3411,2.0751
2026-05-08,13.67,9.9759,-0.0033,,9.979199999999999,,3.4839,2.8379
2026-05-11,12.75,-6.7301,1.0782,,-7.8083,,6.0711,3.2173
2026-05-12,12.58,-1.3333,-0.2492,,-1.0840999999999998,,6.3266,3.2306
2026-05-13,12.52,-0.4769,0.6663,,-1.1432,,6.1155,3.2425
2026-05-14,12.21,-2.476,-1.5238,,-0.9521999999999999,,6.1792,3.2463
2026-05-15,12.01,-1.638,-1.018,,-0.6199999999999999,,2.4539,3.2862
2026-05-18,12.33,2.6644,-0.0933,,2.7577000000000003,,1.987,3.2731
2026-05-19,12.85,4.2174,0.92,,3.2973999999999997,,2.8669,3.3541
2026-05-20,12.55,-2.3346,-0.1765,-0.3982,-2.1581,-1.9364,3.127,3.4333
2026-05-21,12.56,0.0797,-2.0398,-0.2866,2.1195,0.3663,2.7946,3.4245
2026-05-22,12.38,-1.4331,0.8736,-0.3413,-2.3067,-1.0918,2.7548,3.4457
2026-05-25,12.89,4.1195,0.9645,-0.1207,3.1550000000000002,4.240200000000001,3.08,3.5224
2026-05-26,13.25,2.7929,-0.1734,-1.0237,2.9663,3.8166,2.7478,3.5458
2026-05-27,13.45,1.5094,-1.2457,-2.0905,2.7551,3.5999,2.1861,3.5231
2026-05-28,13.36,-0.6691,0.1199,-0.3063,-0.789,-0.3628,2.3218,3.5305
2026-05-29,13.57,1.5719,-0.7337,0.2507,2.3056,1.3212000000000002,1.7733,3.511
2026-06-01,13.22,-2.5792,-0.2662,1.9379,-2.313,-4.5171,2.1372,3.6014
2026-06-02,14.05,6.2784,0.4278,-0.6373,5.8506,6.9157,3.309,3.7906
2026-06-03,14.91,6.121,0.2177,-0.8471,5.903300000000001,6.968100000000001,3.9831,3.8589
2026-06-04,13.42,-9.9933,-0.6413,-1.0178,-9.352,-8.9755,6.8096,4.5695
2026-06-05,12.52,-6.7064,-0.7403,0.9099,-5.966100000000001,-7.616300000000001,7.3979,4.2575
2026-06-08,12.1,-3.3546,-1.6982,-2.8944,-1.6564,-0.46019999999999994,7.4374,4.0533
2026-06-09,12.02,-0.6612,1.2803,-0.8203,-1.9415,0.15910000000000002,6.1522,4.046
2026-06-10,11.52,-4.1597,-0.4189,-0.9293,-3.7408,-3.2304,3.5384,4.1444
2026-06-11,11.21,-2.691,-0.1558,-0.8936,-2.5351999999999997,-1.7973999999999999,2.2051,4.1505
2026-06-12,11.23,0.1784,1.1161,2.2017,-0.9377000000000001,-2.0233000000000003,1.8317,4.1405
2026-06-15,11.66,3.829,1.6113,3.5012,2.2177000000000002,0.3278000000000003,3.0503,4.1916
2026-06-16,11.71,0.4288,-0.1118,-2.3571,0.5406,2.7859,3.0926,4.0654
2026-06-17,12.0,2.4765,0.3957,0.4561,2.0808,2.0204,2.4843,4.0862
2026-06-18,11.48,-4.3333,-0.4284,-1.5461,-3.9049000000000005,-2.7872000000000003,3.1007,4.1913
2026-06-22,11.45,-0.2613,1.7753,0.7525,-2.0366,-1.0137999999999998,3.1188,4.1838
2026-06-23,11.69,2.0961,-1.3656,0.6735,3.4616999999999996,1.4225999999999999,2.7168,4.0947
2026-06-24,11.33,-3.0796,0.1111,-0.5778,-3.1907,-2.5018000000000002,3.0386,4.0636
2026-06-25,10.83,-4.4131,0.2304,-1.9014,-4.6435,-2.5117000000000003,2.8387,4.1097
2026-06-26,10.67,-1.4774,-2.2576,-2.497,0.7802,1.0195999999999998,2.521,4.1103
2026-06-29,10.53,-1.3121,1.1581,-0.6082,-2.4702,-0.7039000000000001,2.4421,4.0643
2026-06-30,10.73,1.8993,0.5032,-1.8162,1.3961000000000001,3.7155,2.3673,4.1063
2026-07-01,11.07,3.1687,0.4408,1.9011,2.7279,1.2675999999999998,3.0048,3.87
2026-07-02,11.17,0.9033,-2.0316,0.9177,2.9349,-0.014399999999999968,2.0214,3.5165
2026-07-03,11.26,0.8057,0.3659,1.1357,0.43979999999999997,-0.32999999999999996,1.6479,2.8978
2026-07-06,11.47,1.865,-0.0594,1.16,1.9243999999999999,0.7050000000000001,0.9558,2.6023
2026-07-07,10.95,-4.5336,-1.262,-2.2479,-3.2716,-2.2857,2.9395,2.6847
2026-07-08,11.11,1.4612,-0.4852,-0.5975,1.9464000000000001,2.0587,2.6259,2.7182
2026-07-09,11.05,-0.5401,1.6548,-0.3306,-2.1949,-0.20950000000000002,2.5947,2.5681
2026-07-10,11.16,0.9955,-1.0016,1.2093,1.9971,-0.2138,2.6142,2.5097
2026-07-13,10.86,-2.6882,-2.0612,-0.2555,-0.6270000000000002,-2.4327,2.5283,2.5803
2026-07-14,11.21,3.2228,1.3629,2.1328,1.8598999999999999,1.0899999999999999,2.2265,2.5345
2026-07-15,11.29,0.7136,-0.2911,1.2097,1.0047000000000001,-0.4961,2.1694,2.5388
2026-07-16,11.0,-2.5686,-1.8498,-1.1873,-0.7187999999999999,-1.3813,2.5343,2.5144
2026-07-17,10.82,-1.6364,-3.046,-0.3724,1.4095999999999997,-1.264,2.5322,2.3602
2026-07-20,10.96,1.2939,0.8536,0.8267,0.4403,0.46720000000000006,2.3257,2.3859
2026-07-21,11.15,1.7336,1.7936,-0.355,-0.06000000000000005,2.0886,1.8988,2.369
2026-07-22,11.65,4.4843,0.0688,1.352,4.4155,3.1323,2.823,2.4874
2026-07-23,12.1,3.8627,0.2521,1.2241,3.6106,2.6386,2.4197,2.3707
2026-07-24,11.72,-3.1405,-1.6142,-1.4387,-1.5262999999999998,-1.7017999999999998,3.0005,2.4737
2026-07-27,12.45,6.2287,1.1549,0.8596,5.0738,5.3690999999999995,3.6059,2.743
2026-07-28,12.29,-1.2851,-1.1648,0.2957,-0.12029999999999985,-1.5808,4.0229,2.7728
2026-07-29,12.32,0.2441,0.3976,1.517,-0.1535,-1.2729,3.8179,2.7132
2026-07-30,12.51,1.5422,-0.6211,0.802,2.1633,0.7402,3.5416,2.7211
2026-07-31,12.41,-0.7994,0.7246,0.4553,-1.524,-1.2547,3.0204,2.7384
2026-08-03,12.78,2.9815,-0.5897,1.4576,3.5712,1.5239,1.7448,2.7783
2026-08-04,12.63,-1.1737,0.3313,-1.0489,-1.505,-0.12480000000000002,1.7162,2.5447
2026-08-05,12.91,2.2169,1.469,0.7886,0.7478999999999998,1.4283,1.8475,2.5614
2026-08-06,12.52,-3.0209,0.5652,-0.6341,-3.5861,-2.3868,2.4969,2.6859
2026-08-07,12.52,0.0,1.0176,-0.5789,-1.0176,0.5789,2.4549,2.6886
2026-08-10,13.28,6.0703,0.6739,1.3847,5.3964,4.685599999999999,3.497,2.8325
2026-08-11,13.15,-0.9789,-0.8193,-1.5748,-0.15959999999999996,0.5959,3.4703,2.8185
2026-08-12,13.02,-0.9886,0.32,0.4381,-1.3086,-1.4267,3.4524,2.848
2026-08-13,12.6,-3.2258,-0.4997,-0.8284,-2.7261,-2.3974,3.5013,2.8918
2026-08-14,11.34,-10.0,0.0056,-0.8594,-10.0056,-9.1406,5.7564,3.733
2026-08-17,10.97,-3.2628,1.4125,1.8108,-4.6753,-5.0736,3.7034,3.8076
2026-08-18,11.17,1.8232,0.1921,0.8106,1.6311,1.0126,4.3687,3.8097
2026-08-19,10.75,-3.7601,-2.4028,0.3615,-1.3573,-4.1216,4.2016,3.7535

