日期,总市值,流通市值,PE-TTM,PB,PS-TTM,股息率,数据来源
2016-01-04,19328966287.2,19328966287.2,42.42007585129545,3.3270719823761548,5.67068298840047,,Tencent/Eastmoney;按公告日匹配财报，使用历史生效股本
2016-01-05,18508486968.0,18508486968.0,40.619421101437894,3.1858438528182322,5.429972851676659,,Tencent/Eastmoney;按公告日匹配财报，使用历史生效股本
2016-01-06,18794700684.0,18794700684.0,41.24755647929518,3.235109479408205,5.513941504022174,,Tencent/Eastmoney;按公告日匹配财报，使用历史生效股本
2016-01-07,16915230615.6,16915230615.6,37.12280083136566,2.911598531467385,4.962547353619957,,Tencent/Eastmoney;按公告日匹配财报，使用历史生效股本
2016-01-08,17649845820.0,17649845820.0,38.73501496786603,3.038046973048315,5.178066894640113,,Tencent/Eastmoney;按公告日匹配财报，使用历史生效股本
2016-01-11,15989806267.2,15989806267.2,35.09182977629377,2.7523063388264735,4.6910487110361245,,Tencent/Eastmoney;按公告日匹配财报，使用历史生效股本
2016-01-12,15636809350.800001,15636809350.800001,34.31712947693645,2.691545399365507,4.587487373143322,,Tencent/Eastmoney;按公告日匹配财报，使用历史生效股本
2016-01-13,15093003290.4,15093003290.4,33.1236722590076,2.597940708844559,4.427946933686842,,Tencent/Eastmoney;按公告日匹配财报，使用历史生效股本
2016-01-14,15550945236.0,15550945236.0,34.12868886357926,2.6767657113885153,4.562296777439667,,Tencent/Eastmoney;按公告日匹配财报，使用历史生效股本
2016-01-15,15245650605.6,15245650605.6,33.45867779386482,2.6242157096925443,4.472730214937784,,Tencent/Eastmoney;按公告日匹配财报，使用历史生效股本
2016-01-18,15694052094.0,15694052094.0,34.4427565525079,2.7013985246835013,4.604281103612425,,Tencent/Eastmoney;按公告日匹配财报，使用历史生效股本
2016-01-19,16180615411.2,16180615411.2,35.510586694865296,2.785150089886455,4.747027812599801,,Tencent/Eastmoney;按公告日匹配财报，使用历史生效股本
2016-01-20,15856239866.400002,15856239866.400002,34.798699933293705,2.7293157130844863,4.651863339941551,,Tencent/Eastmoney;按公告日匹配财报，使用历史生效股本
2016-01-21,15598647522.000002,15598647522.000002,34.23337809322214,2.6849766491535108,4.576291552830587,,Tencent/Eastmoney;按公告日匹配财报，使用历史生效股本
2016-01-22,15617728436.400002,15617728436.400002,34.27525378507929,2.688261024259509,4.581889462986955,,Tencent/Eastmoney;按公告日匹配财报，使用历史生效股本
2016-01-25,15865780323.599998,15865780323.599998,34.81963777922227,2.7309579006374847,4.654662295019733,,Tencent/Eastmoney;按公告日匹配财报，使用历史生效股本
2016-01-26,14787708660.0,14787708660.0,32.45366118929316,2.545390707148588,4.338380371184959,,Tencent/Eastmoney;按公告日匹配财报，使用历史生效股本
2016-01-27,14740006374.0,14740006374.0,32.34897195965028,2.5371797693835925,4.32438559579404,,Tencent/Eastmoney;按公告日匹配财报，使用历史生效股本
2016-01-28,14835410946.0,14835410946.0,32.558350418936044,2.5536016449135834,4.352375146575879,,Tencent/Eastmoney;按公告日匹配财报，使用历史生效股本
2016-01-29,15093003290.4,15093003290.4,33.1236722590076,2.597940708844559,4.427946933686842,,Tencent/Eastmoney;按公告日匹配财报，使用历史生效股本
2016-02-01,14873572774.8,14873572774.8,32.642101802650345,2.5601703951255796,4.363570966888614,,Tencent/Eastmoney;按公告日匹配财报，使用历史生效股本
2016-02-02,15360136092.000002,15360136092.000002,33.70993194500774,2.6439219603285333,4.506317675875991,,Tencent/Eastmoney;按公告日匹配财报，使用历史生效股本
2016-02-03,15293352891.6,15293352891.6,33.5633670235077,2.6324266474575397,4.486724990328703,,Tencent/Eastmoney;按公告日匹配财报，使用历史生效股本
2016-02-04,16695800100.0,16695800100.0,36.641230375008405,2.8738282177484056,4.898171386821729,,Tencent/Eastmoney;按公告日匹配财报，使用历史生效股本
2016-02-05,16237858154.4,16237858154.4,35.63621377043675,2.7950032152044493,4.763821543068904,,Tencent/Eastmoney;按公告日匹配财报，使用历史生效股本
2016-02-15,16237858154.4,16237858154.4,35.63621377043675,2.7950032152044493,4.763821543068904,,Tencent/Eastmoney;按公告日匹配财报，使用历史生效股本
2016-02-16,16629016899.6,16629016899.6,36.494665453508375,2.862332904877412,4.878578701274441,,Tencent/Eastmoney;按公告日匹配财报，使用历史生效股本
2016-02-17,16495450498.8,16495450498.8,36.2015356105083,2.839342279135425,4.839393330179868,,Tencent/Eastmoney;按公告日匹配财报，使用历史生效股本
2016-02-18,16390505469.6,16390505469.6,35.97121930529397,2.821278216052435,4.808604824319845,,Tencent/Eastmoney;按公告日匹配财报，使用历史生效股本
2016-02-19,16485910041.6,16485910041.6,36.18059776457973,2.837700091582426,4.836594375101684,,Tencent/Eastmoney;按公告日匹配财报，使用历史生效股本
2016-02-22,16924771072.8,16924771072.8,37.14373867729424,2.9132407190203837,4.96534630869814,,Tencent/Eastmoney;按公告日匹配财报，使用历史生效股本
2016-02-23,17277767989.2,17277767989.2,37.91843897665156,2.9740016584813502,5.068907646590943,,Tencent/Eastmoney;按公告日匹配财报，使用历史生效股本
2016-02-24,17220525246.0,17220525246.0,37.7928119010801,2.964148533163356,5.05211391612184,,Tencent/Eastmoney;按公告日匹配财报，使用历史生效股本
2016-02-25,15503242950.0,15503242950.0,34.02399963393638,2.66855477362352,4.5483020020487475,,Tencent/Eastmoney;按公告日匹配财报，使用历史生效股本
2016-02-26,15627268893.599998,15627268893.599998,34.296191631007865,2.6899032118125077,4.584688418065137,,Tencent/Eastmoney;按公告日匹配财报，使用历史生效股本
2016-09-08,17125120674.0,17125120674.0,41.48599013662092,2.79067489534584,5.923202756524917,,Tencent/Eastmoney;按公告日匹配财报，使用历史生效股本
2016-09-09,18842402970.0,18842402970.0,45.646145136393486,3.07051973164793,6.517172949379784,,Tencent/Eastmoney;按公告日匹配财报，使用历史生效股本
2016-09-12,20034960120.0,20034960120.0,48.53514166401333,3.264856423524381,6.929652249973441,,Tencent/Eastmoney;按公告日匹配财报，使用历史生效股本
2016-09-13,21313381384.8,21313381384.8,51.6321459416218,3.4731853572159364,7.371830060209841,,Tencent/Eastmoney;按公告日匹配财报，使用历史生效股本
2016-09-14,19796448690.0,19796448690.0,47.95734235848936,3.2259890851490907,6.847156389854709,,Tencent/Eastmoney;按公告日匹配财报，使用历史生效股本
2016-09-19,19557937260.0,19557937260.0,47.379543052965396,3.1871217467738004,6.764660529735978,,Tencent/Eastmoney;按公告日匹配财报，使用历史生效股本
2016-09-20,19557937260.0,19557937260.0,47.379543052965396,3.1871217467738004,6.764660529735978,,Tencent/Eastmoney;按公告日匹配财报，使用历史生效股本
2016-09-21,18756538855.2,18756538855.2,45.43813738640486,3.056527489832825,6.48747443973704,,Tencent/Eastmoney;按公告日匹配财报，使用历史生效股本
2016-09-22,19014131199.6,19014131199.6,46.06216063637074,3.0985042152781386,6.57656996866527,,Tencent/Eastmoney;按公告日匹配财报，使用历史生效股本
2016-09-23,18985509828.0,18985509828.0,45.99282471970787,3.0938401346731035,6.566670465451023,,Tencent/Eastmoney;按公告日匹配财报，使用历史生效股本
2016-09-26,18289056452.4,18289056452.4,44.305650747577886,2.9803475066172567,6.325782553904327,,Tencent/Eastmoney;按公告日匹配财报，使用历史生效股本
2016-09-27,17745250392.0,17745250392.0,42.98826833098324,2.891729975121595,6.137691992833619,,Tencent/Eastmoney;按公告日匹配财报，使用历史生效股本
2016-09-28,17392253475.600002,17392253475.600002,42.13312535880777,2.834206314326165,6.015598119857898,,Tencent/Eastmoney;按公告日匹配财报，使用历史生效股本
2016-09-29,17315929818.0,17315929818.0,41.948229581040096,2.821768766046072,5.989199444619903,,Tencent/Eastmoney;按公告日匹配财报，使用历史生效股本
2016-09-30,17191903874.399998,17191903874.399998,41.647773942167625,2.8015577500909212,5.946301597358161,,Tencent/Eastmoney;按公告日匹配财报，使用历史生效股本
2016-10-10,17726169477.6,17726169477.6,42.94204438654131,2.888620588051571,6.13109232402412,,Tencent/Eastmoney;按公告日匹配财报，使用历史生效股本
2016-10-11,18041004565.2,18041004565.2,43.70473946983296,2.9399254747069543,6.2399868593808465,,Tencent/Eastmoney;按公告日匹配财报，使用历史生效股本
2016-10-12,17831114506.800003,17831114506.800003,43.19627608097187,2.905722216936699,6.167390502476364,,Tencent/Eastmoney;按公告日匹配财报，使用历史生效股本
2016-10-13,17936059536.0,17936059536.0,43.45050777540241,2.922823845821827,6.203688680928604,,Tencent/Eastmoney;按公告日匹配财报，使用历史生效股本
2016-10-14,17277767989.2,17277767989.2,41.855781692156256,2.8155499919060256,5.976000107000906,,Tencent/Eastmoney;按公告日匹配财报，使用历史生效股本
2016-10-17,16581314613.599998,16581314613.599998,40.168607720026266,2.702057363850178,5.735112195454209,,Tencent/Eastmoney;按公告日匹配财报，使用历史生效股本
2016-10-18,16848447415.2,16848447415.2,40.81574294221312,2.7455887828305032,5.827507558787189,,Tencent/Eastmoney;按公告日匹配财报，使用历史生效股本
2016-10-19,16867528329.6,16867528329.6,40.86196688665503,2.748698169900526,5.834107227596688,,Tencent/Eastmoney;按公告日匹配财报，使用历史生效股本
2016-10-20,17172822960.0,17172822960.0,41.60154999772571,2.798448363020898,5.939701928548663,,Tencent/Eastmoney;按公告日匹配财报，使用历史生效股本
2016-10-21,16953392444.4,16953392444.4,41.06997463664366,2.7626904117156306,5.8638057372394305,,Tencent/Eastmoney;按公告日匹配财报，使用历史生效股本
2016-10-24,17086958845.2,17086958845.2,41.39354224773709,2.7844561212057934,5.91000341890592,,Tencent/Eastmoney;按公告日匹配财报，使用历史生效股本
2016-10-25,17001094730.4,17001094730.4,41.185534497748456,2.770463879390689,5.8803049092631765,,Tencent/Eastmoney;按公告日匹配财报，使用历史生效股本
2016-10-26,16934311530.0,16934311530.0,41.023750692201745,2.7595810246456076,5.8572060684299325,,Tencent/Eastmoney;按公告日匹配财报，使用历史生效股本
2016-10-27,16982013816.0,16982013816.0,41.13931055330654,2.7673544923206657,5.8737052404536785,,Tencent/Eastmoney;按公告日匹配财报，使用历史生效股本
2016-10-28,16438207755.6,16438207755.6,38.10836996015769,2.622150963784109,5.656938736099862,,Tencent/Eastmoney;按公告日匹配财报，使用历史生效股本
2016-10-31,16371424555.2,16371424555.2,37.95354779549077,2.611497999914992,5.633956396487153,,Tencent/Eastmoney;按公告日匹配财报，使用历史生效股本
2016-11-01,16466829127.2,16466829127.2,38.174722316443514,2.6267165197280167,5.666788310219595,,Tencent/Eastmoney;按公告日匹配财报，使用历史生效股本
2016-11-02,16075670382.000002,16075670382.000002,37.26790678053727,2.5643205884946165,5.532177463916581,,Tencent/Eastmoney;按公告日匹配财报，使用历史生效股本
2016-11-03,16276019983.199999,16276019983.199999,37.73237327453802,2.5962794801019675,5.6011244827547095,,Tencent/Eastmoney;按公告日匹配财报，使用历史生效股本
2016-11-04,15913482609.6,15913482609.6,36.8919100949176,2.5384491048124747,5.476363210571428,,Tencent/Eastmoney;按公告日匹配财报，使用历史生效股本
2016-11-07,16018427638.8,16018427638.8,37.135202067965615,2.5551894766068015,5.512478315677114,,Tencent/Eastmoney;按公告日匹配财报，使用历史生效股本
2016-11-08,15961184895.6,15961184895.6,37.00249735539397,2.546058364718987,5.492779167437649,,Tencent/Eastmoney;按公告日匹配财报，使用历史生效股本
2016-11-09,15903942152.400002,15903942152.400002,36.869792642822325,2.5369272528311724,5.473080019198184,,Tencent/Eastmoney;按公告日匹配财报，使用历史生效股本
2016-11-10,17497198504.8,17497198504.8,40.56340714273314,2.7910765337086803,6.021372978529975,,Tencent/Eastmoney;按公告日匹配财报，使用历史生效股本
2016-11-11,18241354166.4,18241354166.4,42.28856840616454,2.909780988250271,6.277461905643028,,Tencent/Eastmoney;按公告日匹配财报，使用历史生效股本
2016-11-14,18746998398.0,18746998398.0,43.46079336721408,2.9904391432593,6.451471048424973,,Tencent/Eastmoney;按公告日匹配财报，使用历史生效股本
2016-11-15,18317677824.0,18317677824.0,42.465508022926734,2.92195580410069,6.303727436628982,,Tencent/Eastmoney;按公告日匹配财报，使用历史生效股本
2016-11-16,18041004565.2,18041004565.2,41.824101912163776,2.8778220966429195,6.208514886804898,,Tencent/Eastmoney;按公告日匹配财报，使用历史生效股本
2016-11-17,17764331306.4,17764331306.4,41.182695801400826,2.833688389185149,6.113302336980815,,Tencent/Eastmoney;按公告日匹配财报，使用历史生效股本
2016-11-18,17335010732.4,17335010732.4,40.18741045711348,2.765205050026539,5.965558725184823,,Tencent/Eastmoney;按公告日匹配财报，使用历史生效股本
2016-11-21,17335010732.4,17335010732.4,40.18741045711348,2.765205050026539,5.965558725184823,,Tencent/Eastmoney;按公告日匹配财报，使用历史生效股本
2016-11-22,17439955761.600002,17439955761.600002,40.430702430161496,2.7819454218208657,6.00167383029051,,Tencent/Eastmoney;按公告日匹配财报，使用历史生效股本
2016-11-23,17039256559.199999,17039256559.199999,39.50176944215997,2.718027638606163,5.863779792614251,,Tencent/Eastmoney;按公告日匹配财报，使用历史生效股本
2016-11-24,16695800100.0,16695800100.0,38.70554116673009,2.663240967279275,5.745584903177457,,Tencent/Eastmoney;按公告日匹配财报，使用历史生效股本
2016-11-25,16810285586.400002,16810285586.400002,38.97095059187339,2.6815031910549045,5.784983199656389,,Tencent/Eastmoney;按公告日匹配财报，使用历史生效股本
2016-11-28,17792952678.0,17792952678.0,41.249048157686644,2.838253945129056,6.123151911100547,,Tencent/Eastmoney;按公告日匹配财报，使用历史生效股本
2016-11-29,17182363417.2,17182363417.2,39.83353122358909,2.7408554183256997,5.913027663212915,,Tencent/Eastmoney;按公告日匹配财报，使用历史生效股本
2016-11-30,16581314613.599998,16581314613.599998,38.4401317415868,2.6449787435036454,5.706186606698526,,Tencent/Eastmoney;按公告日匹配财报，使用历史生效股本
2016-12-01,16638557356.800001,16638557356.800001,38.572836454158455,2.6541098553914604,5.725885754937992,,Tencent/Eastmoney;按公告日匹配财报，使用历史生效股本
2016-12-02,16151994039.6,16151994039.6,37.44484639729946,2.5764954043450357,5.558442994902535,,Tencent/Eastmoney;按公告日匹配财报，使用历史生效股本
2016-12-05,15923023066.800001,15923023066.800001,36.91402754701288,2.5399709567937774,5.479646401944673,,Tencent/Eastmoney;按公告日匹配财报，使用历史生效股本
2016-12-06,16171074954.0,16171074954.0,37.48908130149,2.5795391083076407,5.565009377649023,,Tencent/Eastmoney;按公告日匹配财报，使用历史生效股本
2016-12-07,16171074954.0,16171074954.0,37.48908130149,2.5795391083076407,5.565009377649023,,Tencent/Eastmoney;按公告日匹配财报，使用历史生效股本
2016-12-08,16037508553.199999,16037508553.199999,37.17943697215616,2.558233180569406,5.519044698423603,,Tencent/Eastmoney;按公告日匹配财报，使用历史生效股本
2016-12-09,16276019983.199999,16276019983.199999,37.73237327453802,2.5962794801019675,5.6011244827547095,,Tencent/Eastmoney;按公告日匹配财报，使用历史生效股本
2016-12-12,15264731520.0,15264731520.0,35.387923352438946,2.4349631700839085,5.253106197190818,,Tencent/Eastmoney;按公告日匹配财报，使用历史生效股本
2016-12-13,15388757463.599998,15388757463.599998,35.67545022967751,2.4547472458408404,5.295787685042993,,Tencent/Eastmoney;按公告日匹配财报，使用历史生效股本
2016-12-14,15016679632.800001,15016679632.800001,34.812869597961814,2.395395018570045,5.167743221486468,,Tencent/Eastmoney;按公告日匹配财报，使用历史生效股本
2016-12-15,15226569691.2,15226569691.2,35.29945354405785,2.428875762158699,5.239973431697841,,Tencent/Eastmoney;按公告日匹配财报，使用历史生效股本
2016-12-16,15655890265.2,15655890265.2,36.294738888345194,2.4973591013173086,5.387717043493833,,Tencent/Eastmoney;按公告日匹配财报，使用历史生效股本
2016-12-19,15379217006.400002,15379217006.400002,35.65333277758224,2.453225393859538,5.29250449366975,,Tencent/Eastmoney;按公告日匹配财报，使用历史生效股本
2016-12-20,16027968096.0,16027968096.0,37.157319520060895,2.5567113285881042,5.515761507050359,,Tencent/Eastmoney;按公告日匹配财报，使用历史生效股本
2016-12-21,16075670382.000002,16075670382.000002,37.26790678053727,2.5643205884946165,5.532177463916581,,Tencent/Eastmoney;按公告日匹配财报，使用历史生效股本
2016-12-22,15932563524.0,15932563524.0,36.93614499910815,2.5414928087750797,5.482929593317916,,Tencent/Eastmoney;按公告日匹配财报，使用历史生效股本
2016-12-23,15503242950.0,15503242950.0,35.940859654820805,2.4730094696164695,5.335185981521924,,Tencent/Eastmoney;按公告日匹配财报，使用历史生效股本
2016-12-26,15341055177.599998,15341055177.599998,35.56486296920114,2.447137985934328,5.279371728176772,,Tencent/Eastmoney;按公告日匹配财报，使用历史生效股本
2016-12-27,15321974263.199999,15321974263.199999,35.52062806501059,2.444094281971723,5.2728053454302835,,Tencent/Eastmoney;按公告日匹配财报，使用历史生效股本
2016-12-28,15293352891.6,15293352891.6,35.454275708724765,2.4395287260278162,5.262955771310551,,Tencent/Eastmoney;按公告日匹配财报，使用历史生效股本
2016-12-29,15236110148.400002,15236110148.400002,35.32157099615313,2.430397614140001,5.243256623071086,,Tencent/Eastmoney;按公告日匹配财报，使用历史生效股本
2016-12-30,15169326948.0,15169326948.0,35.1667488314862,2.4197446502708844,5.220274283458376,,Tencent/Eastmoney;按公告日匹配财报，使用历史生效股本
2017-01-03,15379217006.400002,15379217006.400002,35.65333277758224,2.453225393859538,5.29250449366975,,Tencent/Eastmoney;按公告日匹配财报，使用历史生效股本
2017-01-04,15598647522.000002,15598647522.000002,36.16203417577355,2.4882279894294945,5.368017895254368,,Tencent/Eastmoney;按公告日匹配财报，使用历史生效股本
2017-01-05,15512783407.2,15512783407.2,35.96297710691608,2.4745313215977722,5.338469172895169,,Tencent/Eastmoney;按公告日匹配财报，使用历史生效股本
2017-01-06,15741754380.0,15741754380.0,36.493795957202664,2.511055769149031,5.417265765853031,,Tencent/Eastmoney;按公告日匹配财报，使用历史生效股本
2017-01-09,15779916208.8,15779916208.8,36.582265765583756,2.5171431770742405,5.430398531346008,,Tencent/Eastmoney;按公告日匹配财报，使用历史生效股本
2017-01-10,15789456666.0,15789456666.0,36.604383217679036,2.5186650290555432,5.433681722719252,,Tencent/Eastmoney;按公告日匹配财报，使用历史生效股本
2017-01-11,15646349807.999998,15646349807.999998,36.27262143624991,2.495837249336006,5.384433852120588,,Tencent/Eastmoney;按公告日匹配财报，使用历史生效股本
2017-01-12,15341055177.599998,15341055177.599998,35.56486296920114,2.447137985934328,5.279371728176772,,Tencent/Eastmoney;按公告日匹配财报，使用历史生效股本
2017-01-13,15026220090.0,15026220090.0,34.83498705005709,2.3969168705513475,5.171026412859711,,Tencent/Eastmoney;按公告日匹配财报，使用历史生效股本
2017-01-16,14129417113.2,14129417113.2,32.755946553101296,2.253862784308918,4.862406423774751,,Tencent/Eastmoney;按公告日匹配财报，使用历史生效股本
2017-01-17,14262983514.0,14262983514.0,33.06559088243514,2.2751687120471518,4.908371103000171,,Tencent/Eastmoney;按公告日匹配财报，使用历史生效股本
2017-01-18,14291604885.6,14291604885.6,33.131943238720964,2.2797342679910595,4.918220677119904,,Tencent/Eastmoney;按公告日匹配财报，使用历史生效股本
2017-01-19,14224821685.2,14224821685.2,32.97712107405404,2.269081304121942,4.895238337507194,,Tencent/Eastmoney;按公告日匹配财报，使用历史生效股本
2017-01-20,14406090372.0,14406090372.0,33.397352663864254,2.2979964917666886,4.9576189735988345,,Tencent/Eastmoney;按公告日匹配财报，使用历史生效股本
2017-01-23,14482414029.6,14482414029.6,33.57429228062645,2.310171307617108,4.983884504584789,,Tencent/Eastmoney;按公告日匹配财报，使用历史生效股本
2017-01-24,14549197230.0,14549197230.0,33.72911444529337,2.3208242714862255,5.006866844197498,,Tencent/Eastmoney;按公告日匹配财报，使用历史生效股本
2017-01-25,14482414029.6,14482414029.6,33.57429228062645,2.310171307617108,4.983884504584789,,Tencent/Eastmoney;按公告日匹配财报，使用历史生效股本
2017-01-26,14501494944.0,14501494944.0,33.618527184817,2.313215011579713,4.990450887331277,,Tencent/Eastmoney;按公告日匹配财报，使用历史生效股本
2017-02-03,14596899516.0,14596899516.0,33.83970170576974,2.328433531392738,5.02328280106372,,Tencent/Eastmoney;按公告日匹配财报，使用历史生效股本
2017-02-06,14644601802.0,14644601802.0,33.95028896624611,2.3360427912992496,5.0396987579299415,,Tencent/Eastmoney;按公告日匹配财报，使用历史生效股本
2017-02-07,14682763630.800001,14682763630.800001,34.03875877462721,2.3421301992244596,5.052831523422919,,Tencent/Eastmoney;按公告日匹配财报，使用历史生效股本
2017-02-08,16151994039.6,16151994039.6,37.44484639729946,2.5764954043450357,5.558442994902535,,Tencent/Eastmoney;按公告日匹配财报，使用历史生效股本
2017-02-09,16276019983.199999,16276019983.199999,37.73237327453802,2.5962794801019675,5.6011244827547095,,Tencent/Eastmoney;按公告日匹配财报，使用历史生效股本
2017-02-10,16295100897.599998,16295100897.599998,37.77660817872857,2.599323184064572,5.607690865501198,,Tencent/Eastmoney;按公告日匹配财报，使用历史生效股本
2017-02-13,16333262726.400002,16333262726.400002,37.86507798710967,2.6054105919897825,5.620823630994176,,Tencent/Eastmoney;按公告日匹配财报，使用历史生效股本
2017-02-14,16056589467.599998,16056589467.599998,37.223671876346714,2.561276884532011,5.525611081170092,,Tencent/Eastmoney;按公告日匹配财报，使用历史生效股本
2017-02-15,15798997123.199999,15798997123.199999,36.6265006697743,2.520186881036845,5.4369649140924965,,Tencent/Eastmoney;按公告日匹配财报，使用历史生效股本
2017-02-16,16008887181.6,16008887181.6,37.11308461587034,2.5536676246254992,5.50919512430387,,Tencent/Eastmoney;按公告日匹配财报，使用历史生效股本
2017-02-17,16466829127.2,16466829127.2,38.174722316443514,2.6267165197280167,5.666788310219595,,Tencent/Eastmoney;按公告日匹配财报，使用历史生效股本
2017-02-20,16504990956.0,16504990956.0,38.263192124824606,2.6328039276532262,5.679921075712572,,Tencent/Eastmoney;按公告日匹配财报，使用历史生效股本
2017-02-21,16495450498.8,16495450498.8,38.24107467272933,2.6312820756719235,5.6766378843393275,,Tencent/Eastmoney;按公告日匹配财报，使用历史生效股本
2017-02-22,16342803183.599998,16342803183.599998,37.887195439204945,2.6069324439710844,5.624106822367419,,Tencent/Eastmoney;按公告日匹配财报，使用历史生效股本
2017-02-23,16066129924.8,16066129924.8,37.24578932844199,2.562798736513314,5.528894272543336,,Tencent/Eastmoney;按公告日匹配财报，使用历史生效股本
2017-02-24,16075670382.000002,16075670382.000002,37.26790678053727,2.5643205884946165,5.532177463916581,,Tencent/Eastmoney;按公告日匹配财报，使用历史生效股本
2017-02-27,15970725352.8,15970725352.8,37.02461480748924,2.5475802167002892,5.496062358810893,,Tencent/Eastmoney;按公告日匹配财报，使用历史生效股本
2017-02-28,16075670382.000002,16075670382.000002,37.26790678053727,2.5643205884946165,5.532177463916581,,Tencent/Eastmoney;按公告日匹配财报，使用历史生效股本
2017-03-01,16018427638.8,16018427638.8,37.135202067965615,2.5551894766068015,5.512478315677114,,Tencent/Eastmoney;按公告日匹配财报，使用历史生效股本
2017-03-02,15646349807.999998,15646349807.999998,36.27262143624991,2.495837249336006,5.384433852120588,,Tencent/Eastmoney;按公告日匹配财报，使用历史生效股本
2017-03-03,15484162035.6,15484162035.6,35.89662475063025,2.469965765653865,5.328619598775436,,Tencent/Eastmoney;按公告日匹配财报，使用历史生效股本
2017-03-06,15636809350.800001,15636809350.800001,36.25050398415465,2.494315397354704,5.381150660747345,,Tencent/Eastmoney;按公告日匹配财报，使用历史生效股本
2017-03-07,16008887181.6,16008887181.6,37.11308461587034,2.5536676246254992,5.50919512430387,,Tencent/Eastmoney;按公告日匹配财报，使用历史生效股本
2017-03-08,15779916208.8,15779916208.8,36.582265765583756,2.5171431770742405,5.430398531346008,,Tencent/Eastmoney;按公告日匹配财报，使用历史生效股本
2017-03-09,15522323864.4,15522323864.4,35.98509455901135,2.4760531735790745,5.341752364268413,,Tencent/Eastmoney;按公告日匹配财报，使用历史生效股本
2017-03-10,15512783407.2,15512783407.2,35.96297710691608,2.4745313215977722,5.338469172895169,,Tencent/Eastmoney;按公告日匹配财报，使用历史生效股本
2017-03-13,15646349807.999998,15646349807.999998,36.27262143624991,2.495837249336006,5.384433852120588,,Tencent/Eastmoney;按公告日匹配财报，使用历史生效股本
2017-03-14,15417378835.2,15417378835.2,35.741802585963335,2.4593128017847476,5.305637259162727,,Tencent/Eastmoney;按公告日匹配财报，使用历史生效股本
2017-03-15,15245650605.6,15245650605.6,35.34368844824839,2.431919466121304,5.24653981444433,,Tencent/Eastmoney;按公告日匹配财报，使用历史生效股本
2017-03-16,15579566607.599998,15579566607.599998,36.117799271582996,2.485184285466889,5.3614515125078785,,Tencent/Eastmoney;按公告日匹配财报，使用历史生效股本
2017-03-17,15426919292.400002,15426919292.400002,35.763920038058615,2.4608346537660504,5.308920450535971,,Tencent/Eastmoney;按公告日匹配财报，使用历史生效股本
2017-03-20,16409586384.0,16409586384.0,38.04201760387186,2.6175854078402017,5.647089161980129,,Tencent/Eastmoney;按公告日匹配财报，使用历史生效股本
2017-03-21,16304641354.8,16304641354.8,37.798725630823846,2.600845036045875,5.610974056874443,,Tencent/Eastmoney;按公告日匹配财报，使用历史生效股本
2017-03-22,16476369584.4,16476369584.4,38.19683976853879,2.628238371709319,5.670071501592839,,Tencent/Eastmoney;按公告日匹配财报，使用历史生效股本
2017-03-23,16762583300.4,16762583300.4,38.86036333139702,2.6738939311483922,5.768567242790167,,Tencent/Eastmoney;按公告日匹配财报，使用历史生效股本
2017-03-24,17630764905.600002,17630764905.600002,40.87305147206698,2.8123824614469144,6.067337657755396,,Tencent/Eastmoney;按公告日匹配财报，使用历史生效股本
2017-03-27,17563981705.2,17563981705.2,40.718229307400065,2.8017294975777975,6.044355318142685,,Tencent/Eastmoney;按公告日匹配财报，使用历史生效股本
2017-03-28,17315929818.0,17315929818.0,40.143175552922926,2.7621613460639334,5.958992342438334,,Tencent/Eastmoney;按公告日匹配财报，使用历史生效股本
2017-03-29,18126868680.0,18126868680.0,42.02315898102125,2.8915187644746414,6.238063609164096,,Tencent/Eastmoney;按公告日匹配财报，使用历史生效股本
2017-03-30,17735709934.8,17735709934.8,41.116343445115,2.8291228332412413,6.103452762861082,,Tencent/Eastmoney;按公告日匹配财报，使用历史生效股本
2017-03-31,16380965012.400002,16380965012.400002,36.26205751190411,2.5869062282308675,5.470274799401951,,Tencent/Eastmoney;按公告日匹配财报，使用历史生效股本
2017-04-05,16695800100.0,16695800100.0,36.95899862890634,2.6366254510215597,5.575411123444038,,Tencent/Eastmoney;按公告日匹配财报，使用历史生效股本
2017-04-06,17726169477.6,17726169477.6,39.239896830004554,2.7993429074274614,5.919493638490869,,Tencent/Eastmoney;按公告日匹配财报，使用历史生效股本
2017-04-07,17420874847.2,17420874847.2,38.56407514079027,2.751130327751639,5.817543263662179,,Tencent/Eastmoney;按公告日匹配财报，使用历史生效股本
2017-04-10,17869276335.600002,17869276335.600002,39.55668824682376,2.8219425541505037,5.96728287669182,,Tencent/Eastmoney;按公告日匹配财报，使用历史生效股本
2017-04-11,18699296112.0,18699296112.0,41.3940784643751,2.953020505144147,6.244460458257322,,Tencent/Eastmoney;按公告日匹配财报，使用历史生效股本
2017-04-12,18413082396.0,18413082396.0,40.760495630736706,2.907821211698063,6.148881981855425,,Tencent/Eastmoney;按公告日匹配财报，使用历史生效股本
2017-04-13,19376668573.199997,19376668573.199997,42.89355783731929,3.059992166299878,6.47066285240848,,Tencent/Eastmoney;按公告日匹配财报，使用历史生效股本
2017-04-14,19176318972.0,19176318972.0,42.45004985377243,3.02835266088762,6.403757918927152,,Tencent/Eastmoney;按公告日匹配财报，使用历史生效股本
2017-04-17,19452992230.8,19452992230.8,43.06251325962287,3.0720453112188344,6.496150446115653,,Tencent/Eastmoney;按公告日匹配财报，使用历史生效股本
2017-04-18,20511982980.0,20511982980.0,45.40676974408493,3.2392826969693447,6.849790808802675,,Tencent/Eastmoney;按公告日匹配财报，使用历史生效股本
2017-04-19,20349795207.6,20349795207.6,45.04773947168984,3.2136697640165632,6.7956296721749325,,Tencent/Eastmoney;按公告日匹配财报，使用历史生效股本
2017-04-20,19433911316.4,19433911316.4,43.02027440404699,3.069032024989095,6.489778547688861,,Tencent/Eastmoney;按公告日匹配财报，使用历史生效股本
2017-04-21,17487658047.6,17487658047.6,38.7119111353059,2.7616768295557246,5.839844908155954,,Tencent/Eastmoney;按公告日匹配财报，使用历史生效股本
2017-04-24,17611683991.2,17611683991.2,38.9864636965492,2.781263190049028,5.881262247930111,,Tencent/Eastmoney;按公告日匹配财报，使用历史生效股本
2017-04-25,17974221364.8,17974221364.8,39.78900195249117,2.8385156284140676,6.002328318039181,,Tencent/Eastmoney;按公告日匹配财报，使用历史生效股本
2017-04-26,17726169477.6,17726169477.6,39.239896830004554,2.7993429074274614,5.919493638490869,,Tencent/Eastmoney;按公告日匹配财报，使用历史生效股本
2017-04-27,18794700684.0,18794700684.0,41.60527274225456,2.968086936292841,6.276319950391288,,Tencent/Eastmoney;按公告日匹配财报，使用历史生效股本
2017-04-28,19033212114.0,19033212114.0,40.356714648111655,2.9553916156747677,6.104788586966362,,Tencent/Eastmoney;按公告日匹配财报，使用历史生效股本
2017-05-02,19624720460.4,19624720460.4,41.61090828629859,3.0472383726531316,6.294511340045016,,Tencent/Eastmoney;按公告日匹配财报，使用历史生效股本
2017-05-03,19739205946.800003,19739205946.800003,41.85365544207671,3.0650151643263635,6.331231872898949,,Tencent/Eastmoney;按公告日匹配财报，使用历史生效股本
2017-05-11,17764331306.4,17764331306.4,37.66626700490421,2.758365507963117,5.697802681168604,,Tencent/Eastmoney;按公告日匹配财报，使用历史生效股本
2017-05-12,18031464108.0,18031464108.0,38.23267703505314,2.79984468853399,5.7834839244944485,,Tencent/Eastmoney;按公告日匹配财报，使用历史生效股本
2017-05-15,17086958845.2,17086958845.2,36.2300129998837,2.653186157229829,5.480539528449501,,Tencent/Eastmoney;按公告日匹配财报，使用历史生效股本
2017-05-16,16886609244.0,16886609244.0,35.805205477272,2.6220767718016735,5.416278595955118,,Tencent/Eastmoney;按公告日匹配财报，使用历史生效股本
2017-05-17,17955140450.4,17955140450.4,38.07084559786774,2.7879934940851694,5.7590035692584935,,Tencent/Eastmoney;按公告日匹配财报，使用历史生效股本
2017-05-18,17535360333.6,17535360333.6,37.180772693347976,2.722811924616653,5.624361615460738,,Tencent/Eastmoney;按公告日匹配财报，使用历史生效股本
2017-05-19,17020175644.8,17020175644.8,36.08841049234646,2.6428163620871103,5.459119217618039,,Tencent/Eastmoney;按公告日匹配财报，使用历史生效股本
2017-05-22,15515645544.36,15515645544.36,32.898308286829064,1.8532305319344031,4.97655021502927,,Tencent/Eastmoney;按公告日匹配财报，使用历史生效股本
2017-05-23,14399412051.96,14399412051.96,30.53152351799244,1.7199045943851654,4.618525019703423,,Tencent/Eastmoney;按公告日匹配财报，使用历史生效股本
2017-05-24,14994736581.24,14994736581.24,31.79380872803864,1.7910117610780922,4.809471790543875,,Tencent/Eastmoney;按公告日匹配财报，使用历史生效股本
2017-05-25,14746684694.04,14746684694.04,31.26785655718606,1.7613837749560395,4.729910636027021,,Tencent/Eastmoney;按公告日匹配财报，使用历史生效股本
2017-05-26,14238178325.28,14238178325.28,30.189654606938262,1.7006464034058313,4.566810269267468,,Tencent/Eastmoney;按公告日匹配财报，使用历史生效股本
2017-05-31,14449022429.4,14449022429.4,30.636713952162957,1.7258301916095762,4.634437250606794,,Tencent/Eastmoney;按公告日匹配财报，使用历史生效股本
2017-06-01,13642853796.0,13642853796.0,28.927369396892065,1.6295392367129045,4.375863498427016,,Tencent/Eastmoney;按公告日匹配财报，使用历史生效股本
2017-06-02,13345191531.36,13345191531.36,28.296226791868964,1.5939856533664412,4.28039011300679,,Tencent/Eastmoney;按公告日匹配财报，使用历史生效股本
2017-06-05,13543633041.12,13543633041.12,28.71698852855103,1.6176880422640834,4.344039036620274,,Tencent/Eastmoney;按公告日匹配财报，使用历史生效股本
2017-06-06,13766879739.6,13766879739.6,29.190345482318357,1.6443532297739307,4.415644075685444,,Tencent/Eastmoney;按公告日匹配财报，使用历史生效股本
2017-06-07,14312593891.439999,14312593891.439999,30.347440258194034,1.709534799242447,4.590678615622524,,Tencent/Eastmoney;按公告日匹配财报，使用历史生效股本
2017-06-08,14399412051.96,14399412051.96,30.53152351799244,1.7199045943851654,4.618525019703423,,Tencent/Eastmoney;按公告日匹配财报，使用历史生效股本
2017-06-09,14188567947.84,14188567947.84,30.084464172767746,1.6947208061814205,4.550898038364097,,Tencent/Eastmoney;按公告日匹配财报，使用历史生效股本
2017-06-12,14238178325.28,14238178325.28,30.189654606938262,1.7006464034058313,4.566810269267468,,Tencent/Eastmoney;按公告日匹配财报，使用历史生效股本
2017-06-13,14622658750.439999,14622658750.439999,31.004880471759762,1.746569781895013,4.690130058768593,,Tencent/Eastmoney;按公告日匹配财报，使用历史生效股本
2017-06-14,15205580685.36,15205580685.36,32.240868073263336,1.8161955492818371,4.877098771883202,,Tencent/Eastmoney;按公告日匹配财报，使用历史生效股本
2017-06-15,15031944364.32,15031944364.32,31.872701553666527,1.7954559589964,4.8214059637214035,,Tencent/Eastmoney;按公告日匹配财报，使用历史生效股本
2017-06-16,14945126203.800001,14945126203.800001,31.688618293868128,1.785086163853682,4.793559559640505,,Tencent/Eastmoney;按公告日匹配财报，使用历史生效股本
2017-06-19,15056749553.04,15056749553.04,31.92529677075179,1.7984187576086055,4.829362079173089,,Tencent/Eastmoney;按公告日匹配财报，使用历史生效股本
2017-06-20,15007139175.6,15007139175.6,31.820106336581272,1.792493160384195,4.813449848269718,,Tencent/Eastmoney;按公告日匹配财报，使用历史生效股本
2017-06-21,14635061344.800001,14635061344.800001,31.031178080302396,1.748051181201116,4.694108116494436,,Tencent/Eastmoney;按公告日匹配财报，使用历史生效股本
2017-06-22,14089347192.96,14089347192.96,29.874083304426712,1.6828696117325994,4.519073576557354,,Tencent/Eastmoney;按公告日匹配财报，使用历史生效股本
2017-06-23,13990126438.08,13990126438.08,29.66370243608568,1.6710184172837783,4.487249114750613,,Tencent/Eastmoney;按公告日匹配财报，使用历史生效股本
2017-06-26,14138957570.4,14138957570.4,29.97927373859723,1.6887952089570102,4.534985807460726,,Tencent/Eastmoney;按公告日匹配财报，使用历史生效股本
2017-06-27,14436619835.04,14436619835.04,30.61041634362033,1.7243487923034735,4.630459192880952,,Tencent/Eastmoney;按公告日匹配财报，使用历史生效股本
2017-06-28,14163762759.12,14163762759.12,30.03186895568249,1.6917580075692153,4.542941922912411,,Tencent/Eastmoney;按公告日匹配财报，使用历史生效股本
2017-06-29,14262983514.0,14262983514.0,30.24224982402352,1.7036092020180365,4.574766384719154,,Tencent/Eastmoney;按公告日匹配财报，使用历史生效股本
2017-06-30,14076944598.6,14076944598.6,29.847785695884085,1.681388212426497,4.5150955188315125,,Tencent/Eastmoney;按公告日匹配财报，使用历史生效股本
2017-07-03,14262983514.0,14262983514.0,30.24224982402352,1.7036092020180365,4.574766384719154,,Tencent/Eastmoney;按公告日匹配财报，使用历史生效股本
2017-07-04,14052139409.88,14052139409.88,29.795190478798823,1.6784254138142916,4.507139403379827,,Tencent/Eastmoney;按公告日匹配财报，使用历史生效股本
2017-07-05,14014931626.800001,14014931626.800001,29.71629765317094,1.6739812158959837,4.4952052302022985,,Tencent/Eastmoney;按公告日匹配财报，使用历史生效股本
2017-07-06,14287788702.72,14287788702.72,30.29484504110878,1.7065720006302416,4.5827225001708385,,Tencent/Eastmoney;按公告日匹配财报，使用历史生效股本
2017-07-07,14126554976.04,14126554976.04,29.9529761300546,1.6873138096509075,4.531007749734884,,Tencent/Eastmoney;按公告日匹配财报，使用历史生效股本
2017-07-10,13915710871.92,13915710871.92,29.505916784829903,1.6621300214471626,4.463380768395557,,Tencent/Eastmoney;按公告日匹配财报，使用历史生效股本
2017-07-11,14721879505.32,14721879505.32,31.2152613401008,1.758420976343834,4.721954520575335,,Tencent/Eastmoney;按公告日匹配财报，使用历史生效股本
2017-07-12,15131165119.199999,15131165119.199999,32.08308242200756,1.8073071534452212,4.853230425528145,,Tencent/Eastmoney;按公告日匹配财报，使用历史生效股本
2017-07-13,15354411817.68,15354411817.68,32.556439375774886,1.833972340955069,4.924835464593315,,Tencent/Eastmoney;按公告日匹配财报，使用历史生效股本
2017-07-14,15205580685.36,15205580685.36,32.240868073263336,1.8161955492818371,4.877098771883202,,Tencent/Eastmoney;按公告日匹配财报，使用历史生效股本
2017-07-17,14312593891.439999,14312593891.439999,30.347440258194034,1.709534799242447,4.590678615622524,,Tencent/Eastmoney;按公告日匹配财报，使用历史生效股本
2017-07-18,14610256156.08,14610256156.08,30.978582863217138,1.7450883825889103,4.68615200104275,,Tencent/Eastmoney;按公告日匹配财报，使用历史生效股本
2017-07-19,14759087288.4,14759087288.4,31.294154165728685,1.7628651742621422,4.733888693752863,,Tencent/Eastmoney;按公告日匹配财报，使用历史生效股本
2017-07-20,15279996251.52,15279996251.52,32.398653724519114,1.825083945118453,4.900967118238258,,Tencent/Eastmoney;按公告日匹配财报，使用历史生效股本
2017-07-21,14982333986.88,14982333986.88,31.76751111949601,1.7895303617719898,4.805493732818032,,Tencent/Eastmoney;按公告日匹配财报，使用历史生效股本
2017-07-24,15279996251.52,15279996251.52,32.398653724519114,1.825083945118453,4.900967118238258,,Tencent/Eastmoney;按公告日匹配财报，使用历史生效股本
2017-07-25,15106359930.48,15106359930.48,32.0304872049223,1.804344354833016,4.8452743100764595,,Tencent/Eastmoney;按公告日匹配财报，使用历史生效股本
2017-07-26,14808697665.84,14808697665.84,31.399344599899205,1.7687907714865525,4.749800924656234,,Tencent/Eastmoney;按公告日匹配财报，使用历史生效股本
2017-07-27,14845905448.92,14845905448.92,31.47823742552709,1.7732349694048608,4.761735097833762,,Tencent/Eastmoney;按公告日匹配财报，使用历史生效股本
2017-07-28,14783892477.12,14783892477.12,31.346749382813947,1.7658279728743473,4.741844809204549,,Tencent/Eastmoney;按公告日匹配财报，使用历史生效股本
2017-07-31,14486230212.48,14486230212.48,30.715606777790846,1.730274389527884,4.6463714237843226,,Tencent/Eastmoney;按公告日匹配财报，使用历史生效股本
2017-08-01,14523437995.560001,14523437995.560001,30.794499603418735,1.7347185874461921,4.658305596961851,,Tencent/Eastmoney;按公告日匹配财报，使用历史生效股本
2017-08-02,14387009457.6,14387009457.6,30.505225909449813,1.718423195079063,4.614546961977581,,Tencent/Eastmoney;按公告日匹配财报，使用历史生效股本
2017-08-03,14635061344.800001,14635061344.800001,31.031178080302396,1.748051181201116,4.694108116494436,,Tencent/Eastmoney;按公告日匹配财报，使用历史生效股本
2017-08-04,14387009457.6,14387009457.6,30.505225909449813,1.718423195079063,4.614546961977581,,Tencent/Eastmoney;按公告日匹配财报，使用历史生效股本
2017-08-07,14473827618.12,14473827618.12,30.68930916924822,1.7287929902217813,4.642393366058481,,Tencent/Eastmoney;按公告日匹配财报，使用历史生效股本
2017-08-08,14511035401.199999,14511035401.199999,30.7682019948761,1.7332371881400892,4.654327539236008,,Tencent/Eastmoney;按公告日匹配财报，使用历史生效股本
2017-08-09,14399412051.96,14399412051.96,30.53152351799244,1.7199045943851654,4.618525019703423,,Tencent/Eastmoney;按公告日匹配财报，使用历史生效股本
2017-08-10,14176165353.48,14176165353.48,30.058166564225115,1.693239406875318,4.546919980638254,,Tencent/Eastmoney;按公告日匹配财报，使用历史生效股本
2017-08-11,13791684928.32,13791684928.32,29.24294069940361,1.647316028386136,4.423600191137129,,Tencent/Eastmoney;按公告日匹配财报，使用历史生效股本
2017-08-14,13977723843.72,13977723843.72,27.09658002077924,2.150252550756595,4.258865397232704,,Tencent/Eastmoney;按公告日匹配财报，使用历史生效股本
2017-08-15,14027334221.16,14027334221.16,27.192752443213237,2.1578843255596354,4.273981157293867,,Tencent/Eastmoney;按公告日匹配财报，使用历史生效股本
2017-08-16,14126554976.04,14126554976.04,27.385097288081237,2.173147875165716,4.304212677416193,,Tencent/Eastmoney;按公告日匹配财报，使用历史生效股本
2017-08-17,14225775730.92,14225775730.92,27.577442132949237,2.1884114247717967,4.334444197538519,,Tencent/Eastmoney;按公告日匹配财报，使用历史生效股本
2017-08-18,14387009457.6,14387009457.6,27.890002505859734,2.213214692881677,4.3835704177373,,Tencent/Eastmoney;按公告日匹配财报，使用历史生效股本
2017-08-21,14473827618.12,14473827618.12,28.05830424511923,2.226570298786998,4.410022997844335,,Tencent/Eastmoney;按公告日匹配财报，使用历史生效股本
2017-08-22,14238178325.28,14238178325.28,27.601485238557736,2.1903193684725566,4.33822313755381,,Tencent/Eastmoney;按公告日匹配财报，使用历史生效股本
2017-08-23,14808697665.84,14808697665.84,28.707468096548723,2.2780847787075196,4.512054378257186,,Tencent/Eastmoney;按公告日匹配财报，使用历史生效股本
2017-08-24,14486230212.48,14486230212.48,28.08234735072773,2.228478242487758,4.413801937859625,,Tencent/Eastmoney;按公告日匹配财报，使用历史生效股本
2017-08-25,14647463939.16,14647463939.16,28.394907723638227,2.2532815105976387,4.462928158058405,,Tencent/Eastmoney;按公告日匹配财报，使用历史生效股本
2017-08-28,14746684694.04,14746684694.04,28.587252568506226,2.2685450602037194,4.493159678180732,,Tencent/Eastmoney;按公告日匹配财报，使用历史生效股本
2017-08-29,14845905448.92,14845905448.92,28.779597413374223,2.2838086098098,4.523391198303058,,Tencent/Eastmoney;按公告日匹配财报，使用历史生效股本
2017-08-30,15093957336.12,15093957336.12,29.26045952554422,2.3219674838250013,4.598969998608873,,Tencent/Eastmoney;按公告日匹配财报，使用历史生效股本
2017-08-31,15044346958.68,15044346958.68,29.16428710311022,2.314335709021961,4.58385423854771,,Tencent/Eastmoney;按公告日匹配财报，使用历史生效股本
2017-09-01,15093957336.12,15093957336.12,29.26045952554422,2.3219674838250013,4.598969998608873,,Tencent/Eastmoney;按公告日匹配财报，使用历史生效股本
2017-09-04,15143567713.560001,15143567713.560001,29.356631947978222,2.3295992586280416,4.614085758670037,,Tencent/Eastmoney;按公告日匹配财报，使用历史生效股本
2017-09-05,14907918420.72,14907918420.72,28.89981294141672,2.2933483283136002,4.542285898379512,,Tencent/Eastmoney;按公告日匹配财报，使用历史生效股本
2017-09-06,14932723609.439999,14932723609.439999,28.94789915263372,2.29716421571512,4.549843778410093,,Tencent/Eastmoney;按公告日匹配财报，使用历史生效股本
2017-09-07,14684671722.24,14684671722.24,28.467037040463726,2.2590053416999187,4.474264978104277,,Tencent/Eastmoney;按公告日匹配财报，使用历史生效股本
2017-09-08,14870710637.64,14870710637.64,28.827683624591224,2.28762449721132,4.53094907833364,,Tencent/Eastmoney;按公告日匹配财报，使用历史生效股本
2017-09-11,15031944364.32,15031944364.32,29.14024399750172,2.3124277653212006,4.580075298532419,,Tencent/Eastmoney;按公告日匹配财报，使用历史生效股本
2017-09-12,14845905448.92,14845905448.92,28.779597413374223,2.2838086098098,4.523391198303058,,Tencent/Eastmoney;按公告日匹配财报，使用历史生效股本
2017-09-13,15131165119.199999,15131165119.199999,29.332588842369717,2.3276913149272813,4.610306818654745,,Tencent/Eastmoney;按公告日匹配财报，使用历史生效股本
2017-09-14,15552853327.439999,15552853327.439999,30.150054433058706,2.3925614007531233,4.738790779174631,,Tencent/Eastmoney;按公告日匹配财报，使用历史生效股本
2017-09-15,15279996251.52,15279996251.52,29.621106109671718,2.3505866393364023,4.6556540988382356,,Tencent/Eastmoney;按公告日匹配财报，使用历史生效股本
2017-09-18,15193178091.0,15193178091.0,29.452804370412217,2.3372310334310815,4.6292015187311994,,Tencent/Eastmoney;按公告日匹配财报，使用历史生效股本
2017-09-19,15217983279.72,15217983279.72,29.500890581629214,2.3410469208326017,4.636759398761781,,Tencent/Eastmoney;按公告日匹配财报，使用历史生效股本
2017-09-20,15193178091.0,15193178091.0,29.452804370412217,2.3372310334310815,4.6292015187311994,,Tencent/Eastmoney;按公告日匹配财报，使用历史生效股本
2017-09-21,14845905448.92,14845905448.92,28.779597413374223,2.2838086098098,4.523391198303058,,Tencent/Eastmoney;按公告日匹配财报，使用历史生效股本
2017-09-22,14907918420.72,14907918420.72,28.89981294141672,2.2933483283136002,4.542285898379512,,Tencent/Eastmoney;按公告日匹配财报，使用历史生效股本
2017-09-25,14684671722.24,14684671722.24,28.467037040463726,2.2590053416999187,4.474264978104277,,Tencent/Eastmoney;按公告日匹配财报，使用历史生效股本
2017-09-26,14622658750.439999,14622658750.439999,28.346821512421226,2.2494656231961185,4.455370278027823,,Tencent/Eastmoney;按公告日匹配财报，使用历史生效股本
2017-09-27,14647463939.16,14647463939.16,28.394907723638227,2.2532815105976387,4.462928158058405,,Tencent/Eastmoney;按公告日匹配财报，使用历史生效股本
2017-09-28,14511035401.199999,14511035401.199999,28.130433561944727,2.232294129889278,4.421359817890207,,Tencent/Eastmoney;按公告日匹配财报，使用历史生效股本
2017-09-29,14585450967.36,14585450967.36,28.27469219559573,2.2437417920938385,4.444033457981952,,Tencent/Eastmoney;按公告日匹配财报，使用历史生效股本
2017-10-09,14709476910.96,14709476910.96,28.515123251680723,2.262821229101439,4.481822858134859,,Tencent/Eastmoney;按公告日匹配财报，使用历史生效股本
2017-10-10,14783892477.12,14783892477.12,28.659381885331726,2.2742688913059994,4.5044964982266045,,Tencent/Eastmoney;按公告日匹配财报，使用历史生效股本
2017-10-11,14957528798.16,14957528798.16,28.99598536385072,2.3009801031166406,4.557401658440675,,Tencent/Eastmoney;按公告日匹配财报，使用历史生效股本
2017-10-12,14982333986.88,14982333986.88,29.04407157506772,2.3047959905181608,4.564959538471256,,Tencent/Eastmoney;按公告日匹配财报，使用历史生效股本
2017-10-13,15019541769.96,15019541769.96,29.116200891893218,2.310519821620441,4.576296358517128,,Tencent/Eastmoney;按公告日匹配财报，使用历史生效股本
2017-10-16,14746684694.04,14746684694.04,28.587252568506226,2.2685450602037194,4.493159678180732,,Tencent/Eastmoney;按公告日匹配财报，使用历史生效股本
2017-10-17,14957528798.16,14957528798.16,28.99598536385072,2.3009801031166406,4.557401658440675,,Tencent/Eastmoney;按公告日匹配财报，使用历史生效股本
2017-10-18,14883113232.0,14883113232.0,28.851726730199722,2.28953244091208,4.53472801834893,,Tencent/Eastmoney;按公告日匹配财报，使用历史生效股本
2017-10-19,14399412051.96,14399412051.96,27.91404561146823,2.2151226365824375,4.38734935775259,,Tencent/Eastmoney;按公告日匹配财报，使用历史生效股本
2017-10-20,15118762524.84,15118762524.84,29.308545736761218,2.325783371226521,4.606527878639455,,Tencent/Eastmoney;按公告日匹配财报，使用历史生效股本
2017-10-23,15205580685.36,15205580685.36,29.47684747602072,2.339138977131842,4.6329804587464904,,Tencent/Eastmoney;按公告日匹配财报，使用历史生效股本
2017-10-24,16731099791.64,16731099791.64,32.434149465866184,2.57381605232533,5.097790080627256,,Tencent/Eastmoney;按公告日匹配财报，使用历史生效股本
2017-10-25,16396229743.92,16396229743.92,31.784985614436696,2.522301572404808,4.995758700214405,,Tencent/Eastmoney;按公告日匹配财报，使用历史生效股本
2017-11-02,15986944130.04,15986944130.04,28.82411544743866,2.4067135134688122,4.669553971969047,,Tencent/Eastmoney;按公告日匹配财报，使用历史生效股本
2017-11-03,17103177622.439999,17103177622.439999,30.83666035843127,2.574754022555075,4.995589547979298,,Tencent/Eastmoney;按公告日匹配财报，使用历史生效股本
2017-11-06,16805515357.800001,16805515357.800001,30.29998171549991,2.529943220132072,4.908646727709899,,Tencent/Eastmoney;按公告日匹配财报，使用历史生效股本
2017-11-07,16991554273.199999,16991554273.199999,30.63540586733201,2.557949971646449,4.962985990378273,,Tencent/Eastmoney;按公告日匹配财报，使用历史生效股本
2017-11-08,16607073848.04,16607073848.04,29.94219595354567,2.5000693518500694,4.850684847530299,,Tencent/Eastmoney;按公告日匹配财报，使用历史生效股本
2017-11-09,17239606160.4,17239606160.4,31.08263806977482,2.5952923069989517,5.0354383406027745,,Tencent/Eastmoney;按公告日匹配财报，使用历史生效股本
2017-11-10,17140385405.52,17140385405.52,30.903745188797696,2.5803553728579507,5.006457400512974,,Tencent/Eastmoney;按公告日匹配财报，使用历史生效股本
2017-11-13,16172983045.439999,16172983045.439999,29.159539599270758,2.434720264983189,4.723893234637422,,Tencent/Eastmoney;按公告日匹配财报，使用历史生效股本
2017-11-14,16272203800.32,16272203800.32,29.33843248024788,2.44965719912419,4.752874174727222,,Tencent/Eastmoney;按公告日匹配财报，使用历史生效股本
2017-11-15,15428827383.84,15428827383.84,27.817842991942353,2.3226932589256806,4.506536183963921,,Tencent/Eastmoney;按公告日匹配财报，使用历史生效股本
2017-11-16,15230385874.08,15230385874.08,27.46005722998811,2.292819390643678,4.448574303784321,,Tencent/Eastmoney;按公告日匹配财报，使用历史生效股本
2017-11-17,14002529032.439999,14002529032.439999,25.246257827896233,2.107974830648789,4.089935170173044,,Tencent/Eastmoney;按公告日匹配财报，使用历史生效股本
2017-11-20,13618048607.28,13618048607.28,24.553047914109893,2.0500942108524094,3.977634027325069,,Tencent/Eastmoney;按公告日匹配财报，使用历史生效股本
2017-11-21,13382399314.439999,13382399314.439999,24.128177321789224,2.0146189922675313,3.908804294611793,,Tencent/Eastmoney;按公告日匹配财报，使用历史生效股本
2017-11-22,13518827852.4,13518827852.4,24.37415503313277,2.0351572767114083,3.9486530872352685,,Tencent/Eastmoney;按公告日匹配财报，使用历史生效股本
2017-11-23,12849087756.96,12849087756.96,23.166628086537198,1.9343329712596502,3.7530317416291177,,Tencent/Eastmoney;按公告日匹配财报，使用历史生效股本
2017-11-24,12960711106.199999,12960711106.199999,23.36788257763646,1.9511370221682764,3.7856352992301425,,Tencent/Eastmoney;按公告日匹配财报，使用历史生效股本
2017-11-27,12923503323.12,12923503323.12,23.300797747270042,1.945535671865401,3.774767446696468,,Tencent/Eastmoney;按公告日匹配财报，使用历史生效股本
2017-11-28,13109542238.52,13109542238.52,23.636221899102143,1.9735424233797785,3.829106709364843,,Tencent/Eastmoney;按公告日匹配财报，使用历史生效股本
2017-11-29,13394801908.800001,13394801908.800001,24.15053893191137,2.016486109035157,3.912426912123019,,Tencent/Eastmoney;按公告日匹配财报，使用历史生效股本
2017-11-30,13208762993.4,13208762993.4,23.815114780079263,1.9884793575207795,3.858087649454643,,Tencent/Eastmoney;按公告日匹配财报，使用历史生效股本
2017-12-01,13183957804.68,13183957804.68,23.770391559834984,1.9847451239855294,3.8508424144321936,,Tencent/Eastmoney;按公告日匹配财报，使用历史生效股本
2017-12-04,12588633275.4,12588633275.4,22.697034273972257,1.8951235191395224,3.6769567738933926,,Tencent/Eastmoney;按公告日匹配财报，使用历史生效股本
2017-12-05,11794867236.36,11794867236.36,21.26589122615529,1.775628046011513,3.4451092531749916,,Tencent/Eastmoney;按公告日匹配财报，使用历史生效股本
2017-12-06,11906490585.6,11906490585.6,21.46714571725455,1.7924320969201393,3.4777128107760165,,Tencent/Eastmoney;按公告日匹配财报，使用历史生效股本
2017-12-07,11894087991.24,11894087991.24,21.44478410713241,1.790564980152514,3.4740901932647916,,Tencent/Eastmoney;按公告日匹配财报，使用历史生效股本
2017-12-08,12005711340.48,12005711340.48,21.64603859823167,1.8073690310611403,3.5066937508658165,,Tencent/Eastmoney;按公告日匹配财报，使用历史生效股本
2017-12-11,12290971010.76,12290971010.76,22.160355631040893,1.8503127167165188,3.590013953623992,,Tencent/Eastmoney;按公告日匹配财报，使用历史生效股本
2017-12-12,12018113934.84,12018113934.84,21.66840020835381,1.8092361478287655,3.5103163683770418,,Tencent/Eastmoney;按公告日匹配财报，使用历史生效股本
2017-12-13,12030516529.199999,12030516529.199999,21.69076181847595,1.8111032645963907,3.5139389858882666,,Tencent/Eastmoney;按公告日匹配财报，使用历史生效股本
2017-12-14,12216555444.6,12216555444.6,22.026185970308052,1.8391100161107679,3.568278248556642,,Tencent/Eastmoney;按公告日匹配财报，使用历史生效股本
2017-12-15,12067724312.28,12067724312.28,21.75784664884237,1.8167046148992663,3.524806838421942,,Tencent/Eastmoney;按公告日匹配财报，使用历史生效股本
2017-12-18,12030516529.199999,12030516529.199999,21.69076181847595,1.8111032645963907,3.5139389858882666,,Tencent/Eastmoney;按公告日匹配财报，使用历史生效股本
2017-12-19,12030516529.199999,12030516529.199999,21.69076181847595,1.8111032645963907,3.5139389858882666,,Tencent/Eastmoney;按公告日匹配财报，使用历史生效股本
2017-12-20,11757659453.28,11757659453.28,21.198806395788868,1.7700266957086377,3.4342414006413167,,Tencent/Eastmoney;按公告日匹配财报，使用历史生效股本
2017-12-21,11757659453.28,11757659453.28,21.198806395788868,1.7700266957086377,3.4342414006413167,,Tencent/Eastmoney;按公告日匹配财报，使用历史生效股本
2017-12-22,11732854264.560001,11732854264.560001,21.15408317554459,1.7662924621733875,3.4269961656188666,,Tencent/Eastmoney;按公告日匹配财报，使用历史生效股本
2017-12-25,11584023132.24,11584023132.24,20.885743854078903,1.7438870609618855,3.383524755484166,,Tencent/Eastmoney;按公告日匹配财报，使用历史生效股本
2017-12-26,11757659453.28,11757659453.28,21.198806395788868,1.7700266957086377,3.4342414006413167,,Tencent/Eastmoney;按公告日匹配财报，使用历史生效股本
2017-12-27,11633633509.68,11633633509.68,20.975190294567465,1.7513555280323863,3.398015225529066,,Tencent/Eastmoney;按公告日匹配财报，使用历史生效股本
2017-12-28,11621230915.32,11621230915.32,20.952828684445326,1.7494884112647608,3.3943926080178413,,Tencent/Eastmoney;按公告日匹配财报，使用历史生效股本
2017-12-29,11770062047.64,11770062047.64,21.221168005911007,1.7718938124762627,3.437864018152541,,Tencent/Eastmoney;按公告日匹配财报，使用历史生效股本
2018-01-02,12278568416.4,12278568416.4,22.137994020918754,1.8484455999488938,3.586391336112767,,Tencent/Eastmoney;按公告日匹配财报，使用历史生效股本
2018-01-03,12278568416.4,12278568416.4,22.137994020918754,1.8484455999488938,3.586391336112767,,Tencent/Eastmoney;按公告日匹配财报，使用历史生效股本
2018-01-04,12811879973.88,12811879973.88,23.09954325617078,1.9287316209567749,3.7421638890954427,,Tencent/Eastmoney;按公告日匹配财报，使用历史生效股本
2018-01-05,12687854030.28,12687854030.28,22.87592715494938,1.9100604532805234,3.705937713983193,,Tencent/Eastmoney;按公告日匹配财报，使用历史生效股本
2018-01-08,12464607331.800001,12464607331.800001,22.473418172750858,1.876452351463271,3.6407305987811425,,Tencent/Eastmoney;按公告日匹配财报，使用历史生效股本
2018-01-09,12489412520.52,12489412520.52,22.518141392995137,1.880186584998521,3.6479758338035926,,Tencent/Eastmoney;按公告日匹配财报，使用历史生效股本
2018-01-10,12489412520.52,12489412520.52,22.518141392995137,1.880186584998521,3.6479758338035926,,Tencent/Eastmoney;按公告日匹配财报，使用历史生效股本
2018-01-11,12402594360.0,12402594360.0,22.361610122140156,1.867116767625145,3.6226175112250174,,Tencent/Eastmoney;按公告日匹配财报，使用历史生效股本
2018-01-12,12439802143.08,12439802143.08,22.428694952506575,1.8727181179280203,3.6334853637586924,,Tencent/Eastmoney;按公告日匹配财报，使用历史生效股本
2018-01-15,12216555444.6,12216555444.6,22.026185970308052,1.8391100161107679,3.568278248556642,,Tencent/Eastmoney;按公告日匹配财报，使用历史生效股本
2018-01-16,12266165822.04,12266165822.04,22.115632410796614,1.8465784831812686,3.5827687186015424,,Tencent/Eastmoney;按公告日匹配财报，使用历史生效股本
2018-01-17,12700256624.64,12700256624.64,22.898288765071516,1.9119275700481486,3.7095603314944174,,Tencent/Eastmoney;按公告日匹配财报，使用历史生效股本
2018-01-18,12563828086.68,12563828086.68,22.652311053727978,1.8913892856042722,3.6697115388709425,,Tencent/Eastmoney;按公告日匹配财报，使用历史生效股本
2018-01-19,12489412520.52,12489412520.52,22.518141392995137,1.880186584998521,3.6479758338035926,,Tencent/Eastmoney;按公告日匹配财报，使用历史生效股本
2018-01-22,12464607331.800001,12464607331.800001,22.473418172750858,1.876452351463271,3.6407305987811425,,Tencent/Eastmoney;按公告日匹配财报，使用历史生效股本
2018-01-23,12477009926.16,12477009926.16,22.495779782872997,1.8783194682308961,3.6443532162923673,,Tencent/Eastmoney;按公告日匹配财报，使用历史生效股本
2018-01-24,12439802143.08,12439802143.08,22.428694952506575,1.8727181179280203,3.6334853637586924,,Tencent/Eastmoney;按公告日匹配财报，使用历史生效股本
2018-01-25,12526620303.6,12526620303.6,22.585226223361555,1.8857879353013964,3.6588436863372675,,Tencent/Eastmoney;按公告日匹配财报，使用历史生效股本
2018-01-26,12539022897.96,12539022897.96,22.607587833483695,1.8876550520690216,3.6624663038484924,,Tencent/Eastmoney;按公告日匹配财报，使用历史生效股本
2018-01-29,12352983982.560001,12352983982.560001,22.272163681651598,1.8596483005546447,3.6081270411801176,,Tencent/Eastmoney;按公告日匹配财报，使用历史生效股本
2018-01-30,12390191765.64,12390191765.64,22.339248512018013,1.86524965085752,3.618994893713792,,Tencent/Eastmoney;按公告日匹配财报，使用历史生效股本
2018-01-31,12030516529.199999,12030516529.199999,21.69076181847595,1.8111032645963907,3.5139389858882666,,Tencent/Eastmoney;按公告日匹配财报，使用历史生效股本
2018-02-01,11162334924.0,11162334924.0,20.12544910992614,1.6804050908626307,3.2603557601025157,,Tencent/Eastmoney;按公告日匹配财报，使用历史生效股本
2018-02-02,10728244121.4,10728244121.4,19.342792755651235,1.6150560039957507,3.13356414720964,,Tencent/Eastmoney;按公告日匹配财报，使用历史生效股本
2018-02-05,10591815583.439999,10591815583.439999,19.09681504430769,1.5945177195518738,3.0937153545861644,,Tencent/Eastmoney;按公告日匹配财报，使用历史生效股本
2018-02-06,9760841761.32,9760841761.32,17.5985871661243,1.4694208961209891,2.8509999813340885,,Tencent/Eastmoney;按公告日匹配财报，使用历史生效股本
2018-02-07,9922075488.0,9922075488.0,17.889288097712125,1.4936934141001161,2.898094008980014,,Tencent/Eastmoney;按公告日匹配财报，使用历史生效股本
2018-02-08,10070906620.32,10070906620.32,18.157627419177807,1.5160988153116177,2.941565419114714,,Tencent/Eastmoney;按公告日匹配财报，使用历史生效股本
2018-02-09,9810452138.76,9810452138.76,17.688033606612862,1.47688936319149,2.8654904513789887,,Tencent/Eastmoney;按公告日匹配财报，使用历史生效股本
2018-02-12,10008893648.52,10008893648.52,18.045819368567106,1.5067632314734922,2.923452331558589,,Tencent/Eastmoney;按公告日匹配财报，使用历史生效股本
2018-02-13,11355967079.73,11355967079.73,20.474563710296234,1.5291686326849938,3.3169128978854,,Tencent/Eastmoney;按公告日匹配财报，使用历史生效股本
2018-02-14,12049249563.23,12049249563.23,21.724537074783182,1.622524471066251,3.5194106327990387,,Tencent/Eastmoney;按公告日匹配财报，使用历史生效股本
2018-02-22,12035383913.56,12035383913.56,21.699537607493443,1.620657354298626,3.5153606781007656,,Tencent/Eastmoney;按公告日匹配财报，使用历史生效股本
2018-02-23,12090846512.240002,12090846512.240002,21.799535476652405,1.6281258213691268,3.5315604968938574,,Tencent/Eastmoney;按公告日匹配财报，使用历史生效股本
2018-02-26,12423622104.320002,12423622104.320002,22.39952269160614,1.6729366237921302,3.628759409652404,,Tencent/Eastmoney;按公告日匹配财报，使用历史生效股本
2018-02-27,12340428206.300001,12340428206.300001,22.249525887867705,1.6617339231863792,3.6044596814627674,,Tencent/Eastmoney;按公告日匹配财报，使用历史生效股本
2018-02-28,12271099957.949999,12271099957.949999,22.124528551419004,1.6523983393482533,3.584209907971403,,Tencent/Eastmoney;按公告日匹配财报，使用历史生效股本
2018-03-01,12562278601.02,12562278601.02,22.649517364503527,1.6916077914683816,3.6692589566351312,,Tencent/Eastmoney;按公告日匹配财报，使用历史生效股本
2018-03-02,12340428206.300001,12340428206.300001,22.249525887867705,1.6617339231863792,3.6044596814627674,,Tencent/Eastmoney;按公告日匹配财报，使用历史生效股本
2018-03-05,12354293855.97,12354293855.97,22.27452535515744,1.6636010399540042,3.6085096361610396,,Tencent/Eastmoney;按公告日匹配财报，使用历史生效股本
2018-03-06,12534547301.679998,12534547301.679998,22.599518429924046,1.687873557933131,3.661159047238585,,Tencent/Eastmoney;按公告日匹配财报，使用历史生效股本
2018-03-07,12326562556.630001,12326562556.630001,22.224526420577966,1.659866806418754,3.6004097267644943,,Tencent/Eastmoney;按公告日匹配财报，使用历史生效股本
2018-03-08,12354293855.97,12354293855.97,22.27452535515744,1.6636010399540042,3.6085096361610396,,Tencent/Eastmoney;按公告日匹配财报，使用历史生效股本
2018-03-09,12534547301.679998,12534547301.679998,22.599518429924046,1.687873557933131,3.661159047238585,,Tencent/Eastmoney;按公告日匹配财报，使用历史生效股本
2018-03-12,12714800747.39,12714800747.39,22.924511504690653,1.712146075912258,3.7138084583161315,,Tencent/Eastmoney;按公告日匹配财报，使用历史生效股本
2018-03-13,12936651142.11,12936651142.11,21.739379928717124,1.7155202858144891,3.4858055285632576,,Tencent/Eastmoney;按公告日匹配财报，使用历史生效股本
2018-03-14,12673203798.380001,12673203798.380001,21.296670155249142,1.6805847172930795,3.4148191351627197,,Tencent/Eastmoney;按公告日匹配财报，使用历史生效股本
2018-03-15,12520681652.009998,12520681652.009998,21.040364496925573,1.6603588618333158,3.3737217495097758,,Tencent/Eastmoney;按公告日匹配财报，使用历史生效股本
2018-03-16,12451353403.66,12451353403.66,20.923861924960317,1.6511652911697872,3.3550411196675296,,Tencent/Eastmoney;按公告日匹配财报，使用历史生效股本
2018-03-19,12271099957.949999,12271099957.949999,20.620955237850644,1.6272620074446118,3.3064714820776877,,Tencent/Eastmoney;按公告日匹配财报，使用历史生效股本
2018-03-20,12146309110.92,12146309110.92,20.411250608313182,1.61071358025026,3.2728463483616435,,Tencent/Eastmoney;按公告日匹配财报，使用历史生效股本
2018-03-21,12146309110.92,12146309110.92,20.411250608313182,1.61071358025026,3.2728463483616435,,Tencent/Eastmoney;按公告日匹配财报，使用历史生效股本
2018-03-22,12257234308.28,12257234308.28,20.597654723457595,1.6254232933119062,3.3027353561092387,,Tencent/Eastmoney;按公告日匹配财报，使用历史生效股本
2018-03-23,11342101430.06,11342101430.06,19.05982077351619,1.5040681605533248,3.0561510421915803,,Tencent/Eastmoney;按公告日匹配财报，使用历史生效股本
2018-03-26,11563951824.78,11563951824.78,19.432629003805015,1.5334875866766173,3.1159290576867704,,Tencent/Eastmoney;按公告日匹配财报，使用历史生效股本
2018-03-27,11744205270.490002,11744205270.490002,19.735535690914688,1.5573908704017925,3.1644986952766123,,Tencent/Eastmoney;按公告日匹配财报，使用历史生效股本
2018-03-28,11619414423.460001,11619414423.460001,19.52583106137722,1.5408424432074406,3.130873561560568,,Tencent/Eastmoney;按公告日匹配财报，使用历史生效股本
2018-03-29,11771936569.83,11771936569.83,19.782136719700787,1.561068298667204,3.1719709472135107,,Tencent/Eastmoney;按公告日匹配财报，使用历史生效股本
2018-03-30,11896727416.86,11896727416.86,19.991841349238253,1.5776167258615559,3.2055960809295554,,Tencent/Eastmoney;按公告日匹配财报，使用历史生效股本
2018-04-02,11841264818.179998,11841264818.179998,19.898639291666044,1.5702618693307326,3.1906515770557573,,Tencent/Eastmoney;按公告日匹配财报，使用历史生效股本
2018-04-03,11799667869.17,11799667869.17,19.828737748486894,1.5647457269326155,3.1794431991504095,,Tencent/Eastmoney;按公告日匹配财报，使用历史生效股本
2018-04-04,12076980862.570002,12076980862.570002,20.294748036347926,1.6015200095867312,3.2541657185193973,,Tencent/Eastmoney;按公告日匹配财报，使用历史生效股本
2018-04-09,13283292383.86,13283292383.86,22.321892788543412,1.7614881391321335,3.5792086777744916,,Tencent/Eastmoney;按公告日匹配财报，使用历史生效股本
2018-04-10,13116904587.820002,13116904587.820002,22.042286615826793,1.7394235695396645,3.5343751661530995,,Tencent/Eastmoney;按公告日匹配财报，使用历史生效股本
2018-04-11,12950516791.78,12950516791.78,21.762680443110174,1.717358999947195,3.489541654531707,,Tencent/Eastmoney;按公告日匹配财报，使用历史生效股本
2018-04-12,12645472499.039999,12645472499.039999,21.250069126463035,1.6769072890276677,3.4073468832258205,,Tencent/Eastmoney;按公告日匹配财报，使用历史生效股本
2018-04-13,12728666397.06,12728666397.06,21.38987221282135,1.6879395738239025,3.429763639036517,,Tencent/Eastmoney;按公告日匹配财报，使用历史生效股本
2018-04-16,14004306166.699999,14004306166.699999,23.53351953698209,1.8571012740328339,3.7734872281338583,,Tencent/Eastmoney;按公告日匹配财报，使用历史生效股本
2018-04-17,13033710689.800001,13033710689.800001,21.902483529468483,1.7283912847434297,3.511958410342403,,Tencent/Eastmoney;按公告日匹配财报，使用历史生效股本
2018-04-18,12908919842.77,12908919842.77,21.692778899931017,1.7118428575490776,3.478333276626359,,Tencent/Eastmoney;按公告日匹配财报，使用历史生效股本
2018-04-19,13200098485.84,13200098485.84,22.182089702185102,1.7504558543358988,3.5567919219637956,,Tencent/Eastmoney;按公告日匹配财报，使用历史生效股本
2018-04-20,12756397696.4,12756397696.4,21.43647324160745,1.691617002089314,3.4372358909734158,,Tencent/Eastmoney;按公告日匹配财报，使用历史生效股本
2018-04-23,12839591594.42,12839591594.42,21.57627632796576,1.7026492868855487,3.4596526467841118,,Tencent/Eastmoney;按公告日匹配财报，使用历史生效股本
2018-04-24,13075307638.81,13075307638.81,21.972385072647636,1.7339074271415469,3.523166788247751,,Tencent/Eastmoney;按公告日匹配财报，使用历史生效股本
2018-04-25,13130770237.490002,13130770237.490002,22.065587130219846,1.7412622836723701,3.538111292121549,,Tencent/Eastmoney;按公告日匹配财报，使用历史生效股本
2018-04-26,12936651142.11,12936651142.11,21.739379928717124,1.7155202858144891,3.4858055285632576,,Tencent/Eastmoney;按公告日匹配财报，使用历史生效股本
2018-04-27,12853457244.09,12853457244.09,20.396930077648538,1.7627276826420124,3.3491216493594766,,Tencent/Eastmoney;按公告日匹配财报，使用历史生效股本
2018-05-02,13255561084.52,13255561084.52,21.035021741350594,1.8178723458530357,3.4538946027914346,,Tencent/Eastmoney;按公告日匹配财报，使用历史生效股本
2018-05-03,13255561084.52,13255561084.52,21.035021741350594,1.8178723458530357,3.4538946027914346,,Tencent/Eastmoney;按公告日匹配财报，使用历史生效股本
2018-05-04,13144635887.16,13144635887.16,20.858996454812097,1.8026600249672362,3.4249917190860666,,Tencent/Eastmoney;按公告日匹配财报，使用历史生效股本
2018-05-07,13283292383.86,13283292383.86,21.07902806298522,1.8216754260744854,3.4611203237177763,,Tencent/Eastmoney;按公告日匹配财报，使用历史生效股本
2018-05-08,13435814530.23,13435814530.23,21.321062831975652,1.8425923672924596,3.5008617888126565,,Tencent/Eastmoney;按公告日匹配财报，使用历史生效股本
2018-05-09,13172367186.5,13172367186.5,20.90300277644672,1.806463105188686,3.432217440012409,,Tencent/Eastmoney;按公告日匹配财报，使用历史生效股本
2018-05-10,13616067975.94,13616067975.94,21.607103922600714,1.8673123887318839,3.5478289748338794,,Tencent/Eastmoney;按公告日匹配财报，使用历史生效股本
2018-05-11,13671530574.619999,13671530574.619999,21.695116565869963,1.8749185491747833,3.562280416686563,,Tencent/Eastmoney;按公告日匹配财报，使用历史生效股本
2018-05-14,13227829785.179998,13227829785.179998,20.991015419715968,1.8140692656315855,3.446668881865092,,Tencent/Eastmoney;按公告日匹配财报，使用历史生效股本
2018-05-15,13297158033.53,13297158033.53,21.101031223802533,1.8235769661852104,3.4647331841809477,,Tencent/Eastmoney;按公告日匹配财报，使用历史生效股本
2018-05-16,12978248091.119999,12978248091.119999,20.594958525004344,1.7798415436385369,3.381637393528015,,Tencent/Eastmoney;按公告日匹配财报，使用历史生效股本
2018-05-17,12853457244.09,12853457244.09,20.396930077648538,1.7627276826420124,3.3491216493594766,,Tencent/Eastmoney;按公告日匹配财报，使用历史生效股本
2018-05-18,12950516791.78,12950516791.78,20.550952203369725,1.776038463417087,3.3744116726016737,,Tencent/Eastmoney;按公告日匹配财报，使用历史生效股本
2018-05-21,13130770237.490002,13130770237.490002,20.836993293994787,1.8007584848565112,3.421378858622896,,Tencent/Eastmoney;按公告日匹配财报，使用历史生效股本
2018-05-22,13213964135.509998,13213964135.509998,20.969012258898655,1.8121677255208606,3.443056021401921,,Tencent/Eastmoney;按公告日匹配财报，使用历史生效股本
2018-05-23,12922785492.44,12922785492.44,20.5069458817351,1.7722353831956372,3.3671859516753315,,Tencent/Eastmoney;按公告日匹配财报，使用历史生效股本
2018-05-24,12867322893.759998,12867322893.759998,20.418933238465847,1.7646292227527374,3.352734509822647,,Tencent/Eastmoney;按公告日匹配财报，使用历史生效股本
2018-05-25,12645472499.039999,12645472499.039999,20.06688266538885,1.7342045809811384,3.294928742411912,,Tencent/Eastmoney;按公告日匹配财报，使用历史生效股本
2018-05-28,12548412951.35,12548412951.35,19.912860539667665,1.720893800206064,3.269638719169716,,Tencent/Eastmoney;按公告日匹配财报，使用历史生效股本
2018-05-29,12451353403.66,12451353403.66,19.758838413946478,1.7075830194309896,3.2443486959275187,,Tencent/Eastmoney;按公告日匹配财报，使用历史生效股本
2018-05-30,11716473971.15,11716473971.15,18.592670890628924,1.6068013935625678,3.052867091379458,,Tencent/Eastmoney;按公告日匹配财报，使用历史生效股本
2018-05-31,11855130467.85,11855130467.85,18.81270249880205,1.6258167946698174,3.088995696011168,,Tencent/Eastmoney;按公告日匹配财报，使用历史生效股本
2018-06-01,11868996117.52,11868996117.52,18.83470565961936,1.6277183347805424,3.092608556474339,,Tencent/Eastmoney;按公告日匹配财报，使用历史生效股本
2018-06-04,11952190015.539999,11952190015.539999,18.966724624523234,1.6391275754448917,3.114285719253364,,Tencent/Eastmoney;按公告日匹配财报，使用历史生效股本
2018-06-05,12063115212.9,12063115212.9,19.14274991106173,1.6543398963306912,3.143188602958732,,Tencent/Eastmoney;按公告日匹配财报，使用历史生效股本
2018-06-06,12090846512.240002,12090846512.240002,19.18675623269636,1.6581429765521414,3.1504143238850744,,Tencent/Eastmoney;按公告日匹配财报，使用历史生效股本
2018-06-07,12035383913.56,12035383913.56,19.09874358942711,1.6505368161092413,3.13596288203239,,Tencent/Eastmoney;按公告日匹配财报，使用历史生效股本
2018-06-08,11924458716.199999,11924458716.199999,18.922718302888608,1.635324495223442,3.1070599983270224,,Tencent/Eastmoney;按公告日匹配财报，使用历史生效股本
2018-06-11,11896727416.86,11896727416.86,18.878711981253986,1.631521415001992,3.0998342774006806,,Tencent/Eastmoney;按公告日匹配财报，使用历史生效股本
2018-06-12,11938324365.869999,11938324365.869999,18.94472146370592,1.6372260353341668,3.1106728587901933,,Tencent/Eastmoney;按公告日匹配财报，使用历史生效股本
2018-06-13,11661011372.47,11661011372.47,18.504658247359675,1.5991952331196684,3.0384156495267742,,Tencent/Eastmoney;按公告日匹配财报，使用历史生效股本
2018-06-14,11480757926.759998,11480757926.759998,18.218617156734613,1.574475211680244,2.9914484635055514,,Tencent/Eastmoney;按公告日匹配财报，使用历史生效股本
2018-06-15,11272773181.710001,11272773181.710001,17.888569744474932,1.5459521100193703,2.937255556557988,,Tencent/Eastmoney;按公告日匹配财报，使用历史生效股本
2018-06-19,10357640303.49,10357640303.49,16.436361130532315,1.4204504627115246,2.6988067659887043,,Tencent/Eastmoney;按公告日匹配财报，使用历史生效股本
2018-06-20,10496296800.19,10496296800.19,16.65639273870544,1.439465863818774,2.734935370620414,,Tencent/Eastmoney;按公告日匹配财报，使用历史生效股本
2018-06-21,10205118157.12,10205118157.12,16.194326361541883,1.3995335214935505,2.659065300893824,,Tencent/Eastmoney;按公告日匹配财报，使用历史生效股本
2018-06-22,10399237252.5,10399237252.5,16.502370612984254,1.4261550830436993,2.7096453473782174,,Tencent/Eastmoney;按公告日匹配财报，使用历史生效股本
2018-06-25,10426968551.84,10426968551.84,16.546376934618877,1.4299581632651492,2.716871068304559,,Tencent/Eastmoney;按公告日匹配财报，使用历史生效股本
2018-06-26,10496296800.19,10496296800.19,16.65639273870544,1.439465863818774,2.734935370620414,,Tencent/Eastmoney;按公告日匹配财报，使用历史生效股本
2018-06-27,10468565500.85,10468565500.85,16.612386417070816,1.4356627835973241,2.7277096496940723,,Tencent/Eastmoney;按公告日匹配财报，使用历史生效股本
2018-06-28,10302177704.81,10302177704.81,16.348348487263067,1.4128443022686248,2.6843553241360207,,Tencent/Eastmoney;按公告日匹配财报，使用历史生效股本
2018-06-29,10496296800.19,10496296800.19,16.65639273870544,1.439465863818774,2.734935370620414,,Tencent/Eastmoney;按公告日匹配财报，使用历史生效股本
2018-07-02,10329909004.15,10329909004.15,16.39235480889769,1.4166473824900747,2.6915810450623625,,Tencent/Eastmoney;按公告日匹配财报，使用历史生效股本
2018-07-03,10426968551.84,10426968551.84,16.546376934618877,1.4299581632651492,2.716871068304559,,Tencent/Eastmoney;按公告日匹配财报，使用历史生效股本
2018-07-04,10316043354.480001,10316043354.480001,16.37035164808038,1.41474584237935,2.687968184599192,,Tencent/Eastmoney;按公告日匹配财报，使用历史生效股本
2018-07-05,10010999061.74,10010999061.74,15.886282110099508,1.3729119599434012,2.6084852544094304,,Tencent/Eastmoney;按公告日匹配财报，使用历史生效股本
2018-07-06,9955536463.06,9955536463.06,15.798269466830257,1.3653057995005016,2.594033812556747,,Tencent/Eastmoney;按公告日匹配财报，使用历史生效股本
2018-07-09,10191252507.449999,10191252507.449999,16.172323200724566,1.3976319813828253,2.6554524404306528,,Tencent/Eastmoney;按公告日匹配财报，使用历史生效股本
2018-07-10,10343774653.82,10343774653.82,16.414357969715002,1.4185489226007997,2.6951939055255334,,Tencent/Eastmoney;按公告日匹配财报，使用历史生效股本
2018-07-11,10149655558.44,10149655558.44,16.10631371827263,1.3919273610506506,2.64461385904114,,Tencent/Eastmoney;按公告日匹配财报，使用历史生效股本
2018-07-12,10343774653.82,10343774653.82,16.414357969715002,1.4185489226007997,2.6951939055255334,,Tencent/Eastmoney;按公告日匹配财报，使用历史生效股本
2018-07-13,10468565500.85,10468565500.85,16.612386417070816,1.4356627835973241,2.7277096496940723,,Tencent/Eastmoney;按公告日匹配财报，使用历史生效股本
2018-07-16,10468565500.85,10468565500.85,16.612386417070816,1.4356627835973241,2.7277096496940723,,Tencent/Eastmoney;按公告日匹配财报，使用历史生效股本
2018-07-17,10898400640.62,10898400640.62,17.294484402407498,1.4946105270297971,2.839708324052372,,Tencent/Eastmoney;按公告日匹配财报，使用历史生效股本
2018-07-18,10842938041.94,10842938041.94,17.20647175913825,1.4870043665868973,2.825256882199688,,Tencent/Eastmoney;按公告日匹配财报，使用历史生效股本
2018-07-19,10607221997.550001,10607221997.550001,16.83241802524394,1.4546781847045736,2.763838254325782,,Tencent/Eastmoney;按公告日匹配财报，使用历史生效股本
2018-07-20,10787475443.26,10787475443.26,17.118459115868998,1.4793982061439976,2.8108054403470044,,Tencent/Eastmoney;按公告日匹配财报，使用历史生效股本
2018-07-23,11023191487.65,11023191487.65,17.49251284976331,1.5117243880263214,2.8722240682209104,,Tencent/Eastmoney;按公告日匹配财报，使用历史生效股本
2018-07-24,11231176232.699999,11231176232.699999,17.822560262022993,1.5402474896871954,2.9264169751684745,,Tencent/Eastmoney;按公告日匹配财报，使用历史生效股本
2018-07-25,11092519736.0,11092519736.0,17.60252865384987,1.521232088579946,2.8902883705367652,,Tencent/Eastmoney;按公告日匹配财报，使用历史生效股本
2018-07-26,11161847984.35,11161847984.35,17.71254445793643,1.5307397891335708,2.90835267285262,,Tencent/Eastmoney;按公告日匹配财报，使用历史生效股本
2018-07-27,11050922786.99,11050922786.99,17.53651917139793,1.5155274682477713,2.879449789147252,,Tencent/Eastmoney;按公告日匹配财报，使用历史生效股本
2018-07-30,10870669341.28,10870669341.28,17.250478080772872,1.490807446808347,2.83248260312603,,Tencent/Eastmoney;按公告日匹配财报，使用历史生效股本
2018-07-31,10995460188.31,10995460188.31,17.448506528128682,1.5079213078048714,2.864998347294568,,Tencent/Eastmoney;按公告日匹配财报，使用历史生效股本
2018-08-01,11023191487.65,11023191487.65,17.49251284976331,1.5117243880263214,2.8722240682209104,,Tencent/Eastmoney;按公告日匹配财报，使用历史生效股本
2018-08-02,10676550245.9,10676550245.9,16.9424338293305,1.4641858852581981,2.7819025566416364,,Tencent/Eastmoney;按公告日匹配财报，使用历史生效股本
2018-08-03,11092519736.0,11092519736.0,17.60252865384987,1.521232088579946,2.8902883705367652,,Tencent/Eastmoney;按公告日匹配财报，使用历史生效股本
2018-08-06,10842938041.94,10842938041.94,17.20647175913825,1.4870043665868973,2.825256882199688,,Tencent/Eastmoney;按公告日匹配财报，使用历史生效股本
2018-08-07,11217310583.03,11217310583.03,17.800557101205683,1.5383459495764704,2.922804114705304,,Tencent/Eastmoney;按公告日匹配财报，使用历史生效股本
2018-08-08,11161847984.35,11161847984.35,17.71254445793643,1.5307397891335708,2.90835267285262,,Tencent/Eastmoney;按公告日匹配财报，使用历史生效股本
2018-08-09,11508489226.1,11508489226.1,18.26262347836924,1.5782782919016942,2.998674184431894,,Tencent/Eastmoney;按公告日匹配财报，使用历史生效股本
2018-08-10,11522354875.77,11522354875.77,18.284626639186552,1.580179832012419,3.002287044895065,,Tencent/Eastmoney;按公告日匹配财报，使用历史生效股本
2018-08-13,11522354875.77,11522354875.77,18.284626639186552,1.580179832012419,3.002287044895065,,Tencent/Eastmoney;按公告日匹配财报，使用历史生效股本
2018-08-14,11771936569.83,11771936569.83,18.680683533898176,1.6144075540054679,3.067318533232142,,Tencent/Eastmoney;按公告日匹配财报，使用历史生效股本
2018-08-15,11245041882.369999,11245041882.369999,18.766033866465566,1.5369260684651394,2.834043624094723,,Tencent/Eastmoney;按公告日匹配财报，使用历史生效股本
2018-08-16,11272773181.710001,11272773181.710001,18.812312618294094,1.5407162683873716,2.841032634265117,,Tencent/Eastmoney;按公告日匹配财报，使用历史生效股本
2018-08-17,10953863239.300001,10953863239.300001,18.280106972266093,1.4971289692817018,2.7606590173055876,,Tencent/Eastmoney;按公告日匹配财报，使用历史生效股本
2018-08-20,10926131939.96,10926131939.96,18.233828220437566,1.4933387693594695,2.753670007135193,,Tencent/Eastmoney;按公告日匹配财报，使用历史生效股本
2018-08-21,11120251035.34,11120251035.34,18.557779483237223,1.5198701688150946,2.8025930783279507,,Tencent/Eastmoney;按公告日匹配财报，使用历史生效股本
2018-08-22,10939997589.63,10939997589.63,18.256967596351828,1.4952338693205856,2.75716451222039,,Tencent/Eastmoney;按公告日匹配财报，使用历史生效股本
2018-08-23,10939997589.63,10939997589.63,18.256967596351828,1.4952338693205856,2.75716451222039,,Tencent/Eastmoney;按公告日匹配财报，使用历史生效股本
2018-08-24,11064788436.66,11064788436.66,18.46522197958018,1.5122897689706305,2.7886150579871627,,Tencent/Eastmoney;按公告日匹配财报，使用历史生效股本
2018-08-27,11258907532.039999,11258907532.039999,18.789173242379828,1.5388211684262554,2.8375381291799195,,Tencent/Eastmoney;按公告日匹配财报，使用历史生效股本
2018-08-28,11286638831.380001,11286638831.380001,18.835451994208352,1.5426113683484877,2.844527139350314,,Tencent/Eastmoney;按公告日匹配财报，使用历史生效股本
2018-08-29,11231176232.699999,11231176232.699999,18.742894490551308,1.5350309685040233,2.8305491190095258,,Tencent/Eastmoney;按公告日匹配财报，使用历史生效股本
2018-08-30,11605548773.789999,11605548773.789999,19.36765764023635,1.5861986674541573,2.9249007563098433,,Tencent/Eastmoney;按公告日匹配财报，使用历史生效股本
2018-08-31,11910593066.53,11910593066.53,19.876723910350094,1.627890866598711,3.0017798681841765,,Tencent/Eastmoney;按公告日匹配财报，使用历史生效股本
2018-09-03,11771936569.83,11771936569.83,19.64533015120748,1.6089398669875503,2.9668348173322068,,Tencent/Eastmoney;按公告日匹配财报，使用历史生效股本
2018-09-04,11799667869.17,11799667869.17,19.691608903036006,1.6127300669097824,2.973823827502601,,Tencent/Eastmoney;按公告日匹配财报，使用历史生效股本
2018-09-05,11466892277.09,11466892277.09,19.136263881093743,1.5672476678429965,2.8899557054578744,,Tencent/Eastmoney;按公告日匹配财报，使用历史生效股本
2018-09-06,11300504481.050001,11300504481.050001,18.858591370122614,1.5445064683096037,2.8480216444355113,,Tencent/Eastmoney;按公告日匹配财报，使用历史生效股本
2018-09-07,11439160977.75,11439160977.75,19.089985129265223,1.5634574679207645,2.88296669528748,,Tencent/Eastmoney;按公告日匹配财报，使用历史生效股本
2018-09-10,11466892277.09,11466892277.09,19.136263881093743,1.5672476678429965,2.8899557054578744,,Tencent/Eastmoney;按公告日匹配财报，使用历史生效股本
2018-09-11,11605548773.789999,11605548773.789999,19.36765764023635,1.5861986674541573,2.9249007563098433,,Tencent/Eastmoney;按公告日匹配财报，使用历史生效股本
2018-09-12,11369832729.4,11369832729.4,18.974288249693917,1.5539819681151839,2.8654941698614955,,Tencent/Eastmoney;按公告日匹配财报，使用历史生效股本
2018-09-13,11300504481.050001,11300504481.050001,18.858591370122614,1.5445064683096037,2.8480216444355113,,Tencent/Eastmoney;按公告日匹配财报，使用历史生效股本
2018-09-14,11175713634.02,11175713634.02,18.650336986894267,1.5274505686595592,2.8165710986687382,,Tencent/Eastmoney;按公告日匹配财报，使用历史生效股本
2018-09-17,10829072392.269999,10829072392.269999,18.07185258903774,1.480073069631657,2.7292084715388145,,Tencent/Eastmoney;按公告日匹配财报，使用历史生效股本
2018-09-18,10953863239.300001,10953863239.300001,18.280106972266093,1.4971289692817018,2.7606590173055876,,Tencent/Eastmoney;按公告日匹配财报，使用历史生效股本
2018-09-19,11342101430.06,11342101430.06,18.928009497865393,1.5501917681929518,2.8585051596911017,,Tencent/Eastmoney;按公告日匹配财报，使用历史生效股本
2018-09-20,11203444933.36,11203444933.36,18.696615738722787,1.5312407685817913,2.8235601088391324,,Tencent/Eastmoney;按公告日匹配财报，使用历史生效股本
2018-09-21,11314370130.72,11314370130.72,18.881730746036872,1.5464015682707197,2.8515161495207075,,Tencent/Eastmoney;按公告日匹配财报，使用历史生效股本
2018-09-25,11272773181.710001,11272773181.710001,18.812312618294094,1.5407162683873716,2.841032634265117,,Tencent/Eastmoney;按公告日匹配财报，使用历史生效股本
2018-09-26,11203444933.36,11203444933.36,18.696615738722787,1.5312407685817913,2.8235601088391324,,Tencent/Eastmoney;按公告日匹配财报，使用历史生效股本
2018-09-27,11037057137.32,11037057137.32,18.418943227751654,1.5084995690483982,2.781626047816769,,Tencent/Eastmoney;按公告日匹配财报，使用历史生效股本
2018-09-28,11203444933.36,11203444933.36,18.696615738722787,1.5312407685817913,2.8235601088391324,,Tencent/Eastmoney;按公告日匹配财报，使用历史生效股本
2018-10-08,10842938041.94,10842938041.94,18.094991964952005,1.481968169592773,2.7327029766240116,,Tencent/Eastmoney;按公告日匹配财报，使用历史生效股本
2018-10-09,10856803691.61,10856803691.61,18.118131340866267,1.4838632695538891,2.7361974817092087,,Tencent/Eastmoney;按公告日匹配财报，使用历史生效股本
2018-10-10,10884534990.949999,10884534990.949999,18.164410092694784,1.4876534694761212,2.743186491879602,,Tencent/Eastmoney;按公告日匹配财报，使用历史生效股本
2018-10-11,9844611265.699999,9844611265.699999,16.428956899125218,1.3455209723924155,2.4810986104898314,,Tencent/Eastmoney;按公告日匹配财报，使用历史生效股本
2018-10-12,9816879966.36,9816879966.36,16.3826781472967,1.3417307724701835,2.4741096003194376,,Tencent/Eastmoney;按公告日匹配财报，使用历史生效股本
2018-10-15,9761417367.68,9761417367.68,16.290120643639657,1.3341503726257191,2.46013157997865,,Tencent/Eastmoney;按公告日匹配财报，使用历史生效股本
2018-10-16,9567298272.300001,9567298272.300001,15.966169380840006,1.307618973170094,2.4112085087858928,,Tencent/Eastmoney;按公告日匹配财报，使用历史生效股本
2018-10-17,9692089119.33,9692089119.33,16.17442376406835,1.3246748728201387,2.442659054552665,,Tencent/Eastmoney;按公告日匹配财报，使用历史生效股本
2018-10-18,9595029571.64,9595029571.64,16.012448132668524,1.311409173092326,2.4181975189562865,,Tencent/Eastmoney;按公告日匹配财报，使用历史生效股本
2018-10-19,9705954769.0,9705954769.0,16.197563139982613,1.3265699727812548,2.446153559637862,,Tencent/Eastmoney;按公告日匹配财报，使用历史生效股本
2018-10-22,10066461660.42,10066461660.42,16.799186913753395,1.3758425717702727,2.537010691852983,,Tencent/Eastmoney;按公告日匹配财报，使用历史生效股本
2018-10-23,9969402112.730001,9969402112.730001,16.637211282353572,1.3625768720424603,2.5125491562566045,,Tencent/Eastmoney;按公告日匹配财报，使用历史生效股本
2018-10-24,9941670813.39,9941670813.39,16.590932530525045,1.358786672120228,2.50556014608621,,Tencent/Eastmoney;按公告日匹配财报，使用历史生效股本
2018-10-25,9969402112.730001,9969402112.730001,16.637211282353572,1.3625768720424603,2.5125491562566045,,Tencent/Eastmoney;按公告日匹配财报，使用历史生效股本
2018-10-26,9927805163.72,9927805163.72,16.567793154610786,1.356891572159112,2.502065641001013,,Tencent/Eastmoney;按公告日匹配财报，使用历史生效股本
2018-10-29,9775283017.35,9775283017.35,16.15705939906808,1.305428088735832,2.35594242115764,,Tencent/Eastmoney;按公告日匹配财报，使用历史生效股本
2018-10-30,9858476915.37,9858476915.37,16.294566287570785,1.3165381150229456,2.3759929949547267,,Tencent/Eastmoney;按公告日匹配财报，使用历史生效股本
2018-10-31,10218983806.79,10218983806.79,16.890429471082516,1.3646815622671038,2.462878814742101,,Tencent/Eastmoney;按公告日匹配财报，使用历史生效股本
2018-11-01,10135789908.769999,10135789908.769999,16.752922582579806,1.3535715359799902,2.4428282409450137,,Tencent/Eastmoney;按公告日匹配财报，使用历史生效股本
2018-11-02,10329909004.15,10329909004.15,17.073771989086126,1.3794949306499218,2.4896129131382154,,Tencent/Eastmoney;按公告日匹配财报，使用历史生效股本
2018-11-05,10399237252.5,10399237252.5,17.188361062838382,1.388753285889183,2.506321724635787,,Tencent/Eastmoney;按公告日匹配财报，使用历史生效股本
2018-11-06,10482431150.519999,10482431150.519999,17.325867951341085,1.3998633121762964,2.5263722984328734,,Tencent/Eastmoney;按公告日匹配财报，使用历史生效股本
2018-11-07,10399237252.5,10399237252.5,17.188361062838382,1.388753285889183,2.506321724635787,,Tencent/Eastmoney;按公告日匹配财报，使用历史生效股本
2018-11-08,10704281545.24,10704281545.24,17.692552987348307,1.4294900489419322,2.579840495225104,,Tencent/Eastmoney;按公告日匹配财报，使用历史生效股本
2018-11-09,10551759398.87,10551759398.87,17.440457025093345,1.4091216674155578,2.543081109930446,,Tencent/Eastmoney;按公告日匹配财报，使用历史生效股本
2018-11-12,10842938041.94,10842938041.94,17.92173113485282,1.4480067594204549,2.613258118220248,,Tencent/Eastmoney;按公告日匹配财报，使用历史生效股本
2018-11-13,11272773181.710001,11272773181.710001,18.632183392116808,1.5054085619038744,2.7168527495051937,,Tencent/Eastmoney;按公告日匹配财报，使用历史生效股本
2018-11-14,11231176232.699999,11231176232.699999,18.563429947865448,1.4998535487603175,2.70682746260665,,Tencent/Eastmoney;按公告日匹配财报，使用历史生效股本
2018-11-15,11369832729.4,11369832729.4,18.792608095369964,1.51837025923884,2.740245085601794,,Tencent/Eastmoney;按公告日匹配财报，使用历史生效股本
2018-11-16,11453026627.42,11453026627.42,18.93011498387267,1.5294802855259535,2.7602956593988806,,Tencent/Eastmoney;按公告日匹配财报，使用历史生效股本
2018-11-19,11494623576.429998,11494623576.429998,18.99886842812402,1.5350352986695102,2.7703209462974234,,Tencent/Eastmoney;按公告日匹配财报，使用历史生效股本
2018-11-20,11189579283.69,11189579283.69,18.494676503614098,1.4942985356167608,2.6968021757081075,,Tencent/Eastmoney;按公告日匹配财报，使用历史生效股本
2018-11-21,11591683124.119999,11591683124.119999,19.15929313137718,1.547996996004476,2.793713282394024,,Tencent/Eastmoney;按公告日匹配财报，使用历史生效股本
2018-11-22,11633280073.130001,11633280073.130001,19.228046575628536,1.5535520091480328,2.803738569292568,,Tencent/Eastmoney;按公告日匹配财报，使用历史生效股本
2018-11-23,11383698379.070002,11383698379.070002,18.815525910120417,1.5202219302866924,2.743586847901309,,Tencent/Eastmoney;按公告日匹配财报，使用历史生效股本
2018-11-26,11591683124.119999,11591683124.119999,19.15929313137718,1.547996996004476,2.793713282394024,,Tencent/Eastmoney;按公告日匹配财报，使用历史生效股本
2018-11-27,11605548773.789999,11605548773.789999,19.182210946127633,1.549848667052328,2.7970550446935385,,Tencent/Eastmoney;按公告日匹配财报，使用历史生效股本
2018-11-28,11785802219.5,11785802219.5,19.4801425378835,1.5739203906744073,2.8404979545872258,,Tencent/Eastmoney;按公告日匹配财报，使用历史生效股本
2018-11-29,11508489226.1,11508489226.1,19.021786242874477,1.5368869697173626,2.7736627085969383,,Tencent/Eastmoney;按公告日匹配财报，使用历史生效股本
2018-11-30,11591683124.119999,11591683124.119999,19.15929313137718,1.547996996004476,2.793713282394024,,Tencent/Eastmoney;按公告日匹配财报，使用历史生效股本
2018-12-03,11910593066.53,11910593066.53,19.68640287063756,1.5905854301050775,2.8705738152828553,,Tencent/Eastmoney;按公告日匹配财报，使用历史生效股本
2018-12-04,12936651142.11,12936651142.11,21.382321162170946,1.7276090876461436,3.1178642254469198,,Tencent/Eastmoney;按公告日匹配财报，使用历史生效股本
2018-12-05,12465219053.33,12465219053.33,20.603115460655605,1.6646522720191674,3.0042443072634306,,Tencent/Eastmoney;按公告日匹配财报，使用历史生效股本
2018-12-06,12534547301.679998,12534547301.679998,20.717704534407858,1.6739106272584283,3.020953118761002,,Tencent/Eastmoney;按公告日匹配财报，使用历史生效股本
2018-12-07,12382025155.31,12382025155.31,20.4656085721529,1.6535422457320539,2.984193733466344,,Tencent/Eastmoney;按公告日匹配财报，使用历史生效股本
2018-12-10,11536220525.44,11536220525.44,19.067621872375376,1.540590311813067,2.7803462331959667,,Tencent/Eastmoney;按公告日匹配财报，使用历史生效股本
2018-12-11,10953863239.300001,10953863239.300001,18.10507365285643,1.4628201278032729,2.639992216616363,,Tencent/Eastmoney;按公告日匹配财报，使用历史生效股本
2018-12-12,10704281545.24,10704281545.24,17.692552987348307,1.4294900489419322,2.579840495225104,,Tencent/Eastmoney;按公告日匹配财报，使用历史生效股本
2018-12-13,10759744143.92,10759744143.92,17.78422424635011,1.4368967331333413,2.5932075444231613,,Tencent/Eastmoney;按公告日匹配财报，使用历史生效股本
2018-12-14,10787475443.26,10787475443.26,17.830059875851013,1.4406000752290458,2.59989106902219,,Tencent/Eastmoney;按公告日匹配财报，使用历史生效股本
2018-12-17,10565625048.54,10565625048.54,17.463374839843798,1.41097333846341,2.54642287222996,,Tencent/Eastmoney;按公告日匹配财报，使用历史生效股本
2018-12-18,10385371602.83,10385371602.83,17.16544324808793,1.3869016148413307,2.502979962336273,,Tencent/Eastmoney;按公告日匹配财报，使用历史生效股本
2018-12-19,10232849456.46,10232849456.46,16.913347285832966,1.366533233314956,2.4662205770416143,,Tencent/Eastmoney;按公告日匹配财报，使用历史生效股本
2018-12-20,10246715106.13,10246715106.13,16.936265100583416,1.3683849043628082,2.469562339341129,,Tencent/Eastmoney;按公告日匹配财报，使用历史生效股本
2018-12-21,10205118157.12,10205118157.12,16.867511656332066,1.3628298912192516,2.4595370524425864,,Tencent/Eastmoney;按公告日匹配财报，使用历史生效股本
2018-12-24,10274446405.47,10274446405.47,16.98210073008432,1.372088246458513,2.4762458639401577,,Tencent/Eastmoney;按公告日匹配财报，使用历史生效股本
2018-12-25,10052596010.75,10052596010.75,16.6154156940771,1.342461509692877,2.422777667147928,,Tencent/Eastmoney;按公告日匹配财报，使用历史生效股本
2018-12-26,9969402112.730001,9969402112.730001,16.477908805574398,1.3313514834057634,2.402727093350842,,Tencent/Eastmoney;按公告日匹配财报，使用历史生效股本
2018-12-27,11540394989.24,11540394989.24,19.074521627549334,1.307279759783684,2.7813523213403766,,Tencent/Eastmoney;按公告日匹配财报，使用历史生效股本
2018-12-28,11507702652.16,11507702652.16,19.02048615551662,1.3035764176879798,2.7734731362940868,,Tencent/Eastmoney;按公告日匹配财报，使用历史生效股本
2019-01-02,11589433494.86,11589433494.86,19.15557483559841,1.312834772927241,2.793171098909812,,Tencent/Eastmoney;按公告日匹配财报，使用历史生效股本
2019-01-03,11654818169.02,11654818169.02,19.263645779663847,1.3202414571186498,2.808929469002392,,Tencent/Eastmoney;按公告日匹配财报，使用历史生效股本
2019-01-04,11965395371.28,11965395371.28,19.776982763974665,1.3554232070278427,2.883781726942147,,Tencent/Eastmoney;按公告日匹配财报，使用历史生效股本
2019-01-07,12063472382.52,12063472382.52,19.939089180072816,1.366533233314956,2.907419282081017,,Tencent/Eastmoney;按公告日匹配财报，使用历史生效股本
2019-01-08,12177895562.300001,12177895562.300001,20.128213332187332,1.3794949306499218,2.934996429743032,,Tencent/Eastmoney;按公告日匹配财报，使用历史生效股本
2019-01-09,12047126213.98,12047126213.98,19.91207144405646,1.3646815622671038,2.903479689557872,,Tencent/Eastmoney;按公告日匹配财报，使用历史生效股本
2019-01-10,11932703034.199999,11932703034.199999,19.722947291941946,1.351719864932138,2.8759025418958566,,Tencent/Eastmoney;按公告日匹配财报，使用历史生效股本
2019-01-11,12047126213.98,12047126213.98,19.91207144405646,1.3646815622671038,2.903479689557872,,Tencent/Eastmoney;按公告日匹配财报，使用历史生效股本
2019-01-14,11998087708.36,11998087708.36,19.831018236007385,1.3591265491235471,2.891660911988437,,Tencent/Eastmoney;按公告日匹配财报，使用历史生效股本
2019-01-15,12014433876.9,12014433876.9,19.85803597202374,1.3609782201713991,2.895600504511582,,Tencent/Eastmoney;按公告日匹配财报，使用历史生效股本
2019-01-16,12145203225.22,12145203225.22,20.07417786015461,1.3757915885542171,2.927117244696742,,Tencent/Eastmoney;按公告日匹配财报，使用历史生效股本
2019-01-17,12014433876.9,12014433876.9,19.85803597202374,1.3609782201713991,2.895600504511582,,Tencent/Eastmoney;按公告日匹配财报，使用历史生效股本
2019-01-18,12210587899.38,12210587899.38,20.182248804220045,1.3831982727456262,2.942875614789322,,Tencent/Eastmoney;按公告日匹配财报，使用历史生效股本
2019-01-21,12194241730.84,12194241730.84,20.155231068203687,1.381346601697774,2.938936022266177,,Tencent/Eastmoney;按公告日匹配财报，使用历史生效股本
2019-01-22,12047126213.98,12047126213.98,19.91207144405646,1.3646815622671038,2.903479689557872,,Tencent/Eastmoney;按公告日匹配财报，使用历史生效股本
2019-01-23,12063472382.52,12063472382.52,19.939089180072816,1.366533233314956,2.907419282081017,,Tencent/Eastmoney;按公告日匹配财报，使用历史生效股本
2019-01-24,12030780045.44,12030780045.44,19.8850537080401,1.3628298912192516,2.899540097034727,,Tencent/Eastmoney;按公告日匹配财报，使用历史生效股本
2019-01-25,11932703034.199999,11932703034.199999,19.722947291941946,1.351719864932138,2.8759025418958566,,Tencent/Eastmoney;按公告日匹配财报，使用历史生效股本
2019-01-28,11834626022.960001,11834626022.960001,19.560840875843795,1.3406098386450247,2.852264986756987,,Tencent/Eastmoney;按公告日匹配财报，使用历史生效股本
2019-01-29,11622125831.94,11622125831.94,19.20961030763113,1.3165381150229456,2.801050283956102,,Tencent/Eastmoney;按公告日匹配财报，使用历史生效股本
2019-01-30,11589433494.86,11589433494.86,19.15557483559841,1.312834772927241,2.793171098909812,,Tencent/Eastmoney;按公告日匹配财报，使用历史生效股本
2019-01-31,11376933303.84,11376933303.84,18.804344267385748,1.2887630493051618,2.7419563961089266,,Tencent/Eastmoney;按公告日匹配财报，使用历史生效股本
2019-02-01,11769241348.800001,11769241348.800001,19.45276993177836,1.3332031544536156,2.836506616664407,,Tencent/Eastmoney;按公告日匹配财报，使用历史生效股本
2019-02-11,11932703034.199999,11932703034.199999,19.722947291941946,1.351719864932138,2.8759025418958566,,Tencent/Eastmoney;按公告日匹配财报，使用历史生效股本
2019-02-12,12079818551.06,12079818551.06,19.966106916089174,1.3683849043628082,2.911358874604162,,Tencent/Eastmoney;按公告日匹配财报，使用历史生效股本
2019-02-13,12226934067.92,12226934067.92,20.209266540236406,1.3850499437934785,2.946815207312467,,Tencent/Eastmoney;按公告日匹配财报，使用历史生效股本
2019-02-14,12259626405.0,12259626405.0,20.263302012269122,1.388753285889183,2.954694392358757,,Tencent/Eastmoney;按公告日匹配财报，使用历史生效股本
2019-02-15,12210587899.38,12210587899.38,20.182248804220045,1.3831982727456262,2.942875614789322,,Tencent/Eastmoney;按公告日匹配财报，使用历史生效股本
2019-02-18,12472126596.02,12472126596.02,20.61453258048179,1.4128250095112622,3.0059090951596423,,Tencent/Eastmoney;按公告日匹配财报，使用历史生效股本
2019-02-19,12799049966.82,12799049966.82,21.154887300808966,1.449858430468307,3.0847009456225423,,Tencent/Eastmoney;按公告日匹配财报，使用历史生效股本
2019-02-20,12635588281.42,12635588281.42,20.884709940645376,1.4313417199897847,3.0453050203910923,,Tencent/Eastmoney;按公告日匹配财报，使用历史生效股本
2019-02-21,12488472764.56,12488472764.56,20.641550316498147,1.4146766805591142,3.009848687682787,,Tencent/Eastmoney;按公告日匹配财报，使用历史生效股本
2019-02-22,12602895944.34,12602895944.34,20.83067446861266,1.42763837789408,3.0374258353448025,,Tencent/Eastmoney;按公告日匹配财报，使用历史生效股本
2019-02-25,13142319506.159998,13142319506.159998,21.722259757152496,1.488743522473204,3.167432388608587,,Tencent/Eastmoney;按公告日匹配财报，使用历史生效股本
2019-02-26,13224050348.86,13224050348.86,21.857348437234297,1.4980018777124653,3.187130351224313,,Tencent/Eastmoney;按公告日匹配财报，使用历史生效股本
2019-02-27,13125973337.619999,13125973337.619999,21.69524202113614,1.4868918514253517,3.163492796085442,,Tencent/Eastmoney;按公告日匹配财报，使用历史生效股本
2019-02-28,13240396517.4,13240396517.4,21.88436617325065,1.4998535487603175,3.1910699437474577,,Tencent/Eastmoney;按公告日匹配财报，使用历史生效股本
2019-03-01,13207704180.32,13207704180.32,21.830330701217935,1.496150206664613,3.1831907587011674,,Tencent/Eastmoney;按公告日匹配财报，使用历史生效股本
2019-03-04,13224050348.86,13224050348.86,21.857348437234297,1.4980018777124653,3.187130351224313,,Tencent/Eastmoney;按公告日匹配财报，使用历史生效股本
2019-03-05,13550973719.659998,13550973719.659998,22.397703157561466,1.5350352986695102,3.2659222016872125,,Tencent/Eastmoney;按公告日匹配财报，使用历史生效股本
2019-03-06,13681743067.98,13681743067.98,22.61384504569234,1.549848667052328,3.2974389418723726,,Tencent/Eastmoney;按公告日匹配财报，使用历史生效股本
2019-03-07,13943281764.619999,13943281764.619999,23.04612882195408,1.579475403817964,3.360472422242693,,Tencent/Eastmoney;按公告日匹配财报，使用历史生效股本
2019-03-08,13076934832.0,13076934832.0,21.614188813087065,1.481336838281795,3.1516740185160077,,Tencent/Eastmoney;按公告日匹配财报，使用历史生效股本
2019-03-11,13698089236.52,13698089236.52,22.6408627817087,1.5517003381001806,3.301378534395518,,Tencent/Eastmoney;按公告日匹配财报，使用历史生效股本
2019-03-12,14221166629.8,14221166629.8,23.50543033423218,1.6109538116314521,3.427445495136158,,Tencent/Eastmoney;按公告日匹配财报，使用历史生效股本
2019-03-13,13779820079.22,13779820079.22,22.775951461790495,1.5609586933394417,3.321076497011243,,Tencent/Eastmoney;按公告日匹配财报，使用历史生效股本
2019-03-14,13698089236.52,13698089236.52,22.6408627817087,1.5517003381001806,3.301378534395518,,Tencent/Eastmoney;按公告日匹配财报，使用历史生效股本
2019-03-15,14270205135.42,14270205135.42,23.58648354228126,1.616508824775009,3.4392642727055933,,Tencent/Eastmoney;按公告日匹配财报，使用历史生效股本
2019-03-18,14711551686.0,14711551686.0,24.315962414722947,1.6665039430670197,3.5456332708305083,,Tencent/Eastmoney;按公告日匹配财报，使用历史生效股本
2019-03-19,14384628315.2,14384628315.2,23.775607694395774,1.6294705221099748,3.4668414203676083,,Tencent/Eastmoney;按公告日匹配财报，使用历史生效股本
2019-03-20,14597128506.22,14597128506.22,24.126838262608434,1.6535422457320539,3.5180561231684933,,Tencent/Eastmoney;按公告日匹配财报，使用历史生效股本
2019-03-21,14973090382.64,14973090382.64,24.748246190984688,1.6961306798326554,3.6086667512008286,,Tencent/Eastmoney;按公告日匹配财报，使用历史生效股本
2019-03-22,15005782719.72,15005782719.72,24.802281663017407,1.6998340219283599,3.6165459362471184,,Tencent/Eastmoney;按公告日匹配财报，使用历史生效股本
2019-03-25,14450012989.36,14450012989.36,23.88367863846121,1.6368772063013837,3.4825997904601884,,Tencent/Eastmoney;按公告日匹配财报，使用历史生效股本
2019-03-26,14482705326.439999,14482705326.439999,23.93771411049392,1.6405805483970881,3.4904789755064782,,Tencent/Eastmoney;按公告日匹配财报，使用历史生效股本
2019-03-27,15022128888.259998,15022128888.259998,24.82929939903376,1.701685692976212,3.620485528770263,,Tencent/Eastmoney;按公告日匹配财报，使用历史生效股本
2019-03-28,15414436933.22,15414436933.22,25.477725063426377,1.746125798124666,3.7150357493257435,,Tencent/Eastmoney;按公告日匹配财报，使用历史生效股本
2019-03-29,15332706090.52,15332706090.52,25.342636383344583,1.736867442885405,3.695337786710019,,Tencent/Eastmoney;按公告日匹配财报，使用历史生效股本
2019-04-01,15692321798.4,15692321798.4,25.937026575704476,1.777604205938154,3.782008822219209,,Tencent/Eastmoney;按公告日匹配财报，使用历史生效股本
2019-04-02,15447129270.3,15447129270.3,25.531760535459092,1.7498291402203705,3.722914934372034,,Tencent/Eastmoney;按公告日匹配财报，使用历史生效股本
2019-04-03,15528860113.0,15528860113.0,25.66684921554089,1.7590874954596318,3.742612896987759,,Tencent/Eastmoney;按公告日匹配财报，使用历史生效股本
2019-04-04,15430783101.759998,15430783101.759998,25.504742799442734,1.7479774691725183,3.7189753418488887,,Tencent/Eastmoney;按公告日匹配财报，使用历史生效股本
2019-04-08,15169244405.119999,15169244405.119999,25.072459023180993,1.7183507324068823,3.6559418614785684,,Tencent/Eastmoney;按公告日匹配财报，使用历史生效股本
2019-04-09,15234629079.28,15234629079.28,25.180529967246432,1.7257574165982914,3.671700231571149,,Tencent/Eastmoney;按公告日匹配财报，使用历史生效股本
2019-04-10,15855783483.8,15855783483.8,26.207203935868066,1.7961209164166765,3.821404747450659,,Tencent/Eastmoney;按公告日匹配财报，使用历史生效股本
2019-04-11,17016361450.14,17016361450.14,28.125463193029542,1.927589560814186,4.101115816593954,,Tencent/Eastmoney;按公告日匹配财报，使用历史生效股本
2019-04-12,16967322944.52,16967322944.52,28.04440998498047,1.9220345476706293,4.08929703902452,,Tencent/Eastmoney;按公告日匹配财报，使用历史生效股本
2019-04-15,16656745742.259998,16656745742.259998,27.531073000669647,1.8868527977614364,4.014444781084764,,Tencent/Eastmoney;按公告日匹配财报，使用历史生效股本
2019-04-16,17212515472.62,17212515472.62,28.44967602522585,1.9498096133884129,4.148390926871695,,Tencent/Eastmoney;按公告日匹配财报，使用历史生效股本
2019-04-17,17948093056.920002,17948093056.920002,29.665474145961998,2.033134810541764,4.3256725904132205,,Tencent/Eastmoney;按公告日匹配财报，使用历史生效股本
2019-04-18,17931746888.38,17931746888.38,29.63845640994564,2.0312831394939117,4.321732997890075,,Tencent/Eastmoney;按公告日匹配财报，使用历史生效股本
2019-04-19,17997131562.54,17997131562.54,29.746527354011075,2.0386898236853206,4.337491367982656,,Tencent/Eastmoney;按公告日匹配财报，使用历史生效股本
2019-04-22,17457708000.72,17457708000.72,28.854942065471235,1.9775846791061964,4.20748481471887,,Tencent/Eastmoney;按公告日匹配财报，使用历史生效股本
2019-04-23,17000015281.6,17000015281.6,28.098445457013185,1.9257378897663338,4.09717622407081,,Tencent/Eastmoney;按公告日匹配财报，使用历史生效股本
2019-04-24,17326938652.399998,17326938652.399998,27.171975663418742,1.8820454362603656,4.102633656981972,,Tencent/Eastmoney;按公告日匹配财报，使用历史生效股本
2019-04-25,16150014517.52,16150014517.52,25.326332033450683,1.7542083877596617,3.823964201036027,,Tencent/Eastmoney;按公告日匹配财报，使用历史生效股本
2019-04-26,15774052641.1,15774052641.1,24.736751429433106,1.7133715528219366,3.734944791497739,,Tencent/Eastmoney;按公告日匹配财报，使用历史生效股本
2019-04-29,14515397663.52,14515397663.52,22.76293810293948,1.5766569315086838,3.4369232899999917,,Tencent/Eastmoney;按公告日匹配财报，使用历史生效股本
2019-04-30,15545206281.539999,15545206281.539999,21.95421389658504,1.6509741280400558,3.5532988657564424,,Tencent/Eastmoney;按公告日匹配财报，使用历史生效股本
2019-05-06,14482705326.439999,14482705326.439999,20.453662999342107,1.5381315220225966,3.3104340642063175,,Tencent/Eastmoney;按公告日匹配财报，使用历史生效股本
2019-05-07,14286551303.960001,14286551303.960001,20.176638218312647,1.517299040911681,3.2655974854586027,,Tencent/Eastmoney;按公告日匹配财报，使用历史生效股本
2019-05-08,13861550921.92,13861550921.92,19.576417859415475,1.4721619985046976,3.1684515648385525,,Tencent/Eastmoney;按公告日匹配财报，使用历史生效股本
2019-05-09,13959627933.159998,13959627933.159998,19.7149302499302,1.4825782390601552,3.19086985421241,,Tencent/Eastmoney;按公告日匹配财报，使用历史生效股本
2019-05-10,14466359157.9,14466359157.9,20.430577600922987,1.5363954819300203,3.306697682644008,,Tencent/Eastmoney;按公告日匹配财报，使用历史生效股本
2019-05-13,14188474292.72,14188474292.72,20.038125827797913,1.5068828003562234,3.2431791960847445,,Tencent/Eastmoney;按公告日匹配财报，使用历史生效股本
2019-05-14,14106743450.02,14106743450.02,19.922698835702306,1.498202599893342,3.224497288273197,,Tencent/Eastmoney;按公告日匹配财报，使用历史生效股本
2019-05-15,14629820843.3,14629820843.3,20.661431585114208,1.5537558828557831,3.344061498267104,,Tencent/Eastmoney;按公告日匹配财报，使用历史生效股本
2019-05-16,14531743832.060001,14531743832.060001,20.522919194599478,1.5433396423003256,3.321643208893247,,Tencent/Eastmoney;按公告日匹配财报，使用历史生效股本
2019-05-17,13796166247.759998,13796166247.759998,19.484076265738985,1.465217838134392,3.1535060385893137,,Tencent/Eastmoney;按公告日匹配财报，使用历史生效股本
2019-05-20,13567319888.2,13567319888.2,19.160880687871277,1.4409132768383244,3.1011966967169795,,Tencent/Eastmoney;按公告日匹配财报，使用历史生效股本
2019-05-21,13877897090.460001,13877897090.460001,19.5995032578346,1.4738980385972738,3.172187946400862,,Tencent/Eastmoney;按公告日匹配财报，使用历史生效股本
2019-05-22,13698089236.52,13698089236.52,19.345563875224254,1.4548015975789346,3.1310877492154563,,Tencent/Eastmoney;按公告日匹配财报，使用历史生效股本
2019-05-23,13600012225.28,13600012225.28,19.20705148470952,1.4443853570234768,3.108669459841599,,Tencent/Eastmoney;按公告日匹配财报，使用历史生效股本
2019-05-24,13567319888.2,13567319888.2,19.160880687871277,1.4409132768383244,3.1011966967169795,,Tencent/Eastmoney;按公告日匹配财报，使用历史生效股本
2019-05-27,13910589427.539999,13910589427.539999,19.64567405467284,1.4773701187824264,3.179660709525481,,Tencent/Eastmoney;按公告日匹配财报，使用历史生效股本
2019-05-28,14188474292.72,14188474292.72,20.038125827797913,1.5068828003562234,3.2431791960847445,,Tencent/Eastmoney;按公告日匹配财报，使用历史生效股本
2019-05-29,14074051112.939999,14074051112.939999,19.87652803886406,1.4947305197081893,3.217024525148577,,Tencent/Eastmoney;按公告日匹配财报，使用历史生效股本
2019-05-30,13877897090.460001,13877897090.460001,19.5995032578346,1.4738980385972738,3.172187946400862,,Tencent/Eastmoney;按公告日匹配财报，使用历史生效股本
2019-05-31,13959627933.159998,13959627933.159998,19.7149302499302,1.4825782390601552,3.19086985421241,,Tencent/Eastmoney;按公告日匹配财报，使用历史生效股本
2019-06-03,14025012607.32,14025012607.32,19.807271843606692,1.4895223994304605,3.2058153804616487,,Tencent/Eastmoney;按公告日匹配财报，使用历史生效股本
2019-06-04,13975974101.7,13975974101.7,19.73801564834933,1.4843142791527317,3.19460623577472,,Tencent/Eastmoney;按公告日匹配财报，使用历史生效股本
2019-06-05,13583666056.740002,13583666056.740002,19.1839660862904,1.4426493169309005,3.104933078279289,,Tencent/Eastmoney;按公告日匹配财报，使用历史生效股本
2019-06-06,13387512034.259998,13387512034.259998,18.906941305260933,1.4218168358199847,3.060096499531573,,Tencent/Eastmoney;按公告日匹配财报，使用历史生效股本
2019-06-10,13420204371.340002,13420204371.340002,18.953112102099183,1.4252889160051376,3.0675692626561935,,Tencent/Eastmoney;按公告日匹配财报，使用历史生效股本
2019-06-11,14025012607.32,14025012607.32,19.807271843606692,1.4895223994304605,3.2058153804616487,,Tencent/Eastmoney;按公告日匹配财报，使用历史生效股本
2019-06-12,13992320270.240002,13992320270.240002,19.761101046768452,1.4860503192453078,3.1983426173370297,,Tencent/Eastmoney;按公告日匹配财报，使用历史生效股本
2019-06-13,14139435787.1,14139435787.1,19.96886963254055,1.5016746800784946,3.231970051397816,,Tencent/Eastmoney;按公告日匹配财报，使用历史生效股本
2019-06-14,13894243259.0,13894243259.0,19.62258865625372,1.47563407868985,3.1759243279631715,,Tencent/Eastmoney;按公告日匹配财报，使用历史生效股本
2019-06-17,14025012607.32,14025012607.32,19.807271843606692,1.4895223994304605,3.2058153804616487,,Tencent/Eastmoney;按公告日匹配财报，使用历史生效股本
2019-06-18,14221166629.8,14221166629.8,20.084296624636156,1.5103548805413758,3.250651959209364,,Tencent/Eastmoney;按公告日匹配财报，使用历史生效股本
2019-06-19,14450012989.36,14450012989.36,20.407492202503867,1.534659441837444,3.3029613010816985,,Tencent/Eastmoney;按公告日匹配财报，使用历史生效股本
2019-06-20,14499051494.98,14499051494.98,20.47674839776123,1.5398675621151727,3.314170445768627,,Tencent/Eastmoney;按公告日匹配财报，使用历史生效股本
2019-06-21,14400974483.740002,14400974483.740002,20.338236007246504,1.5294513215597152,3.2917521563947703,,Tencent/Eastmoney;按公告日匹配财报，使用历史生效股本
2019-06-24,14368282146.659998,14368282146.659998,20.292065210408254,1.5259792413745625,3.28427939327015,,Tencent/Eastmoney;按公告日匹配财报，使用历史生效股本
2019-06-25,14237512798.340002,14237512798.340002,20.107382023055283,1.5120909206339523,3.254388340771674,,Tencent/Eastmoney;按公告日匹配财报，使用历史生效股本
2019-06-26,14351935978.119999,14351935978.119999,20.268979811989134,1.5242432012819862,3.2805430117078407,,Tencent/Eastmoney;按公告日匹配财报，使用历史生效股本
2019-06-27,14335589809.58,14335589809.58,20.245894413570014,1.5225071611894099,3.2768066301455314,,Tencent/Eastmoney;按公告日匹配财报，使用历史生效股本
2019-06-28,14711551686.0,14711551686.0,20.77685857720982,1.5624360833186648,3.3627434060786525,,Tencent/Eastmoney;按公告日匹配财报，使用历史生效股本
2019-07-01,14973090382.64,14973090382.64,21.14622495191577,1.5902127247998854,3.422525511075606,,Tencent/Eastmoney;按公告日匹配财报，使用历史生效股本
2019-07-02,14711551686.0,14711551686.0,20.77685857720982,1.5624360833186648,3.3627434060786525,,Tencent/Eastmoney;按公告日匹配财报，使用历史生效股本
2019-07-03,14548090000.6,14548090000.6,20.546004593018598,1.545075682392902,3.3253795904555563,,Tencent/Eastmoney;按公告日匹配财报，使用历史生效股本
2019-07-04,14499051494.98,14499051494.98,20.47674839776123,1.5398675621151727,3.314170445768627,,Tencent/Eastmoney;按公告日匹配财报，使用历史生效股本
2019-07-05,14629820843.3,14629820843.3,20.661431585114208,1.5537558828557831,3.344061498267104,,Tencent/Eastmoney;按公告日匹配财报，使用历史生效股本
2019-07-08,14074051112.939999,14074051112.939999,19.87652803886406,1.4947305197081893,3.217024525148577,,Tencent/Eastmoney;按公告日匹配财报，使用历史生效股本
2019-07-09,14123089618.560001,14123089618.560001,19.945784234121426,1.4999386399859183,3.2282336698355065,,Tencent/Eastmoney;按公告日匹配财报，使用历史生效股本
2019-07-10,13779820079.22,13779820079.22,19.46099086731986,1.463481798041816,3.1497696570270044,,Tencent/Eastmoney;按公告日匹配财报，使用历史生效股本
2019-07-11,13828858584.840002,13828858584.840002,19.53024706257723,1.468689918319545,3.1609788017139335,,Tencent/Eastmoney;按公告日匹配财报，使用历史生效股本
2019-07-12,13910589427.539999,13910589427.539999,19.64567405467284,1.4773701187824264,3.179660709525481,,Tencent/Eastmoney;按公告日匹配财报，使用历史生效股本
2019-07-15,14008666438.78,14008666438.78,19.784186445187572,1.4877863593378842,3.202078998899339,,Tencent/Eastmoney;按公告日匹配财报，使用历史生效股本
2019-07-16,14008666438.78,14008666438.78,19.784186445187572,1.4877863593378842,3.202078998899339,,Tencent/Eastmoney;按公告日匹配财报，使用历史生效股本
2019-07-17,14025012607.32,14025012607.32,19.807271843606692,1.4895223994304605,3.2058153804616487,,Tencent/Eastmoney;按公告日匹配财报，使用历史生效股本
2019-07-18,13681743067.98,13681743067.98,19.32247847680513,1.453065557486358,3.1273513676531466,,Tencent/Eastmoney;按公告日匹配财报，使用历史生效股本
2019-07-19,14074051112.939999,14074051112.939999,19.87652803886406,1.4947305197081893,3.217024525148577,,Tencent/Eastmoney;按公告日匹配财报，使用历史生效股本
2019-07-22,13828858584.840002,13828858584.840002,19.53024706257723,1.468689918319545,3.1609788017139335,,Tencent/Eastmoney;按公告日匹配财报，使用历史生效股本
2019-07-23,14057704944.4,14057704944.4,19.853442640444936,1.492994479615613,3.2132881435862677,,Tencent/Eastmoney;按公告日匹配财报，使用历史生效股本
2019-07-24,14597128506.22,14597128506.22,20.615260788275965,1.5502838026706307,3.336588735142485,,Tencent/Eastmoney;按公告日匹配财报，使用历史生效股本
2019-07-25,14744244023.08,14744244023.08,20.823029374048062,1.5659081635038172,3.3702161692032715,,Tencent/Eastmoney;按公告日匹配财报，使用历史生效股本
2019-07-26,15250975247.82,15250975247.82,21.538676725040844,1.6197254063736826,3.4860439976348694,,Tencent/Eastmoney;按公告日匹配财报，使用历史生效股本
2019-07-29,15201936742.2,15201936742.2,21.46942052978348,1.6145172860959538,3.474834852947941,,Tencent/Eastmoney;按公告日匹配财报，使用历史生效股本
2019-07-30,15332706090.52,15332706090.52,21.654103717136454,1.628405606836564,3.504725905446418,,Tencent/Eastmoney;按公告日匹配财报，使用历史生效股本
2019-07-31,14956744214.1,14956744214.1,21.12313955349665,1.5884766847073093,3.418789129513297,,Tencent/Eastmoney;按公告日匹配财报，使用历史生效股本
2019-08-01,15005782719.72,15005782719.72,21.192395748754013,1.593684804985038,3.429998274200225,,Tencent/Eastmoney;按公告日匹配财报，使用历史生效股本
2019-08-02,14891359539.939999,14891359539.939999,21.03079795982016,1.581532524337004,3.403843603264058,,Tencent/Eastmoney;按公告日匹配财报，使用历史生效股本
2019-08-05,14695205517.460001,14695205517.460001,20.7537731787907,1.5607000432260885,3.359007024516343,,Tencent/Eastmoney;按公告日匹配财报，使用历史生效股本
2019-08-06,14368282146.659998,14368282146.659998,20.292065210408254,1.5259792413745625,3.28427939327015,,Tencent/Eastmoney;按公告日匹配财报，使用历史生效股本
2019-08-07,14025012607.32,14025012607.32,19.807271843606692,1.4895223994304605,3.2058153804616487,,Tencent/Eastmoney;按公告日匹配财报，使用历史生效股本
2019-08-08,14106743450.02,14106743450.02,19.922698835702306,1.498202599893342,3.224497288273197,,Tencent/Eastmoney;按公告日匹配财报，使用历史生效股本
2019-08-09,13926935596.08,13926935596.08,19.668759453091962,1.4791061588750025,3.183397091087791,,Tencent/Eastmoney;按公告日匹配财报，使用历史生效股本
2019-08-12,14155781955.64,14155781955.64,19.99195503095967,1.5034107201710707,3.2357064329601255,,Tencent/Eastmoney;按公告日匹配财报，使用历史生效股本
2019-08-13,13943281764.619999,13943281764.619999,19.69184485151108,1.4808421989675788,3.1871334726501,,Tencent/Eastmoney;按公告日匹配财报，使用历史生效股本
2019-08-14,14025012607.32,14025012607.32,19.807271843606692,1.4895223994304605,3.2058153804616487,,Tencent/Eastmoney;按公告日匹配财报，使用历史生效股本
2019-08-15,14286551303.960001,14286551303.960001,20.176638218312647,1.517299040911681,3.2655974854586027,,Tencent/Eastmoney;按公告日匹配财报，使用历史生效股本
2019-08-16,14858667202.86,14858667202.86,20.98462716298192,1.5780604441518513,3.396370840139439,,Tencent/Eastmoney;按公告日匹配财报，使用历史生效股本
2019-08-19,14891359539.939999,14891359539.939999,21.03079795982016,1.581532524337004,3.403843603264058,,Tencent/Eastmoney;按公告日匹配财报，使用历史生效股本
2019-08-20,15234629079.28,15234629079.28,21.515591326621724,1.6179893662811062,3.48230761607256,,Tencent/Eastmoney;按公告日匹配财报，使用历史生效股本
2019-08-21,15120205899.5,15120205899.5,21.35399353768787,1.6058370856330721,3.4561529451363926,,Tencent/Eastmoney;按公告日匹配财报，使用历史生效股本
2019-08-22,15054821225.340002,15054821225.340002,21.261651944011383,1.598892925262767,3.4412074188871546,,Tencent/Eastmoney;按公告日匹配财报，使用历史生效股本
2019-08-23,15316359921.98,15316359921.98,21.631018318717334,1.6266695667439874,3.500989523884108,,Tencent/Eastmoney;按公告日匹配财报，使用历史生效股本
2019-08-26,15659629461.32,15659629461.32,20.1122968543672,1.675116896953471,3.4610954106548077,,Tencent/Eastmoney;按公告日匹配财报，使用历史生效股本
2019-08-27,15643283292.78,15643283292.78,20.09130280754636,1.6733683406936033,3.457482576196922,,Tencent/Eastmoney;按公告日匹配财报，使用历史生效股本
2019-08-28,14973090382.64,14973090382.64,19.230546887891812,1.6016775340390184,3.3093563634235945,,Tencent/Eastmoney;按公告日匹配财报，使用历史生效股本
2019-08-29,14825974865.78,14825974865.78,19.041600466504228,1.585940527700207,3.2768408533026205,,Tencent/Eastmoney;按公告日匹配财报，使用历史生效股本
2019-08-30,14727897854.539999,14727897854.539999,18.91563618557917,1.5754491901409995,3.255163846555304,,Tencent/Eastmoney;按公告日匹配财报，使用历史生效股本
2019-09-02,14875013371.4,14875013371.4,19.104582606966755,1.5911861964798109,3.2876793566762785,,Tencent/Eastmoney;按公告日匹配财报，使用历史生效股本
2019-09-03,14809628697.240002,14809628697.240002,19.02060641968339,1.5841919714403392,3.273228018844735,,Tencent/Eastmoney;按公告日匹配财报，使用历史生效股本
2019-09-04,14973090382.64,14973090382.64,19.230546887891812,1.6016775340390184,3.3093563634235945,,Tencent/Eastmoney;按公告日匹配财报，使用历史生效股本
2019-09-05,15169244405.119999,15169244405.119999,19.482475449741923,1.6226602091574334,3.352710376918227,,Tencent/Eastmoney;按公告日匹配财报，使用历史生效股本
2019-09-06,15561552450.08,15561552450.08,19.986332573442144,1.6646255593942636,3.4394184039074913,,Tencent/Eastmoney;按公告日匹配财报，使用历史生效股本
2019-09-09,15545206281.539999,15545206281.539999,19.965338526621302,1.6628770031343956,3.4358055694496055,,Tencent/Eastmoney;按公告日匹配财报，使用历史生效股本
2019-09-10,15381744596.14,15381744596.14,19.755398058412876,1.6453914405357164,3.399677224870745,,Tencent/Eastmoney;按公告日匹配财报，使用历史生效股本
2019-09-11,15381744596.14,15381744596.14,19.755398058412876,1.6453914405357164,3.399677224870745,,Tencent/Eastmoney;按公告日匹配财报，使用历史生效股本
2019-09-12,15398090764.68,15398090764.68,19.776392105233718,1.6471399967955844,3.4032900593286315,,Tencent/Eastmoney;按公告日匹配财报，使用历史生效股本
2019-09-16,15332706090.52,15332706090.52,19.69241591795035,1.6401457717561128,3.388838721497087,,Tencent/Eastmoney;按公告日匹配财报，使用历史生效股本
2019-09-17,14858667202.86,14858667202.86,19.083588560145916,1.5894376402199428,3.2840665222183927,,Tencent/Eastmoney;按公告日匹配财报，使用历史生效股本
2019-09-18,14809628697.240002,14809628697.240002,19.02060641968339,1.5841919714403392,3.273228018844735,,Tencent/Eastmoney;按公告日匹配财报，使用历史生效股本
2019-09-19,15038475056.8,15038475056.8,19.31452307517518,1.60867175907849,3.323807701255139,,Tencent/Eastmoney;按公告日匹配财报，使用历史生效股本
2019-09-20,15218282910.740002,15218282910.740002,19.545457590204453,1.6279058779370372,3.3635488802918854,,Tencent/Eastmoney;按公告日匹配财报，使用历史生效股本
2019-09-23,14842321034.32,14842321034.32,19.06259451332507,1.587689083960075,3.2804536877605064,,Tencent/Eastmoney;按公告日匹配财报，使用历史生效股本
2019-09-24,14809628697.240002,14809628697.240002,19.02060641968339,1.5841919714403392,3.273228018844735,,Tencent/Eastmoney;按公告日匹配财报，使用历史生效股本
2019-09-25,14433666820.82,14433666820.82,18.537743342804006,1.543975177463377,3.190132826313356,,Tencent/Eastmoney;按公告日匹配财报，使用历史生效股本
2019-09-26,14172128124.18,14172128124.18,18.201838593670526,1.51599827730549,3.13232747498718,,Tencent/Eastmoney;按公告日匹配财报，使用历史生效股本
2019-09-27,14253858966.880001,14253858966.880001,18.306808827774738,1.5247410586048298,3.15039164727661,,Tencent/Eastmoney;按公告日匹配财报，使用历史生效股本
2019-09-30,14286551303.960001,14286551303.960001,18.348796921416426,1.5282381711245656,3.157617316192382,,Tencent/Eastmoney;按公告日匹配财报，使用历史生效股本
2019-10-08,14221166629.8,14221166629.8,18.264820734133053,1.5212439460850937,3.143165978360838,,Tencent/Eastmoney;按公告日匹配财报，使用历史生效股本
2019-10-09,14302897472.5,14302897472.5,18.369790968237265,1.5299867273844334,3.161230150650268,,Tencent/Eastmoney;按公告日匹配财报，使用历史生效股本
2019-10-10,14466359157.9,14466359157.9,18.57973143644569,1.5474722899831126,3.197358495229128,,Tencent/Eastmoney;按公告日匹配财报，使用历史生效股本
2019-10-11,14564436169.14,14564436169.14,18.705695717370748,1.5579636275423203,3.2190355019764443,,Tencent/Eastmoney;按公告日匹配财报，使用历史生效股本
2019-10-14,14727897854.539999,14727897854.539999,18.91563618557917,1.5754491901409995,3.255163846555304,,Tencent/Eastmoney;按公告日匹配财报，使用历史生效股本
2019-10-15,14646167011.840002,14646167011.840002,18.810665951474963,1.56670640884166,3.237099674265875,,Tencent/Eastmoney;按公告日匹配财报，使用历史生效股本
2019-10-16,14499051494.98,14499051494.98,18.621719530087375,1.5509694025028484,3.2045841641449,,Tencent/Eastmoney;按公告日匹配财报，使用历史生效股本
2019-10-17,14727897854.539999,14727897854.539999,18.91563618557917,1.5754491901409995,3.255163846555304,,Tencent/Eastmoney;按公告日匹配财报，使用历史生效股本
2019-10-18,14237512798.340002,14237512798.340002,18.2858147809539,1.522992502344962,3.146778812818724,,Tencent/Eastmoney;按公告日匹配财报，使用历史生效股本
2019-10-21,14204820461.259998,14204820461.259998,18.243826687312207,1.519495389825226,3.1395531439029516,,Tencent/Eastmoney;按公告日匹配财报，使用历史生效股本
2019-10-22,14400974483.740002,14400974483.740002,18.495755249162325,1.5404780649436411,3.1829071573975845,,Tencent/Eastmoney;按公告日匹配财报，使用历史生效股本
2019-10-23,14204820461.259998,14204820461.259998,18.243826687312207,1.519495389825226,3.1395531439029516,,Tencent/Eastmoney;按公告日匹配财报，使用历史生效股本
2019-10-24,14253858966.880001,14253858966.880001,18.306808827774738,1.5247410586048298,3.15039164727661,,Tencent/Eastmoney;按公告日匹配财报，使用历史生效股本
2019-10-25,14400974483.740002,14400974483.740002,18.495755249162325,1.5404780649436411,3.1829071573975845,,Tencent/Eastmoney;按公告日匹配财报，使用历史生效股本
2019-10-28,14515397663.52,14515397663.52,16.94335302521712,1.5127493196264685,3.1754240976989467,,Tencent/Eastmoney;按公告日匹配财报，使用历史生效股本
2019-10-29,14302897472.5,14302897472.5,16.695308442640744,1.4906032147220267,3.1289370332056063,,Tencent/Eastmoney;按公告日匹配财报，使用历史生效股本
2019-10-30,14172128124.18,14172128124.18,16.54266562259374,1.4769748424731397,3.1003296089020123,,Tencent/Eastmoney;按公告日匹配财报，使用历史生效股本
2019-10-31,14025012607.32,14025012607.32,16.370942450040864,1.4616429236931416,3.0681462565604685,,Tencent/Eastmoney;按公告日匹配财报，使用历史生效股本
2019-11-01,14253858966.880001,14253858966.880001,16.63806738512312,1.4854925751286943,3.1182092490917586,,Tencent/Eastmoney;按公告日匹配财报，使用历史生效股本
2019-11-04,14384628315.2,14384628315.2,16.790710205170118,1.4991209473775813,3.1468166733953526,,Tencent/Eastmoney;按公告日匹配财报，使用历史生效股本
2019-11-05,14924051877.02,14924051877.02,17.420361837864,1.5553379829042406,3.2648222986476783,,Tencent/Eastmoney;按公告日匹配财报，使用历史生效股本
2019-11-06,14466359157.9,14466359157.9,16.886111967699495,1.5076386800331356,3.164696313585099,,Tencent/Eastmoney;按公告日匹配财报，使用历史生效股本
2019-11-07,14351935978.119999,14351935978.119999,16.752549500158366,1.4957138543153594,3.1396648173194537,,Tencent/Eastmoney;按公告日匹配财报，使用历史生效股本
2019-11-08,14286551303.960001,14286551303.960001,16.67622809013487,1.488899668190916,3.125361105167657,,Tencent/Eastmoney;按公告日匹配财报，使用历史生效股本
2019-11-11,13975974101.7,13975974101.7,16.313701392523242,1.4565322840998092,3.057418472446621,,Tencent/Eastmoney;按公告日匹配财报，使用历史生效股本
2019-11-12,14041358775.86,14041358775.86,16.390022802546742,1.4633464702242525,3.071722184598418,,Tencent/Eastmoney;按公告日匹配财报，使用历史生效股本
2019-11-13,14123089618.560001,14123089618.560001,16.48542456507612,1.471864202879807,3.0896018247881645,,Tencent/Eastmoney;按公告日匹配财报，使用历史生效股本
2019-11-14,14090397281.48,14090397281.48,16.447263860064364,1.4684571098175851,3.0824499687122655,,Tencent/Eastmoney;按公告日匹配财报，使用历史生效股本
2019-11-15,13959627933.159998,13959627933.159998,16.29462104001736,1.454828737568698,3.0538425444086714,,Tencent/Eastmoney;按公告日匹配财报，使用历史生效股本
2019-11-18,14008666438.78,14008666438.78,16.35186209753499,1.4599393771620308,3.0645703285225196,,Tencent/Eastmoney;按公告日匹配财报，使用历史生效股本
2019-11-19,14057704944.4,14057704944.4,16.409103155052616,1.4650500167553633,3.075298112636367,,Tencent/Eastmoney;按公告日匹配财报，使用历史生效股本
2019-11-20,13943281764.619999,13943281764.619999,16.275540687511487,1.453125191037587,3.050266616370722,,Tencent/Eastmoney;按公告日匹配财报，使用历史生效股本
2019-11-21,13681743067.98,13681743067.98,15.970255047417487,1.4258684465398128,2.993051767763534,,Tencent/Eastmoney;按公告日匹配财报，使用历史生效股本
2019-11-22,13403858202.8,13403858202.8,15.64588905481761,1.3969081555109277,2.9322609911183966,,Tencent/Eastmoney;按公告日匹配财报，使用历史生效股本
2019-11-25,13256742685.939999,13256742685.939999,15.474165882264733,1.3815762367309299,2.900077638776853,,Tencent/Eastmoney;按公告日匹配财报，使用历史生效股本
2019-11-26,13240396517.4,13240396517.4,15.45508552975886,1.379872690199819,2.896501710738904,,Tencent/Eastmoney;按公告日匹配财报，使用历史生效股本
2019-11-27,13240396517.4,13240396517.4,15.45508552975886,1.379872690199819,2.896501710738904,,Tencent/Eastmoney;按公告日匹配财报，使用历史生效股本
2019-11-28,13796166247.759998,13796166247.759998,16.10381751495861,1.4377932722575892,3.018083264029179,,Tencent/Eastmoney;按公告日匹配财报，使用历史生效股本
2019-11-29,14400974483.740002,14400974483.740002,16.809790557675996,1.500824493908692,3.1503926014333024,,Tencent/Eastmoney;按公告日匹配财报，使用历史生效股本
2019-12-02,14074051112.939999,14074051112.939999,16.42818350755849,1.4667535632864743,3.0788740406743162,,Tencent/Eastmoney;按公告日匹配财报，使用历史生效股本
2019-12-03,14057704944.4,14057704944.4,16.409103155052616,1.4650500167553633,3.075298112636367,,Tencent/Eastmoney;按公告日匹配财报，使用历史生效股本
2019-12-04,14074051112.939999,14074051112.939999,16.42818350755849,1.4667535632864743,3.0788740406743162,,Tencent/Eastmoney;按公告日匹配财报，使用历史生效股本
2019-12-05,14008666438.78,14008666438.78,16.35186209753499,1.4599393771620308,3.0645703285225196,,Tencent/Eastmoney;按公告日匹配财报，使用历史生效股本
2019-12-06,13992320270.240002,13992320270.240002,16.332781745029116,1.45823583063092,3.0609944004845704,,Tencent/Eastmoney;按公告日匹配财报，使用历史生效股本
2019-12-09,14008666438.78,14008666438.78,16.35186209753499,1.4599393771620308,3.0645703285225196,,Tencent/Eastmoney;按公告日匹配财报，使用历史生效股本
2019-12-10,13632704562.36,13632704562.36,15.913013989899863,1.4207578069464804,2.9823239836496866,,Tencent/Eastmoney;按公告日匹配财报，使用历史生效股本
2019-12-11,13583666056.740002,13583666056.740002,15.855772932382239,1.4156471673531479,2.971596199535839,,Tencent/Eastmoney;按公告日匹配财报，使用历史生效股本
2019-12-12,13600012225.28,13600012225.28,15.874853284888113,1.4173507138842587,2.975172127573788,,Tencent/Eastmoney;按公告日匹配财报，使用历史生效股本
2019-12-13,13779820079.22,13779820079.22,16.084737162452736,1.4360897257264784,3.0145073359912296,,Tencent/Eastmoney;按公告日匹配财报，使用历史生效股本
2019-12-16,13959627933.159998,13959627933.159998,16.29462104001736,1.454828737568698,3.0538425444086714,,Tencent/Eastmoney;按公告日匹配财报，使用历史生效股本
2019-12-17,14106743450.02,14106743450.02,16.46634421257024,1.4701606563486962,3.086025896750215,,Tencent/Eastmoney;按公告日匹配财报，使用历史生效股本
2019-12-18,14074051112.939999,14074051112.939999,16.42818350755849,1.4667535632864743,3.0788740406743162,,Tencent/Eastmoney;按公告日匹配财报，使用历史生效股本
2019-12-19,14106743450.02,14106743450.02,16.46634421257024,1.4701606563486962,3.086025896750215,,Tencent/Eastmoney;按公告日匹配财报，使用历史生效股本
2019-12-20,14155781955.64,14155781955.64,16.523585270087867,1.4752712959420289,3.0967536808640626,,Tencent/Eastmoney;按公告日匹配财报，使用历史生效股本
2019-12-23,13796166247.759998,13796166247.759998,16.10381751495861,1.4377932722575892,3.018083264029179,,Tencent/Eastmoney;按公告日匹配财报，使用历史生效股本
2019-12-24,13943281764.619999,13943281764.619999,16.275540687511487,1.453125191037587,3.050266616370722,,Tencent/Eastmoney;按公告日匹配财报，使用历史生效股本
2019-12-25,13992320270.240002,13992320270.240002,16.332781745029116,1.45823583063092,3.0609944004845704,,Tencent/Eastmoney;按公告日匹配财报，使用历史生效股本
2019-12-26,13894243259.0,13894243259.0,16.218299629993865,1.4480145514442546,3.039538832256875,,Tencent/Eastmoney;按公告日匹配财报，使用历史生效股本
2019-12-27,13877897090.460001,13877897090.460001,16.19921927748799,1.4463110049131438,3.0359629042189256,,Tencent/Eastmoney;按公告日匹配财报，使用历史生效股本
2019-12-30,14123089618.560001,14123089618.560001,16.48542456507612,1.471864202879807,3.0896018247881645,,Tencent/Eastmoney;按公告日匹配财报，使用历史生效股本
2019-12-31,14629820843.3,14629820843.3,17.076915492758246,1.5246741453442445,3.200455593964591,,Tencent/Eastmoney;按公告日匹配财报，使用历史生效股本
2020-01-02,14613474674.759998,14613474674.759998,17.05783514025237,1.5229705988131335,3.196879665926642,,Tencent/Eastmoney;按公告日匹配财报，使用历史生效股本
2020-01-03,14629820843.3,14629820843.3,17.076915492758246,1.5246741453442445,3.200455593964591,,Tencent/Eastmoney;按公告日匹配财报，使用历史生效股本
2020-01-06,14515397663.52,14515397663.52,16.94335302521712,1.5127493196264685,3.1754240976989467,,Tencent/Eastmoney;按公告日匹配财报，使用历史生效股本
2020-01-07,14597128506.22,14597128506.22,17.038754787746495,1.5212670522820226,3.193303737888693,,Tencent/Eastmoney;按公告日匹配财报，使用历史生效股本
2020-01-08,14319243641.039999,14319243641.039999,16.71438879514662,1.4923067612531375,3.132512961243555,,Tencent/Eastmoney;按公告日匹配财报，使用历史生效股本
2020-01-09,14531743832.060001,14531743832.060001,16.962433377722995,1.5144528661575793,3.1790000257368964,,Tencent/Eastmoney;按公告日匹配财报，使用历史生效股本
2020-01-10,14662513180.380001,14662513180.380001,17.115076197769998,1.5280812384064664,3.20760745004049,,Tencent/Eastmoney;按公告日匹配财报，使用历史生效股本
2020-01-13,14825974865.78,14825974865.78,17.30587972282875,1.5451167037175753,3.2433667304199827,,Tencent/Eastmoney;按公告日匹配财报，使用历史生效股本
2020-01-14,14760590191.619999,14760590191.619999,17.229558312805246,1.5383025175931315,3.229063018268185,,Tencent/Eastmoney;按公告日匹配财报，使用历史生效股本
2020-01-15,14629820843.3,14629820843.3,17.076915492758246,1.5246741453442445,3.200455593964591,,Tencent/Eastmoney;按公告日匹配财报，使用历史生效股本
2020-01-16,14564436169.14,14564436169.14,17.000594082734743,1.517859959219801,3.1861518818127945,,Tencent/Eastmoney;按公告日匹配财报，使用历史生效股本
2020-01-17,14482705326.439999,14482705326.439999,16.90519232020537,1.5093422265642464,3.1682722416230478,,Tencent/Eastmoney;按公告日匹配财报，使用历史生效股本
2020-01-20,14580782337.68,14580782337.68,17.01967443524062,1.5195635057509118,3.189727809850744,,Tencent/Eastmoney;按公告日匹配财报，使用历史生效股本
2020-01-21,14237512798.340002,14237512798.340002,16.618987032617245,1.4837890285975834,3.1146333210538097,,Tencent/Eastmoney;按公告日匹配财报，使用历史生效股本
2020-01-22,14302897472.5,14302897472.5,16.695308442640744,1.4906032147220267,3.1289370332056063,,Tencent/Eastmoney;按公告日匹配财报，使用历史生效股本
2020-01-23,14008666438.78,14008666438.78,16.35186209753499,1.4599393771620308,3.0645703285225196,,Tencent/Eastmoney;按公告日匹配财报，使用历史生效股本
2020-02-03,12602895944.34,12602895944.34,14.71095178202973,1.3134343754864943,2.7570405172588828,,Tencent/Eastmoney;按公告日匹配财报，使用历史生效股本
2020-02-04,12880780809.52,12880780809.52,15.035317774629608,1.3423946665153794,2.81783129390402,,Tencent/Eastmoney;按公告日匹配财报，使用历史生效股本
2020-02-05,13011550157.84,13011550157.84,15.187960594676607,1.3560230387642667,2.8464387182076143,,Tencent/Eastmoney;按公告日匹配财报，使用历史生效股本
2020-02-06,13044242494.92,13044242494.92,15.226121299688359,1.3594301318264885,2.853590574283513,,Tencent/Eastmoney;按公告日匹配财报，使用历史生效股本
2020-02-07,13044242494.92,13044242494.92,15.226121299688359,1.3594301318264885,2.853590574283513,,Tencent/Eastmoney;按公告日匹配财报，使用历史生效股本
2020-02-10,13681743067.98,13681743067.98,15.970255047417487,1.4258684465398128,2.993051767763534,,Tencent/Eastmoney;按公告日匹配财报，使用历史生效股本
2020-02-11,13485589045.5,13485589045.5,15.741290817346986,1.4054258881664823,2.950140631308143,,Tencent/Eastmoney;按公告日匹配财报，使用历史生效股本
2020-02-12,13485589045.5,13485589045.5,15.741290817346986,1.4054258881664823,2.950140631308143,,Tencent/Eastmoney;按公告日匹配财报，使用历史生效股本
2020-02-13,13256742685.939999,13256742685.939999,15.474165882264733,1.3815762367309299,2.900077638776853,,Tencent/Eastmoney;按公告日匹配财报，使用历史生效股本
2020-02-14,13240396517.4,13240396517.4,15.45508552975886,1.379872690199819,2.896501710738904,,Tencent/Eastmoney;按公告日匹配财报，使用历史生效股本
2020-02-17,13567319888.2,13567319888.2,15.836692579876363,1.4139436208220368,2.9680202714978896,,Tencent/Eastmoney;按公告日匹配财报，使用历史生效股本
2020-02-18,13567319888.2,13567319888.2,15.836692579876363,1.4139436208220368,2.9680202714978896,,Tencent/Eastmoney;按公告日匹配财报，使用历史生效股本
2020-02-19,13452896708.42,13452896708.42,15.703130112335236,1.4020187951042606,2.9429887752322443,,Tencent/Eastmoney;按公告日匹配财报，使用历史生效股本
2020-02-20,13714435405.060001,13714435405.060001,16.00841575242924,1.429275539602035,3.000203623839433,,Tencent/Eastmoney;按公告日匹配财报，使用历史生效股本
2020-02-21,13698089236.52,13698089236.52,15.989335399923364,1.427571993070924,2.9966276958014837,,Tencent/Eastmoney;按公告日匹配财报，使用历史生效股本
2020-02-24,13583666056.740002,13583666056.740002,15.855772932382239,1.4156471673531479,2.971596199535839,,Tencent/Eastmoney;按公告日匹配财报，使用历史生效股本
2020-02-25,13273088854.48,13273088854.48,15.49324623477061,1.3832797832620407,2.9036535668148025,,Tencent/Eastmoney;按公告日匹配财报，使用历史生效股本
2020-02-26,13387512034.259998,13387512034.259998,15.626808702311733,1.395204608979817,2.928685063080447,,Tencent/Eastmoney;按公告日匹配财报，使用历史生效股本
2020-02-27,13730781573.6,13730781573.6,16.027496104935114,1.4309790861331457,3.003779551877382,,Tencent/Eastmoney;按公告日匹配财报，使用历史生效股本
2020-02-28,13240396517.4,13240396517.4,15.45508552975886,1.379872690199819,2.896501710738904,,Tencent/Eastmoney;按公告日匹配财报，使用历史生效股本
2020-03-02,13534627551.119999,13534627551.119999,15.79853187486461,1.410536527759815,2.9608684154219906,,Tencent/Eastmoney;按公告日匹配财报，使用历史生效股本
2020-03-03,13894243259.0,13894243259.0,16.218299629993865,1.4480145514442546,3.039538832256875,,Tencent/Eastmoney;按公告日匹配财报，使用历史生效股本
2020-03-04,14057704944.4,14057704944.4,16.409103155052616,1.4650500167553633,3.075298112636367,,Tencent/Eastmoney;按公告日匹配财报，使用历史生效股本
2020-03-05,14090397281.48,14090397281.48,16.447263860064364,1.4684571098175851,3.0824499687122655,,Tencent/Eastmoney;按公告日匹配财报，使用历史生效股本
2020-03-06,14090397281.48,14090397281.48,16.447263860064364,1.4684571098175851,3.0824499687122655,,Tencent/Eastmoney;按公告日匹配财报，使用历史生效股本
2020-03-09,13714435405.060001,13714435405.060001,16.00841575242924,1.429275539602035,3.000203623839433,,Tencent/Eastmoney;按公告日匹配财报，使用历史生效股本
2020-03-10,14907705708.48,14907705708.48,17.401281485358123,1.5536344363731294,3.261246370609729,,Tencent/Eastmoney;按公告日匹配财报，使用历史生效股本
2020-03-11,14809628697.240002,14809628697.240002,17.286799370322875,1.5434131571864644,3.239790802382034,,Tencent/Eastmoney;按公告日匹配财报，使用历史生效股本
2020-03-12,14809628697.240002,14809628697.240002,17.286799370322875,1.5434131571864644,3.239790802382034,,Tencent/Eastmoney;按公告日匹配财报，使用历史生效股本
2020-03-13,14662513180.380001,14662513180.380001,17.115076197769998,1.5280812384064664,3.20760745004049,,Tencent/Eastmoney;按公告日匹配财报，使用历史生效股本
2020-03-16,14253858966.880001,14253858966.880001,16.63806738512312,1.4854925751286943,3.1182092490917586,,Tencent/Eastmoney;按公告日匹配财报，使用历史生效股本
2020-03-17,14057704944.4,14057704944.4,16.409103155052616,1.4650500167553633,3.075298112636367,,Tencent/Eastmoney;按公告日匹配财报，使用历史生效股本
2020-03-18,13779820079.22,13779820079.22,16.084737162452736,1.4360897257264784,3.0145073359912296,,Tencent/Eastmoney;按公告日匹配财报，使用历史生效股本
2020-03-19,13779820079.22,13779820079.22,16.084737162452736,1.4360897257264784,3.0145073359912296,,Tencent/Eastmoney;按公告日匹配财报，使用历史生效股本
2020-03-20,14270205135.42,14270205135.42,16.657147737628993,1.487196121659805,3.121785177129708,,Tencent/Eastmoney;按公告日匹配财报，使用历史生效股本
2020-03-23,14351935978.119999,14351935978.119999,16.752549500158366,1.4957138543153594,3.1396648173194537,,Tencent/Eastmoney;按公告日匹配财报，使用历史生效股本
2020-03-24,14613474674.759998,14613474674.759998,17.05783514025237,1.5229705988131335,3.196879665926642,,Tencent/Eastmoney;按公告日匹配财报，使用历史生效股本
2020-03-25,14907705708.48,14907705708.48,17.401281485358123,1.5536344363731294,3.261246370609729,,Tencent/Eastmoney;按公告日匹配财报，使用历史生效股本
2020-03-26,15300013753.439999,15300013753.439999,17.859209945499124,1.5945195531197909,3.3470686435205113,,Tencent/Eastmoney;按公告日匹配财报，使用历史生效股本
2020-03-27,15169244405.119999,15169244405.119999,17.706567125452125,1.5808911808709036,3.318461219216917,,Tencent/Eastmoney;按公告日匹配财报，使用历史生效股本
2020-03-30,14924051877.02,14924051877.02,17.420361837864,1.5553379829042406,3.2648222986476783,,Tencent/Eastmoney;按公告日匹配财报，使用历史生效股本
2020-03-31,14825974865.78,14825974865.78,17.30587972282875,1.5451167037175753,3.2433667304199827,,Tencent/Eastmoney;按公告日匹配财报，使用历史生效股本
2020-04-01,14695205517.460001,14695205517.460001,17.153236902781746,1.531488331468688,3.2147593061163886,,Tencent/Eastmoney;按公告日匹配财报，使用历史生效股本
2020-04-02,14842321034.32,14842321034.32,17.324960075334623,1.546820250248686,3.246942658457932,,Tencent/Eastmoney;按公告日匹配财报，使用历史生效股本
2020-04-03,14956744214.1,14956744214.1,17.45852254287575,1.5587450759664623,3.2719741547235768,,Tencent/Eastmoney;按公告日匹配财报，使用历史生效股本
2020-04-07,15447129270.3,15447129270.3,18.030933118052,1.6098514718997887,3.3792519958620546,,Tencent/Eastmoney;按公告日匹配财报，使用历史生效股本
2020-04-08,15152898236.58,15152898236.58,17.68748677294625,1.5791876343397928,3.314885291178968,,Tencent/Eastmoney;按公告日匹配财报，使用历史生效股本
2020-04-09,15185590573.659998,15185590573.659998,17.725647477958,1.5825947274020145,3.322037147254866,,Tencent/Eastmoney;按公告日匹配财报，使用历史生效股本
2020-04-10,15725014135.48,15725014135.48,18.355299110651877,1.6388117629286738,3.440042772507192,,Tencent/Eastmoney;按公告日匹配财报，使用历史生效股本
2020-04-13,15561552450.08,15561552450.08,18.16449558559313,1.6217762976175651,3.4042834921276994,,Tencent/Eastmoney;按公告日匹配财报，使用历史生效股本
2020-04-14,16199053023.14,16199053023.14,18.908629333322256,1.6882146123308899,3.5437446856077206,,Tencent/Eastmoney;按公告日匹配财报，使用历史生效股本
2020-04-15,15741360304.02,15741360304.02,18.374379463157755,1.640515309459785,3.4436187005451417,,Tencent/Eastmoney;按公告日匹配财报，使用历史生效股本
2020-04-16,15512513944.460001,15512513944.460001,18.107254528075504,1.6166656580242325,3.393555708013852,,Tencent/Eastmoney;按公告日匹配财报，使用历史生效股本
2020-04-17,15725014135.48,15725014135.48,18.355299110651877,1.6388117629286738,3.440042772507192,,Tencent/Eastmoney;按公告日匹配财报，使用历史生效股本
2020-04-20,15496167775.92,15496167775.92,15.74450575402198,1.6355030820710637,3.2335302955387974,,Tencent/Eastmoney;按公告日匹配财报，使用历史生效股本
2020-04-21,15855783483.8,15855783483.8,16.109884579537255,1.6734577949461305,3.308570028135689,,Tencent/Eastmoney;按公告日匹配财报，使用历史生效股本
2020-04-22,16035591337.740002,16035591337.740002,16.292573992294898,1.692435151383664,3.3460898944341353,,Tencent/Eastmoney;按公告日匹配财报，使用历史生效股本
2020-04-23,15725014135.48,15725014135.48,15.977019552077156,1.6596560811733787,3.2812828526459104,,Tencent/Eastmoney;按公告日匹配财报，使用历史生效股本
2020-04-24,15561552450.08,15561552450.08,15.810938267752029,1.6424039389574394,3.2471738832836867,,Tencent/Eastmoney;按公告日匹配财报，使用历史生效股本
2020-04-27,16002899000.659998,16002899000.659998,16.25935773542987,1.688984722940476,3.33926810056169,,Tencent/Eastmoney;按公告日匹配财报，使用历史生效股本
2020-04-28,16051937506.28,16051937506.28,15.82636571386148,1.6495144121584377,3.292300540226482,,Tencent/Eastmoney;按公告日匹配财报，使用历史生效股本
2020-04-29,15823091146.72,15823091146.72,15.600735245435754,1.6259979134107614,3.245363465314903,,Tencent/Eastmoney;按公告日匹配财报，使用历史生效股本
2020-04-30,16133668348.98,16133668348.98,15.906948024013522,1.657913161711179,3.3090637812663317,,Tencent/Eastmoney;按公告日匹配财报，使用历史生效股本
2020-05-06,15904821989.42,15904821989.42,15.681317555587798,1.634396662963503,3.2621267063547523,,Tencent/Eastmoney;按公告日匹配财报，使用历史生效股本
2020-05-07,15904821989.42,15904821989.42,15.681317555587798,1.634396662963503,3.2621267063547523,,Tencent/Eastmoney;按公告日匹配财报，使用历史生效股本
2020-05-08,15675975629.86,15675975629.86,15.455687087162076,1.6108801642158266,3.2151896314431734,,Tencent/Eastmoney;按公告日匹配财报，使用历史生效股本
2020-05-11,15823091146.72,15823091146.72,15.600735245435754,1.6259979134107614,3.245363465314903,,Tencent/Eastmoney;按公告日匹配财报，使用历史生效股本
2020-05-12,15365398427.6,15365398427.6,15.149474308584308,1.5789649159154089,3.1514893154917445,,Tencent/Eastmoney;按公告日匹配财报，使用历史生效股本
2020-05-13,15512513944.460001,15512513944.460001,15.294522466857988,1.5940826651103437,3.181663149363474,,Tencent/Eastmoney;按公告日匹配财报，使用历史生效股本
2020-05-14,15022128888.259998,15022128888.259998,14.81102860594572,1.5436901677938943,3.081083703124375,,Tencent/Eastmoney;按公告日匹配财报，使用历史生效股本
2020-05-15,15022128888.259998,15022128888.259998,14.81102860594572,1.5436901677938943,3.081083703124375,,Tencent/Eastmoney;按公告日匹配财报，使用历史生效股本
2020-05-18,16035591337.740002,16035591337.740002,15.81024925183107,1.6478346622478894,3.2889478920185122,,Tencent/Eastmoney;按公告日匹配财报，使用历史生效股本
2020-05-19,15185590573.659998,15185590573.659998,14.972193226249807,1.5604876668993772,3.1146101852040746,,Tencent/Eastmoney;按公告日匹配财报，使用历史生效股本
2020-05-20,15120205899.5,15120205899.5,14.907727378128174,1.5537686672571842,3.101199592372195,,Tencent/Eastmoney;按公告日匹配财报，使用历史生效股本
2020-05-21,14678859348.92,14678859348.92,14.472582903307137,1.50841541967238,3.0106780907570068,,Tencent/Eastmoney;按公告日匹配财报，使用历史生效股本
2020-05-22,14711551686.0,14711551686.0,14.504815827367954,1.5117749194934764,3.0173833871729467,,Tencent/Eastmoney;按公告日匹配财报，使用历史生效股本
2020-05-25,14270205135.42,14270205135.42,14.069671352546916,1.4664216719086722,2.9268618855577584,,Tencent/Eastmoney;按公告日匹配财报，使用历史生效股本
2020-05-26,14564436169.14,14564436169.14,14.359767669094273,1.4966571702985418,2.9872095533012173,,Tencent/Eastmoney;按公告日匹配财报，使用历史生效股本
2020-05-27,14727897854.539999,14727897854.539999,14.520932289398361,1.5134546694040247,3.0207360353809167,,Tencent/Eastmoney;按公告日匹配财报，使用历史生效股本
2020-05-28,14875013371.4,14875013371.4,14.665980447672041,1.5285724185989595,3.050909869252646,,Tencent/Eastmoney;按公告日匹配财报，使用历史生效股本
2020-05-29,14842321034.32,14842321034.32,14.633747523611223,1.525212918777863,3.044204572836706,,Tencent/Eastmoney;按公告日匹配财报，使用历史生效股本
2020-06-01,15234629079.28,15234629079.28,15.020542612341037,1.5655269166310224,3.124668129827985,,Tencent/Eastmoney;按公告日匹配财报，使用历史生效股本
2020-06-02,16002899000.659998,16002899000.659998,15.77801632777025,1.6444751624267926,3.282242595602572,,Tencent/Eastmoney;按公告日匹配财报，使用历史生效股本
2020-06-03,16035591337.740002,16035591337.740002,15.81024925183107,1.6478346622478894,3.2889478920185122,,Tencent/Eastmoney;按公告日匹配财报，使用历史生效股本
2020-06-04,16068283674.82,16068283674.82,15.842482175891886,1.651194162068986,3.2956531884344518,,Tencent/Eastmoney;按公告日匹配财报，使用历史生效股本
2020-06-05,16019245169.2,16019245169.2,15.794132789800662,1.6461549123373411,3.2855952438105422,,Tencent/Eastmoney;按公告日匹配财报，使用历史生效股本
2020-06-08,17130784629.92,17130784629.92,16.89005220786846,1.760377906254626,3.513575321952498,,Tencent/Eastmoney;按公告日匹配财报，使用历史生效股本
2020-06-09,16836553596.2,16836553596.2,16.599955891321102,1.7301424078647565,3.4532276542090394,,Tencent/Eastmoney;按公告日匹配财报，使用历史生效股本
2020-06-10,16983669113.060001,16983669113.060001,16.745004049594783,1.7452601570596913,3.483401488080769,,Tencent/Eastmoney;按公告日匹配财报，使用历史生效股本
2020-06-11,16754822753.5,16754822753.5,16.51937358116906,1.721743658312015,3.4364644131691895,,Tencent/Eastmoney;按公告日匹配财报，使用历史生效股本
2020-06-12,16673091910.8,16673091910.8,16.438791271017013,1.7133449087592734,3.4197011721293396,,Tencent/Eastmoney;按公告日匹配财报，使用历史生效股本
2020-06-15,16509630225.4,16509630225.4,16.277626650712925,1.6965474096537903,3.38617469004964,,Tencent/Eastmoney;按公告日匹配财报，使用历史生效股本
2020-06-16,16869245933.28,16869245933.28,16.63218881538192,1.733501907685853,3.459932950624979,,Tencent/Eastmoney;按公告日匹配财报，使用历史生效股本
2020-06-17,17000015281.6,17000015281.6,16.76112051162519,1.7469399069702396,3.4867541362887384,,Tencent/Eastmoney;按公告日匹配财报，使用历史生效股本
2020-06-18,17375977158.02,17375977158.02,17.131799138324595,1.7855741549128508,3.5638650450720473,,Tencent/Eastmoney;按公告日匹配财报，使用历史生效股本
2020-06-19,17457708000.72,17457708000.72,17.212381448476638,1.793972904465592,3.580628286111897,,Tencent/Eastmoney;按公告日匹配财报，使用历史生效股本
2020-06-22,17326938652.399998,17326938652.399998,17.083449752233363,1.7805349051812056,3.553807100448137,,Tencent/Eastmoney;按公告日匹配财报，使用历史生效股本
2020-06-23,18046170068.16,18046170068.16,17.792574081571356,1.854443901245331,3.7013236215988146,,Tencent/Eastmoney;按公告日匹配财报，使用历史生效股本
2020-06-24,17817323708.600002,17817323708.600002,17.566943613145636,1.830927402497655,3.654386546687236,,Tencent/Eastmoney;按公告日匹配财报，使用历史生效股本
2020-06-29,17702900528.82,17702900528.82,17.454128378932772,1.8191691531238168,3.6309180092314457,,Tencent/Eastmoney;按公告日匹配财报，使用历史生效股本
2020-06-30,17555785011.96,17555785011.96,17.30908022065909,1.804051403928882,3.6007441753597162,,Tencent/Eastmoney;按公告日匹配财报，使用历史生效股本
2020-07-01,17441361832.18,17441361832.18,17.19626498644623,1.7922931545550438,3.5772756379039268,,Tencent/Eastmoney;按公告日匹配财报，使用历史生效股本
2020-07-02,17899054551.3,17899054551.3,17.647525923297675,1.8393261520503963,3.671149787727085,,Tencent/Eastmoney;按公告日匹配财报，使用历史生效股本
2020-07-03,18209631753.56,18209631753.56,17.953738701875444,1.8712414003508144,3.7348501036785144,,Tencent/Eastmoney;按公告日匹配财报，使用历史生效股本
2020-07-06,18601939798.52,18601939798.52,18.340533790605257,1.9115553982039737,3.815313660669793,,Tencent/Eastmoney;按公告日匹配财报，使用历史生效股本
2020-07-07,18307708764.8,18307708764.8,18.050437474057897,1.881319899814104,3.7549659929263335,,Tencent/Eastmoney;按公告日匹配财报，使用历史生效股本
2020-07-08,18928863169.32,18928863169.32,18.662863031213433,1.9451503964149397,3.8823666248291917,,Tencent/Eastmoney;按公告日匹配财报，使用历史生效股本
2020-07-09,20073094967.12,20073094967.12,19.791015373342052,2.0627328901533213,4.117051999387087,,Tencent/Eastmoney;按公告日匹配财报，使用历史生效股本
2020-07-10,19729825427.78,19729825427.78,19.452569670703465,2.027458142031807,4.0466463870197185,,Tencent/Eastmoney;按公告日匹配财报，使用历史生效股本
2020-07-13,20122133472.74,20122133472.74,19.83936475943328,2.0677721398849664,4.127109944010997,,Tencent/Eastmoney;按公告日匹配财报，使用历史生效股本
2020-07-14,19435594394.06,19435594394.06,19.16247335415611,1.9972226436419374,3.98629871927626,,Tencent/Eastmoney;按公告日匹配财报，使用历史生效股本
2020-07-15,19468286731.14,19468286731.14,19.194706278216923,2.000582143463034,3.9930040156921995,,Tencent/Eastmoney;按公告日匹配财报，使用历史生效股本
2020-07-16,18716362978.3,18716362978.3,18.453349024818117,1.9233136475778116,3.8387821981255823,,Tencent/Eastmoney;按公告日匹配财报，使用历史生效股本
2020-07-17,19239440371.579998,19239440371.579998,18.9690758097912,1.9770656447153576,3.94606694078062,,Tencent/Eastmoney;按公告日匹配财报，使用历史生效股本
2020-07-20,20024056461.5,20024056461.5,19.742665987250824,2.0576936404216766,4.106994054763177,,Tencent/Eastmoney;按公告日匹配财报，使用历史生效股本
2020-07-21,19664440753.62,19664440753.62,19.38810382258183,2.0207391423896137,4.0332357941878385,,Tencent/Eastmoney;按公告日匹配财报，使用历史生效股本
2020-07-22,19533671405.3,19533671405.3,19.25917212633856,2.0073011431052272,4.0064146085240795,,Tencent/Eastmoney;按公告日匹配财报，使用历史生效股本
2020-07-23,19582709910.920002,19582709910.920002,19.30752151242979,2.012340392836872,4.01647255314799,,Tencent/Eastmoney;按公告日匹配财报，使用历史生效股本
2020-07-24,19125017191.8,19125017191.8,18.85626057557834,1.9653073953415194,3.9225984033248307,,Tencent/Eastmoney;按公告日匹配财报，使用历史生效股本
2020-07-27,18896170832.24,18896170832.24,18.63063010715262,1.9417908965938433,3.875661328413252,,Tencent/Eastmoney;按公告日匹配财报，使用历史生效股本
2020-07-28,20269248989.600002,20269248989.600002,19.984412917706962,2.082889889079901,4.157283777882727,,Tencent/Eastmoney;按公告日匹配财报，使用历史生效股本
2020-07-29,19909633281.72,19909633281.72,19.629850753037964,2.045935391047838,4.083525517307388,,Tencent/Eastmoney;按公告日匹配财报，使用历史生效股本
2020-07-30,19451940562.600002,19451940562.600002,19.17858981618652,1.9989023935524857,3.98965136748423,,Tencent/Eastmoney;按公告日匹配财报，使用历史生效股本
2020-07-31,19631748416.54,19631748416.54,19.355870898521015,2.017379642568517,4.026530497771899,,Tencent/Eastmoney;按公告日匹配财报，使用历史生效股本
2020-08-03,19778863933.399998,19778863933.399998,19.50091905679469,2.0324973917634517,4.056704331643628,,Tencent/Eastmoney;按公告日匹配财报，使用历史生效股本
2020-08-04,19746171596.32,19746171596.32,19.468686132733875,2.029137891942355,4.049999035227689,,Tencent/Eastmoney;按公告日匹配财报，使用历史生效股本
2020-08-05,19664440753.62,19664440753.62,19.38810382258183,2.0207391423896137,4.0332357941878385,,Tencent/Eastmoney;按公告日匹配财报，使用历史生效股本
2020-08-06,19778863933.399998,19778863933.399998,19.50091905679469,2.0324973917634517,4.056704331643628,,Tencent/Eastmoney;按公告日匹配财报，使用历史生效股本
2020-08-07,19386555888.44,19386555888.44,19.11412396806488,1.9921833939102922,3.9762407746523496,,Tencent/Eastmoney;按公告日匹配财报，使用历史生效股本
2020-08-10,19664440753.62,19664440753.62,19.38810382258183,2.0207391423896137,4.0332357941878385,,Tencent/Eastmoney;按公告日匹配财报，使用历史生效股本
2020-08-11,19550017573.84,19550017573.84,19.27528858836897,2.0089808930157758,4.009767256732049,,Tencent/Eastmoney;按公告日匹配财报，使用历史生效股本
2020-08-12,19729825427.78,19729825427.78,19.452569670703465,2.027458142031807,4.0466463870197185,,Tencent/Eastmoney;按公告日匹配财报，使用历史生效股本
2020-08-13,19860594776.100002,19860594776.100002,19.58150136694674,2.0408961413161935,4.073467572683478,,Tencent/Eastmoney;按公告日匹配财报，使用历史生效股本
2020-08-14,20203864315.44,20203864315.44,19.919947069585323,2.076170889437708,4.143873185050847,,Tencent/Eastmoney;按公告日匹配财报，使用历史生效股本
2020-08-17,20628864697.48,20628864697.48,20.338975082375953,2.1198443871119634,4.231042038458066,,Tencent/Eastmoney;按公告日匹配财报，使用历史生效股本
2020-08-18,21200980596.38,21200980596.38,20.903051253440264,2.1786356339811546,4.348384725737014,,Tencent/Eastmoney;按公告日匹配财报，使用历史生效股本
2020-08-19,21200980596.38,21200980596.38,20.903051253440264,2.1786356339811546,4.348384725737014,,Tencent/Eastmoney;按公告日匹配财报，使用历史生效股本
2020-08-20,19321171214.28,19321171214.28,18.684602824631344,1.9864056754286783,3.8646237605572256,,Tencent/Eastmoney;按公告日匹配财报，使用历史生效股本
2020-08-21,19304825045.74,19304825045.74,18.668795208028445,1.9847251291719703,3.8613541973080237,,Tencent/Eastmoney;按公告日匹配财报，使用历史生效股本
2020-08-24,19190401865.96,19190401865.96,18.55814189180812,1.9729613053750155,3.8384672545636063,,Tencent/Eastmoney;按公告日匹配财报，使用历史生效股本
2020-08-25,19321171214.28,19321171214.28,18.684602824631344,1.9864056754286783,3.8646237605572256,,Tencent/Eastmoney;按公告日匹配财报，使用历史生效股本
2020-08-26,18389439607.5,18389439607.5,17.783568678265876,1.8906145387963307,3.6782586553526895,,Tencent/Eastmoney;按公告日匹配财报，使用历史生效股本
2020-08-27,17670208191.74,17670208191.74,17.088033547738146,1.8166705035011854,3.5343978723877845,,Tencent/Eastmoney;按公告日匹配财报，使用历史生效股本
2020-08-28,18160593247.94,18160593247.94,17.562262045825232,1.8670868912024208,3.6324847698638556,,Tencent/Eastmoney;按公告日匹配财报，使用历史生效股本
2020-08-31,17735592865.899998,17735592865.899998,17.151264014149753,1.8233926885280167,3.5474761253845934,,Tencent/Eastmoney;按公告日匹配财报，使用历史生效股本
2020-09-01,17474054169.26,17474054169.26,16.898342148503307,1.796503948420691,3.4951631133973553,,Tencent/Eastmoney;按公告日匹配财报，使用历史生效股本
2020-09-02,17408669495.100002,17408669495.100002,16.835111682091696,1.7897817633938597,3.4820848604005463,,Tencent/Eastmoney;按公告日匹配财报，使用历史生效股本
2020-09-03,17425015663.64,17425015663.64,16.850919298694595,1.7914623096505677,3.4853544236497482,,Tencent/Eastmoney;按公告日匹配财报，使用历史生效股本
2020-09-04,17196169304.079998,17196169304.079998,16.629612666253955,1.7679346620566576,3.4395805381609144,,Tencent/Eastmoney;按公告日匹配财报，使用历史生效股本
2020-09-07,17784631371.52,17784631371.52,17.198686863958464,1.8284343272981405,3.557284815132201,,Tencent/Eastmoney;按公告日匹配财报，使用历史生效股本
2020-09-08,18438478113.12,18438478113.12,17.830991528074584,1.8956561775664542,3.6880673451002965,,Tencent/Eastmoney;按公告日匹配财报，使用历史生效股本
2020-09-09,18209631753.56,18209631753.56,17.609684895633944,1.8721285299725445,3.6422934596114636,,Tencent/Eastmoney;按公告日匹配财报，使用历史生效股本
2020-09-10,17915400719.84,17915400719.84,17.32514779678169,1.8418786973518033,3.5834413211258203,,Tencent/Eastmoney;按公告日匹配财报，使用历史生效股本
2020-09-11,17719246697.36,17719246697.36,17.135456397546854,1.821712142271309,3.5442065621353915,,Tencent/Eastmoney;按公告日匹配财报，使用历史生效股本
2020-09-14,18013477731.079998,18013477731.079998,17.419993496399105,1.8519619748920502,3.603058700621034,,Tencent/Eastmoney;按公告日匹配财报，使用历史生效股本
2020-09-15,18389439607.5,18389439607.5,17.783568678265876,1.8906145387963307,3.6782586553526895,,Tencent/Eastmoney;按公告日匹配财报，使用历史生效股本
2020-09-16,18209631753.56,18209631753.56,17.609684895633944,1.8721285299725445,3.6422934596114636,,Tencent/Eastmoney;按公告日匹配财报，使用历史生效股本
2020-09-17,17882708382.76,17882708382.76,17.29353256357588,1.8385176048383873,3.576902194627415,,Tencent/Eastmoney;按公告日匹配财报，使用历史生效股本
2020-09-18,18062516236.7,18062516236.7,17.467416346207816,1.857003613662174,3.612867390368642,,Tencent/Eastmoney;按公告日匹配财报，使用历史生效股本
2020-09-21,17833669877.14,17833669877.14,17.246109713767172,1.8334759660682638,3.567093504879808,,Tencent/Eastmoney;按公告日匹配财报，使用历史生效股本
2020-09-22,17441361832.18,17441361832.18,16.8667269152975,1.7931428559072755,3.488623986898951,,Tencent/Eastmoney;按公告日匹配财报，使用历史生效股本
2020-09-23,17326938652.399998,17326938652.399998,16.756073599077176,1.7813790321103204,3.4657370441545337,,Tencent/Eastmoney;按公告日匹配财报，使用历史生效股本
2020-09-24,16476937888.32,16476937888.32,15.934077535726223,1.6939906267615124,3.29571975519601,,Tencent/Eastmoney;按公告日匹配财报，使用历史生效股本
2020-09-25,16248091528.759998,16248091528.759998,15.71277090328558,1.6704629791676024,3.249945869707176,,Tencent/Eastmoney;按公告日匹配财报，使用历史生效股本
2020-09-28,16378860877.08,16378860877.08,15.839231836108805,1.6839073492212653,3.276102375700795,,Tencent/Eastmoney;按公告日匹配财报，使用历史生效股本
2020-09-29,16166360686.060001,16166360686.060001,15.633732820271069,1.6620602478840634,3.2335980534611646,,Tencent/Eastmoney;按公告日匹配财报，使用历史生效股本
2020-09-30,15904821989.42,15904821989.42,15.38081095462462,1.6351715077767377,3.181285041473926,,Tencent/Eastmoney;按公告日匹配财报，使用历史生效股本
2020-10-09,16509630225.4,16509630225.4,15.96569276893203,1.697351719274928,3.3022588816944145,,Tencent/Eastmoney;按公告日匹配财报，使用历史生效股本
2020-10-12,16885592101.82,16885592101.82,16.329267950798798,1.7360042831792086,3.3774588364260696,,Tencent/Eastmoney;按公告日匹配财报，使用历史生效股本
2020-10-13,17049053787.22,17049053787.22,16.487344116827828,1.752809745746287,3.410154468918093,,Tencent/Eastmoney;按公告日匹配财报，使用历史生效股本
2020-10-14,17261553978.24,17261553978.24,16.69284313266557,1.7746568470834891,3.4526587911577247,,Tencent/Eastmoney;按公告日匹配财报，使用历史生效股本
2020-10-15,17555785011.96,17555785011.96,16.97738023151782,1.8049066797042304,3.5115109296433675,,Tencent/Eastmoney;按公告日匹配财报，使用历史生效股本
2020-10-16,17261553978.24,17261553978.24,16.69284313266557,1.7746568470834891,3.4526587911577247,,Tencent/Eastmoney;按公告日匹配财报，使用历史生效股本
2020-10-19,17245207809.7,17245207809.7,16.677035516062666,1.7729763008267814,3.4493892279085223,,Tencent/Eastmoney;按公告日匹配财报，使用历史生效股本
2020-10-20,17474054169.26,17474054169.26,16.898342148503307,1.796503948420691,3.4951631133973553,,Tencent/Eastmoney;按公告日匹配财报，使用历史生效股本
2020-10-21,17147130798.460001,17147130798.460001,16.582189816445247,1.7628930232865343,3.429771848413308,,Tencent/Eastmoney;按公告日匹配财报，使用历史生效股本
2020-10-22,16950976775.98,16950976775.98,16.392498417210412,1.74272646820604,3.390537089422879,,Tencent/Eastmoney;按公告日匹配财报，使用历史生效股本
2020-10-23,16460591719.78,16460591719.78,15.918269919123322,1.6923100805048046,3.2924501919468074,,Tencent/Eastmoney;按公告日匹配财报，使用历史生效股本
2020-10-26,16411553214.159998,16411553214.159998,15.87084706931461,1.6872684417346808,3.2826415021992,,Tencent/Eastmoney;按公告日匹配财报，使用历史生效股本
2020-10-27,16624053405.18,16624053405.18,16.076346085152352,1.709115543071883,3.3251458244388314,,Tencent/Eastmoney;按公告日匹配财报，使用历史生效股本
2020-10-28,16934630607.439999,16934630607.439999,15.40001963698564,1.6904470159523135,3.227378685512881,,Tencent/Eastmoney;按公告日匹配财报，使用历史生效股本
2020-10-29,16787515090.58,16787515090.58,15.266235682610283,1.6757616654276313,3.1993416119900857,,Tencent/Eastmoney;按公告日匹配财报，使用历史生效股本
2020-10-30,16346168540.0,16346168540.0,14.86488381948421,1.6317056138535846,3.1152303914217,,Tencent/Eastmoney;按公告日匹配财报，使用历史生效股本
2020-11-02,17163476967.0,17163476967.0,15.60812801045842,1.7132908945462637,3.270991910992785,,Tencent/Eastmoney;按公告日匹配财报，使用历史生效股本
2020-11-03,17245207809.7,17245207809.7,15.682452429555843,1.721449422615532,3.2865680629498937,,Tencent/Eastmoney;按公告日匹配财报，使用历史生效股本
2020-11-04,17000015281.6,17000015281.6,15.45947917226358,1.696973838407728,3.239839607078568,,Tencent/Eastmoney;按公告日匹配财报，使用历史生效股本
2020-11-05,17408669495.100002,17408669495.100002,15.831101267750686,1.7377664787540676,3.317720366864111,,Tencent/Eastmoney;按公告日匹配财报，使用历史生效股本
2020-11-06,17310592483.86,17310592483.86,15.741911964833779,1.727976245070946,3.2990289845155805,,Tencent/Eastmoney;按公告日匹配财报，使用历史生效股本
2020-11-09,18029823899.62,18029823899.62,16.395966852891082,1.7997712920805038,3.436099121738135,,Tencent/Eastmoney;按公告日匹配财报，使用历史生效股本
2020-11-10,18144247079.399998,18144247079.399998,16.50002103962747,1.8111932313774788,3.4579057344780866,,Tencent/Eastmoney;按公告日匹配财报，使用历史生效股本
2020-11-11,18258670259.18,18258670259.18,16.604075226363864,1.822615170674454,3.479712347218039,,Tencent/Eastmoney;按公告日匹配财报，使用历史生效股本
2020-11-12,18307708764.8,18307708764.8,16.648669877822314,1.8275102875160145,3.489058038392304,,Tencent/Eastmoney;按公告日匹配财报，使用历史生效股本
2020-11-13,18340401101.88,18340401101.88,16.678399645461283,1.830773698743722,3.495288499175148,,Tencent/Eastmoney;按公告日匹配财报，使用历史生效股本
2020-11-16,19223094203.04,19223094203.04,17.48110337171343,1.9188858018918153,3.6635109403119195,,Tencent/Eastmoney;按公告日匹配财报，使用历史生效股本
2020-11-17,20775980214.34,20775980214.34,18.89326733456443,2.073897835207906,3.9594578274969807,,Tencent/Eastmoney;按公告日匹配财报，使用历史生效股本
2020-11-18,19762517764.86,19762517764.86,17.97164453775641,1.9727320871489837,3.7663135432288355,,Tencent/Eastmoney;按公告日匹配财报，使用历史生效股本
2020-11-19,18912517000.78,18912517000.78,17.19867057914323,1.8878833952285974,3.604321562874907,,Tencent/Eastmoney;按公告日匹配财报，使用历史生效股本
2020-11-20,19288478877.2,19288478877.2,17.54056290699137,1.9254126243472298,3.6759718618776063,,Tencent/Eastmoney;按公告日匹配财报，使用历史生效股本
2020-11-23,19174055697.420002,19174055697.420002,17.43650872025498,1.9139906850502548,3.6541652491376544,,Tencent/Eastmoney;按公告日匹配财报，使用历史生效股本
2020-11-24,19337517382.82,19337517382.82,17.58515755844982,1.9303077411887906,3.685317553051871,,Tencent/Eastmoney;按公告日匹配财报，使用历史生效股本
2020-11-25,18749055315.38,18749055315.38,17.050021740948388,1.8715663390900616,3.5731692589606903,,Tencent/Eastmoney;按公告日匹配财报，使用历史生效股本
2020-11-26,19386555888.44,19386555888.44,17.629752209908272,1.9352028580303513,3.694663244226136,,Tencent/Eastmoney;按公告日匹配财报，使用历史生效股本
2020-11-27,18977901674.94,18977901674.94,17.258130114421167,1.8944102176840116,3.6167824844405936,,Tencent/Eastmoney;按公告日匹配财报，使用历史生效股本
2020-11-30,18830786158.079998,18830786158.079998,17.124346160045807,1.8797248671593294,3.588745410917798,,Tencent/Eastmoney;按公告日匹配财报，使用历史生效股本
2020-12-01,18798093821.0,18798093821.0,17.09461639240684,1.8764614559316222,3.582514950134955,,Tencent/Eastmoney;按公告日匹配财报，使用历史生效股本
2020-12-02,18879824663.7,18879824663.7,17.168940811504264,1.8846199840008904,3.598091102092064,,Tencent/Eastmoney;按公告日匹配财报，使用历史生效股本
2020-12-03,18732709146.84,18732709146.84,17.035156857128904,1.8699346334762081,3.570054028569268,,Tencent/Eastmoney;按公告日匹配财报，使用历史生效股本
2020-12-04,18258670259.18,18258670259.18,16.604075226363864,1.822615170674454,3.479712347218039,,Tencent/Eastmoney;按公告日匹配财报，使用历史生效股本
2020-12-07,17719246697.36,17719246697.36,16.113534060320884,1.7687688854172856,3.376909744301123,,Tencent/Eastmoney;按公告日匹配财报，使用历史生效股本
2020-12-08,17343284820.94,17343284820.94,15.771641732472746,1.7312396562986532,3.3052594452984234,,Tencent/Eastmoney;按公告日匹配财报，使用历史生效股本
2020-12-09,17032707618.68,17032707618.68,15.489208939902547,1.7002372496354352,3.2460700678614116,,Tencent/Eastmoney;按公告日匹配财报，使用历史生效股本
2020-12-10,16967322944.52,16967322944.52,15.42974940462461,1.693710427180021,3.233609146295725,,Tencent/Eastmoney;按公告日匹配财报，使用历史生效股本
2020-12-11,16705784247.880001,16705784247.880001,15.191911263512864,1.6676031373583635,3.1837654600329777,,Tencent/Eastmoney;按公告日匹配财报，使用历史生效股本
2020-12-14,17179823135.539999,17179823135.539999,15.622992894277903,1.7149226001601174,3.2741071413842064,,Tencent/Eastmoney;按公告日匹配财报，使用历史生效股本
2020-12-15,17163476967.0,17163476967.0,15.60812801045842,1.7132908945462637,3.270991910992785,,Tencent/Eastmoney;按公告日匹配财报，使用历史生效股本
2020-12-16,16918284438.9,16918284438.9,15.385154753166157,1.68881531033846,3.2242634551214593,,Tencent/Eastmoney;按公告日匹配财报，使用历史生效股本
2020-12-17,17310592483.86,17310592483.86,15.741911964833779,1.727976245070946,3.2990289845155805,,Tencent/Eastmoney;按公告日匹配财报，使用历史生效股本
2020-12-18,17000015281.6,17000015281.6,15.45947917226358,1.696973838407728,3.239839607078568,,Tencent/Eastmoney;按公告日匹配财报，使用历史生效股本
2020-12-21,16771168922.039999,16771168922.039999,15.251370798790798,1.6741299598137778,3.196226381598664,,Tencent/Eastmoney;按公告日匹配财报，使用历史生效股本
2020-12-22,16542322562.48,16542322562.48,15.04326242531802,1.6512860812198276,3.1526131561187603,,Tencent/Eastmoney;按公告日匹配财报，使用历史生效股本
2020-12-23,16640399573.72,16640399573.72,15.132451728234924,1.661076314902949,3.1713045384672904,,Tencent/Eastmoney;按公告日匹配财报，使用历史生效股本
2020-12-24,16280783865.840002,16280783865.840002,14.805424284206275,1.6251787913981703,3.1027694698560135,,Tencent/Eastmoney;按公告日匹配财报，使用历史生效股本
2020-12-25,16395207045.619999,16395207045.619999,14.90947847094266,1.6366007306951453,3.124576082595965,,Tencent/Eastmoney;按公告日匹配财报，使用历史生效股本
2020-12-28,16100976011.9,16100976011.9,14.641910562191946,1.6072300296457807,3.0685019355503744,,Tencent/Eastmoney;按公告日匹配财报，使用历史生效股本
2020-12-29,16493284056.86,16493284056.86,14.998667773859568,1.6463909643782668,3.1432674649444956,,Tencent/Eastmoney;按公告日匹配财报，使用历史生效股本
2020-12-30,16378860877.08,16378860877.08,14.894613587123178,1.6349690250812916,3.1214608522045433,,Tencent/Eastmoney;按公告日匹配财报，使用历史生效股本
2020-12-31,17163476967.0,17163476967.0,15.60812801045842,1.7132908945462637,3.270991910992785,,Tencent/Eastmoney;按公告日匹配财报，使用历史生效股本
2021-01-04,17093622734.840002,17093622734.840002,15.544603947139443,1.7067640720908497,3.2576791871907673,,Tencent/Eastmoney;按公告日匹配财报，使用历史生效股本
2021-01-05,17289725481.32,17289725481.32,15.722935923588459,1.7263445394570924,3.2950521797780414,,Tencent/Eastmoney;按公告日匹配财报，使用历史生效股本
2021-01-06,16979229466.060001,16979229466.060001,15.440576960877515,1.6953421327938745,3.2358782748481905,,Tencent/Eastmoney;按公告日匹配财报，使用历史生效股本
2021-01-07,16636049659.72,16636049659.72,15.12849600209173,1.661076314902949,3.1704755378204594,,Tencent/Eastmoney;按公告日匹配财报，使用历史生效股本
2021-01-08,16619707764.18,16619707764.18,15.113635004054313,1.6594446092890955,3.16736112177152,,Tencent/Eastmoney;按公告日匹配财报，使用历史生效股本
2021-01-11,16113109002.439999,16113109002.439999,14.652944064894347,1.6088617352596344,3.0708142242543937,,Tencent/Eastmoney;按公告日匹配财报，使用历史生效股本
2021-01-12,16243844166.759998,16243844166.759998,14.771832049193693,1.6219153801704629,3.09572955264591,,Tencent/Eastmoney;按公告日匹配财报，使用历史生效股本
2021-01-13,15998715733.659998,15998715733.659998,14.54891707863242,1.5974397959626592,3.049013311911817,,Tencent/Eastmoney;按公告日匹配财报，使用历史生效股本
2021-01-14,16113109002.439999,16113109002.439999,14.652944064894347,1.6088617352596344,3.0708142242543937,,Tencent/Eastmoney;按公告日匹配财报，使用历史生效股本
2021-01-15,16162134689.060001,16162134689.060001,14.697527059006605,1.6137568521011953,3.080157472401213,,Tencent/Eastmoney;按公告日匹配财报，使用历史生效股本
2021-01-18,16374579331.08,16374579331.08,14.89072003349304,1.6349690250812916,3.1206448810374265,,Tencent/Eastmoney;按公告日匹配财报，使用历史生效股本
2021-01-19,16260186062.3,16260186062.3,14.786693047231111,1.6235470857843166,3.0988439686948497,,Tencent/Eastmoney;按公告日匹配财报，使用历史生效股本
2021-01-20,16031399524.740002,16031399524.740002,14.578639074707258,1.6007032071903666,3.0552421440096964,,Tencent/Eastmoney;按公告日匹配财报，使用历史生效股本
2021-01-21,16080425211.36,16080425211.36,14.623222068819512,1.6055983240319271,3.064585392156515,,Tencent/Eastmoney;按公告日匹配财报，使用历史生效股本
2021-01-22,16162134689.060001,16162134689.060001,14.697527059006605,1.6137568521011953,3.080157472401213,,Tencent/Eastmoney;按公告日匹配财报，使用历史生效股本
2021-01-25,15982373838.119999,15982373838.119999,14.534056080595002,1.5958080903488057,3.0458988958628774,,Tencent/Eastmoney;按公告日匹配财报，使用历史生效股本
2021-01-26,15541142658.539999,15541142658.539999,14.13280913358471,1.551752038774759,2.96180966254151,,Tencent/Eastmoney;按公告日匹配财报，使用历史生效股本
2021-01-27,15197962852.2,15197962852.2,13.82072817479893,1.5174862208838338,2.8964069255137797,,Tencent/Eastmoney;按公告日匹配财报，使用历史生效股本
2021-01-28,14789415463.7,14789415463.7,13.449203223863474,1.476693580537494,2.8185465242902907,,Tencent/Eastmoney;按公告日匹配财报，使用历史生效股本
2021-01-29,14544287030.6,14544287030.6,13.2262882533022,1.4522179963296904,2.7718302835561976,,Tencent/Eastmoney;按公告日匹配财报，使用历史生效股本
2021-02-01,14544287030.6,14544287030.6,13.2262882533022,1.4522179963296904,2.7718302835561976,,Tencent/Eastmoney;按公告日匹配财报，使用历史生效股本
2021-02-02,14282816701.960001,14282816701.960001,12.98851228470351,1.426110706508033,2.7219996267731648,,Tencent/Eastmoney;按公告日匹配财报，使用历史生效股本
2021-02-03,14005004477.78,14005004477.78,12.7358753180674,1.398371711072522,2.6690545539411925,,Tencent/Eastmoney;按公告日匹配财报，使用历史生效股本
2021-02-04,13563773298.2,13563773298.2,12.334628371057109,1.3543156594984753,2.584965320619825,,Tencent/Eastmoney;按公告日匹配财报，使用历史生效股本
2021-02-05,13743534149.14,13743534149.14,12.498099349468708,1.3722644212508646,2.6192238971581596,,Tencent/Eastmoney;按公告日匹配财报，使用历史生效股本
2021-02-08,13955978791.159998,13955978791.159998,12.691292323955144,1.393476594230961,2.659711305794373,,Tencent/Eastmoney;按公告日匹配财报，使用历史生效股本
2021-02-09,14217449119.8,14217449119.8,12.929068292553836,1.4195838840526185,2.7095419625774064,,Tencent/Eastmoney;按公告日匹配财报，使用历史生效股本
2021-02-10,14380868075.2,14380868075.2,13.07767827292802,1.4359009401911544,2.7406861230668023,,Tencent/Eastmoney;按公告日匹配财报，使用历史生效股本
2021-02-18,15818954882.72,15818954882.72,14.38544610022082,1.57949103421027,3.014754735373482,,Tencent/Eastmoney;按公告日匹配财报，使用历史生效股本
2021-02-19,16162134689.060001,16162134689.060001,14.697527059006605,1.6137568521011953,3.080157472401213,,Tencent/Eastmoney;按公告日匹配财报，使用历史生效股本
2021-02-22,16178476584.6,16178476584.6,14.712388057044022,1.6153885577150489,3.0832718884501524,,Tencent/Eastmoney;按公告日匹配财报，使用历史生效股本
2021-02-23,16390921226.619999,16390921226.619999,14.905581031530456,1.6366007306951453,3.123759297086366,,Tencent/Eastmoney;按公告日匹配财报，使用历史生效股本
2021-02-24,16325553644.460001,16325553644.460001,14.846137039380785,1.630073908239731,3.1113016328906085,,Tencent/Eastmoney;按公告日匹配财报，使用历史生效股本
2021-02-25,16031399524.740002,16031399524.740002,14.578639074707258,1.6007032071903666,3.0552421440096964,,Tencent/Eastmoney;按公告日匹配财报，使用历史生效股本
2021-02-26,15769929196.1,15769929196.1,14.340863106108566,1.5745959173687092,3.0054114872266635,,Tencent/Eastmoney;按公告日匹配财报，使用历史生效股本
2021-03-01,16456288808.78,16456288808.78,14.96502502368013,1.6431275531505598,3.1362169612821247,,Tencent/Eastmoney;按公告日匹配财报，使用历史生效股本
2021-03-02,16243844166.759998,16243844166.759998,14.771832049193693,1.6219153801704629,3.09572955264591,,Tencent/Eastmoney;按公告日匹配财报，使用历史生效股本
2021-03-03,16325553644.460001,16325553644.460001,14.846137039380785,1.630073908239731,3.1113016328906085,,Tencent/Eastmoney;按公告日匹配财报，使用历史生效股本
2021-03-04,16881178092.82,16881178092.82,15.351410972653003,1.685551899110753,3.2171917785545525,,Tencent/Eastmoney;按公告日匹配财报，使用历史生效股本
2021-03-05,16979229466.060001,16979229466.060001,15.440576960877515,1.6953421327938745,3.2358782748481905,,Tencent/Eastmoney;按公告日匹配财报，使用历史生效股本
2021-03-08,17878033720.76,17878033720.76,16.257931852935513,1.7850859415558213,3.4071711575398647,,Tencent/Eastmoney;按公告日匹配财报，使用历史生效股本
2021-03-09,17240699794.7,17240699794.7,15.678352929476205,1.721449422615532,3.285708931631223,,Tencent/Eastmoney;按公告日匹配财报，使用历史生效股本
2021-03-10,16456288808.78,16456288808.78,14.96502502368013,1.6431275531505598,3.1362169612821247,,Tencent/Eastmoney;按公告日匹配财报，使用历史生效股本
2021-03-11,17126306525.92,17126306525.92,15.574325943214276,1.7100274833185567,3.263908019288646,,Tencent/Eastmoney;按公告日匹配财报，使用历史生效股本
2021-03-12,17060938943.759998,17060938943.759998,15.514881951064602,1.7035006608631422,3.2514503550928873,,Tencent/Eastmoney;按公告日匹配财报，使用历史生效股本
2021-03-15,16897519988.36,16897519988.36,15.366271970690423,1.6871836047246065,3.2203061946034923,,Tencent/Eastmoney;按公告日匹配财报，使用历史生效股本
2021-03-16,17420460645.64,17420460645.64,15.841823907887804,1.7393981843679212,3.3199675081695577,,Tencent/Eastmoney;按公告日匹配财报，使用历史生效股本
2021-03-17,17453144436.72,17453144436.72,15.871545903962643,1.7426615955956284,3.3261963402674373,,Tencent/Eastmoney;按公告日匹配财报，使用历史生效股本
2021-03-18,17158990317.0,17158990317.0,15.604047939289114,1.7132908945462637,3.270136851386525,,Tencent/Eastmoney;按公告日匹配财报，使用历史生效股本
2021-03-19,16979229466.060001,16979229466.060001,15.440576960877515,1.6953421327938745,3.2358782748481905,,Tencent/Eastmoney;按公告日匹配财报，使用历史生效股本
2021-03-22,17126306525.92,17126306525.92,15.574325943214276,1.7100274833185567,3.263908019288646,,Tencent/Eastmoney;按公告日匹配财报，使用历史生效股本
2021-03-23,16946545674.98,16946545674.98,15.410854964802676,1.692078721566167,3.229649442750311,,Tencent/Eastmoney;按公告日匹配财报，使用历史生效股本
2021-03-24,16227502271.22,16227502271.22,14.756971051156276,1.6202836745566094,3.0926151365969705,,Tencent/Eastmoney;按公告日匹配财报，使用历史生效股本
2021-03-25,16031399524.740002,16031399524.740002,14.578639074707258,1.6007032071903666,3.0552421440096964,,Tencent/Eastmoney;按公告日匹配财报，使用历史生效股本
2021-03-26,16080425211.36,16080425211.36,14.623222068819512,1.6055983240319271,3.064585392156515,,Tencent/Eastmoney;按公告日匹配财报，使用历史生效股本
2021-03-29,16194818480.14,16194818480.14,14.727249055081439,1.6170202633289024,3.086386304499092,,Tencent/Eastmoney;按公告日匹配财报，使用历史生效股本
2021-03-30,16194818480.14,16194818480.14,14.727249055081439,1.6170202633289024,3.086386304499092,,Tencent/Eastmoney;按公告日匹配财报，使用历史生效股本
2021-03-31,17355093063.48,17355093063.48,15.782379915738131,1.7328713619125067,3.3075098439737993,,Tencent/Eastmoney;按公告日匹配财报，使用历史生效股本
2021-04-01,17257041690.24,17257041690.24,15.693213927513623,1.7230811282293854,3.2888233476801627,,Tencent/Eastmoney;按公告日匹配财报，使用历史生效股本
2021-04-02,16930203779.439999,16930203779.439999,15.395993966765257,1.6904470159523135,3.226535026701371,,Tencent/Eastmoney;按公告日匹配财报，使用历史生效股本
2021-04-06,16881178092.82,16881178092.82,15.351410972653003,1.685551899110753,3.2171917785545525,,Tencent/Eastmoney;按公告日匹配财报，使用历史生效股本
2021-04-07,16913861883.9,16913861883.9,15.38113296872784,1.68881531033846,3.2234206106524317,,Tencent/Eastmoney;按公告日匹配财报，使用历史生效股本
2021-04-08,16766784824.039999,16766784824.039999,15.247383986391075,1.6741299598137778,3.1953908662119757,,Tencent/Eastmoney;按公告日匹配财报，使用历史生效股本
2021-04-09,16587023973.1,16587023973.1,15.083913007979477,1.6561811980613883,3.161132289673641,,Tencent/Eastmoney;按公告日匹配财报，使用历史生效股本
2021-04-12,16603365868.64,16603365868.64,15.098774006016894,1.657812903675242,3.1642467057225803,,Tencent/Eastmoney;按公告日匹配财报，使用历史生效股本
2021-04-13,16374579331.08,16374579331.08,15.224982453048195,1.587618025471256,3.05349833357022,,Tencent/Eastmoney;按公告日匹配财报，使用历史生效股本
2021-04-14,16472630704.32,16472630704.32,15.316150012647286,1.597124720234557,3.0717827547293233,,Tencent/Eastmoney;按公告日匹配财报，使用历史生效股本
2021-04-15,16832152406.2,16832152406.2,15.65043106451062,1.6319826010333272,3.1388256323127015,,Tencent/Eastmoney;按公告日匹配财报，使用历史生效股本
2021-04-16,16930203779.439999,16930203779.439999,15.74159862410971,1.6414892957966278,3.157110053471804,,Tencent/Eastmoney;按公告日匹配财报，使用历史生效股本
2021-04-19,16979229466.060001,16979229466.060001,15.787182403909258,1.6462426431782786,3.1662522640513564,,Tencent/Eastmoney;按公告日匹配财报，使用历史生效股本
2021-04-20,17142648421.460001,17142648421.460001,15.93912833657441,1.6620871344504466,3.196726299316528,,Tencent/Eastmoney;按公告日匹配财报，使用历史生效股本
2021-04-21,16897519988.36,16897519988.36,15.71120943757668,1.6383203975421943,3.1510152464187704,,Tencent/Eastmoney;按公告日匹配财报，使用历史生效股本
2021-04-22,16946545674.98,16946545674.98,15.756793217376226,1.6430737449238446,3.1601574569983217,,Tencent/Eastmoney;按公告日匹配财报，使用历史生效股本
2021-04-23,16390921226.619999,16390921226.619999,15.24017704631471,1.5892024745984727,3.0565457370967373,,Tencent/Eastmoney;按公告日匹配财报，使用历史生效股本
2021-04-26,16505314495.4,16505314495.4,15.346539199180317,1.6002936184889907,3.0778775617823575,,Tencent/Eastmoney;按公告日匹配财报，使用历史生效股本
2021-04-27,14936492523.560001,14936492523.560001,14.118142833256732,1.4125454776920927,2.7238756065871375,,Tencent/Eastmoney;按公告日匹配财报，使用历史生效股本
2021-04-28,14920150628.02,14920150628.02,14.102696287487303,1.4110000231213136,2.72089543633923,,Tencent/Eastmoney;按公告日匹配财报，使用历史生效股本
2021-04-29,14642338403.840002,14642338403.840002,13.840105009407036,1.384727295418069,2.670232542124809,,Tencent/Eastmoney;按公告日匹配财报，使用历史生效股本
2021-04-30,14560628926.14,14560628926.14,13.762872280559897,1.3770000225641734,2.6553316908852724,,Tencent/Eastmoney;按公告日匹配财报，使用历史生效股本
2021-05-06,14560628926.14,14560628926.14,13.762872280559897,1.3770000225641734,2.6553316908852724,,Tencent/Eastmoney;按公告日匹配财报，使用历史生效股本
2021-05-07,14544287030.6,14544287030.6,13.74742573479047,1.3754545679933943,2.6523515206373656,,Tencent/Eastmoney;按公告日匹配财报，使用历史生效股本
2021-05-10,14576970821.68,14576970821.68,13.778318826329325,1.3785454771349523,2.6583118611331797,,Tencent/Eastmoney;按公告日匹配财报，使用历史生效股本
2021-05-11,14348184284.119999,14348184284.119999,13.56206718555734,1.356909113144045,2.6165894776624796,,Tencent/Eastmoney;按公告日匹配财报，使用历史生效股本
2021-05-12,14593312717.22,14593312717.22,13.793765372098752,1.3800909317057315,2.6612920313810866,,Tencent/Eastmoney;按公告日匹配财报，使用历史生效股本
2021-05-13,14429893761.82,14429893761.82,13.639299914404477,1.3646363859979407,2.6314903289020153,,Tencent/Eastmoney;按公告日匹配财报，使用历史生效股本
2021-05-14,14593312717.22,14593312717.22,13.793765372098752,1.3800909317057315,2.6612920313810866,,Tencent/Eastmoney;按公告日匹配财报，使用历史生效股本
2021-05-17,14593312717.22,14593312717.22,13.793765372098752,1.3800909317057315,2.6612920313810866,,Tencent/Eastmoney;按公告日匹配财报，使用历史生效股本
2021-05-18,14406891884.28,14406891884.28,13.617558277803344,1.3630909314271615,2.6272956189968566,,Tencent/Eastmoney;按公告日匹配财报，使用历史生效股本
2021-05-19,14308885817.039999,14308885817.039999,13.524921826933932,1.3538182040024869,2.6094228596839524,,Tencent/Eastmoney;按公告日匹配财报，使用历史生效股本
2021-05-20,14602904018.759998,14602904018.759998,13.802831179542162,1.3816363862765106,2.6630411376226637,,Tencent/Eastmoney;按公告日匹配财报，使用历史生效股本
2021-05-21,14537566640.6,14537566640.6,13.741073545629224,1.3754545679933943,2.651125964747395,,Tencent/Eastmoney;按公告日匹配财报，使用历史生效股本
2021-05-24,14308885817.039999,14308885817.039999,13.524921826933932,1.3538182040024869,2.6094228596839524,,Tencent/Eastmoney;按公告日匹配财报，使用历史生效股本
2021-05-25,14210879749.8,14210879749.8,13.432285376064522,1.3445454765778122,2.5915501003710486,,Tencent/Eastmoney;按公告日匹配财报，使用历史生效股本
2021-05-26,14472229262.439999,14472229262.439999,13.679315911716282,1.369272749710278,2.6392107918721255,,Tencent/Eastmoney;按公告日匹配财报，使用历史生效股本
2021-05-27,14357888850.659998,14357888850.659998,13.571240052368635,1.358454567714824,2.6183592393404043,,Tencent/Eastmoney;按公告日匹配财报，使用历史生效股本
2021-05-28,14227214094.340002,14227214094.340002,13.447724784542759,1.3460909311485916,2.5945288935898665,,Tencent/Eastmoney;按公告日匹配财报，使用历史生效股本
2021-05-31,14243548438.880001,14243548438.880001,13.463164193020994,1.3476363857193707,2.5975076868086835,,Tencent/Eastmoney;按公告日匹配财报，使用历史生效股本
2021-06-01,13835189825.380001,13835189825.380001,13.077178981065117,1.3090000214498934,2.5230378563382514,,Tencent/Eastmoney;按公告日匹配财报，使用历史生效股本
2021-06-02,13606509001.82,13606509001.82,12.861027262369824,1.287363657458986,2.481334751274809,,Tencent/Eastmoney;按公告日匹配财报，使用历史生效股本
2021-06-03,13622843346.36,13622843346.36,12.87646667084806,1.2889091120297649,2.4843135444936264,,Tencent/Eastmoney;按公告日匹配财报，使用历史生效股本
2021-06-04,13590174657.28,13590174657.28,12.84558785389159,1.2858182028882068,2.4783559580559915,,Tencent/Eastmoney;按公告日匹配财报，使用历史生效股本
2021-06-07,13557505968.2,13557505968.2,12.81470903693512,1.2827272937466487,2.472398371618357,,Tencent/Eastmoney;按公告日匹配财报，使用历史生效股本
2021-06-08,13622843346.36,13622843346.36,12.87646667084806,1.2889091120297649,2.4843135444936264,,Tencent/Eastmoney;按公告日匹配财报，使用历史生效股本
2021-06-09,13671846379.98,13671846379.98,12.922784896282764,1.293545475742102,2.493249924150078,,Tencent/Eastmoney;按公告日匹配财报，使用历史生效股本
2021-06-10,13704515069.060001,13704515069.060001,12.953663713239235,1.2966363848836606,2.4992075105877127,,Tencent/Eastmoney;按公告日匹配财报，使用历史生效股本
2021-06-11,13606509001.82,13606509001.82,12.861027262369824,1.287363657458986,2.481334751274809,,Tencent/Eastmoney;按公告日匹配财报，使用历史生效股本
2021-06-15,13410496867.340002,13410496867.340002,12.675754360631005,1.2688182026096368,2.445589232649002,,Tencent/Eastmoney;按公告日匹配财报，使用历史生效股本
2021-06-16,13247153421.939999,13247153421.939999,12.52136027584865,1.2533636569018458,2.415801300460828,,Tencent/Eastmoney;按公告日匹配财报，使用历史生效股本
2021-06-17,13181816043.78,13181816043.78,12.459602641935712,1.2471818386187294,2.4038861275855594,,Tencent/Eastmoney;按公告日匹配财报，使用历史生效股本
2021-06-18,13214484732.86,13214484732.86,12.490481458892182,1.2502727477602875,2.409843714023194,,Tencent/Eastmoney;按公告日匹配财报，使用历史生效股本
2021-06-21,13165481699.240002,13165481699.240002,12.444163233457479,1.2456363840479503,2.400907334366742,,Tencent/Eastmoney;按公告日匹配财报，使用历史生效股本
2021-06-22,13361493833.72,13361493833.72,12.629436135196297,1.2641818388972994,2.436652852992549,,Tencent/Eastmoney;按公告日匹配财报，使用历史生效股本
2021-06-23,13410496867.340002,13410496867.340002,12.675754360631005,1.2688182026096368,2.445589232649002,,Tencent/Eastmoney;按公告日匹配财报，使用历史生效股本
2021-06-24,13475834245.5,13475834245.5,12.737511994543944,1.2750000208927532,2.4575044055242703,,Tencent/Eastmoney;按公告日匹配财报，使用历史生效股本
2021-06-25,13916861548.08,13916861548.08,13.15437602345629,1.3167272943037887,2.5379318224323373,,Tencent/Eastmoney;按公告日匹配财报，使用历史生效股本
2021-06-28,14145542371.64,14145542371.64,13.370527742151582,1.338363658294696,2.5796349274957797,,Tencent/Eastmoney;按公告日匹配财报，使用历史生效股本
2021-06-29,13541171623.659998,13541171623.659998,12.799269628456882,1.2811818391758694,2.469419578399539,,Tencent/Eastmoney;按公告日匹配财报，使用历史生效股本
2021-06-30,13557505968.2,13557505968.2,12.81470903693512,1.2827272937466487,2.472398371618357,,Tencent/Eastmoney;按公告日匹配财报，使用历史生效股本
2021-07-01,13394162522.8,13394162522.8,12.660314952152767,1.2672727480388575,2.442610439430184,,Tencent/Eastmoney;按公告日匹配财报，使用历史生效股本
2021-07-02,13263487766.48,13263487766.48,12.536799684326887,1.2549091114726247,2.4187800936796453,,Tencent/Eastmoney;按公告日匹配财报，使用历史生效股本
2021-07-05,13296156455.560001,13296156455.560001,12.567678501283359,1.2580000206141833,2.4247376801172806,,Tencent/Eastmoney;按公告日匹配财报，使用历史生效股本
2021-07-06,13328825144.64,13328825144.64,12.598557318239827,1.2610909297557413,2.4306952665549146,,Tencent/Eastmoney;按公告日匹配财报，使用历史生效股本
2021-07-07,13361493833.72,13361493833.72,12.629436135196297,1.2641818388972994,2.436652852992549,,Tencent/Eastmoney;按公告日匹配财报，使用历史生效股本
2021-07-08,13247153421.939999,13247153421.939999,12.52136027584865,1.2533636569018458,2.415801300460828,,Tencent/Eastmoney;按公告日匹配财报，使用历史生效股本
2021-07-09,13475834245.5,13475834245.5,12.737511994543944,1.2750000208927532,2.4575044055242703,,Tencent/Eastmoney;按公告日匹配财报，使用历史生效股本
2021-07-12,13508502934.58,13508502934.58,12.768390811500414,1.2780909300343113,2.463461991961905,,Tencent/Eastmoney;按公告日匹配财报，使用历史生效股本
2021-07-13,13508502934.58,13508502934.58,12.768390811500414,1.2780909300343113,2.463461991961905,,Tencent/Eastmoney;按公告日匹配财报，使用历史生效股本
2021-07-14,13361493833.72,13361493833.72,12.629436135196297,1.2641818388972994,2.436652852992549,,Tencent/Eastmoney;按公告日匹配财报，使用历史生效股本
2021-07-15,13361493833.72,13361493833.72,12.629436135196297,1.2641818388972994,2.436652852992549,,Tencent/Eastmoney;按公告日匹配财报，使用历史生效股本
2021-07-16,13345159489.18,13345159489.18,12.613996726718064,1.2626363843265203,2.433674059773732,,Tencent/Eastmoney;按公告日匹配财报，使用历史生效股本
2021-07-19,13394162522.8,13394162522.8,12.660314952152767,1.2672727480388575,2.442610439430184,,Tencent/Eastmoney;按公告日匹配财报，使用历史生效股本
2021-07-20,13328825144.64,13328825144.64,12.598557318239827,1.2610909297557413,2.4306952665549146,,Tencent/Eastmoney;按公告日匹配财报，使用历史生效股本
2021-07-21,13361493833.72,13361493833.72,12.629436135196297,1.2641818388972994,2.436652852992549,,Tencent/Eastmoney;按公告日匹配财报，使用历史生效股本
2021-07-22,13541171623.659998,13541171623.659998,12.799269628456882,1.2811818391758694,2.469419578399539,,Tencent/Eastmoney;按公告日匹配财报，使用历史生效股本
2021-07-23,13622843346.36,13622843346.36,12.87646667084806,1.2889091120297649,2.4843135444936264,,Tencent/Eastmoney;按公告日匹配财报，使用历史生效股本
2021-07-26,13296156455.560001,13296156455.560001,12.567678501283359,1.2580000206141833,2.4247376801172806,,Tencent/Eastmoney;按公告日匹配财报，使用历史生效股本
2021-07-27,13034806942.92,13034806942.92,12.320647965631597,1.2332727474817176,2.3770769886162033,,Tencent/Eastmoney;按公告日匹配财报，使用历史生效股本
2021-07-28,12593779640.34,12593779640.34,11.903783936719249,1.191545474070682,2.2966495717081363,,Tencent/Eastmoney;按公告日匹配财报，使用历史生效股本
2021-07-29,12642782673.960001,12642782673.960001,11.950102162153955,1.1961818377830193,2.3055859513645887,,Tencent/Eastmoney;按公告日匹配财报，使用历史生效股本
2021-07-30,12544776606.72,12544776606.72,11.857465711284544,1.1869091103583447,2.2877131920516844,,Tencent/Eastmoney;按公告日匹配财报，使用历史生效股本
2021-08-02,12610113984.88,12610113984.88,11.919223345197484,1.193090928641461,2.2996283649269533,,Tencent/Eastmoney;按公告日匹配财报，使用历史生效股本
2021-08-03,12708120052.12,12708120052.12,12.011859796066895,1.2023636560661357,2.3175011242398575,,Tencent/Eastmoney;按公告日匹配财报，使用历史生效股本
2021-08-04,12544776606.72,12544776606.72,11.857465711284544,1.1869091103583447,2.2877131920516844,,Tencent/Eastmoney;按公告日匹配财报，使用历史生效股本
2021-08-05,12397767505.86,12397767505.86,11.718511034980429,1.1730000192213328,2.260904053082329,,Tencent/Eastmoney;按公告日匹配财报，使用历史生效股本
2021-08-06,12365098816.78,12365098816.78,11.687632218023959,1.1699091100797747,2.2549464666446943,,Tencent/Eastmoney;按公告日匹配财报，使用历史生效股本
2021-08-09,12544776606.72,12544776606.72,11.857465711284544,1.1869091103583447,2.2877131920516844,,Tencent/Eastmoney;按公告日匹配财报，使用历史生效股本
2021-08-10,12479439228.56,12479439228.56,11.795708077371604,1.1807272920752283,2.275798019176415,,Tencent/Eastmoney;按公告日匹配财报，使用历史生效股本
2021-08-11,12610113984.88,12610113984.88,11.919223345197484,1.193090928641461,2.2996283649269533,,Tencent/Eastmoney;按公告日匹配财报，使用历史生效股本
2021-08-12,12626448329.42,12626448329.42,11.934662753675719,1.1946363832122402,2.302607158145771,,Tencent/Eastmoney;按公告日匹配财报，使用历史生效股本
2021-08-13,12642782673.960001,12642782673.960001,11.950102162153955,1.1961818377830193,2.3055859513645887,,Tencent/Eastmoney;按公告日匹配财报，使用历史生效股本
2021-08-16,12708120052.12,12708120052.12,12.011859796066895,1.2023636560661357,2.3175011242398575,,Tencent/Eastmoney;按公告日匹配财报，使用历史生效股本
2021-08-17,12414101850.4,12414101850.4,11.733950443458662,1.174545473792112,2.2638828463011462,,Tencent/Eastmoney;按公告日匹配财报，使用历史生效股本
2021-08-18,12463104884.02,12463104884.02,11.780268668893369,1.1791818375044492,2.272819225957598,,Tencent/Eastmoney;按公告日匹配财报，使用历史生效股本
2021-08-19,12397767505.86,12397767505.86,11.718511034980429,1.1730000192213328,2.260904053082329,,Tencent/Eastmoney;按公告日匹配财报，使用历史生效股本
2021-08-20,12316095783.16,12316095783.16,11.641313992589252,1.1652727463674375,2.2460100869882424,,Tencent/Eastmoney;按公告日匹配财报，使用历史生效股本
2021-08-23,12479439228.56,12479439228.56,11.795708077371604,1.1807272920752283,2.275798019176415,,Tencent/Eastmoney;按公告日匹配财报，使用历史生效股本
2021-08-24,12512107917.64,12512107917.64,11.742936368474183,1.1847109925348258,2.2218615572075886,,Tencent/Eastmoney;按公告日匹配财报，使用历史生效股本
2021-08-25,12544776606.72,12544776606.72,11.773596776746961,1.1878042327242118,2.227662762317791,,Tencent/Eastmoney;按公告日匹配财报，使用历史生效股本
2021-08-26,12610113984.88,12610113984.88,11.83491759329252,1.1939907131029837,2.2392651725381962,,Tencent/Eastmoney;按公告日匹配财报，使用历史生效股本
2021-08-27,12806126119.36,12806126119.36,12.018880042929192,1.2125501542392996,2.274072403199412,,Tencent/Eastmoney;按公告日匹配财报，使用历史生效股本
2021-08-30,12642782673.960001,12642782673.960001,11.8655780015653,1.1970839532923696,2.2450663776483992,,Tencent/Eastmoney;按公告日匹配财报，使用历史生效股本
2021-08-31,12724454396.66,12724454396.66,11.942229022247245,1.2048170537658345,2.259569390423905,,Tencent/Eastmoney;按公告日匹配财报，使用历史生效股本
2021-09-01,13361493833.72,13361493833.72,12.540106983566426,1.265135237458861,2.3726928900728557,,Tencent/Eastmoney;按公告日匹配财报，使用历史生效股本
2021-09-02,13377828178.259998,13377828178.259998,12.555437187702815,1.266681857553554,2.3755934926279565,,Tencent/Eastmoney;按公告日匹配财报，使用历史生效股本
2021-09-03,13524837279.119999,13524837279.119999,12.693409024930318,1.2806014384057907,2.4016989156238684,,Tencent/Eastmoney;按公告日匹配财报，使用历史生效股本
2021-09-06,13426831211.880001,13426831211.880001,12.601427800111985,1.271321717837633,2.384295300293261,,Tencent/Eastmoney;按公告日匹配财报，使用历史生效股本
2021-09-07,13524837279.119999,13524837279.119999,12.693409024930318,1.2806014384057907,2.4016989156238684,,Tencent/Eastmoney;按公告日匹配财报，使用历史生效股本
2021-09-08,13557505968.2,13557505968.2,12.724069433203098,1.2836946785951768,2.4075001207340714,,Tencent/Eastmoney;按公告日匹配财报，使用历史生效股本
2021-09-09,14096539338.02,14096539338.02,13.229966169703944,1.3347331417200454,2.503220005052414,,Tencent/Eastmoney;按公告日匹配财报，使用历史生效股本
2021-09-10,13851524169.92,13851524169.92,13.000013107658106,1.3115338402996506,2.4597109667258943,,Tencent/Eastmoney;按公告日匹配财报，使用历史生效股本
2021-09-13,14080204993.48,14080204993.48,13.214635965567554,1.3331865216253522,2.5003194024973125,,Tencent/Eastmoney;按公告日匹配财报，使用历史生效股本
2021-09-14,13769852447.22,13769852447.22,12.923362086976157,1.3038007398261855,2.445207953950388,,Tencent/Eastmoney;按公告日匹配财报，使用历史生效股本
2021-09-15,13818855480.840002,13818855480.840002,12.969352699385327,1.3084406001102646,2.453909761615692,,Tencent/Eastmoney;按公告日匹配财报，使用历史生效股本
2021-09-16,13541171623.659998,13541171623.659998,12.708739229066706,1.2821480585004836,2.4045995181789697,,Tencent/Eastmoney;按公告日匹配财报，使用历史生效股本
2021-09-17,13459499900.960001,13459499900.960001,12.632088208384763,1.274414958027019,2.3900965054034637,,Tencent/Eastmoney;按公告日匹配财报，使用历史生效股本
2021-09-22,13704515069.060001,13704515069.060001,12.862041270430602,1.2976142594474136,2.433605543729983,,Tencent/Eastmoney;按公告日匹配财报，使用历史生效股本
2021-09-23,13671846379.98,13671846379.98,12.831380862157822,1.2945210192580274,2.4278043386197803,,Tencent/Eastmoney;按公告日匹配财报，使用历史生效股本
2021-09-24,13361493833.72,13361493833.72,12.540106983566426,1.265135237458861,2.3726928900728557,,Tencent/Eastmoney;按公告日匹配财报，使用历史生效股本
2021-09-27,13034806942.92,13034806942.92,12.23350290083864,1.2342028355650014,2.3146808389708298,,Tencent/Eastmoney;按公告日匹配财报，使用历史生效股本
2021-09-28,13279822111.02,13279822111.02,12.463455962884481,1.257402136985396,2.3581898772973493,,Tencent/Eastmoney;按公告日匹配财报，使用历史生效股本
2021-09-29,13083809976.539999,13083809976.539999,12.279493513247807,1.2388426958490801,2.3233826466361336,,Tencent/Eastmoney;按公告日匹配财报，使用历史生效股本
2021-09-30,13116478665.619999,13116478665.619999,12.310153921520586,1.241935936038466,2.329183851746336,,Tencent/Eastmoney;按公告日匹配财报，使用历史生效股本
2021-10-08,13312490800.1,13312490800.1,12.49411637115726,1.260495377174782,2.363991082407552,,Tencent/Eastmoney;按公告日匹配财报，使用历史生效股本
2021-10-11,13312490800.1,13312490800.1,12.49411637115726,1.260495377174782,2.363991082407552,,Tencent/Eastmoney;按公告日匹配财报，使用历史生效股本
2021-10-12,13149147354.7,13149147354.7,12.340814329793366,1.2450291762278523,2.334985056856539,,Tencent/Eastmoney;按公告日匹配财报，使用历史生效股本
2021-10-13,13328825144.64,13328825144.64,12.509446575293648,1.262041997269475,2.366891684962653,,Tencent/Eastmoney;按公告日匹配财报，使用历史生效股本
2021-10-14,13263487766.48,13263487766.48,12.448125758748091,1.2558555168907028,2.355289274742248,,Tencent/Eastmoney;按公告日匹配财报，使用历史生效股本
2021-10-15,13181816043.78,13181816043.78,12.371474738066144,1.2481224164172382,2.3407862619667417,,Tencent/Eastmoney;按公告日匹配财报，使用历史生效股本
2021-10-18,13230819077.4,13230819077.4,12.417465350475313,1.2527622767013171,2.349488069632045,,Tencent/Eastmoney;按公告日匹配财报，使用历史生效股本
2021-10-19,13230819077.4,13230819077.4,12.417465350475313,1.2527622767013171,2.349488069632045,,Tencent/Eastmoney;按公告日匹配财报，使用历史生效股本
2021-10-20,13149147354.7,13149147354.7,12.340814329793366,1.2450291762278523,2.334985056856539,,Tencent/Eastmoney;按公告日匹配财报，使用历史生效股本
2021-10-21,12969469564.76,12969469564.76,12.172182084293084,1.2280163551862293,2.3030784287504247,,Tencent/Eastmoney;按公告日匹配财报，使用历史生效股本
2021-10-22,12724454396.66,12724454396.66,11.942229022247245,1.2048170537658345,2.259569390423905,,Tencent/Eastmoney;按公告日匹配财报，使用历史生效股本
2021-10-25,12691785707.58,12691785707.58,11.911568613974467,1.2017238135764485,2.2537681853137026,,Tencent/Eastmoney;按公告日匹配财报，使用历史生效股本
2021-10-26,12675451363.039999,12675451363.039999,11.896238409838077,1.2001771934817556,2.2508675827586013,,Tencent/Eastmoney;按公告日匹配财报，使用历史生效股本
2021-10-27,12544776606.72,12544776606.72,11.773596776746961,1.1878042327242118,2.227662762317791,,Tencent/Eastmoney;按公告日匹配财报，使用历史生效股本
2021-10-28,12071080615.06,12071080615.06,12.27628281425148,1.124872944522412,2.1261428966371794,,Tencent/Eastmoney;按公告日匹配财报，使用历史生效股本
2021-10-29,12169086682.300001,12169086682.300001,12.375954934529572,1.1340058777661663,2.1434052205611622,,Tencent/Eastmoney;按公告日匹配财报，使用历史生效股本
2021-11-01,12218089715.92,12218089715.92,12.425790994668617,1.1385723443880436,2.1520363825231534,,Tencent/Eastmoney;按公告日匹配财报，使用历史生效股本
2021-11-02,12038411925.98,12038411925.98,12.243058774158783,1.1218286334411605,2.1203887886625186,,Tencent/Eastmoney;按公告日匹配财报，使用历史生效股本
2021-11-03,12120083648.68,12120083648.68,12.326118874390525,1.1294394111442891,2.134774058599171,,Tencent/Eastmoney;按公告日匹配财报，使用历史生效股本
2021-11-04,12332430127.699999,12332430127.699999,12.542075134993054,1.1492274331724235,2.1721757604344663,,Tencent/Eastmoney;按公告日匹配财报，使用历史生效股本
2021-11-05,12316095783.16,12316095783.16,12.525463114946707,1.1477052776317977,2.169298706447136,,Tencent/Eastmoney;按公告日匹配财报，使用历史生效股本
2021-11-08,12365098816.78,12365098816.78,12.575299175085753,1.152271744253675,2.177929868409127,,Tencent/Eastmoney;按公告日匹配财报，使用历史生效股本
2021-11-09,12316095783.16,12316095783.16,12.525463114946707,1.1477052776317977,2.169298706447136,,Tencent/Eastmoney;按公告日匹配财报，使用历史生效股本
2021-11-10,12283427094.08,12283427094.08,12.49223907485401,1.1446609665505463,2.163544598472475,,Tencent/Eastmoney;按公告日匹配财报，使用历史生效股本
2021-11-11,12446770539.48,12446770539.48,12.658359275317494,1.1598825219568036,2.192315138345779,,Tencent/Eastmoney;按公告日匹配财报，使用历史生效股本
2021-11-12,12397767505.86,12397767505.86,12.60852321517845,1.1553160553349264,2.183683976383788,,Tencent/Eastmoney;按公告日匹配财报，使用历史生效股本
2021-11-15,12708120052.12,12708120052.12,12.92415159605907,1.1842370106068152,2.238348002143066,,Tencent/Eastmoney;按公告日匹配财报，使用历史生效股本
2021-11-16,12626448329.42,12626448329.42,12.841091495827326,1.1766262329036867,2.223962732206414,,Tencent/Eastmoney;按公告日匹配财报，使用历史生效股本
2021-11-17,12642782673.960001,12642782673.960001,12.857703515873677,1.1781483884443125,2.2268397861937443,,Tencent/Eastmoney;按公告日匹配财报，使用历史生效股本
2021-11-18,12561110951.26,12561110951.26,12.774643415641933,1.1705376107411838,2.2124545162570923,,Tencent/Eastmoney;按公告日匹配财报，使用历史生效股本
2021-11-19,12871463497.52,12871463497.52,13.090271796522554,1.1994585660130725,2.26711854201637,,Tencent/Eastmoney;按公告日匹配财报，使用历史生效股本
2021-11-22,12985803909.300001,12985803909.300001,13.206555936846993,1.2101136547974527,2.2872579199276832,,Tencent/Eastmoney;按公告日匹配财报，使用历史生效股本
2021-11-23,12838794808.44,12838794808.44,13.057047756429856,1.196414254931821,2.261364434041709,,Tencent/Eastmoney;按公告日匹配财报，使用历史生效股本
2021-11-24,12773457430.28,12773457430.28,12.990599676244463,1.1903256327693181,2.2498562180923876,,Tencent/Eastmoney;按公告日匹配财报，使用历史生效股本
2021-11-25,12757123085.74,12757123085.74,12.973987656198114,1.1888034772286924,2.246979164105057,,Tencent/Eastmoney;按公告日匹配财报，使用历史生效股本
2021-11-26,12675451363.039999,12675451363.039999,12.890927555966371,1.1811926995255637,2.2325938941684047,,Tencent/Eastmoney;按公告日匹配财报，使用历史生效股本
2021-11-29,12479439228.56,12479439228.56,12.69158331541019,1.162926833038055,2.19806924632044,,Tencent/Eastmoney;按公告日匹配财报，使用历史生效股本
2021-11-30,12544776606.72,12544776606.72,12.758031395595584,1.1690154552005578,2.2095774622697615,,Tencent/Eastmoney;按公告日匹配财报，使用历史生效股本
2021-12-01,12642782673.960001,12642782673.960001,12.857703515873677,1.1781483884443125,2.2268397861937443,,Tencent/Eastmoney;按公告日匹配财报，使用历史生效股本
2021-12-02,12691785707.58,12691785707.58,12.90753957601272,1.1827148550661895,2.2354709481557355,,Tencent/Eastmoney;按公告日匹配财报，使用历史生效股本
2021-12-03,13067475632.0,13067475632.0,13.289616037078734,1.2177244325005812,2.3016431898643352,,Tencent/Eastmoney;按公告日匹配财报，使用历史生效股本
2021-12-06,12773457430.28,12773457430.28,12.990599676244463,1.1903256327693181,2.2498562180923876,,Tencent/Eastmoney;按公告日匹配财报，使用历史生效股本
2021-12-07,12904132186.6,12904132186.6,13.12349583661525,1.202502877094324,2.272872649991031,,Tencent/Eastmoney;按公告日匹配财报，使用历史生效股本
2021-12-08,12887797842.06,12887797842.06,13.106883816568901,1.2009807215536983,2.2699955960037004,,Tencent/Eastmoney;按公告日匹配财报，使用历史生效股本
2021-12-09,12904132186.6,12904132186.6,13.12349583661525,1.202502877094324,2.272872649991031,,Tencent/Eastmoney;按公告日匹配财报，使用历史生效股本
2021-12-10,12838794808.44,12838794808.44,13.057047756429856,1.196414254931821,2.261364434041709,,Tencent/Eastmoney;按公告日匹配财报，使用历史生效股本
2021-12-13,12806126119.36,12806126119.36,13.02382371633716,1.1933699438505696,2.2556103260670484,,Tencent/Eastmoney;按公告日匹配财报，使用历史生效股本
2021-12-14,12936800875.68,12936800875.68,13.156719876707948,1.2055471881755755,2.2786267579656916,,Tencent/Eastmoney;按公告日匹配财报，使用历史生效股本
2021-12-15,13296156455.560001,13296156455.560001,13.522184317727614,1.2390346100693415,2.3419219456869613,,Tencent/Eastmoney;按公告日匹配财报，使用历史生效股本
2021-12-16,13279822111.02,13279822111.02,13.505572297681264,1.2375124545287157,2.3390448916996305,,Tencent/Eastmoney;按公告日匹配财报，使用历史生效股本
2021-12-17,13181816043.78,13181816043.78,13.405900177403174,1.2283795212849613,2.321782567775648,,Tencent/Eastmoney;按公告日匹配财报，使用历史生效股本
2021-12-20,13198150388.32,13198150388.32,13.422512197449521,1.229901676825587,2.3246596217629785,,Tencent/Eastmoney;按公告日匹配财报，使用历史生效股本
2021-12-21,13279822111.02,13279822111.02,13.505572297681264,1.2375124545287157,2.3390448916996305,,Tencent/Eastmoney;按公告日匹配财报，使用历史生效股本
2021-12-22,13198150388.32,13198150388.32,13.422512197449521,1.229901676825587,2.3246596217629785,,Tencent/Eastmoney;按公告日匹配财报，使用历史生效股本
2021-12-23,13067475632.0,13067475632.0,13.289616037078734,1.2177244325005812,2.3016431898643352,,Tencent/Eastmoney;按公告日匹配财报，使用历史生效股本
2021-12-24,13034806942.92,13034806942.92,13.256391996986038,1.21468012141933,2.2958890818896744,,Tencent/Eastmoney;按公告日匹配财报，使用历史生效股本
2021-12-27,13083809976.539999,13083809976.539999,13.306228057125082,1.219246588041207,2.304520243851665,,Tencent/Eastmoney;按公告日匹配财报，使用历史生效股本
2021-12-28,13149147354.7,13149147354.7,13.372676137310478,1.22533521020371,2.3160284598009873,,Tencent/Eastmoney;按公告日匹配财报，使用历史生效股本
2021-12-29,13165481699.240002,13165481699.240002,13.389288157356827,1.2268573657443356,2.318905513788318,,Tencent/Eastmoney;按公告日匹配财报，使用历史生效股本
2021-12-30,13149147354.7,13149147354.7,13.372676137310478,1.22533521020371,2.3160284598009873,,Tencent/Eastmoney;按公告日匹配财报，使用历史生效股本
2021-12-31,13132813010.159998,13132813010.159998,13.356064117264125,1.223813054663084,2.3131514058136564,,Tencent/Eastmoney;按公告日匹配财报，使用历史生效股本
2022-01-04,13459499900.960001,13459499900.960001,13.688304518191098,1.2542561654755986,2.3706924855602654,,Tencent/Eastmoney;按公告日匹配财报，使用历史生效股本
2022-01-05,13361493833.72,13361493833.72,13.588632397913004,1.2451232322318442,2.3534301616362825,,Tencent/Eastmoney;按公告日匹配财报，使用历史生效股本
2022-01-06,13377828178.259998,13377828178.259998,13.605244417959353,1.24664538777247,2.356307215623613,,Tencent/Eastmoney;按公告日匹配财报，使用历史生效股本
2022-01-07,13426831211.880001,13426831211.880001,13.6550804780984,1.2512118543943473,2.3649383775856045,,Tencent/Eastmoney;按公告日匹配财报，使用历史生效股本
2022-01-10,13443165556.42,13443165556.42,13.671692498144749,1.252734009934973,2.367815431572935,,Tencent/Eastmoney;按公告日匹配财报，使用历史生效股本
2022-01-11,13557625380.300001,13557625380.300001,13.788098080513839,1.2633890987193532,2.3879758421652717,,Tencent/Eastmoney;按公告日匹配财报，使用历史生效股本
2022-01-12,13492287426.66,13492287426.66,13.721649415065578,1.25730047655685,2.3764675248536316,,Tencent/Eastmoney;按公告日匹配财报，使用历史生效股本
2022-01-13,13345277030.97,13345277030.97,13.572139917806995,1.2436010766912187,2.3505738109024414,,Tencent/Eastmoney;按公告日匹配财报，使用历史生效股本
2022-01-14,13100259704.82,13100259704.82,13.322957422376021,1.2207687435818326,2.3074176209837924,,Tencent/Eastmoney;按公告日匹配财报，使用历史生效股本
2022-01-17,13100259704.82,13100259704.82,13.322957422376021,1.2207687435818326,2.3074176209837924,,Tencent/Eastmoney;按公告日匹配财报，使用历史生效股本
2022-01-18,13116594193.23,13116594193.23,13.339569588738087,1.2222908991224584,2.3102947003117023,,Tencent/Eastmoney;按公告日匹配财报，使用历史生效股本
2022-01-19,13083925216.41,13083925216.41,13.306345256013957,1.219246588041207,2.304540541655882,,Tencent/Eastmoney;按公告日匹配财报，使用历史生效股本
2022-01-20,12969583797.54,12969583797.54,13.190060091479504,1.208591499256827,2.2844009863605126,,Tencent/Eastmoney;按公告日匹配财报，使用历史生效股本
2022-01-21,12642894029.34,12642894029.34,12.857816764238207,1.1781483884443125,2.226859399802313,,Tencent/Eastmoney;按公告日匹配财报，使用历史生效股本
2022-01-24,12479549145.24,12479549145.24,12.691695100617556,1.162926833038055,2.1980886065232137,,Tencent/Eastmoney;按公告日匹配财报，使用历史生效股本
2022-01-25,12054852446.58,12054852446.58,12.25977877520387,1.1233507889817862,2.1232845439975545,,Tencent/Eastmoney;按公告日匹配财报，使用历史生效股本
2022-01-26,12136524888.63,12136524888.63,12.342839607014193,1.1309615666849147,2.137669940637104,,Tencent/Eastmoney;按公告日匹配财报，使用历史生效股本
2022-01-27,12267200795.91,12267200795.91,12.475736937910714,1.1431388110099205,2.160686575260384,,Tencent/Eastmoney;按公告日匹配财报，使用历史生效股本
2022-01-28,12724566471.39,12724566471.39,12.94087759604853,1.185759166147441,2.241244796441863,,Tencent/Eastmoney;按公告日匹配财报，使用历史生效股本
2022-02-07,13263604588.919998,13263604588.919998,13.489079085996668,1.2359902989880898,2.3361884142628915,,Tencent/Eastmoney;按公告日匹配财报，使用历史生效股本
2022-02-08,13541290891.89,13541290891.89,13.771485914151773,1.261866943178727,2.3850987628373614,,Tencent/Eastmoney;按公告日匹配财报，使用历史生效股本
2022-02-09,13475952938.25,13475952938.25,13.705037248703514,1.2557783210162243,2.3735904455257213,,Tencent/Eastmoney;按公告日匹配财报，使用历史生效股本
2022-02-10,13671966799.169998,13671966799.169998,13.90438324504829,1.274044187503733,2.408115397460641,,Tencent/Eastmoney;按公告日匹配财报，使用历史生效股本
2022-02-11,13590294357.12,13590294357.12,13.821322413237969,1.2664334098006045,2.3937300008210913,,Tencent/Eastmoney;按公告日匹配财报，使用历史生效股本
2022-02-14,13296273565.740002,13296273565.740002,13.522303418720801,1.2390346100693415,2.341942572918712,,Tencent/Eastmoney;按公告日匹配财报，使用历史生效股本
2022-02-15,13083925216.41,13083925216.41,13.306345256013957,1.219246588041207,2.304540541655882,,Tencent/Eastmoney;按公告日匹配财报，使用历史生效股本
2022-02-16,13132928681.64,13132928681.64,13.35618175510015,1.223813054663084,2.313171779639612,,Tencent/Eastmoney;按公告日匹配财报，使用历史生效股本
2022-02-17,13018587262.77,13018587262.77,13.239896590565698,1.213157965878704,2.2930322243442425,,Tencent/Eastmoney;按公告日匹配财报，使用历史生效股本
2022-02-18,13214601123.69,13214601123.69,13.439242586910476,1.2314238323662128,2.327557176279162,,Tencent/Eastmoney;按公告日匹配财报，使用历史生效股本
2022-02-21,13279939077.330002,13279939077.330002,13.505691252358737,1.2375124545287157,2.339065493590802,,Tencent/Eastmoney;按公告日匹配财报，使用历史生效股本
2022-02-22,13083925216.41,13083925216.41,13.306345256013957,1.219246588041207,2.304540541655882,,Tencent/Eastmoney;按公告日匹配财报，使用历史生效股本
2022-02-23,13083955630.38,13083955630.38,13.306376187005897,1.219246588041207,2.3045458986283305,,Tencent/Eastmoney;按公告日匹配财报，使用历史生效股本
2022-02-24,12658706144.5,12658706144.5,12.87389767727208,1.179670543984938,2.2296444707831418,,Tencent/Eastmoney;按公告日匹配财报，使用历史生效股本
2022-02-25,12838378102.68,12838378102.68,13.056623966884976,1.196414254931821,2.261291037465225,,Tencent/Eastmoney;按公告日匹配财报，使用历史生效股本
2022-02-28,12854711917.06,12854711917.06,13.073235447758874,1.1979364104724468,2.2641679980726868,,Tencent/Eastmoney;按公告日匹配财报，使用历史生效股本
2022-03-01,12887379545.82,12887379545.82,13.106458409506672,1.2009807215536983,2.269921919287611,,Tencent/Eastmoney;按公告日匹配财报，使用历史生效股本
2022-03-02,13295724905.320002,13295724905.320002,13.52174543135416,1.2390346100693415,2.3418459344741644,,Tencent/Eastmoney;按公告日匹配财报，使用历史生效股本
2022-03-03,13606067378.54,13606067378.54,13.83736356795825,1.2679555653412302,2.3965081860159447,,Tencent/Eastmoney;按公告日匹配财报，使用历史生效股本
2022-03-04,13165054390.28,13165054390.28,13.388853584362964,1.2268573657443356,2.3188302496144675,,Tencent/Eastmoney;按公告日匹配财报，使用历史生效股本
2022-03-07,12838378102.68,12838378102.68,13.056623966884976,1.196414254931821,2.261291037465225,,Tencent/Eastmoney;按公告日匹配财报，使用历史生效股本
2022-03-08,12348363671.279999,12348363671.279999,12.55827954066799,1.1507495887130492,2.174982219241361,,Tencent/Eastmoney;按公告日匹配财报，使用历史生效股本
2022-03-09,12005353569.3,12005353569.3,12.2094384423161,1.118784322359909,2.1145660464846565,,Tencent/Eastmoney;按公告日匹配财报，使用历史生效股本
2022-03-10,12119690269.96,12119690269.96,12.325718808433397,1.1294394111442891,2.1347047707368914,,Tencent/Eastmoney;按公告日匹配财报，使用历史生效股本
2022-03-11,12283028413.76,12283028413.76,12.491833617172393,1.1446609665505463,2.163474376811513,,Tencent/Eastmoney;按公告日匹配财报，使用历史生效股本
2022-03-14,12119690269.96,12119690269.96,12.325718808433397,1.1294394111442891,2.1347047707368914,,Tencent/Eastmoney;按公告日匹配财报，使用历史生效股本
2022-03-15,11499005323.52,11499005323.52,11.69448253522522,1.0715975006005114,2.0253802676533312,,Tencent/Eastmoney;按公告日匹配财报，使用历史生效股本
2022-03-16,11760346353.6,11760346353.6,11.96026622920761,1.0959519892505232,2.071411637372725,,Tencent/Eastmoney;按公告日匹配财报，使用历史生效股本
2022-03-17,11760346353.6,11760346353.6,11.96026622920761,1.0959519892505232,2.071411637372725,,Tencent/Eastmoney;按公告日匹配财报，使用历史生效股本
2022-03-18,11923684497.4,11923684497.4,12.126381037946604,1.1111735446567803,2.1001812434473464,,Tencent/Eastmoney;按公告日匹配财报，使用历史生效股本
2022-03-21,12593370886.98,12593370886.98,12.807451753776482,1.173581921822435,2.218136628353293,,Tencent/Eastmoney;按公告日匹配财报，使用历史生效股本
2022-03-22,12266694599.38,12266694599.38,12.475222136298493,1.1431388110099205,2.1605974162040504,,Tencent/Eastmoney;按公告日匹配财报，使用历史生效股本
2022-03-23,12250360785.0,12250360785.0,12.458610655424595,1.1416166554692948,2.1577204555965888,,Tencent/Eastmoney;按公告日匹配财报，使用历史生效股本
2022-03-24,12707707587.640001,12707707587.640001,12.92373211989378,1.1842370106068152,2.238275352605528,,Tencent/Eastmoney;按公告日匹配财报，使用历史生效股本
2022-03-25,12168691713.1,12168691713.1,12.375553251055097,1.1340058777661663,2.143335652559278,,Tencent/Eastmoney;按公告日匹配财报，使用历史生效股本
2022-03-28,12217693156.24,12217693156.24,12.425387693676795,1.1385723443880436,2.1519665343816645,,Tencent/Eastmoney;按公告日匹配财报，使用历史生效股本
2022-03-29,12087022641.2,12087022641.2,12.2924958466856,1.1263951000630377,2.1289508495219676,,Tencent/Eastmoney;按公告日匹配财报，使用历史生效股本
2022-03-30,12119690269.96,12119690269.96,12.325718808433397,1.1294394111442891,2.1347047707368914,,Tencent/Eastmoney;按公告日匹配财报，使用历史生效股本
2022-03-31,12234076412.11,12234076412.11,12.44204945652075,1.1400944999286693,2.154852203378716,,Tencent/Eastmoney;按公告日匹配财报，使用历史生效股本
2022-04-01,12577087900.300001,12577087900.300001,12.7908919646475,1.1720597662818095,2.2152686202958765,,Tencent/Eastmoney;按公告日匹配财报，使用历史生效股本
2022-04-06,12756760584.59,12756760584.59,12.973618992713892,1.1888034772286924,2.2469153148715315,,Tencent/Eastmoney;按公告日匹配财报，使用历史生效股本
2022-04-07,14030803255.01,14030803255.01,14.269319737184677,1.3075316093974991,2.4713191491352697,,Tencent/Eastmoney;按公告日匹配财报，使用历史生效股本
2022-04-08,15435548068.499998,15435548068.499998,15.697944494336996,1.4384369858913115,2.718744239069924,,Tencent/Eastmoney;按公告日匹配财报，使用历史生效股本
2022-04-11,16987269832.0,16987269832.0,17.276044734508442,1.5830417622507555,2.9920571519922974,,Tencent/Eastmoney;按公告日匹配财报，使用历史生效股本
2022-04-12,18685996815.2,18685996815.2,18.312157427755515,1.6974079064592857,3.162895875002052,,Tencent/Eastmoney;按公告日匹配财报，使用历史生效股本
2022-04-13,20013242468.85,20013242468.85,19.61284968385033,1.7582415814285435,3.387552865183555,,Tencent/Eastmoney;按公告日匹配财报，使用历史生效股本
2022-04-14,18020362628.07,18020362628.07,17.659840179466926,1.58315929737068,3.050226925865699,,Tencent/Eastmoney;按公告日匹配财报，使用历史生效股本
2022-04-15,16213259721.599998,16213259721.599998,15.888890883119256,1.4243982431826174,2.7443466249588293,,Tencent/Eastmoney;按公告日匹配财报，使用历史生效股本
2022-04-18,14963487618.06,14963487618.06,14.664122210878814,1.3146008786039574,2.53280323928492,,Tencent/Eastmoney;按公告日匹配财报，使用历史生效股本
2022-04-19,13967047697.67,13967047697.67,13.68761745868711,1.2270597365750255,2.3641402696259917,,Tencent/Eastmoney;按公告日匹配财报，使用历史生效股本
2022-04-20,14169713444.19,14169713444.19,13.886228594726102,1.2448647146148084,2.3984446024379773,,Tencent/Eastmoney;按公告日匹配财报，使用历史生效股本
2022-04-21,12953718965.07,12953718965.07,12.694561778492156,1.138034846376112,2.192618605566065,,Tencent/Eastmoney;按公告日匹配财报，使用历史生效股本
2022-04-22,13308384021.48,13308384021.48,13.04213126656039,1.1691935579457318,2.252651187987039,,Tencent/Eastmoney;按公告日匹配财报，使用历史生效股本
2022-04-25,12210611227.83,12210611227.83,11.96632094634919,1.0727499268969087,2.0668360519221185,,Tencent/Eastmoney;按公告日匹配财报，使用历史生效股本
2022-04-26,12092389542.36,12092389542.36,11.850464450326447,1.0623636897070354,2.046825191115127,,Tencent/Eastmoney;按公告日匹配财报，使用历史生效股本
2022-04-27,12734164406.34,12734164406.34,12.454863400596633,1.1175346793243872,2.104661832219043,,Tencent/Eastmoney;按公告日匹配财报，使用历史生效股本
2022-04-28,12430165786.560001,12430165786.560001,12.157532444083717,1.0908561326031154,2.054417915800021,,Tencent/Eastmoney;按公告日匹配财报，使用历史生效股本
2022-04-29,12649720345.29,12649720345.29,12.372271468231935,1.1101239719018117,2.0907051887693147,,Tencent/Eastmoney;按公告日匹配财报，使用历史生效股本
2022-05-05,13325272833.689999,13325272833.689999,13.033006927149525,1.1694096312824158,2.2023583363671415,,Tencent/Eastmoney;按公告日匹配财报，使用历史生效股本
2022-05-06,12886163716.23,12886163716.23,12.60352887885309,1.130873952685023,2.129783790428554,,Tencent/Eastmoney;按公告日匹配财报，使用历史生效股本
2022-05-09,12953718965.07,12953718965.07,12.66960242474485,1.1368025186230835,2.1409491051883367,,Tencent/Eastmoney;按公告日匹配财报，使用历史生效股本
2022-05-10,13240828772.64,13240828772.64,12.950414994784827,1.1619989238598403,2.188401692917413,,Tencent/Eastmoney;按公告日匹配财报，使用历史生效股本
2022-05-11,14073694851.900002,14073694851.900002,13.765013653728579,1.170891772766931,2.3260551260312283,,Tencent/Eastmoney;按公告日匹配财报，使用历史生效股本
2022-05-12,14216213280.78,14216213280.78,13.904406197057474,1.1827489046430517,2.349610114649266,,Tencent/Eastmoney;按公告日匹配财报，使用历史生效股本
2022-05-13,14269657691.609999,14269657691.609999,13.95667840080581,1.187195329096597,2.3584432353810296,,Tencent/Eastmoney;按公告日匹配财报，使用历史生效股本
2022-05-16,14180583673.56,14180583673.56,13.869558061225248,1.1797846216740215,2.3437213674947563,,Tencent/Eastmoney;按公告日匹配财报，使用历史生效股本
2022-05-17,13735213583.31,13735213583.31,13.433956363322446,1.142731084561144,2.270112028063388,,Tencent/Eastmoney;按公告日匹配财报，使用历史生效股本
2022-05-18,13735213583.31,13735213583.31,13.433956363322446,1.142731084561144,2.270112028063388,,Tencent/Eastmoney;按公告日匹配财报，使用历史生效股本
2022-05-19,13628324761.650002,13628324761.650002,13.329411955825776,1.1338382356540533,2.25244578659986,,Tencent/Eastmoney;按公告日匹配财报，使用历史生效股本
2022-05-20,13521435939.99,13521435939.99,13.224867548329101,1.1249453867469628,2.2347795451363317,,Tencent/Eastmoney;按公告日匹配财报，使用历史生效股本
2022-05-23,14109324459.119999,14109324459.119999,13.7998617895608,1.173856055735961,2.3319438731857374,,Tencent/Eastmoney;按公告日匹配财报，使用历史生效股本
2022-05-24,13574880350.82,13574880350.82,13.277139752077437,1.1293918112005081,2.243612665868096,,Tencent/Eastmoney;按公告日匹配财报，使用历史生效股本
2022-05-25,14928805425.180002,14928805425.180002,14.601368913701961,1.2420345640236559,2.4673850577394547,,Tencent/Eastmoney;按公告日匹配财报，使用历史生效股本
2022-05-26,14554694549.369999,14554694549.369999,14.235463487463603,1.2109095928488387,2.405553212617105,,Tencent/Eastmoney;按公告日匹配财报，使用历史生效股本
2022-05-27,14643768567.420002,14643768567.420002,14.322583827044166,1.2183203002714142,2.4202750805033793,,Tencent/Eastmoney;按公告日匹配财报，使用历史生效股本
2022-05-30,14608138960.199999,14608138960.199999,14.287735691211939,1.2153560173023839,2.4143863333488693,,Tencent/Eastmoney;按公告日匹配财报，使用历史生效股本
2022-05-31,14715027781.859999,14715027781.859999,14.392280098708612,1.2242488662094746,2.432052574812398,,Tencent/Eastmoney;按公告日匹配财报，使用历史生效股本
2022-06-01,14625953763.810001,14625953763.810001,14.305159759128054,1.2168381587868993,2.4173307069261245,,Tencent/Eastmoney;按公告日匹配财报，使用历史生效股本
2022-06-02,14394361316.880001,14394361316.880001,14.078646876218597,1.1975703194882028,2.3790538504218133,,Tencent/Eastmoney;按公告日匹配财报，使用历史生效股本
2022-06-06,14501250138.54,14501250138.54,14.183191283715269,1.2064631683952933,2.3967200918853413,,Tencent/Eastmoney;按公告日匹配财报，使用历史生效股本
2022-06-07,15374175515.430002,15374175515.430002,15.036970611604763,1.2790881011365334,2.540994397170823,,Tencent/Eastmoney;按公告日匹配财报，使用历史生效股本
2022-06-08,14839731407.130001,14839731407.130001,14.5142485741214,1.2346238566010803,2.452663189853181,,Tencent/Eastmoney;按公告日匹配财报，使用历史生效股本
2022-06-09,14643817205.160002,14643817205.160002,14.32263139800277,1.2183203002714142,2.42028311919298,,Tencent/Eastmoney;按公告日匹配财报，使用历史生效股本
2022-06-10,14804150970.18,14804150970.18,14.479448530097688,1.2316595736320501,2.4467825694031213,,Tencent/Eastmoney;按公告日匹配财报，使用历史生效股本
2022-06-13,14643817205.160002,14643817205.160002,14.32263139800277,1.2183203002714142,2.42028311919298,,Tencent/Eastmoney;按公告日匹配财报，使用历史生效股本
2022-06-14,14982299597.98,14982299597.98,14.653689787980934,1.246480988477201,2.476226402969946,,Tencent/Eastmoney;按公告日匹配财报，使用历史生效股本
2022-06-15,14804150970.18,14804150970.18,14.479448530097688,1.2316595736320501,2.4467825694031213,,Tencent/Eastmoney;按公告日匹配财报，使用历史生效股本
2022-06-16,14661632067.94,14661632067.94,14.340055523791094,1.2198024417559292,2.423227502549662,,Tencent/Eastmoney;按公告日匹配财报，使用历史生效股本
2022-06-17,14536928028.48,14536928028.48,14.21808664327282,1.2094274513643235,2.4026168190528847,,Tencent/Eastmoney;按公告日匹配财报，使用历史生效股本
2022-06-20,14554742891.26,14554742891.26,14.235510769061145,1.2109095928488387,2.405561202409567,,Tencent/Eastmoney;按公告日匹配财报，使用历史生效股本
2022-06-21,14323149675.119999,14323149675.119999,14.008997133812924,1.1916417535501422,2.367284218772695,,Tencent/Eastmoney;按公告日匹配财报，使用历史生效股本
2022-06-22,13895592968.4,13895592968.4,13.590818114893137,1.15607035792178,2.2966190182123163,,Tencent/Eastmoney;按公告日匹配财报，使用历史生效股本
2022-06-23,13984668240.0,13984668240.0,13.677939680529333,1.1634810653443552,2.3113410932813117,,Tencent/Eastmoney;按公告日匹配财报，使用历史生效股本
2022-06-24,13876450588.35,13876450588.35,13.57209558853983,1.1545882164372647,2.2934552270609307,,Tencent/Eastmoney;按公告日匹配财报，使用历史生效股本
2022-06-27,13947703222.95,13947703222.95,13.641785424681242,1.160516782375325,2.3052316338751075,,Tencent/Eastmoney;按公告日匹配财报，使用历史生效股本
2022-06-28,14072395333.5,14072395333.5,13.76374263792871,1.170891772766931,2.325840345799917,,Tencent/Eastmoney;按公告日匹配财报，使用历史生效股本
2022-06-29,13769579196.390001,13769579196.390001,13.46756822845402,1.1456953675301742,2.275791866322291,,Tencent/Eastmoney;按公告日匹配财报，使用历史生效股本
2022-06-30,13752501517.52,13752501517.52,13.450865117771766,1.1501417919837194,2.2729693223568077,,Tencent/Eastmoney;按公告日匹配财报，使用历史生效股本
2022-07-01,13610723151.359999,13610723151.359999,13.312196405217415,1.1382846601075987,2.249536648930449,,Tencent/Eastmoney;按公告日匹配财报，使用历史生效股本
2022-07-04,14000613658.300001,14000613658.300001,13.693535364741875,1.170891772766931,2.313976500852936,,Tencent/Eastmoney;按公告日匹配财报，使用历史生效股本
2022-07-05,14142392024.460001,14142392024.460001,13.832204077296224,1.1827489046430517,2.3374091742792946,,Tencent/Eastmoney;按公告日匹配财报，使用历史生效股本
2022-07-06,13734779221.75,13734779221.75,13.433531528702472,1.1486596504992044,2.2700402381785127,,Tencent/Eastmoney;按公告日匹配财报，使用历史生效股本
2022-07-07,13752501517.52,13752501517.52,13.450865117771766,1.1501417919837194,2.2729693223568077,,Tencent/Eastmoney;按公告日匹配财报，使用历史生效股本
2022-07-08,13787946109.060001,13787946109.060001,13.485532295910353,1.1531060749527497,2.2788274907133976,,Tencent/Eastmoney;按公告日匹配财报，使用历史生效股本
2022-07-11,13770223813.289999,13770223813.289999,13.468198706841058,1.1516239334682346,2.2758984065351027,,Tencent/Eastmoney;按公告日匹配财报，使用历史生效股本
2022-07-12,13894279883.68,13894279883.68,13.589533830326113,1.1619989238598403,2.2964019957831665,,Tencent/Eastmoney;按公告日匹配财报，使用历史生效股本
2022-07-13,14213281207.539999,14213281207.539999,13.901538433573394,1.188677470581112,2.349125510992474,,Tencent/Eastmoney;按公告日匹配财报，使用历史生效股本
2022-07-14,14053780545.609999,14053780545.609999,13.745536131949754,1.1753381972204762,2.3227637533878203,,Tencent/Eastmoney;按公告日匹配财报，使用历史生效股本
2022-07-15,13610723151.359999,13610723151.359999,13.312196405217415,1.1382846601075987,2.249536648930449,,Tencent/Eastmoney;按公告日匹配财报，使用历史生效股本
2022-07-18,13823390700.6,13823390700.6,13.520199474048939,1.15607035792178,2.284685659069987,,Tencent/Eastmoney;按公告日匹配财报，使用历史生效股本
2022-07-19,13858835292.140001,13858835292.140001,13.554866652187528,1.15903464089081,2.290543827426577,,Tencent/Eastmoney;按公告日匹配财报，使用历史生效股本
2022-07-20,14000613658.300001,14000613658.300001,13.693535364741875,1.170891772766931,2.313976500852936,,Tencent/Eastmoney;按公告日匹配财报，使用历史生效股本
2022-07-21,13876557587.91,13876557587.91,13.57220024125682,1.160516782375325,2.2934729116048715,,Tencent/Eastmoney;按公告日匹配财报，使用历史生效股本
2022-07-22,13894279883.68,13894279883.68,13.589533830326113,1.1619989238598403,2.2964019957831665,,Tencent/Eastmoney;按公告日匹配财报，使用历史生效股本
2022-07-25,14177836616.0,14177836616.0,13.866871255434809,1.1857131876120819,2.343267342635884,,Tencent/Eastmoney;按公告日匹配财报，使用历史生效股本
2022-07-26,14231003503.31,14231003503.31,13.91887202264269,1.190159612065627,2.352054595170769,,Tencent/Eastmoney;按公告日匹配财报，使用历史生效股本
2022-07-27,14106947432.92,14106947432.92,13.797536899157635,1.1797846216740215,2.3315510059227047,,Tencent/Eastmoney;按公告日匹配财报，使用历史生效股本
2022-07-28,14106947432.92,14106947432.92,13.797536899157635,1.1797846216740215,2.3315510059227047,,Tencent/Eastmoney;按公告日匹配财报，使用历史生效股本
2022-07-29,13912002179.449999,13912002179.449999,13.606867419395405,1.1634810653443552,2.2993310799614615,,Tencent/Eastmoney;按公告日匹配财报，使用历史生效股本
2022-08-01,13912002179.449999,13912002179.449999,13.606867419395405,1.1634810653443552,2.2993310799614615,,Tencent/Eastmoney;按公告日匹配财报，使用历史生效股本
2022-08-02,13132221165.57,13132221165.57,12.844189500346491,1.098266840025691,2.1704513761164876,,Tencent/Eastmoney;按公告日匹配财报，使用历史生效股本
2022-08-03,12990442799.41,12990442799.41,12.705520787792144,1.08640970814957,2.147018702690129,,Tencent/Eastmoney;按公告日匹配财报，使用历史生效股本
2022-08-04,13114498869.800001,13114498869.800001,12.8268559112772,1.0967846985411758,2.167522291938193,,Tencent/Eastmoney;按公告日匹配财报，使用历史生效股本
2022-08-05,13220832644.42,13220832644.42,12.93085744569296,1.1056775474482663,2.185096797007962,,Tencent/Eastmoney;按公告日匹配财报，使用历史生效股本
2022-08-08,13273999531.73,13273999531.73,12.98285821290084,1.1101239719018117,2.1938840495428464,,Tencent/Eastmoney;按公告日匹配财报，使用历史生效股本
2022-08-09,13167665757.109999,13167665757.109999,12.878856678485079,1.101231122994721,2.176309544473077,,Tencent/Eastmoney;按公告日匹配财报，使用历史生效股本
2022-08-10,13043609686.720001,13043609686.720001,12.757521555000025,1.0908561326031154,2.1558059552250137,,Tencent/Eastmoney;按公告日匹配财报，使用历史生效股本
2022-08-11,13273999531.73,13273999531.73,12.98285821290084,1.1101239719018117,2.1938840495428464,,Tencent/Eastmoney;按公告日匹配财报，使用历史生效股本
2022-08-12,13362611010.58,13362611010.58,13.069526158247308,1.1175346793243872,2.208529470434321,,Tencent/Eastmoney;按公告日匹配财报，使用历史生效股本
2022-08-15,13291721827.5,13291721827.5,13.000191801970134,1.1116061133863269,2.1968131337211414,,Tencent/Eastmoney;按公告日匹配财报，使用历史生效股本
2022-08-16,13362611010.58,13362611010.58,13.069526158247308,1.1175346793243872,2.208529470434321,,Tencent/Eastmoney;按公告日匹配财报，使用历史生效股本
2022-08-17,13415777897.890001,13415777897.890001,13.12152692545519,1.1219811037779326,2.2173167229692057,,Tencent/Eastmoney;按公告日匹配财报，使用历史生效股本
2022-08-18,13238554940.189999,13238554940.189999,12.948191034762251,1.1071596889327815,2.188025881186257,,Tencent/Eastmoney;按公告日匹配财报，使用历史生效股本
2022-08-19,13203110348.65,13203110348.65,12.913523856623666,1.1041954059637513,2.182167712829667,,Tencent/Eastmoney;按公告日匹配财报，使用历史生效股本
2022-08-22,13451222489.43,13451222489.43,12.680265395266652,1.0973206261766526,2.1582401449861583,,Tencent/Eastmoney;按公告日匹配财报，使用历史生效股本
2022-08-23,13610723151.359999,13610723151.359999,12.830624273471393,1.1103323332064152,2.183831925361488,,Tencent/Eastmoney;按公告日匹配财报，使用历史生效股本
2022-08-24,13415777897.890001,13415777897.890001,12.646852311221155,1.0944291357255942,2.1525530826805297,,Tencent/Eastmoney;按公告日匹配财报，使用历史生效股本
2022-08-25,14036058249.84,14036058249.84,13.231581282017375,1.1450302186191157,2.252076673029035,,Tencent/Eastmoney;按公告日匹配财报，使用历史生效股本
2022-08-26,13823390700.6,13823390700.6,13.031102777744385,1.1276812759127655,2.2179542991952617,,Tencent/Eastmoney;按公告日匹配财报，使用历史生效股本
2022-08-29,13823390700.6,13823390700.6,13.031102777744385,1.1276812759127655,2.2179542991952617,,Tencent/Eastmoney;按公告日匹配财报，使用历史生效股本
2022-08-30,13965169066.76,13965169066.76,13.164755113926379,1.1392472377169989,2.240702548417777,,Tencent/Eastmoney;按公告日匹配财报，使用历史生效股本
2022-08-31,13628479290.820002,13628479290.820002,12.847362719432356,1.1117780784319444,2.186680886712969,,Tencent/Eastmoney;按公告日匹配财报，使用历史生效股本
2022-09-01,13593034611.26,13593034611.26,12.813949552411724,1.108886587980886,2.180993810284586,,Tencent/Eastmoney;按公告日匹配财报，使用历史生效股本
2022-09-02,13663923970.38,13663923970.38,12.880775886452984,1.1146695688830028,2.1923679631413506,,Tencent/Eastmoney;按公告日匹配财报，使用历史生效股本
2022-09-05,13982926086.42,13982926086.42,13.181494389638656,1.140692982942528,2.2435516509967908,,Tencent/Eastmoney;按公告日匹配财报，使用历史生效股本
2022-09-06,14018370765.98,14018370765.98,13.214907556659288,1.1435844733935865,2.249238727425173,,Tencent/Eastmoney;按公告日匹配财报，使用历史生效股本
2022-09-07,13858869707.960001,13858869707.960001,13.064548305066452,1.1305727663638239,2.223646883497453,,Tencent/Eastmoney;按公告日匹配财报，使用历史生效股本
2022-09-08,13965203746.64,13965203746.64,13.164787806128341,1.1392472377169989,2.2407081127825994,,Tencent/Eastmoney;按公告日匹配财报，使用历史生效股本
2022-09-09,13894314387.52,13894314387.52,13.097961472087082,1.1334642568148823,2.2293339599258353,,Tencent/Eastmoney;按公告日匹配财报，使用历史生效股本
2022-09-13,13841147368.179998,13841147368.179998,13.047841721556134,1.1291270211382947,2.2208033452832616,,Tencent/Eastmoney;按公告日匹配财报，使用历史生效股本
2022-09-14,13858869707.960001,13858869707.960001,13.064548305066452,1.1305727663638239,2.223646883497453,,Tencent/Eastmoney;按公告日匹配财报，使用历史生效股本
2022-09-15,13663923970.38,13663923970.38,12.880775886452984,1.1146695688830028,2.1923679631413506,,Tencent/Eastmoney;按公告日匹配财报，使用历史生效股本
2022-09-16,13238587815.66,13238587815.66,12.47981788220542,1.0799716834703024,2.1241230460007636,,Tencent/Eastmoney;按公告日匹配财报，使用历史生效股本
2022-09-19,13114531437.2,13114531437.2,12.362871797633215,1.0698514668915982,2.1042182785014263,,Tencent/Eastmoney;按公告日匹配财报，使用历史生效股本
2022-09-20,13167698456.539999,13167698456.539999,12.41299154816416,1.0741887025681855,2.112748893143999,,Tencent/Eastmoney;按公告日匹配财报，使用历史生效股本
2022-09-21,13451255893.02,13451255893.02,12.680296884329202,1.0973206261766526,2.1582455045710573,,Tencent/Eastmoney;按公告日匹配财报，使用历史生效股本
2022-09-22,13380366533.9,13380366533.9,12.613470550287941,1.0915376452745358,2.1468713517142928,,Tencent/Eastmoney;按公告日匹配财报，使用历史生效股本
2022-09-23,13220865475.88,13220865475.88,12.463111298695104,1.0785259382447732,2.1212795077865727,,Tencent/Eastmoney;按公告日匹配财报，使用历史生效股本
2022-09-26,12582861243.8,12582861243.8,11.861674292323759,1.0264791101257225,2.0189121320756924,,Tencent/Eastmoney;按公告日匹配财报，使用历史生效股本
2022-09-27,12777806981.38,12777806981.38,12.045446710937226,1.0423823076065435,2.050191052431795,,Tencent/Eastmoney;按公告日匹配财报，使用历史生效股本
2022-09-28,12600583583.58,12600583583.58,11.878380875834075,1.0279248553512517,2.021755670289884,,Tencent/Eastmoney;按公告日匹配财报，使用历史生效股本
2022-09-29,12405637846.0,12405637846.0,11.694608457220609,1.0120216578704306,1.9904767499337814,,Tencent/Eastmoney;按公告日匹配财报，使用历史生效股本
2022-09-30,12458808303.01,12458808303.01,11.744731448391427,1.0163588935470182,1.999007916148333,,Tencent/Eastmoney;按公告日匹配财报，使用历史生效股本
2022-10-10,12317029545.65,12317029545.65,11.611078743431069,1.0047929317427846,1.9762596041580247,,Tencent/Eastmoney;按公告日匹配财报，使用历史生效股本
2022-10-11,12281584856.31,12281584856.31,11.57766556719098,1.0019014412917262,1.9705725261604476,,Tencent/Eastmoney;按公告日匹配财报，使用历史生效股本
2022-10-12,12441085958.34,12441085958.34,11.728024860271383,1.0149131483214888,1.9961643771495445,,Tencent/Eastmoney;按公告日匹配财报，使用历史生效股本
2022-10-13,12423363613.67,12423363613.67,11.711318272151338,1.0134674030959596,1.993320838150756,,Tencent/Eastmoney;按公告日匹配财报，使用历史生效股本
2022-10-14,12706921128.39,12706921128.39,11.978623682072053,1.0365993267044267,2.038817462131372,,Tencent/Eastmoney;按公告日匹配财报，使用历史生效股本
2022-10-17,12901305624.48,12901305624.48,12.161867026763083,1.052502524185248,2.0700063316452035,,Tencent/Eastmoney;按公告日匹配财报，使用历史生效股本
2022-10-18,12883584050.82,12883584050.82,12.145161165462586,1.0510567789597185,2.067162916354482,,Tencent/Eastmoney;按公告日匹配财报，使用历史生效股本
2022-10-19,13415231260.62,13415231260.62,12.646337004477548,1.0944291357255942,2.152465375076125,,Tencent/Eastmoney;按公告日匹配财报，使用历史生效股本
2022-10-20,12741811461.54,12741811461.54,12.011514275058596,1.039490817155485,2.0444155940287105,,Tencent/Eastmoney;按公告日匹配财报，使用历史生效股本
2022-10-21,12706368314.22,12706368314.22,11.978102552457598,1.0365993267044267,2.0387287634472675,,Tencent/Eastmoney;按公告日匹配财报，使用历史生效股本
2022-10-24,12546874151.28,12546874151.28,11.827749800753109,1.023587619674664,2.013138025830775,,Tencent/Eastmoney;按公告日匹配财报，使用历史生效股本
2022-10-25,12883584050.82,12883584050.82,12.145161165462586,1.0510567789597185,2.067162916354482,,Tencent/Eastmoney;按公告日匹配财报，使用历史生效股本
2022-10-26,13007635066.44,13007635066.44,12.262102194566078,1.061176995538423,2.087066823389532,,Tencent/Eastmoney;按公告日匹配财报，使用历史生效股本
2022-10-27,12919027198.14,12919027198.14,12.283015924321433,1.0353461219505722,2.0403497837043747,,Tencent/Eastmoney;按公告日匹配财报，使用历史生效股本
2022-10-28,12635482019.58,12635482019.58,12.013429840934407,1.0126224759269655,1.9955684441443338,,Tencent/Eastmoney;按公告日匹配财报，使用历史生效股本
2022-10-31,12582317298.599998,12582317298.599998,11.962882450299338,1.0083617922975394,1.9871719429768258,,Tencent/Eastmoney;按公告日匹配财报，使用历史生效股本
2022-11-01,12741811461.54,12741811461.54,12.114524622204542,1.0211438431858182,2.0123614464793493,,Tencent/Eastmoney;按公告日匹配财报，使用历史生效股本
2022-11-02,12936748771.8,12936748771.8,12.299865054533122,1.0367663498270474,2.0431486174268776,,Tencent/Eastmoney;按公告日匹配财报，使用历史生效股本
2022-11-03,13202572376.7,13202572376.7,12.552602007708462,1.0580697679741786,2.085131123264416,,Tencent/Eastmoney;按公告日匹配财报，使用历史生效股本
2022-11-04,13415231260.62,13415231260.62,12.754791570248733,1.0751125024918835,2.118717127934447,,Tencent/Eastmoney;按公告日匹配财报，使用历史生效股本
2022-11-07,13415231260.62,13415231260.62,12.754791570248733,1.0751125024918835,2.118717127934447,,Tencent/Eastmoney;按公告日匹配财报，使用历史生效股本
2022-11-08,13379788113.3,13379788113.3,12.721093309825353,1.0722720467389326,2.113119460489442,,Tencent/Eastmoney;按公告日匹配财报，使用历史生效股本
2022-11-09,13326623392.32,13326623392.32,12.670545919190285,1.0680113631095065,2.104722959321934,,Tencent/Eastmoney;按公告日匹配财报，使用历史生效股本
2022-11-10,13397509686.96,13397509686.96,12.737942440037042,1.073692274615408,2.1159182942119443,,Tencent/Eastmoney;按公告日匹配财报，使用历史生效股本
2022-11-11,13627890144.54,13627890144.54,12.956981132789002,1.0921552370095884,2.152303132604478,,Tencent/Eastmoney;按公告日匹配财报，使用历史生效股本
2022-11-14,13503839128.92,13503839128.92,12.839037221307178,1.0822136418742605,2.13271129654696,,Tencent/Eastmoney;按公告日匹配财报，使用历史生效股本
2022-11-15,13539282276.24,13539282276.24,12.872735481730556,1.0850540976272114,2.138308963991965,,Tencent/Eastmoney;按公告日匹配财报，使用历史生效股本
2022-11-16,13432952834.28,13432952834.28,12.771640700460422,1.076532730368359,2.1215159616569497,,Tencent/Eastmoney;按公告日匹配财报，使用历史生效股本
2022-11-17,13521560702.58,13521560702.58,12.855886351518867,1.083633869750736,2.1355101302694623,,Tencent/Eastmoney;按公告日匹配财报，使用历史生效股本
2022-11-18,13344344965.98,13344344965.98,12.687395049401974,1.069431590985982,2.1075217930444365,,Tencent/Eastmoney;按公告日匹配财报，使用历史生效股本
2022-11-21,13184850803.04,13184850803.04,12.535752877496773,1.0566495400977034,2.0823322895419136,,Tencent/Eastmoney;按公告日匹配财报，使用历史生效股本
2022-11-22,13326623392.32,13326623392.32,12.670545919190285,1.0680113631095065,2.104722959321934,,Tencent/Eastmoney;按公告日匹配财报，使用历史生效股本
2022-11-23,13344344965.98,13344344965.98,12.687395049401974,1.069431590985982,2.1075217930444365,,Tencent/Eastmoney;按公告日匹配财报，使用历史生效股本
2022-11-24,13255737097.68,13255737097.68,12.603149398343529,1.062330451603605,2.093527624431924,,Tencent/Eastmoney;按公告日匹配财报，使用历史生效股本
2022-11-25,13379788113.3,13379788113.3,12.721093309825353,1.0722720467389326,2.113119460489442,,Tencent/Eastmoney;按公告日匹配财报，使用历史生效股本
2022-11-28,13291180245.0,13291180245.0,12.636847658766907,1.0651709073565556,2.0991252918769288,,Tencent/Eastmoney;按公告日匹配财报，使用历史生效股本
2022-11-29,13521560702.58,13521560702.58,12.855886351518867,1.083633869750736,2.1355101302694623,,Tencent/Eastmoney;按公告日匹配财报，使用历史生效股本
2022-11-30,13486117555.26,13486117555.26,12.822188091095489,1.0807934139977853,2.1299124628244575,,Tencent/Eastmoney;按公告日匹配财报，使用历史生效股本
2022-12-01,13539282276.24,13539282276.24,12.872735481730556,1.0850540976272114,2.138308963991965,,Tencent/Eastmoney;按公告日匹配财报，使用历史生效股本
2022-12-02,13415231260.62,13415231260.62,12.754791570248733,1.0751125024918835,2.118717127934447,,Tencent/Eastmoney;按公告日匹配财报，使用历史生效股本
2022-12-05,13805105881.14,13805105881.14,13.125472434905893,1.1063575157743426,2.1802914698295033,,Tencent/Eastmoney;按公告日匹配财报，使用历史生效股本
2022-12-06,13734219586.5,13734219586.5,13.058075914059136,1.1006766042684408,2.1690961349394935,,Tencent/Eastmoney;按公告日匹配财报，使用历史生效股本
2022-12-07,13769662733.82,13769662733.82,13.091774174482515,1.1035170600213917,2.1746938023844984,,Tencent/Eastmoney;按公告日匹配财报，使用历史生效股本
2022-12-08,13911435323.099998,13911435323.099998,13.226567216176027,1.1148788830331948,2.197084472164519,,Tencent/Eastmoney;按公告日匹配财报，使用历史生效股本
2022-12-09,13681054865.52,13681054865.52,13.00752852342407,1.0964159206390147,2.1606996337719857,,Tencent/Eastmoney;按公告日匹配财报，使用历史生效股本
2022-12-12,13539282276.24,13539282276.24,12.872735481730556,1.0850540976272114,2.138308963991965,,Tencent/Eastmoney;按公告日匹配财报，使用历史生效股本
2022-12-13,13681054865.52,13681054865.52,13.00752852342407,1.0964159206390147,2.1606996337719857,,Tencent/Eastmoney;按公告日匹配财报，使用历史生效股本
2022-12-14,13592446997.22,13592446997.22,12.923282872365624,1.0893147812566375,2.1467054651594726,,Tencent/Eastmoney;按公告日匹配财报，使用历史生效股本
2022-12-15,13379788113.3,13379788113.3,12.721093309825353,1.0722720467389326,2.113119460489442,,Tencent/Eastmoney;按公告日匹配财报，使用历史生效股本
2022-12-16,13432952834.28,13432952834.28,12.771640700460422,1.076532730368359,2.1215159616569497,,Tencent/Eastmoney;按公告日匹配财报，使用历史生效股本
2022-12-19,13060799787.42,13060799787.42,12.417808966014947,1.0467079449623753,2.0627404534843956,,Tencent/Eastmoney;按公告日匹配财报，使用历史生效股本
2022-12-20,12989913492.78,12989913492.78,12.35041244516819,1.0410270334564737,2.0515451185943854,,Tencent/Eastmoney;按公告日匹配财报，使用历史生效股本
2022-12-21,12989913492.78,12989913492.78,12.35041244516819,1.0410270334564737,2.0515451185943854,,Tencent/Eastmoney;按公告日匹配财报，使用历史生效股本
2022-12-22,12812697756.18,12812697756.18,12.181921143051298,1.0268247546917197,2.0235567813693596,,Tencent/Eastmoney;按公告日匹配财报，使用历史生效股本
2022-12-23,12865862477.16,12865862477.16,12.232468533686365,1.0310854383211459,2.0319532825368674,,Tencent/Eastmoney;按公告日匹配财报，使用历史生效股本
2022-12-26,12919027198.14,12919027198.14,12.283015924321433,1.0353461219505722,2.0403497837043747,,Tencent/Eastmoney;按公告日匹配财报，使用历史生效股本
2022-12-27,13238015524.02,13238015524.02,12.58630026813184,1.0609102237271295,2.0907287907094214,,Tencent/Eastmoney;按公告日匹配财报，使用历史生效股本
2022-12-28,13096242934.74,13096242934.74,12.451507226438325,1.0495484007153262,2.0683381209294005,,Tencent/Eastmoney;按公告日匹配财报，使用历史生效股本
2022-12-29,12865862477.16,12865862477.16,12.232468533686365,1.0310854383211459,2.0319532825368674,,Tencent/Eastmoney;按公告日匹配财报，使用历史生效股本
2022-12-30,13096242934.74,13096242934.74,12.451507226438325,1.0495484007153262,2.0683381209294005,,Tencent/Eastmoney;按公告日匹配财报，使用历史生效股本
2023-01-03,13043078213.76,13043078213.76,12.400959835803258,1.0452877170859,2.059941619761893,,Tencent/Eastmoney;按公告日匹配财报，使用历史生效股本
2023-01-04,12989913492.78,12989913492.78,12.35041244516819,1.0410270334564737,2.0515451185943854,,Tencent/Eastmoney;按公告日匹配财报，使用历史生效股本
2023-01-05,13113964508.400002,13113964508.400002,12.468356356650016,1.0509686285918016,2.0711369546519034,,Tencent/Eastmoney;按公告日匹配财报，使用历史生效股本
2023-01-06,12936748771.8,12936748771.8,12.299865054533122,1.0367663498270474,2.0431486174268776,,Tencent/Eastmoney;按公告日匹配财报，使用历史生效股本
2023-01-09,12936748771.8,12936748771.8,12.299865054533122,1.0367663498270474,2.0431486174268776,,Tencent/Eastmoney;按公告日匹配财报，使用历史生效股本
2023-01-10,12848140903.5,12848140903.5,12.215619403474676,1.0296652104446704,2.0291544488143645,,Tencent/Eastmoney;按公告日匹配财报，使用历史生效股本
2023-01-11,12812475795.18,12812475795.18,12.1817101093213,1.0268247546917197,2.023521726247066,,Tencent/Eastmoney;按公告日匹配财报，使用历史生效股本
2023-01-12,12865639595.16,12865639595.16,12.232256624297737,1.0310854383211459,2.031918081957635,,Tencent/Eastmoney;按公告日匹配财报，使用历史生效股本
2023-01-13,12971967195.12,12971967195.12,12.333349654250611,1.0396068055799983,2.0487107933787727,,Tencent/Eastmoney;按公告日匹配财报，使用历史生效股本
2023-01-16,13042852261.76,13042852261.76,12.400745007552526,1.0452877170859,2.0599059343261974,,Tencent/Eastmoney;按公告日匹配财报，使用历史生效股本
2023-01-17,13025130995.099998,13025130995.099998,12.383896169227047,1.0438674892094246,2.057107149089341,,Tencent/Eastmoney;按公告日匹配财报，使用历史生效股本
2023-01-18,13025130995.099998,13025130995.099998,12.383896169227047,1.0438674892094246,2.057107149089341,,Tencent/Eastmoney;按公告日匹配财报，使用历史生效股本
2023-01-19,13113737328.400002,13113737328.400002,12.468140360854443,1.0509686285918016,2.0711010752736225,,Tencent/Eastmoney;按公告日匹配财报，使用历史生效股本
2023-01-20,13237786195.02,13237786195.02,12.586082229132796,1.0609102237271295,2.090692571931616,,Tencent/Eastmoney;按公告日匹配财报，使用历史生效股本
2023-01-30,13273228728.34,13273228728.34,12.619779905783753,1.0637506794800804,2.0962901424053286,,Tencent/Eastmoney;按公告日匹配财报，使用历史生效股本
2023-01-31,13361835061.64,13361835061.64,12.704024097411148,1.0708518188624574,2.1102840685896096,,Tencent/Eastmoney;按公告日匹配财报，使用历史生效股本
2023-02-01,13432720128.28,13432720128.28,12.771419450713065,1.076532730368359,2.121479209537035,,Tencent/Eastmoney;按公告日匹配财报，使用历史生效股本
2023-02-02,13414998861.62,13414998861.62,12.754570612387585,1.0751125024918835,2.118680424300179,,Tencent/Eastmoney;按公告日匹配财报，使用历史生效股本
2023-02-03,13344113794.98,13344113794.98,12.687175259085668,1.069431590985982,2.1074852833527538,,Tencent/Eastmoney;按公告日匹配财报，使用历史生效股本
2023-02-06,13414998861.62,13414998861.62,12.754570612387585,1.0751125024918835,2.118680424300179,,Tencent/Eastmoney;按公告日匹配财报，使用历史生效股本
2023-02-07,13450441394.94,13450441394.94,12.788268289038543,1.0779529582448344,2.124277994773891,,Tencent/Eastmoney;按公告日匹配财报，使用历史生效股本
2023-02-08,13361835061.64,13361835061.64,12.704024097411148,1.0708518188624574,2.1102840685896096,,Tencent/Eastmoney;按公告日匹配财报，使用历史生效股本
2023-02-09,13485886713.52,13485886713.52,12.82196861382952,1.0807934139977853,2.1298760051340246,,Tencent/Eastmoney;按公告日匹配财报，使用历史生效股本
2023-02-10,13539050524.48,13539050524.48,12.872515139245404,1.0850540976272114,2.1382723625787055,,Tencent/Eastmoney;按公告日匹配财报，使用历史生效股本
2023-02-13,13592214335.44,13592214335.44,12.92306166466129,1.0893147812566375,2.1466687200233863,,Tencent/Eastmoney;按公告日匹配财报，使用历史生效股本
2023-02-14,13556771794.800001,13556771794.800001,12.889363981050701,1.0864743255036868,2.1410711483935994,,Tencent/Eastmoney;按公告日匹配财报，使用历史生效股本
2023-02-15,13415001632.24,13415001632.24,12.75457324660834,1.0751125024918835,2.1186808618744504,,Tencent/Eastmoney;按公告日匹配财报，使用历史生效股本
2023-02-16,13255510199.36,13255510199.36,12.602933670360684,1.062330451603605,2.093491789540408,,Tencent/Eastmoney;按公告日匹配财报，使用历史生效股本
2023-02-17,13308674010.32,13308674010.32,12.65348019577657,1.066591135233031,2.1018881469850887,,Tencent/Eastmoney;按公告日匹配财报，使用历史生效股本
2023-02-20,13485886713.52,13485886713.52,12.82196861382952,1.0807934139977853,2.1298760051340246,,Tencent/Eastmoney;按公告日匹配财报，使用历史生效股本
2023-02-21,13592214335.44,13592214335.44,12.92306166466129,1.0893147812566375,2.1466687200233863,,Tencent/Eastmoney;按公告日匹配财报，使用历史生效股本
2023-02-22,13609935605.76,13609935605.76,12.939910506466585,1.090735009133113,2.14946750583828,,Tencent/Eastmoney;按公告日匹配财报，使用历史生效股本
2023-02-23,13574493065.12,13574493065.12,12.906212822855997,1.0878945533801623,2.143869934208493,,Tencent/Eastmoney;按公告日匹配财报，使用历史生效股本
2023-02-24,13574493065.12,13574493065.12,12.906212822855997,1.0878945533801623,2.143869934208493,,Tencent/Eastmoney;按公告日匹配财报，使用历史生效股本
2023-02-27,13485886713.52,13485886713.52,12.82196861382952,1.0807934139977853,2.1298760051340246,,Tencent/Eastmoney;按公告日匹配财报，使用历史生效股本
2023-02-28,13592214335.44,13592214335.44,12.92306166466129,1.0893147812566375,2.1466687200233863,,Tencent/Eastmoney;按公告日匹配财报，使用历史生效股本
2023-03-01,13627656876.08,13627656876.08,12.95675934827188,1.0921552370095884,2.1522662916531736,,Tencent/Eastmoney;按公告日匹配财报，使用历史生效股本
2023-03-02,13804869579.28,13804869579.28,13.125247766324831,1.1063575157743426,2.1802541498021095,,Tencent/Eastmoney;按公告日匹配财报，使用历史生效股本
2023-03-03,13822590849.6,13822590849.6,13.142096608130126,1.1077777436508178,2.183052935617003,,Tencent/Eastmoney;按公告日匹配财报，使用历史生效股本
2023-03-06,13787148308.960001,13787148308.960001,13.108398924519536,1.1049372878978672,2.177455363987216,,Tencent/Eastmoney;按公告日匹配财报，使用历史生效股本
2023-03-07,13592214335.44,13592214335.44,12.92306166466129,1.0893147812566375,2.1466687200233863,,Tencent/Eastmoney;按公告日匹配财报，使用历史生效股本
2023-03-08,13716263227.68,13716263227.68,13.041003557298355,1.0992563763919654,2.1662602207276414,,Tencent/Eastmoney;按公告日匹配财报，使用历史生效股本
2023-03-09,13698541957.36,13698541957.36,13.024154715493061,1.0978361485154902,2.163461434912748,,Tencent/Eastmoney;按公告日匹配财报，使用历史生效股本
2023-03-10,13432722902.56,13432722902.56,12.771422088413635,1.076532730368359,2.121479647689344,,Tencent/Eastmoney;按公告日匹配财报，使用历史生效股本
2023-03-13,13574493065.12,13574493065.12,12.906212822855997,1.0878945533801623,2.143869934208493,,Tencent/Eastmoney;按公告日匹配财报，使用历史生效股本
2023-03-14,13716263227.68,13716263227.68,13.041003557298355,1.0992563763919654,2.1662602207276414,,Tencent/Eastmoney;按公告日匹配财报，使用历史生效股本
2023-03-15,14177016256.0,14177016256.0,13.479073444236025,1.136182301180326,2.2390286519148748,,Tencent/Eastmoney;按公告日匹配财报，使用历史生效股本
2023-03-16,13981099164.81,13981099164.81,13.292801466166347,1.1205597945390966,2.2080867405385245,,Tencent/Eastmoney;按公告日匹配财报，使用历史生效股本
2023-03-17,14016539213.39,14016539213.39,13.326496780402511,1.1234002502920475,2.213683918588052,,Tencent/Eastmoney;按公告日匹配财报，使用历史生效股本
2023-03-20,13857058994.78,13857058994.78,13.174867866339778,1.1106181994037687,2.188496617365179,,Tencent/Eastmoney;按公告日匹配财报，使用历史生效股本
2023-03-21,13892499043.36,13892499043.36,13.208563180575942,1.1134586551567196,2.1940937954147066,,Tencent/Eastmoney;按公告日匹配财报，使用历史生效股本
2023-03-22,13821618946.199999,13821618946.199999,13.141172552103614,1.1077777436508178,2.1828994393156513,,Tencent/Eastmoney;按公告日匹配财报，使用历史生效股本
2023-03-23,13679858751.88,13679858751.88,13.006391295158961,1.0964159206390147,2.1605107271175426,,Tencent/Eastmoney;按公告日匹配财报，使用历史生效股本
2023-03-24,13626698679.01,13626698679.01,12.955848323804718,1.0921552370095884,2.1521149600432516,,Tencent/Eastmoney;按公告日匹配财报，使用历史生效股本
2023-03-27,13449498436.11,13449498436.11,12.787371752623903,1.0779529582448344,2.124129069795615,,Tencent/Eastmoney;按公告日匹配财报，使用历史生效股本
2023-03-28,13360898314.66,13360898314.66,12.703133467033494,1.0708518188624574,2.1101361246717967,,Tencent/Eastmoney;按公告日匹配财报，使用历史生效股本
2023-03-29,13236858144.63,13236858144.63,12.585199867206923,1.0609102237271295,2.090546001498451,,Tencent/Eastmoney;按公告日匹配财报，使用历史生效股本
2023-03-30,13325458266.08,13325458266.08,12.66943815279733,1.0680113631095065,2.1045389466222693,,Tencent/Eastmoney;按公告日匹配财报，使用历史生效股本
2023-03-31,13396338363.24,13396338363.24,12.736828781269656,1.073692274615408,2.115733302721324,,Tencent/Eastmoney;按公告日匹配财报，使用历史生效股本
2023-04-03,13538098557.56,13538098557.56,12.871610038214309,1.0850540976272114,2.1381220149194333,,Tencent/Eastmoney;按公告日匹配财报，使用历史生效股本
2023-04-04,13981099164.81,13981099164.81,13.292801466166347,1.1205597945390966,2.2080867405385245,,Tencent/Eastmoney;按公告日匹配财报，使用历史生效股本
2023-04-06,13981099164.81,13981099164.81,13.292801466166347,1.1205597945390966,2.2080867405385245,,Tencent/Eastmoney;按公告日匹配财报，使用历史生效股本
2023-04-07,14034259237.68,14034259237.68,13.343344437520594,1.1248204781685227,2.216482507612816,,Tencent/Eastmoney;按公告日匹配财报，使用历史生效股本
2023-04-10,13786178897.62,13786178897.62,13.107477237867451,1.1049372878978672,2.1773022612661244,,Tencent/Eastmoney;按公告日匹配财报，使用历史生效股本
2023-04-11,14211459480.58,14211459480.58,13.511821008701409,1.139022756933277,2.244468397860452,,Tencent/Eastmoney;按公告日匹配财报，使用历史生效股本
2023-04-12,14317779626.32,14317779626.32,13.612906951409897,1.1475441241921294,2.261259932009034,,Tencent/Eastmoney;按公告日匹配财报，使用历史生效股本
2023-04-13,14193739456.289999,14193739456.289999,13.915052926989393,1.1138635624587483,2.2251232831332257,,Tencent/Eastmoney;按公告日匹配财报，使用历史生效股本
2023-04-14,14406379747.77,14406379747.77,14.123518139378747,1.1305506570274189,2.2584584634048848,,Tencent/Eastmoney;按公告日匹配财报，使用历史生效股本
2023-04-17,14778500257.86,14778500257.86,14.488332261060117,1.1597530725225917,2.3167950288802874,,Tencent/Eastmoney;按公告日匹配财报，使用历史生效股本
2023-04-18,15239220889.4,15239220889.4,14.940006887903717,1.1959084440880443,2.389021252802215,,Tencent/Eastmoney;按公告日匹配财报，使用历史生效股本
2023-04-19,15150620767.95,15150620767.95,14.853146382741489,1.188955488017765,2.3751315943556905,,Tencent/Eastmoney;按公告日匹配财报，使用历史生效股本
2023-04-20,15310100986.560001,15310100986.560001,15.009495292033504,1.2014708089442678,2.4001329795594346,,Tencent/Eastmoney;按公告日匹配财报，使用历史生效股本
2023-04-21,15008860573.630001,15008860573.630001,14.71416957448192,1.1778307583053182,2.3529081408412513,,Tencent/Eastmoney;按公告日匹配财报，使用历史生效股本
2023-04-24,14831660330.73,14831660330.73,14.540448564157456,1.1639248461647593,2.325128823948202,,Tencent/Eastmoney;按公告日匹配财报，使用历史生效股本
2023-04-25,14743060209.28,14743060209.28,14.453588058995226,1.15697189009448,2.3112391655016777,,Tencent/Eastmoney;按公告日匹配财报，使用历史生效股本
2023-04-26,14760780233.57,14760780233.57,14.470960160027671,1.158362481308536,2.3140170971909826,,Tencent/Eastmoney;按公告日匹配财报，使用历史生效股本
2023-04-27,14831660330.73,14831660330.73,14.481345625349274,1.1422731798312253,2.2813255371577226,,Tencent/Eastmoney;按公告日匹配财报，使用历史生效股本
2023-04-28,15186060816.53,15186060816.53,14.827375389395852,1.1695676405201438,2.3358374974243348,,Tencent/Eastmoney;按公告日匹配财报，使用历史生效股本
2023-05-04,15823981690.97,15823981690.97,15.45022896467969,1.2186976697601963,2.4339590259042367,,Tencent/Eastmoney;按公告日匹配财报，使用历史生效股本
2023-05-05,15735381569.52,15735381569.52,15.363721523668048,1.211874054587967,2.4203310358375836,,Tencent/Eastmoney;按公告日匹配财报，使用历史生效股本
2023-05-08,15859421739.55,15859421739.55,15.484831941084348,1.2214271158290881,2.4394102219308977,,Tencent/Eastmoney;按公告日匹配财报，使用历史生效股本
2023-05-09,15664501472.36,15664501472.36,15.294515570858731,1.2064151624501833,2.4094286437842616,,Tencent/Eastmoney;按公告日匹配财报，使用历史生效股本
2023-05-10,15469581205.17,15469581205.17,15.104199200633113,1.1914032090712783,2.3794470656376245,,Tencent/Eastmoney;按公告日匹配财报，使用历史生效股本
2023-05-11,15416421132.3,15416421132.3,15.052294736026125,1.1873090399679405,2.3712702715976324,,Tencent/Eastmoney;按公告日匹配财报，使用历史生效股本
2023-05-12,15239220889.4,15239220889.4,14.879279854002837,1.1736618096234814,2.3440142914643265,,Tencent/Eastmoney;按公告日匹配财报，使用历史生效股本
2023-05-15,15168340792.240002,15168340792.240002,14.810073901193524,1.1682029174856978,2.3331118994110045,,Tencent/Eastmoney;按公告日匹配财报，使用历史生效股本
2023-05-16,14955700500.759998,14955700500.759998,14.602456042765574,1.1518262410723468,2.3004047232510367,,Tencent/Eastmoney;按公告日匹配财报，使用历史生效股本
2023-05-17,14813940306.439999,14813940306.439999,14.464044137146944,1.1409084567967795,2.278599939144392,,Tencent/Eastmoney;按公告日匹配财报，使用历史生效股本
2023-05-18,14459539820.64,14459539820.64,14.118014373100367,1.1136139961078615,2.2240879788777796,,Tencent/Eastmoney;按公告日匹配财报，使用历史生效股本
2023-05-19,14122859359.13,14122859359.13,13.789286097256118,1.0876842584533892,2.1723016166244977,,Tencent/Eastmoney;按公告日匹配财报，使用历史生效股本
2023-05-22,13945659116.23,13945659116.23,13.61627121523283,1.0740370281089302,2.145045636491192,,Tencent/Eastmoney;按公告日匹配财报，使用历史生效股本
2023-05-23,13874779019.07,13874779019.07,13.547065262423514,1.0685781359711466,2.1341432444378694,,Tencent/Eastmoney;按公告日匹配财报，使用历史生效股本
2023-05-24,13697578776.17,13697578776.17,13.374050380400226,1.0549309056266873,2.1068872643045635,,Tencent/Eastmoney;按公告日匹配财报，使用历史生效股本
2023-05-25,13697578776.17,13697578776.17,13.374050380400226,1.0549309056266873,2.1068872643045635,,Tencent/Eastmoney;按公告日匹配财报，使用历史生效股本
2023-05-26,13839338970.49,13839338970.49,13.512462286018856,1.0658486899022546,2.128692048411208,,Tencent/Eastmoney;按公告日匹配财报，使用历史生效股本
2023-05-29,13786178897.62,13786178897.62,13.46055782141187,1.061754520798917,2.1205152543712167,,Tencent/Eastmoney;按公告日匹配财报，使用历史生效股本
2023-05-30,14034259237.68,14034259237.68,13.702778656244474,1.0808606432811596,2.158673626557845,,Tencent/Eastmoney;按公告日匹配财报，使用历史生效股本
2023-05-31,14193739456.289999,14193739456.289999,13.858492050065433,1.0931431505911728,2.18320400867782,,Tencent/Eastmoney;按公告日匹配财报，使用历史生效股本
2023-06-01,14034259237.68,14034259237.68,13.702778656244474,1.0808606432811596,2.158673626557845,,Tencent/Eastmoney;按公告日匹配财报，使用历史生效股本
2023-06-02,14087419310.550001,14087419310.550001,13.754683120851462,1.0849548123844974,2.166850420597837,,Tencent/Eastmoney;按公告日匹配财报，使用历史生效股本
2023-06-05,13945659116.23,13945659116.23,13.61627121523283,1.0740370281089302,2.145045636491192,,Tencent/Eastmoney;按公告日匹配财报，使用历史生效股本
2023-06-06,13697578776.17,13697578776.17,13.374050380400226,1.0549309056266873,2.1068872643045635,,Tencent/Eastmoney;按公告日匹配财报，使用历史生效股本
2023-06-07,14122859359.13,14122859359.13,13.789286097256118,1.0876842584533892,2.1723016166244977,,Tencent/Eastmoney;按公告日匹配财报，使用历史生效股本
2023-06-08,14211459480.58,14211459480.58,13.875793538267763,1.0945078736256186,2.185929606691151,,Tencent/Eastmoney;按公告日匹配财报，使用历史生效股本
2023-06-09,14105139334.84,14105139334.84,13.77198460905379,1.0863195354189432,2.1695760186111674,,Tencent/Eastmoney;按公告日匹配财报，使用历史生效股本
2023-06-12,13874779019.07,13874779019.07,13.547065262423514,1.0685781359711466,2.1341432444378694,,Tencent/Eastmoney;按公告日匹配财报，使用历史生效股本
2023-06-13,13839338970.49,13839338970.49,13.512462286018856,1.0658486899022546,2.128692048411208,,Tencent/Eastmoney;按公告日匹配财报，使用历史生效股本
2023-06-14,13892499043.36,13892499043.36,13.564366750625844,1.0699428590055924,2.1368688424512,,Tencent/Eastmoney;按公告日匹配财报，使用历史生效股本
2023-06-15,13892499043.36,13892499043.36,13.564366750625844,1.0699428590055924,2.1368688424512,,Tencent/Eastmoney;按公告日匹配财报，使用历史生效股本
2023-06-16,13963379140.52,13963379140.52,13.633572703435158,1.075401751143376,2.1477712345045226,,Tencent/Eastmoney;按公告日匹配财报，使用历史生效股本
2023-06-19,13644418703.300001,13644418703.300001,13.32214591579324,1.0508367365233497,2.098710470264572,,Tencent/Eastmoney;按公告日匹配财报，使用历史生效股本
2023-06-20,13148258023.18,13148258023.18,12.83770424612803,1.0126244915588642,2.0223937258913143,,Tencent/Eastmoney;按公告日匹配财报，使用历史生效股本
2023-06-21,13165978047.47,13165978047.47,12.855005734330359,1.01398921459331,2.025119323904645,,Tencent/Eastmoney;按公告日匹配财报，使用历史生效股本
2023-06-26,13041937877.44,13041937877.44,12.733895316914058,1.0044361533521888,2.006040137811331,,Tencent/Eastmoney;按公告日匹配财报，使用历史生效股本
2023-06-27,13360898314.66,13360898314.66,13.045322104555977,1.029001167972215,2.0551009020512816,,Tencent/Eastmoney;按公告日匹配财报，使用历史生效股本
2023-06-28,13467218460.4,13467218460.4,13.14913103376995,1.0371895061788905,2.0714544901312655,,Tencent/Eastmoney;按公告日匹配财报，使用历史生效股本
2023-06-29,13378618338.949999,13378618338.949999,13.062623592758305,1.030365891006661,2.0578265000646123,,Tencent/Eastmoney;按公告日匹配财报，使用历史生效股本
2023-06-30,13467253868.8,13467253868.8,13.149165605845294,1.0371895061788905,2.071459936459279,,Tencent/Eastmoney;按公告日匹配财报，使用历史生效股本
2023-07-03,13591294364.96,13591294364.96,13.270276341688605,1.046742567420012,2.0905391727161406,,Tencent/Eastmoney;按公告日匹配财报，使用历史生效股本
2023-07-04,13502694010.56,13502694010.56,13.183768673229098,1.0399189522477825,2.0769111468183823,,Tencent/Eastmoney;按公告日匹配财报，使用历史生效股本
2023-07-05,13573574294.08,13573574294.08,13.252974807996704,1.0453778443855661,2.0878135675365894,,Tencent/Eastmoney;按公告日匹配财报，使用历史生效股本
2023-07-06,13644454577.6,13644454577.6,13.322180942764312,1.0508367365233497,2.098715988254796,,Tencent/Eastmoney;按公告日匹配财报，使用历史生效股本
2023-07-07,13733054932.0,13733054932.0,13.40868861122382,1.0576603516955791,2.1123440141525545,,Tencent/Eastmoney;按公告日匹配财报，使用历史生效股本
2023-07-10,13803935215.52,13803935215.52,13.477894745991428,1.0631192438333628,2.123246434870761,,Tencent/Eastmoney;按公告日匹配财报，使用历史生效股本
2023-07-11,13874815499.04,13874815499.04,13.547100880759034,1.0685781359711466,2.134148855588968,,Tencent/Eastmoney;按公告日匹配财报，使用历史生效股本
2023-07-12,13626734506.720001,13626734506.720001,13.304879409072411,1.0494720134889037,2.0959903830752444,,Tencent/Eastmoney;按公告日匹配财报，使用历史生效股本
2023-07-13,13874815499.04,13874815499.04,13.547100880759034,1.0685781359711466,2.134148855588968,,Tencent/Eastmoney;按公告日匹配财报，使用历史生效股本
2023-07-14,13910255640.8,13910255640.8,13.581703948142836,1.0713075820400382,2.139600065948071,,Tencent/Eastmoney;按公告日匹配财报，使用历史生效股本
2023-07-17,13945695782.56,13945695782.56,13.61630701552664,1.0740370281089302,2.1450512763071745,,Tencent/Eastmoney;按公告日匹配财报，使用历史生效股本
2023-07-18,14264657058.400002,14264657058.400002,13.927734621980873,1.0986020427289567,2.194112169539105,,Tencent/Eastmoney;按公告日匹配财报，使用历史生效股本
2023-07-19,14477297908.96,14477297908.96,14.13535302628369,1.1149787191423073,2.226819431693725,,Tencent/Eastmoney;按公告日匹配财报，使用历史生效股本
2023-07-20,14246936987.519999,14246936987.519999,13.910433088288968,1.0972373196945104,2.191386564359553,,Tencent/Eastmoney;按公告日匹配财报，使用历史生效股本
2023-07-21,14353257412.8,14353257412.8,14.014242290440379,1.105425657901186,2.207740195436863,,Tencent/Eastmoney;按公告日匹配财报，使用历史生效股本
2023-07-24,14424137696.320002,14424137696.320002,14.083448425207989,1.1108845500389697,2.21864261615507,,Tencent/Eastmoney;按公告日匹配财报，使用历史生效股本
2023-07-25,14388697554.56,14388697554.56,14.048845357824183,1.1081551039700777,2.2131914057959667,,Tencent/Eastmoney;按公告日匹配财报，使用历史生效股本
2023-07-26,14370977483.679998,14370977483.679998,14.03154382413228,1.1067903809356319,2.2104658006164146,,Tencent/Eastmoney;按公告日匹配财报，使用历史生效股本
2023-07-27,14300097200.16,14300097200.16,13.962337689364674,1.1013314887978483,2.1995633798982084,,Tencent/Eastmoney;按公告日匹配财报，使用历史生效股本
2023-07-28,14477297908.96,14477297908.96,14.13535302628369,1.1149787191423073,2.226819431693725,,Tencent/Eastmoney;按公告日匹配财报，使用历史生效股本
2023-07-31,14548178192.480001,14548178192.480001,14.2045591610513,1.1204376112800911,2.237721852411932,,Tencent/Eastmoney;按公告日匹配财报，使用历史生效股本
2023-08-01,14636778546.88,14636778546.88,14.291066829510806,1.1272612264523205,2.25134987830969,,Tencent/Eastmoney;按公告日匹配财报，使用历史生效股本
2023-08-02,14619058476.0,14619058476.0,14.273765295818905,1.1258965034178747,2.2486242731301385,,Tencent/Eastmoney;按公告日匹配财报，使用历史生效股本
2023-08-03,14495017979.84,14495017979.84,14.152654559975593,1.1163434421767533,2.2295450368732768,,Tencent/Eastmoney;按公告日匹配财报，使用历史生效股本
2023-08-04,14388697554.56,14388697554.56,14.048845357824183,1.1081551039700777,2.2131914057959667,,Tencent/Eastmoney;按公告日匹配财报，使用历史生效股本
2023-08-07,14211496845.759998,14211496845.759998,13.875830020905164,1.0945078736256186,2.1859353540004496,,Tencent/Eastmoney;按公告日匹配财报，使用历史生效股本
2023-08-08,14246936987.519999,14246936987.519999,13.910433088288968,1.0972373196945104,2.191386564359553,,Tencent/Eastmoney;按公告日匹配财报，使用历史生效股本
2023-08-09,14140616562.240002,14140616562.240002,13.806623886137562,1.0890489814878352,2.1750329332822433,,Tencent/Eastmoney;按公告日匹配财报，使用历史生效股本
2023-08-10,14388697554.56,14388697554.56,14.048845357824183,1.1081551039700777,2.2131914057959667,,Tencent/Eastmoney;按公告日匹配财报，使用历史生效股本
2023-08-11,14052016207.84,14052016207.84,13.72011621767805,1.0822253663156056,2.1614049073844845,,Tencent/Eastmoney;按公告日匹配财报，使用历史生效股本
2023-08-14,14211496845.759998,14211496845.759998,13.875830020905164,1.0945078736256186,2.1859353540004496,,Tencent/Eastmoney;按公告日匹配财报，使用历史生效股本
2023-08-15,14246936987.519999,14246936987.519999,13.910433088288968,1.0972373196945104,2.191386564359553,,Tencent/Eastmoney;按公告日匹配财报，使用历史生效股本
2023-08-16,14105176420.48,14105176420.48,13.772020818753756,1.0863195354189432,2.1695817229231396,,Tencent/Eastmoney;按公告日匹配财报，使用历史生效股本
2023-08-17,14211496845.759998,14211496845.759998,13.875830020905164,1.0945078736256186,2.1859353540004496,,Tencent/Eastmoney;按公告日匹配财报，使用历史生效股本
2023-08-18,14193776774.88,14193776774.88,13.858528487213263,1.0931431505911728,2.183209748820898,,Tencent/Eastmoney;按公告日匹配财报，使用历史生效股本
2023-08-21,14034296136.96,14034296136.96,13.702814683986148,1.0808606432811596,2.158679302204933,,Tencent/Eastmoney;按公告日匹配财报，使用历史生效股本
2023-08-22,14016576066.08,14016576066.08,13.685513150294247,1.0794959202467138,2.155953697025381,,Tencent/Eastmoney;按公告日匹配财报，使用历史生效股本
2023-08-23,13910255640.8,13910255640.8,13.581703948142836,1.0713075820400382,2.139600065948071,,Tencent/Eastmoney;按公告日匹配财报，使用历史生效股本
2023-08-24,13679894719.359999,13679894719.359999,13.356784010148115,1.0535661825922416,2.104167198613899,,Tencent/Eastmoney;按公告日匹配财报，使用历史生效股本
2023-08-25,13750776942.88,13750776942.88,13.425992039094114,1.0590250747300252,2.115069917732382,,Tencent/Eastmoney;按公告日匹配财报，使用历史生效股本
2023-08-28,13998857970.2,13998857970.2,13.66821354495406,1.0781311972122678,2.153228395629616,,Tencent/Eastmoney;按公告日匹配财报，使用历史生效股本
2023-08-29,14069738263.720001,14069738263.720001,13.135514237216833,1.0780705875985346,2.152033602713654,,Tencent/Eastmoney;按公告日匹配财报，使用历史生效股本
2023-08-30,13697616722.740002,13697616722.740002,12.788101392151905,1.0495573856595306,2.095115837402588,,Tencent/Eastmoney;按公告日匹配财报，使用历史生效股本
2023-08-31,13821657236.4,13821657236.4,12.903905673840212,1.0590617863058653,2.1140884258396095,,Tencent/Eastmoney;按公告日匹配财报，使用历史生效股本
2023-09-01,13981137896.82,13981137896.82,13.052796893153754,1.0712817299940098,2.138481753830067,,Tencent/Eastmoney;按公告日匹配财报，使用历史生效股本
2023-09-04,14264659070.900002,14264659070.900002,13.317492394155606,1.0930060743284893,2.1818476702575462,,Tencent/Eastmoney;按公告日匹配财报，使用历史生效股本
2023-09-05,14229218924.14,14229218924.14,13.284405456530372,1.090290531286679,2.176426930704111,,Tencent/Eastmoney;按公告日匹配财报，使用历史生效股本
2023-09-06,14069738263.720001,14069738263.720001,13.135514237216833,1.0780705875985346,2.152033602713654,,Tencent/Eastmoney;按公告日匹配财报，使用历史生效股本
2023-09-07,13981137896.82,13981137896.82,13.052796893153754,1.0712817299940098,2.138481753830067,,Tencent/Eastmoney;按公告日匹配财报，使用历史生效股本
2023-09-08,14034298116.96,14034298116.96,13.1024272995916,1.0753550445567248,2.146612863160219,,Tencent/Eastmoney;按公告日匹配财报，使用历史生效股本
2023-09-11,14122898483.859999,14122898483.859999,13.185144643654677,1.0821439021612496,2.160164712043806,,Tencent/Eastmoney;按公告日匹配财报，使用历史生效股本
2023-09-12,14211308768.74,14211308768.74,13.267684527054797,1.0889327597657743,2.1736874869754375,,Tencent/Eastmoney;按公告日匹配财报，使用历史生效股本
2023-09-13,14211308768.74,14211308768.74,13.267684527054797,1.0889327597657743,2.1736874869754375,,Tencent/Eastmoney;按公告日匹配财报，使用历史生效股本
2023-09-14,14299907950.59,14299907950.59,13.35040076475464,1.095721617370299,2.1872391545999728,,Tencent/Eastmoney;按公告日匹配财报，使用历史生效股本
2023-09-15,14246748441.479998,14246748441.479998,13.300771022134732,1.091648302807584,2.1791081540252515,,Tencent/Eastmoney;按公告日匹配财报，使用历史生效股本
2023-09-18,14122709586.89,14122709586.89,13.184968289354954,1.0821439021612496,2.1601358193509026,,Tencent/Eastmoney;按公告日匹配财报，使用历史生效股本
2023-09-19,14264468277.85,14264468277.85,13.317314269674704,1.0930060743284893,2.1818184875501587,,Tencent/Eastmoney;按公告日匹配财报，使用历史生效股本
2023-09-20,14122709586.89,14122709586.89,13.184968289354954,1.0821439021612496,2.1601358193509026,,Tencent/Eastmoney;按公告日匹配财报，使用历史生效股本
2023-09-21,14104989750.52,14104989750.52,13.168425041814986,1.0807861306403446,2.1574254858259954,,Tencent/Eastmoney;按公告日匹配财报，使用历史生效股本
2023-09-22,14069550077.78,14069550077.78,13.13533854673505,1.0780705875985346,2.1520048187761813,,Tencent/Eastmoney;按公告日匹配财报，使用历史生效股本
2023-09-25,14069550077.78,14069550077.78,13.13533854673505,1.0780705875985346,2.1520048187761813,,Tencent/Eastmoney;按公告日匹配财报，使用历史生效股本
2023-09-26,14069550077.78,14069550077.78,13.13533854673505,1.0780705875985346,2.1520048187761813,,Tencent/Eastmoney;按公告日匹配财报，使用历史生效股本
2023-09-27,13910071550.449999,13910071550.449999,12.986449318875332,1.06585064391039,2.127611817052018,,Tencent/Eastmoney;按公告日匹配财报，使用历史生效股本
2023-09-28,13945511223.19,13945511223.19,13.01953581395527,1.0685661869521998,2.1330324841018324,,Tencent/Eastmoney;按公告日匹配财报，使用历史生效股本
2023-10-09,13821472368.6,13821472368.6,12.90373308117549,1.0590617863058653,2.114060149427483,,Tencent/Eastmoney;按公告日匹配财报，使用历史生效股本
2023-10-10,13236717768.39,13236717768.39,12.357805912356525,1.0142553261160017,2.024619143105551,,Tencent/Eastmoney;按公告日匹配财报，使用历史生效股本
2023-10-11,13165838422.91,13165838422.91,12.291632922196651,1.008824240032382,2.013777809005923,,Tencent/Eastmoney;按公告日匹配财报，使用历史生效股本
2023-10-12,13431635968.460001,13431635968.460001,12.539781635296182,1.0291908128459561,2.0544328118795283,,Tencent/Eastmoney;按公告日匹配财报，使用历史生效股本
2023-10-13,13360756622.98,13360756622.98,12.473608645136306,1.0237597267623364,2.0435914777799002,,Tencent/Eastmoney;按公告日匹配财报，使用历史生效股本
2023-10-16,13449355804.83,13449355804.83,12.55632488283615,1.0305485843668611,2.0571431454044355,,Tencent/Eastmoney;按公告日匹配财报，使用历史生效股本
2023-10-17,13555674823.050001,13555674823.050001,12.655584368075962,1.0386952134922909,2.0734051465538776,,Tencent/Eastmoney;按公告日匹配财报，使用历史生效股本
2023-10-18,13289877277.5,13289877277.5,12.407435654976432,1.0183286406787166,2.032750143680272,,Tencent/Eastmoney;按公告日匹配财报，使用历史生效股本
2023-10-19,13112678913.800001,13112678913.800001,12.242003179576747,1.0047509254696672,2.005646808431202,,Tencent/Eastmoney;按公告日匹配财报，使用历史生效股本
2023-10-20,13077239241.06,13077239241.06,12.208916684496808,1.0020353824278572,2.0002261413813875,,Tencent/Eastmoney;按公告日匹配财报，使用历史生效股本
2023-10-23,12758282186.4,12758282186.4,11.911138228777375,0.977595495051568,1.9514401379330613,,Tencent/Eastmoney;按公告日匹配财报，使用历史生效股本
2023-10-24,12917760713.73,12917760713.73,12.06002745663709,0.9898154387397126,1.9758331396572244,,Tencent/Eastmoney;按公告日匹配财报，使用历史生效股本
2023-10-25,13094959077.43,13094959077.43,12.225459932036777,1.003393153948762,2.002936474906295,,Tencent/Eastmoney;按公告日匹配财报，使用历史生效股本
2023-10-26,13325316950.24,13325316950.24,12.440522150056369,1.0210441837205264,2.038170810730086,,Tencent/Eastmoney;按公告日匹配财报，使用历史生效股本
2023-10-27,13307597113.869999,13307597113.869999,12.18883991017278,1.0013440621815501,1.9802341615513188,,Tencent/Eastmoney;按公告日匹配财报，使用历史生效股本
2023-10-30,13165838422.91,13165838422.91,12.058998739358689,0.9906772812262207,1.9591397896572968,,Tencent/Eastmoney;按公告日匹配财报，使用历史生效股本
2023-10-31,13094959077.43,13094959077.43,11.994078153951644,0.985343890748556,1.9485926037102859,,Tencent/Eastmoney;按公告日匹配财报，使用历史生效股本
2023-11-01,13112678913.800001,13112678913.800001,12.010308300303407,0.9866772383679723,1.9512294001970387,,Tencent/Eastmoney;按公告日匹配财报，使用历史生效股本
2023-11-02,13024079731.949999,13024079731.949999,11.929157568544598,0.9800105002708913,1.9380454177632747,,Tencent/Eastmoney;按公告日匹配财报，使用历史生效股本
2023-11-03,13112678913.800001,13112678913.800001,12.010308300303407,0.9866772383679723,1.9512294001970387,,Tencent/Eastmoney;按公告日匹配财报，使用历史生效股本
2023-11-06,13183558259.28,13183558259.28,12.075228885710452,0.992010628845637,1.9617765861440497,,Tencent/Eastmoney;按公告日匹配财报，使用历史生效股本
2023-11-07,13112678913.800001,13112678913.800001,12.010308300303407,0.9866772383679723,1.9512294001970387,,Tencent/Eastmoney;按公告日匹配财报，使用历史生效股本
2023-11-08,13059519404.69,13059519404.69,11.961617861248122,0.9826771955097237,1.9433190107367804,,Tencent/Eastmoney;按公告日匹配财报，使用历史生效股本
2023-11-09,13006359895.58,13006359895.58,11.912927422192837,0.9786771526514751,1.935408621276522,,Tencent/Eastmoney;按公告日匹配财报，使用历史生效股本
2023-11-10,12970920222.84,12970920222.84,11.880467129489315,0.9760104574126428,1.9301350283030165,,Tencent/Eastmoney;按公告日匹配财报，使用历史生效股本
2023-11-13,13077239241.06,13077239241.06,11.977848007599883,0.9840105431291398,1.945955807223533,,Tencent/Eastmoney;按公告日匹配财报，使用历史生效股本
2023-11-14,13112678913.800001,13112678913.800001,12.010308300303407,0.9866772383679723,1.9512294001970387,,Tencent/Eastmoney;按公告日匹配财报，使用历史生效股本
2023-11-15,13094959077.43,13094959077.43,11.994078153951644,0.985343890748556,1.9485926037102859,,Tencent/Eastmoney;按公告日匹配财报，使用历史生效股本
2023-11-16,13077239241.06,13077239241.06,11.977848007599883,0.9840105431291398,1.945955807223533,,Tencent/Eastmoney;按公告日匹配财报，使用历史生效股本
2023-11-17,13024079731.949999,13024079731.949999,11.929157568544598,0.9800105002708913,1.9380454177632747,,Tencent/Eastmoney;按公告日匹配财报，使用历史生效股本
2023-11-20,13059519404.69,13059519404.69,11.961617861248122,0.9826771955097237,1.9433190107367804,,Tencent/Eastmoney;按公告日匹配财报，使用历史生效股本
2023-11-21,13148118586.539999,13148118586.539999,12.042768593006928,0.9893439336068046,1.956502993170544,,Tencent/Eastmoney;按公告日匹配财报，使用历史生效股本
2023-11-22,13130398750.17,13130398750.17,12.026538446655167,0.9880105859873884,1.9538661966837914,,Tencent/Eastmoney;按公告日匹配财报，使用历史生效股本
2023-11-23,13218997932.02,13218997932.02,12.107689178413974,0.9946773240844693,1.9670501791175552,,Tencent/Eastmoney;按公告日匹配财报，使用历史生效股本
2023-11-24,13254437604.76,13254437604.76,12.140149471117496,0.9973440193233017,1.9723237720910607,,Tencent/Eastmoney;按公告日匹配财报，使用历史生效股本
2023-11-27,13183558259.28,13183558259.28,12.075228885710452,0.992010628845637,1.9617765861440497,,Tencent/Eastmoney;按公告日匹配财报，使用历史生效股本
2023-11-28,13307597113.869999,13307597113.869999,12.18883991017278,1.0013440621815501,1.9802341615513188,,Tencent/Eastmoney;按公告日匹配财报，使用历史生效股本
2023-11-29,13272157441.130001,13272157441.130001,12.156379617469259,0.9986773669427178,1.9749605685778135,,Tencent/Eastmoney;按公告日匹配财报，使用历史生效股本
2023-11-30,13325316950.24,13325316950.24,12.205070056524542,1.0026774098009663,1.9828709580380717,,Tencent/Eastmoney;按公告日匹配财报，使用历史生效股本
2023-12-01,13467075641.199999,13467075641.199999,12.334911227338631,1.0133441907562957,2.0039653299320936,,Tencent/Eastmoney;按公告日匹配财报，使用历史生效股本
2023-12-04,13608834332.16,13608834332.16,12.464752398152724,1.0240109717116253,2.0250597018261156,,Tencent/Eastmoney;按公告日匹配财报，使用历史生效股本
2023-12-05,13449355804.83,13449355804.83,12.318681080986872,1.0120108431368795,2.001328533445341,,Tencent/Eastmoney;按公告日匹配财报，使用历史生效股本
2023-12-06,13591114495.789999,13591114495.789999,12.448522251800961,1.022677624092209,2.0224229053393628,,Tencent/Eastmoney;按公告日匹配财报，使用历史生效股本
2023-12-07,13661993841.27,13661993841.27,12.513442837208009,1.0280110145698738,2.032970091286374,,Tencent/Eastmoney;按公告日匹配财报，使用历史生效股本
2023-12-08,13573394659.42,13573394659.42,12.432292105449202,1.021344276472793,2.0197861088526103,,Tencent/Eastmoney;按公告日匹配财报，使用历史生效股本
2023-12-11,13626554168.53,13626554168.53,12.480982544504485,1.0253443193310414,2.0276964983128685,,Tencent/Eastmoney;按公告日匹配财报，使用历史生效股本
2023-12-12,13821472368.6,13821472368.6,12.659514154373861,1.0400111431446193,2.056701259667149,,Tencent/Eastmoney;按公告日匹配财报，使用历史生效股本
2023-12-13,13573394659.42,13573394659.42,12.432292105449202,1.021344276472793,2.0197861088526103,,Tencent/Eastmoney;按公告日匹配财报，使用历史生效股本
2023-12-14,13697433514.01,13697433514.01,12.545903129911531,1.030677709808706,2.0382436842598795,,Tencent/Eastmoney;按公告日匹配财报，使用历史生效股本
2023-12-15,13537954986.68,13537954986.68,12.39983181274568,1.0186775812339603,2.0145125158791046,,Tencent/Eastmoney;按公告日匹配财报，使用历史生效股本
2023-12-18,13591114495.789999,13591114495.789999,12.448522251800961,1.022677624092209,2.0224229053393628,,Tencent/Eastmoney;按公告日匹配财报，使用历史生效股本
2023-12-19,13484798331.32,13484798331.32,12.351143987528308,1.014677538375712,2.0066025510705088,,Tencent/Eastmoney;按公告日匹配财报，使用历史生效股本
2023-12-20,13378479290.6,13378479290.6,12.253763088809295,1.0066774526592148,1.9907817688018847,,Tencent/Eastmoney;按公告日匹配财报，使用历史生效股本
2023-12-21,13431638810.960001,13431638810.960001,12.302453538168804,1.0106774955174633,1.998692159936197,,Tencent/Eastmoney;按公告日匹配财报，使用历史生效股本
2023-12-22,13396199130.72,13396199130.72,12.269993238595797,1.008010800278631,1.9934185658466554,,Tencent/Eastmoney;按公告日匹配财报，使用历史生效股本
2023-12-25,13236720569.64,13236720569.64,12.123921890517275,0.9960106717038855,1.969687392443719,,Tencent/Eastmoney;按公告日匹配财报，使用历史生效股本
2023-12-26,13219000729.52,13219000729.52,12.107691740730774,0.9946773240844693,1.9670505953989486,,Tencent/Eastmoney;按公告日匹配财报，使用历史生效股本
2023-12-27,13236720569.64,13236720569.64,12.123921890517275,0.9960106717038855,1.969687392443719,,Tencent/Eastmoney;按公告日匹配财报，使用历史生效股本
2023-12-28,13343039610.36,13343039610.36,12.22130278923629,1.0040107574203825,1.9855081747123435,,Tencent/Eastmoney;按公告日匹配财报，使用历史生效股本
2023-12-29,13307599930.119999,13307599930.119999,12.188842489663285,1.0013440621815501,1.9802345806228019,,Tencent/Eastmoney;按公告日匹配财报，使用历史生效股本
2024-01-02,13431638810.960001,13431638810.960001,12.302453538168804,1.0106774955174633,1.998692159936197,,Tencent/Eastmoney;按公告日匹配财报，使用历史生效股本
2024-01-03,13467078491.199999,13467078491.199999,12.334913837741805,1.0133441907562957,2.0039657540257383,,Tencent/Eastmoney;按公告日匹配财报，使用历史生效股本
2024-01-04,13520238011.56,13520238011.56,12.383604287101313,1.0173442336145444,2.01187614516005,,Tencent/Eastmoney;按公告日匹配财报，使用历史生效股本
2024-01-05,13661996732.52,13661996732.52,12.513445485393333,1.0280110145698738,2.0329705215182163,,Tencent/Eastmoney;按公告日匹配财报，使用历史生效股本
2024-01-08,13272160249.880001,13272160249.880001,12.156382190090282,0.9986773669427178,1.9749609865332607,,Tencent/Eastmoney;按公告日匹配财报，使用历史生效股本
2024-01-09,13449358651.08,13449358651.08,12.318683687955305,1.0120108431368795,2.001328956980968,,Tencent/Eastmoney;按公告日匹配财报，使用历史生效股本
2024-01-10,13413558616.130001,13413558616.130001,12.285893328354673,1.0093441478980474,1.9960017403853563,,Tencent/Eastmoney;按公告日匹配财报，使用历史生效股本
2024-01-11,13502155436.58,13502155436.58,12.367041897234161,1.0160108859951282,2.0091853714314944,,Tencent/Eastmoney;按公告日匹配财报，使用历史生效股本
2024-01-12,13643910349.300001,13643910349.300001,12.496879607441345,1.0266776669504576,2.0302791811053162,,Tencent/Eastmoney;按公告日匹配财报，使用历史生效股本
2024-01-15,13732507169.75,13732507169.75,12.578028176320833,1.0333444050475384,2.0434628121514544,,Tencent/Eastmoney;按公告日匹配财报，使用历史生效股本
2024-01-16,13661629713.39,13661629713.39,12.513109321217241,1.0280110145698738,2.0329159073145435,,Tencent/Eastmoney;按公告日匹配财报，使用历史生效股本
2024-01-17,13484436072.49,13484436072.49,12.350812183458263,1.014677538375712,2.0065486452222667,,Tencent/Eastmoney;按公告日匹配财报，使用历史生效股本
2024-01-18,13218645611.14,13218645611.14,12.107366476819795,0.9946773240844693,1.9669977520838515,,Tencent/Eastmoney;按公告日匹配财报，使用历史生效股本
2024-01-19,13076890698.42,13076890698.42,11.977528766612613,0.9840105431291398,1.94590394241003,,Tencent/Eastmoney;按公告日匹配财报，使用历史生效股本
2024-01-22,12438993591.179998,12438993591.179998,11.393259070680289,0.9360100288301574,1.8509817988778332,,Tencent/Eastmoney;按公告日匹配财报，使用历史生效股本
2024-01-23,12456712955.27,12456712955.27,11.409488784456189,0.9373433764495737,1.8536185250870612,,Tencent/Eastmoney;按公告日匹配财报，使用历史生效股本
2024-01-24,12899697057.52,12899697057.52,11.815231628853635,0.9706770669349781,1.9195366803177534,,Tencent/Eastmoney;按公告日匹配财报，使用历史生效股本
2024-01-25,13289523067.5,13289523067.5,12.172285331923387,1.000010714562134,1.9775446569207622,,Tencent/Eastmoney;按公告日匹配财报，使用历史生效股本
2024-01-26,13590752257.03,13590752257.03,12.448190466113651,1.022677624092209,2.022369002477633,,Tencent/Eastmoney;按公告日匹配财报，使用历史生效股本
2024-01-29,13431277980.22,13431277980.22,12.30212304213057,1.0106774955174633,1.9986384665945836,,Tencent/Eastmoney;按公告日匹配财报，使用历史生效股本
2024-01-30,13147768154.78,13147768154.78,12.042447621716205,0.9893439336068046,1.9564508472469408,,Tencent/Eastmoney;按公告日匹配财报，使用历史生效股本
2024-01-31,13006013242.06,13006013242.06,11.912609911509021,0.9786771526514751,1.9353570375731193,,Tencent/Eastmoney;按公告日匹配财报，使用历史生效股本
2024-02-01,12846538965.25,12846538965.25,11.76654248752594,0.9666770240767295,1.9116265016900702,,Tencent/Eastmoney;按公告日匹配财报，使用历史生效股本
2024-02-02,12580748503.9,12580748503.9,11.523096780887473,0.9466768097854869,1.8720756085516548,,Tencent/Eastmoney;按公告日匹配财报，使用历史生效股本
2024-02-05,12208641858.01,12208641858.01,11.182272791593618,0.9186765097777471,1.8167043581578737,,Tencent/Eastmoney;按公告日匹配财报，使用历史生效股本
2024-02-06,12775661508.89,12775661508.89,11.701623632422349,0.9613436335990648,1.9010795968531593,,Tencent/Eastmoney;按公告日匹配财报，使用历史生效股本
2024-02-07,13165487518.869999,13165487518.869999,12.058677335492101,0.9906772812262207,1.9590875734561684,,Tencent/Eastmoney;按公告日匹配财报，使用历史生效股本
2024-02-08,13307242431.59,13307242431.59,12.188515045699285,1.0013440621815501,1.98018138312999,,Tencent/Eastmoney;按公告日匹配财报，使用历史生效股本
2024-02-19,13254084339.320002,13254084339.320002,12.139825904371593,0.9973440193233017,1.9722712045023072,,Tencent/Eastmoney;按公告日匹配财报，使用历史生效股本
2024-02-20,13254084339.320002,13254084339.320002,12.139825904371593,0.9973440193233017,1.9722712045023072,,Tencent/Eastmoney;按公告日匹配财报，使用历史生效股本
2024-02-21,13307242431.59,13307242431.59,12.188515045699285,1.0013440621815501,1.98018138312999,,Tencent/Eastmoney;按公告日匹配财报，使用历史生效股本
2024-02-22,13236364975.23,13236364975.23,12.123596190595693,0.9960106717038855,1.969634478293079,,Tencent/Eastmoney;按公告日匹配财报，使用历史生效股本
2024-02-23,13448997344.31,13448997344.31,12.318352755906467,1.0120108431368795,2.0012751928038113,,Tencent/Eastmoney;按公告日匹配财报，使用历史生效股本
2024-02-26,13342681159.77,13342681159.77,12.220974473251081,1.0040107574203825,1.9854548355484454,,Tencent/Eastmoney;按公告日匹配财报，使用历史生效股本
2024-02-27,13431277980.22,13431277980.22,12.30212304213057,1.0106774955174633,1.9986384665945836,,Tencent/Eastmoney;按公告日匹配财报，使用历史生效股本
2024-02-28,13289523067.5,13289523067.5,12.172285331923387,1.000010714562134,1.9775446569207622,,Tencent/Eastmoney;按公告日匹配财报，使用历史生效股本
2024-02-29,13413558616.130001,13413558616.130001,12.285893328354673,1.0093441478980474,1.9960017403853563,,Tencent/Eastmoney;按公告日匹配财报，使用历史生效股本
2024-03-01,13502155436.58,13502155436.58,12.367041897234161,1.0160108859951282,2.0091853714314944,,Tencent/Eastmoney;按公告日匹配财报，使用历史生效股本
2024-03-04,13466716708.4,13466716708.4,12.334582469682365,1.0133441907562957,2.003911919013039,,Tencent/Eastmoney;按公告日匹配财报，使用历史生效股本
2024-03-05,13502155436.58,13502155436.58,12.367041897234161,1.0160108859951282,2.0091853714314944,,Tencent/Eastmoney;按公告日匹配财报，使用历史生效股本
2024-03-06,13643910349.300001,13643910349.300001,12.496879607441345,1.0266776669504576,2.0302791811053162,,Tencent/Eastmoney;按公告日匹配财报，使用历史生效股本
2024-03-07,13573032892.94,13573032892.94,12.431960752337753,1.021344276472793,2.0197322762684053,,Tencent/Eastmoney;按公告日匹配财报，使用历史生效股本
2024-03-08,14033736359.28,14033736359.28,12.853933310511097,1.0560113145776135,2.088287157708325,,Tencent/Eastmoney;按公告日匹配财报，使用历史生效股本
2024-03-11,14016016995.19,14016016995.19,12.8377035967352,1.0546779669581974,2.085650431499097,,Tencent/Eastmoney;按公告日匹配财报，使用历史生效股本
2024-03-12,13945139538.83,13945139538.83,12.772784741631607,1.0493445764805327,2.0751035266621867,,Tencent/Eastmoney;按公告日匹配财报，使用历史生效股本
2024-03-13,13856542718.380001,13856542718.380001,12.69163617275212,1.0426778383834518,2.061919895616048,,Tencent/Eastmoney;按公告日匹配财报，使用历史生效股本
2024-03-14,14051455723.369999,14051455723.369999,12.870163024286994,1.0573446621970297,2.0909238839175526,,Tencent/Eastmoney;按公告日匹配财报，使用历史生效股本
2024-03-15,14016016995.19,14016016995.19,12.8377035967352,1.0546779669581974,2.085650431499097,,Tencent/Eastmoney;按公告日匹配财报，使用历史生效股本
2024-03-18,14104613815.64,14104613815.64,12.918852165614688,1.0613447050552782,2.0988340625452357,,Tencent/Eastmoney;按公告日匹配财报，使用历史生效股本
2024-03-19,13856542718.380001,13856542718.380001,12.69163617275212,1.0426778383834518,2.061919895616048,,Tencent/Eastmoney;按公告日匹配财报，使用历史生效股本
2024-03-20,13945139538.83,13945139538.83,12.772784741631607,1.0493445764805327,2.0751035266621867,,Tencent/Eastmoney;按公告日匹配财报，使用历史生效股本
2024-03-21,13962858902.92,13962858902.92,12.789014455407505,1.0506779240999489,2.0777402528714144,,Tencent/Eastmoney;按公告日匹配财报，使用历史生效股本
2024-03-22,13785665262.02,13785665262.02,12.626717317648527,1.037344447905787,2.0513729907791376,,Tencent/Eastmoney;按公告日匹配财报，使用历史生效股本
2024-03-25,13803384626.11,13803384626.11,12.642947031424425,1.0386777955252031,2.0540097169883653,,Tencent/Eastmoney;按公告日匹配财报，使用历史生效股本
2024-03-26,13980578267.01,13980578267.01,12.805244169183403,1.0520112717193648,2.080376979080642,,Tencent/Eastmoney;按公告日匹配财报，使用历史生效股本
2024-03-27,13785665262.02,13785665262.02,12.626717317648527,1.037344447905787,2.0513729907791376,,Tencent/Eastmoney;按公告日匹配财报，使用历史生效股本
2024-03-28,13838823354.289999,13838823354.289999,12.67540645897622,1.0413444907640355,2.0592831694068203,,Tencent/Eastmoney;按公告日匹配财报，使用历史生效股本
2024-03-29,14051455723.369999,14051455723.369999,12.870163024286994,1.0573446621970297,2.0909238839175526,,Tencent/Eastmoney;按公告日匹配财报，使用历史生效股本
2024-04-01,14228658398.019999,14228658398.019999,13.032468436337085,1.0706781383911914,2.1172924902750787,,Tencent/Eastmoney;按公告日匹配财报，使用历史生效股本
2024-04-02,14529887778.8,14529887778.8,13.308373745699141,1.0933450479212665,2.1621168642908652,,Tencent/Eastmoney;按公告日匹配财报，使用历史生效股本
2024-04-03,14512168403.46,14512168403.46,13.29214402161902,1.0920117003018504,2.1594801364075837,,Tencent/Eastmoney;按公告日匹配财报，使用历史生效股本
2024-04-08,14476729652.78,14476729652.78,13.25968457345878,1.089345005063018,2.1542066806410207,,Tencent/Eastmoney;按公告日匹配财报，使用历史生效股本
2024-04-09,14459010277.44,14459010277.44,13.243454849378658,1.0880116574436018,2.151569952757739,,Tencent/Eastmoney;按公告日匹配财报，使用历史生效股本
2024-04-10,14352694025.4,14352694025.4,13.146076504897932,1.0800115717271046,2.1357495854580497,,Tencent/Eastmoney;按公告日匹配财报，使用历史生效股本
2024-04-11,14547607154.140001,14547607154.140001,13.324603469779264,1.0946783955406827,2.164753592174147,,Tencent/Eastmoney;按公告日匹配财报，使用历史生效股本
2024-04-12,14600765280.16,14600765280.16,13.373292642019624,1.0986784383989312,2.1726637758239913,,Tencent/Eastmoney;按公告日匹配财报，使用历史生效股本
2024-04-15,14689362156.859999,14689362156.859999,13.454441262420229,1.105345176496012,2.185847415240399,,Tencent/Eastmoney;按公告日匹配财报，使用历史生效股本
2024-04-16,14317255274.72,14317255274.72,13.11361705673769,1.0773448764882723,2.1304761296914867,,Tencent/Eastmoney;按公告日匹配财报，使用历史生效股本
2024-04-17,14760239658.22,14760239658.22,13.519360158740712,1.110678566973677,2.1963943267735253,,Tencent/Eastmoney;按公告日匹配财报，使用历史生效股本
2024-04-18,14583045904.820002,14583045904.820002,13.357062917939505,1.097345090779515,2.17002704794071,,Tencent/Eastmoney;按公告日匹配财报，使用历史生效股本
2024-04-19,14671642781.519999,14671642781.519999,13.438211538340108,1.1040118288765959,2.1832106873571173,,Tencent/Eastmoney;按公告日匹配财报，使用历史生效股本
2024-04-22,14600765280.16,14600765280.16,13.373292642019624,1.0986784383989312,2.1726637758239913,,Tencent/Eastmoney;按公告日匹配财报，使用历史生效股本
2024-04-23,14317255274.72,14317255274.72,13.11361705673769,1.0773448764882723,2.1304761296914867,,Tencent/Eastmoney;按公告日匹配财报，使用历史生效股本
2024-04-24,14388132776.079998,14388132776.079998,13.178535953058173,1.082678266965937,2.1410230412246127,,Tencent/Eastmoney;按公告日匹配财报，使用历史生效股本
2024-04-25,14565326529.480001,14565326529.480001,13.340833193859385,1.0960117431600989,2.1673903200574287,,Tencent/Eastmoney;按公告日匹配财报，使用历史生效股本
2024-04-26,14388134806.079998,14388134806.079998,13.178537812397977,1.082678266965937,2.1410233432983317,,Tencent/Eastmoney;按公告日匹配财报，使用历史生效股本
2024-04-29,14264099161.2,14264099161.2,13.064929727808341,1.073344833630024,2.1225662455112775,,Tencent/Eastmoney;按公告日匹配财报，使用历史生效股本
2024-04-30,14317257294.72,14317257294.72,11.183894462625773,1.0339939182804374,2.0525886597914496,,Tencent/Eastmoney;按公告日匹配财报，使用历史生效股本
2024-05-06,14760241740.72,14760241740.72,11.529930801197116,1.065986304365847,2.1160969722849967,,Tencent/Eastmoney;按公告日匹配财报，使用历史生效股本
2024-05-07,14583047962.320002,14583047962.320002,11.39151626576858,1.0531893499316831,2.090693647287578,,Tencent/Eastmoney;按公告日匹配财报，使用历史生效股本
2024-05-08,14370415428.24,14370415428.24,11.225418823254335,1.0378330046106865,2.060209657290675,,Tencent/Eastmoney;按公告日匹配财报，使用历史生效股本
2024-05-09,14653925473.679998,14653925473.679998,11.446882079939993,1.0583081317053487,2.100854977286545,,Tencent/Eastmoney;按公告日匹配财报，使用历史生效股本
2024-05-10,14583047962.320002,14583047962.320002,11.39151626576858,1.0531893499316831,2.090693647287578,,Tencent/Eastmoney;按公告日匹配财报，使用历史生效股本
2024-05-13,18858161701.079998,18858161701.079998,14.731012084401792,1.0595878271487649,2.7035938556768975,,Tencent/Eastmoney;按公告日匹配财报，使用历史生效股本
2024-05-14,18630406124.98,18630406124.98,14.553101310435588,1.0467908727146011,2.670941755970655,,Tencent/Eastmoney;按公告日匹配财报，使用历史生效股本
2024-05-15,18493752779.32,18493752779.32,14.446354846055865,1.0391127000541027,2.6513504961469097,,Tencent/Eastmoney;按公告日匹配财报，使用历史生效股本
2024-05-16,18334323876.050003,18334323876.050003,14.321817304279525,1.0301548319501883,2.62849402635254,,Tencent/Eastmoney;按公告日匹配财报，使用历史生效股本
2024-05-17,18402650548.88,18402650548.88,14.375190536469384,1.0339939182804374,2.6382896562644125,,Tencent/Eastmoney;按公告日匹配财报，使用历史生效股本
2024-05-20,18516528336.93,18516528336.93,14.464145923452486,1.0403923954975194,2.654615706117534,,Tencent/Eastmoney;按公告日匹配财报，使用历史生效股本
2024-05-21,18448201664.1,18448201664.1,14.410772691262624,1.03655330916727,2.6448200762056606,,Tencent/Eastmoney;按公告日匹配财报，使用历史生效股本
2024-05-22,18311548318.44,18311548318.44,14.3040262268829,1.0288751365067716,2.6252288163819153,,Tencent/Eastmoney;按公告日匹配财报，使用历史生效股本
2024-05-23,18061017184.73,18061017184.73,14.108324375520075,1.0147984866291917,2.5893115067050485,,Tencent/Eastmoney;按公告日匹配财报，使用历史生效股本
2024-05-24,18174894972.780003,18174894972.780003,14.19727976250318,1.0211969638462737,2.60563755655817,,Tencent/Eastmoney;按公告日匹配财报，使用历史生效股本
2024-05-27,18539303894.54,18539303894.54,14.481937000849108,1.0416720909409358,2.6578809160881582,,Tencent/Eastmoney;按公告日匹配财报，使用历史生效股本
2024-05-28,18334323876.050003,18334323876.050003,14.321817304279525,1.0301548319501883,2.62849402635254,,Tencent/Eastmoney;按公告日匹配财报，使用历史生效股本
2024-05-29,18265997203.219997,18265997203.219997,14.26844407208966,1.026315745619939,2.6186983964406667,,Tencent/Eastmoney;按公告日匹配财报，使用历史生效股本
2024-05-30,18243221645.61,18243221645.61,14.250652994693041,1.0250360501765228,2.615433186470043,,Tencent/Eastmoney;按公告日匹配财报，使用历史生效股本
2024-05-31,18197670530.39,18197670530.39,14.215070839899798,1.02247665928969,2.608902766528794,,Tencent/Eastmoney;按公告日匹配财报，使用历史生效股本
2024-06-03,18015466069.510002,18015466069.510002,14.072742220726836,1.0122390957423588,2.5827810867638004,,Tencent/Eastmoney;按公告日匹配财报，使用历史生效股本
2024-06-04,18038241627.12,18038241627.12,14.090533298123454,1.0135187911857753,2.5860462967344238,,Tencent/Eastmoney;按公告日匹配财报，使用历史生效股本
2024-06-05,17901588281.46,17901588281.46,13.983786833743732,1.005840618525277,2.5664550369106784,,Tencent/Eastmoney;按公告日匹配财报，使用历史生效股本
2024-06-06,17195545995.55,17195545995.55,13.432263434448496,0.9661700597793691,2.4652335278213258,,Tencent/Eastmoney;按公告日匹配财报，使用历史生效股本
2024-06-07,17764934935.8,17764934935.8,13.877040369364009,0.9981624458647786,2.5468637770869327,,Tencent/Eastmoney;按公告日匹配财报，使用历史生效股本
2024-06-11,17423301571.65,17423301571.65,13.610174208414703,0.9789670142135329,2.497885627527569,,Tencent/Eastmoney;按公告日匹配财报，使用历史生效股本
2024-06-12,17286648225.989998,17286648225.989998,13.503427744034976,0.9712888415530346,2.478294367703823,,Tencent/Eastmoney;按公告日匹配财报，使用历史生效股本
2024-06-13,17081668207.5,17081668207.5,13.343308047465394,0.9597715825622872,2.4489074779682047,,Tencent/Eastmoney;按公告日匹配财报，使用历史生效股本
2024-06-14,17104443765.109999,17104443765.109999,13.361099124862013,0.9610512780057036,2.4521726879388286,,Tencent/Eastmoney;按公告日匹配财报，使用历史生效股本
2024-06-17,17036117092.28,17036117092.28,13.307725892672153,0.9572121916754545,2.442377058026956,,Tencent/Eastmoney;按公告日匹配财报，使用历史生效股本
2024-06-18,17172770437.94,17172770437.94,13.414472357051876,0.9648903643359528,2.461968317850702,,Tencent/Eastmoney;按公告日匹配财报，使用历史生效股本
2024-06-19,17104443765.109999,17104443765.109999,13.361099124862013,0.9610512780057036,2.4521726879388286,,Tencent/Eastmoney;按公告日匹配财报，使用历史生效股本
2024-06-20,16945014861.84,16945014861.84,13.23656158308567,0.9520934099017889,2.429316218144459,,Tencent/Eastmoney;按公告日匹配财报，使用历史生效股本
2024-06-21,16990565977.06,16990565977.06,13.272143737878912,0.9546528007886217,2.4358466380857076,,Tencent/Eastmoney;按公告日匹配财报，使用历史生效股本
2024-06-24,16648932612.91,16648932612.91,13.005277576929604,0.9354573691373759,2.3868684885263436,,Tencent/Eastmoney;按公告日匹配财报，使用历史生效股本
2024-06-25,16785585958.57,16785585958.57,13.112024041309326,0.9431355417978742,2.406459748350089,,Tencent/Eastmoney;按公告日匹配财报，使用历史生效股本
2024-06-26,17036117092.28,17036117092.28,13.307725892672153,0.9572121916754545,2.442377058026956,,Tencent/Eastmoney;按公告日匹配财报，使用历史生效股本
2024-06-27,16717259285.74,16717259285.74,13.058650809119465,0.9392964554676251,2.3966641184382165,,Tencent/Eastmoney;按公告日匹配财报，使用历史生效股本
2024-06-28,16945014861.84,16945014861.84,13.23656158308567,0.9520934099017889,2.429316218144459,,Tencent/Eastmoney;按公告日匹配财报，使用历史生效股本
2024-07-01,17104443765.109999,17104443765.109999,13.361099124862013,0.9610512780057036,2.4521726879388286,,Tencent/Eastmoney;按公告日匹配财报，使用历史生效股本
2024-07-02,17172770437.94,17172770437.94,13.414472357051876,0.9648903643359528,2.461968317850702,,Tencent/Eastmoney;按公告日匹配财报，使用历史生效股本
2024-07-03,17172770437.94,17172770437.94,13.414472357051876,0.9648903643359528,2.461968317850702,,Tencent/Eastmoney;按公告日匹配财报，使用历史生效股本
2024-07-04,17081668207.5,17081668207.5,13.343308047465394,0.9597715825622872,2.4489074779682047,,Tencent/Eastmoney;按公告日匹配财报，使用历史生效股本
2024-07-05,16945014861.84,16945014861.84,13.23656158308567,0.9520934099017889,2.429316218144459,,Tencent/Eastmoney;按公告日匹配财报，使用历史生效股本
2024-07-08,16580605940.08,16580605940.08,12.951904344739742,0.9316182828071268,2.3770728586144707,,Tencent/Eastmoney;按公告日匹配财报，使用历史生效股本
2024-07-09,16853912631.400002,16853912631.400002,13.16539727349919,0.9469746281281234,2.4162553782619622,,Tencent/Eastmoney;按公告日匹配财报，使用历史生效股本
2024-07-10,16694483728.130001,16694483728.130001,13.040859731722845,0.9380167600242086,2.393398908467592,,Tencent/Eastmoney;按公告日匹配财报，使用历史生效股本
2024-07-11,16967790419.45,16967790419.45,13.254352660482292,0.9533731053452053,2.4325814281150833,,Tencent/Eastmoney;按公告日匹配财报，使用历史生效股本
2024-07-12,16967790419.45,16967790419.45,13.254352660482292,0.9533731053452053,2.4325814281150833,,Tencent/Eastmoney;按公告日匹配财报，使用历史生效股本
2024-07-15,17036117092.28,17036117092.28,13.307725892672153,0.9572121916754545,2.442377058026956,,Tencent/Eastmoney;按公告日匹配财报，使用历史生效股本
2024-07-16,16808361516.18,16808361516.18,13.129815118705947,0.9444152372412906,2.4097249583207137,,Tencent/Eastmoney;按公告日匹配财报，使用历史生效股本
2024-07-17,16785585958.57,16785585958.57,13.112024041309326,0.9431355417978742,2.406459748350089,,Tencent/Eastmoney;按公告日匹配财报，使用历史生效股本
2024-07-18,16922239304.23,16922239304.23,13.218770505689049,0.9508137144583725,2.4260510081738347,,Tencent/Eastmoney;按公告日匹配财报，使用历史生效股本
2024-07-19,16967790419.45,16967790419.45,13.254352660482292,0.9533731053452053,2.4325814281150833,,Tencent/Eastmoney;按公告日匹配财报，使用历史生效股本
2024-07-22,16945014861.84,16945014861.84,13.23656158308567,0.9520934099017889,2.429316218144459,,Tencent/Eastmoney;按公告日匹配财报，使用历史生效股本
2024-07-23,16831137073.789999,16831137073.789999,13.147606196102567,0.945694932684707,2.4129901682913375,,Tencent/Eastmoney;按公告日匹配财报，使用历史生效股本
2024-07-24,17036117092.28,17036117092.28,13.307725892672153,0.9572121916754545,2.442377058026956,,Tencent/Eastmoney;按公告日匹配财报，使用历史生效股本
2024-07-25,17149994880.33,17149994880.33,13.396681279655255,0.9636106688925363,2.4587031078800776,,Tencent/Eastmoney;按公告日匹配财报，使用历史生效股本
2024-07-26,17081668207.5,17081668207.5,13.343308047465394,0.9597715825622872,2.4489074779682047,,Tencent/Eastmoney;按公告日匹配财报，使用历史生效股本
2024-07-29,17172770437.94,17172770437.94,13.414472357051876,0.9648903643359528,2.461968317850702,,Tencent/Eastmoney;按公告日匹配财报，使用历史生效股本
2024-07-30,17332199341.21,17332199341.21,13.539009898828219,0.9738482324398674,2.4848247876450715,,Tencent/Eastmoney;按公告日匹配财报，使用历史生效股本
2024-07-31,17446077129.260002,17446077129.260002,13.627965285811323,0.9802467096569493,2.5011508374981934,,Tencent/Eastmoney;按公告日匹配财报，使用历史生效股本
2024-08-01,17582730474.92,17582730474.92,13.734711750191044,0.9879248823174476,2.5207420973219383,,Tencent/Eastmoney;按公告日匹配财报，使用历史生效股本
2024-08-02,17719383820.58,17719383820.58,13.84145821457077,0.9956030549779459,2.5403333571456845,,Tencent/Eastmoney;按公告日匹配财报，使用历史生效股本
2024-08-05,17537179359.7,17537179359.7,13.699129595397805,0.9853654914306148,2.51421167738069,,Tencent/Eastmoney;按公告日匹配财报，使用历史生效股本
2024-08-06,17514403802.09,17514403802.09,13.681338518001184,0.9840857959871985,2.510946467410066,,Tencent/Eastmoney;按公告日匹配财报，使用历史生效股本
2024-08-07,17423301571.65,17423301571.65,13.610174208414703,0.9789670142135329,2.497885627527569,,Tencent/Eastmoney;按公告日匹配财报，使用历史生效股本
2024-08-08,17559954917.31,17559954917.31,13.716920672794425,0.9866451868740312,2.5174768873513145,,Tencent/Eastmoney;按公告日匹配财报，使用历史生效股本
2024-08-09,17491628244.48,17491628244.48,13.663547440604562,0.982806100543782,2.5076812574394416,,Tencent/Eastmoney;按公告日匹配财报，使用历史生效股本
2024-08-12,17673832705.36,17673832705.36,13.805876059777528,0.9930436640911131,2.533802937204436,,Tencent/Eastmoney;按公告日匹配财报，使用历史生效股本
2024-08-13,17742159378.19,17742159378.19,13.859249291967387,0.9968827504213623,2.5435985671163084,,Tencent/Eastmoney;按公告日匹配财报，使用历史生效股本
2024-08-14,17764934935.8,17764934935.8,13.877040369364009,0.9981624458647786,2.5468637770869327,,Tencent/Eastmoney;按公告日匹配财报，使用历史生效股本
2024-08-15,17969914954.29,17969914954.29,14.037160065933595,1.0096797048555262,2.5762506668225513,,Tencent/Eastmoney;按公告日匹配财报，使用历史生效股本
2024-08-16,17878812723.85,17878812723.85,13.96599575634711,1.0045609230818606,2.563189826940054,,Tencent/Eastmoney;按公告日匹配财报，使用历史生效股本
2024-08-19,18220446088.0,18220446088.0,14.23286191729642,1.0237563547331063,2.612167976499418,,Tencent/Eastmoney;按公告日匹配财报，使用历史生效股本
2024-08-20,17947139396.68,17947139396.68,14.019368988536973,1.0084000094121097,2.572985456851927,,Tencent/Eastmoney;按公告日匹配财报，使用历史生效股本
2024-08-21,17810486051.02,17810486051.02,13.91262252415725,1.0007218367516115,2.5533941970281813,,Tencent/Eastmoney;按公告日匹配财报，使用历史生效股本
2024-08-22,17924363839.07,17924363839.07,14.001577911140352,1.0071203139686933,2.5697202468813027,,Tencent/Eastmoney;按公告日匹配财报，使用历史生效股本
2024-08-23,17833261608.63,17833261608.63,13.930413601553871,1.0020015321950277,2.556659406998806,,Tencent/Eastmoney;按公告日匹配财报，使用历史生效股本
2024-08-26,16512279267.25,16512279267.25,14.338424293360825,0.9592751779638452,2.371582989957171,,Tencent/Eastmoney;按公告日匹配财报，使用历史生效股本
2024-08-27,16512279267.25,16512279267.25,14.338424293360825,0.9592751779638452,2.371582989957171,,Tencent/Eastmoney;按公告日匹配财报，使用历史生效股本
2024-08-28,16466728152.03,16466728152.03,14.298870019448106,0.9566289016108416,2.365040692053841,,Tencent/Eastmoney;按公告日匹配财报，使用历史生效股本
2024-08-29,16261748133.539999,16261748133.539999,14.120875786840866,0.9447206580223247,2.3356003514888553,,Tencent/Eastmoney;按公告日匹配财报，使用历史生效股本
2024-08-30,16261748133.539999,16261748133.539999,14.120875786840866,0.9447206580223247,2.3356003514888553,,Tencent/Eastmoney;按公告日匹配财报，使用历史生效股本
2024-09-02,16307299248.76,16307299248.76,14.160430060753587,0.9473669343753285,2.3421426493921853,,Tencent/Eastmoney;按公告日匹配财报，使用历史生效股本
2024-09-03,16238972575.93,16238972575.93,14.101098649884507,0.943397519845823,2.3323292025371902,,Tencent/Eastmoney;按公告日匹配财报，使用历史生效股本
2024-09-04,16147870345.49,16147870345.49,14.02199010205907,0.9381049671398155,2.3192446067305297,,Tencent/Eastmoney;按公告日匹配财报，使用历史生效股本
2024-09-05,16193421460.710001,16193421460.710001,14.061544375971788,0.9407512434928192,2.32578690463386,,Tencent/Eastmoney;按公告日匹配财报，使用历史生效股本
2024-09-06,16125094787.880001,16125094787.880001,14.00221296510271,0.9367818289633136,2.315973457778865,,Tencent/Eastmoney;按公告日匹配财报，使用历史生效股本
2024-09-09,15965665884.609999,15965665884.609999,13.86377300640819,0.9275198617278007,2.293075415117209,,Tencent/Eastmoney;按公告日匹配财报，使用历史生效股本
2024-09-10,15874563654.17,15874563654.17,13.784664458582752,0.9222273090217932,2.2799908193105494,,Tencent/Eastmoney;按公告日匹配财报，使用历史生效股本
2024-09-11,15487379174.8,15487379174.8,13.448453130324635,0.8997339600212617,2.224381287132243,,Tencent/Eastmoney;按公告日匹配财报，使用历史生效股本
2024-09-12,15692359193.289999,15692359193.289999,13.626447362931874,0.9116422036097783,2.2538216276972287,,Tencent/Eastmoney;按公告日匹配财报，使用历史生效股本
2024-09-13,15669583635.68,15669583635.68,13.606670225975515,0.9103190654332766,2.2505504787455637,,Tencent/Eastmoney;按公告日匹配财报，使用历史生效股本
2024-09-18,15829012538.95,15829012538.95,13.745110184670033,0.9195810326687895,2.2734485214072193,,Tencent/Eastmoney;按公告日匹配财报，使用历史生效股本
2024-09-19,15920114769.390001,15920114769.390001,13.824218732495472,0.924873585374797,2.2865331172138794,,Tencent/Eastmoney;按公告日匹配财报，使用历史生效股本
2024-09-20,15920114769.390001,15920114769.390001,13.824218732495472,0.924873585374797,2.2865331172138794,,Tencent/Eastmoney;按公告日匹配财报，使用历史生效股本
2024-09-23,16079543672.66,16079543672.66,13.96265869118999,0.9341355526103099,2.3094311598755346,,Tencent/Eastmoney;按公告日匹配财报，使用历史生效股本
2024-09-24,16421177036.81,16421177036.81,14.259315745535385,0.9539826252578378,2.3584983941505104,,Tencent/Eastmoney;按公告日匹配财报，使用历史生效股本
2024-09-25,16398401479.2,16398401479.2,14.239538608579027,0.952659487081336,2.355227245198846,,Tencent/Eastmoney;按公告日匹配财报，使用历史生效股本
2024-09-26,16808361516.18,16808361516.18,14.595527073793502,0.9764759742583693,2.4141079263288168,,Tencent/Eastmoney;按公告日匹配财报，使用历史生效股本
2024-09-27,17446077129.260002,17446077129.260002,15.149286908571577,1.0135238432004212,2.505700096975439,,Tencent/Eastmoney;按公告日匹配财报，使用历史生效股本
2024-09-30,18721508355.420002,18721508355.420002,16.256806578127723,1.0876195810845253,2.6888844382686825,,Tencent/Eastmoney;按公告日匹配财报，使用历史生效股本
2024-10-08,19177019507.62,19177019507.62,16.652349317254917,1.1140823446145622,2.754307417301983,,Tencent/Eastmoney;按公告日匹配财报，使用历史生效股本
2024-10-09,17764934935.8,17764934935.8,15.42616682596061,1.0320477776714472,2.551496182298749,,Tencent/Eastmoney;按公告日匹配财报，使用历史生效股本
2024-10-10,18083792742.34,18083792742.34,15.703046743349649,1.0505717121424734,2.5972922676220604,,Tencent/Eastmoney;按公告日匹配财报，使用历史生效股本
2024-10-11,17810486051.02,17810486051.02,15.465721099873331,1.034694054024451,2.5580384802020797,,Tencent/Eastmoney;按公告日匹配财报，使用历史生效股本
2024-10-14,18083792742.34,18083792742.34,15.703046743349649,1.0505717121424734,2.5972922676220604,,Tencent/Eastmoney;按公告日匹配财报，使用历史生效股本
2024-10-15,17673832705.36,17673832705.36,15.347058278135172,1.02675522496544,2.538411586492089,,Tencent/Eastmoney;按公告日匹配财报，使用历史生效股本
2024-10-16,18220446088.0,18220446088.0,15.821709565087806,1.0585105412014844,2.6169191613320506,,Tencent/Eastmoney;按公告日匹配财报，使用历史生效股本
2024-10-17,17787710493.41,17787710493.41,15.44594396291697,1.0333709158479492,2.5547673312504147,,Tencent/Eastmoney;按公告日匹配财报，使用历史生效股本
2024-10-18,17992690511.9,17992690511.9,15.623938195524211,1.0452791594364659,2.5842076718154003,,Tencent/Eastmoney;按公告日匹配财报，使用历史生效股本
2024-10-21,17969914954.29,17969914954.29,15.60416105856785,1.043956021259964,2.5809365228637353,,Tencent/Eastmoney;按公告日匹配财报，使用历史生效股本
2024-10-22,18220446088.0,18220446088.0,15.821709565087806,1.0585105412014844,2.6169191613320506,,Tencent/Eastmoney;按公告日匹配财报，使用历史生效股本
2024-10-23,18266002263.84,18266002263.84,15.861268233385793,1.061156817554488,2.623462186069037,,Tencent/Eastmoney;按公告日匹配财报，使用历史生效股本
2024-10-24,18152124444.239998,18152124444.239998,15.762382521207577,1.0545411266719789,2.6071064367793295,,Tencent/Eastmoney;按公告日匹配财报，使用历史生效股本
2024-10-25,18379880083.440002,18379880083.440002,15.37834503691903,1.050011811887024,2.6423002929447494,,Tencent/Eastmoney;按公告日匹配财报，使用历史生效股本
2024-10-28,18539312238.04,18539312238.04,15.511741047790029,1.0591197210359822,2.6652203352351203,,Tencent/Eastmoney;按公告日匹配财报，使用历史生效股本
2024-10-29,18174903152.280003,18174903152.280003,15.206841960855582,1.0383016429812209,2.6128327119381156,,Tencent/Eastmoney;按公告日匹配财报，使用历史生效股本
2024-10-30,18015474177.260002,18015474177.260002,15.07344861032176,1.0291937338322628,2.589913126745676,,Tencent/Eastmoney;按公告日匹配财报，使用历史生效股本
2024-10-31,18243229855.86,18243229855.86,15.26401053965579,1.0422050326164884,2.6226553913063038,,Tencent/Eastmoney;按公告日匹配财报，使用历史生效股本
2024-11-01,18129352016.56,18129352016.56,15.168729574988776,1.0356993832243757,2.60628425902599,,Tencent/Eastmoney;按公告日匹配财报，使用历史生效股本
2024-11-04,18061025312.98,18061025312.98,15.111560996188564,1.031795993589108,2.596461579657801,,Tencent/Eastmoney;按公告日匹配财报，使用历史生效股本
2024-11-05,18334332127.300003,18334332127.300003,15.340235311389403,1.047409552130179,2.6357522971305554,,Tencent/Eastmoney;按公告日匹配财报，使用历史生效股本
2024-11-06,18288780991.579998,18288780991.579998,15.302122925522593,1.0448072923733336,2.629203844218429,,Tencent/Eastmoney;按公告日匹配财报，使用历史生效股本
2024-11-07,18675965645.199997,18675965645.199997,15.626078205390442,1.0669265003065176,2.6848656939714965,,Tencent/Eastmoney;按公告日匹配财报，使用历史生效股本
2024-11-08,18584863373.760002,18584863373.760002,15.549853433656835,1.0617219807928273,2.671768788147246,,Tencent/Eastmoney;按公告日匹配财报，使用历史生效股本
2024-11-11,18949273549.440002,18949273549.440002,15.85475343252138,1.0825400588475886,2.7241565681316677,,Tencent/Eastmoney;按公告日匹配财报，使用历史生效股本
2024-11-12,18903722411.100002,18903722411.100002,15.816641044462434,1.0799377990907435,2.7176081148428897,,Tencent/Eastmoney;按公告日匹配财报，使用历史生效股本
2024-11-13,18448154586.899998,18448154586.899998,15.435469940164625,1.0539152015222917,2.652115467998886,,Tencent/Eastmoney;按公告日匹配财报，使用历史生效股本
2024-11-14,18083746595.06,18083746595.06,15.130571768507055,1.0330971234675306,2.5997280019643405,,Tencent/Eastmoney;按公告日匹配财报，使用历史生效股本
2024-11-15,17833216100.670002,17833216100.670002,14.920954275492473,1.018784694804882,2.5637116190655904,,Tencent/Eastmoney;按公告日匹配财报，使用历史生效股本
2024-11-18,17833216100.670002,17833216100.670002,14.920954275492473,1.018784694804882,2.5637116190655904,,Tencent/Eastmoney;按公告日匹配财报，使用历史生效股本
2024-11-19,17901542599.14,17901542599.14,14.978122682678267,1.0226880844401498,2.5735342689470673,,Tencent/Eastmoney;按公告日匹配财报，使用历史生效股本
2024-11-20,17947093598.12,17947093598.12,15.016234954135463,1.025290344196995,2.5800827022013855,,Tencent/Eastmoney;按公告日匹配财报，使用历史生效股本
2024-11-21,17833216100.670002,17833216100.670002,14.920954275492473,1.018784694804882,2.5637116190655904,,Tencent/Eastmoney;按公告日匹配财报，使用历史生效股本
2024-11-22,17127175616.48,17127175616.48,14.330214067905924,0.9784496685737819,2.4622109036236575,,Tencent/Eastmoney;按公告日匹配财报，使用历史生效股本
2024-11-25,17058849118.01,17058849118.01,14.27304566072013,0.9745462789385143,2.45238825374218,,Tencent/Eastmoney;按公告日匹配财报，使用历史生效股本
2024-11-26,17149951115.970001,17149951115.970001,14.349270203634523,0.9797507984522046,2.4654851202508166,,Tencent/Eastmoney;按公告日匹配财报，使用历史生效股本
2024-11-27,17309379612.399998,17309379612.399998,14.482663153734709,0.9888587076011626,2.4884046366409303,,Tencent/Eastmoney;按公告日匹配财报，使用历史生效股本
2024-11-28,17491584637.44,17491584637.44,14.635113100622567,0.9992677466285432,2.514598517604983,,Tencent/Eastmoney;按公告日匹配财报，使用历史生效股本
2024-11-29,17491584637.44,17491584637.44,14.635113100622567,0.9992677466285432,2.514598517604983,,Tencent/Eastmoney;按公告日匹配财报，使用历史生效股本
2024-12-02,17673788644.079998,17673788644.079998,14.787562195420717,1.009676785655924,2.5407922521633686,,Tencent/Eastmoney;按公告日匹配财报，使用历史生效股本
2024-12-03,17719339645.74,17719339645.74,14.825674469120258,1.0122790454127693,2.5473406858029652,,Tencent/Eastmoney;按公告日匹配财报，使用历史生效股本
2024-12-04,17605462141.59,17605462141.59,14.730393784871412,1.0057733960206563,2.5309696017039744,,Tencent/Eastmoney;按公告日匹配财报，使用历史生效股本
2024-12-05,17468809136.61,17468809136.61,14.616056963772799,0.9979666167501208,2.5113243007851853,,Tencent/Eastmoney;按公告日匹配财报，使用历史生效股本
2024-12-06,17719339645.74,17719339645.74,14.825674469120258,1.0122790454127693,2.5473406858029652,,Tencent/Eastmoney;按公告日匹配财报，使用历史生效股本
2024-12-09,17764890647.399998,17764890647.399998,14.863786742819793,1.0148813051696144,2.553889119442561,,Tencent/Eastmoney;按公告日匹配财报，使用历史生效股本
2024-12-10,17742115146.57,17742115146.57,14.844730605970026,1.0135801752911917,2.550614902622763,,Tencent/Eastmoney;按公告日匹配财报，使用历史生效股本
2024-12-11,17855992650.72,17855992650.72,14.940011290218871,1.0200858246833047,2.566985986721754,,Tencent/Eastmoney;按公告日匹配财报，使用历史生效股本
2024-12-12,17969870154.87,17969870154.87,15.035291974467714,1.0265914740754174,2.5833570708207447,,Tencent/Eastmoney;按公告日匹配财报，使用历史生效股本
2024-12-13,17446033635.78,17446033635.78,14.59700082692303,0.9966654868716982,2.508050083965387,,Tencent/Eastmoney;按公告日匹配财报，使用历史生效股本
2024-12-16,17491584637.44,17491584637.44,14.635113100622567,0.9992677466285432,2.514598517604983,,Tencent/Eastmoney;按公告日匹配财报，使用历史生效股本
2024-12-17,17263829629.14,17263829629.14,14.444551732124877,0.9862564478443175,2.4818563494070016,,Tencent/Eastmoney;按公告日匹配财报，使用历史生效股本
2024-12-18,17332156131.63,17332156131.63,14.501720142674186,0.9901598374795852,2.4916789998663966,,Tencent/Eastmoney;按公告日匹配财报，使用历史生效股本
2024-12-19,17423258134.95,17423258134.95,14.577944690073261,0.9953643569932756,2.504775867145589,,Tencent/Eastmoney;按公告日匹配财报，使用历史生效股本
2024-12-20,17309380630.8,17309380630.8,14.482664005824414,0.9888587076011626,2.4884047830465983,,Tencent/Eastmoney;按公告日匹配财报，使用历史生效股本
2024-12-23,17195503126.649998,17195503126.649998,14.38738332157557,0.9823530582090497,2.472033698947607,,Tencent/Eastmoney;按公告日匹配财报，使用历史生效股本
2024-12-24,17514360138.27,17514360138.27,14.654169237472336,1.000568876506966,2.5178727344247815,,Tencent/Eastmoney;按公告日匹配财报，使用历史生效股本
2024-12-25,17491584637.44,17491584637.44,14.635113100622567,0.9992677466285432,2.514598517604983,,Tencent/Eastmoney;按公告日匹配财报，使用历史生效股本
2024-12-26,17377707133.29,17377707133.29,14.539832416373724,0.9927620972364304,2.498227433505993,,Tencent/Eastmoney;按公告日匹配财报，使用历史生效股本
2024-12-27,17537135639.100002,17537135639.100002,14.673225374322108,1.0018700063853885,2.5211469512445803,,Tencent/Eastmoney;按公告日匹配财报，使用历史生效股本
2024-12-30,17719339645.74,17719339645.74,14.825674469120258,1.0122790454127693,2.5473406858029652,,Tencent/Eastmoney;按公告日匹配财报，使用历史生效股本
2024-12-31,17947119208.12,17947119208.12,15.016256381882249,1.025290344196995,2.580086383907153,,Tencent/Eastmoney;按公告日匹配财报，使用历史生效股本
2025-01-02,18334303251.95,18334303251.95,15.340211151542148,1.047409552130179,2.6357481459965206,,Tencent/Eastmoney;按公告日匹配财报，使用历史生效股本
2025-01-03,18106547932.05,18106547932.05,15.149649522330442,1.034398253345953,2.6030059330027746,,Tencent/Eastmoney;按公告日匹配财报，使用历史生效股本
2025-01-06,18402629847.920002,18402629847.920002,15.39737964030566,1.0513129417654465,2.6455708098946444,,Tencent/Eastmoney;按公告日匹配财报，使用历史生效股本
2025-01-07,18516507507.870003,18516507507.870003,15.492660454911512,1.0578185911575597,2.6619419163915174,,Tencent/Eastmoney;按公告日匹配财报，使用历史生效股本
2025-01-08,18425405379.91,18425405379.91,15.416435803226827,1.0526140716438692,2.6488450311940186,,Tencent/Eastmoney;按公告日匹配财报，使用历史生效股本
2025-01-09,18630385167.82,18630385167.82,15.58794126951736,1.0643242405496725,2.6783130228883896,,Tencent/Eastmoney;按公告日匹配财报，使用历史生效股本
2025-01-10,18880916019.71,18880916019.71,15.797559061650235,1.0786366692123208,2.7143294571815098,,Tencent/Eastmoney;按公告日匹配财报，使用历史生效股本
2025-01-13,19017569211.649998,19017569211.649998,15.911896039177256,1.0864434484828562,2.733974784977757,,Tencent/Eastmoney;按公告日匹配财报，使用历史生效股本
2025-01-14,19473079851.45,19473079851.45,16.293019297600665,1.112466046051308,2.7994592109652485,,Tencent/Eastmoney;按公告日匹配财报，使用历史生效股本
2025-01-15,19199773467.57,19199773467.57,16.06434534254662,1.096852487510237,2.7601685553727537,,Tencent/Eastmoney;按公告日匹配财报，使用历史生效股本
2025-01-16,19473079851.45,19473079851.45,16.293019297600665,1.112466046051308,2.7994592109652485,,Tencent/Eastmoney;按公告日匹配财报，使用历史生效股本
2025-01-17,19541406447.420002,19541406447.420002,16.350187786364177,1.1163694356865757,2.8092818748633723,,Tencent/Eastmoney;按公告日匹配财报，使用历史生效股本
2025-01-20,19313651127.52,19313651127.52,16.159626157152474,1.10335813690235,2.7765396618696263,,Tencent/Eastmoney;按公告日匹配财报，使用历史生效股本
2025-01-21,19176997935.579998,19176997935.579998,16.04528917962545,1.0955513576318143,2.7568943340733787,,Tencent/Eastmoney;按公告日匹配财报，使用历史生效股本
2025-01-22,18858140487.719997,18858140487.719997,15.778502898729062,1.0773355393338981,2.7110552358821347,,Tencent/Eastmoney;按公告日匹配财报，使用历史生效股本
2025-01-23,19245324531.55,19245324531.55,16.10245766838896,1.0994547472670821,2.7667169979715025,,Tencent/Eastmoney;按公告日匹配财报，使用历史生效股本
2025-01-24,19199773467.57,19199773467.57,16.06434534254662,1.096852487510237,2.7601685553727537,,Tencent/Eastmoney;按公告日匹配财报，使用历史生效股本
2025-01-27,19427528787.469997,19427528787.469997,16.254906971758324,1.1098637862944627,2.792910768366499,,Tencent/Eastmoney;按公告日匹配财报，使用历史生效股本
2025-02-05,19268100063.54,19268100063.54,16.121513831310132,1.1007558771455048,2.7699912192708775,,Tencent/Eastmoney;按公告日匹配财报，使用历史生效股本
2025-02-06,19085895807.620003,19085895807.620003,15.969064527940771,1.0903468381181243,2.743797448875881,,Tencent/Eastmoney;按公告日匹配财报，使用历史生效股本
2025-02-07,19427528787.469997,19427528787.469997,16.254906971758324,1.1098637862944627,2.792910768366499,,Tencent/Eastmoney;按公告日匹配财报，使用历史生效股本
2025-02-10,18994793679.66,18994793679.66,15.892839876256087,1.0851423186044338,2.7307005636783828,,Tencent/Eastmoney;按公告日匹配财报，使用历史生效股本
2025-02-11,19359202191.5,19359202191.5,16.19773848299481,1.105960396659195,2.7830881044683755,,Tencent/Eastmoney;按公告日匹配财报，使用历史生效股本
2025-02-12,19199773467.57,19199773467.57,16.06434534254662,1.096852487510237,2.7601685553727537,,Tencent/Eastmoney;按公告日匹配财报，使用历史生效股本
2025-02-13,19017569211.649998,19017569211.649998,15.911896039177256,1.0864434484828562,2.733974784977757,,Tencent/Eastmoney;按公告日匹配财报，使用历史生效股本
2025-02-14,18721487295.780003,18721487295.780003,15.664165921202045,1.069528760063363,2.6914099080858884,,Tencent/Eastmoney;按公告日匹配财报，使用历史生效股本
2025-02-17,18789813891.75,18789813891.75,15.721334409965554,1.0734321496986305,2.7012325719840113,,Tencent/Eastmoney;按公告日匹配财报，使用历史生效股本
2025-02-18,18607609635.829998,18607609635.829998,15.56888510659619,1.0630231106712498,2.675038801589015,,Tencent/Eastmoney;按公告日匹配财报，使用历史生效股本
2025-02-19,18539283039.86,18539283039.86,15.51171661783268,1.0591197210359822,2.6652161376908916,,Tencent/Eastmoney;按公告日匹配财报，使用历史生效股本
2025-02-20,18379854315.93,18379854315.93,15.378323477384487,1.050011811887024,2.6422965885952694,,Tencent/Eastmoney;按公告日匹配财报，使用历史生效股本
2025-02-21,18470956443.89,18470956443.89,15.454548129069169,1.0552163314007144,2.655393473792768,,Tencent/Eastmoney;按公告日匹配财报，使用历史生效股本
2025-02-24,18607609635.829998,18607609635.829998,15.56888510659619,1.0630231106712498,2.675038801589015,,Tencent/Eastmoney;按公告日匹配财报，使用历史生效股本
2025-02-25,18265976655.98,18265976655.98,15.283042662778636,1.0435061624949111,2.625925482098397,,Tencent/Eastmoney;按公告日匹配财报，使用历史生效股本
2025-02-26,18448180911.899998,18448180911.899998,15.435491966147996,1.0539152015222917,2.6521192524933928,,Tencent/Eastmoney;按公告日匹配财报，使用历史生效股本
2025-02-27,18562058571.850002,18562058571.850002,15.530772780753852,1.0604208509144046,2.668490358990266,,Tencent/Eastmoney;按公告日匹配财报，使用历史生效股本
2025-02-28,18357078783.940002,18357078783.940002,15.359267314463318,1.0487106820086014,2.6390223672958952,,Tencent/Eastmoney;按公告日匹配财报，使用历史生效股本
2025-03-03,18379854315.93,18379854315.93,15.378323477384487,1.050011811887024,2.6422965885952694,,Tencent/Eastmoney;按公告日匹配财报，使用历史生效股本
2025-03-04,18539283039.86,18539283039.86,15.51171661783268,1.0591197210359822,2.6652161376908916,,Tencent/Eastmoney;按公告日匹配财报，使用历史生效股本
2025-03-05,18630385167.82,18630385167.82,15.58794126951736,1.0643242405496725,2.6783130228883896,,Tencent/Eastmoney;按公告日匹配财报，使用历史生效股本
2025-03-06,18607609635.829998,18607609635.829998,15.56888510659619,1.0630231106712498,2.675038801589015,,Tencent/Eastmoney;按公告日匹配财报，使用历史生效股本
2025-03-07,18789813891.75,18789813891.75,15.721334409965554,1.0734321496986305,2.7012325719840113,,Tencent/Eastmoney;按公告日匹配财报，使用历史生效股本
2025-03-10,19154222403.59,19154222403.59,16.02623301670428,1.0942502277533919,2.7536201127740045,,Tencent/Eastmoney;按公告日匹配财报，使用历史生效股本
2025-03-11,19040344743.64,19040344743.64,15.930952202098428,1.087744578361279,2.7372490062771315,,Tencent/Eastmoney;按公告日匹配财报，使用历史生效股本
2025-03-12,18789813891.75,18789813891.75,15.721334409965554,1.0734321496986305,2.7012325719840113,,Tencent/Eastmoney;按公告日匹配财报，使用历史生效股本
2025-03-13,18721487295.780003,18721487295.780003,15.664165921202045,1.069528760063363,2.6914099080858884,,Tencent/Eastmoney;按公告日匹配财报，使用历史生效股本
2025-03-14,18858140487.719997,18858140487.719997,15.778502898729062,1.0773355393338981,2.7110552358821347,,Tencent/Eastmoney;按公告日匹配财报，使用历史生效股本
2025-03-17,18994793679.66,18994793679.66,15.892839876256087,1.0851423186044338,2.7307005636783828,,Tencent/Eastmoney;按公告日匹配财报，使用历史生效股本
2025-03-18,19290875595.530003,19290875595.530003,16.140569994231303,1.1020570070239275,2.773265440570252,,Tencent/Eastmoney;按公告日匹配财报，使用历史生效股本
2025-03-19,19381977723.489998,19381977723.489998,16.216794645915982,1.1072615265376176,2.7863623257677497,,Tencent/Eastmoney;按公告日匹配财报，使用历史生效股本
2025-03-20,19245324531.55,19245324531.55,16.10245766838896,1.0994547472670821,2.7667169979715025,,Tencent/Eastmoney;按公告日匹配财报，使用历史生效股本
2025-03-21,19131446871.600002,19131446871.600002,16.00717685378311,1.0929490978749692,2.7503458914746304,,Tencent/Eastmoney;按公告日匹配财报，使用历史生效股本
2025-03-24,19222548999.559998,19222548999.559998,16.08340150546779,1.0981536173886595,2.763442776672128,,Tencent/Eastmoney;按公告日匹配财报，使用历史生效股本
2025-03-25,19473079851.45,19473079851.45,16.293019297600665,1.112466046051308,2.7994592109652485,,Tencent/Eastmoney;按公告日匹配财报，使用历史生效股本
2025-03-26,19951366023.239998,19951366023.239998,16.69319871894524,1.1397897734981821,2.868217858252114,,Tencent/Eastmoney;按公告日匹配财报，使用历史生效股本
2025-03-27,19769161767.32,19769161767.32,16.54074941557588,1.1293807344708016,2.8420240878571175,,Tencent/Eastmoney;按公告日匹配财报，使用历史生效股本
2025-03-28,19336426659.510002,19336426659.510002,16.178682320073644,1.1046592667807724,2.7798138831690014,,Tencent/Eastmoney;按公告日匹配财报，使用历史生效股本
2025-03-31,19313654536.48,19313654536.48,16.15962900941064,1.10335813690235,2.7765401519433355,,Tencent/Eastmoney;按公告日匹配财报，使用历史生效股本
2025-04-01,19655287576.63,19655287576.63,16.445471503680878,1.1228750850786888,2.825653480102711,,Tencent/Eastmoney;按公告日匹配财报，使用历史生效股本
2025-04-02,19586960968.6,19586960968.6,16.388303004826827,1.1189716954434208,2.8158308144708353,,Tencent/Eastmoney;按公告日匹配财报，使用历史生效股本
2025-04-03,20680186697.08,20680186697.08,17.302998986491584,1.1814259296077048,2.972993464580836,,Tencent/Eastmoney;按公告日匹配财报，使用历史生效股本
2025-04-07,18607612920.17,18607612920.17,15.568887854585485,1.0630231106712498,2.6750392737472937,,Tencent/Eastmoney;按公告日匹配财报，使用历史生效股本
2025-04-08,19222552392.44,19222552392.44,16.08340434427191,1.0981536173886595,2.763443264434169,,Tencent/Eastmoney;按公告日匹配财报，使用历史生效股本
2025-04-09,21135697417.28,21135697417.28,17.684122312185227,1.2074485271761564,3.038477902126669,,Tencent/Eastmoney;按公告日匹配财报，使用历史生效股本
2025-04-10,21705085817.53,21705085817.53,18.160526469302287,1.239976774136721,3.1203334490589607,,Tencent/Eastmoney;按公告日匹配财报，使用历史生效股本
2025-04-11,24080762213.920002,24080762213.920002,20.148241903456096,1.3635841125868664,3.461861816470832,,Tencent/Eastmoney;按公告日匹配财报，使用历史生效股本
2025-04-14,25121720311.2,25121720311.2,21.019205844258394,1.405220268696389,3.6115104470875425,,Tencent/Eastmoney;按公告日匹配财报，使用历史生效股本
2025-04-15,22609548280.08,22609548280.08,18.917285259832553,1.2646982418267503,3.2503594023787885,,Tencent/Eastmoney;按公告日匹配财报，使用历史生效股本
2025-04-16,22004766124.440002,22004766124.440002,18.411267341359668,1.230868864987763,3.1634156323563105,,Tencent/Eastmoney;按公告日匹配财报，使用历史生效股本
2025-04-17,21376723116.66,21376723116.66,17.885787195253204,1.1957383582703531,3.0731278711791217,,Tencent/Eastmoney;按公告日匹配财报，使用历史生效股本
2025-04-18,20353245622.5,20353245622.5,17.029449179376012,1.1384886436197597,2.9259922603718516,,Tencent/Eastmoney;按公告日匹配财报，使用历史生效股本
2025-04-21,20283463066.08,20283463066.08,16.971062496475295,1.134585253984492,2.91596028690772,,Tencent/Eastmoney;按公告日匹配财报，使用历史生效股本
2025-04-22,21563281850.94,21563281850.94,18.041879866825834,1.206147397297734,3.0999476434519333,,Tencent/Eastmoney;按公告日匹配财报，使用历史生效股本
2025-04-23,21074793265.32,21074793265.32,17.633164141687388,1.1788236698508598,3.029722292305773,,Tencent/Eastmoney;按公告日匹配财报，使用历史生效股本
2025-04-24,20981747820.44,20981747820.44,17.5553135273753,1.1736191503371693,3.0163460349445996,,Tencent/Eastmoney;按公告日匹配财报，使用历史生效股本
2025-04-25,20679350124.58,20679350124.58,16.96308254697366,1.1594199496401567,2.952819923824042,,Tencent/Eastmoney;按公告日匹配财报，使用历史生效股本
2025-04-28,20563043318.48,20563043318.48,16.867677133323635,1.1528990275386934,2.9362123876945474,,Tencent/Eastmoney;按公告日匹配财报，使用历史生效股本
2025-04-29,20214122900.18,20214122900.18,19.740597932960053,1.1199938937355722,2.8443067998269576,,Tencent/Eastmoney;按公告日匹配财报，使用历史生效股本
2025-04-30,19655850230.899998,19655850230.899998,19.195403053338598,1.0890619565092734,2.76575287209871,,Tencent/Eastmoney;按公告日匹配财报，使用历史生效股本
2025-05-06,20004770649.2,20004770649.2,19.536149853102007,1.1083944172757103,2.8148490769288648,,Tencent/Eastmoney;按公告日匹配财报，使用历史生效股本
2025-05-07,20167600177.74,20167600177.74,19.695165026324933,1.1174162323000474,2.837760639182937,,Tencent/Eastmoney;按公告日匹配财报，使用历史生效股本
2025-05-08,20097816094.08,20097816094.08,19.62701566637225,1.1135497401467602,2.827941398216906,,Tencent/Eastmoney;按公告日匹配财报，使用历史生效股本
2025-05-09,19818679759.44,19818679759.44,19.35441822656152,1.0980837715336107,2.788664434352782,,Tencent/Eastmoney;按公告日匹配财报，使用历史生效股本
2025-05-12,19795418398.22,19795418398.22,19.331701773243964,1.0967949408158482,2.7853913540307724,,Tencent/Eastmoney;按公告日匹配财报，使用历史生效股本
2025-05-13,20865441014.34,20865441014.34,20.376658625851746,1.1560811538329212,2.9359530488432464,,Tencent/Eastmoney;按公告日匹配财报，使用历史生效股本
2025-05-14,21377190961.18,21377190961.18,20.876420598838077,1.184435429623695,3.007960815927473,,Tencent/Eastmoney;按公告日匹配财报，使用历史生效股本
2025-05-15,20679350124.58,20679350124.58,20.194926999311264,1.1457705080908216,2.909768406267164,,Tencent/Eastmoney;按公告日匹配财报，使用历史生效股本
2025-05-16,20330429706.28,20330429706.28,19.85418019954785,1.1264380473243847,2.860672201437009,,Tencent/Eastmoney;按公告日匹配财报，使用历史生效股本
2025-05-19,20981763569.36,20981763569.36,20.490256272433978,1.1625253074217332,2.952320666466353,,Tencent/Eastmoney;按公告日匹配财报，使用历史生效股本
2025-05-20,20400229102.36,20400229102.36,19.922344513220175,1.130304539477672,2.8704935969966647,,Tencent/Eastmoney;按公告日匹配财报，使用历史生效股本
2025-05-21,21330684249.56,21330684249.56,20.83100332796226,1.1818577681881701,3.0014169081481663,,Tencent/Eastmoney;按公告日匹配财报，使用历史生效股本
2025-05-22,21679604929.760002,21679604929.760002,21.17175038349054,1.201190228954607,3.050513149829979,,Tencent/Eastmoney;按公告日匹配财报，使用历史生效股本
2025-05-23,20609581510.48,20609581510.48,20.12679274653714,1.141904015937534,2.8999513420057523,,Tencent/Eastmoney;按公告日匹配财报，使用历史生效股本
2025-05-26,20749149782.56,20749149782.56,20.263091568748457,1.1496370002441088,2.919589838678478,,Tencent/Eastmoney;按公告日匹配财报，使用历史生效股本
2025-05-27,20563058753.12,20563058753.12,20.081359805800037,1.1393263545020091,2.8934051764481774,,Tencent/Eastmoney;按公告日匹配财报，使用历史生效股本
2025-05-28,19911740150.08,19911740150.08,19.445298635480583,1.1032390944046606,2.8017588586421267,,Tencent/Eastmoney;按公告日匹配财报，使用历史生效股本
2025-05-29,20051308422.16,20051308422.16,19.581597457691892,1.1109720787112352,2.821397355314852,,Tencent/Eastmoney;按公告日匹配财报，使用历史生效股本
2025-05-30,20144353936.88,20144353936.88,19.672463339166104,1.116127401582285,2.834489686430002,,Tencent/Eastmoney;按公告日匹配财报，使用历史生效股本
2025-06-03,20167615315.56,20167615315.56,19.695179809534654,1.1174162323000474,2.8377627692087897,,Tencent/Eastmoney;按公告日匹配财报，使用历史生效股本
2025-06-04,20190876694.239998,20190876694.239998,19.717896279903204,1.11870506301781,2.8410358519875767,,Tencent/Eastmoney;按公告日匹配财报，使用历史生效股本
2025-06-05,20004785664.8,20004785664.8,19.536164516954788,1.1083944172757103,2.8148511897572766,,Tencent/Eastmoney;按公告日匹配财报，使用历史生效股本
2025-06-06,20214138072.92,20214138072.92,19.740612750271755,1.1199938937355722,2.844308934766364,,Tencent/Eastmoney;按公告日匹配财报，使用历史生效股本
2025-06-09,20167615315.56,20167615315.56,19.695179809534654,1.1174162323000474,2.8377627692087897,,Tencent/Eastmoney;按公告日匹配财报，使用历史生效股本
2025-06-10,20609581510.48,20609581510.48,20.12679274653714,1.141904015937534,2.8999513420057523,,Tencent/Eastmoney;按公告日匹配财报，使用历史生效股本
2025-06-11,20423490481.039997,20423490481.039997,19.945060983588725,1.1315933701954344,2.8737666797754517,,Tencent/Eastmoney;按公告日匹配财报，使用历史生效股本
2025-06-12,20144353936.88,20144353936.88,19.672463339166104,1.116127401582285,2.834489686430002,,Tencent/Eastmoney;按公告日匹配财报，使用历史生效股本
2025-06-13,20074569800.84,20074569800.84,19.604313928060446,1.1122609094289977,2.8246704380936394,,Tencent/Eastmoney;按公告日匹配财报，使用历史生效股本
2025-06-16,20028047043.48,20028047043.48,19.55888098732334,1.1096832479934726,2.818124272536064,,Tencent/Eastmoney;按公告日匹配财报，使用历史生效股本
2025-06-17,19958262907.44,19958262907.44,19.490731576217684,1.1058167558401855,2.8083050241997016,,Tencent/Eastmoney;按公告日匹配财报，使用历史生效股本
2025-06-18,19423251197.8,19423251197.8,18.968252757740988,1.076173649331649,2.7330241202875882,,Tencent/Eastmoney;按公告日匹配财报，使用历史生效股本
2025-06-19,18934762245.52,18934762245.52,18.491206880001393,1.0491082042586375,2.66428938193305,,Tencent/Eastmoney;按公告日匹配财报，使用历史生效股本
2025-06-20,19051069138.92,19051069138.92,18.60478923184415,1.0555523578474497,2.6806547958269875,,Tencent/Eastmoney;按公告日匹配财报，使用历史生效股本
2025-06-23,19516296712.52,19516296712.52,19.059118639215196,1.0813289722026989,2.7461164514027385,,Tencent/Eastmoney;按公告日匹配财报，使用历史生效股本
2025-06-24,19306944304.4,19306944304.4,18.85467040589823,1.0697294957428367,2.716658706393651,,Tencent/Eastmoney;按公告日匹配财报，使用历史生效股本
2025-06-25,19399989819.12,19399989819.12,18.945536287372434,1.0748848186138864,2.7297510375088008,,Tencent/Eastmoney;按公告日匹配财报，使用历史生效股本
2025-06-26,19213898789.68,19213898789.68,18.763804524424017,1.0645741728717868,2.7035663752785006,,Tencent/Eastmoney;按公告日匹配财报，使用历史生效股本
2025-06-27,19213898789.68,19213898789.68,18.763804524424017,1.0645741728717868,2.7035663752785006,,Tencent/Eastmoney;按公告日匹配财报，使用历史生效股本
2025-06-30,19549564303.5,19549564303.5,19.09160692183707,1.0632853421540245,2.7507974972094518,,Tencent/Eastmoney;按公告日匹配财报，使用历史生效股本
2025-07-01,19668046511.4,19668046511.4,19.207313630454266,1.0697294957428367,2.7674689971925397,,Tencent/Eastmoney;按公告日匹配财报，使用历史生效股本
2025-07-02,19668046511.4,19668046511.4,19.207313630454266,1.0697294957428367,2.7674689971925397,,Tencent/Eastmoney;按公告日匹配财报，使用历史生效股本
2025-07-03,19596957186.66,19596957186.66,19.13788960528395,1.0658630035895493,2.7574660972026868,,Tencent/Eastmoney;按公告日匹配财报，使用历史生效股本
2025-07-04,19668046511.4,19668046511.4,19.207313630454266,1.0697294957428367,2.7674689971925397,,Tencent/Eastmoney;按公告日匹配财报，使用历史生效股本
2025-07-07,19454778537.18,19454778537.18,18.999041554943314,1.0581300192829748,2.737460297222982,,Tencent/Eastmoney;按公告日匹配财报，使用历史生效股本
2025-07-08,19478474978.760002,19478474978.760002,19.022182896666756,1.059418850000737,2.7407945972195997,,Tencent/Eastmoney;按公告日匹配财报，使用历史生效股本
2025-07-09,19336296329.28,19336296329.28,18.883334846326118,1.0516858656941623,2.720788797239894,,Tencent/Eastmoney;按公告日匹配财报，使用历史生效股本
2025-07-10,19478474978.760002,19478474978.760002,19.022182896666756,1.059418850000737,2.7407945972195997,,Tencent/Eastmoney;按公告日匹配财报，使用历史生效股本
2025-07-11,19478474978.760002,19478474978.760002,19.022182896666756,1.059418850000737,2.7407945972195997,,Tencent/Eastmoney;按公告日匹配财报，使用历史生效股本
2025-07-14,19502171420.34,19502171420.34,19.045324238390194,1.0607076807184996,2.744128897216217,,Tencent/Eastmoney;按公告日匹配财报，使用历史生效股本
2025-07-15,19312599887.7,19312599887.7,18.86019350460268,1.0503970349764,2.717454497243277,,Tencent/Eastmoney;按公告日匹配财报，使用历史生效股本
2025-07-16,19359992770.86,19359992770.86,18.90647618804956,1.0529746964119249,2.724123097236512,,Tencent/Eastmoney;按公告日匹配财报，使用历史生效股本
2025-07-17,19336296329.28,19336296329.28,18.883334846326118,1.0516858656941623,2.720788797239894,,Tencent/Eastmoney;按公告日匹配财报，使用历史生效股本
2025-07-18,19359992770.86,19359992770.86,18.90647618804956,1.0529746964119249,2.724123097236512,,Tencent/Eastmoney;按公告日匹配财报，使用历史生效股本
2025-07-21,19573260745.079998,19573260745.079998,19.114748263560507,1.0645741728717868,2.7541317972060693,,Tencent/Eastmoney;按公告日匹配财报，使用历史生效股本
2025-07-22,19905010927.2,19905010927.2,19.438727047688655,1.0826178029204612,2.8008119971587147,,Tencent/Eastmoney;按公告日匹配财报，使用历史生效股本
2025-07-23,19762832277.72,19762832277.72,19.29987899734802,1.0748848186138864,2.7808061971790097,,Tencent/Eastmoney;按公告日匹配财报，使用历史生效股本
2025-07-24,20094582459.84,20094582459.84,19.623857781476165,1.092928448662561,2.8274863971316546,,Tencent/Eastmoney;按公告日匹配财报，使用历史生效股本
2025-07-25,19881314485.620003,19881314485.620003,19.415585705965217,1.0813289722026989,2.7974776971620976,,Tencent/Eastmoney;按公告日匹配财报，使用历史生效股本
2025-07-28,19715439394.56,19715439394.56,19.25359631390114,1.0723071571783616,2.7741375971857747,,Tencent/Eastmoney;按公告日匹配财报，使用历史生效股本
2025-07-29,19644350069.82,19644350069.82,19.184172288730824,1.0684406650250742,2.7641346971959218,,Tencent/Eastmoney;按公告日匹配财报，使用历史生效股本
2025-07-30,19668046511.4,19668046511.4,19.207313630454266,1.0697294957428367,2.7674689971925397,,Tencent/Eastmoney;按公告日匹配财报，使用历史生效股本
2025-07-31,19336296329.28,19336296329.28,18.883334846326118,1.0516858656941623,2.720788797239894,,Tencent/Eastmoney;按公告日匹配财报，使用历史生效股本
2025-08-01,19359992770.86,19359992770.86,18.90647618804956,1.0529746964119249,2.724123097236512,,Tencent/Eastmoney;按公告日匹配财报，使用历史生效股本
2025-08-04,19383689212.44,19383689212.44,18.929617529772997,1.0542635271296872,2.727457397233129,,Tencent/Eastmoney;按公告日匹配财报，使用历史生效股本
2025-08-05,19478474978.760002,19478474978.760002,19.022182896666756,1.059418850000737,2.7407945972195997,,Tencent/Eastmoney;按公告日匹配财报，使用历史生效股本
2025-08-06,19549564303.5,19549564303.5,19.09160692183707,1.0632853421540245,2.7507974972094518,,Tencent/Eastmoney;按公告日匹配财报，使用历史生效股本
2025-08-07,19502171420.34,19502171420.34,19.045324238390194,1.0607076807184996,2.744128897216217,,Tencent/Eastmoney;按公告日匹配财报，使用历史生效股本
2025-08-08,19596957186.66,19596957186.66,19.13788960528395,1.0658630035895493,2.7574660972026868,,Tencent/Eastmoney;按公告日匹配财报，使用历史生效股本
2025-08-11,19715439394.56,19715439394.56,19.25359631390114,1.0723071571783616,2.7741375971857747,,Tencent/Eastmoney;按公告日匹配财报，使用历史生效股本
2025-08-12,19762832277.72,19762832277.72,19.29987899734802,1.0748848186138864,2.7808061971790097,,Tencent/Eastmoney;按公告日匹配财报，使用历史生效股本
2025-08-13,19644350069.82,19644350069.82,19.184172288730824,1.0684406650250742,2.7641346971959218,,Tencent/Eastmoney;按公告日匹配财报，使用历史生效股本
2025-08-14,19502171420.34,19502171420.34,19.045324238390194,1.0607076807184996,2.744128897216217,,Tencent/Eastmoney;按公告日匹配财报，使用历史生效股本
2025-08-15,19620653628.239998,19620653628.239998,19.161030947007383,1.0671518343073116,2.7608003971993043,,Tencent/Eastmoney;按公告日匹配财报，使用历史生效股本
2025-08-18,19644350069.82,19644350069.82,19.184172288730824,1.0684406650250742,2.7641346971959218,,Tencent/Eastmoney;按公告日匹配财报，使用历史生效股本
2025-08-19,19739135836.14,197
39135836.14,19.27673765562458,1.073595987896124,2.7774718971823917,,Tencent/Eastmoney;按公告日匹配财报，使用历史生效股本
2025-08-20,19715439394.56,19715439394.56,19.25359631390114,1.0723071571783616,2.7741375971857747,,Tencent/Eastmoney;按公告日匹配财报，使用历史生效股本
2025-08-21,19857705346.88,19857705346.88,19.39252962197328,1.0800401414849363,2.7941556814512083,,Tencent/Eastmoney;按公告日匹配财报，使用历史生效股本
2025-08-22,19857705346.88,19857705346.88,19.39252962197328,1.0800401414849363,2.7941556814512083,,Tencent/Eastmoney;按公告日匹配财报，使用历史生效股本
2025-08-25,20355332807.84,20355332807.84,18.170522140054988,1.0949628441903914,2.76191333102658,,Tencent/Eastmoney;按公告日匹配财报，使用历史生效股本
2025-08-26,20213153533.28,20213153533.28,18.04360347551444,1.087314675313625,2.742621736164928,,Tencent/Eastmoney;按公告日匹配财报，使用历史生效股本
2025-08-27,19810312255.359997,19810312255.359997,17.684000592649557,1.06564486349612,2.6879622173902455,,Tencent/Eastmoney;按公告日匹配财报，使用历史生效股本
2025-08-28,19928794984.16,19928794984.16,17.789766146433347,1.0720183375600922,2.704038546441623,,Tencent/Eastmoney;按公告日匹配财报，使用历史生效股本
2025-08-29,19928794984.16,19928794984.16,17.789766146433347,1.0720183375600922,2.704038546441623,,Tencent/Eastmoney;按公告日匹配财报，使用历史生效股本
2025-09-01,20307939716.32,20307939716.32,18.128215918541475,1.0924134545648025,2.7554827994060296,,Tencent/Eastmoney;按公告日匹配财报，使用历史生效股本
2025-09-02,20450118990.88,20450118990.88,18.25513458308202,1.1000616234415692,2.7747743942676824,,Tencent/Eastmoney;按公告日匹配财报，使用历史生效股本
2025-09-03,19999884621.44,19999884621.44,17.85322547870362,1.0758424219984752,2.713684343872449,,Tencent/Eastmoney;按公告日匹配财报，使用历史生效股本
2025-09-04,20426422445.12,20426422445.12,18.23398147232526,1.0987869286287746,2.7715591284574064,,Tencent/Eastmoney;按公告日匹配财报，使用历史生效股本
2025-09-05,20450118990.88,20450118990.88,18.25513458308202,1.1000616234415692,2.7747743942676824,,Tencent/Eastmoney;按公告日匹配财报，使用历史生效股本
2025-09-08,20781870631.52,20781870631.52,18.551278133676632,1.1179073508206905,2.819788115611538,,Tencent/Eastmoney;按公告日匹配财报，使用历史生效股本
2025-09-09,21421677367.039997,21421677367.039997,19.12241212410909,1.1523241107661395,2.9066002924889736,,Tencent/Eastmoney;按公告日匹配财报，使用历史生效股本
2025-09-10,20971442997.6,20971442997.6,18.720503019730693,1.1281049093230457,2.845510242093741,,Tencent/Eastmoney;按公告日匹配财报，使用历史生效股本
2025-09-11,21042532634.88,21042532634.88,18.783962352000966,1.1319289937614292,2.8551560395245676,,Tencent/Eastmoney;按公告日匹配财报，使用历史生效股本
2025-09-12,20876656814.56,20876656814.56,18.635890576703662,1.1230061300718683,2.83264917885264,,Tencent/Eastmoney;按公告日匹配财报，使用历史生效股本
2025-09-15,20900353360.32,20900353360.32,18.65704368746042,1.1242808248846627,2.835864444662915,,Tencent/Eastmoney;按公告日匹配财报，使用历史生效股本
2025-09-16,20734477540.0,20734477540.0,18.508971912163116,1.1153579611951019,2.813357583990987,,Tencent/Eastmoney;按公告日匹配财报，使用历史生效股本
2025-09-17,20687084448.48,20687084448.48,18.4666656906496,1.112808571569513,2.806927052370436,,Tencent/Eastmoney;按公告日匹配财报，使用历史生效股本
2025-09-18,20307939716.32,20307939716.32,18.128215918541475,1.0924134545648025,2.7554827994060296,,Tencent/Eastmoney;按公告日匹配财报，使用历史生效股本
2025-09-19,20521208628.16,20521208628.16,18.318593915352295,1.1038857078799522,2.784420191698508,,Tencent/Eastmoney;按公告日匹配财报，使用历史生效股本
2025-09-22,20236850079.039997,20236850079.039997,18.064756586271198,1.0885893701264193,2.745837001975203,,Tencent/Eastmoney;按公告日匹配财报，使用历史生效股本
2025-09-23,20284243170.56,20284243170.56,18.107062807784718,1.0911387597520084,2.7522675335957545,,Tencent/Eastmoney;按公告日匹配财报，使用历史生效股本
2025-09-24,20426422445.12,20426422445.12,18.23398147232526,1.0987869286287746,2.7715591284574064,,Tencent/Eastmoney;按公告日匹配财报，使用历史生效股本
2025-09-25,20047277712.960003,20047277712.960003,17.89553170021714,1.0783918116240643,2.7201148754930005,,Tencent/Eastmoney;按公告日匹配财报，使用历史生效股本
2025-09-26,20070974258.72,20070974258.72,17.916684810973894,1.0796665064368587,2.7233301413032756,,Tencent/Eastmoney;按公告日匹配财报，使用历史生效股本
2025-09-29,20118367350.24,20118367350.24,17.95899103248741,1.0822158960624475,2.7297606729238266,,Tencent/Eastmoney;按公告日匹配财报，使用历史生效股本
2025-09-30,19952500631.94,19952500631.94,17.810927382257745,1.0732930323728866,2.7072550472594816,,Tencent/Eastmoney;按公告日匹配财报，使用历史生效股本
2025-10-09,20260555867.350002,20260555867.350002,18.085917947542015,1.089864064939214,2.7490535218608754,,Tencent/Eastmoney;按公告日匹配财报，使用历史生效股本
2025-10-10,20426431763.339996,20426431763.339996,18.233989790387383,1.0987869286287746,2.7715603928000863,,Tencent/Eastmoney;按公告日匹配财报，使用历史生效股本
2025-10-13,20805577853.76,20805577853.76,18.572440774968605,1.119182045633485,2.8230048300600012,,Tencent/Eastmoney;按公告日匹配财报，使用历史生效股本
2025-10-14,20924060643.36,20924060643.36,18.678206383026517,1.1255555196974572,2.8390811673610266,,Tencent/Eastmoney;按公告日匹配财报，使用历史生效股本
2025-10-15,20758184737.92,20758184737.92,18.530134531745443,1.1166326560078963,2.816574295139591,,Tencent/Eastmoney;按公告日匹配财报，使用历史生效股本
2025-10-16,20758184737.92,20758184737.92,18.530134531745443,1.1166326560078963,2.816574295139591,,Tencent/Eastmoney;按公告日匹配财报，使用历史生效股本
2025-10-17,20710791622.08,20710791622.08,18.487828288522284,1.1140832663823075,2.810143760219182,,Tencent/Eastmoney;按公告日匹配财报，使用历史生效股本
2025-10-20,21018846875.039997,21018846875.039997,18.762818869472838,1.1306542989486346,2.8519422372018464,,Tencent/Eastmoney;按公告日匹配财报，使用历史生效股本
2025-10-21,21113633106.72,21113633106.72,18.84743135591917,1.1357530781998122,2.864803307042667,,Tencent/Eastmoney;按公告日匹配财报，使用历史生效股本
2025-10-22,20971453759.2,20971453759.2,18.72051262624968,1.1281049093230457,2.8455117022814367,,Tencent/Eastmoney;按公告日匹配财报，使用历史生效股本
2025-10-23,21279509012.16,21279509012.16,18.995503207200237,1.144675941889373,2.8873101792641016,,Tencent/Eastmoney;按公告日匹配财报，使用历史生效股本
2025-10-24,21374295243.84,21374295243.84,19.080115693646565,1.1497747211405507,2.900171249104922,,Tencent/Eastmoney;按公告日匹配财报，使用历史生效股本
2025-10-27,21469081475.52,21469081475.52,19.16472818009289,1.1548735003917283,2.913032318945742,,Tencent/Eastmoney;按公告日匹配财报，使用历史生效股本
2025-10-28,21066239990.88,21066239990.88,19.294077213182355,1.1176118179954473,2.7586384109246906,,Tencent/Eastmoney;按公告日匹配财报，使用历史生效股本
2025-10-29,20900364085.440002,20900364085.440002,19.142155345362024,1.108811724940365,2.7369168486339452,,Tencent/Eastmoney;按公告日匹配财报，使用历史生效股本
2025-10-30,20829274411.679996,20829274411.679996,19.07704597343902,1.105040256488187,2.7276076076521965,,Tencent/Eastmoney;按公告日匹配财报，使用历史生效股本
2025-10-31,20758184737.92,20758184737.92,19.01193660151602,1.1012687880360088,2.7182983666704486,,Tencent/Eastmoney;按公告日匹配财报，使用历史生效股本
2025-11-03,20924060643.36,20924060643.36,19.163858469336358,1.110068881091091,2.7400199289611944,,Tencent/Eastmoney;按公告日匹配财报，使用历史生效股本
2025-11-04,21208419338.399998,21208419338.399998,19.424295957028352,1.1251547548998035,2.7772568928881864,,Tencent/Eastmoney;按公告日匹配财报，使用历史生效股本
2025-11-05,21137329664.64,21137329664.64,19.359186585105356,1.1213832864476254,2.7679476519064385,,Tencent/Eastmoney;按公告日匹配财报，使用历史生效股本
2025-11-06,21350598685.92,21350598685.92,19.554514700874353,1.1326976918041598,2.7958753748516827,,Tencent/Eastmoney;按公告日匹配财报，使用历史生效股本
2025-11-07,21232115896.320004,21232115896.320004,19.445999081002693,1.1264119110505297,2.7803599732154365,,Tencent/Eastmoney;按公告日匹配财报，使用历史生效股本
2025-11-10,21303205570.08,21303205570.08,19.51110845292569,1.1301833795027076,2.7896692141971844,,Tencent/Eastmoney;按公告日匹配财报，使用历史生效股本
2025-11-11,21279516483.52,21279516483.52,19.48941217179549,1.1289262233519817,2.786567112249593,,Tencent/Eastmoney;按公告日匹配财报，使用历史生效股本
2025-11-12,21113640519.84,21113640519.84,19.3374902506345,1.1201261302968994,2.7648455423322797,,Tencent/Eastmoney;按公告日匹配财报，使用历史生效股本
2025-11-13,21232123351.04,21232123351.04,19.446005908606637,1.1264119110505297,2.780360949416075,,Tencent/Eastmoney;按公告日匹配财报，使用历史生效股本
2025-11-14,21729751242.079998,21729751242.079998,19.901771672089602,1.1528121902157764,2.845525659168014,,Tencent/Eastmoney;按公告日匹配财报，使用历史生效股本
2025-11-17,21469089013.440002,21469089013.440002,19.66303722455091,1.13898347255779,2.8113917635836656,,Tencent/Eastmoney;按公告日匹配财报，使用历史生效股本
2025-11-18,21066247387.36,21066247387.36,19.294083987445646,1.1176118179954473,2.758639379498762,,Tencent/Eastmoney;按公告日匹配财报，使用历史生效股本
2025-11-19,20947764556.16,20947764556.16,19.18556832947351,1.1113260372418172,2.743123972414967,,Tencent/Eastmoney;按公告日匹配财报，使用历史生效股本
2025-11-20,20829281724.96,20829281724.96,19.077052671501374,1.105040256488187,2.7276085653311717,,Tencent/Eastmoney;按公告日匹配财报，使用历史生效股本
2025-11-21,20568619496.32,20568619496.32,18.838318223962677,1.0912115388302004,2.6934746697468226,,Tencent/Eastmoney;按公告日匹配财报，使用历史生效股本
2025-11-24,20497529797.600002,20497529797.600002,18.7732088291794,1.0874400703780225,2.6841654254965457,,Tencent/Eastmoney;按公告日匹配财报，使用历史生效股本
2025-11-25,20734495460.0,20734495460.0,18.990240145123668,1.1000116318852828,2.715196239664136,,Tencent/Eastmoney;按公告日匹配财报，使用历史生效股本
2025-11-26,20710798893.760002,20710798893.760002,18.968537013529243,1.0987544757345569,2.712093158247377,,Tencent/Eastmoney;按公告日匹配财报，使用历史生效股本
2025-11-27,20544922930.079998,20544922930.079998,18.81661509236825,1.0899543826794744,2.690371588330063,,Tencent/Eastmoney;按公告日匹配财报，使用历史生效股本
2025-11-28,20734495460.0,20734495460.0,18.990240145123668,1.1000116318852828,2.715196239664136,,Tencent/Eastmoney;按公告日匹配财报，使用历史生效股本
2025-12-01,21326909616.0,21326909616.0,19.532818434984343,1.1314405356534338,2.792773275083111,,Tencent/Eastmoney;按公告日匹配财报，使用历史生效股本
2025-12-02,21563875278.399998,21563875278.399998,19.74984975092861,1.144012097160694,2.823804089250701,,Tencent/Eastmoney;按公告日匹配财报，使用历史生效股本
2025-12-03,21421695880.96,21421695880.96,19.61963096136205,1.1364691602563377,2.805185600750147,,Tencent/Eastmoney;按公告日匹配财报，使用历史生效股本
2025-12-04,21350606182.239998,21350606182.239998,19.554521566578767,1.1326976918041598,2.79587635649987,,Tencent/Eastmoney;按公告日匹配财报，使用历史生效股本
2025-12-05,21303213049.760002,21303213049.760002,19.511115303389918,1.1301833795027076,2.7896701936663524,,Tencent/Eastmoney;按公告日匹配财报，使用历史生效股本
2025-12-08,21232123351.04,21232123351.04,19.446005908606637,1.1264119110505297,2.780360949416075,,Tencent/Eastmoney;按公告日匹配财报，使用历史生效股本
2025-12-09,21018854254.879997,21018854254.879997,19.25067772425679,1.1150975056939951,2.7524332166652434,,Tencent/Eastmoney;按公告日匹配财报，使用历史生效股本
2025-12-10,21421695880.96,21421695880.96,19.61963096136205,1.1364691602563377,2.805185600750147,,Tencent/Eastmoney;按公告日匹配财报，使用历史生效股本
2025-12-11,21018854254.879997,21018854254.879997,19.25067772425679,1.1150975056939951,2.7524332166652434,,Tencent/Eastmoney;按公告日匹配财报，使用历史生效股本
2025-12-12,20924067989.920002,20924067989.920002,19.163865197879083,1.110068881091091,2.740020890998208,,Tencent/Eastmoney;按公告日匹配财报，使用历史生效股本
2025-12-15,21208426784.8,21208426784.8,19.42430277701221,1.1251547548998035,2.7772578679993156,,Tencent/Eastmoney;按公告日匹配财报，使用历史生效股本
2025-12-16,20971461122.399998,20971461122.399998,19.207271461067936,1.1125831933925432,2.7462270538317255,,Tencent/Eastmoney;按公告日匹配财报，使用历史生效股本
2025-12-17,21042550821.120003,21042550821.120003,19.27238085585122,1.1163546618447213,2.7555362980820033,,Tencent/Eastmoney;按公告日匹配财报，使用历史生效股本
2025-12-18,21232123351.04,21232123351.04,19.446005908606637,1.1264119110505297,2.780360949416075,,Tencent/Eastmoney;按公告日匹配财报，使用历史生效股本
2025-12-19,21611268410.879997,21611268410.879997,19.793256014117464,1.1465264094621461,2.830010252084219,,Tencent/Eastmoney;按公告日匹配财报，使用历史生效股本
2025-12-22,22559131060.48,22559131060.48,20.66138127789455,1.1968126554911875,2.9541335087545795,,Tencent/Eastmoney;按公告日匹配财报，使用历史生效股本
2025-12-23,22630220759.2,22630220759.2,20.72649067267783,1.2005841239433659,2.963442753004857,,Tencent/Eastmoney;按公告日匹配财报，使用历史生效股本
2025-12-24,23104152084.0,23104152084.0,21.16055330456637,1.2257272469578866,3.025504381340037,,Tencent/Eastmoney;按公告日匹配财报，使用历史生效股本
2025-12-25,24099407866.079998,24099407866.079998,22.072084831532305,1.2785278052883802,3.155833800843915,,Tencent/Eastmoney;按公告日匹配财报，使用历史生效股本
2025-12-26,24691822022.079998,24691822022.079998,22.614663121392983,1.309956709056531,3.2334108362628906,,Tencent/Eastmoney;按公告日匹配财报，使用历史生效股本
2025-12-29,22772400156.64,22772400156.64,20.856709462244392,1.208127060847722,2.9820612415054106,,Tencent/Eastmoney;按公告日匹配财报，使用历史生效股本
2025-12-30,22037806603.2,22037806603.2,20.183912382817155,1.169155220175215,2.8858657175858813,,Tencent/Eastmoney;按公告日匹配财报，使用历史生效股本
2025-12-31,22227429231.7,22227429231.7,20.357583319691958,1.1792124693810233,2.9106969293629743,,Tencent/Eastmoney;按公告日匹配财报，使用历史生效股本
2026-01-05,22180035992.399998,22180035992.399998,20.314176958669158,1.176698157079571,2.9044907525413044,,Tencent/Eastmoney;按公告日匹配财报，使用历史生效股本
2026-01-06,22369608949.6,22369608949.6,20.487802402760348,1.1867554062853793,2.9293154598279822,,Tencent/Eastmoney;按公告日匹配财报，使用历史生效股本
2026-01-07,23033114299.800003,23033114299.800003,21.095491457079515,1.2219557785057085,3.016201935331355,,Tencent/Eastmoney;按公告日匹配财报，使用历史生效股本
2026-01-08,22582878526.449997,22582878526.449997,20.683131027362936,1.1980698116419137,2.9572432555254946,,Tencent/Eastmoney;按公告日匹配财报，使用历史生效股本
2026-01-09,22535485287.149998,22535485287.149998,20.63972466634014,1.1955554993404616,2.951037078703825,,Tencent/Eastmoney;按公告日匹配财报，使用历史生效股本
2026-01-12,22582878526.449997,22582878526.449997,20.683131027362936,1.1980698116419137,2.9572432555254946,,Tencent/Eastmoney;按公告日匹配财报，使用历史生效股本
2026-01-13,22061552894.15,22061552894.15,20.20566105611217,1.1704123763259409,2.8889753104871314,,Tencent/Eastmoney;按公告日匹配财报，使用历史生效股本
2026-01-14,22180035992.399998,22180035992.399998,20.314176958669158,1.176698157079571,2.9044907525413044,,Tencent/Eastmoney;按公告日匹配财报，使用历史生效股本
2026-01-15,22203732612.05,22203732612.05,20.33588013918056,1.1779553132302971,2.9075938409521394,,Tencent/Eastmoney;按公告日匹配财报，使用历史生效股本
2026-01-16,22867237962.25,22867237962.25,20.943569193499723,1.2131556854506262,2.994480316455512,,Tencent/Eastmoney;按公告日匹配财报，使用历史生效股本
2026-01-19,23317473735.6,23317473735.6,21.355929623216298,1.2370416523144208,3.0534389962613715,,Tencent/Eastmoney;按公告日匹配财报，使用历史生效股本
2026-01-20,23364866974.899998,23364866974.899998,21.399335984239094,1.239555964615873,3.059645173083041,,Tencent/Eastmoney;按公告日匹配财报，使用历史生效股本
2026-01-21,23151597398.05,23151597398.05,21.204007359636506,1.2282415592593385,3.0317173773855286,,Tencent/Eastmoney;按公告日匹配财报，使用历史生效股本
2026-01-22,23246383876.65,23246383876.65,21.290820081682103,1.2332701838622429,3.0441297310288675,,Tencent/Eastmoney;按公告日匹配财报，使用历史生效股本
2026-01-23,23482841585.88,23482841585.88,21.507386175181033,1.2244700908071606,3.075094028384425,,Tencent/Eastmoney;按公告日匹配财报，使用历史生效股本
2026-01-26,23506951279.5,23506951279.5,21.52946768049436,1.2257272469578866,3.078251209111719,,Tencent/Eastmoney;按公告日匹配财报，使用历史生效股本
2026-01-27,23772157909.32,23772157909.32,21.772364238940963,1.239555964615873,3.1129801971119533,,Tencent/Eastmoney;按公告日匹配财报，使用历史生效股本
2026-01-28,23940925764.66,23940925764.66,21.926934776134257,1.2483560576709551,3.135080462203012,,Tencent/Eastmoney;按公告日匹配财报，使用历史生效股本
2026-01-29,23868596683.8,23868596683.8,21.86069026019427,1.2445845892187772,3.1256089200211297,,Tencent/Eastmoney;按公告日匹配财报，使用历史生效股本
2026-01-30,23579280360.359997,23579280360.359997,21.59571219643434,1.2294987154100645,3.0877227512936005,,Tencent/Eastmoney;按公告日匹配财报，使用历史生效股本
2026-02-02,22855989551.760002,22855989551.760002,20.93326703703452,1.1917840308882837,2.993007329474779,,Tencent/Eastmoney;按公告日匹配财报，使用历史生效股本
2026-02-03,23458731892.260002,23458731892.260002,21.485304669867705,1.2232129346564344,3.0719368476571307,,Tencent/Eastmoney;按公告日匹配财报，使用历史生效股本
2026-02-04,23796267602.94,23796267602.94,21.79444574425429,1.2408131207665989,3.1161373778392476,,Tencent/Eastmoney;按公告日匹配财报，使用历史生效股本
2026-02-05,23555170666.739998,23555170666.739998,21.573630691121014,1.2282415592593385,3.0845655705663066,,Tencent/Eastmoney;按公告日匹配财报，使用历史生效股本
2026-02-06,23289964036.920002,23289964036.920002,21.330734132674415,1.2144128416013522,3.0498365825660723,,Tencent/Eastmoney;按公告日匹配财报，使用历史生效股本
2026-02-09,23410512505.02,23410512505.02,21.44114165924105,1.2206986223549825,3.0656224862025425,,Tencent/Eastmoney;按公告日匹配财报，使用历史生效股本
2026-02-10,23844486990.18,23844486990.18,21.838608754880948,1.243327433068051,3.122451739293836,,Tencent/Eastmoney;按公告日匹配财报，使用历史生效股本
2026-02-11,25218739526.52,25218739526.52,23.097254557740616,1.3149853336594353,3.3024110407495977,,Tencent/Eastmoney;按公告日匹配财报，使用历史生效股本
2026-02-12,26026653523.2,26026653523.2,23.837204118758766,1.2998994598507227,3.408207926426871,,Tencent/Eastmoney;按公告日匹配财报，使用历史生效股本
2026-02-13,25422553248.0,25422553248.0,23.283922785247924,1.2697277122332977,3.3291005857747966,,Tencent/Eastmoney;按公告日匹配财报，使用历史生效股本
2026-02-24,26152507747.2,26152507747.2,23.952471063240193,1.306185240604353,3.424688622396053,,Tencent/Eastmoney;按公告日匹配财报，使用历史生效股本
2026-02-25,26681095488.0,26681095488.0,24.43659223006218,1.3325855197695997,3.493907545466618,,Tencent/Eastmoney;按公告日匹配财报，使用历史生效股本
2026-02-26,27108999849.6,27108999849.6,24.828499841299024,1.3539571743319423,3.549941911761837,,Tencent/Eastmoney;按公告日匹配财报，使用历史生效股本
2026-02-27,28719933916.8,28719933916.8,26.30391673066127,1.4344151679784087,3.760894820167369,,Tencent/Eastmoney;按公告日匹配财报，使用历史生效股本
2026-03-02,28543738003.2,28543738003.2,26.142543008387275,1.4256150749233265,3.7378218458105144,,Tencent/Eastmoney;按公告日匹配财报，使用历史生效股本
2026-03-03,27662758435.2,27662758435.2,25.335674397017296,1.3816146096479152,3.622456974026239,,Tencent/Eastmoney;按公告日匹配财报，使用历史生效股本
2026-03-04,27838954348.800003,27838954348.800003,25.497048119291296,1.3904147027029976,3.6455299483830945,,Tencent/Eastmoney;按公告日匹配财报，使用历史生效股本
2026-03-05,28191346176.0,28191346176.0,25.819795563839282,1.4080148888131618,3.691675897096804,,Tencent/Eastmoney;按公告日匹配财报，使用历史生效股本
2026-03-06,28568908848.0,28568908848.0,26.16559639728356,1.4268722310740525,3.7411179850043506,,Tencent/Eastmoney;按公告日匹配财报，使用历史生效股本
2026-03-09,27813783504.0,27813783504.0,25.473994730395006,1.3891575465522714,3.6422338091892574,,Tencent/Eastmoney;按公告日匹配财报，使用历史生效股本
2026-03-10,29097496588.800003,29097496588.800003,26.64971756410555,1.4532725102392994,3.810336908074916,,Tencent/Eastmoney;按公告日匹配财报，使用历史生效股本
2026-03-11,29072325744.0,29072325744.0,26.62666417520926,1.4520153540885734,3.807040768881079,,Tencent/Eastmoney;按公告日匹配财报，使用历史生效股本
2026-03-12,29097496588.800003,29097496588.800003,26.64971756410555,1.4532725102392994,3.810336908074916,,Tencent/Eastmoney;按公告日匹配财报，使用历史生效股本
2026-03-13,28166175331.199997,28166175331.199997,25.796742174942995,1.4067577326624359,3.6883797579029673,,Tencent/Eastmoney;按公告日匹配财报，使用历史生效股本
2026-03-16,28493396313.600002,28493396313.600002,26.096436230594705,1.4231007626218743,3.7312295674228415,,Tencent/Eastmoney;按公告日匹配财报，使用历史生效股本
2026-03-17,27813783504.0,27813783504.0,25.473994730395006,1.3891575465522714,3.6422338091892574,,Tencent/Eastmoney;按公告日匹配财报，使用历史生效股本
2026-03-18,27562075056.0,27562075056.0,25.243460841432157,1.3765859850450108,3.609272417250893,,Tencent/Eastmoney;按公告日匹配财报，使用历史生效股本
2026-03-19,27108999849.6,27108999849.6,24.828499841299024,1.3539571743319423,3.549941911761837,,Tencent/Eastmoney;按公告日匹配财报，使用历史生效股本
2026-03-20,26681095488.0,26681095488.0,24.43659223006218,1.3325855197695997,3.493907545466618,,Tencent/Eastmoney;按公告日匹配财报，使用历史生效股本
2026-03-23,25774945075.2,25774945075.2,23.606670229795917,1.2873278983434624,3.3752465344885065,,Tencent/Eastmoney;按公告日匹配财报，使用历史生效股本
2026-03-24,27058658160.0,27058658160.0,24.782393063506454,1.3514428620304904,3.5433496333741648,,Tencent/Eastmoney;按公告日匹配财报，使用历史生效股本
2026-03-25,27612416745.600002,27612416745.600002,25.28956761922473,1.3791002973464632,3.6158646956385665,,Tencent/Eastmoney;按公告日匹配财报，使用历史生效股本
2026-03-26,27360708297.6,27360708297.6,25.059033730261874,1.3665287358392026,3.582903303700202,,Tencent/Eastmoney;按公告日匹配财报，使用历史生效股本
2026-03-27,27385879142.4,27385879142.4,25.082087119158164,1.3677858919899288,3.5861994428940385,,Tencent/Eastmoney;按公告日匹配财报，使用历史生效股本
2026-03-30,27536904211.199997,27536904211.199997,25.22040745253587,1.3753288288942849,3.6059762780570566,,Tencent/Eastmoney;按公告日匹配财报，使用历史生效股本
2026-03-31,27159341539.199997,27159341539.199997,26.164451726525716,1.3463596238504194,3.567045910334849,,Tencent/Eastmoney;按公告日匹配财报，使用历史生效股本
2026-04-01,26806949712.0,26806949712.0,25.824968571593967,1.3288906389255764,3.5207635722952872,,Tencent/Eastmoney;按公告日匹配财报，使用历史生效股本
2026-04-02,26504899574.399998,26504899574.399998,25.533983010223892,1.3139172232757106,3.4810929968328046,,Tencent/Eastmoney;按公告日匹配财报，使用历史生效股本
2026-04-03,25976311833.600002,25976311833.600002,25.02475827782627,1.2877137458884458,3.4116694897734616,,Tencent/Eastmoney;按公告日匹配财报，使用历史生效股本
2026-04-07,25699432540.800003,25699432540.800003,24.758021513237036,1.273988114876069,3.37530479559952,,Tencent/Eastmoney;按公告日匹配财报，使用历史生效股本
2026-04-08,27134170694.399998,27134170694.399998,26.140202929744877,1.3451118392129306,3.563740029046309,,Tencent/Eastmoney;按公告日匹配财报，使用历史生效股本
2026-04-09,26882462246.399998,26882462246.399998,25.897714961936483,1.3326339928380426,3.5306812161609074,,Tencent/Eastmoney;按公告日匹配财报，使用历史生效股本
2026-04-10,27234854073.600002,27234854073.600002,26.23719811686824,1.3501029777628861,3.5769635542004705,,Tencent/Eastmoney;按公告日匹配财报，使用历史生效股本
2026-04-13,26580412108.800003,26580412108.800003,25.606729400566415,1.317660577188177,3.491010640698426,,Tencent/Eastmoney;按公告日匹配财报，使用历史生效股本
2026-04-14,26957974780.800003,26957974780.800003,25.970461352279006,1.3363773467505093,3.540598860026529,,Tencent/Eastmoney;按公告日匹配财报，使用历史生效股本
2026-04-15,26530070419.199997,26530070419.199997,25.55823180700473,1.3151650079131993,3.4843988781213446,,Tencent/Eastmoney;按公告日匹配财报，使用历史生效股本
2026-04-16,27008316470.4,27008316470.4,26.018958945840684,1.3388729160254869,3.547210622603609,,Tencent/Eastmoney;按公告日匹配财报，使用历史生效股本
2026-04-17,27134170694.399998,27134170694.399998,26.140202929744877,1.3451118392129306,3.563740029046309,,Tencent/Eastmoney;按公告日匹配财报，使用历史生效股本
2026-04-20,27687929280.0,27687929280.0,26.673676458923346,1.3725631012376844,3.6364694173941934,,Tencent/Eastmoney;按公告日匹配财报，使用历史生效股本
2026-04-21,27511733366.399998,27511733366.399998,26.503934881457468,1.363828608775263,3.613328248374412,,Tencent/Eastmoney;按公告日匹配财报，使用历史生效股本
2026-04-22,27461391676.8,27461391676.8,26.45543728789579,1.3613330395002854,3.6067164857973317,,Tencent/Eastmoney;按公告日匹配财报，使用历史生效股本
2026-04-23,27587245900.800003,27587245900.800003,26.57668127179999,1.3675719626877294,3.623245892240033,,Tencent/Eastmoney;按公告日匹配财报，使用历史生效股本
2026-04-24,27385879142.4,27385879142.4,26.382690897553275,1.357589685587819,3.5967988419317116,,Tencent/Eastmoney;按公告日匹配财报，使用历史生效股本
2026-04-27,27285195763.2,27285195763.2,26.285695710429916,1.3525985470378636,3.5835753167775506,,Tencent/Eastmoney;按公告日匹配财报，使用历史生效股本
2026-04-28,28040321107.2,28040321107.2,26.175675797808548,1.3735225995531029,3.64322612565225,,Tencent/Eastmoney;按公告日匹配财报，使用历史生效股本
2026-04-29,28443054624.0,28443054624.0,26.55162805343237,1.393250033657995,3.6955525332020125,,Tencent/Eastmoney;按公告日匹配财报，使用历史生效股本
2026-04-30,29097496588.800003,29097496588.800003,27.16255046882108,1.4253071140784443,3.780582945470378,,Tencent/Eastmoney;按公告日匹配财报，使用历史生效股本
2026-05-06,30557405587.2,30557405587.2,28.525377395457433,1.4968190627086777,3.970266172838268,,Tencent/Eastmoney;按公告日匹配财报，使用历史生效股本
2026-05-07,31287360086.399998,31287360086.399998,29.206790858775605,1.5325750370237943,4.065107786522214,,Tencent/Eastmoney;按公告日匹配财报，使用历史生效股本
2026-05-08,34408544841.6,34408544841.6,32.12042083986022,1.685462651336707,4.470637445032877,,Tencent/Eastmoney;按公告日匹配财报，使用历史生效股本
2026-05-11,32092827120.0,32092827120.0,29.95869537002325,1.5720299052335782,4.16976060162174,,Tencent/Eastmoney;按公告日匹配财报，使用历史生效股本
2026-05-12,31664922758.4,31664922758.4,29.559246098422943,1.5510695064971305,4.114163793600117,,Tencent/Eastmoney;按公告日匹配财报，使用历史生效股本
2026-05-13,31513897689.6,31513897689.6,29.418264002564005,1.543671718707796,4.094541390768955,,Tencent/Eastmoney;按公告日匹配财报，使用历史生效股本
2026-05-14,30733601500.800003,30733601500.800003,28.689856507292856,1.5054498151295679,3.9931589761412902,,Tencent/Eastmoney;按公告日匹配财报，使用历史生效股本
2026-05-15,30230184604.8,30230184604.8,28.219916187763076,1.4807905224984528,3.9277509667040857,,Tencent/Eastmoney;按公告日匹配财报，使用历史生效股本
2026-05-18,31035651638.4,31035651638.4,28.97182069901072,1.520245390708237,4.0324037818036125,,Tencent/Eastmoney;按公告日匹配财报，使用历史生效股本
2026-05-19,32344535568.0,32344535568.0,30.193665529788138,1.5843595515491358,4.2024646063403415,,Tencent/Eastmoney;按公告日匹配财报，使用历史生效股本
2026-05-20,31589410224.0,31589410224.0,29.488755050493474,1.5473706126024633,4.104352592184536,,Tencent/Eastmoney;按公告日匹配财报，使用历史生效股本
2026-05-21,31614581068.800003,31614581068.800003,29.512252066469966,1.548603577234019,4.107622992656396,,Tencent/Eastmoney;按公告日匹配财报，使用历史生效股本
2026-05-22,31161505862.4,31161505862.4,29.089305778893166,1.5264102138660156,4.048755784162913,,Tencent/Eastmoney;按公告日匹配财报，使用历史生效股本
2026-05-25,32445218947.2,32445218947.2,30.287653593694095,1.5892914100753588,4.215546208227782,,Tencent/Eastmoney;按公告日匹配财报，使用历史生效股本
2026-05-26,33351369360.0,33351369360.0,31.13354616884769,1.6336781368113655,4.3332806252147495,,Tencent/Eastmoney;按公告日匹配财报，使用历史生效股本
2026-05-27,33854786256.0,33854786256.0,31.603486488377467,1.6583374294424804,4.398688634651953,,Tencent/Eastmoney;按公告日匹配财报，使用历史生效股本
2026-05-28,33628248652.8,33628248652.8,31.392013344589067,1.6472407477584787,4.369255030405212,,Tencent/Eastmoney;按公告日匹配财报，使用历史生效股本
2026-05-29,34156836393.600002,34156836393.600002,31.885450680095335,1.6731330050211495,4.437933440314276,,Tencent/Eastmoney;按公告日匹配财报，使用历史生效股本
2026-06-01,33275856825.600002,33275856825.600002,31.063055120918225,1.6299792429166984,4.323469423799169,,Tencent/Eastmoney;按公告日匹配财报，使用历史生效股本
2026-06-02,35365036944.0,35365036944.0,33.0133074469668,1.7323153073358255,4.594912662963564,,Tencent/Eastmoney;按公告日匹配财报，使用历史生效股本
2026-06-03,37529729596.8,37529729596.8,35.03405082094484,1.8383502656496198,4.8761671035435405,,Tencent/Eastmoney;按公告日匹配财报，使用历史生效股本
2026-06-04,33779273721.6,33779273721.6,31.532995440447998,1.6546385355478133,4.388877433236372,,Tencent/Eastmoney;按公告日匹配财报，使用历史生效股本
2026-06-05,31513897689.6,31513897689.6,29.418264002564005,1.543671718707796,4.094541390768955,,Tencent/Eastmoney;按公告日匹配财报，使用历史生效股本
2026-06-08,30456722208.0,30456722208.0,28.431389331551475,1.4918872041824547,3.9571845709508278,,Tencent/Eastmoney;按公告日匹配财报，使用历史生效股本
2026-06-09,30255355449.6,30255355449.6,28.243413203739564,1.4820234871300086,3.931021367175946,,Tencent/Eastmoney;按公告日匹配财报，使用历史生效股本
2026-06-10,28996813209.6,28996813209.6,27.068562404915124,1.4203752555522213,3.7675013435829365,,Tencent/Eastmoney;按公告日匹配财报，使用历史生效股本
2026-06-11,28216517020.800003,28216517020.800003,26.340154909643974,1.3821533519739932,3.6661189289552714,,Tencent/Eastmoney;按公告日匹配财报，使用历史生效股本
2026-06-12,28266858710.4,28266858710.4,26.38714894159695,1.3846192812371045,3.6726597298989914,,Tencent/Eastmoney;按公告日匹配财报，使用历史生效股本
2026-06-15,29349205036.8,29349205036.8,27.397520628585966,1.4376367603940017,3.8132869501889792,,Tencent/Eastmoney;按公告日匹配财报，使用历史生效股本
2026-06-16,29475059260.800003,29475059260.800003,27.515005708468415,1.4438015835517806,3.829638952548281,,Tencent/Eastmoney;按公告日匹配财报，使用历史生效股本
2026-06-17,30205013760.0,30205013760.0,28.196419171786587,1.4795575578668971,3.9244805662322255,,Tencent/Eastmoney;按公告日匹配财报，使用历史生效股本
2026-06-18,28896129830.4,28896129830.4,26.97457434100917,1.4154433970259983,3.754419741695496,,Tencent/Eastmoney;按公告日匹配财报，使用历史生效股本
2026-06-22,28820617296.0,28820617296.0,26.9040832930797,1.411744503131331,3.7446085402799154,,Tencent/Eastmoney;按公告日匹配财报，使用历史生效股本
2026-06-23,29424717571.199997,29424717571.199997,27.46801167651543,1.4413356542886688,3.8230981516045595,,Tencent/Eastmoney;按公告日匹配财报，使用历史生效股本
2026-06-24,28518567158.4,28518567158.4,26.62211910136184,1.396948927552662,3.705363734617593,,Tencent/Eastmoney;按公告日匹配财报，使用历史生效股本
2026-06-25,27260024918.4,27260024918.4,25.447268302537395,1.3353006959748748,3.5418437110245837,,Tencent/Eastmoney;按公告日匹配财报，使用历史生效股本
2026-06-26,26857291401.6,26857291401.6,25.071316046913573,1.3155732618699827,3.4895173034748206,,Tencent/Eastmoney;按公告日匹配财报，使用历史生效股本
2026-06-29,26504899574.399998,26504899574.399998,24.742357823242727,1.2983117570282021,3.443731696868778,,Tencent/Eastmoney;按公告日匹配财报，使用历史生效股本
2026-06-30,27008316470.4,27008316470.4,25.212298142772507,1.3229710496593172,3.509139706305982,,Tencent/Eastmoney;按公告日匹配财报，使用历史生效股本
2026-07-01,27864125193.600002,27864125193.600002,26.01119668597313,1.3648918471322127,3.6203333223492287,,Tencent/Eastmoney;按公告日匹配财报，使用历史生效股本
2026-07-02,28115833641.6,28115833641.6,26.246166845738014,1.37722149344777,3.65303732706783,,Tencent/Eastmoney;按公告日匹配财报，使用历史生效股本
2026-07-03,28342371244.8,28342371244.8,26.457639989526413,1.388318175131772,3.6824709313145716,,Tencent/Eastmoney;按公告日匹配财报，使用历史生效股本
2026-07-06,28870958985.600002,28870958985.600002,26.95107732503268,1.4142104323944427,3.751149341223636,,Tencent/Eastmoney;按公告日匹配财报，使用历史生效股本
2026-07-07,27562075056.0,27562075056.0,25.72923249425526,1.3500962715535436,3.581088516686906,,Tencent/Eastmoney;按公告日匹配财报，使用历史生效股本
2026-07-08,27964808572.8,27964808572.8,26.105184749879083,1.3698237056584355,3.6334149242366687,,Tencent/Eastmoney;按公告日匹配财报，使用历史生效股本
2026-07-09,27813783504.0,27813783504.0,25.96420265402015,1.3624259178691012,3.6137925214055078,,Tencent/Eastmoney;按公告日匹配财报，使用历史生效股本
2026-07-10,28090662796.8,28090662796.8,26.222669829761525,1.3759885288162144,3.64976692659597,,Tencent/Eastmoney;按公告日匹配财报，使用历史生效股本
2026-07-13,27335537452.8,27335537452.8,25.51775935046686,1.338999589869542,3.551654912440164,,Tencent/Eastmoney;按公告日匹配财报，使用历史生效股本
2026-07-14,28216517020.800003,28216517020.800003,26.340154909643974,1.3821533519739932,3.6661189289552714,,Tencent/Eastmoney;按公告日匹配财报，使用历史生效股本
2026-07-15,28417883779.199997,28417883779.199997,26.52813103745588,1.392017069026439,3.692282132730152,,Tencent/Eastmoney;按公告日匹配财报，使用历史生效股本
2026-07-16,27687929280.0,27687929280.0,25.846717574137706,1.3562610947113225,3.5974405190462067,,Tencent/Eastmoney;按公告日匹配财报，使用历史生效股本
2026-07-17,27234854073.600002,27234854073.600002,25.42377128656091,1.334067731343319,3.538573310552724,,Tencent/Eastmoney;按公告日匹配财报，使用历史生效股本
2026-07-20,27587245900.800003,27587245900.800003,25.752729510231752,1.3513292361850995,3.5843589171587666,,Tencent/Eastmoney;按公告日匹配财报，使用历史生效股本
2026-07-21,28065491952.0,28065491952.0,26.199172813785037,1.3747555641846587,3.6464965261241096,,Tencent/Eastmoney;按公告日匹配财报，使用历史生效股本
2026-07-22,29324034192.0,29324034192.0,27.37402361260948,1.436403795762446,3.810016549717119,,Tencent/Eastmoney;按公告日匹配财报，使用历史生效股本
2026-07-23,30456722208.0,30456722208.0,28.431389331551475,1.4918872041824547,3.9571845709508278,,Tencent/Eastmoney;按公告日匹配财报，使用历史生效股本
2026-07-24,29500230105.600002,29500230105.600002,27.538502724444903,1.4450345481833362,3.8329093530201406,,Tencent/Eastmoney;按公告日匹配财报，使用历史生效股本
2026-07-27,31337701776.0,31337701776.0,29.253784890728586,1.5350409662869058,4.071648587465934,,Tencent/Eastmoney;按公告日匹配财报，使用历史生效股本
2026-07-28,30934968259.199997,30934968259.199997,28.87783263510476,1.5153135321820137,4.019322179916171,,Tencent/Eastmoney;按公告日匹配财报，使用历史生效股本
2026-07-29,31010480793.600002,31010480793.600002,28.948323683034232,1.519012426076681,4.029133381331752,,Tencent/Eastmoney;按公告日匹配财报，使用历史生效股本
2026-07-30,31488726844.8,31488726844.8,29.394766986587516,1.5424387540762403,4.091270990297095,,Tencent/Eastmoney;按公告日匹配财报，使用历史生效股本
2026-07-31,31237018396.8,31237018396.8,29.159796826822628,1.5301091077606828,4.058566985578493,,Tencent/Eastmoney;按公告日匹配财报，使用历史生效股本
2026-08-03,32168339654.399998,32168339654.399998,30.029186417952715,1.5757287991282454,4.17957180303732,,Tencent/Eastmoney;按公告日匹配财报，使用历史生效股本
2026-08-04,31790776982.4,31790776982.4,29.676731178305385,1.5572343296549094,4.130515795959417,,Tencent/Eastmoney;按公告日匹配财报，使用历史生效股本
2026-08-05,32495560636.8,32495560636.8,30.33464762564707,1.5917573393384703,4.222087009171503,,Tencent/Eastmoney;按公告日匹配财报，使用历史生效股本
2026-08-06,31513897689.6,31513897689.6,29.418264002564005,1.543671718707796,4.094541390768955,,Tencent/Eastmoney;按公告日匹配财报，使用历史生效股本
2026-08-07,31513897689.6,31513897689.6,29.418264002564005,1.543671718707796,4.094541390768955,,Tencent/Eastmoney;按公告日匹配财报，使用历史生效股本
2026-08-10,33426881894.399998,33426881894.399998,31.204037216777156,1.6373770307060327,4.34309182663033,,Tencent/Eastmoney;按公告日匹配财报，使用历史生效股本
2026-08-11,33099660912.0,33099660912.0,30.898576009082802,1.6213484904958082,4.300576620496147,,Tencent/Eastmoney;按公告日匹配财报，使用历史生效股本
2026-08-12,32772439929.6,32772439929.6,30.593114801388445,1.6053199502855833,4.258061414361965,,Tencent/Eastmoney;按公告日匹配财报，使用历史生效股本
2026-08-13,31715264448.0,31715264448.0,29.606240130375916,1.553535435760242,4.120704594543837,,Tencent/Eastmoney;按公告日匹配财报，使用历史生效股本
2026-08-14,28543738003.2,28543738003.2,26.645616117338328,1.3981818921842177,3.7086341350894534,,Tencent/Eastmoney;按公告日匹配财报，使用历史生效股本
2026-08-17,27612416745.600002,27612416745.600002,25.77622652620824,1.3525622008166551,3.5876293176306264,,Tencent/Eastmoney;按公告日匹配财报，使用历史生效股本
2026-08-18,28115833641.6,28115833641.6,26.39925034746605,1.368044868958438,3.678309846011372,,Tencent/Eastmoney;按公告日匹配财报，使用历史生效股本
2026-08-19,27058658160.0,27058658160.0,25.406619627149514,1.3166054020862317,3.540002761380685,,Tencent/Eastmoney;按公告日匹配财报，使用历史生效股本

