日期,指数代码,指数简称,成交额_元,成交额_亿元,成交额_万亿元,上涨家数,下跌家数,上涨占比,涨跌家数差,涨停家数,跌停家数,涨停跌停差,年份,月份,上涨占比_pct_calc
2016-01-04,883957.TI,同花顺全A(沪深京),,,,40.0,2476.0,0.0158982511923688,-2436.0,,,,2016,2016-01,1.5898251192368835
2016-01-05,883957.TI,同花顺全A(沪深京),,,,753.0,1749.0,0.3009592326139089,-996.0,,,,2016,2016-01,30.09592326139089
2016-01-06,883957.TI,同花顺全A(沪深京),,,,2431.0,80.0,0.9681401831939468,2351.0,,,,2016,2016-01,96.81401831939466
2016-01-07,883957.TI,同花顺全A(沪深京),,,,35.0,2487.0,0.0138778747026169,-2452.0,,,,2016,2016-01,1.387787470261697
2016-01-08,883957.TI,同花顺全A(沪深京),,,,1557.0,936.0,0.6245487364620939,621.0,,,,2016,2016-01,62.454873646209386
2016-01-11,883957.TI,同花顺全A(沪深京),,,,93.0,2417.0,0.0370517928286852,-2324.0,,,,2016,2016-01,3.705179282868526
2016-01-12,883957.TI,同花顺全A(沪深京),,,,1492.0,997.0,0.5994375251104861,495.0,,,,2016,2016-01,59.94375251104861
2016-01-13,883957.TI,同花顺全A(沪深京),,,,179.0,2325.0,0.0714856230031948,-2146.0,,,,2016,2016-01,7.1485623003194885
2016-01-14,883957.TI,同花顺全A(沪深京),,,,2423.0,94.0,0.9626539531187922,2329.0,,,,2016,2016-01,96.26539531187922
2016-01-15,883957.TI,同花顺全A(沪深京),,,,243.0,2280.0,0.0963139120095124,-2037.0,,,,2016,2016-01,9.63139120095125
2016-01-18,883957.TI,同花顺全A(沪深京),,,,2131.0,350.0,0.8589278516727126,1781.0,,,,2016,2016-01,85.89278516727126
2016-01-19,883957.TI,同花顺全A(沪深京),,,,2502.0,21.0,0.9916765755053508,2481.0,,,,2016,2016-01,99.16765755053508
2016-01-20,883957.TI,同花顺全A(沪深京),,,,790.0,1702.0,0.3170144462279293,-912.0,,,,2016,2016-01,31.70144462279293
2016-01-21,883957.TI,同花顺全A(沪深京),,,,122.0,2399.0,0.0483934946449821,-2277.0,,,,2016,2016-01,4.839349464498215
2016-01-22,883957.TI,同花顺全A(沪深京),,,,2196.0,301.0,0.8794553464156989,1895.0,,,,2016,2016-01,87.94553464156989
2016-01-25,883957.TI,同花顺全A(沪深京),,,,2070.0,413.0,0.8336689488521949,1657.0,,,,2016,2016-01,83.3668948852195
2016-01-26,883957.TI,同花顺全A(沪深京),,,,52.0,2477.0,0.0205614867536575,-2425.0,,,,2016,2016-01,2.056148675365757
2016-01-27,883957.TI,同花顺全A(沪深京),,,,782.0,1717.0,0.3129251700680272,-935.0,,,,2016,2016-01,31.29251700680272
2016-01-28,883957.TI,同花顺全A(沪深京),,,,158.0,2362.0,0.0626984126984127,-2204.0,,,,2016,2016-01,6.26984126984127
2016-01-29,883957.TI,同花顺全A(沪深京),,,,2435.0,82.0,0.9674215335717125,2353.0,,,,2016,2016-01,96.74215335717123
2016-02-01,883957.TI,同花顺全A(沪深京),,,,721.0,1769.0,0.2895582329317269,-1048.0,,,,2016,2016-02,28.95582329317269
2016-02-02,883957.TI,同花顺全A(沪深京),,,,2496.0,23.0,0.9908693926161176,2473.0,,,,2016,2016-02,99.08693926161176
2016-02-03,883957.TI,同花顺全A(沪深京),,,,1374.0,1073.0,0.5615038823048631,301.0,,,,2016,2016-02,56.15038823048632
2016-02-04,883957.TI,同花顺全A(沪深京),,,,2421.0,91.0,0.9637738853503184,2330.0,,,,2016,2016-02,96.37738853503186
2016-02-05,883957.TI,同花顺全A(沪深京),,,,575.0,1911.0,0.2312952534191472,-1336.0,,,,2016,2016-02,23.12952534191472
2016-02-15,883957.TI,同花顺全A(沪深京),,,,922.0,1568.0,0.3702811244979919,-646.0,,,,2016,2016-02,37.0281124497992
2016-02-16,883957.TI,同花顺全A(沪深京),,,,2518.0,13.0,0.9948636902410116,2505.0,,,,2016,2016-02,99.48636902410117
2016-02-17,883957.TI,同花顺全A(沪深京),,,,2021.0,464.0,0.8132796780684105,1557.0,,,,2016,2016-02,81.32796780684104
2016-02-18,883957.TI,同花顺全A(沪深京),,,,894.0,1601.0,0.358316633266533,-707.0,,,,2016,2016-02,35.831663326653306
2016-02-19,883957.TI,同花顺全A(沪深京),,,,1467.0,987.0,0.597799511002445,480.0,,,,2016,2016-02,59.7799511002445
2016-02-22,883957.TI,同花顺全A(沪深京),,,,2413.0,91.0,0.9636581469648562,2322.0,,,,2016,2016-02,96.3658146964856
2016-02-23,883957.TI,同花顺全A(沪深京),,,,771.0,1717.0,0.3098874598070739,-946.0,,,,2016,2016-02,30.988745980707392
2016-02-24,883957.TI,同花顺全A(沪深京),,,,1385.0,1071.0,0.5639250814332247,314.0,,,,2016,2016-02,56.39250814332247
2016-02-25,883957.TI,同花顺全A(沪深京),,,,47.0,2462.0,0.0187325627740135,-2415.0,,,,2016,2016-02,1.873256277401356
2016-02-26,883957.TI,同花顺全A(沪深京),,,,1256.0,1211.0,0.5091203891366032,45.0,,,,2016,2016-02,50.91203891366032
2016-02-29,883957.TI,同花顺全A(沪深京),,,,124.0,2378.0,0.0495603517186251,-2254.0,,,,2016,2016-02,4.95603517186251
2016-03-01,883957.TI,同花顺全A(沪深京),,,,2268.0,225.0,0.9097472924187726,2043.0,,,,2016,2016-03,90.97472924187726
2016-03-02,883957.TI,同花顺全A(沪深京),,,,2506.0,9.0,0.9964214711729622,2497.0,,,,2016,2016-03,99.64214711729622
2016-03-03,883957.TI,同花顺全A(沪深京),,,,1149.0,1276.0,0.4738144329896907,-127.0,,,,2016,2016-03,47.381443298969074
2016-03-04,883957.TI,同花顺全A(沪深京),,,,366.0,2132.0,0.1465172137710168,-1766.0,,,,2016,2016-03,14.651721377101682
2016-03-07,883957.TI,同花顺全A(沪深京),,,,2360.0,137.0,0.9451341609931918,2223.0,,,,2016,2016-03,94.5134160993192
2016-03-08,883957.TI,同花顺全A(沪深京),,,,1457.0,1003.0,0.5922764227642277,454.0,,,,2016,2016-03,59.22764227642276
2016-03-09,883957.TI,同花顺全A(沪深京),,,,325.0,2172.0,0.1301561874249099,-1847.0,,,,2016,2016-03,13.01561874249099
2016-03-10,883957.TI,同花顺全A(沪深京),,,,292.0,2215.0,0.1164738731551655,-1923.0,,,,2016,2016-03,11.647387315516552
2016-03-11,883957.TI,同花顺全A(沪深京),,,,1121.0,1318.0,0.4596145961459614,-197.0,,,,2016,2016-03,45.961459614596144
2016-03-14,883957.TI,同花顺全A(沪深京),,,,2489.0,32.0,0.9873066243554144,2457.0,,,,2016,2016-03,98.73066243554145
2016-03-15,883957.TI,同花顺全A(沪深京),,,,701.0,1773.0,0.2833468067906224,-1072.0,,,,2016,2016-03,28.334680679062245
2016-03-16,883957.TI,同花顺全A(沪深京),,,,550.0,1935.0,0.221327967806841,-1385.0,,,,2016,2016-03,22.132796780684107
2016-03-17,883957.TI,同花顺全A(沪深京),,,,2489.0,36.0,0.9857425742574256,2453.0,,,,2016,2016-03,98.57425742574256
2016-03-18,883957.TI,同花顺全A(沪深京),,,,2463.0,54.0,0.9785458879618594,2409.0,,,,2016,2016-03,97.85458879618594
2016-03-21,883957.TI,同花顺全A(沪深京),,,,2445.0,61.0,0.975658419792498,2384.0,,,,2016,2016-03,97.5658419792498
2016-03-22,883957.TI,同花顺全A(沪深京),,,,872.0,1608.0,0.3516129032258064,-736.0,,,,2016,2016-03,35.16129032258065
2016-03-23,883957.TI,同花顺全A(沪深京),,,,1788.0,654.0,0.7321867321867321,1134.0,,,,2016,2016-03,73.21867321867322
2016-03-24,883957.TI,同花顺全A(沪深京),,,,511.0,1967.0,0.2062146892655367,-1456.0,,,,2016,2016-03,20.62146892655367
2016-03-25,883957.TI,同花顺全A(沪深京),,,,1761.0,700.0,0.7155627793579845,1061.0,,,,2016,2016-03,71.55627793579845
2016-03-28,883957.TI,同花顺全A(沪深京),,,,809.0,1641.0,0.3302040816326531,-832.0,,,,2016,2016-03,33.02040816326531
2016-03-29,883957.TI,同花顺全A(沪深京),,,,381.0,2103.0,0.1533816425120772,-1722.0,,,,2016,2016-03,15.338164251207727
2016-03-30,883957.TI,同花顺全A(沪深京),,,,2478.0,13.0,0.9947812123645122,2465.0,,,,2016,2016-03,99.47812123645122
2016-03-31,883957.TI,同花顺全A(沪深京),,,,1237.0,1203.0,0.5069672131147541,34.0,,,,2016,2016-03,50.69672131147541
2016-04-01,883957.TI,同花顺全A(沪深京),,,,866.0,1576.0,0.3546273546273546,-710.0,,,,2016,2016-04,35.46273546273546
2016-04-05,883957.TI,同花顺全A(沪深京),,,,2413.0,57.0,0.9769230769230768,2356.0,,,,2016,2016-04,97.6923076923077
2016-04-06,883957.TI,同花顺全A(沪深京),,,,1357.0,1052.0,0.5633042756330428,305.0,,,,2016,2016-04,56.33042756330428
2016-04-07,883957.TI,同花顺全A(沪深京),,,,415.0,2044.0,0.1687677917852785,-1629.0,,,,2016,2016-04,16.876779178527855
2016-04-08,883957.TI,同花顺全A(沪深京),,,,715.0,1741.0,0.2911237785016287,-1026.0,,,,2016,2016-04,29.11237785016287
2016-04-11,883957.TI,同花顺全A(沪深京),,,,2313.0,136.0,0.944467129440588,2177.0,,,,2016,2016-04,94.4467129440588
2016-04-12,883957.TI,同花顺全A(沪深京),,,,729.0,1715.0,0.2982815057283142,-986.0,,,,2016,2016-04,29.828150572831422
2016-04-13,883957.TI,同花顺全A(沪深京),,,,2133.0,323.0,0.868485342019544,1810.0,,,,2016,2016-04,86.8485342019544
2016-04-14,883957.TI,同花顺全A(沪深京),,,,2018.0,422.0,0.8270491803278689,1596.0,,,,2016,2016-04,82.70491803278689
2016-04-15,883957.TI,同花顺全A(沪深京),,,,1019.0,1414.0,0.4188244965063707,-395.0,,,,2016,2016-04,41.88244965063707
2016-04-18,883957.TI,同花顺全A(沪深京),,,,512.0,1945.0,0.2083842083842083,-1433.0,,,,2016,2016-04,20.83842083842084
2016-04-19,883957.TI,同花顺全A(沪深京),,,,1501.0,884.0,0.629350104821803,617.0,,,,2016,2016-04,62.935010482180296
2016-04-20,883957.TI,同花顺全A(沪深京),,,,168.0,2303.0,0.0679886685552408,-2135.0,,,,2016,2016-04,6.79886685552408
2016-04-21,883957.TI,同花顺全A(沪深京),,,,523.0,1931.0,0.213121434392828,-1408.0,,,,2016,2016-04,21.312143439282806
2016-04-22,883957.TI,同花顺全A(沪深京),,,,1901.0,530.0,0.7819827231591937,1371.0,,,,2016,2016-04,78.19827231591937
2016-04-25,883957.TI,同花顺全A(沪深京),,,,868.0,1574.0,0.3554463554463554,-706.0,,,,2016,2016-04,35.54463554463555
2016-04-26,883957.TI,同花顺全A(沪深京),,,,2076.0,357.0,0.8532675709001233,1719.0,,,,2016,2016-04,85.32675709001232
2016-04-27,883957.TI,同花顺全A(沪深京),,,,840.0,1599.0,0.3444034440344403,-759.0,,,,2016,2016-04,34.44034440344404
2016-04-28,883957.TI,同花顺全A(沪深京),,,,888.0,1550.0,0.3642329778506973,-662.0,,,,2016,2016-04,36.42329778506973
2016-04-29,883957.TI,同花顺全A(沪深京),,,,997.0,1417.0,0.4130074565037283,-420.0,,,,2016,2016-04,41.300745650372825
2016-05-03,883957.TI,同花顺全A(沪深京),,,,2460.0,40.0,0.984,2420.0,,,,2016,2016-05,98.4
2016-05-04,883957.TI,同花顺全A(沪深京),,,,1055.0,1377.0,0.4337993421052631,-322.0,,,,2016,2016-05,43.37993421052632
2016-05-05,883957.TI,同花顺全A(沪深京),,,,1622.0,761.0,0.6806546370121695,861.0,,,,2016,2016-05,68.06546370121696
2016-05-06,883957.TI,同花顺全A(沪深京),,,,128.0,2379.0,0.0510570402871958,-2251.0,,,,2016,2016-05,5.105704028719585
2016-05-09,883957.TI,同花顺全A(沪深京),,,,186.0,2319.0,0.074251497005988,-2133.0,,,,2016,2016-05,7.425149700598803
2016-05-10,883957.TI,同花顺全A(沪深京),,,,1257.0,1155.0,0.5211442786069652,102.0,,,,2016,2016-05,52.11442786069652
2016-05-11,883957.TI,同花顺全A(沪深京),,,,724.0,1724.0,0.2957516339869281,-1000.0,,,,2016,2016-05,29.57516339869281
2016-05-12,883957.TI,同花顺全A(沪深京),,,,896.0,1569.0,0.3634888438133874,-673.0,,,,2016,2016-05,36.34888438133874
2016-05-13,883957.TI,同花顺全A(沪深京),,,,864.0,1568.0,0.3552631578947368,-704.0,,,,2016,2016-05,35.526315789473685
2016-05-16,883957.TI,同花顺全A(沪深京),,,,2322.0,152.0,0.9385610347615198,2170.0,,,,2016,2016-05,93.85610347615196
2016-05-17,883957.TI,同花顺全A(沪深京),,,,955.0,1483.0,0.3917145200984413,-528.0,,,,2016,2016-05,39.17145200984413
2016-05-18,883957.TI,同花顺全A(沪深京),,,,179.0,2316.0,0.0717434869739478,-2137.0,,,,2016,2016-05,7.174348697394789
2016-05-19,883957.TI,同花顺全A(沪深京),,,,1600.0,786.0,0.6705783738474435,814.0,,,,2016,2016-05,67.05783738474435
2016-05-20,883957.TI,同花顺全A(沪深京),,,,2115.0,346.0,0.8594067452255181,1769.0,,,,2016,2016-05,85.9406745225518
2016-05-23,883957.TI,同花顺全A(沪深京),,,,2268.0,185.0,0.924582144313086,2083.0,,,,2016,2016-05,92.4582144313086
2016-05-24,883957.TI,同花顺全A(沪深京),,,,553.0,1926.0,0.2230738200887454,-1373.0,,,,2016,2016-05,22.307382008874548
2016-05-25,883957.TI,同花顺全A(沪深京),,,,909.0,1467.0,0.3825757575757575,-558.0,,,,2016,2016-05,38.25757575757576
2016-05-26,883957.TI,同花顺全A(沪深京),,,,1414.0,988.0,0.5886761032472939,426.0,,,,2016,2016-05,58.86761032472939
2016-05-27,883957.TI,同花顺全A(沪深京),,,,1054.0,1341.0,0.4400835073068893,-287.0,,,,2016,2016-05,44.00835073068893
2016-05-30,883957.TI,同花顺全A(沪深京),,,,752.0,1702.0,0.306438467807661,-950.0,,,,2016,2016-05,30.643846780766097
2016-05-31,883957.TI,同花顺全A(沪深京),,,,2511.0,9.0,0.9964285714285714,2502.0,,,,2016,2016-05,99.64285714285714
2016-06-01,883957.TI,同花顺全A(沪深京),,,,1440.0,951.0,0.6022584692597239,489.0,,,,2016,2016-06,60.22584692597239
2016-06-02,883957.TI,同花顺全A(沪深京),,,,1892.0,530.0,0.7811725846407928,1362.0,,,,2016,2016-06,78.11725846407927
2016-06-03,883957.TI,同花顺全A(沪深京),,,,1353.0,1076.0,0.5570193495265542,277.0,,,,2016,2016-06,55.70193495265542
2016-06-06,883957.TI,同花顺全A(沪深京),,,,1169.0,1277.0,0.4779231398201145,-108.0,,,,2016,2016-06,47.79231398201145
2016-06-07,883957.TI,同花顺全A(沪深京),,,,1116.0,1335.0,0.4553243574051407,-219.0,,,,2016,2016-06,45.53243574051408
2016-06-08,883957.TI,同花顺全A(沪深京),,,,820.0,1629.0,0.3348305430788076,-809.0,,,,2016,2016-06,33.483054307880764
2016-06-13,883957.TI,同花顺全A(沪深京),,,,111.0,2415.0,0.0439429928741092,-2304.0,,,,2016,2016-06,4.394299287410926
2016-06-14,883957.TI,同花顺全A(沪深京),,,,1406.0,1019.0,0.5797938144329897,387.0,,,,2016,2016-06,57.97938144329897
2016-06-15,883957.TI,同花顺全A(沪深京),,,,2518.0,15.0,0.9940781681800236,2503.0,,,,2016,2016-06,99.40781681800236
2016-06-16,883957.TI,同花顺全A(沪深京),,,,908.0,1591.0,0.3633453381352541,-683.0,,,,2016,2016-06,36.33453381352541
2016-06-17,883957.TI,同花顺全A(沪深京),,,,1767.0,712.0,0.7127874142799516,1055.0,,,,2016,2016-06,71.27874142799516
2016-06-20,883957.TI,同花顺全A(沪深京),,,,1237.0,1202.0,0.5071750717507175,35.0,,,,2016,2016-06,50.71750717507175
2016-06-21,883957.TI,同花顺全A(沪深京),,,,572.0,1905.0,0.2309245054501413,-1333.0,,,,2016,2016-06,23.092450545014128
2016-06-22,883957.TI,同花顺全A(沪深京),,,,2299.0,210.0,0.916301315265046,2089.0,,,,2016,2016-06,91.63013152650458
2016-06-23,883957.TI,同花顺全A(沪深京),,,,822.0,1676.0,0.3290632506004803,-854.0,,,,2016,2016-06,32.90632506004803
2016-06-24,883957.TI,同花顺全A(沪深京),,,,542.0,1987.0,0.2143139580862,-1445.0,,,,2016,2016-06,21.431395808620007
2016-06-27,883957.TI,同花顺全A(沪深京),,,,2461.0,73.0,0.9711917916337806,2388.0,,,,2016,2016-06,97.11917916337804
2016-06-28,883957.TI,同花顺全A(沪深京),,,,1862.0,611.0,0.7529316619490497,1251.0,,,,2016,2016-06,75.29316619490497
2016-06-29,883957.TI,同花顺全A(沪深京),,,,1246.0,1233.0,0.5026220250100847,13.0,,,,2016,2016-06,50.26220250100847
2016-06-30,883957.TI,同花顺全A(沪深京),,,,1171.0,1292.0,0.4754364596021112,-121.0,,,,2016,2016-06,47.54364596021112
2016-07-01,883957.TI,同花顺全A(沪深京),,,,984.0,1462.0,0.4022894521668029,-478.0,,,,2016,2016-07,40.228945216680295
2016-07-04,883957.TI,同花顺全A(沪深京),,,,2420.0,124.0,0.95125786163522,2296.0,,,,2016,2016-07,95.125786163522
2016-07-05,883957.TI,同花顺全A(沪深京),,,,1485.0,1000.0,0.5975855130784709,485.0,,,,2016,2016-07,59.758551307847085
2016-07-06,883957.TI,同花顺全A(沪深京),,,,1327.0,1164.0,0.5327177840224809,163.0,,,,2016,2016-07,53.271778402248096
2016-07-07,883957.TI,同花顺全A(沪深京),,,,1134.0,1370.0,0.4528753993610224,-236.0,,,,2016,2016-07,45.28753993610224
2016-07-08,883957.TI,同花顺全A(沪深京),,,,933.0,1556.0,0.3748493370831659,-623.0,,,,2016,2016-07,37.48493370831659
2016-07-11,883957.TI,同花顺全A(沪深京),,,,859.0,1625.0,0.3458132045088566,-766.0,,,,2016,2016-07,34.58132045088567
2016-07-12,883957.TI,同花顺全A(沪深京),,,,1925.0,618.0,0.7569799449469131,1307.0,,,,2016,2016-07,75.69799449469132
2016-07-13,883957.TI,同花顺全A(沪深京),,,,1729.0,777.0,0.6899441340782123,952.0,,,,2016,2016-07,68.99441340782123
2016-07-14,883957.TI,同花顺全A(沪深京),,,,1199.0,1296.0,0.480561122244489,-97.0,,,,2016,2016-07,48.056112224448896
2016-07-15,883957.TI,同花顺全A(沪深京),,,,904.0,1603.0,0.3605903470283207,-699.0,,,,2016,2016-07,36.05903470283207
2016-07-18,883957.TI,同花顺全A(沪深京),,,,858.0,1680.0,0.3380614657210402,-822.0,,,,2016,2016-07,33.80614657210402
2016-07-19,883957.TI,同花顺全A(沪深京),,,,1583.0,919.0,0.6326938449240608,664.0,,,,2016,2016-07,63.26938449240608
2016-07-20,883957.TI,同花顺全A(沪深京),,,,1064.0,1422.0,0.4279967819790828,-358.0,,,,2016,2016-07,42.799678197908285
2016-07-21,883957.TI,同花顺全A(沪深京),,,,1213.0,1250.0,0.4924888347543646,-37.0,,,,2016,2016-07,49.24888347543647
2016-07-22,883957.TI,同花顺全A(沪深京),,,,557.0,1986.0,0.2190326386158081,-1429.0,,,,2016,2016-07,21.90326386158081
2016-07-25,883957.TI,同花顺全A(沪深京),,,,1382.0,1117.0,0.5530212084833933,265.0,,,,2016,2016-07,55.30212084833933
2016-07-26,883957.TI,同花顺全A(沪深京),,,,2300.0,260.0,0.8984375,2040.0,,,,2016,2016-07,89.84375
2016-07-27,883957.TI,同花顺全A(沪深京),,,,166.0,2429.0,0.0639691714836223,-2263.0,,,,2016,2016-07,6.396917148362236
2016-07-28,883957.TI,同花顺全A(沪深京),,,,1195.0,1337.0,0.4719589257503949,-142.0,,,,2016,2016-07,47.19589257503949
2016-07-29,883957.TI,同花顺全A(沪深京),,,,751.0,1799.0,0.2945098039215686,-1048.0,,,,2016,2016-07,29.45098039215686
2016-08-01,883957.TI,同花顺全A(沪深京),,,,578.0,2000.0,0.2242048099301784,-1422.0,,,,2016,2016-08,22.420480993017843
2016-08-02,883957.TI,同花顺全A(沪深京),,,,2216.0,339.0,0.8673189823874755,1877.0,,,,2016,2016-08,86.73189823874755
2016-08-03,883957.TI,同花顺全A(沪深京),,,,1466.0,1059.0,0.5805940594059406,407.0,,,,2016,2016-08,58.05940594059405
2016-08-04,883957.TI,同花顺全A(沪深京),,,,1753.0,755.0,0.69896331738437,998.0,,,,2016,2016-08,69.896331738437
2016-08-05,883957.TI,同花顺全A(沪深京),,,,712.0,1825.0,0.2806464327946393,-1113.0,,,,2016,2016-08,28.064643279463937
2016-08-08,883957.TI,同花顺全A(沪深京),,,,2186.0,400.0,0.8453209590100541,1786.0,,,,2016,2016-08,84.5320959010054
2016-08-09,883957.TI,同花顺全A(沪深京),,,,2122.0,420.0,0.8347757671125098,1702.0,,,,2016,2016-08,83.47757671125098
2016-08-10,883957.TI,同花顺全A(沪深京),,,,809.0,1746.0,0.3166340508806262,-937.0,,,,2016,2016-08,31.663405088062625
2016-08-11,883957.TI,同花顺全A(沪深京),,,,327.0,2284.0,0.1252393718881654,-1957.0,,,,2016,2016-08,12.523937188816545
2016-08-12,883957.TI,同花顺全A(沪深京),,,,2322.0,294.0,0.8876146788990825,2028.0,,,,2016,2016-08,88.76146788990825
2016-08-15,883957.TI,同花顺全A(沪深京),,,,2599.0,33.0,0.9874620060790272,2566.0,,,,2016,2016-08,98.74620060790274
2016-08-16,883957.TI,同花顺全A(沪深京),,,,1743.0,794.0,0.6870319274733938,949.0,,,,2016,2016-08,68.70319274733939
2016-08-17,883957.TI,同花顺全A(沪深京),,,,1420.0,1134.0,0.5559906029757243,286.0,,,,2016,2016-08,55.59906029757244
2016-08-18,883957.TI,同花顺全A(沪深京),,,,1086.0,1475.0,0.4240531042561499,-389.0,,,,2016,2016-08,42.40531042561499
2016-08-19,883957.TI,同花顺全A(沪深京),,,,1221.0,1327.0,0.4791993720565149,-106.0,,,,2016,2016-08,47.91993720565149
2016-08-22,883957.TI,同花顺全A(沪深京),,,,579.0,2037.0,0.2213302752293578,-1458.0,,,,2016,2016-08,22.13302752293578
2016-08-23,883957.TI,同花顺全A(沪深京),,,,1502.0,1056.0,0.5871774824081314,446.0,,,,2016,2016-08,58.71774824081314
2016-08-24,883957.TI,同花顺全A(沪深京),,,,1405.0,1168.0,0.5460551884959192,237.0,,,,2016,2016-08,54.60551884959192
2016-08-25,883957.TI,同花顺全A(沪深京),,,,759.0,1869.0,0.2888127853881279,-1110.0,,,,2016,2016-08,28.881278538812783
2016-08-26,883957.TI,同花顺全A(沪深京),,,,1531.0,989.0,0.6075396825396825,542.0,,,,2016,2016-08,60.753968253968246
2016-08-29,883957.TI,同花顺全A(沪深京),,,,1484.0,1065.0,0.5821890937622597,419.0,,,,2016,2016-08,58.218909376225966
2016-08-30,883957.TI,同花顺全A(沪深京),,,,1202.0,1329.0,0.4749111023310944,-127.0,,,,2016,2016-08,47.49111023310944
2016-08-31,883957.TI,同花顺全A(沪深京),,,,1319.0,1201.0,0.5234126984126984,118.0,,,,2016,2016-08,52.34126984126984
2016-09-01,883957.TI,同花顺全A(沪深京),,,,598.0,2007.0,0.2295585412667946,-1409.0,,,,2016,2016-09,22.955854126679466
2016-09-02,883957.TI,同花顺全A(沪深京),,,,979.0,1573.0,0.3836206896551724,-594.0,,,,2016,2016-09,38.362068965517246
2016-09-05,883957.TI,同花顺全A(沪深京),,,,1593.0,937.0,0.6296442687747036,656.0,,,,2016,2016-09,62.96442687747036
2016-09-06,883957.TI,同花顺全A(沪深京),,,,2367.0,254.0,0.90309042350248,2113.0,,,,2016,2016-09,90.309042350248
2016-09-07,883957.TI,同花顺全A(沪深京),,,,1053.0,1508.0,0.4111675126903553,-455.0,,,,2016,2016-09,41.11675126903553
2016-09-08,883957.TI,同花顺全A(沪深京),,,,1561.0,987.0,0.6126373626373627,574.0,,,,2016,2016-09,61.26373626373627
2016-09-09,883957.TI,同花顺全A(沪深京),,,,633.0,1973.0,0.2429009976976208,-1340.0,,,,2016,2016-09,24.29009976976209
2016-09-12,883957.TI,同花顺全A(沪深京),,,,212.0,2426.0,0.0803639120545868,-2214.0,,,,2016,2016-09,8.03639120545868
2016-09-13,883957.TI,同花顺全A(沪深京),,,,1903.0,672.0,0.7390291262135922,1231.0,,,,2016,2016-09,73.90291262135922
2016-09-14,883957.TI,同花顺全A(沪深京),,,,839.0,1727.0,0.3269680436477007,-888.0,,,,2016,2016-09,32.696804364770074
2016-09-19,883957.TI,同花顺全A(沪深京),,,,2353.0,239.0,0.9077932098765432,2114.0,,,,2016,2016-09,90.77932098765432
2016-09-20,883957.TI,同花顺全A(沪深京),,,,1052.0,1496.0,0.41287284144427,-444.0,,,,2016,2016-09,41.287284144427
2016-09-21,883957.TI,同花顺全A(沪深京),,,,1487.0,1029.0,0.5910174880763116,458.0,,,,2016,2016-09,59.10174880763116
2016-09-22,883957.TI,同花顺全A(沪深京),,,,1675.0,821.0,0.671073717948718,854.0,,,,2016,2016-09,67.1073717948718
2016-09-23,883957.TI,同花顺全A(沪深京),,,,923.0,1655.0,0.3580294802172226,-732.0,,,,2016,2016-09,35.802948021722266
2016-09-26,883957.TI,同花顺全A(沪深京),,,,243.0,2396.0,0.0920803334596438,-2153.0,,,,2016,2016-09,9.20803334596438
2016-09-27,883957.TI,同花顺全A(沪深京),,,,2050.0,540.0,0.7915057915057915,1510.0,,,,2016,2016-09,79.15057915057915
2016-09-28,883957.TI,同花顺全A(沪深京),,,,899.0,1672.0,0.3496693893426682,-773.0,,,,2016,2016-09,34.96693893426682
2016-09-29,883957.TI,同花顺全A(沪深京),,,,1557.0,946.0,0.6220535357570914,611.0,,,,2016,2016-09,62.20535357570915
2016-09-30,883957.TI,同花顺全A(沪深京),,,,1761.0,776.0,0.6941269215608987,985.0,,,,2016,2016-09,69.41269215608988
2016-10-10,883957.TI,同花顺全A(沪深京),,,,2481.0,177.0,0.9334085778781038,2304.0,,,,2016,2016-10,93.34085778781038
2016-10-11,883957.TI,同花顺全A(沪深京),,,,1696.0,847.0,0.6669288242233582,849.0,,,,2016,2016-10,66.69288242233581
2016-10-12,883957.TI,同花顺全A(沪深京),,,,1168.0,1429.0,0.4497497112052368,-261.0,,,,2016,2016-10,44.97497112052368
2016-10-13,883957.TI,同花顺全A(沪深京),,,,1211.0,1361.0,0.4708398133748055,-150.0,,,,2016,2016-10,47.08398133748056
2016-10-14,883957.TI,同花顺全A(沪深京),,,,1092.0,1515.0,0.4188722669735328,-423.0,,,,2016,2016-10,41.88722669735328
2016-10-17,883957.TI,同花顺全A(沪深京),,,,561.0,2088.0,0.2117780294450736,-1527.0,,,,2016,2016-10,21.177802944507363
2016-10-18,883957.TI,同花顺全A(沪深京),,,,2556.0,117.0,0.9562289562289562,2439.0,,,,2016,2016-10,95.62289562289564
2016-10-19,883957.TI,同花顺全A(沪深京),,,,973.0,1636.0,0.3729398236872365,-663.0,,,,2016,2016-10,37.29398236872365
2016-10-20,883957.TI,同花顺全A(沪深京),,,,1352.0,1243.0,0.5210019267822736,109.0,,,,2016,2016-10,52.100192678227366
2016-10-21,883957.TI,同花顺全A(沪深京),,,,856.0,1777.0,0.3251044436004557,-921.0,,,,2016,2016-10,32.510444360045575
2016-10-24,883957.TI,同花顺全A(沪深京),,,,2113.0,518.0,0.8031166856708476,1595.0,,,,2016,2016-10,80.31166856708477
2016-10-25,883957.TI,同花顺全A(沪深京),,,,1564.0,1053.0,0.5976308750477646,511.0,,,,2016,2016-10,59.76308750477646
2016-10-26,883957.TI,同花顺全A(沪深京),,,,904.0,1776.0,0.3373134328358209,-872.0,,,,2016,2016-10,33.731343283582085
2016-10-27,883957.TI,同花顺全A(沪深京),,,,1238.0,1362.0,0.4761538461538461,-124.0,,,,2016,2016-10,47.61538461538461
2016-10-28,883957.TI,同花顺全A(沪深京),,,,619.0,2050.0,0.2319220681903334,-1431.0,,,,2016,2016-10,23.192206819033345
2016-10-31,883957.TI,同花顺全A(沪深京),,,,1272.0,1358.0,0.4836501901140684,-86.0,,,,2016,2016-10,48.36501901140685
2016-11-01,883957.TI,同花顺全A(沪深京),,,,2353.0,294.0,0.8889308651303363,2059.0,,,,2016,2016-11,88.89308651303362
2016-11-02,883957.TI,同花顺全A(沪深京),,,,723.0,1957.0,0.269776119402985,-1234.0,,,,2016,2016-11,26.97761194029851
2016-11-03,883957.TI,同花顺全A(沪深京),,,,1878.0,761.0,0.711633194391815,1117.0,,,,2016,2016-11,71.1633194391815
2016-11-04,883957.TI,同花顺全A(沪深京),,,,1121.0,1539.0,0.4214285714285714,-418.0,,,,2016,2016-11,42.142857142857146
2016-11-07,883957.TI,同花顺全A(沪深京),,,,1305.0,1332.0,0.4948805460750853,-27.0,,,,2016,2016-11,49.48805460750853
2016-11-08,883957.TI,同花顺全A(沪深京),,,,1880.0,750.0,0.714828897338403,1130.0,,,,2016,2016-11,71.48288973384031
2016-11-09,883957.TI,同花顺全A(沪深京),,,,667.0,2019.0,0.2483246463142218,-1352.0,,,,2016,2016-11,24.832464631422187
2016-11-10,883957.TI,同花顺全A(沪深京),,,,2558.0,143.0,0.9470566456867828,2415.0,,,,2016,2016-11,94.70566456867827
2016-11-11,883957.TI,同花顺全A(沪深京),,,,1676.0,985.0,0.6298384066140549,691.0,,,,2016,2016-11,62.98384066140549
2016-11-14,883957.TI,同花顺全A(沪深京),,,,1577.0,1058.0,0.5984819734345351,519.0,,,,2016,2016-11,59.84819734345351
2016-11-15,883957.TI,同花顺全A(沪深京),,,,1610.0,1030.0,0.6098484848484849,580.0,,,,2016,2016-11,60.98484848484848
2016-11-16,883957.TI,同花顺全A(沪深京),,,,1144.0,1485.0,0.4351464435146444,-341.0,,,,2016,2016-11,43.51464435146444
2016-11-17,883957.TI,同花顺全A(沪深京),,,,987.0,1656.0,0.3734392735527809,-669.0,,,,2016,2016-11,37.3439273552781
2016-11-18,883957.TI,同花顺全A(沪深京),,,,942.0,1719.0,0.3540022547914317,-777.0,,,,2016,2016-11,35.400225479143174
2016-11-21,883957.TI,同花顺全A(沪深京),,,,1590.0,1030.0,0.6068702290076335,560.0,,,,2016,2016-11,60.68702290076335
2016-11-22,883957.TI,同花顺全A(沪深京),,,,2095.0,553.0,0.7911631419939577,1542.0,,,,2016,2016-11,79.11631419939576
2016-11-23,883957.TI,同花顺全A(沪深京),,,,733.0,1944.0,0.2738139708629062,-1211.0,,,,2016,2016-11,27.381397086290622
2016-11-24,883957.TI,同花顺全A(沪深京),,,,823.0,1834.0,0.3097478359051562,-1011.0,,,,2016,2016-11,30.97478359051562
2016-11-25,883957.TI,同花顺全A(沪深京),,,,1450.0,1208.0,0.545522949586155,242.0,,,,2016,2016-11,54.5522949586155
2016-11-28,883957.TI,同花顺全A(沪深京),,,,1168.0,1472.0,0.4424242424242424,-304.0,,,,2016,2016-11,44.24242424242424
2016-11-29,883957.TI,同花顺全A(沪深京),,,,612.0,2082.0,0.2271714922048997,-1470.0,,,,2016,2016-11,22.717149220489976
2016-11-30,883957.TI,同花顺全A(沪深京),,,,1159.0,1505.0,0.43506006006006,-346.0,,,,2016,2016-11,43.506006006006
2016-12-01,883957.TI,同花顺全A(沪深京),,,,1801.0,859.0,0.6770676691729324,942.0,,,,2016,2016-12,67.70676691729324
2016-12-02,883957.TI,同花顺全A(沪深京),,,,386.0,2338.0,0.1417033773861967,-1952.0,,,,2016,2016-12,14.170337738619676
2016-12-05,883957.TI,同花顺全A(沪深京),,,,1045.0,1636.0,0.3897799328608728,-591.0,,,,2016,2016-12,38.97799328608728
2016-12-06,883957.TI,同花顺全A(沪深京),,,,1536.0,1086.0,0.585812356979405,450.0,,,,2016,2016-12,58.58123569794051
2016-12-07,883957.TI,同花顺全A(沪深京),,,,2357.0,347.0,0.8716715976331361,2010.0,,,,2016,2016-12,87.1671597633136
2016-12-08,883957.TI,同花顺全A(沪深京),,,,646.0,2059.0,0.2388170055452865,-1413.0,,,,2016,2016-12,23.88170055452865
2016-12-09,883957.TI,同花顺全A(沪深京),,,,996.0,1650.0,0.3764172335600907,-654.0,,,,2016,2016-12,37.641723356009074
2016-12-12,883957.TI,同花顺全A(沪深京),,,,116.0,2634.0,0.0421818181818181,-2518.0,,,,2016,2016-12,4.218181818181818
2016-12-13,883957.TI,同花顺全A(沪深京),,,,1640.0,1013.0,0.6181681115718055,627.0,,,,2016,2016-12,61.81681115718055
2016-12-14,883957.TI,同花顺全A(沪深京),,,,818.0,1884.0,0.3027387120651369,-1066.0,,,,2016,2016-12,30.273871206513693
2016-12-15,883957.TI,同花顺全A(沪深京),,,,2206.0,493.0,0.817339755464987,1713.0,,,,2016,2016-12,81.7339755464987
2016-12-16,883957.TI,同花顺全A(沪深京),,,,2116.0,576.0,0.7860326894502229,1540.0,,,,2016,2016-12,78.6032689450223
2016-12-19,883957.TI,同花顺全A(沪深京),,,,1154.0,1524.0,0.4309185959671396,-370.0,,,,2016,2016-12,43.09185959671397
2016-12-20,883957.TI,同花顺全A(沪深京),,,,1301.0,1374.0,0.4863551401869159,-73.0,,,,2016,2016-12,48.63551401869159
2016-12-21,883957.TI,同花顺全A(沪深京),,,,2247.0,457.0,0.830991124260355,1790.0,,,,2016,2016-12,83.0991124260355
2016-12-22,883957.TI,同花顺全A(沪深京),,,,1066.0,1624.0,0.3962825278810409,-558.0,,,,2016,2016-12,39.62825278810409
2016-12-23,883957.TI,同花顺全A(沪深京),,,,494.0,2232.0,0.1812179016874541,-1738.0,,,,2016,2016-12,18.121790168745413
2016-12-26,883957.TI,同花顺全A(沪深京),,,,1736.0,971.0,0.6413003324713705,765.0,,,,2016,2016-12,64.13003324713705
2016-12-27,883957.TI,同花顺全A(沪深京),,,,1313.0,1362.0,0.4908411214953271,-49.0,,,,2016,2016-12,49.08411214953271
2016-12-28,883957.TI,同花顺全A(沪深京),,,,905.0,1782.0,0.3368068477856345,-877.0,,,,2016,2016-12,33.68068477856345
2016-12-29,883957.TI,同花顺全A(沪深京),,,,1007.0,1663.0,0.3771535580524344,-656.0,,,,2016,2016-12,37.71535580524345
2016-12-30,883957.TI,同花顺全A(沪深京),,,,1451.0,1211.0,0.5450788880540947,240.0,,,,2016,2016-12,54.507888805409465
2017-01-03,883957.TI,同花顺全A(沪深京),,,,2314.0,438.0,0.840843023255814,1876.0,,,,2017,2017-01,84.08430232558139
2017-01-04,883957.TI,同花顺全A(沪深京),,,,2348.0,394.0,0.8563092633114515,1954.0,,,,2017,2017-01,85.63092633114515
2017-01-05,883957.TI,同花顺全A(沪深京),,,,1134.0,1560.0,0.4209354120267261,-426.0,,,,2017,2017-01,42.09354120267261
2017-01-06,883957.TI,同花顺全A(沪深京),,,,787.0,1956.0,0.2869121399927087,-1169.0,,,,2017,2017-01,28.69121399927087
2017-01-09,883957.TI,同花顺全A(沪深京),,,,1818.0,924.0,0.6630196936542669,894.0,,,,2017,2017-01,66.3019693654267
2017-01-10,883957.TI,同花顺全A(沪深京),,,,989.0,1740.0,0.3624038109197508,-751.0,,,,2017,2017-01,36.24038109197508
2017-01-11,883957.TI,同花顺全A(沪深京),,,,512.0,2250.0,0.1853729181752353,-1738.0,,,,2017,2017-01,18.53729181752353
2017-01-12,883957.TI,同花顺全A(沪深京),,,,644.0,2115.0,0.2334179050380572,-1471.0,,,,2017,2017-01,23.34179050380573
2017-01-13,883957.TI,同花顺全A(沪深京),,,,520.0,2264.0,0.1867816091954023,-1744.0,,,,2017,2017-01,18.67816091954023
2017-01-16,883957.TI,同花顺全A(沪深京),,,,360.0,2452.0,0.1280227596017069,-2092.0,,,,2017,2017-01,12.802275960170698
2017-01-17,883957.TI,同花顺全A(沪深京),,,,2158.0,606.0,0.7807525325615051,1552.0,,,,2017,2017-01,78.07525325615052
2017-01-18,883957.TI,同花顺全A(沪深京),,,,934.0,1785.0,0.343508642883413,-851.0,,,,2017,2017-01,34.350864288341306
2017-01-19,883957.TI,同花顺全A(沪深京),,,,998.0,1750.0,0.3631732168850072,-752.0,,,,2017,2017-01,36.317321688500726
2017-01-20,883957.TI,同花顺全A(沪深京),,,,2707.0,121.0,0.9572135785007072,2586.0,,,,2017,2017-01,95.72135785007072
2017-01-23,883957.TI,同花顺全A(沪深京),,,,2323.0,457.0,0.8356115107913669,1866.0,,,,2017,2017-01,83.56115107913669
2017-01-24,883957.TI,同花顺全A(沪深京),,,,931.0,1829.0,0.3373188405797101,-898.0,,,,2017,2017-01,33.731884057971016
2017-01-25,883957.TI,同花顺全A(沪深京),,,,1817.0,896.0,0.6697382970880944,921.0,,,,2017,2017-01,66.97382970880945
2017-01-26,883957.TI,同花顺全A(沪深京),,,,2106.0,646.0,0.7652616279069767,1460.0,,,,2017,2017-01,76.52616279069767
2017-02-03,883957.TI,同花顺全A(沪深京),,,,952.0,1802.0,0.345679012345679,-850.0,,,,2017,2017-02,34.5679012345679
2017-02-06,883957.TI,同花顺全A(沪深京),,,,2438.0,338.0,0.8782420749279539,2100.0,,,,2017,2017-02,87.8242074927954
2017-02-07,883957.TI,同花顺全A(沪深京),,,,1147.0,1616.0,0.4151284835323923,-469.0,,,,2017,2017-02,41.51284835323924
2017-02-08,883957.TI,同花顺全A(沪深京),,,,2171.0,579.0,0.7894545454545454,1592.0,,,,2017,2017-02,78.94545454545454
2017-02-09,883957.TI,同花顺全A(沪深京),,,,2119.0,632.0,0.7702653580516176,1487.0,,,,2017,2017-02,77.02653580516176
2017-02-10,883957.TI,同花顺全A(沪深京),,,,1083.0,1719.0,0.386509635974304,-636.0,,,,2017,2017-02,38.650963597430405
2017-02-13,883957.TI,同花顺全A(沪深京),,,,2083.0,672.0,0.7560798548094374,1411.0,,,,2017,2017-02,75.60798548094374
2017-02-14,883957.TI,同花顺全A(沪深京),,,,1095.0,1681.0,0.3944524495677233,-586.0,,,,2017,2017-02,39.445244956772335
2017-02-15,883957.TI,同花顺全A(沪深京),,,,694.0,2128.0,0.2459248759744861,-1434.0,,,,2017,2017-02,24.592487597448617
2017-02-16,883957.TI,同花顺全A(沪深京),,,,1984.0,798.0,0.7131560028756291,1186.0,,,,2017,2017-02,71.3156002875629
2017-02-17,883957.TI,同花顺全A(沪深京),,,,661.0,2172.0,0.233321567243205,-1511.0,,,,2017,2017-02,23.33215672432051
2017-02-20,883957.TI,同花顺全A(沪深京),,,,2078.0,738.0,0.7379261363636364,1340.0,,,,2017,2017-02,73.79261363636364
2017-02-21,883957.TI,同花顺全A(沪深京),,,,2192.0,569.0,0.793915248098515,1623.0,,,,2017,2017-02,79.3915248098515
2017-02-22,883957.TI,同花顺全A(沪深京),,,,1577.0,1180.0,0.5719985491476243,397.0,,,,2017,2017-02,57.199854914762426
2017-02-23,883957.TI,同花顺全A(沪深京),,,,1256.0,1537.0,0.4496956677407805,-281.0,,,,2017,2017-02,44.96956677407805
2017-02-24,883957.TI,同花顺全A(沪深京),,,,1765.0,1006.0,0.6369541681703356,759.0,,,,2017,2017-02,63.69541681703355
2017-02-27,883957.TI,同花顺全A(沪深京),,,,704.0,2113.0,0.2499112531061413,-1409.0,,,,2017,2017-02,24.99112531061413
2017-02-28,883957.TI,同花顺全A(沪深京),,,,1857.0,874.0,0.6799707067008421,983.0,,,,2017,2017-02,67.99707067008421
2017-03-01,883957.TI,同花顺全A(沪深京),,,,1496.0,1246.0,0.5455871626549964,250.0,,,,2017,2017-03,54.55871626549964
2017-03-02,883957.TI,同花顺全A(沪深京),,,,727.0,2084.0,0.2586268231945927,-1357.0,,,,2017,2017-03,25.862682319459267
2017-03-03,883957.TI,同花顺全A(沪深京),,,,1529.0,1238.0,0.5525840260209613,291.0,,,,2017,2017-03,55.25840260209613
2017-03-06,883957.TI,同花顺全A(沪深京),,,,2533.0,297.0,0.8950530035335689,2236.0,,,,2017,2017-03,89.50530035335689
2017-03-07,883957.TI,同花顺全A(沪深京),,,,1592.0,1176.0,0.5751445086705202,416.0,,,,2017,2017-03,57.51445086705203
2017-03-08,883957.TI,同花顺全A(沪深京),,,,863.0,1926.0,0.3094299031911079,-1063.0,,,,2017,2017-03,30.94299031911079
2017-03-09,883957.TI,同花顺全A(沪深京),,,,714.0,2110.0,0.2528328611898017,-1396.0,,,,2017,2017-03,25.28328611898017
2017-03-10,883957.TI,同花顺全A(沪深京),,,,1258.0,1491.0,0.457620953073845,-233.0,,,,2017,2017-03,45.762095307384506
2017-03-13,883957.TI,同花顺全A(沪深京),,,,2142.0,671.0,0.761464628510487,1471.0,,,,2017,2017-03,76.1464628510487
2017-03-14,883957.TI,同花顺全A(沪深京),,,,1042.0,1749.0,0.3733428878538158,-707.0,,,,2017,2017-03,37.33428878538159
2017-03-15,883957.TI,同花顺全A(沪深京),,,,1123.0,1646.0,0.405561574575659,-523.0,,,,2017,2017-03,40.5561574575659
2017-03-16,883957.TI,同花顺全A(沪深京),,,,2574.0,260.0,0.908256880733945,2314.0,,,,2017,2017-03,90.82568807339447
2017-03-17,883957.TI,同花顺全A(沪深京),,,,612.0,2237.0,0.2148122148122148,-1625.0,,,,2017,2017-03,21.48122148122148
2017-03-20,883957.TI,同花顺全A(沪深京),,,,1790.0,1018.0,0.6374643874643875,772.0,,,,2017,2017-03,63.74643874643875
2017-03-21,883957.TI,同花顺全A(沪深京),,,,1467.0,1318.0,0.5267504488330341,149.0,,,,2017,2017-03,52.67504488330341
2017-03-22,883957.TI,同花顺全A(沪深京),,,,944.0,1908.0,0.3309957924263674,-964.0,,,,2017,2017-03,33.09957924263674
2017-03-23,883957.TI,同花顺全A(沪深京),,,,1286.0,1525.0,0.4574884382781928,-239.0,,,,2017,2017-03,45.74884382781928
2017-03-24,883957.TI,同花顺全A(沪深京),,,,1698.0,1115.0,0.6036260220405262,583.0,,,,2017,2017-03,60.36260220405262
2017-03-27,883957.TI,同花顺全A(沪深京),,,,1106.0,1718.0,0.391643059490085,-612.0,,,,2017,2017-03,39.1643059490085
2017-03-28,883957.TI,同花顺全A(沪深京),,,,1027.0,1769.0,0.367310443490701,-742.0,,,,2017,2017-03,36.7310443490701
2017-03-29,883957.TI,同花顺全A(沪深京),,,,773.0,2090.0,0.2699965071603213,-1317.0,,,,2017,2017-03,26.999650716032136
2017-03-30,883957.TI,同花顺全A(沪深京),,,,405.0,2479.0,0.1404299583911234,-2074.0,,,,2017,2017-03,14.042995839112344
2017-03-31,883957.TI,同花顺全A(沪深京),,,,1807.0,1030.0,0.6369404300317236,777.0,,,,2017,2017-03,63.69404300317236
2017-04-05,883957.TI,同花顺全A(沪深京),,,,2689.0,206.0,0.9288428324697756,2483.0,,,,2017,2017-04,92.88428324697756
2017-04-06,883957.TI,同花顺全A(沪深京),,,,1463.0,1342.0,0.5215686274509804,121.0,,,,2017,2017-04,52.156862745098046
2017-04-07,883957.TI,同花顺全A(沪深京),,,,1167.0,1656.0,0.4133900106269925,-489.0,,,,2017,2017-04,41.33900106269925
2017-04-10,883957.TI,同花顺全A(沪深京),,,,774.0,2092.0,0.270062805303559,-1318.0,,,,2017,2017-04,27.00628053035589
2017-04-11,883957.TI,同花顺全A(沪深京),,,,1944.0,886.0,0.6869257950530036,1058.0,,,,2017,2017-04,68.69257950530036
2017-04-12,883957.TI,同花顺全A(沪深京),,,,764.0,2089.0,0.2677882930248861,-1325.0,,,,2017,2017-04,26.77882930248861
2017-04-13,883957.TI,同花顺全A(沪深京),,,,1686.0,1116.0,0.6017130620985011,570.0,,,,2017,2017-04,60.17130620985011
2017-04-14,883957.TI,同花顺全A(沪深京),,,,475.0,2401.0,0.1651599443671766,-1926.0,,,,2017,2017-04,16.515994436717662
2017-04-17,883957.TI,同花顺全A(沪深京),,,,684.0,2205.0,0.2367601246105919,-1521.0,,,,2017,2017-04,23.67601246105919
2017-04-18,883957.TI,同花顺全A(沪深京),,,,738.0,2138.0,0.2566063977746871,-1400.0,,,,2017,2017-04,25.66063977746871
2017-04-19,883957.TI,同花顺全A(沪深京),,,,960.0,1939.0,0.3311486719558468,-979.0,,,,2017,2017-04,33.11486719558469
2017-04-20,883957.TI,同花顺全A(沪深京),,,,1115.0,1739.0,0.3906797477224947,-624.0,,,,2017,2017-04,39.06797477224948
2017-04-21,883957.TI,同花顺全A(沪深京),,,,1192.0,1634.0,0.421797593772116,-442.0,,,,2017,2017-04,42.1797593772116
2017-04-24,883957.TI,同花顺全A(沪深京),,,,388.0,2518.0,0.1335168616655196,-2130.0,,,,2017,2017-04,13.351686166551962
2017-04-25,883957.TI,同花顺全A(沪深京),,,,1847.0,962.0,0.6575293698825204,885.0,,,,2017,2017-04,65.75293698825205
2017-04-26,883957.TI,同花顺全A(沪深京),,,,1770.0,1057.0,0.62610541209763,713.0,,,,2017,2017-04,62.61054120976301
2017-04-27,883957.TI,同花顺全A(沪深京),,,,1928.0,940.0,0.6722454672245467,988.0,,,,2017,2017-04,67.22454672245468
2017-04-28,883957.TI,同花顺全A(沪深京),,,,1871.0,940.0,0.6655994308075418,931.0,,,,2017,2017-04,66.55994308075418
2017-05-02,883957.TI,同花顺全A(沪深京),,,,1283.0,1551.0,0.4527170077628793,-268.0,,,,2017,2017-05,45.27170077628793
2017-05-03,883957.TI,同花顺全A(沪深京),,,,1321.0,1527.0,0.4638342696629213,-206.0,,,,2017,2017-05,46.38342696629213
2017-05-04,883957.TI,同花顺全A(沪深京),,,,925.0,1911.0,0.326163610719323,-986.0,,,,2017,2017-05,32.616361071932296
2017-05-05,883957.TI,同花顺全A(沪深京),,,,574.0,2320.0,0.1983413959917069,-1746.0,,,,2017,2017-05,19.834139599170697
2017-05-08,883957.TI,同花顺全A(沪深京),,,,498.0,2393.0,0.1722587340020754,-1895.0,,,,2017,2017-05,17.225873400207544
2017-05-09,883957.TI,同花顺全A(沪深京),,,,2137.0,738.0,0.743304347826087,1399.0,,,,2017,2017-05,74.3304347826087
2017-05-10,883957.TI,同花顺全A(沪深京),,,,427.0,2483.0,0.1467353951890034,-2056.0,,,,2017,2017-05,14.673539518900345
2017-05-11,883957.TI,同花顺全A(沪深京),,,,1161.0,1731.0,0.4014522821576763,-570.0,,,,2017,2017-05,40.14522821576764
2017-05-12,883957.TI,同花顺全A(沪深京),,,,1230.0,1599.0,0.4347826086956521,-369.0,,,,2017,2017-05,43.47826086956522
2017-05-15,883957.TI,同花顺全A(沪深京),,,,1525.0,1273.0,0.5450321658327377,252.0,,,,2017,2017-05,54.50321658327377
2017-05-16,883957.TI,同花顺全A(沪深京),,,,2748.0,168.0,0.9423868312757202,2580.0,,,,2017,2017-05,94.23868312757202
2017-05-17,883957.TI,同花顺全A(沪深京),,,,1621.0,1190.0,0.5766631092138029,431.0,,,,2017,2017-05,57.66631092138029
2017-05-18,883957.TI,同花顺全A(沪深京),,,,789.0,2088.0,0.2742440041710114,-1299.0,,,,2017,2017-05,27.424400417101147
2017-05-19,883957.TI,同花顺全A(沪深京),,,,1241.0,1609.0,0.435438596491228,-368.0,,,,2017,2017-05,43.54385964912281
2017-05-22,883957.TI,同花顺全A(沪深京),,,,452.0,2471.0,0.1546356483065344,-2019.0,,,,2017,2017-05,15.46356483065344
2017-05-23,883957.TI,同花顺全A(沪深京),,,,367.0,2566.0,0.1251278554381179,-2199.0,,,,2017,2017-05,12.512785543811797
2017-05-24,883957.TI,同花顺全A(沪深京),,,,1967.0,893.0,0.6877622377622378,1074.0,,,,2017,2017-05,68.77622377622377
2017-05-25,883957.TI,同花顺全A(沪深京),,,,2146.0,732.0,0.7456567060458652,1414.0,,,,2017,2017-05,74.56567060458651
2017-05-26,883957.TI,同花顺全A(沪深京),,,,1426.0,1374.0,0.5092857142857142,52.0,,,,2017,2017-05,50.92857142857142
2017-05-31,883957.TI,同花顺全A(沪深京),,,,1229.0,1582.0,0.4372109569548204,-353.0,,,,2017,2017-05,43.72109569548204
2017-06-01,883957.TI,同花顺全A(沪深京),,,,338.0,2584.0,0.1156741957563312,-2246.0,,,,2017,2017-06,11.567419575633128
2017-06-02,883957.TI,同花顺全A(沪深京),,,,2306.0,584.0,0.797923875432526,1722.0,,,,2017,2017-06,79.7923875432526
2017-06-05,883957.TI,同花顺全A(沪深京),,,,2251.0,585.0,0.7937235543018336,1666.0,,,,2017,2017-06,79.37235543018336
2017-06-06,883957.TI,同花顺全A(沪深京),,,,1983.0,837.0,0.7031914893617022,1146.0,,,,2017,2017-06,70.31914893617022
2017-06-07,883957.TI,同花顺全A(沪深京),,,,2898.0,47.0,0.9840407470288624,2851.0,,,,2017,2017-06,98.40407470288623
2017-06-08,883957.TI,同花顺全A(沪深京),,,,995.0,1827.0,0.352586817859674,-832.0,,,,2017,2017-06,35.2586817859674
2017-06-09,883957.TI,同花顺全A(沪深京),,,,1380.0,1448.0,0.4879773691654879,-68.0,,,,2017,2017-06,48.79773691654879
2017-06-12,883957.TI,同花顺全A(沪深京),,,,462.0,2457.0,0.158273381294964,-1995.0,,,,2017,2017-06,15.827338129496402
2017-06-13,883957.TI,同花顺全A(沪深京),,,,2646.0,272.0,0.9067854694996572,2374.0,,,,2017,2017-06,90.67854694996574
2017-06-14,883957.TI,同花顺全A(沪深京),,,,1351.0,1485.0,0.4763751763046544,-134.0,,,,2017,2017-06,47.63751763046544
2017-06-15,883957.TI,同花顺全A(沪深京),,,,2491.0,418.0,0.8563080096253007,2073.0,,,,2017,2017-06,85.63080096253007
2017-06-16,883957.TI,同花顺全A(沪深京),,,,985.0,1857.0,0.3465869106263194,-872.0,,,,2017,2017-06,34.658691062631945
2017-06-19,883957.TI,同花顺全A(沪深京),,,,2167.0,705.0,0.7545264623955432,1462.0,,,,2017,2017-06,75.45264623955433
2017-06-20,883957.TI,同花顺全A(沪深京),,,,1213.0,1633.0,0.4262122276879831,-420.0,,,,2017,2017-06,42.62122276879831
2017-06-21,883957.TI,同花顺全A(沪深京),,,,1366.0,1489.0,0.4784588441330998,-123.0,,,,2017,2017-06,47.84588441330998
2017-06-22,883957.TI,同花顺全A(沪深京),,,,393.0,2557.0,0.1332203389830508,-2164.0,,,,2017,2017-06,13.322033898305088
2017-06-23,883957.TI,同花顺全A(沪深京),,,,1396.0,1473.0,0.4865806901359358,-77.0,,,,2017,2017-06,48.65806901359358
2017-06-26,883957.TI,同花顺全A(沪深京),,,,2603.0,334.0,0.8862785154919987,2269.0,,,,2017,2017-06,88.62785154919986
2017-06-27,883957.TI,同花顺全A(沪深京),,,,1477.0,1370.0,0.5187917105725325,107.0,,,,2017,2017-06,51.879171057253245
2017-06-28,883957.TI,同花顺全A(沪深京),,,,656.0,2272.0,0.2240437158469945,-1616.0,,,,2017,2017-06,22.40437158469945
2017-06-29,883957.TI,同花顺全A(沪深京),,,,1972.0,889.0,0.6892694861936386,1083.0,,,,2017,2017-06,68.92694861936386
2017-06-30,883957.TI,同花顺全A(沪深京),,,,1589.0,1276.0,0.5546247818499127,313.0,,,,2017,2017-06,55.46247818499127
2017-07-03,883957.TI,同花顺全A(沪深京),,,,2267.0,630.0,0.7825336555056955,1637.0,,,,2017,2017-07,78.25336555056955
2017-07-04,883957.TI,同花顺全A(沪深京),,,,991.0,1914.0,0.3411359724612736,-923.0,,,,2017,2017-07,34.11359724612736
2017-07-05,883957.TI,同花顺全A(沪深京),,,,2406.0,487.0,0.8316626339440027,1919.0,,,,2017,2017-07,83.16626339440027
2017-07-06,883957.TI,同花顺全A(沪深京),,,,1261.0,1632.0,0.4358797096439682,-371.0,,,,2017,2017-07,43.58797096439682
2017-07-07,883957.TI,同花顺全A(沪深京),,,,1756.0,1103.0,0.6142007694998252,653.0,,,,2017,2017-07,61.42007694998252
2017-07-10,883957.TI,同花顺全A(沪深京),,,,960.0,1943.0,0.33069238718567,-983.0,,,,2017,2017-07,33.069238718567
2017-07-11,883957.TI,同花顺全A(沪深京),,,,582.0,2361.0,0.1977573904179408,-1779.0,,,,2017,2017-07,19.77573904179409
2017-07-12,883957.TI,同花顺全A(沪深京),,,,1229.0,1707.0,0.4185967302452316,-478.0,,,,2017,2017-07,41.85967302452316
2017-07-13,883957.TI,同花顺全A(沪深京),,,,1363.0,1509.0,0.4745821727019498,-146.0,,,,2017,2017-07,47.458217270194986
2017-07-14,883957.TI,同花顺全A(沪深京),,,,956.0,1939.0,0.3302245250431779,-983.0,,,,2017,2017-07,33.02245250431779
2017-07-17,883957.TI,同花顺全A(沪深京),,,,155.0,2838.0,0.0517875041764116,-2683.0,,,,2017,2017-07,5.1787504176411625
2017-07-18,883957.TI,同花顺全A(沪深京),,,,2128.0,789.0,0.7295166266712376,1339.0,,,,2017,2017-07,72.95166266712376
2017-07-19,883957.TI,同花顺全A(沪深京),,,,2422.0,500.0,0.8288843258042436,1922.0,,,,2017,2017-07,82.88843258042436
2017-07-20,883957.TI,同花顺全A(沪深京),,,,1558.0,1298.0,0.5455182072829131,260.0,,,,2017,2017-07,54.55182072829131
2017-07-21,883957.TI,同花顺全A(沪深京),,,,1187.0,1696.0,0.4117238987166146,-509.0,,,,2017,2017-07,41.172389871661466
2017-07-24,883957.TI,同花顺全A(沪深京),,,,1974.0,933.0,0.6790505675954592,1041.0,,,,2017,2017-07,67.90505675954593
2017-07-25,883957.TI,同花顺全A(沪深京),,,,1081.0,1847.0,0.3691939890710382,-766.0,,,,2017,2017-07,36.91939890710383
2017-07-26,883957.TI,同花顺全A(沪深京),,,,1130.0,1787.0,0.3873842989372643,-657.0,,,,2017,2017-07,38.73842989372643
2017-07-27,883957.TI,同花顺全A(沪深京),,,,2390.0,583.0,0.8039017827110663,1807.0,,,,2017,2017-07,80.39017827110662
2017-07-28,883957.TI,同花顺全A(沪深京),,,,1010.0,1903.0,0.3467215928595949,-893.0,,,,2017,2017-07,34.672159285959495
2017-07-31,883957.TI,同花顺全A(沪深京),,,,1812.0,1090.0,0.6243969676085458,722.0,,,,2017,2017-07,62.43969676085458
2017-08-01,883957.TI,同花顺全A(沪深京),,,,1463.0,1460.0,0.5005131713992473,3.0,,,,2017,2017-08,50.051317139924734
2017-08-02,883957.TI,同花顺全A(沪深京),,,,636.0,2357.0,0.2124958235883728,-1721.0,,,,2017,2017-08,21.249582358837287
2017-08-03,883957.TI,同花顺全A(沪深京),,,,1894.0,1051.0,0.6431239388794567,843.0,,,,2017,2017-08,64.31239388794567
2017-08-04,883957.TI,同花顺全A(沪深京),,,,934.0,2022.0,0.3159675236806495,-1088.0,,,,2017,2017-08,31.59675236806495
2017-08-07,883957.TI,同花顺全A(沪深京),,,,2172.0,773.0,0.7375212224108659,1399.0,,,,2017,2017-08,73.7521222410866
2017-08-08,883957.TI,同花顺全A(沪深京),,,,1537.0,1390.0,0.5251110351896139,147.0,,,,2017,2017-08,52.51110351896139
2017-08-09,883957.TI,同花顺全A(沪深京),,,,1427.0,1521.0,0.484056987788331,-94.0,,,,2017,2017-08,48.40569877883311
2017-08-10,883957.TI,同花顺全A(沪深京),,,,730.0,2291.0,0.241641840450182,-1561.0,,,,2017,2017-08,24.164184045018207
2017-08-11,883957.TI,同花顺全A(沪深京),,,,554.0,2463.0,0.1836261186609214,-1909.0,,,,2017,2017-08,18.362611866092145
2017-08-14,883957.TI,同花顺全A(沪深京),,,,2858.0,185.0,0.9392047321721984,2673.0,,,,2017,2017-08,93.92047321721984
2017-08-15,883957.TI,同花顺全A(沪深京),,,,1729.0,1192.0,0.5919205751454981,537.0,,,,2017,2017-08,59.19205751454981
2017-08-16,883957.TI,同花顺全A(沪深京),,,,2031.0,942.0,0.6831483350151363,1089.0,,,,2017,2017-08,68.31483350151363
2017-08-17,883957.TI,同花顺全A(沪深京),,,,2177.0,789.0,0.7339851652056641,1388.0,,,,2017,2017-08,73.39851652056642
2017-08-18,883957.TI,同花顺全A(沪深京),,,,993.0,1992.0,0.3326633165829146,-999.0,,,,2017,2017-08,33.266331658291456
2017-08-21,883957.TI,同花顺全A(沪深京),,,,2311.0,664.0,0.7768067226890756,1647.0,,,,2017,2017-08,77.68067226890756
2017-08-22,883957.TI,同花顺全A(沪深京),,,,811.0,2208.0,0.2686319973501159,-1397.0,,,,2017,2017-08,26.863199735011595
2017-08-23,883957.TI,同花顺全A(沪深京),,,,1106.0,1884.0,0.3698996655518394,-778.0,,,,2017,2017-08,36.98996655518395
2017-08-24,883957.TI,同花顺全A(沪深京),,,,830.0,2183.0,0.2754729505476269,-1353.0,,,,2017,2017-08,27.54729505476269
2017-08-25,883957.TI,同花顺全A(沪深京),,,,2725.0,301.0,0.9005287508261731,2424.0,,,,2017,2017-08,90.0528750826173
2017-08-28,883957.TI,同花顺全A(沪深京),,,,2684.0,346.0,0.8858085808580858,2338.0,,,,2017,2017-08,88.58085808580857
2017-08-29,883957.TI,同花顺全A(沪深京),,,,1180.0,1795.0,0.3966386554621848,-615.0,,,,2017,2017-08,39.66386554621849
2017-08-30,883957.TI,同花顺全A(沪深京),,,,1437.0,1516.0,0.486623772434812,-79.0,,,,2017,2017-08,48.6623772434812
2017-08-31,883957.TI,同花顺全A(沪深京),,,,1831.0,1124.0,0.6196277495769882,707.0,,,,2017,2017-08,61.96277495769882
2017-09-01,883957.TI,同花顺全A(沪深京),,,,1802.0,1201.0,0.6000666000666001,601.0,,,,2017,2017-09,60.006660006660006
2017-09-04,883957.TI,同花顺全A(沪深京),,,,1653.0,1339.0,0.5524732620320856,314.0,,,,2017,2017-09,55.24732620320856
2017-09-05,883957.TI,同花顺全A(沪深京),,,,1374.0,1626.0,0.458,-252.0,,,,2017,2017-09,45.8
2017-09-06,883957.TI,同花顺全A(沪深京),,,,1583.0,1421.0,0.5269640479360852,162.0,,,,2017,2017-09,52.69640479360852
2017-09-07,883957.TI,同花顺全A(沪深京),,,,1033.0,1971.0,0.3438748335552596,-938.0,,,,2017,2017-09,34.387483355525966
2017-09-08,883957.TI,同花顺全A(沪深京),,,,1538.0,1440.0,0.5164539959704499,98.0,,,,2017,2017-09,51.64539959704499
2017-09-11,883957.TI,同花顺全A(沪深京),,,,2169.0,827.0,0.7239652870493992,1342.0,,,,2017,2017-09,72.39652870493993
2017-09-12,883957.TI,同花顺全A(沪深京),,,,940.0,2091.0,0.3101286704058066,-1151.0,,,,2017,2017-09,31.012867040580662
2017-09-13,883957.TI,同花顺全A(沪深京),,,,1833.0,1132.0,0.6182124789207419,701.0,,,,2017,2017-09,61.8212478920742
2017-09-14,883957.TI,同花顺全A(沪深京),,,,1164.0,1855.0,0.3855581318317324,-691.0,,,,2017,2017-09,38.55581318317324
2017-09-15,883957.TI,同花顺全A(沪深京),,,,1141.0,1881.0,0.3775645268034414,-740.0,,,,2017,2017-09,37.75645268034415
2017-09-18,883957.TI,同花顺全A(沪深京),,,,2079.0,894.0,0.6992936427850656,1185.0,,,,2017,2017-09,69.92936427850655
2017-09-19,883957.TI,同花顺全A(沪深京),,,,1069.0,1980.0,0.3506067563135454,-911.0,,,,2017,2017-09,35.06067563135454
2017-09-20,883957.TI,同花顺全A(沪深京),,,,2200.0,802.0,0.7328447701532311,1398.0,,,,2017,2017-09,73.28447701532312
2017-09-21,883957.TI,同花顺全A(沪深京),,,,686.0,2386.0,0.2233072916666666,-1700.0,,,,2017,2017-09,22.330729166666664
2017-09-22,883957.TI,同花顺全A(沪深京),,,,1162.0,1919.0,0.3771502758844531,-757.0,,,,2017,2017-09,37.71502758844531
2017-09-25,883957.TI,同花顺全A(沪深京),,,,678.0,2410.0,0.2195595854922279,-1732.0,,,,2017,2017-09,21.9559585492228
2017-09-26,883957.TI,同花顺全A(沪深京),,,,1520.0,1519.0,0.500164527805199,1.0,,,,2017,2017-09,50.01645278051991
2017-09-27,883957.TI,同花顺全A(沪深京),,,,2190.0,815.0,0.7287853577371048,1375.0,,,,2017,2017-09,72.87853577371048
2017-09-28,883957.TI,同花顺全A(沪深京),,,,900.0,2184.0,0.2918287937743191,-1284.0,,,,2017,2017-09,29.18287937743191
2017-09-29,883957.TI,同花顺全A(沪深京),,,,2359.0,692.0,0.7731891183218617,1667.0,,,,2017,2017-09,77.31891183218616
2017-10-09,883957.TI,同花顺全A(沪深京),,,,2568.0,517.0,0.8324149108589951,2051.0,,,,2017,2017-10,83.24149108589951
2017-10-10,883957.TI,同花顺全A(沪深京),,,,2322.0,759.0,0.75365141187926,1563.0,,,,2017,2017-10,75.365141187926
2017-10-11,883957.TI,同花顺全A(沪深京),,,,1160.0,1895.0,0.3797054009819967,-735.0,,,,2017,2017-10,37.97054009819967
2017-10-12,883957.TI,同花顺全A(沪深京),,,,1171.0,1899.0,0.3814332247557003,-728.0,,,,2017,2017-10,38.14332247557004
2017-10-13,883957.TI,同花顺全A(沪深京),,,,2006.0,1046.0,0.6572739187418086,960.0,,,,2017,2017-10,65.72739187418087
2017-10-16,883957.TI,同花顺全A(沪深京),,,,479.0,2657.0,0.1527423469387755,-2178.0,,,,2017,2017-10,15.27423469387755
2017-10-17,883957.TI,同花顺全A(沪深京),,,,1548.0,1443.0,0.5175526579739218,105.0,,,,2017,2017-10,51.75526579739218
2017-10-18,883957.TI,同花顺全A(沪深京),,,,754.0,2345.0,0.2433042917070022,-1591.0,,,,2017,2017-10,24.330429170700228
2017-10-19,883957.TI,同花顺全A(沪深京),,,,799.0,2323.0,0.2559256886611146,-1524.0,,,,2017,2017-10,25.592568866111463
2017-10-20,883957.TI,同花顺全A(沪深京),,,,2634.0,494.0,0.842071611253197,2140.0,,,,2017,2017-10,84.2071611253197
2017-10-23,883957.TI,同花顺全A(沪深京),,,,2107.0,927.0,0.6944627554383652,1180.0,,,,2017,2017-10,69.44627554383652
2017-10-24,883957.TI,同花顺全A(沪深京),,,,934.0,2136.0,0.3042345276872964,-1202.0,,,,2017,2017-10,30.423452768729643
2017-10-25,883957.TI,同花顺全A(沪深京),,,,2335.0,695.0,0.7706270627062707,1640.0,,,,2017,2017-10,77.06270627062707
2017-10-26,883957.TI,同花顺全A(沪深京),,,,1869.0,1155.0,0.6180555555555556,714.0,,,,2017,2017-10,61.80555555555556
2017-10-27,883957.TI,同花顺全A(沪深京),,,,873.0,2226.0,0.281703775411423,-1353.0,,,,2017,2017-10,28.170377541142305
2017-10-30,883957.TI,同花顺全A(沪深京),,,,474.0,2687.0,0.1499525466624486,-2213.0,,,,2017,2017-10,14.99525466624486
2017-10-31,883957.TI,同花顺全A(沪深京),,,,2389.0,716.0,0.7694041867954912,1673.0,,,,2017,2017-10,76.94041867954911
2017-11-01,883957.TI,同花顺全A(沪深京),,,,1428.0,1641.0,0.4652981427174975,-213.0,,,,2017,2017-11,46.52981427174975
2017-11-02,883957.TI,同花顺全A(沪深京),,,,794.0,2358.0,0.2519035532994924,-1564.0,,,,2017,2017-11,25.19035532994924
2017-11-03,883957.TI,同花顺全A(沪深京),,,,968.0,2165.0,0.3089690392594957,-1197.0,,,,2017,2017-11,30.89690392594957
2017-11-06,883957.TI,同花顺全A(沪深京),,,,2390.0,722.0,0.7679948586118251,1668.0,,,,2017,2017-11,76.79948586118252
2017-11-07,883957.TI,同花顺全A(沪深京),,,,1887.0,1179.0,0.6154598825831703,708.0,,,,2017,2017-11,61.54598825831703
2017-11-08,883957.TI,同花顺全A(沪深京),,,,1832.0,1254.0,0.593648736228127,578.0,,,,2017,2017-11,59.364873622812695
2017-11-09,883957.TI,同花顺全A(沪深京),,,,1998.0,1100.0,0.644932214331827,898.0,,,,2017,2017-11,64.4932214331827
2017-11-10,883957.TI,同花顺全A(沪深京),,,,1403.0,1728.0,0.4480996486745449,-325.0,,,,2017,2017-11,44.80996486745449
2017-11-13,883957.TI,同花顺全A(沪深京),,,,1368.0,1775.0,0.4352529430480433,-407.0,,,,2017,2017-11,43.525294304804326
2017-11-14,883957.TI,同花顺全A(沪深京),,,,900.0,2244.0,0.2862595419847328,-1344.0,,,,2017,2017-11,28.62595419847328
2017-11-15,883957.TI,同花顺全A(沪深京),,,,927.0,2171.0,0.2992253066494512,-1244.0,,,,2017,2017-11,29.922530664945125
2017-11-16,883957.TI,同花顺全A(沪深京),,,,1123.0,1974.0,0.3626089764288021,-851.0,,,,2017,2017-11,36.26089764288021
2017-11-17,883957.TI,同花顺全A(沪深京),,,,315.0,2882.0,0.0985298717547701,-2567.0,,,,2017,2017-11,9.85298717547701
2017-11-20,883957.TI,同花顺全A(沪深京),,,,1644.0,1501.0,0.5227344992050874,143.0,,,,2017,2017-11,52.27344992050874
2017-11-21,883957.TI,同花顺全A(沪深京),,,,1266.0,1849.0,0.4064205457463884,-583.0,,,,2017,2017-11,40.64205457463884
2017-11-22,883957.TI,同花顺全A(沪深京),,,,1406.0,1706.0,0.4517994858611825,-300.0,,,,2017,2017-11,45.17994858611825
2017-11-23,883957.TI,同花顺全A(沪深京),,,,301.0,2877.0,0.0947136563876652,-2576.0,,,,2017,2017-11,9.47136563876652
2017-11-24,883957.TI,同花顺全A(沪深京),,,,1752.0,1325.0,0.5693857653558662,427.0,,,,2017,2017-11,56.93857653558661
2017-11-27,883957.TI,同花顺全A(沪深京),,,,823.0,2266.0,0.2664292651343476,-1443.0,,,,2017,2017-11,26.64292651343477
2017-11-28,883957.TI,同花顺全A(沪深京),,,,2853.0,313.0,0.9011370814908402,2540.0,,,,2017,2017-11,90.11370814908402
2017-11-29,883957.TI,同花顺全A(沪深京),,,,1365.0,1752.0,0.4379210779595765,-387.0,,,,2017,2017-11,43.792107795957655
2017-11-30,883957.TI,同花顺全A(沪深京),,,,1060.0,2001.0,0.3462920614178373,-941.0,,,,2017,2017-11,34.62920614178373
2017-12-01,883957.TI,同花顺全A(沪深京),,,,2386.0,695.0,0.774423888347939,1691.0,,,,2017,2017-12,77.4423888347939
2017-12-04,883957.TI,同花顺全A(沪深京),,,,643.0,2497.0,0.2047770700636942,-1854.0,,,,2017,2017-12,20.477707006369428
2017-12-05,883957.TI,同花顺全A(沪深京),,,,414.0,2759.0,0.1304758903246139,-2345.0,,,,2017,2017-12,13.047589032461392
2017-12-06,883957.TI,同花顺全A(沪深京),,,,2391.0,735.0,0.7648752399232246,1656.0,,,,2017,2017-12,76.48752399232247
2017-12-07,883957.TI,同花顺全A(沪深京),,,,1226.0,1836.0,0.4003919007184846,-610.0,,,,2017,2017-12,40.03919007184847
2017-12-08,883957.TI,同花顺全A(沪深京),,,,2671.0,448.0,0.856364219301058,2223.0,,,,2017,2017-12,85.6364219301058
2017-12-11,883957.TI,同花顺全A(沪深京),,,,2526.0,563.0,0.817740369051473,1963.0,,,,2017,2017-12,81.7740369051473
2017-12-12,883957.TI,同花顺全A(沪深京),,,,517.0,2629.0,0.1643356643356643,-2112.0,,,,2017,2017-12,16.433566433566433
2017-12-13,883957.TI,同花顺全A(沪深京),,,,2357.0,724.0,0.7650113599480688,1633.0,,,,2017,2017-12,76.50113599480687
2017-12-14,883957.TI,同花顺全A(沪深京),,,,1441.0,1644.0,0.4670988654781199,-203.0,,,,2017,2017-12,46.709886547812
2017-12-15,883957.TI,同花顺全A(沪深京),,,,1217.0,1897.0,0.390815671162492,-680.0,,,,2017,2017-12,39.0815671162492
2017-12-18,883957.TI,同花顺全A(沪深京),,,,1062.0,2034.0,0.3430232558139535,-972.0,,,,2017,2017-12,34.30232558139535
2017-12-19,883957.TI,同花顺全A(沪深京),,,,2300.0,755.0,0.7528641571194763,1545.0,,,,2017,2017-12,75.28641571194763
2017-12-20,883957.TI,同花顺全A(沪深京),,,,648.0,2505.0,0.2055185537583254,-1857.0,,,,2017,2017-12,20.55185537583253
2017-12-21,883957.TI,同花顺全A(沪深京),,,,1510.0,1582.0,0.4883570504527814,-72.0,,,,2017,2017-12,48.83570504527814
2017-12-22,883957.TI,同花顺全A(沪深京),,,,1185.0,1877.0,0.3870019595035924,-692.0,,,,2017,2017-12,38.70019595035924
2017-12-25,883957.TI,同花顺全A(沪深京),,,,721.0,2434.0,0.228526148969889,-1713.0,,,,2017,2017-12,22.852614896988907
2017-12-26,883957.TI,同花顺全A(沪深京),,,,2434.0,718.0,0.7722081218274112,1716.0,,,,2017,2017-12,77.22081218274111
2017-12-27,883957.TI,同花顺全A(沪深京),,,,1047.0,2062.0,0.3367642328723062,-1015.0,,,,2017,2017-12,33.67642328723062
2017-12-28,883957.TI,同花顺全A(沪深京),,,,1819.0,1241.0,0.5944444444444444,578.0,,,,2017,2017-12,59.44444444444444
2017-12-29,883957.TI,同花顺全A(沪深京),,,,2306.0,785.0,0.746036881268198,1521.0,,,,2017,2017-12,74.6036881268198
2018-01-02,883957.TI,同花顺全A(沪深京),,,,2502.0,644.0,0.7952956134774316,1858.0,,,,2018,2018-01,79.52956134774315
2018-01-03,883957.TI,同花顺全A(沪深京),,,,2279.0,858.0,0.7264902773350335,1421.0,,,,2018,2018-01,72.64902773350335
2018-01-04,883957.TI,同花顺全A(沪深京),,,,1324.0,1773.0,0.4275104940264772,-449.0,,,,2018,2018-01,42.75104940264772
2018-01-05,883957.TI,同花顺全A(沪深京),,,,1540.0,1578.0,0.4939063502245029,-38.0,,,,2018,2018-01,49.39063502245029
2018-01-08,883957.TI,同花顺全A(沪深京),,,,1458.0,1686.0,0.4637404580152672,-228.0,,,,2018,2018-01,46.37404580152672
2018-01-09,883957.TI,同花顺全A(沪深京),,,,1301.0,1842.0,0.4139357301940821,-541.0,,,,2018,2018-01,41.39357301940821
2018-01-10,883957.TI,同花顺全A(沪深京),,,,763.0,2415.0,0.2400881057268722,-1652.0,,,,2018,2018-01,24.008810572687224
2018-01-11,883957.TI,同花顺全A(沪深京),,,,2114.0,1015.0,0.6756152125279642,1099.0,,,,2018,2018-01,67.56152125279642
2018-01-12,883957.TI,同花顺全A(沪深京),,,,1017.0,2111.0,0.3251278772378516,-1094.0,,,,2018,2018-01,32.512787723785166
2018-01-15,883957.TI,同花顺全A(沪深京),,,,453.0,2767.0,0.1406832298136646,-2314.0,,,,2018,2018-01,14.06832298136646
2018-01-16,883957.TI,同花顺全A(沪深京),,,,2214.0,923.0,0.7057698437998088,1291.0,,,,2018,2018-01,70.57698437998087
2018-01-17,883957.TI,同花顺全A(沪深京),,,,1717.0,1421.0,0.547163798597833,296.0,,,,2018,2018-01,54.7163798597833
2018-01-18,883957.TI,同花顺全A(沪深京),,,,1505.0,1587.0,0.4867399741267788,-82.0,,,,2018,2018-01,48.67399741267788
2018-01-19,883957.TI,同花顺全A(沪深京),,,,1237.0,1864.0,0.3989035794904869,-627.0,,,,2018,2018-01,39.89035794904869
2018-01-22,883957.TI,同花顺全A(沪深京),,,,2129.0,1010.0,0.6782414781777636,1119.0,,,,2018,2018-01,67.82414781777636
2018-01-23,883957.TI,同花顺全A(沪深京),,,,1567.0,1532.0,0.5056469828977089,35.0,,,,2018,2018-01,50.564698289770895
2018-01-24,883957.TI,同花顺全A(沪深京),,,,2104.0,1030.0,0.6713465220165922,1074.0,,,,2018,2018-01,67.13465220165922
2018-01-25,883957.TI,同花顺全A(沪深京),,,,1275.0,1848.0,0.4082612872238232,-573.0,,,,2018,2018-01,40.82612872238233
2018-01-26,883957.TI,同花顺全A(沪深京),,,,1129.0,1981.0,0.3630225080385852,-852.0,,,,2018,2018-01,36.30225080385852
2018-01-29,883957.TI,同花顺全A(沪深京),,,,708.0,2494.0,0.2211118051217988,-1786.0,,,,2018,2018-01,22.11118051217989
2018-01-30,883957.TI,同花顺全A(沪深京),,,,1454.0,1638.0,0.4702457956015524,-184.0,,,,2018,2018-01,47.02457956015524
2018-01-31,883957.TI,同花顺全A(沪深京),,,,531.0,2663.0,0.1662492172824045,-2132.0,,,,2018,2018-01,16.62492172824045
2018-02-01,883957.TI,同花顺全A(沪深京),,,,294.0,2932.0,0.0911345319280843,-2638.0,,,,2018,2018-02,9.11345319280843
2018-02-02,883957.TI,同花顺全A(沪深京),,,,1196.0,1905.0,0.3856820380522412,-709.0,,,,2018,2018-02,38.56820380522412
2018-02-05,883957.TI,同花顺全A(沪深京),,,,1048.0,2002.0,0.3436065573770492,-954.0,,,,2018,2018-02,34.36065573770492
2018-02-06,883957.TI,同花顺全A(沪深京),,,,108.0,2996.0,0.0347938144329896,-2888.0,,,,2018,2018-02,3.479381443298969
2018-02-07,883957.TI,同花顺全A(沪深京),,,,2095.0,923.0,0.6941683233929755,1172.0,,,,2018,2018-02,69.41683233929756
2018-02-08,883957.TI,同花顺全A(沪深京),,,,2551.0,520.0,0.8306740475415174,2031.0,,,,2018,2018-02,83.06740475415174
2018-02-09,883957.TI,同花顺全A(沪深京),,,,241.0,2863.0,0.0776417525773195,-2622.0,,,,2018,2018-02,7.764175257731959
2018-02-12,883957.TI,同花顺全A(沪深京),,,,2954.0,162.0,0.94801026957638,2792.0,,,,2018,2018-02,94.801026957638
2018-02-13,883957.TI,同花顺全A(沪深京),,,,1538.0,1478.0,0.5099469496021221,60.0,,,,2018,2018-02,50.99469496021221
2018-02-14,883957.TI,同花顺全A(沪深京),,,,1770.0,1226.0,0.5907877169559412,544.0,,,,2018,2018-02,59.07877169559412
2018-02-22,883957.TI,同花顺全A(沪深京),,,,2967.0,163.0,0.947923322683706,2804.0,,,,2018,2018-02,94.7923322683706
2018-02-23,883957.TI,同花顺全A(沪深京),,,,1819.0,1217.0,0.5991436100131752,602.0,,,,2018,2018-02,59.91436100131752
2018-02-26,883957.TI,同花顺全A(沪深京),,,,3072.0,109.0,0.9657340458975164,2963.0,,,,2018,2018-02,96.57340458975166
2018-02-27,883957.TI,同花顺全A(沪深京),,,,1536.0,1545.0,0.498539435248296,-9.0,,,,2018,2018-02,49.8539435248296
2018-02-28,883957.TI,同花顺全A(沪深京),,,,1405.0,1652.0,0.4596009159306509,-247.0,,,,2018,2018-02,45.96009159306509
2018-03-01,883957.TI,同花顺全A(沪深京),,,,2631.0,462.0,0.8506304558680893,2169.0,,,,2018,2018-03,85.06304558680893
2018-03-02,883957.TI,同花顺全A(沪深京),,,,957.0,2155.0,0.3075192802056555,-1198.0,,,,2018,2018-03,30.75192802056556
2018-03-05,883957.TI,同花顺全A(沪深京),,,,1937.0,1154.0,0.6266580394694273,783.0,,,,2018,2018-03,62.66580394694273
2018-03-06,883957.TI,同花顺全A(沪深京),,,,2484.0,645.0,0.7938638542665388,1839.0,,,,2018,2018-03,79.38638542665389
2018-03-07,883957.TI,同花顺全A(沪深京),,,,876.0,2261.0,0.279247688874721,-1385.0,,,,2018,2018-03,27.924768887472105
2018-03-08,883957.TI,同花顺全A(沪深京),,,,2304.0,789.0,0.7449078564500485,1515.0,,,,2018,2018-03,74.49078564500485
2018-03-09,883957.TI,同花顺全A(沪深京),,,,2708.0,416.0,0.8668373879641486,2292.0,,,,2018,2018-03,86.68373879641486
2018-03-12,883957.TI,同花顺全A(沪深京),,,,2748.0,397.0,0.8737678855325914,2351.0,,,,2018,2018-03,87.37678855325915
2018-03-13,883957.TI,同花顺全A(沪深京),,,,924.0,2209.0,0.2949249920204277,-1285.0,,,,2018,2018-03,29.49249920204277
2018-03-14,883957.TI,同花顺全A(沪深京),,,,685.0,2460.0,0.2178060413354531,-1775.0,,,,2018,2018-03,21.78060413354531
2018-03-15,883957.TI,同花顺全A(沪深京),,,,947.0,2201.0,0.3008259212198221,-1254.0,,,,2018,2018-03,30.08259212198221
2018-03-16,883957.TI,同花顺全A(沪深京),,,,1315.0,1760.0,0.4276422764227642,-445.0,,,,2018,2018-03,42.76422764227642
2018-03-19,883957.TI,同花顺全A(沪深京),,,,1850.0,1256.0,0.5956213779781069,594.0,,,,2018,2018-03,59.562137797810685
2018-03-20,883957.TI,同花顺全A(沪深京),,,,1619.0,1481.0,0.522258064516129,138.0,,,,2018,2018-03,52.2258064516129
2018-03-21,883957.TI,同花顺全A(沪深京),,,,995.0,2090.0,0.3225283630470016,-1095.0,,,,2018,2018-03,32.25283630470016
2018-03-22,883957.TI,同花顺全A(沪深京),,,,1538.0,1566.0,0.4954896907216495,-28.0,,,,2018,2018-03,49.54896907216495
2018-03-23,883957.TI,同花顺全A(沪深京),,,,194.0,3005.0,0.0606439512347608,-2811.0,,,,2018,2018-03,6.0643951234760864
2018-03-26,883957.TI,同花顺全A(沪深京),,,,2428.0,727.0,0.7695721077654517,1701.0,,,,2018,2018-03,76.95721077654517
2018-03-27,883957.TI,同花顺全A(沪深京),,,,3052.0,147.0,0.9540481400437636,2905.0,,,,2018,2018-03,95.40481400437638
2018-03-28,883957.TI,同花顺全A(沪深京),,,,1073.0,2054.0,0.3431403901503038,-981.0,,,,2018,2018-03,34.31403901503038
2018-03-29,883957.TI,同花顺全A(沪深京),,,,2448.0,692.0,0.7796178343949045,1756.0,,,,2018,2018-03,77.96178343949045
2018-03-30,883957.TI,同花顺全A(沪深京),,,,2489.0,630.0,0.7980121833921129,1859.0,,,,2018,2018-03,79.80121833921129
2018-04-02,883957.TI,同花顺全A(沪深京),,,,1591.0,1536.0,0.5087943716021746,55.0,,,,2018,2018-04,50.879437160217456
2018-04-03,883957.TI,同花顺全A(沪深京),,,,864.0,2313.0,0.2719546742209632,-1449.0,,,,2018,2018-04,27.19546742209632
2018-04-04,883957.TI,同花顺全A(沪深京),,,,1085.0,2037.0,0.3475336322869955,-952.0,,,,2018,2018-04,34.75336322869956
2018-04-09,883957.TI,同花顺全A(沪深京),,,,1577.0,1536.0,0.5065852875040154,41.0,,,,2018,2018-04,50.65852875040154
2018-04-10,883957.TI,同花顺全A(沪深京),,,,1826.0,1338.0,0.577117572692794,488.0,,,,2018,2018-04,57.7117572692794
2018-04-11,883957.TI,同花顺全A(沪深京),,,,2066.0,1014.0,0.6707792207792208,1052.0,,,,2018,2018-04,67.07792207792208
2018-04-12,883957.TI,同花顺全A(沪深京),,,,970.0,2189.0,0.3070591959480848,-1219.0,,,,2018,2018-04,30.705919594808485
2018-04-13,883957.TI,同花顺全A(沪深京),,,,1235.0,1865.0,0.3983870967741935,-630.0,,,,2018,2018-04,39.83870967741935
2018-04-16,883957.TI,同花顺全A(沪深京),,,,990.0,2199.0,0.3104421448730009,-1209.0,,,,2018,2018-04,31.04421448730009
2018-04-17,883957.TI,同花顺全A(沪深京),,,,409.0,2776.0,0.1284144427001569,-2367.0,,,,2018,2018-04,12.841444270015698
2018-04-18,883957.TI,同花顺全A(沪深京),,,,2331.0,816.0,0.7407054337464252,1515.0,,,,2018,2018-04,74.07054337464251
2018-04-19,883957.TI,同花顺全A(沪深京),,,,1684.0,1402.0,0.5456902138690862,282.0,,,,2018,2018-04,54.569021386908624
2018-04-20,883957.TI,同花顺全A(沪深京),,,,363.0,2833.0,0.1135794743429286,-2470.0,,,,2018,2018-04,11.357947434292866
2018-04-23,883957.TI,同花顺全A(沪深京),,,,1261.0,1871.0,0.402618135376756,-610.0,,,,2018,2018-04,40.26181353767561
2018-04-24,883957.TI,同花顺全A(沪深京),,,,3050.0,159.0,0.9504518541601744,2891.0,,,,2018,2018-04,95.04518541601745
2018-04-25,883957.TI,同花顺全A(沪深京),,,,1706.0,1427.0,0.5445260134056814,279.0,,,,2018,2018-04,54.452601340568144
2018-04-26,883957.TI,同花顺全A(沪深京),,,,384.0,2799.0,0.120640904806786,-2415.0,,,,2018,2018-04,12.064090480678605
2018-04-27,883957.TI,同花顺全A(沪深京),,,,1928.0,1204.0,0.6155810983397191,724.0,,,,2018,2018-04,61.55810983397191
2018-05-02,883957.TI,同花顺全A(沪深京),,,,1295.0,1864.0,0.4099398543842988,-569.0,,,,2018,2018-05,40.99398543842988
2018-05-03,883957.TI,同花顺全A(沪深京),,,,2328.0,812.0,0.7414012738853503,1516.0,,,,2018,2018-05,74.14012738853502
2018-05-04,883957.TI,同花顺全A(沪深京),,,,1252.0,1879.0,0.399872245289045,-627.0,,,,2018,2018-05,39.987224528904505
2018-05-07,883957.TI,同花顺全A(沪深京),,,,3035.0,184.0,0.9428393911152532,2851.0,,,,2018,2018-05,94.28393911152531
2018-05-08,883957.TI,同花顺全A(沪深京),,,,2147.0,940.0,0.6954972465176547,1207.0,,,,2018,2018-05,69.54972465176546
2018-05-09,883957.TI,同花顺全A(沪深京),,,,1434.0,1698.0,0.4578544061302682,-264.0,,,,2018,2018-05,45.785440613026815
2018-05-10,883957.TI,同花顺全A(沪深京),,,,1953.0,1152.0,0.6289855072463768,801.0,,,,2018,2018-05,62.89855072463768
2018-05-11,883957.TI,同花顺全A(沪深京),,,,685.0,2496.0,0.2153410877082678,-1811.0,,,,2018,2018-05,21.534108770826784
2018-05-14,883957.TI,同花顺全A(沪深京),,,,1018.0,2157.0,0.3206299212598425,-1139.0,,,,2018,2018-05,32.06299212598425
2018-05-15,883957.TI,同花顺全A(沪深京),,,,2499.0,656.0,0.7920760697305864,1843.0,,,,2018,2018-05,79.20760697305865
2018-05-16,883957.TI,同花顺全A(沪深京),,,,1006.0,2194.0,0.314375,-1188.0,,,,2018,2018-05,31.4375
2018-05-17,883957.TI,同花顺全A(沪深京),356912510000.0,3569.1251,0.35691251,1280.0,1861.0,0.4075135307226998,-581.0,33.0,15.0,18.0,2018,2018-05,40.75135307226998
2018-05-18,883957.TI,同花顺全A(沪深京),375971960000.0,3759.7196,0.37597196,2111.0,1061.0,0.6655107187894073,1050.0,48.0,13.0,35.0,2018,2018-05,66.55107187894073
2018-05-21,883957.TI,同花顺全A(沪深京),460955860000.0,4609.5586,0.46095586,2766.0,436.0,0.8638351030605871,2330.0,63.0,6.0,57.0,2018,2018-05,86.38351030605871
2018-05-22,883957.TI,同花顺全A(沪深京),438045420000.0,4380.4542,0.43804542,1830.0,1268.0,0.5907036797934151,562.0,54.0,7.0,47.0,2018,2018-05,59.07036797934151
2018-05-23,883957.TI,同花顺全A(沪深京),460487380000.0,4604.8738,0.46048738,664.0,2567.0,0.2055091303002166,-1903.0,31.0,9.0,22.0,2018,2018-05,20.550913030021665
2018-05-24,883957.TI,同花顺全A(沪深京),381970540000.0,3819.7054,0.38197054,1255.0,1906.0,0.3970262575134451,-651.0,43.0,8.0,35.0,2018,2018-05,39.70262575134451
2018-05-25,883957.TI,同花顺全A(沪深京),398286030000.0,3982.8603,0.39828603,953.0,2260.0,0.2966075319016495,-1307.0,43.0,11.0,32.0,2018,2018-05,29.66075319016496
2018-05-28,883957.TI,同花顺全A(沪深京),397772870000.0,3977.7287,0.39777287,988.0,2223.0,0.3076923076923077,-1235.0,44.0,45.0,-1.0,2018,2018-05,30.76923076923077
2018-05-29,883957.TI,同花顺全A(沪深京),407386150000.0,4073.8615,0.40738615,998.0,2176.0,0.3144297416509137,-1178.0,40.0,35.0,5.0,2018,2018-05,31.44297416509137
2018-05-30,883957.TI,同花顺全A(沪深京),437750360000.0,4377.5036,0.43775036,284.0,2976.0,0.0871165644171779,-2692.0,22.0,211.0,-189.0,2018,2018-05,8.71165644171779
2018-05-31,883957.TI,同花顺全A(沪深京),406950770000.0,4069.5077,0.40695077,2898.0,328.0,0.898326100433974,2570.0,63.0,13.0,50.0,2018,2018-05,89.8326100433974
2018-06-01,883957.TI,同花顺全A(沪深京),375217000000.0,3752.17,0.375217,907.0,2246.0,0.287662543609261,-1339.0,28.0,24.0,4.0,2018,2018-06,28.7662543609261
2018-06-04,883957.TI,同花顺全A(沪深京),345451030000.0,3454.5103,0.34545103,1504.0,1634.0,0.4792861695347355,-130.0,26.0,48.0,-22.0,2018,2018-06,47.92861695347355
2018-06-05,883957.TI,同花顺全A(沪深京),370513320000.0,3705.1332,0.37051332,2872.0,333.0,0.8960998439937597,2539.0,50.0,16.0,34.0,2018,2018-06,89.60998439937597
2018-06-06,883957.TI,同花顺全A(沪深京),359742660000.0,3597.4266,0.35974266,1565.0,1554.0,0.501763385700545,11.0,43.0,8.0,35.0,2018,2018-06,50.1763385700545
2018-06-07,883957.TI,同花顺全A(沪深京),359894940000.0,3598.9494,0.35989494,782.0,2390.0,0.2465321563682219,-1608.0,29.0,7.0,22.0,2018,2018-06,24.6532156368222
2018-06-08,883957.TI,同花顺全A(沪深京),353844330000.0,3538.4433,0.35384433,755.0,2459.0,0.2349097697573117,-1704.0,24.0,11.0,13.0,2018,2018-06,23.490976975731176
2018-06-11,883957.TI,同花顺全A(沪深京),320646120000.0,3206.4612,0.32064612,996.0,2173.0,0.3142947301988009,-1177.0,34.0,21.0,13.0,2018,2018-06,31.42947301988009
2018-06-12,883957.TI,同花顺全A(沪深京),350825140000.0,3508.2514,0.35082514,2263.0,884.0,0.7190975532252939,1379.0,39.0,17.0,22.0,2018,2018-06,71.90975532252939
2018-06-13,883957.TI,同花顺全A(沪深京),342678220000.0,3426.7822,0.34267822,428.0,2799.0,0.1326309265571738,-2371.0,27.0,33.0,-6.0,2018,2018-06,13.263092655717385
2018-06-14,883957.TI,同花顺全A(沪深京),317153500000.0,3171.535,0.3171535,1288.0,1842.0,0.4115015974440895,-554.0,39.0,42.0,-3.0,2018,2018-06,41.15015974440895
2018-06-15,883957.TI,同花顺全A(沪深京),355746280000.0,3557.4628,0.35574628,486.0,2733.0,0.1509785647716682,-2247.0,20.0,86.0,-66.0,2018,2018-06,15.097856477166822
2018-06-19,883957.TI,同花顺全A(沪深京),473115540000.0,4731.1554,0.47311554,106.0,3143.0,0.0326254232071406,-3037.0,15.0,1078.0,-1063.0,2018,2018-06,3.262542320714066
2018-06-20,883957.TI,同花顺全A(沪深京),347948200000.0,3479.482,0.3479482,2422.0,769.0,0.7590097148229396,1653.0,51.0,63.0,-12.0,2018,2018-06,75.90097148229395
2018-06-21,883957.TI,同花顺全A(沪深京),356035880000.0,3560.3588,0.35603588,462.0,2740.0,0.1442848219862585,-2278.0,23.0,112.0,-89.0,2018,2018-06,14.428482198625858
2018-06-22,883957.TI,同花顺全A(沪深京),299013180000.0,2990.1318,0.29901318,2777.0,416.0,0.8697150015659255,2361.0,58.0,30.0,28.0,2018,2018-06,86.97150015659255
2018-06-25,883957.TI,同花顺全A(沪深京),307057690000.0,3070.5769,0.30705769,1214.0,1919.0,0.3874880306415576,-705.0,57.0,29.0,28.0,2018,2018-06,38.748803064155766
2018-06-26,883957.TI,同花顺全A(沪深京),325033730000.0,3250.3373,0.32503373,2407.0,753.0,0.7617088607594936,1654.0,61.0,19.0,42.0,2018,2018-06,76.17088607594937
2018-06-27,883957.TI,同花顺全A(沪深京),325639360000.0,3256.3936,0.32563936,1011.0,2116.0,0.3233130796290374,-1105.0,52.0,15.0,37.0,2018,2018-06,32.33130796290374
2018-06-28,883957.TI,同花顺全A(沪深京),304858850000.0,3048.5885,0.30485885,704.0,2471.0,0.2217322834645669,-1767.0,41.0,32.0,9.0,2018,2018-06,22.173228346456693
2018-06-29,883957.TI,同花顺全A(沪深京),341886170000.0,3418.8617,0.34188617,3200.0,87.0,0.9735320961362944,3113.0,96.0,6.0,90.0,2018,2018-06,97.35320961362946
2018-07-02,883957.TI,同花顺全A(沪深京),357288850000.0,3572.8885,0.35728885,595.0,2674.0,0.1820128479657387,-2079.0,50.0,20.0,30.0,2018,2018-07,18.20128479657388
2018-07-03,883957.TI,同花顺全A(沪深京),392637800000.0,3926.378,0.3926378,2723.0,534.0,0.8360454405894996,2189.0,66.0,20.0,46.0,2018,2018-07,83.60454405894995
2018-07-04,883957.TI,同花顺全A(沪深京),329279420000.0,3292.7942,0.32927942,454.0,2800.0,0.1395205900430239,-2346.0,39.0,48.0,-9.0,2018,2018-07,13.952059004302397
2018-07-05,883957.TI,同花顺全A(沪深京),315026500000.0,3150.265,0.3150265,298.0,2990.0,0.090632603406326,-2692.0,26.0,60.0,-34.0,2018,2018-07,9.063260340632604
2018-07-06,883957.TI,同花顺全A(沪深京),355800820000.0,3558.0082,0.35580082,2070.0,1115.0,0.6499215070643642,955.0,40.0,26.0,14.0,2018,2018-07,64.99215070643642
2018-07-09,883957.TI,同花顺全A(沪深京),325062740000.0,3250.6274,0.32506274,3107.0,194.0,0.941229930324144,2913.0,64.0,19.0,45.0,2018,2018-07,94.1229930324144
2018-07-10,883957.TI,同花顺全A(沪深京),324813160000.0,3248.1316,0.32481316,2306.0,833.0,0.7346288626951258,1473.0,69.0,14.0,55.0,2018,2018-07,73.46288626951258
2018-07-11,883957.TI,同花顺全A(沪深京),340820830000.0,3408.2083,0.34082083,353.0,2963.0,0.1064535585042219,-2610.0,31.0,28.0,3.0,2018,2018-07,10.645355850422195
2018-07-12,883957.TI,同花顺全A(沪深京),415500100000.0,4155.001,0.4155001,3223.0,92.0,0.9722473604826546,3131.0,88.0,7.0,81.0,2018,2018-07,97.22473604826546
2018-07-13,883957.TI,同花顺全A(沪深京),365531220000.0,3655.3122,0.36553122,1690.0,1443.0,0.5394190871369294,247.0,49.0,16.0,33.0,2018,2018-07,53.94190871369295
2018-07-16,883957.TI,同花顺全A(沪深京),324057670000.0,3240.5767,0.32405767,1475.0,1722.0,0.4613700344072568,-247.0,49.0,30.0,19.0,2018,2018-07,46.137003440725685
2018-07-17,883957.TI,同花顺全A(沪深京),306363950000.0,3063.6395,0.30636395,1650.0,1513.0,0.5216566550742966,137.0,58.0,13.0,45.0,2018,2018-07,52.16566550742966
2018-07-18,883957.TI,同花顺全A(沪深京),336813050000.0,3368.1305,0.33681305,1062.0,2146.0,0.3310473815461346,-1084.0,52.0,13.0,39.0,2018,2018-07,33.104738154613464
2018-07-19,883957.TI,同花顺全A(沪深京),310600640000.0,3106.0064,0.31060064,716.0,2578.0,0.217364905889496,-1862.0,35.0,16.0,19.0,2018,2018-07,21.736490588949607
2018-07-20,883957.TI,同花顺全A(沪深京),347568040000.0,3475.6804,0.34756804,2737.0,548.0,0.8331811263318113,2189.0,48.0,9.0,39.0,2018,2018-07,83.31811263318113
2018-07-23,883957.TI,同花顺全A(沪深京),410771290000.0,4107.7129,0.41077129,2392.0,875.0,0.7321701867156413,1517.0,51.0,22.0,29.0,2018,2018-07,73.21701867156413
2018-07-24,883957.TI,同花顺全A(沪深京),492530560000.0,4925.3056,0.49253056,2950.0,358.0,0.8917775090689238,2592.0,77.0,5.0,72.0,2018,2018-07,89.17775090689238
2018-07-25,883957.TI,同花顺全A(沪深京),396462240000.0,3964.6224,0.39646224,1444.0,1762.0,0.4504054897067998,-318.0,65.0,4.0,61.0,2018,2018-07,45.04054897067998
2018-07-26,883957.TI,同花顺全A(沪深京),380071510000.0,3800.7151,0.38007151,1489.0,1770.0,0.4568886161399202,-281.0,81.0,7.0,74.0,2018,2018-07,45.688861613992025
2018-07-27,883957.TI,同花顺全A(沪深京),310372560000.0,3103.7256,0.31037256,1036.0,2224.0,0.3177914110429448,-1188.0,46.0,15.0,31.0,2018,2018-07,31.77914110429448
2018-07-30,883957.TI,同花顺全A(沪深京),326106130000.0,3261.0613,0.32610613,720.0,2587.0,0.2177199879044451,-1867.0,27.0,33.0,-6.0,2018,2018-07,21.77199879044451
2018-07-31,883957.TI,同花顺全A(沪深京),269156910000.0,2691.5691,0.26915691,1898.0,1309.0,0.591830371063299,589.0,37.0,17.0,20.0,2018,2018-07,59.18303710632991
2018-08-01,883957.TI,同花顺全A(沪深京),327408700000.0,3274.087,0.3274087,460.0,2859.0,0.1385959626393492,-2399.0,29.0,8.0,21.0,2018,2018-08,13.85959626393492
2018-08-02,883957.TI,同花顺全A(沪深京),378913730000.0,3789.1373,0.37891373,427.0,2930.0,0.1271969019958296,-2503.0,32.0,23.0,9.0,2018,2018-08,12.719690199582962
2018-08-03,883957.TI,同花顺全A(沪深京),284409280000.0,2844.0928,0.28440928,797.0,2453.0,0.2452307692307692,-1656.0,30.0,22.0,8.0,2018,2018-08,24.52307692307692
2018-08-06,883957.TI,同花顺全A(沪深京),290575210000.0,2905.7521,0.29057521,564.0,2742.0,0.1705989110707804,-2178.0,24.0,68.0,-44.0,2018,2018-08,17.05989110707804
2018-08-07,883957.TI,同花顺全A(沪深京),316335880000.0,3163.3588,0.31633588,3244.0,129.0,0.9617551141417136,3115.0,51.0,12.0,39.0,2018,2018-08,96.17551141417135
2018-08-08,883957.TI,同花顺全A(沪深京),305054980000.0,3050.5498,0.30505498,594.0,2716.0,0.1794561933534743,-2122.0,30.0,35.0,-5.0,2018,2018-08,17.94561933534743
2018-08-09,883957.TI,同花顺全A(沪深京),346388130000.0,3463.8813,0.34638813,3178.0,170.0,0.9492234169653524,3008.0,65.0,8.0,57.0,2018,2018-08,94.92234169653524
2018-08-10,883957.TI,同花顺全A(沪深京),288009760000.0,2880.0976,0.28800976,2186.0,1000.0,0.6861268047708726,1186.0,42.0,6.0,36.0,2018,2018-08,68.61268047708727
2018-08-13,883957.TI,同花顺全A(沪深京),299970830000.0,2999.7083,0.29997083,1596.0,1652.0,0.4913793103448275,-56.0,46.0,5.0,41.0,2018,2018-08,49.137931034482754
2018-08-14,883957.TI,同花顺全A(沪深京),268151260000.0,2681.5126,0.26815126,1425.0,1765.0,0.4467084639498432,-340.0,43.0,8.0,35.0,2018,2018-08,44.67084639498432
2018-08-15,883957.TI,同花顺全A(沪深京),277298890000.0,2772.9889,0.27729889,284.0,3080.0,0.084423305588585,-2796.0,30.0,11.0,19.0,2018,2018-08,8.442330558858501
2018-08-16,883957.TI,同花顺全A(沪深京),269844840000.0,2698.4484,0.26984484,738.0,2552.0,0.2243161094224924,-1814.0,20.0,16.0,4.0,2018,2018-08,22.43161094224924
2018-08-17,883957.TI,同花顺全A(沪深京),261990200000.0,2619.902,0.2619902,389.0,2939.0,0.1168870192307692,-2550.0,16.0,23.0,-7.0,2018,2018-08,11.688701923076923
2018-08-20,883957.TI,同花顺全A(沪深京),263945550000.0,2639.4555,0.26394555,2130.0,1105.0,0.6584234930448223,1025.0,35.0,16.0,19.0,2018,2018-08,65.84234930448223
2018-08-21,883957.TI,同花顺全A(沪深京),278753200000.0,2787.532,0.2787532,2718.0,545.0,0.8329757891510879,2173.0,55.0,10.0,45.0,2018,2018-08,83.2975789151088
2018-08-22,883957.TI,同花顺全A(沪深京),229129720000.0,2291.2972,0.22912972,610.0,2697.0,0.1844572119745993,-2087.0,31.0,20.0,11.0,2018,2018-08,18.44572119745993
2018-08-23,883957.TI,同花顺全A(沪深京),251664030000.0,2516.6403,0.25166403,2294.0,871.0,0.7248025276461295,1423.0,35.0,11.0,24.0,2018,2018-08,72.48025276461296
2018-08-24,883957.TI,同花顺全A(沪深京),236245620000.0,2362.4562,0.23624562,1233.0,1954.0,0.3868842171320991,-721.0,32.0,12.0,20.0,2018,2018-08,38.68842171320991
2018-08-27,883957.TI,同花顺全A(沪深京),322554370000.0,3225.5437,0.32255437,3247.0,128.0,0.962074074074074,3119.0,44.0,6.0,38.0,2018,2018-08,96.2074074074074
2018-08-28,883957.TI,同花顺全A(沪深京),289783840000.0,2897.8384,0.28978384,1583.0,1593.0,0.4984256926952141,-10.0,32.0,6.0,26.0,2018,2018-08,49.842569269521405
2018-08-29,883957.TI,同花顺全A(沪深京),245540680000.0,2455.4068,0.24554068,904.0,2365.0,0.2765371673294585,-1461.0,26.0,8.0,18.0,2018,2018-08,27.653716732945853
2018-08-30,883957.TI,同花顺全A(沪深京),252428570000.0,2524.2857,0.25242857,418.0,2911.0,0.1255632322018624,-2493.0,15.0,13.0,2.0,2018,2018-08,12.556323220186242
2018-08-31,883957.TI,同花顺全A(沪深京),248329510000.0,2483.2951,0.24832951,714.0,2554.0,0.2184822521419828,-1840.0,19.0,21.0,-2.0,2018,2018-08,21.848225214198287
2018-09-03,883957.TI,同花顺全A(沪深京),242829810000.0,2428.2981,0.24282981,1421.0,1848.0,0.4346895074946467,-427.0,35.0,13.0,22.0,2018,2018-09,43.46895074946467
2018-09-04,883957.TI,同花顺全A(沪深京),267730110000.0,2677.3011,0.26773011,2869.0,458.0,0.8623384430417794,2411.0,54.0,7.0,47.0,2018,2018-09,86.23384430417794
2018-09-05,883957.TI,同花顺全A(沪深京),258465800000.0,2584.658,0.2584658,461.0,2878.0,0.1380652890086852,-2417.0,38.0,7.0,31.0,2018,2018-09,13.806528900868525
2018-09-06,883957.TI,同花顺全A(沪深京),249217380000.0,2492.1738,0.24921738,1103.0,2111.0,0.3431860609831985,-1008.0,34.0,8.0,26.0,2018,2018-09,34.31860609831985
2018-09-07,883957.TI,同花顺全A(沪深京),271898280000.0,2718.9828,0.27189828,1885.0,1305.0,0.5909090909090909,580.0,42.0,5.0,37.0,2018,2018-09,59.09090909090909
2018-09-10,883957.TI,同花顺全A(沪深京),247197510000.0,2471.9751,0.24719751,413.0,2940.0,0.1231732776617954,-2527.0,26.0,23.0,3.0,2018,2018-09,12.31732776617954
2018-09-11,883957.TI,同花顺全A(沪深京),220862110000.0,2208.6211,0.22086211,1990.0,1236.0,0.6168629882207067,754.0,29.0,15.0,14.0,2018,2018-09,61.68629882207068
2018-09-12,883957.TI,同花顺全A(沪深京),217587130000.0,2175.8713,0.21758713,1771.0,1385.0,0.5611533586818758,386.0,24.0,11.0,13.0,2018,2018-09,56.11533586818758
2018-09-13,883957.TI,同花顺全A(沪深京),258545920000.0,2585.4592,0.25854592,2672.0,606.0,0.8151311775472849,2066.0,35.0,11.0,24.0,2018,2018-09,81.5131177547285
2018-09-14,883957.TI,同花顺全A(沪深京),249858350000.0,2498.5835,0.24985835,776.0,2486.0,0.2378908645003065,-1710.0,21.0,22.0,-1.0,2018,2018-09,23.789086450030656
2018-09-17,883957.TI,同花顺全A(沪深京),206066270000.0,2060.6627,0.20606627,543.0,2785.0,0.1631610576923076,-2242.0,25.0,25.0,0.0,2018,2018-09,16.316105769230766
2018-09-18,883957.TI,同花顺全A(沪深京),253396650000.0,2533.9665,0.25339665,3096.0,271.0,0.9195129195129196,2825.0,55.0,7.0,48.0,2018,2018-09,91.95129195129196
2018-09-19,883957.TI,同花顺全A(沪深京),318786900000.0,3187.869,0.3187869,2764.0,514.0,0.8431970713849909,2250.0,43.0,5.0,38.0,2018,2018-09,84.31970713849908
2018-09-20,883957.TI,同花顺全A(沪深京),250105150000.0,2501.0515,0.25010515,1138.0,2102.0,0.3512345679012346,-964.0,40.0,7.0,33.0,2018,2018-09,35.123456790123456
2018-09-21,883957.TI,同花顺全A(沪深京),321071890000.0,3210.7189,0.32107189,2952.0,404.0,0.8796185935637664,2548.0,28.0,8.0,20.0,2018,2018-09,87.96185935637664
2018-09-24,883957.TI,同花顺全A(沪深京),,,,,,,,0.0,0.0,0.0,2018,2018-09,
2018-09-25,883957.TI,同花顺全A(沪深京),241562620000.0,2415.6262,0.24156262,1075.0,2201.0,0.3281440781440781,-1126.0,21.0,8.0,13.0,2018,2018-09,32.814407814407815
2018-09-26,883957.TI,同花顺全A(沪深京),310117870000.0,3101.1787,0.31011787,1799.0,1316.0,0.5775280898876405,483.0,35.0,6.0,29.0,2018,2018-09,57.752808988764045
2018-09-27,883957.TI,同花顺全A(沪深京),282571950000.0,2825.7195,0.28257195,479.0,2902.0,0.1416740609287193,-2423.0,19.0,20.0,-1.0,2018,2018-09,14.167406092871932
2018-09-28,883957.TI,同花顺全A(沪深京),261050140000.0,2610.5014,0.26105014,2749.0,563.0,0.830012077294686,2186.0,29.0,8.0,21.0,2018,2018-09,83.00120772946859
2018-10-01,883957.TI,同花顺全A(沪深京),,,,,,,,0.0,0.0,0.0,2018,2018-10,
2018-10-08,883957.TI,同花顺全A(沪深京),288439430000.0,2884.3943,0.28843943,192.0,3231.0,0.0560911481156879,-3039.0,23.0,43.0,-20.0,2018,2018-10,5.6091148115688
2018-10-09,883957.TI,同花顺全A(沪深京),230670470000.0,2306.7047,0.23067047,2030.0,1180.0,0.632398753894081,850.0,36.0,10.0,26.0,2018,2018-10,63.2398753894081
2018-10-10,883957.TI,同花顺全A(沪深京),235266090000.0,2352.6609,0.23526609,1933.0,1279.0,0.6018057285180572,654.0,42.0,14.0,28.0,2018,2018-10,60.18057285180573
2018-10-11,883957.TI,同花顺全A(沪深京),358093800000.0,3580.938,0.3580938,71.0,3378.0,0.0205856770078283,-3307.0,20.0,976.0,-956.0,2018,2018-10,2.058567700782836
2018-10-12,883957.TI,同花顺全A(沪深京),308528080000.0,3085.2808,0.30852808,1207.0,2138.0,0.3608370702541106,-931.0,41.0,38.0,3.0,2018,2018-10,36.08370702541106
2018-10-15,883957.TI,同花顺全A(沪深京),238500990000.0,2385.0099,0.23850099,761.0,2581.0,0.2277079593058049,-1820.0,40.0,34.0,6.0,2018,2018-10,22.77079593058049
2018-10-16,883957.TI,同花顺全A(沪深京),235738670000.0,2357.3867,0.23573867,551.0,2827.0,0.1631142687981054,-2276.0,29.0,70.0,-41.0,2018,2018-10,16.31142687981054
2018-10-17,883957.TI,同花顺全A(沪深京),258295550000.0,2582.9555,0.25829555,2546.0,815.0,0.7575126450461173,1731.0,52.0,29.0,23.0,2018,2018-10,75.75126450461173
2018-10-18,883957.TI,同花顺全A(沪深京),239469280000.0,2394.6928,0.23946928,271.0,3155.0,0.0791009924109749,-2884.0,26.0,153.0,-127.0,2018,2018-10,7.91009924109749
2018-10-19,883957.TI,同花顺全A(沪深京),286307810000.0,2863.0781,0.28630781,3084.0,329.0,0.903603867565192,2755.0,56.0,23.0,33.0,2018,2018-10,90.3603867565192
2018-10-22,883957.TI,同花顺全A(沪深京),421556750000.0,4215.5675,0.42155675,3438.0,15.0,0.9956559513466552,3423.0,247.0,1.0,246.0,2018,2018-10,99.56559513466551
2018-10-23,883957.TI,同花顺全A(沪深京),357303650000.0,3573.0365,0.35730365,632.0,2749.0,0.1869269446909198,-2117.0,75.0,13.0,62.0,2018,2018-10,18.692694469091983
2018-10-24,883957.TI,同花顺全A(沪深京),296907740000.0,2969.0774,0.29690774,1787.0,1444.0,0.5530795419374807,343.0,58.0,8.0,50.0,2018,2018-10,55.30795419374807
2018-10-25,883957.TI,同花顺全A(沪深京),291868330000.0,2918.6833,0.29186833,1019.0,2311.0,0.306006006006006,-1292.0,47.0,8.0,39.0,2018,2018-10,30.600600600600604
2018-10-26,883957.TI,同花顺全A(沪深京),281194400000.0,2811.944,0.2811944,2164.0,1131.0,0.656752655538695,1033.0,64.0,3.0,61.0,2018,2018-10,65.6752655538695
2018-10-29,883957.TI,同花顺全A(沪深京),250660400000.0,2506.604,0.2506604,626.0,2716.0,0.1873129862357869,-2090.0,40.0,33.0,7.0,2018,2018-10,18.73129862357869
2018-10-30,883957.TI,同花顺全A(沪深京),310129380000.0,3101.2938,0.31012938,2733.0,628.0,0.8131508479619161,2105.0,78.0,5.0,73.0,2018,2018-10,81.3150847961916
2018-10-31,883957.TI,同花顺全A(沪深京),314635450000.0,3146.3545,0.31463545,2983.0,382.0,0.8864784546805349,2601.0,82.0,4.0,78.0,2018,2018-10,88.64784546805349
2018-11-01,883957.TI,同花顺全A(沪深京),381897020000.0,3818.9702,0.38189702,1913.0,1305.0,0.5944686140459913,608.0,66.0,5.0,61.0,2018,2018-11,59.446861404599126
2018-11-02,883957.TI,同花顺全A(沪深京),450124990000.0,4501.2499,0.45012499,3368.0,78.0,0.9773650609402206,3290.0,83.0,4.0,79.0,2018,2018-11,97.73650609402206
2018-11-05,883957.TI,同花顺全A(沪深京),392826850000.0,3928.2685,0.39282685,2086.0,1242.0,0.6268028846153846,844.0,84.0,4.0,80.0,2018,2018-11,62.68028846153846
2018-11-06,883957.TI,同花顺全A(沪深京),313274000000.0,3132.74,0.313274,1192.0,2121.0,0.3597947479625717,-929.0,70.0,21.0,49.0,2018,2018-11,35.97947479625717
2018-11-07,883957.TI,同花顺全A(沪深京),336864210000.0,3368.6421,0.33686421,1156.0,2149.0,0.3497730711043872,-993.0,59.0,8.0,51.0,2018,2018-11,34.97730711043873
2018-11-08,883957.TI,同花顺全A(沪深京),296027080000.0,2960.2708,0.29602708,1291.0,2024.0,0.3894419306184012,-733.0,73.0,5.0,68.0,2018,2018-11,38.94419306184013
2018-11-09,883957.TI,同花顺全A(沪深京),273742310000.0,2737.4231,0.27374231,1324.0,1992.0,0.399276236429433,-668.0,61.0,9.0,52.0,2018,2018-11,39.9276236429433
2018-11-12,883957.TI,同花顺全A(沪深京),338127700000.0,3381.277,0.3381277,3363.0,107.0,0.969164265129683,3256.0,153.0,2.0,151.0,2018,2018-11,96.9164265129683
2018-11-13,883957.TI,同花顺全A(沪深京),454858050000.0,4548.5805,0.45485805,3010.0,409.0,0.8803743784732377,2601.0,139.0,1.0,138.0,2018,2018-11,88.03743784732377
2018-11-14,883957.TI,同花顺全A(沪深京),410613910000.0,4106.1391,0.41061391,1367.0,1968.0,0.4098950524737631,-601.0,66.0,5.0,61.0,2018,2018-11,40.98950524737632
2018-11-15,883957.TI,同花顺全A(沪深京),402795290000.0,4027.9529,0.40279529,3029.0,376.0,0.8895741556534508,2653.0,96.0,9.0,87.0,2018,2018-11,88.95741556534507
2018-11-16,883957.TI,同花顺全A(沪深京),475092210000.0,4750.9221,0.47509221,2205.0,1117.0,0.6637567730282962,1088.0,115.0,4.0,111.0,2018,2018-11,66.37567730282962
2018-11-19,883957.TI,同花顺全A(沪深京),438524670000.0,4385.2467,0.43852467,1785.0,1571.0,0.5318831942789034,214.0,104.0,11.0,93.0,2018,2018-11,53.18831942789034
2018-11-20,883957.TI,同花顺全A(沪深京),421461010000.0,4214.6101,0.42146101,342.0,3130.0,0.0985023041474654,-2788.0,42.0,24.0,18.0,2018,2018-11,9.850230414746544
2018-11-21,883957.TI,同花顺全A(沪深京),346644860000.0,3466.4486,0.34664486,2318.0,1056.0,0.6870183758150563,1262.0,63.0,3.0,60.0,2018,2018-11,68.70183758150563
2018-11-22,883957.TI,同花顺全A(沪深京),304326320000.0,3043.2632,0.30432632,1606.0,1698.0,0.4860774818401937,-92.0,62.0,3.0,59.0,2018,2018-11,48.60774818401937
2018-11-23,883957.TI,同花顺全A(沪深京),355971330000.0,3559.7133,0.35597133,151.0,3342.0,0.0432293157744059,-3191.0,17.0,102.0,-85.0,2018,2018-11,4.322931577440595
2018-11-26,883957.TI,同花顺全A(沪深京),254222200000.0,2542.222,0.2542222,1497.0,1839.0,0.4487410071942446,-342.0,33.0,33.0,0.0,2018,2018-11,44.87410071942446
2018-11-27,883957.TI,同花顺全A(沪深京),250286670000.0,2502.8667,0.25028667,2359.0,988.0,0.7048102778607709,1371.0,45.0,2.0,43.0,2018,2018-11,70.48102778607709
2018-11-28,883957.TI,同花顺全A(沪深京),291792680000.0,2917.9268,0.29179268,2745.0,664.0,0.8052214725726019,2081.0,55.0,4.0,51.0,2018,2018-11,80.52214725726019
2018-11-29,883957.TI,同花顺全A(沪深京),310262200000.0,3102.622,0.3102622,324.0,3142.0,0.0934795152914022,-2818.0,24.0,11.0,13.0,2018,2018-11,9.34795152914022
2018-11-30,883957.TI,同花顺全A(沪深京),266617210000.0,2666.1721,0.26661721,2318.0,1046.0,0.6890606420927468,1272.0,32.0,8.0,24.0,2018,2018-11,68.90606420927467
2018-12-03,883957.TI,同花顺全A(沪深京),422398790000.0,4223.9879,0.42239879,3465.0,43.0,0.9877423033067276,3422.0,91.0,0.0,91.0,2018,2018-12,98.77423033067276
2018-12-04,883957.TI,同花顺全A(沪深京),329851920000.0,3298.5192,0.32985192,2439.0,900.0,0.7304582210242587,1539.0,58.0,3.0,55.0,2018,2018-12,73.04582210242587
2018-12-05,883957.TI,同花顺全A(沪深京),321694350000.0,3216.9435,0.32169435,873.0,2564.0,0.2540005819028222,-1691.0,43.0,24.0,19.0,2018,2018-12,25.40005819028222
2018-12-06,883957.TI,同花顺全A(沪深京),310506780000.0,3105.0678,0.31050678,448.0,3020.0,0.1291810841983852,-2572.0,27.0,25.0,2.0,2018,2018-12,12.918108419838523
2018-12-07,883957.TI,同花顺全A(沪深京),240313070000.0,2403.1307,0.24031307,1834.0,1484.0,0.5527426160337553,350.0,32.0,12.0,20.0,2018,2018-12,55.27426160337553
2018-12-10,883957.TI,同花顺全A(沪深京),239823860000.0,2398.2386,0.23982386,753.0,2700.0,0.2180712423979148,-1947.0,26.0,13.0,13.0,2018,2018-12,21.807124239791488
2018-12-11,883957.TI,同花顺全A(沪深京),218303820000.0,2183.0382,0.21830382,2557.0,794.0,0.763055804237541,1763.0,48.0,7.0,41.0,2018,2018-12,76.30558042375411
2018-12-12,883957.TI,同花顺全A(沪深京),222406850000.0,2224.0685,0.22240685,1623.0,1635.0,0.498158379373849,-12.0,27.0,10.0,17.0,2018,2018-12,49.8158379373849
2018-12-13,883957.TI,同花顺全A(沪深京),304227840000.0,3042.2784,0.30422784,2622.0,720.0,0.7845601436265709,1902.0,30.0,3.0,27.0,2018,2018-12,78.45601436265709
2018-12-14,883957.TI,同花顺全A(沪深京),291638910000.0,2916.3891,0.29163891,247.0,3241.0,0.0708142201834862,-2994.0,15.0,8.0,7.0,2018,2018-12,7.081422018348624
2018-12-17,883957.TI,同花顺全A(沪深京),237962450000.0,2379.6245,0.23796245,1665.0,1676.0,0.4983537862915295,-11.0,35.0,5.0,30.0,2018,2018-12,49.83537862915295
2018-12-18,883957.TI,同花顺全A(沪深京),229802770000.0,2298.0277,0.22980277,951.0,2425.0,0.2816943127962085,-1474.0,25.0,3.0,22.0,2018,2018-12,28.169431279620856
2018-12-19,883957.TI,同花顺全A(沪深京),216848640000.0,2168.4864,0.21684864,514.0,2909.0,0.1501606777680397,-2395.0,25.0,5.0,20.0,2018,2018-12,15.016067776803974
2018-12-20,883957.TI,同花顺全A(沪深京),230826720000.0,2308.2672,0.23082672,2198.0,1095.0,0.6674764652292742,1103.0,30.0,10.0,20.0,2018,2018-12,66.74764652292741
2018-12-21,883957.TI,同花顺全A(沪深京),236060990000.0,2360.6099,0.23606099,937.0,2423.0,0.2788690476190476,-1486.0,19.0,11.0,8.0,2018,2018-12,27.886904761904763
2018-12-24,883957.TI,同花顺全A(沪深京),213188560000.0,2131.8856,0.21318856,2575.0,768.0,0.7702662279389769,1807.0,29.0,12.0,17.0,2018,2018-12,77.02662279389769
2018-12-25,883957.TI,同花顺全A(沪深京),275732940000.0,2757.3294,0.27573294,786.0,2684.0,0.2265129682997118,-1898.0,39.0,13.0,26.0,2018,2018-12,22.651296829971184
2018-12-26,883957.TI,同花顺全A(沪深京),231146220000.0,2311.4622,0.23114622,1359.0,1955.0,0.4100784550392275,-596.0,40.0,6.0,34.0,2018,2018-12,41.00784550392275
2018-12-27,883957.TI,同花顺全A(沪深京),263631490000.0,2636.3149,0.26363149,523.0,2890.0,0.1532376208614122,-2367.0,20.0,20.0,0.0,2018,2018-12,15.323762086141224
2018-12-28,883957.TI,同花顺全A(沪深京),239168180000.0,2391.6818,0.23916818,1787.0,1511.0,0.5418435415403274,276.0,31.0,8.0,23.0,2018,2018-12,54.18435415403275
2018-12-31,883957.TI,同花顺全A(沪深京),,,,,,,,0.0,0.0,0.0,2018,2018-12,
2019-01-02,883957.TI,同花顺全A(沪深京),224982660000.0,2249.8266,0.22498266,1519.0,1812.0,0.4560192134494146,-293.0,38.0,15.0,23.0,2019,2019-01,45.60192134494146
2019-01-03,883957.TI,同花顺全A(沪深京),251768110000.0,2517.6811,0.25176811,1362.0,1949.0,0.4113560857746904,-587.0,42.0,24.0,18.0,2019,2019-01,41.13560857746904
2019-01-04,883957.TI,同花顺全A(沪深京),322003320000.0,3220.0332,0.32200332,3352.0,156.0,0.9555302166476624,3196.0,79.0,1.0,78.0,2019,2019-01,95.55302166476623
2019-01-07,883957.TI,同花顺全A(沪深京),347059700000.0,3470.597,0.3470597,3190.0,289.0,0.9169301523426272,2901.0,93.0,0.0,93.0,2019,2019-01,91.69301523426272
2019-01-08,883957.TI,同花顺全A(沪深京),298981530000.0,2989.8153,0.29898153,1348.0,2000.0,0.4026284348864994,-652.0,52.0,2.0,50.0,2019,2019-01,40.26284348864994
2019-01-09,883957.TI,同花顺全A(沪深京),378943040000.0,3789.4304,0.37894304,1746.0,1555.0,0.5289306270827022,191.0,63.0,1.0,62.0,2019,2019-01,52.89306270827022
2019-01-10,883957.TI,同花顺全A(沪深京),309484390000.0,3094.8439,0.30948439,1267.0,2086.0,0.3778705636743215,-819.0,51.0,5.0,46.0,2019,2019-01,37.78705636743215
2019-01-11,883957.TI,同花顺全A(沪深京),295954180000.0,2959.5418,0.29595418,2597.0,804.0,0.7635989414877977,1793.0,69.0,8.0,61.0,2019,2019-01,76.35989414877977
2019-01-14,883957.TI,同花顺全A(沪深京),283028800000.0,2830.288,0.2830288,1013.0,2377.0,0.2988200589970501,-1364.0,45.0,15.0,30.0,2019,2019-01,29.882005899705018
2019-01-15,883957.TI,同花顺全A(沪深京),319382720000.0,3193.8272,0.31938272,2825.0,561.0,0.8343177790903721,2264.0,51.0,8.0,43.0,2019,2019-01,83.43177790903721
2019-01-16,883957.TI,同花顺全A(沪深京),304419220000.0,3044.1922,0.30441922,1298.0,2053.0,0.3873470605789316,-755.0,35.0,6.0,29.0,2019,2019-01,38.73470605789316
2019-01-17,883957.TI,同花顺全A(沪深京),293620460000.0,2936.2046,0.29362046,704.0,2730.0,0.2050087361677344,-2026.0,35.0,8.0,27.0,2019,2019-01,20.50087361677344
2019-01-18,883957.TI,同花顺全A(沪深京),324794830000.0,3247.9483,0.32479483,2450.0,945.0,0.7216494845360825,1505.0,32.0,11.0,21.0,2019,2019-01,72.16494845360825
2019-01-21,883957.TI,同花顺全A(沪深京),312876070000.0,3128.7607,0.31287607,2153.0,1151.0,0.6516343825665859,1002.0,44.0,8.0,36.0,2019,2019-01,65.1634382566586
2019-01-22,883957.TI,同花顺全A(沪深京),278459450000.0,2784.5945,0.27845945,657.0,2796.0,0.1902693310165074,-2139.0,31.0,6.0,25.0,2019,2019-01,19.02693310165074
2019-01-23,883957.TI,同花顺全A(沪深京),243578500000.0,2435.785,0.2435785,1700.0,1640.0,0.5089820359281437,60.0,42.0,10.0,32.0,2019,2019-01,50.898203592814376
2019-01-24,883957.TI,同花顺全A(沪深京),300112830000.0,3001.1283,0.30011283,2082.0,1225.0,0.6295736316903537,857.0,44.0,11.0,33.0,2019,2019-01,62.957363169035375
2019-01-25,883957.TI,同花顺全A(沪深京),312698620000.0,3126.9862,0.31269862,984.0,2427.0,0.2884784520668426,-1443.0,42.0,22.0,20.0,2019,2019-01,28.84784520668426
2019-01-28,883957.TI,同花顺全A(沪深京),299088530000.0,2990.8853,0.29908853,1058.0,2353.0,0.3101729698035766,-1295.0,23.0,37.0,-14.0,2019,2019-01,31.017296980357667
2019-01-29,883957.TI,同花顺全A(沪深京),293503440000.0,2935.0344,0.29350344,628.0,2847.0,0.1807194244604316,-2219.0,22.0,59.0,-37.0,2019,2019-01,18.071942446043167
2019-01-30,883957.TI,同花顺全A(沪深京),236988290000.0,2369.8829,0.23698829,663.0,2777.0,0.1927325581395348,-2114.0,19.0,68.0,-49.0,2019,2019-01,19.273255813953487
2019-01-31,883957.TI,同花顺全A(沪深京),285551220000.0,2855.5122,0.28555122,852.0,2613.0,0.2458874458874458,-1761.0,17.0,131.0,-114.0,2019,2019-01,24.58874458874459
2019-02-01,883957.TI,同花顺全A(沪深京),261469070000.0,2614.6907,0.26146907,3382.0,142.0,0.9597048808172532,3240.0,55.0,10.0,45.0,2019,2019-02,95.9704880817253
2019-02-04,883957.TI,同花顺全A(沪深京),,,,,,,,0.0,0.0,0.0,2019,2019-02,
2019-02-05,883957.TI,同花顺全A(沪深京),,,,,,,,0.0,0.0,0.0,2019,2019-02,
2019-02-06,883957.TI,同花顺全A(沪深京),,,,,,,,0.0,0.0,0.0,2019,2019-02,
2019-02-11,883957.TI,同花顺全A(沪深京),319475120000.0,3194.7512,0.31947512,3452.0,78.0,0.9779036827195468,3374.0,88.0,5.0,83.0,2019,2019-02,97.79036827195468
2019-02-12,883957.TI,同花顺全A(沪深京),364894920000.0,3648.9492,0.36489492,3040.0,409.0,0.8814149028703973,2631.0,75.0,1.0,74.0,2019,2019-02,88.14149028703973
2019-02-13,883957.TI,同花顺全A(沪深京),473745070000.0,4737.4507,0.47374507,3225.0,256.0,0.926457914392416,2969.0,85.0,0.0,85.0,2019,2019-02,92.6457914392416
2019-02-14,883957.TI,同花顺全A(沪深京),416454660000.0,4164.5466,0.41645466,1835.0,1458.0,0.5572426358943213,377.0,55.0,2.0,53.0,2019,2019-02,55.72426358943213
2019-02-15,883957.TI,同花顺全A(沪深京),418026130000.0,4180.2613,0.41802613,1268.0,2096.0,0.3769322235434007,-828.0,57.0,1.0,56.0,2019,2019-02,37.69322235434007
2019-02-18,883957.TI,同花顺全A(沪深京),547249280000.0,5472.4928,0.54724928,3531.0,14.0,0.9960507757404796,3517.0,123.0,1.0,122.0,2019,2019-02,99.60507757404795
2019-02-19,883957.TI,同花顺全A(沪深京),605402130000.0,6054.0213,0.60540213,1545.0,1846.0,0.45561781185491,-301.0,78.0,1.0,77.0,2019,2019-02,45.56178118549101
2019-02-20,883957.TI,同花顺全A(沪深京),499013330000.0,4990.1333,0.49901333,1681.0,1705.0,0.4964559952746604,-24.0,66.0,0.0,66.0,2019,2019-02,49.64559952746604
2019-02-21,883957.TI,同花顺全A(沪深京),615418470000.0,6154.1847,0.61541847,980.0,2459.0,0.2849665600465251,-1479.0,71.0,0.0,71.0,2019,2019-02,28.496656004652515
2019-02-22,883957.TI,同花顺全A(沪深京),621798340000.0,6217.9834,0.62179834,3216.0,294.0,0.9162393162393162,2922.0,141.0,1.0,140.0,2019,2019-02,91.62393162393164
2019-02-25,883957.TI,同花顺全A(沪深京),1039572540000.0,10395.7254,1.03957254,3534.0,13.0,0.9963349309275444,3521.0,297.0,0.0,297.0,2019,2019-02,99.63349309275443
2019-02-26,883957.TI,同花顺全A(沪深京),1096803240000.0,10968.0324,1.09680324,1495.0,1957.0,0.4330822711471611,-462.0,104.0,12.0,92.0,2019,2019-02,43.30822711471611
2019-02-27,883957.TI,同花顺全A(沪深京),890581830000.0,8905.8183,0.89058183,1372.0,2071.0,0.3984896892245135,-699.0,78.0,18.0,60.0,2019,2019-02,39.84896892245135
2019-02-28,883957.TI,同花顺全A(沪深京),660466910000.0,6604.6691,0.66046691,2219.0,1229.0,0.6435614849187935,990.0,63.0,20.0,43.0,2019,2019-02,64.35614849187935
2019-03-01,883957.TI,同花顺全A(沪深京),663187100000.0,6631.871,0.6631871,1976.0,1430.0,0.5801526717557252,546.0,69.0,0.0,69.0,2019,2019-03,58.01526717557252
2019-03-04,883957.TI,同花顺全A(沪深京),1045669870000.0,10456.6987,1.04566987,3066.0,375.0,0.8910200523103748,2691.0,143.0,0.0,143.0,2019,2019-03,89.10200523103748
2019-03-05,883957.TI,同花顺全A(沪深京),895234730000.0,8952.3473,0.89523473,3149.0,352.0,0.8994572979148815,2797.0,205.0,0.0,205.0,2019,2019-03,89.94572979148815
2019-03-06,883957.TI,同花顺全A(沪深京),1105423470000.0,11054.2347,1.10542347,2833.0,645.0,0.8145485911443359,2188.0,209.0,0.0,209.0,2019,2019-03,81.45485911443359
2019-03-07,883957.TI,同花顺全A(沪深京),1164979390000.0,11649.7939,1.16497939,2469.0,1017.0,0.7082616179001722,1452.0,252.0,1.0,251.0,2019,2019-03,70.82616179001721
2019-03-08,883957.TI,同花顺全A(沪深京),1181345540000.0,11813.4554,1.18134554,372.0,3172.0,0.1049661399548532,-2800.0,75.0,271.0,-196.0,2019,2019-03,10.496613995485328
2019-03-11,883957.TI,同花顺全A(沪深京),943885790000.0,9438.8579,0.94388579,3402.0,141.0,0.9602032176121932,3261.0,271.0,7.0,264.0,2019,2019-03,96.02032176121932
2019-03-12,883957.TI,同花顺全A(沪深京),1136474900000.0,11364.749,1.1364749,2759.0,699.0,0.79786003470214,2060.0,168.0,0.0,168.0,2019,2019-03,79.786003470214
2019-03-13,883957.TI,同花顺全A(沪深京),1050579710000.0,10505.7971,1.05057971,785.0,2733.0,0.2231381466742467,-1948.0,70.0,53.0,17.0,2019,2019-03,22.31381466742468
2019-03-14,883957.TI,同花顺全A(沪深京),811231780000.0,8112.3178,0.81123178,534.0,2997.0,0.1512319456244689,-2463.0,40.0,107.0,-67.0,2019,2019-03,15.123194562446898
2019-03-15,883957.TI,同花顺全A(沪深京),750017930000.0,7500.1793,0.75001793,2876.0,613.0,0.824304958440814,2263.0,91.0,7.0,84.0,2019,2019-03,82.43049584408139
2019-03-18,883957.TI,同花顺全A(沪深京),832140530000.0,8321.4053,0.83214053,3175.0,344.0,0.9022449559533958,2831.0,119.0,3.0,116.0,2019,2019-03,90.22449559533958
2019-03-19,883957.TI,同花顺全A(沪深京),775265810000.0,7752.6581,0.77526581,1692.0,1752.0,0.4912891986062718,-60.0,91.0,3.0,88.0,2019,2019-03,49.12891986062718
2019-03-20,883957.TI,同花顺全A(沪深京),779009400000.0,7790.094,0.7790094,1461.0,1984.0,0.4240928882438316,-523.0,91.0,2.0,89.0,2019,2019-03,42.40928882438316
2019-03-21,883957.TI,同花顺全A(沪深京),885456810000.0,8854.5681,0.88545681,2392.0,1022.0,0.7006444053895724,1370.0,118.0,2.0,116.0,2019,2019-03,70.06444053895724
2019-03-22,883957.TI,同花顺全A(沪深京),801432700000.0,8014.327,0.8014327,1758.0,1691.0,0.5097129602783416,67.0,108.0,3.0,105.0,2019,2019-03,50.97129602783416
2019-03-25,883957.TI,同花顺全A(沪深京),818147810000.0,8181.4781,0.81814781,1047.0,2448.0,0.2995708154506438,-1401.0,102.0,14.0,88.0,2019,2019-03,29.95708154506438
2019-03-26,883957.TI,同花顺全A(沪深京),767424020000.0,7674.2402,0.76742402,506.0,3014.0,0.14375,-2508.0,45.0,41.0,4.0,2019,2019-03,14.374999999999998
2019-03-27,883957.TI,同花顺全A(沪深京),664486520000.0,6644.8652,0.66448652,2025.0,1434.0,0.585429314830876,591.0,99.0,19.0,80.0,2019,2019-03,58.5429314830876
2019-03-28,883957.TI,同花顺全A(沪深京),662722620000.0,6627.2262,0.66272262,824.0,2665.0,0.2361708225852679,-1841.0,54.0,57.0,-3.0,2019,2019-03,23.6170822585268
2019-03-29,883957.TI,同花顺全A(沪深京),833810830000.0,8338.1083,0.83381083,3269.0,261.0,0.9260623229461756,3008.0,87.0,8.0,79.0,2019,2019-03,92.60623229461756
2019-04-01,883957.TI,同花顺全A(沪深京),1042254400000.0,10422.544,1.0422544,3483.0,59.0,0.9833427442123094,3424.0,189.0,4.0,185.0,2019,2019-04,98.33427442123094
2019-04-02,883957.TI,同花顺全A(沪深京),1037204810000.0,10372.0481,1.03720481,1798.0,1655.0,0.5207066319142775,143.0,116.0,6.0,110.0,2019,2019-04,52.07066319142775
2019-04-03,883957.TI,同花顺全A(沪深京),932815900000.0,9328.159,0.9328159,2483.0,986.0,0.7157682329201499,1497.0,132.0,7.0,125.0,2019,2019-04,71.57682329201499
2019-04-04,883957.TI,同花顺全A(沪深京),1000226490000.0,10002.2649,1.00022649,1644.0,1802.0,0.4770748694138131,-158.0,102.0,8.0,94.0,2019,2019-04,47.70748694138131
2019-04-08,883957.TI,同花顺全A(沪深京),1065302130000.0,10653.0213,1.06530213,1265.0,2248.0,0.3600910902362653,-983.0,135.0,8.0,127.0,2019,2019-04,36.00910902362653
2019-04-09,883957.TI,同花顺全A(沪深京),837712200000.0,8377.122,0.8377122,2061.0,1419.0,0.5922413793103448,642.0,105.0,6.0,99.0,2019,2019-04,59.22413793103448
2019-04-10,883957.TI,同花顺全A(沪深京),898183110000.0,8981.8311,0.89818311,1451.0,2029.0,0.4169540229885057,-578.0,102.0,10.0,92.0,2019,2019-04,41.695402298850574
2019-04-11,883957.TI,同花顺全A(沪深京),816912330000.0,8169.1233,0.81691233,646.0,2850.0,0.1847826086956521,-2204.0,76.0,18.0,58.0,2019,2019-04,18.47826086956521
2019-04-12,883957.TI,同花顺全A(沪深京),655898560000.0,6558.9856,0.65589856,1710.0,1739.0,0.4957958828645984,-29.0,74.0,31.0,43.0,2019,2019-04,49.57958828645984
2019-04-15,883957.TI,同花顺全A(沪深京),774684570000.0,7746.8457,0.77468457,942.0,2529.0,0.2713915298184961,-1587.0,49.0,17.0,32.0,2019,2019-04,27.13915298184961
2019-04-16,883957.TI,同花顺全A(沪深京),790654530000.0,7906.5453,0.79065453,3086.0,421.0,0.8799543769603649,2665.0,108.0,10.0,98.0,2019,2019-04,87.99543769603649
2019-04-17,883957.TI,同花顺全A(沪深京),827443080000.0,8274.4308,0.82744308,2094.0,1376.0,0.6034582132564842,718.0,123.0,5.0,118.0,2019,2019-04,60.345821325648416
2019-04-18,883957.TI,同花顺全A(沪深京),752003790000.0,7520.0379,0.75200379,1026.0,2470.0,0.2934782608695652,-1444.0,68.0,17.0,51.0,2019,2019-04,29.347826086956523
2019-04-19,883957.TI,同花顺全A(沪深京),720097000000.0,7200.97,0.720097,2256.0,1206.0,0.6516464471403813,1050.0,84.0,6.0,78.0,2019,2019-04,65.16464471403813
2019-04-22,883957.TI,同花顺全A(沪深京),800706980000.0,8007.0698,0.80070698,859.0,2650.0,0.2447990880592761,-1791.0,58.0,24.0,34.0,2019,2019-04,24.47990880592761
2019-04-23,883957.TI,同花顺全A(沪深京),731738410000.0,7317.3841,0.73173841,732.0,2792.0,0.2077185017026106,-2060.0,47.0,77.0,-30.0,2019,2019-04,20.771850170261068
2019-04-24,883957.TI,同花顺全A(沪深京),651028770000.0,6510.2877,0.65102877,2524.0,956.0,0.725287356321839,1568.0,77.0,22.0,55.0,2019,2019-04,72.52873563218391
2019-04-25,883957.TI,同花顺全A(沪深京),732444330000.0,7324.4433,0.73244433,234.0,3308.0,0.0660643704121965,-3074.0,25.0,103.0,-78.0,2019,2019-04,6.60643704121965
2019-04-26,883957.TI,同花顺全A(沪深京),623377580000.0,6233.7758,0.62337758,991.0,2486.0,0.2850158182341099,-1495.0,52.0,88.0,-36.0,2019,2019-04,28.501581823410987
2019-04-29,883957.TI,同花顺全A(沪深京),645038280000.0,6450.3828,0.64503828,563.0,2963.0,0.1596710153148043,-2400.0,29.0,335.0,-306.0,2019,2019-04,15.967101531480433
2019-04-30,883957.TI,同花顺全A(沪深京),494879720000.0,4948.7972,0.49487972,2702.0,777.0,0.7766599597585513,1925.0,74.0,83.0,-9.0,2019,2019-04,77.66599597585513
2019-05-06,883957.TI,同花顺全A(沪深京),655589160000.0,6555.8916,0.65558916,108.0,3454.0,0.030320044918585,-3346.0,26.0,1145.0,-1119.0,2019,2019-05,3.0320044918585065
2019-05-07,883957.TI,同花顺全A(沪深京),537355710000.0,5373.5571,0.53735571,2806.0,714.0,0.7971590909090909,2092.0,106.0,64.0,42.0,2019,2019-05,79.7159090909091
2019-05-08,883957.TI,同花顺全A(沪深京),488037240000.0,4880.3724,0.48803724,1507.0,1930.0,0.4384637765493163,-423.0,76.0,57.0,19.0,2019,2019-05,43.84637765493163
2019-05-09,883957.TI,同花顺全A(沪深京),433614900000.0,4336.149,0.4336149,1027.0,2411.0,0.2987201861547411,-1384.0,45.0,63.0,-18.0,2019,2019-05,29.87201861547411
2019-05-10,883957.TI,同花顺全A(沪深京),609821470000.0,6098.2147,0.60982147,3514.0,52.0,0.9854178351093662,3462.0,127.0,21.0,106.0,2019,2019-05,98.54178351093664
2019-05-13,883957.TI,同花顺全A(沪深京),466022930000.0,4660.2293,0.46602293,1164.0,2346.0,0.3316239316239316,-1182.0,61.0,47.0,14.0,2019,2019-05,33.16239316239316
2019-05-14,883957.TI,同花顺全A(沪深京),455373080000.0,4553.7308,0.45537308,866.0,2617.0,0.2486362331323571,-1751.0,56.0,44.0,12.0,2019,2019-05,24.86362331323572
2019-05-15,883957.TI,同花顺全A(沪深京),512244530000.0,5122.4453,0.51224453,3384.0,160.0,0.9548532731376976,3224.0,114.0,15.0,99.0,2019,2019-05,95.48532731376976
2019-05-16,883957.TI,同花顺全A(沪深京),521786000000.0,5217.86,0.521786,2348.0,1081.0,0.6847477398658501,1267.0,92.0,12.0,80.0,2019,2019-05,68.474773986585
2019-05-17,883957.TI,同花顺全A(沪深京),568243940000.0,5682.4394,0.56824394,254.0,3311.0,0.0712482468443197,-3057.0,46.0,79.0,-33.0,2019,2019-05,7.124824684431978
2019-05-20,883957.TI,同花顺全A(沪深京),462167650000.0,4621.6765,0.46216765,1569.0,1939.0,0.4472633979475484,-370.0,53.0,105.0,-52.0,2019,2019-05,44.72633979475484
2019-05-21,883957.TI,同花顺全A(沪深京),479226920000.0,4792.2692,0.47922692,3138.0,399.0,0.8871925360474979,2739.0,78.0,26.0,52.0,2019,2019-05,88.7192536047498
2019-05-22,883957.TI,同花顺全A(沪深京),464969890000.0,4649.6989,0.46496989,1002.0,2488.0,0.2871060171919771,-1486.0,62.0,24.0,38.0,2019,2019-05,28.710601719197708
2019-05-23,883957.TI,同花顺全A(沪深京),464455720000.0,4644.5572,0.46445572,389.0,3142.0,0.1101670914755026,-2753.0,37.0,82.0,-45.0,2019,2019-05,11.01670914755027
2019-05-24,883957.TI,同花顺全A(沪深京),379718940000.0,3797.1894,0.37971894,1279.0,2132.0,0.3749633538551744,-853.0,49.0,68.0,-19.0,2019,2019-05,37.49633538551744
2019-05-27,883957.TI,同花顺全A(沪深京),451246270000.0,4512.4627,0.45124627,3409.0,151.0,0.9575842696629212,3258.0,103.0,17.0,86.0,2019,2019-05,95.75842696629212
2019-05-28,883957.TI,同花顺全A(沪深京),499226720000.0,4992.2672,0.49922672,1461.0,1957.0,0.4274429490930369,-496.0,84.0,11.0,73.0,2019,2019-05,42.74429490930369
2019-05-29,883957.TI,同花顺全A(沪深京),445235790000.0,4452.3579,0.44523579,1875.0,1493.0,0.5567102137767221,382.0,75.0,15.0,60.0,2019,2019-05,55.67102137767221
2019-05-30,883957.TI,同花顺全A(沪深京),453415510000.0,4534.1551,0.45341551,1063.0,2439.0,0.3035408338092518,-1376.0,60.0,34.0,26.0,2019,2019-05,30.354083380925186
2019-05-31,883957.TI,同花顺全A(沪深京),437018710000.0,4370.1871,0.43701871,1526.0,1865.0,0.450014744913005,-339.0,76.0,13.0,63.0,2019,2019-05,45.001474491300506
2019-06-03,883957.TI,同花顺全A(沪深京),478936520000.0,4789.3652,0.47893652,805.0,2697.0,0.2298686464877213,-1892.0,46.0,71.0,-25.0,2019,2019-06,22.98686464877213
2019-06-04,883957.TI,同花顺全A(沪深京),422142030000.0,4221.4203,0.42214203,671.0,2838.0,0.1912225705329153,-2167.0,38.0,63.0,-25.0,2019,2019-06,19.12225705329153
2019-06-05,883957.TI,同花顺全A(沪深京),407385700000.0,4073.857,0.4073857,1776.0,1574.0,0.5301492537313433,202.0,68.0,29.0,39.0,2019,2019-06,53.014925373134325
2019-06-06,883957.TI,同花顺全A(沪深京),386008330000.0,3860.0833,0.38600833,413.0,3112.0,0.1171631205673758,-2699.0,29.0,90.0,-61.0,2019,2019-06,11.71631205673759
2019-06-10,883957.TI,同花顺全A(沪深京),366597540000.0,3665.9754,0.36659754,2705.0,760.0,0.7806637806637806,1945.0,80.0,41.0,39.0,2019,2019-06,78.06637806637806
2019-06-11,883957.TI,同花顺全A(沪深京),564978530000.0,5649.7853,0.56497853,3529.0,44.0,0.987685418415897,3485.0,141.0,10.0,131.0,2019,2019-06,98.7685418415897
2019-06-12,883957.TI,同花顺全A(沪深京),512847680000.0,5128.4768,0.51284768,1007.0,2454.0,0.290956370991043,-1447.0,79.0,7.0,72.0,2019,2019-06,29.095637099104305
2019-06-13,883957.TI,同花顺全A(沪深京),449650540000.0,4496.5054,0.44965054,2308.0,1102.0,0.6768328445747801,1206.0,115.0,5.0,110.0,2019,2019-06,67.68328445747801
2019-06-14,883957.TI,同花顺全A(沪深京),448732650000.0,4487.3265,0.44873265,389.0,3152.0,0.1098559728890144,-2763.0,24.0,32.0,-8.0,2019,2019-06,10.98559728890144
2019-06-17,883957.TI,同花顺全A(沪深京),335513670000.0,3355.1367,0.33551367,1807.0,1591.0,0.5317834020011771,216.0,49.0,32.0,17.0,2019,2019-06,53.17834020011772
2019-06-18,883957.TI,同花顺全A(沪深京),319408990000.0,3194.0899,0.31940899,1492.0,1878.0,0.4427299703264095,-386.0,50.0,14.0,36.0,2019,2019-06,44.27299703264095
2019-06-19,883957.TI,同花顺全A(沪深京),503514780000.0,5035.1478,0.50351478,3050.0,430.0,0.8764367816091954,2620.0,87.0,2.0,85.0,2019,2019-06,87.64367816091954
2019-06-20,883957.TI,同花顺全A(沪深京),602494420000.0,6024.9442,0.60249442,3060.0,474.0,0.865874363327674,2586.0,66.0,11.0,55.0,2019,2019-06,86.5874363327674
2019-06-21,883957.TI,同花顺全A(沪深京),620609820000.0,6206.0982,0.62060982,3111.0,396.0,0.8870829769033362,2715.0,181.0,2.0,179.0,2019,2019-06,88.70829769033361
2019-06-24,883957.TI,同花顺全A(沪深京),494478070000.0,4944.7807,0.49447807,1382.0,2071.0,0.400231682594845,-689.0,77.0,9.0,68.0,2019,2019-06,40.02316825948451
2019-06-25,883957.TI,同花顺全A(沪深京),512052410000.0,5120.5241,0.51205241,785.0,2735.0,0.2230113636363636,-1950.0,56.0,20.0,36.0,2019,2019-06,22.301136363636363
2019-06-26,883957.TI,同花顺全A(沪深京),391359670000.0,3913.5967,0.39135967,1614.0,1765.0,0.4776561112755253,-151.0,67.0,24.0,43.0,2019,2019-06,47.76561112755253
2019-06-27,883957.TI,同花顺全A(沪深京),475133150000.0,4751.3315,0.47513315,2147.0,1188.0,0.6437781109445277,959.0,65.0,8.0,57.0,2019,2019-06,64.37781109445278
2019-06-28,883957.TI,同花顺全A(沪深京),414741570000.0,4147.4157,0.41474157,637.0,2890.0,0.1806067479444286,-2253.0,39.0,11.0,28.0,2019,2019-06,18.060674794442868
2019-07-01,883957.TI,同花顺全A(沪深京),613698090000.0,6136.9809,0.61369809,3476.0,102.0,0.9714924538848518,3374.0,120.0,2.0,118.0,2019,2019-07,97.14924538848518
2019-07-02,883957.TI,同花顺全A(沪深京),538062990000.0,5380.6299,0.53806299,1557.0,1860.0,0.4556628621597893,-303.0,63.0,8.0,55.0,2019,2019-07,45.56628621597893
2019-07-03,883957.TI,同花顺全A(沪深京),487394020000.0,4873.9402,0.48739402,776.0,2741.0,0.2206425931191356,-1965.0,31.0,17.0,14.0,2019,2019-07,22.064259311913563
2019-07-04,883957.TI,同花顺全A(沪深京),438310320000.0,4383.1032,0.43831032,1320.0,2066.0,0.3898405197873597,-746.0,34.0,8.0,26.0,2019,2019-07,38.98405197873597
2019-07-05,883957.TI,同花顺全A(沪深京),373856310000.0,3738.5631,0.37385631,2015.0,1357.0,0.5975682087781732,658.0,47.0,6.0,41.0,2019,2019-07,59.75682087781732
2019-07-08,883957.TI,同花顺全A(沪深京),467780220000.0,4677.8022,0.46778022,218.0,3368.0,0.0607919687674288,-3150.0,22.0,68.0,-46.0,2019,2019-07,6.079196876742889
2019-07-09,883957.TI,同花顺全A(沪深京),351557650000.0,3515.5765,0.35155765,2049.0,1351.0,0.6026470588235294,698.0,42.0,8.0,34.0,2019,2019-07,60.26470588235294
2019-07-10,883957.TI,同花顺全A(沪深京),331020750000.0,3310.2075,0.33102075,914.0,2577.0,0.2618160985391005,-1663.0,37.0,11.0,26.0,2019,2019-07,26.181609853910054
2019-07-11,883957.TI,同花顺全A(沪深京),348063850000.0,3480.6385,0.34806385,1632.0,1706.0,0.4889155182744158,-74.0,41.0,3.0,38.0,2019,2019-07,48.89155182744158
2019-07-12,883957.TI,同花顺全A(沪深京),329386930000.0,3293.8693,0.32938693,2056.0,1326.0,0.6079243051448847,730.0,40.0,11.0,29.0,2019,2019-07,60.79243051448847
2019-07-15,883957.TI,同花顺全A(沪深京),421924080000.0,4219.2408,0.42192408,2567.0,895.0,0.7414789139225881,1672.0,49.0,12.0,37.0,2019,2019-07,74.14789139225881
2019-07-16,883957.TI,同花顺全A(沪深京),352279610000.0,3522.7961,0.35227961,1873.0,1484.0,0.5579386356866249,389.0,45.0,4.0,41.0,2019,2019-07,55.793863568662495
2019-07-17,883957.TI,同花顺全A(沪深京),381268680000.0,3812.6868,0.38126868,1389.0,1990.0,0.4110683634211305,-601.0,41.0,7.0,34.0,2019,2019-07,41.10683634211305
2019-07-18,883957.TI,同花顺全A(沪深京),362837650000.0,3628.3765,0.36283765,406.0,3162.0,0.1137892376681614,-2756.0,23.0,8.0,15.0,2019,2019-07,11.378923766816143
2019-07-19,883957.TI,同花顺全A(沪深京),349816020000.0,3498.1602,0.34981602,2343.0,1054.0,0.6897262290256109,1289.0,25.0,5.0,20.0,2019,2019-07,68.97262290256108
2019-07-22,883957.TI,同花顺全A(沪深京),364984510000.0,3649.8451,0.36498451,351.0,3250.0,0.0974729241877256,-2899.0,15.0,84.0,-69.0,2019,2019-07,9.747292418772563
2019-07-23,883957.TI,同花顺全A(沪深京),300139010000.0,3001.3901,0.30013901,2945.0,519.0,0.8501732101616628,2426.0,57.0,7.0,50.0,2019,2019-07,85.01732101616628
2019-07-24,883957.TI,同花顺全A(沪深京),400168050000.0,4001.6805,0.40016805,3042.0,459.0,0.8688946015424165,2583.0,53.0,1.0,52.0,2019,2019-07,86.88946015424165
2019-07-25,883957.TI,同花顺全A(沪深京),399117710000.0,3991.1771,0.39911771,1811.0,1556.0,0.5378675378675378,255.0,41.0,2.0,39.0,2019,2019-07,53.786753786753785
2019-07-26,883957.TI,同花顺全A(沪深京),351393470000.0,3513.9347,0.35139347,1619.0,1783.0,0.475896531452087,-164.0,38.0,8.0,30.0,2019,2019-07,47.5896531452087
2019-07-29,883957.TI,同花顺全A(沪深京),343479580000.0,3434.7958,0.34347958,1385.0,2066.0,0.4013329469718922,-681.0,34.0,6.0,28.0,2019,2019-07,40.13329469718922
2019-07-30,883957.TI,同花顺全A(沪深京),384106390000.0,3841.0639,0.38410639,2292.0,1117.0,0.6723379290114403,1175.0,38.0,4.0,34.0,2019,2019-07,67.23379290114403
2019-07-31,883957.TI,同花顺全A(沪深京),357116340000.0,3571.1634,0.35711634,927.0,2588.0,0.2637268847795163,-1661.0,30.0,9.0,21.0,2019,2019-07,26.37268847795164
2019-08-01,883957.TI,同花顺全A(沪深京),373775090000.0,3737.7509,0.37377509,1130.0,2330.0,0.3265895953757225,-1200.0,38.0,5.0,33.0,2019,2019-08,32.65895953757225
2019-08-02,883957.TI,同花顺全A(沪深京),454443620000.0,4544.4362,0.45444362,539.0,3050.0,0.1501811089439955,-2511.0,27.0,10.0,17.0,2019,2019-08,15.018110894399554
2019-08-05,883957.TI,同花顺全A(沪深京),415870080000.0,4158.7008,0.41587008,672.0,2883.0,0.1890295358649789,-2211.0,43.0,14.0,29.0,2019,2019-08,18.90295358649789
2019-08-06,883957.TI,同花顺全A(沪深京),522591100000.0,5225.911,0.5225911,429.0,3198.0,0.1182795698924731,-2769.0,24.0,37.0,-13.0,2019,2019-08,11.827956989247312
2019-08-07,883957.TI,同花顺全A(沪深京),376174100000.0,3761.741,0.3761741,1273.0,2170.0,0.3697356956142898,-897.0,42.0,17.0,25.0,2019,2019-08,36.97356956142899
2019-08-08,883957.TI,同花顺全A(沪深京),358706160000.0,3587.0616,0.35870616,2371.0,1041.0,0.6949003516998827,1330.0,45.0,12.0,33.0,2019,2019-08,69.49003516998827
2019-08-09,883957.TI,同花顺全A(沪深京),375557490000.0,3755.5749,0.37555749,627.0,2904.0,0.1775700934579439,-2277.0,24.0,7.0,17.0,2019,2019-08,17.75700934579439
2019-08-12,883957.TI,同花顺全A(沪深京),359354620000.0,3593.5462,0.35935462,3190.0,385.0,0.8923076923076924,2805.0,56.0,3.0,53.0,2019,2019-08,89.23076923076924
2019-08-13,883957.TI,同花顺全A(沪深京),337735750000.0,3377.3575,0.33773575,952.0,2589.0,0.2688506071731149,-1637.0,35.0,7.0,28.0,2019,2019-08,26.885060717311493
2019-08-14,883957.TI,同花顺全A(沪深京),402200000000.0,4022.0,0.4022,2377.0,1014.0,0.7009731642583309,1363.0,46.0,8.0,38.0,2019,2019-08,70.09731642583309
2019-08-15,883957.TI,同花顺全A(沪深京),392924490000.0,3929.2449,0.39292449,1688.0,1719.0,0.4954505429997065,-31.0,39.0,9.0,30.0,2019,2019-08,49.54505429997064
2019-08-16,883957.TI,同花顺全A(沪深京),430094940000.0,4300.9494,0.43009494,2031.0,1362.0,0.5985853227232537,669.0,49.0,11.0,38.0,2019,2019-08,59.85853227232537
2019-08-19,883957.TI,同花顺全A(沪深京),580918280000.0,5809.1828,0.58091828,3494.0,135.0,0.962799669330394,3359.0,112.0,4.0,108.0,2019,2019-08,96.2799669330394
2019-08-20,883957.TI,同花顺全A(沪深京),523375880000.0,5233.7588,0.52337588,1598.0,1820.0,0.4675248683440609,-222.0,64.0,4.0,60.0,2019,2019-08,46.752486834406085
2019-08-21,883957.TI,同花顺全A(沪深京),454246990000.0,4542.4699,0.45424699,1556.0,1897.0,0.4506226469736461,-341.0,46.0,7.0,39.0,2019,2019-08,45.06226469736461
2019-08-22,883957.TI,同花顺全A(沪深京),440005990000.0,4400.0599,0.44000599,1987.0,1432.0,0.5811640830652237,555.0,63.0,3.0,60.0,2019,2019-08,58.11640830652237
2019-08-23,883957.TI,同花顺全A(沪深京),469444770000.0,4694.4477,0.46944477,1212.0,2252.0,0.3498845265588914,-1040.0,53.0,7.0,46.0,2019,2019-08,34.98845265588915
2019-08-26,883957.TI,同花顺全A(沪深京),459952650000.0,4599.5265,0.45995265,922.0,2631.0,0.2594990149169716,-1709.0,46.0,12.0,34.0,2019,2019-08,25.94990149169716
2019-08-27,883957.TI,同花顺全A(沪深京),557765660000.0,5577.6566,0.55776566,3264.0,331.0,0.9079276773296244,2933.0,77.0,2.0,75.0,2019,2019-08,90.79276773296245
2019-08-28,883957.TI,同花顺全A(沪深京),493408420000.0,4934.0842,0.49340842,1615.0,1851.0,0.4659549913444893,-236.0,71.0,4.0,67.0,2019,2019-08,46.59549913444893
2019-08-29,883957.TI,同花顺全A(沪深京),477997740000.0,4779.9774,0.47799774,1338.0,2150.0,0.3836009174311927,-812.0,54.0,4.0,50.0,2019,2019-08,38.36009174311927
2019-08-30,883957.TI,同花顺全A(沪深京),554377640000.0,5543.7764,0.55437764,662.0,2919.0,0.184864562971237,-2257.0,40.0,20.0,20.0,2019,2019-08,18.486456297123706
2019-09-02,883957.TI,同花顺全A(沪深京),552857440000.0,5528.5744,0.55285744,3396.0,226.0,0.9376035339591386,3170.0,87.0,1.0,86.0,2019,2019-09,93.76035339591388
2019-09-03,883957.TI,同花顺全A(沪深京),564227130000.0,5642.2713,0.56422713,2097.0,1324.0,0.6129786612101724,773.0,64.0,5.0,59.0,2019,2019-09,61.29786612101724
2019-09-04,883957.TI,同花顺全A(沪深京),605635860000.0,6056.3586,0.60563586,2470.0,1018.0,0.7081422018348624,1452.0,63.0,3.0,60.0,2019,2019-09,70.81422018348624
2019-09-05,883957.TI,同花顺全A(沪深京),797077140000.0,7970.7714,0.79707714,2637.0,865.0,0.7529982866933181,1772.0,64.0,3.0,61.0,2019,2019-09,75.29982866933182
2019-09-06,883957.TI,同花顺全A(沪深京),632197530000.0,6321.9753,0.63219753,2004.0,1423.0,0.5847680186752261,581.0,49.0,6.0,43.0,2019,2019-09,58.47680186752261
2019-09-09,883957.TI,同花顺全A(沪深京),715768640000.0,7157.6864,0.71576864,3338.0,252.0,0.9298050139275766,3086.0,97.0,5.0,92.0,2019,2019-09,92.98050139275766
2019-09-10,883957.TI,同花顺全A(沪深京),696122880000.0,6961.2288,0.69612288,1763.0,1686.0,0.5111626558422732,77.0,64.0,2.0,62.0,2019,2019-09,51.116265584227314
2019-09-11,883957.TI,同花顺全A(沪深京),641155530000.0,6411.5553,0.64115553,1033.0,2462.0,0.2955650929899857,-1429.0,45.0,6.0,39.0,2019,2019-09,29.556509298998566
2019-09-12,883957.TI,同花顺全A(沪深京),537131200000.0,5371.312,0.5371312,2467.0,1009.0,0.7097238204833142,1458.0,54.0,5.0,49.0,2019,2019-09,70.97238204833141
2019-09-16,883957.TI,同花顺全A(沪深京),580569840000.0,5805.6984,0.58056984,1848.0,1599.0,0.536118363794604,249.0,54.0,2.0,52.0,2019,2019-09,53.6118363794604
2019-09-17,883957.TI,同花顺全A(沪深京),585569120000.0,5855.6912,0.58556912,382.0,3251.0,0.1051472612166253,-2869.0,43.0,9.0,34.0,2019,2019-09,10.514726121662536
2019-09-18,883957.TI,同花顺全A(沪深京),487040770000.0,4870.4077,0.48704077,1703.0,1707.0,0.4994134897360703,-4.0,44.0,6.0,38.0,2019,2019-09,49.94134897360704
2019-09-19,883957.TI,同花顺全A(沪深京),491353830000.0,4913.5383,0.49135383,2731.0,746.0,0.7854472246189244,1985.0,67.0,3.0,64.0,2019,2019-09,78.54472246189243
2019-09-20,883957.TI,同花顺全A(沪深京),546112090000.0,5461.1209,0.54611209,1577.0,1885.0,0.4555170421721548,-308.0,51.0,2.0,49.0,2019,2019-09,45.55170421721548
2019-09-23,883957.TI,同花顺全A(沪深京),507885780000.0,5078.8578,0.50788578,873.0,2715.0,0.2433110367892976,-1842.0,44.0,8.0,36.0,2019,2019-09,24.331103678929765
2019-09-24,883957.TI,同花顺全A(沪深京),547794770000.0,5477.9477,0.54779477,1672.0,1752.0,0.4883177570093458,-80.0,58.0,5.0,53.0,2019,2019-09,48.831775700934585
2019-09-25,883957.TI,同花顺全A(沪深京),523137280000.0,5231.3728,0.52313728,530.0,3069.0,0.1472631286468463,-2539.0,36.0,25.0,11.0,2019,2019-09,14.726312864684637
2019-09-26,883957.TI,同花顺全A(沪深京),536149860000.0,5361.4986,0.53614986,392.0,3218.0,0.1085872576177285,-2826.0,31.0,113.0,-82.0,2019,2019-09,10.858725761772853
2019-09-27,883957.TI,同花顺全A(沪深京),397349740000.0,3973.4974,0.39734974,2582.0,891.0,0.7434494673193205,1691.0,51.0,16.0,35.0,2019,2019-09,74.34494673193205
2019-09-30,883957.TI,同花顺全A(沪深京),347123830000.0,3471.2383,0.34712383,785.0,2744.0,0.2224426183054689,-1959.0,22.0,29.0,-7.0,2019,2019-09,22.244261830546897
2019-10-08,883957.TI,同花顺全A(沪深京),372894160000.0,3728.9416,0.37289416,1782.0,1668.0,0.5165217391304348,114.0,49.0,21.0,28.0,2019,2019-10,51.65217391304348
2019-10-09,883957.TI,同花顺全A(沪深京),365662340000.0,3656.6234,0.36566234,2779.0,745.0,0.7885925085130534,2034.0,38.0,11.0,27.0,2019,2019-10,78.85925085130535
2019-10-10,883957.TI,同花顺全A(沪深京),412450330000.0,4124.5033,0.41245033,2967.0,555.0,0.8424190800681431,2412.0,62.0,6.0,56.0,2019,2019-10,84.24190800681431
2019-10-11,883957.TI,同花顺全A(沪深京),456317580000.0,4563.1758,0.45631758,1784.0,1665.0,0.5172513772107857,119.0,56.0,5.0,51.0,2019,2019-10,51.725137721078575
2019-10-14,883957.TI,同花顺全A(沪深京),533628560000.0,5336.2856,0.53362856,3135.0,452.0,0.8739894061890159,2683.0,75.0,4.0,71.0,2019,2019-10,87.39894061890159
2019-10-15,883957.TI,同花顺全A(沪深京),458326690000.0,4583.2669,0.45832669,876.0,2683.0,0.2461365552121382,-1807.0,44.0,42.0,2.0,2019,2019-10,24.613655521213825
2019-10-16,883957.TI,同花顺全A(沪深京),423293490000.0,4232.9349,0.42329349,980.0,2567.0,0.2762898223851142,-1587.0,33.0,26.0,7.0,2019,2019-10,27.62898223851142
2019-10-17,883957.TI,同花顺全A(沪深京),361087360000.0,3610.8736,0.36108736,1321.0,2138.0,0.3819022838970801,-817.0,31.0,11.0,20.0,2019,2019-10,38.19022838970801
2019-10-18,883957.TI,同花顺全A(沪深京),415414170000.0,4154.1417,0.41541417,684.0,2908.0,0.1904231625835189,-2224.0,38.0,8.0,30.0,2019,2019-10,19.04231625835189
2019-10-21,883957.TI,同花顺全A(沪深京),369756200000.0,3697.562,0.3697562,1437.0,2065.0,0.4103369503141062,-628.0,37.0,34.0,3.0,2019,2019-10,41.03369503141062
2019-10-22,883957.TI,同花顺全A(沪深京),356371710000.0,3563.7171,0.35637171,2818.0,697.0,0.8017069701280227,2121.0,45.0,9.0,36.0,2019,2019-10,80.17069701280228
2019-10-23,883957.TI,同花顺全A(沪深京),367986680000.0,3679.8668,0.36798668,956.0,2575.0,0.270744831492495,-1619.0,36.0,7.0,29.0,2019,2019-10,27.074483149249502
2019-10-24,883957.TI,同花顺全A(沪深京),360042800000.0,3600.428,0.3600428,1651.0,1807.0,0.4774436090225564,-156.0,33.0,15.0,18.0,2019,2019-10,47.74436090225564
2019-10-25,883957.TI,同花顺全A(沪深京),404002230000.0,4040.0223,0.40400223,2417.0,1043.0,0.6985549132947977,1374.0,35.0,5.0,30.0,2019,2019-10,69.85549132947978
2019-10-28,883957.TI,同花顺全A(沪深京),518482660000.0,5184.8266,0.51848266,3009.0,561.0,0.8428571428571429,2448.0,159.0,12.0,147.0,2019,2019-10,84.28571428571429
2019-10-29,883957.TI,同花顺全A(沪深京),533833800000.0,5338.338,0.5338338,620.0,2981.0,0.1721743960011108,-2361.0,48.0,22.0,26.0,2019,2019-10,17.21743960011108
2019-10-30,883957.TI,同花顺全A(沪深京),461293010000.0,4612.9301,0.46129301,843.0,2757.0,0.2341666666666666,-1914.0,33.0,52.0,-19.0,2019,2019-10,23.416666666666668
2019-10-31,883957.TI,同花顺全A(沪深京),445999370000.0,4459.9937,0.44599937,894.0,2679.0,0.2502099076406381,-1785.0,23.0,60.0,-37.0,2019,2019-10,25.02099076406381
2019-11-01,883957.TI,同花顺全A(沪深京),432818900000.0,4328.189,0.4328189,2802.0,749.0,0.7890735004224162,2053.0,38.0,9.0,29.0,2019,2019-11,78.90735004224162
2019-11-04,883957.TI,同花顺全A(沪深京),468693590000.0,4686.9359,0.46869359,1733.0,1736.0,0.4995675987316229,-3.0,34.0,8.0,26.0,2019,2019-11,49.95675987316229
2019-11-05,883957.TI,同花顺全A(沪深京),476667220000.0,4766.6722,0.47666722,1761.0,1696.0,0.5094012149262366,65.0,30.0,14.0,16.0,2019,2019-11,50.94012149262366
2019-11-06,883957.TI,同花顺全A(沪深京),445325960000.0,4453.2596,0.44532596,853.0,2724.0,0.2384679899357003,-1871.0,29.0,13.0,16.0,2019,2019-11,23.84679899357004
2019-11-07,883957.TI,同花顺全A(沪深京),394425750000.0,3944.2575,0.39442575,2310.0,1131.0,0.6713164777680907,1179.0,38.0,6.0,32.0,2019,2019-11,67.13164777680906
2019-11-08,883957.TI,同花顺全A(沪深京),448398140000.0,4483.9814,0.44839814,1272.0,2209.0,0.3654122378626831,-937.0,37.0,6.0,31.0,2019,2019-11,36.54122378626831
2019-11-11,883957.TI,同花顺全A(沪深京),422551190000.0,4225.5119,0.42255119,314.0,3355.0,0.085581902425729,-3041.0,25.0,26.0,-1.0,2019,2019-11,8.558190242572907
2019-11-12,883957.TI,同花顺全A(沪深京),364886720000.0,3648.8672,0.36488672,2072.0,1432.0,0.591324200913242,640.0,35.0,10.0,25.0,2019,2019-11,59.1324200913242
2019-11-13,883957.TI,同花顺全A(沪深京),359253640000.0,3592.5364,0.35925364,1131.0,2412.0,0.3192209991532599,-1281.0,36.0,15.0,21.0,2019,2019-11,31.922099915326
2019-11-14,883957.TI,同花顺全A(沪深京),386859460000.0,3868.5946,0.38685946,2188.0,1239.0,0.6384592938430114,949.0,53.0,7.0,46.0,2019,2019-11,63.84592938430114
2019-11-15,883957.TI,同花顺全A(沪深京),398409830000.0,3984.0983,0.39840983,655.0,2954.0,0.1814907176503186,-2299.0,33.0,24.0,9.0,2019,2019-11,18.149071765031863
2019-11-18,883957.TI,同花顺全A(沪深京),358191330000.0,3581.9133,0.35819133,2527.0,979.0,0.7207644038790645,1548.0,50.0,9.0,41.0,2019,2019-11,72.07644038790644
2019-11-19,883957.TI,同花顺全A(沪深京),416402470000.0,4164.0247,0.41640247,3388.0,251.0,0.9310250068700192,3137.0,72.0,0.0,72.0,2019,2019-11,93.10250068700192
2019-11-20,883957.TI,同花顺全A(沪深京),424968700000.0,4249.687,0.4249687,886.0,2686.0,0.248040313549832,-1800.0,51.0,3.0,48.0,2019,2019-11,24.8040313549832
2019-11-21,883957.TI,同花顺全A(沪深京),358476640000.0,3584.7664,0.35847664,1614.0,1876.0,0.4624641833810888,-262.0,39.0,4.0,35.0,2019,2019-11,46.24641833810888
2019-11-22,883957.TI,同花顺全A(沪深京),469986990000.0,4699.8699,0.46998699,974.0,2535.0,0.2775719578227415,-1561.0,32.0,13.0,19.0,2019,2019-11,27.757195782274152
2019-11-25,883957.TI,同花顺全A(沪深京),419082910000.0,4190.8291,0.41908291,1800.0,1801.0,0.4998611496806442,-1.0,52.0,32.0,20.0,2019,2019-11,49.98611496806443
2019-11-26,883957.TI,同花顺全A(沪深京),388139220000.0,3881.3922,0.38813922,1425.0,2061.0,0.4087779690189329,-636.0,38.0,14.0,24.0,2019,2019-11,40.87779690189329
2019-11-27,883957.TI,同花顺全A(沪深京),353206910000.0,3532.0691,0.35320691,1414.0,2082.0,0.404462242562929,-668.0,28.0,10.0,18.0,2019,2019-11,40.44622425629291
2019-11-28,883957.TI,同花顺全A(沪深京),317785220000.0,3177.8522,0.31778522,1198.0,2302.0,0.3422857142857143,-1104.0,37.0,12.0,25.0,2019,2019-11,34.22857142857143
2019-11-29,883957.TI,同花顺全A(沪深京),341065160000.0,3410.6516,0.34106516,1920.0,1524.0,0.5574912891986062,396.0,37.0,8.0,29.0,2019,2019-11,55.749128919860624
2019-12-02,883957.TI,同花顺全A(沪深京),341997350000.0,3419.9735,0.34199735,1726.0,1752.0,0.496262219666475,-26.0,38.0,8.0,30.0,2019,2019-12,49.6262219666475
2019-12-03,883957.TI,同花顺全A(沪深京),340419470000.0,3404.1947,0.34041947,2436.0,1073.0,0.6942148760330579,1363.0,47.0,2.0,45.0,2019,2019-12,69.42148760330579
2019-12-04,883957.TI,同花顺全A(沪深京),353956700000.0,3539.567,0.3539567,1724.0,1727.0,0.4995653433787308,-3.0,36.0,4.0,32.0,2019,2019-12,49.95653433787308
2019-12-05,883957.TI,同花顺全A(沪深京),422033210000.0,4220.3321,0.42203321,2955.0,580.0,0.8359264497878359,2375.0,43.0,1.0,42.0,2019,2019-12,83.5926449787836
2019-12-06,883957.TI,同花顺全A(沪深京),409376900000.0,4093.769,0.4093769,2336.0,1084.0,0.6830409356725147,1252.0,55.0,3.0,52.0,2019,2019-12,68.30409356725147
2019-12-09,883957.TI,同花顺全A(沪深京),459251050000.0,4592.5105,0.45925105,1833.0,1628.0,0.5296157180005778,205.0,36.0,4.0,32.0,2019,2019-12,52.96157180005778
2019-12-10,883957.TI,同花顺全A(沪深京),455677620000.0,4556.7762,0.45567762,1927.0,1501.0,0.5621353558926487,426.0,48.0,1.0,47.0,2019,2019-12,56.21353558926487
2019-12-11,883957.TI,同花顺全A(沪深京),462000160000.0,4620.0016,0.46200016,1256.0,2258.0,0.3574274331246442,-1002.0,44.0,7.0,37.0,2019,2019-12,35.74274331246443
2019-12-12,883957.TI,同花顺全A(沪深京),447426260000.0,4474.2626,0.44742626,1198.0,2351.0,0.3375598760214144,-1153.0,47.0,8.0,39.0,2019,2019-12,33.755987602141445
2019-12-13,883957.TI,同花顺全A(沪深京),564199880000.0,5641.9988,0.56419988,3073.0,541.0,0.8503043718871057,2532.0,44.0,3.0,41.0,2019,2019-12,85.03043718871058
2019-12-16,883957.TI,同花顺全A(沪深京),621061350000.0,6210.6135,0.62106135,3246.0,386.0,0.8937224669603524,2860.0,68.0,0.0,68.0,2019,2019-12,89.37224669603523
2019-12-17,883957.TI,同花顺全A(沪深京),750548080000.0,7505.4808,0.75054808,3085.0,561.0,0.8461327482172244,2524.0,61.0,0.0,61.0,2019,2019-12,84.61327482172244
2019-12-18,883957.TI,同花顺全A(沪深京),667138820000.0,6671.3882,0.66713882,1564.0,1924.0,0.448394495412844,-360.0,68.0,0.0,68.0,2019,2019-12,44.8394495412844
2019-12-19,883957.TI,同花顺全A(沪深京),576962930000.0,5769.6293,0.57696293,2566.0,1014.0,0.7167597765363128,1552.0,77.0,3.0,74.0,2019,2019-12,71.67597765363128
2019-12-20,883957.TI,同花顺全A(沪深京),569674800000.0,5696.748,0.5696748,888.0,2722.0,0.245983379501385,-1834.0,67.0,2.0,65.0,2019,2019-12,24.598337950138504
2019-12-23,883957.TI,同花顺全A(沪深京),534134060000.0,5341.3406,0.53413406,447.0,3244.0,0.1211053914928203,-2797.0,45.0,32.0,13.0,2019,2019-12,12.110539149282037
2019-12-24,883957.TI,同花顺全A(沪深京),441381510000.0,4413.8151,0.44138151,3311.0,363.0,0.9011976047904192,2948.0,96.0,4.0,92.0,2019,2019-12,90.11976047904191
2019-12-25,883957.TI,同花顺全A(沪深京),502132690000.0,5021.3269,0.50213269,1674.0,1862.0,0.4734162895927601,-188.0,52.0,13.0,39.0,2019,2019-12,47.341628959276015
2019-12-26,883957.TI,同花顺全A(沪深京),501395510000.0,5013.9551,0.50139551,2642.0,930.0,0.7396416573348265,1712.0,65.0,4.0,61.0,2019,2019-12,73.96416573348264
2019-12-27,883957.TI,同花顺全A(沪深京),630569020000.0,6305.6902,0.63056902,1028.0,2533.0,0.2886829542263409,-1505.0,52.0,13.0,39.0,2019,2019-12,28.86829542263409
2019-12-30,883957.TI,同花顺全A(沪深京),609943080000.0,6099.4308,0.60994308,2283.0,1305.0,0.6362876254180602,978.0,52.0,38.0,14.0,2019,2019-12,63.62876254180602
2019-12-31,883957.TI,同花顺全A(沪深京),531652530000.0,5316.5253,0.53165253,2251.0,1296.0,0.6346208063151959,955.0,56.0,14.0,42.0,2019,2019-12,63.46208063151959
2020-01-02,883957.TI,同花顺全A(沪深京),748824240000.0,7488.2424,0.74882424,3392.0,282.0,0.9232444202504084,3110.0,97.0,2.0,95.0,2020,2020-01,92.32444202504084
2020-01-03,883957.TI,同花顺全A(沪深京),694212820000.0,6942.1282,0.69421282,2049.0,1471.0,0.5821022727272728,578.0,82.0,3.0,79.0,2020,2020-01,58.21022727272728
2020-01-06,883957.TI,同花顺全A(沪深京),802186270000.0,8021.8627,0.80218627,2056.0,1485.0,0.5806269415419373,571.0,93.0,3.0,90.0,2020,2020-01,58.06269415419373
2020-01-07,883957.TI,同花顺全A(沪深京),730669930000.0,7306.6993,0.73066993,2994.0,668.0,0.817586018569088,2326.0,99.0,3.0,96.0,2020,2020-01,81.7586018569088
2020-01-08,883957.TI,同花顺全A(沪深京),779025240000.0,7790.2524,0.77902524,721.0,2979.0,0.1948648648648648,-2258.0,65.0,3.0,62.0,2020,2020-01,19.486486486486488
2020-01-09,883957.TI,同花顺全A(沪深京),706402540000.0,7064.0254,0.70640254,3218.0,448.0,0.8777959629023458,2770.0,83.0,3.0,80.0,2020,2020-01,87.77959629023458
2020-01-10,883957.TI,同花顺全A(沪深京),639960400000.0,6399.604,0.6399604,1285.0,2325.0,0.3559556786703601,-1040.0,47.0,13.0,34.0,2020,2020-01,35.59556786703601
2020-01-13,883957.TI,同花顺全A(沪深京),667290460000.0,6672.9046,0.66729046,2664.0,885.0,0.7506339814032121,1779.0,72.0,14.0,58.0,2020,2020-01,75.06339814032121
2020-01-14,883957.TI,同花顺全A(沪深京),700214280000.0,7002.1428,0.70021428,1503.0,2036.0,0.4246962418762362,-533.0,60.0,10.0,50.0,2020,2020-01,42.46962418762362
2020-01-15,883957.TI,同花顺全A(沪深京),610210160000.0,6102.1016,0.61021016,1116.0,2537.0,0.30550232685464,-1421.0,48.0,10.0,38.0,2020,2020-01,30.550232685464003
2020-01-16,883957.TI,同花顺全A(沪深京),603130480000.0,6031.3048,0.60313048,1071.0,2554.0,0.2954482758620689,-1483.0,46.0,8.0,38.0,2020,2020-01,29.544827586206896
2020-01-17,883957.TI,同花顺全A(沪深京),600226640000.0,6002.2664,0.60022664,1231.0,2318.0,0.346858269935193,-1087.0,44.0,18.0,26.0,2020,2020-01,34.685826993519306
2020-01-20,883957.TI,同花顺全A(沪深京),676352890000.0,6763.5289,0.67635289,2509.0,1096.0,0.6959778085991678,1413.0,74.0,17.0,57.0,2020,2020-01,69.59778085991678
2020-01-21,883957.TI,同花顺全A(沪深京),687716590000.0,6877.1659,0.68771659,789.0,2908.0,0.2134162834730862,-2119.0,68.0,38.0,30.0,2020,2020-01,21.341628347308628
2020-01-22,883957.TI,同花顺全A(沪深京),704984320000.0,7049.8432,0.70498432,1703.0,1873.0,0.4762304250559284,-170.0,60.0,34.0,26.0,2020,2020-01,47.62304250559284
2020-01-23,883957.TI,同花顺全A(沪深京),804860400000.0,8048.604,0.8048604,296.0,3438.0,0.079271558650241,-3142.0,30.0,101.0,-71.0,2020,2020-01,7.927155865024103
2020-02-03,883957.TI,同花顺全A(沪深京),518863660000.0,5188.6366,0.51886366,164.0,3595.0,0.0436286246342112,-3431.0,84.0,3187.0,-3103.0,2020,2020-02,4.362862463421123
2020-02-04,883957.TI,同花顺全A(沪深京),909615480000.0,9096.1548,0.90961548,1493.0,2231.0,0.4009129967776584,-738.0,159.0,97.0,62.0,2020,2020-02,40.091299677765846
2020-02-05,883957.TI,同花顺全A(沪深京),868980830000.0,8689.8083,0.86898083,3361.0,346.0,0.9066630698678176,3015.0,175.0,2.0,173.0,2020,2020-02,90.66630698678176
2020-02-06,883957.TI,同花顺全A(沪深京),911071340000.0,9110.7134,0.91107134,3405.0,275.0,0.9252717391304348,3130.0,247.0,4.0,243.0,2020,2020-02,92.52717391304348
2020-02-07,883957.TI,同花顺全A(沪深京),929264670000.0,9292.6467,0.92926467,2278.0,1348.0,0.6282404853833425,930.0,184.0,4.0,180.0,2020,2020-02,62.82404853833425
2020-02-10,883957.TI,同花顺全A(沪深京),885465520000.0,8854.6552,0.88546552,2859.0,847.0,0.7714516999460335,2012.0,180.0,29.0,151.0,2020,2020-02,77.14516999460335
2020-02-11,883957.TI,同花顺全A(沪深京),783034290000.0,7830.3429,0.78303429,1364.0,2266.0,0.3757575757575757,-902.0,74.0,37.0,37.0,2020,2020-02,37.57575757575757
2020-02-12,883957.TI,同花顺全A(沪深京),786188390000.0,7861.8839,0.78618839,3159.0,482.0,0.8676187860477891,2677.0,126.0,1.0,125.0,2020,2020-02,86.76187860477891
2020-02-13,883957.TI,同花顺全A(沪深京),867254610000.0,8672.5461,0.86725461,835.0,2875.0,0.2250673854447439,-2040.0,62.0,4.0,58.0,2020,2020-02,22.506738544474395
2020-02-14,883957.TI,同花顺全A(沪深京),810801220000.0,8108.0122,0.81080122,1665.0,1896.0,0.4675652906486942,-231.0,68.0,8.0,60.0,2020,2020-02,46.75652906486942
2020-02-17,883957.TI,同花顺全A(沪深京),935811720000.0,9358.1172,0.93581172,3678.0,81.0,0.9784517158818836,3597.0,182.0,0.0,182.0,2020,2020-02,97.84517158818836
2020-02-18,883957.TI,同花顺全A(沪深京),995604370000.0,9956.0437,0.99560437,2804.0,864.0,0.7644492911668485,1940.0,141.0,3.0,138.0,2020,2020-02,76.44492911668485
2020-02-19,883957.TI,同花顺全A(沪深京),1035277510000.0,10352.7751,1.03527751,1219.0,2431.0,0.333972602739726,-1212.0,96.0,16.0,80.0,2020,2020-02,33.3972602739726
2020-02-20,883957.TI,同花顺全A(沪深京),1068104890000.0,10681.0489,1.06810489,3187.0,528.0,0.8578734858681023,2659.0,123.0,1.0,122.0,2020,2020-02,85.78734858681023
2020-02-21,883957.TI,同花顺全A(沪深京),1160845390000.0,11608.4539,1.16084539,2291.0,1297.0,0.6385172798216276,994.0,106.0,0.0,106.0,2020,2020-02,63.85172798216277
2020-02-24,883957.TI,同花顺全A(沪深京),1221724120000.0,12217.2412,1.22172412,2130.0,1553.0,0.5783328808036926,577.0,168.0,3.0,165.0,2020,2020-02,57.83328808036926
2020-02-25,883957.TI,同花顺全A(沪深京),1414871500000.0,14148.715,1.4148715,1139.0,2605.0,0.3042200854700854,-1466.0,146.0,2.0,144.0,2020,2020-02,30.422008547008545
2020-02-26,883957.TI,同花顺全A(沪深京),1309904520000.0,13099.0452,1.30990452,1352.0,2344.0,0.3658008658008658,-992.0,90.0,93.0,-3.0,2020,2020-02,36.58008658008658
2020-02-27,883957.TI,同花顺全A(沪深京),1042229640000.0,10422.2964,1.04222964,1853.0,1762.0,0.5125864453665283,91.0,107.0,24.0,83.0,2020,2020-02,51.25864453665283
2020-02-28,883957.TI,同花顺全A(沪深京),1123077860000.0,11230.7786,1.12307786,231.0,3539.0,0.0612732095490716,-3308.0,48.0,245.0,-197.0,2020,2020-02,6.127320954907161
2020-03-02,883957.TI,同花顺全A(沪深京),1029003530000.0,10290.0353,1.02900353,3646.0,129.0,0.9658278145695364,3517.0,205.0,1.0,204.0,2020,2020-03,96.58278145695364
2020-03-03,883957.TI,同花顺全A(沪深京),1175695210000.0,11756.9521,1.17569521,2647.0,977.0,0.7304083885209713,1670.0,115.0,0.0,115.0,2020,2020-03,73.04083885209714
2020-03-04,883957.TI,同花顺全A(沪深京),991818170000.0,9918.1817,0.99181817,2497.0,1181.0,0.6789015769439913,1316.0,118.0,3.0,115.0,2020,2020-03,67.89015769439914
2020-03-05,883957.TI,同花顺全A(沪深京),1170627290000.0,11706.2729,1.17062729,3019.0,681.0,0.8159459459459459,2338.0,171.0,1.0,170.0,2020,2020-03,81.5945945945946
2020-03-06,883957.TI,同花顺全A(沪深京),956878060000.0,9568.7806,0.95687806,1486.0,2179.0,0.4054570259208731,-693.0,115.0,3.0,112.0,2020,2020-03,40.54570259208731
2020-03-09,883957.TI,同花顺全A(沪深京),1085931980000.0,10859.3198,1.08593198,523.0,3234.0,0.1392068139472983,-2711.0,91.0,86.0,5.0,2020,2020-03,13.920681394729836
2020-03-10,883957.TI,同花顺全A(沪深京),1081224950000.0,10812.2495,1.08122495,3140.0,586.0,0.8427267847557702,2554.0,137.0,22.0,115.0,2020,2020-03,84.27267847557702
2020-03-11,883957.TI,同花顺全A(沪深京),972624790000.0,9726.2479,0.97262479,1030.0,2646.0,0.2801958650707291,-1616.0,83.0,10.0,73.0,2020,2020-03,28.01958650707291
2020-03-12,883957.TI,同花顺全A(沪深京),836199540000.0,8361.9954,0.83619954,563.0,3184.0,0.1502535361622631,-2621.0,65.0,18.0,47.0,2020,2020-03,15.025353616226312
2020-03-13,883957.TI,同花顺全A(沪深京),966322260000.0,9663.2226,0.96632226,841.0,2886.0,0.225650657365173,-2045.0,77.0,24.0,53.0,2020,2020-03,22.565065736517305
2020-03-16,883957.TI,同花顺全A(沪深京),963028500000.0,9630.285,0.9630285,322.0,3433.0,0.0857523302263648,-3111.0,50.0,158.0,-108.0,2020,2020-03,8.575233022636484
2020-03-17,883957.TI,同花顺全A(沪深京),817817050000.0,8178.1705,0.81781705,1486.0,2164.0,0.4071232876712329,-678.0,74.0,25.0,49.0,2020,2020-03,40.71232876712329
2020-03-18,883957.TI,同花顺全A(沪深京),836760420000.0,8367.6042,0.83676042,653.0,3060.0,0.1758685698895771,-2407.0,51.0,15.0,36.0,2020,2020-03,17.586856988957717
2020-03-19,883957.TI,同花顺全A(沪深京),817923140000.0,8179.2314,0.81792314,2257.0,1391.0,0.6186951754385965,866.0,78.0,22.0,56.0,2020,2020-03,61.86951754385965
2020-03-20,883957.TI,同花顺全A(沪深京),714879640000.0,7148.7964,0.71487964,2980.0,706.0,0.8084644601193706,2274.0,104.0,6.0,98.0,2020,2020-03,80.84644601193706
2020-03-23,883957.TI,同花顺全A(沪深京),686042590000.0,6860.4259,0.68604259,321.0,3445.0,0.0852363250132766,-3124.0,43.0,141.0,-98.0,2020,2020-03,8.523632501327668
2020-03-24,883957.TI,同花顺全A(沪深京),712313270000.0,7123.1327,0.71231327,3260.0,489.0,0.8695652173913043,2771.0,87.0,14.0,73.0,2020,2020-03,86.95652173913044
2020-03-25,883957.TI,同花顺全A(沪深京),750759880000.0,7507.5988,0.75075988,3469.0,273.0,0.9270443613041156,3196.0,114.0,4.0,110.0,2020,2020-03,92.70443613041157
2020-03-26,883957.TI,同花顺全A(沪深京),636291060000.0,6362.9106,0.63629106,980.0,2728.0,0.2642934196332254,-1748.0,57.0,17.0,40.0,2020,2020-03,26.429341963322543
2020-03-27,883957.TI,同花顺全A(沪深京),631531840000.0,6315.3184,0.63153184,1460.0,2156.0,0.4037610619469026,-696.0,51.0,15.0,36.0,2020,2020-03,40.376106194690266
2020-03-30,883957.TI,同花顺全A(沪深京),632828220000.0,6328.2822,0.63282822,700.0,3051.0,0.1866169021594241,-2351.0,40.0,42.0,-2.0,2020,2020-03,18.66169021594241
2020-03-31,883957.TI,同花顺全A(沪深京),561571870000.0,5615.7187,0.56157187,1498.0,2123.0,0.4136978735156034,-625.0,71.0,14.0,57.0,2020,2020-03,41.36978735156035
2020-04-01,883957.TI,同花顺全A(沪深京),584529500000.0,5845.295,0.5845295,1270.0,2359.0,0.349958666299256,-1089.0,40.0,22.0,18.0,2020,2020-04,34.9958666299256
2020-04-02,883957.TI,同花顺全A(沪深京),597610230000.0,5976.1023,0.59761023,3323.0,419.0,0.8880277926242651,2904.0,100.0,8.0,92.0,2020,2020-04,88.80277926242651
2020-04-03,883957.TI,同花顺全A(沪深京),572172610000.0,5721.7261,0.57217261,1152.0,2552.0,0.3110151187904967,-1400.0,68.0,6.0,62.0,2020,2020-04,31.101511879049674
2020-04-07,883957.TI,同花顺全A(沪深京),731810080000.0,7318.1008,0.73181008,3693.0,79.0,0.9790562036055144,3614.0,151.0,5.0,146.0,2020,2020-04,97.90562036055142
2020-04-08,883957.TI,同花顺全A(沪深京),672899140000.0,6728.9914,0.67289914,2146.0,1483.0,0.5913474786442546,663.0,92.0,9.0,83.0,2020,2020-04,59.13474786442546
2020-04-09,883957.TI,同花顺全A(沪深京),651170440000.0,6511.7044,0.65117044,2298.0,1249.0,0.6478714406540739,1049.0,107.0,9.0,98.0,2020,2020-04,64.78714406540739
2020-04-10,883957.TI,同花顺全A(沪深京),670500540000.0,6705.0054,0.67050054,526.0,3223.0,0.1403040810882902,-2697.0,38.0,38.0,0.0,2020,2020-04,14.03040810882902
2020-04-13,883957.TI,同花顺全A(沪深京),498764220000.0,4987.6422,0.49876422,1159.0,2543.0,0.3130740140464613,-1384.0,56.0,38.0,18.0,2020,2020-04,31.307401404646136
2020-04-14,883957.TI,同花顺全A(沪深京),589076190000.0,5890.7619,0.58907619,3326.0,399.0,0.8928859060402684,2927.0,84.0,3.0,81.0,2020,2020-04,89.28859060402684
2020-04-15,883957.TI,同花顺全A(沪深京),640704340000.0,6407.0434,0.64070434,1023.0,2677.0,0.2764864864864865,-1654.0,58.0,6.0,52.0,2020,2020-04,27.64864864864865
2020-04-16,883957.TI,同花顺全A(沪深京),592348710000.0,5923.4871,0.59234871,1938.0,1646.0,0.5407366071428571,292.0,86.0,11.0,75.0,2020,2020-04,54.07366071428571
2020-04-17,883957.TI,同花顺全A(沪深京),739094500000.0,7390.945,0.7390945,1563.0,2045.0,0.4332039911308204,-482.0,53.0,5.0,48.0,2020,2020-04,43.32039911308204
2020-04-20,883957.TI,同花顺全A(沪深京),613667210000.0,6136.6721,0.61366721,2597.0,1009.0,0.7201885745978924,1588.0,81.0,5.0,76.0,2020,2020-04,72.01885745978925
2020-04-21,883957.TI,同花顺全A(沪深京),645776820000.0,6457.7682,0.64577682,1145.0,2570.0,0.3082099596231494,-1425.0,61.0,7.0,54.0,2020,2020-04,30.82099596231494
2020-04-22,883957.TI,同花顺全A(沪深京),605608080000.0,6056.0808,0.60560808,2493.0,1111.0,0.69173140954495,1382.0,92.0,10.0,82.0,2020,2020-04,69.17314095449501
2020-04-23,883957.TI,同花顺全A(沪深京),668565930000.0,6685.6593,0.66856593,1315.0,2357.0,0.3581154684095861,-1042.0,74.0,14.0,60.0,2020,2020-04,35.811546840958606
2020-04-24,883957.TI,同花顺全A(沪深京),623719840000.0,6237.1984,0.62371984,719.0,3018.0,0.1924003211131924,-2299.0,43.0,50.0,-7.0,2020,2020-04,19.24003211131924
2020-04-27,883957.TI,同花顺全A(沪深京),554132070000.0,5541.3207,0.55413207,1340.0,2351.0,0.3630452451910052,-1011.0,58.0,64.0,-6.0,2020,2020-04,36.30452451910052
2020-04-28,883957.TI,同花顺全A(沪深京),672053050000.0,6720.5305,0.67205305,831.0,2917.0,0.221718249733191,-2086.0,38.0,83.0,-45.0,2020,2020-04,22.171824973319104
2020-04-29,883957.TI,同花顺全A(沪深京),531514280000.0,5315.1428,0.53151428,1726.0,1902.0,0.4757442116868798,-176.0,55.0,59.0,-4.0,2020,2020-04,47.574421168687984
2020-04-30,883957.TI,同花顺全A(沪深京),677322240000.0,6773.2224,0.67732224,3150.0,546.0,0.8522727272727273,2604.0,93.0,42.0,51.0,2020,2020-04,85.22727272727273
2020-05-06,883957.TI,同花顺全A(沪深京),720394100000.0,7203.941,0.7203941,3066.0,621.0,0.8315703824247356,2445.0,109.0,60.0,49.0,2020,2020-05,83.15703824247356
2020-05-07,883957.TI,同花顺全A(沪深京),666832400000.0,6668.324,0.6668324,1254.0,2422.0,0.3411316648531012,-1168.0,68.0,45.0,23.0,2020,2020-05,34.11316648531012
2020-05-08,883957.TI,同花顺全A(沪深京),686264590000.0,6862.6459,0.68626459,2855.0,777.0,0.786068281938326,2078.0,74.0,30.0,44.0,2020,2020-05,78.6068281938326
2020-05-11,883957.TI,同花顺全A(沪深京),683312580000.0,6833.1258,0.68331258,1517.0,2140.0,0.4148208914410719,-623.0,69.0,34.0,35.0,2020,2020-05,41.48208914410719
2020-05-12,883957.TI,同花顺全A(沪深京),597773880000.0,5977.7388,0.59777388,1347.0,2330.0,0.3663312483002447,-983.0,61.0,35.0,26.0,2020,2020-05,36.63312483002448
2020-05-13,883957.TI,同花顺全A(沪深京),581006360000.0,5810.0636,0.58100636,1986.0,1569.0,0.5586497890295359,417.0,90.0,23.0,67.0,2020,2020-05,55.86497890295359
2020-05-14,883957.TI,同花顺全A(沪深京),609570980000.0,6095.7098,0.60957098,892.0,2826.0,0.2399139322216245,-1934.0,61.0,18.0,43.0,2020,2020-05,23.99139322216245
2020-05-15,883957.TI,同花顺全A(沪深京),626683770000.0,6266.8377,0.62668377,1749.0,1754.0,0.4992863260062803,-5.0,67.0,16.0,51.0,2020,2020-05,49.92863260062804
2020-05-18,883957.TI,同花顺全A(沪深京),729026690000.0,7290.2669,0.72902669,1499.0,2173.0,0.4082244008714596,-674.0,81.0,55.0,26.0,2020,2020-05,40.82244008714597
2020-05-19,883957.TI,同花顺全A(沪深京),639292810000.0,6392.9281,0.63929281,2618.0,980.0,0.7276264591439688,1638.0,89.0,28.0,61.0,2020,2020-05,72.76264591439688
2020-05-20,883957.TI,同花顺全A(沪深京),686432160000.0,6864.3216,0.68643216,1043.0,2677.0,0.2803763440860215,-1634.0,74.0,47.0,27.0,2020,2020-05,28.037634408602152
2020-05-21,883957.TI,同花顺全A(沪深京),625089470000.0,6250.8947,0.62508947,1074.0,2614.0,0.2912147505422993,-1540.0,79.0,36.0,43.0,2020,2020-05,29.121475054229933
2020-05-22,883957.TI,同花顺全A(沪深京),590668290000.0,5906.6829,0.59066829,704.0,3017.0,0.1891964525665143,-2313.0,59.0,34.0,25.0,2020,2020-05,18.91964525665144
2020-05-25,883957.TI,同花顺全A(沪深京),490397610000.0,4903.9761,0.49039761,1697.0,1974.0,0.4622718605284663,-277.0,77.0,34.0,43.0,2020,2020-05,46.22718605284663
2020-05-26,883957.TI,同花顺全A(沪深京),529856150000.0,5298.5615,0.52985615,3375.0,334.0,0.9099487732542464,3041.0,131.0,10.0,121.0,2020,2020-05,90.99487732542464
2020-05-27,883957.TI,同花顺全A(沪深京),573012180000.0,5730.1218,0.57301218,1416.0,2247.0,0.3865683865683865,-831.0,90.0,9.0,81.0,2020,2020-05,38.65683865683865
2020-05-28,883957.TI,同花顺全A(沪深京),577482150000.0,5774.8215,0.57748215,1388.0,2288.0,0.3775843307943416,-900.0,62.0,17.0,45.0,2020,2020-05,37.75843307943417
2020-05-29,883957.TI,同花顺全A(沪深京),571422650000.0,5714.2265,0.57142265,2201.0,1410.0,0.6095264469675991,791.0,97.0,10.0,87.0,2020,2020-05,60.952644696759904
2020-06-01,883957.TI,同花顺全A(沪深京),760258470000.0,7602.5847,0.76025847,3618.0,153.0,0.9594272076372315,3465.0,155.0,2.0,153.0,2020,2020-06,95.94272076372316
2020-06-02,883957.TI,同花顺全A(沪深京),770614260000.0,7706.1426,0.77061426,2324.0,1306.0,0.6402203856749311,1018.0,102.0,13.0,89.0,2020,2020-06,64.02203856749311
2020-06-03,883957.TI,同花顺全A(沪深京),775370810000.0,7753.7081,0.77537081,1426.0,2246.0,0.3883442265795207,-820.0,102.0,7.0,95.0,2020,2020-06,38.83442265795208
2020-06-04,883957.TI,同花顺全A(沪深京),650418570000.0,6504.1857,0.65041857,1953.0,1695.0,0.5353618421052632,258.0,103.0,9.0,94.0,2020,2020-06,53.53618421052632
2020-06-05,883957.TI,同花顺全A(沪深京),631329440000.0,6313.2944,0.63132944,1664.0,1983.0,0.4562654236358651,-319.0,78.0,23.0,55.0,2020,2020-06,45.62654236358651
2020-06-08,883957.TI,同花顺全A(沪深京),676175580000.0,6761.7558,0.67617558,1548.0,2088.0,0.4257425742574257,-540.0,58.0,27.0,31.0,2020,2020-06,42.57425742574257
2020-06-09,883957.TI,同花顺全A(沪深京),617783320000.0,6177.8332,0.61778332,2134.0,1458.0,0.594097995545657,676.0,82.0,16.0,66.0,2020,2020-06,59.4097995545657
2020-06-10,883957.TI,同花顺全A(沪深京),610118990000.0,6101.1899,0.61011899,1377.0,2350.0,0.3694660584920848,-973.0,52.0,11.0,41.0,2020,2020-06,36.94660584920848
2020-06-11,883957.TI,同花顺全A(沪深京),715229460000.0,7152.2946,0.71522946,1188.0,2485.0,0.3234413286142118,-1297.0,60.0,9.0,51.0,2020,2020-06,32.34413286142118
2020-06-12,883957.TI,同花顺全A(沪深京),697712000000.0,6977.12,0.697712,1477.0,2169.0,0.4051014810751508,-692.0,74.0,10.0,64.0,2020,2020-06,40.510148107515086
2020-06-15,883957.TI,同花顺全A(沪深京),757353500000.0,7573.535,0.7573535,1399.0,2300.0,0.3782103271154366,-901.0,79.0,21.0,58.0,2020,2020-06,37.82103271154366
2020-06-16,883957.TI,同花顺全A(沪深京),708747970000.0,7087.4797,0.70874797,3256.0,489.0,0.8694259012016021,2767.0,83.0,9.0,74.0,2020,2020-06,86.94259012016022
2020-06-17,883957.TI,同花顺全A(沪深京),737092150000.0,7370.9215,0.73709215,1857.0,1762.0,0.5131251726996408,95.0,81.0,10.0,71.0,2020,2020-06,51.31251726996408
2020-06-18,883957.TI,同花顺全A(沪深京),758336200000.0,7583.362,0.7583362,1690.0,1961.0,0.4628868803067653,-271.0,65.0,26.0,39.0,2020,2020-06,46.288688030676525
2020-06-19,883957.TI,同花顺全A(沪深京),776172540000.0,7761.7254,0.77617254,2051.0,1540.0,0.571150097465887,511.0,67.0,11.0,56.0,2020,2020-06,57.1150097465887
2020-06-22,883957.TI,同花顺全A(沪深京),824120770000.0,8241.2077,0.82412077,1739.0,1930.0,0.4739711092940856,-191.0,56.0,21.0,35.0,2020,2020-06,47.39711092940856
2020-06-23,883957.TI,同花顺全A(沪深京),754651990000.0,7546.5199,0.75465199,1324.0,2390.0,0.3564889606892838,-1066.0,62.0,14.0,48.0,2020,2020-06,35.64889606892838
2020-06-24,883957.TI,同花顺全A(沪深京),727453850000.0,7274.5385,0.72745385,1397.0,2282.0,0.3797227507474857,-885.0,62.0,17.0,45.0,2020,2020-06,37.97227507474857
2020-06-29,883957.TI,同花顺全A(沪深京),715529970000.0,7155.2997,0.71552997,1251.0,2495.0,0.3339562199679658,-1244.0,63.0,29.0,34.0,2020,2020-06,33.395621996796585
2020-06-30,883957.TI,同花顺全A(沪深京),745350600000.0,7453.506,0.7453506,3131.0,553.0,0.8498914223669924,2578.0,97.0,13.0,84.0,2020,2020-06,84.98914223669925
2020-07-01,883957.TI,同花顺全A(沪深京),905290550000.0,9052.9055,0.90529055,2087.0,1568.0,0.5709986320109439,519.0,76.0,25.0,51.0,2020,2020-07,57.0998632010944
2020-07-02,883957.TI,同花顺全A(沪深京),1078821000000.0,10788.21,1.078821,2962.0,811.0,0.7850516830108667,2151.0,101.0,15.0,86.0,2020,2020-07,78.50516830108667
2020-07-03,883957.TI,同花顺全A(沪深京),1170295400000.0,11702.954,1.1702954,2781.0,980.0,0.7394310023929805,1801.0,99.0,22.0,77.0,2020,2020-07,73.94310023929805
2020-07-06,883957.TI,同花顺全A(沪深京),1565398800000.0,15653.988,1.5653988,3619.0,208.0,0.9456493336817352,3411.0,205.0,15.0,190.0,2020,2020-07,94.56493336817351
2020-07-07,883957.TI,同花顺全A(沪深京),1737295800000.0,17372.958,1.7372958,2190.0,1522.0,0.5899784482758621,668.0,128.0,10.0,118.0,2020,2020-07,58.997844827586206
2020-07-08,883957.TI,同花顺全A(沪深京),1536025200000.0,15360.252,1.5360252,3210.0,564.0,0.8505564387917329,2646.0,168.0,6.0,162.0,2020,2020-07,85.05564387917329
2020-07-09,883957.TI,同花顺全A(沪深京),1718047100000.0,17180.471,1.7180471,3398.0,388.0,0.8975171685155837,3010.0,220.0,5.0,215.0,2020,2020-07,89.75171685155837
2020-07-10,883957.TI,同花顺全A(沪深京),1606255700000.0,16062.557,1.6062557,1168.0,2632.0,0.3073684210526315,-1464.0,151.0,6.0,145.0,2020,2020-07,30.73684210526316
2020-07-13,883957.TI,同花顺全A(沪深京),1671820600000.0,16718.206,1.6718206,3573.0,247.0,0.9353403141361256,3326.0,246.0,4.0,242.0,2020,2020-07,93.53403141361257
2020-07-14,883957.TI,同花顺全A(沪深京),1702107800000.0,17021.078,1.7021078,1347.0,2440.0,0.3556905202006865,-1093.0,142.0,20.0,122.0,2020,2020-07,35.56905202006865
2020-07-15,883957.TI,同花顺全A(沪深京),1560405200000.0,15604.052,1.5604052,707.0,3112.0,0.1851269965959675,-2405.0,103.0,81.0,22.0,2020,2020-07,18.512699659596755
2020-07-16,883957.TI,同花顺全A(沪深京),1451972200000.0,14519.722,1.4519722,219.0,3610.0,0.0571950901018542,-3391.0,38.0,218.0,-180.0,2020,2020-07,5.719509010185427
2020-07-17,883957.TI,同花顺全A(沪深京),1093702090000.0,10937.0209,1.09370209,1851.0,1888.0,0.4950521529820808,-37.0,73.0,49.0,24.0,2020,2020-07,49.50521529820808
2020-07-20,883957.TI,同花顺全A(沪深京),1182960640000.0,11829.6064,1.18296064,3529.0,313.0,0.918532014575742,3216.0,165.0,7.0,158.0,2020,2020-07,91.8532014575742
2020-07-21,883957.TI,同花顺全A(沪深京),1094965540000.0,10949.6554,1.09496554,1910.0,1849.0,0.5081138600691674,61.0,104.0,13.0,91.0,2020,2020-07,50.811386006916734
2020-07-22,883957.TI,同花顺全A(沪深京),1183134560000.0,11831.3456,1.18313456,1761.0,1945.0,0.4751753912574204,-184.0,95.0,3.0,92.0,2020,2020-07,47.51753912574204
2020-07-23,883957.TI,同花顺全A(沪深京),1235671040000.0,12356.7104,1.23567104,1263.0,2538.0,0.3322809786898185,-1275.0,95.0,1.0,94.0,2020,2020-07,33.22809786898185
2020-07-24,883957.TI,同花顺全A(沪深京),1334547630000.0,13345.4763,1.33454763,279.0,3579.0,0.0723172628304821,-3300.0,47.0,85.0,-38.0,2020,2020-07,7.231726283048212
2020-07-27,883957.TI,同花顺全A(沪深京),923310310000.0,9233.1031,0.92331031,1749.0,1994.0,0.4672722415174993,-245.0,97.0,26.0,71.0,2020,2020-07,46.72722415174994
2020-07-28,883957.TI,同花顺全A(沪深京),897805850000.0,8978.0585,0.89780585,2804.0,950.0,0.7469366009589771,1854.0,96.0,11.0,85.0,2020,2020-07,74.69366009589771
2020-07-29,883957.TI,同花顺全A(沪深京),1040286410000.0,10402.8641,1.04028641,3580.0,245.0,0.9359477124183008,3335.0,136.0,1.0,135.0,2020,2020-07,93.59477124183006
2020-07-30,883957.TI,同花顺全A(沪深京),1091414350000.0,10914.1435,1.09141435,1422.0,2343.0,0.3776892430278884,-921.0,111.0,6.0,105.0,2020,2020-07,37.76892430278884
2020-07-31,883957.TI,同花顺全A(沪深京),1139813930000.0,11398.1393,1.13981393,2680.0,1016.0,0.7251082251082251,1664.0,131.0,3.0,128.0,2020,2020-07,72.51082251082252
2020-08-03,883957.TI,同花顺全A(沪深京),1331546680000.0,13315.4668,1.33154668,3576.0,281.0,0.9271454498314752,3295.0,250.0,0.0,250.0,2020,2020-08,92.71454498314752
2020-08-04,883957.TI,同花顺全A(沪深京),1372539400000.0,13725.394,1.3725394,1293.0,2501.0,0.3408012651555087,-1208.0,124.0,20.0,104.0,2020,2020-08,34.080126515550866
2020-08-05,883957.TI,同花顺全A(沪深京),1196540920000.0,11965.4092,1.19654092,2408.0,1354.0,0.6400850611376927,1054.0,151.0,3.0,148.0,2020,2020-08,64.00850611376927
2020-08-06,883957.TI,同花顺全A(沪深京),1288969010000.0,12889.6901,1.28896901,1430.0,2361.0,0.3772091796359799,-931.0,131.0,9.0,122.0,2020,2020-08,37.72091796359799
2020-08-07,883957.TI,同花顺全A(沪深京),1259415790000.0,12594.1579,1.25941579,891.0,2951.0,0.2319104633003643,-2060.0,92.0,19.0,73.0,2020,2020-08,23.19104633003644
2020-08-10,883957.TI,同花顺全A(沪深京),1151891080000.0,11518.9108,1.15189108,2591.0,1227.0,0.678627553693033,1364.0,120.0,34.0,86.0,2020,2020-08,67.8627553693033
2020-08-11,883957.TI,同花顺全A(沪深京),1131084240000.0,11310.8424,1.13108424,654.0,3203.0,0.1695618356235416,-2549.0,58.0,31.0,27.0,2020,2020-08,16.95618356235416
2020-08-12,883957.TI,同花顺全A(沪深京),1077922710000.0,10779.2271,1.07792271,1394.0,2382.0,0.3691737288135593,-988.0,66.0,30.0,36.0,2020,2020-08,36.91737288135593
2020-08-13,883957.TI,同花顺全A(沪深京),872111100000.0,8721.111,0.8721111,2311.0,1455.0,0.6136484333510356,856.0,95.0,13.0,82.0,2020,2020-08,61.36484333510356
2020-08-14,883957.TI,同花顺全A(沪深京),846362660000.0,8463.6266,0.84636266,2663.0,1085.0,0.71051227321238,1578.0,66.0,28.0,38.0,2020,2020-08,71.051227321238
2020-08-17,883957.TI,同花顺全A(沪深京),1149996980000.0,11499.9698,1.14999698,3395.0,428.0,0.8880460371436045,2967.0,118.0,8.0,110.0,2020,2020-08,88.80460371436045
2020-08-18,883957.TI,同花顺全A(沪深京),1079434470000.0,10794.3447,1.07943447,2166.0,1568.0,0.580074986609534,598.0,102.0,8.0,94.0,2020,2020-08,58.0074986609534
2020-08-19,883957.TI,同花顺全A(沪深京),1083411050000.0,10834.1105,1.08341105,842.0,3004.0,0.218928757150286,-2162.0,66.0,11.0,55.0,2020,2020-08,21.8928757150286
2020-08-20,883957.TI,同花顺全A(沪深京),868090050000.0,8680.9005,0.86809005,1033.0,2782.0,0.2707732634338139,-1749.0,48.0,25.0,23.0,2020,2020-08,27.07732634338139
2020-08-21,883957.TI,同花顺全A(沪深京),842096100000.0,8420.961,0.8420961,2398.0,1325.0,0.6441042170292774,1073.0,66.0,5.0,61.0,2020,2020-08,64.41042170292775
2020-08-24,883957.TI,同花顺全A(沪深京),872288900000.0,8722.889,0.8722889,2217.0,1574.0,0.58480611975732,643.0,71.0,17.0,54.0,2020,2020-08,58.480611975732
2020-08-25,883957.TI,同花顺全A(沪深京),911838940000.0,9118.3894,0.91183894,1567.0,2256.0,0.4098875228877844,-689.0,49.0,18.0,31.0,2020,2020-08,40.98875228877844
2020-08-26,883957.TI,同花顺全A(沪深京),976113960000.0,9761.1396,0.97611396,682.0,3225.0,0.1745584847709239,-2543.0,32.0,30.0,2.0,2020,2020-08,17.4558484770924
2020-08-27,883957.TI,同花顺全A(沪深京),835639150000.0,8356.3915,0.83563915,2805.0,1014.0,0.7344854673998429,1791.0,57.0,14.0,43.0,2020,2020-08,73.4485467399843
2020-08-28,883957.TI,同花顺全A(沪深京),940903440000.0,9409.0344,0.94090344,2733.0,1102.0,0.7126466753585398,1631.0,55.0,9.0,46.0,2020,2020-08,71.26466753585397
2020-08-31,883957.TI,同花顺全A(沪深京),1032543920000.0,10325.4392,1.03254392,1662.0,2138.0,0.4373684210526316,-476.0,66.0,13.0,53.0,2020,2020-08,43.73684210526316
2020-09-01,883957.TI,同花顺全A(沪深京),845079320000.0,8450.7932,0.84507932,2134.0,1647.0,0.5644009521290664,487.0,54.0,8.0,46.0,2020,2020-09,56.44009521290664
2020-09-02,883957.TI,同花顺全A(沪深京),960778620000.0,9607.7862,0.96077862,1918.0,1900.0,0.502357255107386,18.0,50.0,4.0,46.0,2020,2020-09,50.23572551073861
2020-09-03,883957.TI,同花顺全A(沪深京),939066630000.0,9390.6663,0.93906663,1096.0,2739.0,0.2857887874837027,-1643.0,40.0,7.0,33.0,2020,2020-09,28.578878748370272
2020-09-04,883957.TI,同花顺全A(沪深京),835388720000.0,8353.8872,0.83538872,1870.0,1961.0,0.4881232054293918,-91.0,45.0,11.0,34.0,2020,2020-09,48.81232054293918
2020-09-07,883957.TI,同花顺全A(沪深京),1019840520000.0,10198.4052,1.01984052,1006.0,2859.0,0.2602846054333764,-1853.0,53.0,20.0,33.0,2020,2020-09,26.028460543337644
2020-09-08,883957.TI,同花顺全A(沪深京),921415760000.0,9214.1576,0.92141576,2613.0,1285.0,0.6703437660338635,1328.0,62.0,17.0,45.0,2020,2020-09,67.03437660338635
2020-09-09,883957.TI,同花顺全A(沪深京),1033140060000.0,10331.4006,1.03314006,685.0,3190.0,0.1767741935483871,-2505.0,41.0,25.0,16.0,2020,2020-09,17.67741935483871
2020-09-10,883957.TI,同花顺全A(沪深京),867149800000.0,8671.498,0.8671498,494.0,3433.0,0.1257957728545964,-2939.0,26.0,107.0,-81.0,2020,2020-09,12.57957728545964
2020-09-11,883957.TI,同花顺全A(沪深京),680524610000.0,6805.2461,0.68052461,2953.0,860.0,0.7744558090742197,2093.0,50.0,10.0,40.0,2020,2020-09,77.44558090742197
2020-09-14,883957.TI,同花顺全A(沪深京),769314520000.0,7693.1452,0.76931452,2648.0,1148.0,0.6975763962065332,1500.0,72.0,10.0,62.0,2020,2020-09,69.75763962065332
2020-09-15,883957.TI,同花顺全A(沪深京),724007280000.0,7240.0728,0.72400728,1842.0,1950.0,0.485759493670886,-108.0,52.0,7.0,45.0,2020,2020-09,48.57594936708861
2020-09-16,883957.TI,同花顺全A(沪深京),678363620000.0,6783.6362,0.67836362,1104.0,2710.0,0.2894598846355532,-1606.0,34.0,8.0,26.0,2020,2020-09,28.945988463555324
2020-09-17,883957.TI,同花顺全A(沪深京),742009660000.0,7420.0966,0.74200966,1992.0,1808.0,0.5242105263157895,184.0,43.0,7.0,36.0,2020,2020-09,52.42105263157895
2020-09-18,883957.TI,同花顺全A(沪深京),826714230000.0,8267.1423,0.82671423,3129.0,766.0,0.8033376123234917,2363.0,55.0,4.0,51.0,2020,2020-09,80.33376123234916
2020-09-21,883957.TI,同花顺全A(沪深京),750924610000.0,7509.2461,0.75092461,1431.0,2396.0,0.3739221322184479,-965.0,32.0,11.0,21.0,2020,2020-09,37.39221322184479
2020-09-22,883957.TI,同花顺全A(沪深京),692582610000.0,6925.8261,0.69258261,590.0,3344.0,0.1499745805795627,-2754.0,23.0,10.0,13.0,2020,2020-09,14.997458057956278
2020-09-23,883957.TI,同花顺全A(沪深京),658901100000.0,6589.011,0.6589011,2341.0,1416.0,0.6231035400585574,925.0,47.0,6.0,41.0,2020,2020-09,62.31035400585574
2020-09-24,883957.TI,同花顺全A(沪深京),675779460000.0,6757.7946,0.67577946,311.0,3664.0,0.0782389937106918,-3353.0,22.0,22.0,0.0,2020,2020-09,7.823899371069181
2020-09-25,883957.TI,同花顺全A(沪深京),568070400000.0,5680.704,0.5680704,1361.0,2470.0,0.3552597233098408,-1109.0,31.0,28.0,3.0,2020,2020-09,35.52597233098408
2020-09-28,883957.TI,同花顺全A(沪深京),530862520000.0,5308.6252,0.53086252,838.0,3044.0,0.2158681092220505,-2206.0,21.0,45.0,-24.0,2020,2020-09,21.58681092220505
2020-09-29,883957.TI,同花顺全A(沪深京),544306890000.0,5443.0689,0.54430689,2646.0,1167.0,0.6939417781274587,1479.0,35.0,24.0,11.0,2020,2020-09,69.39417781274587
2020-09-30,883957.TI,同花顺全A(沪深京),539050760000.0,5390.5076,0.53905076,1442.0,2398.0,0.3755208333333333,-956.0,28.0,10.0,18.0,2020,2020-09,37.552083333333336
2020-10-09,883957.TI,同花顺全A(沪深京),709392470000.0,7093.9247,0.70939247,3778.0,206.0,0.9482931726907632,3572.0,98.0,4.0,94.0,2020,2020-10,94.82931726907633
2020-10-12,883957.TI,同花顺全A(沪深京),971075040000.0,9710.7504,0.97107504,3823.0,163.0,0.9591068740592072,3660.0,87.0,3.0,84.0,2020,2020-10,95.91068740592073
2020-10-13,883957.TI,同花顺全A(沪深京),827164090000.0,8271.6409,0.82716409,1710.0,2151.0,0.4428904428904429,-441.0,46.0,2.0,44.0,2020,2020-10,44.28904428904429
2020-10-14,883957.TI,同花顺全A(沪深京),825457200000.0,8254.572,0.8254572,1102.0,2818.0,0.2811224489795918,-1716.0,44.0,9.0,35.0,2020,2020-10,28.112244897959183
2020-10-15,883957.TI,同花顺全A(沪深京),750966050000.0,7509.6605,0.75096605,1165.0,2718.0,0.3000257532835436,-1553.0,36.0,15.0,21.0,2020,2020-10,30.002575328354364
2020-10-16,883957.TI,同花顺全A(沪深京),705976380000.0,7059.7638,0.70597638,1909.0,1933.0,0.4968766267568974,-24.0,32.0,5.0,27.0,2020,2020-10,49.687662675689744
2020-10-19,883957.TI,同花顺全A(沪深京),738357230000.0,7383.5723,0.73835723,1241.0,2613.0,0.3220031136481577,-1372.0,32.0,6.0,26.0,2020,2020-10,32.200311364815775
2020-10-20,883957.TI,同花顺全A(沪深京),664953790000.0,6649.5379,0.66495379,2802.0,1020.0,0.7331240188383046,1782.0,41.0,0.0,41.0,2020,2020-10,73.31240188383046
2020-10-21,883957.TI,同花顺全A(沪深京),706081830000.0,7060.8183,0.70608183,872.0,3078.0,0.220759493670886,-2206.0,26.0,7.0,19.0,2020,2020-10,22.075949367088608
2020-10-22,883957.TI,同花顺全A(沪深京),659532010000.0,6595.3201,0.65953201,1403.0,2432.0,0.3658409387222947,-1029.0,23.0,7.0,16.0,2020,2020-10,36.58409387222947
2020-10-23,883957.TI,同花顺全A(沪深京),685942630000.0,6859.4263,0.68594263,794.0,3121.0,0.2028097062579821,-2327.0,31.0,9.0,22.0,2020,2020-10,20.28097062579821
2020-10-26,883957.TI,同花顺全A(沪深京),632363600000.0,6323.636,0.6323636,1834.0,2037.0,0.4737793851717902,-203.0,34.0,8.0,26.0,2020,2020-10,47.37793851717903
2020-10-27,883957.TI,同花顺全A(沪深京),629868030000.0,6298.6803,0.62986803,1799.0,2085.0,0.4631822863027806,-286.0,32.0,10.0,22.0,2020,2020-10,46.318228630278064
2020-10-28,883957.TI,同花顺全A(沪深京),730981590000.0,7309.8159,0.73098159,1842.0,2028.0,0.475968992248062,-186.0,34.0,12.0,22.0,2020,2020-10,47.5968992248062
2020-10-29,883957.TI,同花顺全A(沪深京),772950550000.0,7729.5055,0.77295055,1487.0,2417.0,0.3808913934426229,-930.0,30.0,14.0,16.0,2020,2020-10,38.08913934426229
2020-10-30,883957.TI,同花顺全A(沪深京),868934740000.0,8689.3474,0.86893474,557.0,3429.0,0.1397390868038133,-2872.0,15.0,26.0,-11.0,2020,2020-10,13.973908680381331
2020-11-02,883957.TI,同花顺全A(沪深京),805955830000.0,8059.5583,0.80595583,1893.0,2051.0,0.4799695740365111,-158.0,46.0,57.0,-11.0,2020,2020-11,47.99695740365112
2020-11-03,883957.TI,同花顺全A(沪深京),784501590000.0,7845.0159,0.78450159,3383.0,593.0,0.8508551307847082,2790.0,60.0,4.0,56.0,2020,2020-11,85.08551307847083
2020-11-04,883957.TI,同花顺全A(沪深京),728959020000.0,7289.5902,0.72895902,1403.0,2482.0,0.3611325611325611,-1079.0,40.0,5.0,35.0,2020,2020-11,36.113256113256114
2020-11-05,883957.TI,同花顺全A(沪深京),855718570000.0,8557.1857,0.85571857,3451.0,514.0,0.8703656998738966,2937.0,66.0,4.0,62.0,2020,2020-11,87.03656998738965
2020-11-06,883957.TI,同花顺全A(沪深京),878308090000.0,8783.0809,0.87830809,1109.0,2805.0,0.2833418497700562,-1696.0,35.0,5.0,30.0,2020,2020-11,28.334184977005624
2020-11-09,883957.TI,同花顺全A(沪深京),1078631280000.0,10786.3128,1.07863128,3549.0,427.0,0.8926056338028169,3122.0,67.0,2.0,65.0,2020,2020-11,89.26056338028168
2020-11-10,883957.TI,同花顺全A(沪深京),980918110000.0,9809.1811,0.98091811,1089.0,2882.0,0.2742382271468144,-1793.0,31.0,15.0,16.0,2020,2020-11,27.42382271468144
2020-11-11,883957.TI,同花顺全A(沪深京),866051320000.0,8660.5132,0.86605132,1158.0,2794.0,0.2930161943319838,-1636.0,43.0,16.0,27.0,2020,2020-11,29.30161943319838
2020-11-12,883957.TI,同花顺全A(沪深京),705542520000.0,7055.4252,0.70554252,1860.0,2027.0,0.4785181373810136,-167.0,66.0,5.0,61.0,2020,2020-11,47.85181373810136
2020-11-13,883957.TI,同花顺全A(沪深京),727070950000.0,7270.7095,0.72707095,1837.0,2060.0,0.4713882473697716,-223.0,35.0,17.0,18.0,2020,2020-11,47.13882473697716
2020-11-16,883957.TI,同花顺全A(沪深京),800596200000.0,8005.962,0.8005962,2730.0,1248.0,0.6862745098039216,1482.0,60.0,5.0,55.0,2020,2020-11,68.62745098039215
2020-11-17,883957.TI,同花顺全A(沪深京),852925400000.0,8529.254,0.8529254,1301.0,2627.0,0.3312118126272912,-1326.0,34.0,11.0,23.0,2020,2020-11,33.121181262729124
2020-11-18,883957.TI,同花顺全A(沪深京),817338910000.0,8173.3891,0.81733891,2340.0,1531.0,0.6044949625419788,809.0,42.0,6.0,36.0,2020,2020-11,60.44949625419788
2020-11-19,883957.TI,同花顺全A(沪深京),774051970000.0,7740.5197,0.77405197,2087.0,1785.0,0.5389979338842975,302.0,46.0,9.0,37.0,2020,2020-11,53.89979338842975
2020-11-20,883957.TI,同花顺全A(沪深京),750686670000.0,7506.8667,0.75068667,2176.0,1671.0,0.5656355601767611,505.0,65.0,10.0,55.0,2020,2020-11,56.563556017676106
2020-11-23,883957.TI,同花顺全A(沪深京),951564800000.0,9515.648,0.9515648,2064.0,1834.0,0.5295023088763469,230.0,59.0,8.0,51.0,2020,2020-11,52.95023088763469
2020-11-24,883957.TI,同花顺全A(沪深京),826764780000.0,8267.6478,0.82676478,1578.0,2322.0,0.4046153846153846,-744.0,51.0,8.0,43.0,2020,2020-11,40.46153846153846
2020-11-25,883957.TI,同花顺全A(沪深京),861998700000.0,8619.987,0.8619987,779.0,3197.0,0.1959255533199195,-2418.0,46.0,18.0,28.0,2020,2020-11,19.59255533199195
2020-11-26,883957.TI,同花顺全A(沪深京),732091760000.0,7320.9176,0.73209176,1490.0,2421.0,0.3809767322935311,-931.0,37.0,19.0,18.0,2020,2020-11,38.09767322935311
2020-11-27,883957.TI,同花顺全A(沪深京),723075150000.0,7230.7515,0.72307515,1869.0,2031.0,0.4792307692307692,-162.0,39.0,11.0,28.0,2020,2020-11,47.92307692307693
2020-11-30,883957.TI,同花顺全A(沪深京),950019350000.0,9500.1935,0.95001935,1522.0,2350.0,0.3930785123966942,-828.0,34.0,11.0,23.0,2020,2020-11,39.30785123966943
2020-12-01,883957.TI,同花顺全A(沪深京),864381340000.0,8643.8134,0.86438134,3275.0,624.0,0.8399589638368813,2651.0,54.0,8.0,46.0,2020,2020-12,83.99589638368813
2020-12-02,883957.TI,同花顺全A(沪深京),875126680000.0,8751.2668,0.87512668,1975.0,1912.0,0.5081039361975817,63.0,60.0,8.0,52.0,2020,2020-12,50.810393619758166
2020-12-03,883957.TI,同花顺全A(沪深京),824545600000.0,8245.456,0.8245456,1654.0,2284.0,0.420010157440325,-630.0,59.0,13.0,46.0,2020,2020-12,42.00101574403251
2020-12-04,883957.TI,同花顺全A(沪深京),748498290000.0,7484.9829,0.74849829,1923.0,1986.0,0.4919416730621642,-63.0,53.0,19.0,34.0,2020,2020-12,49.19416730621642
2020-12-07,883957.TI,同花顺全A(沪深京),765672860000.0,7656.7286,0.76567286,1267.0,2714.0,0.3182617432805827,-1447.0,54.0,11.0,43.0,2020,2020-12,31.82617432805828
2020-12-08,883957.TI,同花顺全A(沪深京),701280870000.0,7012.8087,0.70128087,1456.0,2455.0,0.3722833035029404,-999.0,49.0,21.0,28.0,2020,2020-12,37.22833035029405
2020-12-09,883957.TI,同花顺全A(沪深京),791185190000.0,7911.8519,0.79118519,572.0,3449.0,0.1422531708530216,-2877.0,40.0,27.0,13.0,2020,2020-12,14.225317085302164
2020-12-10,883957.TI,同花顺全A(沪深京),708422980000.0,7084.2298,0.70842298,1819.0,2085.0,0.4659323770491803,-266.0,41.0,25.0,16.0,2020,2020-12,46.59323770491803
2020-12-11,883957.TI,同花顺全A(沪深京),833977940000.0,8339.7794,0.83397794,753.0,3267.0,0.1873134328358209,-2514.0,30.0,33.0,-3.0,2020,2020-12,18.73134328358209
2020-12-14,883957.TI,同花顺全A(沪深京),708169470000.0,7081.6947,0.70816947,2525.0,1410.0,0.6416772554002541,1115.0,60.0,30.0,30.0,2020,2020-12,64.16772554002542
2020-12-15,883957.TI,同花顺全A(沪深京),709484950000.0,7094.8495,0.70948495,1743.0,2196.0,0.4424980959634425,-453.0,45.0,58.0,-13.0,2020,2020-12,44.24980959634425
2020-12-16,883957.TI,同花顺全A(沪深京),688938380000.0,6889.3838,0.68893838,1005.0,2990.0,0.2515644555694618,-1985.0,39.0,71.0,-32.0,2020,2020-12,25.15644555694618
2020-12-17,883957.TI,同花顺全A(沪深京),791133350000.0,7911.3335,0.79113335,2797.0,1165.0,0.7059565875820293,1632.0,65.0,27.0,38.0,2020,2020-12,70.59565875820293
2020-12-18,883957.TI,同花顺全A(沪深京),769696130000.0,7696.9613,0.76969613,1377.0,2591.0,0.3470262096774194,-1214.0,58.0,12.0,46.0,2020,2020-12,34.702620967741936
2020-12-21,883957.TI,同花顺全A(沪深京),862671450000.0,8626.7145,0.86267145,2653.0,1256.0,0.6786902020977232,1397.0,77.0,14.0,63.0,2020,2020-12,67.86902020977233
2020-12-22,883957.TI,同花顺全A(沪深京),955316690000.0,9553.1669,0.95531669,616.0,3430.0,0.1522491349480969,-2814.0,48.0,30.0,18.0,2020,2020-12,15.22491349480969
2020-12-23,883957.TI,同花顺全A(沪深京),925599880000.0,9255.9988,0.92559988,2080.0,1823.0,0.5329233922623623,257.0,70.0,19.0,51.0,2020,2020-12,53.29233922623623
2020-12-24,883957.TI,同花顺全A(沪深京),822717760000.0,8227.1776,0.82271776,800.0,3244.0,0.1978239366963402,-2444.0,59.0,50.0,9.0,2020,2020-12,19.782393669634025
2020-12-25,883957.TI,同花顺全A(沪深京),791395120000.0,7913.9512,0.79139512,2667.0,1276.0,0.676388536647223,1391.0,97.0,17.0,80.0,2020,2020-12,67.6388536647223
2020-12-28,883957.TI,同花顺全A(沪深京),879824790000.0,8798.2479,0.87982479,1090.0,2933.0,0.2709420830226199,-1843.0,83.0,29.0,54.0,2020,2020-12,27.094208302262
2020-12-29,883957.TI,同花顺全A(沪深京),857340510000.0,8573.4051,0.85734051,2075.0,1879.0,0.5247850278199292,196.0,75.0,59.0,16.0,2020,2020-12,52.47850278199292
2020-12-30,883957.TI,同花顺全A(沪深京),839623210000.0,8396.2321,0.83962321,2002.0,1877.0,0.5161124001031193,125.0,77.0,13.0,64.0,2020,2020-12,51.61124001031193
2020-12-31,883957.TI,同花顺全A(沪深京),957183630000.0,9571.8363,0.95718363,3139.0,800.0,0.7969027671997969,2339.0,67.0,8.0,59.0,2020,2020-12,79.69027671997969
2021-01-04,883957.TI,同花顺全A(沪深京),1163270340000.0,11632.7034,1.16327034,2812.0,1165.0,0.7070656273573045,1647.0,136.0,13.0,123.0,2021,2021-01,70.70656273573044
2021-01-05,883957.TI,同花顺全A(沪深京),1266113270000.0,12661.1327,1.26611327,1632.0,2385.0,0.4062733383121732,-753.0,97.0,32.0,65.0,2021,2021-01,40.62733383121733
2021-01-06,883957.TI,同花顺全A(沪深京),1165673290000.0,11656.7329,1.16567329,1070.0,2980.0,0.2641975308641975,-1910.0,61.0,30.0,31.0,2021,2021-01,26.41975308641975
2021-01-07,883957.TI,同花顺全A(沪深京),1211952100000.0,12119.521,1.2119521,780.0,3295.0,0.1914110429447852,-2515.0,51.0,57.0,-6.0,2021,2021-01,19.141104294478527
2021-01-08,883957.TI,同花顺全A(沪深京),1129122870000.0,11291.2287,1.12912287,2024.0,1972.0,0.5065065065065065,52.0,72.0,21.0,51.0,2021,2021-01,50.650650650650654
2021-01-11,883957.TI,同花顺全A(沪深京),1211490740000.0,12114.9074,1.21149074,774.0,3310.0,0.1895200783545543,-2536.0,55.0,67.0,-12.0,2021,2021-01,18.95200783545544
2021-01-12,883957.TI,同花顺全A(沪深京),1089372340000.0,10893.7234,1.08937234,2514.0,1383.0,0.6451116243264049,1131.0,86.0,12.0,74.0,2021,2021-01,64.51116243264049
2021-01-13,883957.TI,同花顺全A(沪深京),1233441530000.0,12334.4153,1.23344153,1082.0,2988.0,0.2658476658476658,-1906.0,58.0,38.0,20.0,2021,2021-01,26.584766584766584
2021-01-14,883957.TI,同花顺全A(沪深京),1121105460000.0,11211.0546,1.12110546,2496.0,1516.0,0.6221335992023929,980.0,89.0,42.0,47.0,2021,2021-01,62.21335992023928
2021-01-15,883957.TI,同花顺全A(沪深京),1036273230000.0,10362.7323,1.03627323,2950.0,1064.0,0.7349277528649726,1886.0,102.0,14.0,88.0,2021,2021-01,73.49277528649726
2021-01-18,883957.TI,同花顺全A(沪深京),990890930000.0,9908.9093,0.99089093,2954.0,958.0,0.7551124744376279,1996.0,126.0,12.0,114.0,2021,2021-01,75.51124744376278
2021-01-19,883957.TI,同花顺全A(沪深京),1040605370000.0,10406.0537,1.04060537,2325.0,1691.0,0.5789342629482072,634.0,101.0,7.0,94.0,2021,2021-01,57.89342629482071
2021-01-20,883957.TI,同花顺全A(沪深京),913303890000.0,9133.0389,0.91330389,1775.0,2218.0,0.4445279238667668,-443.0,100.0,6.0,94.0,2021,2021-01,44.45279238667669
2021-01-21,883957.TI,同花顺全A(沪深京),1084179080000.0,10841.7908,1.08417908,2210.0,1723.0,0.5619120264429189,487.0,101.0,7.0,94.0,2021,2021-01,56.19120264429189
2021-01-22,883957.TI,同花顺全A(沪深京),1107306060000.0,11073.0606,1.10730606,1125.0,2948.0,0.27620918242082,-1823.0,70.0,21.0,49.0,2021,2021-01,27.62091824208201
2021-01-25,883957.TI,同花顺全A(沪深京),1203083650000.0,12030.8365,1.20308365,976.0,3101.0,0.239391709590385,-2125.0,70.0,37.0,33.0,2021,2021-01,23.93917095903851
2021-01-26,883957.TI,同花顺全A(沪深京),1012807480000.0,10128.0748,1.01280748,1472.0,2495.0,0.3710612553566927,-1023.0,80.0,43.0,37.0,2021,2021-01,37.10612553566927
2021-01-27,883957.TI,同花顺全A(沪深京),920805250000.0,9208.0525,0.92080525,1977.0,1999.0,0.4972334004024145,-22.0,95.0,26.0,69.0,2021,2021-01,49.723340040241446
2021-01-28,883957.TI,同花顺全A(沪深京),912579920000.0,9125.7992,0.91257992,1046.0,2965.0,0.2607828471702817,-1919.0,60.0,47.0,13.0,2021,2021-01,26.07828471702817
2021-01-29,883957.TI,同花顺全A(沪深京),950711210000.0,9507.1121,0.95071121,1059.0,3008.0,0.2603884927464961,-1949.0,46.0,53.0,-7.0,2021,2021-01,26.038849274649618
2021-02-01,883957.TI,同花顺全A(沪深京),854244160000.0,8542.4416,0.85424416,2327.0,1713.0,0.575990099009901,614.0,105.0,96.0,9.0,2021,2021-02,57.5990099009901
2021-02-02,883957.TI,同花顺全A(沪深京),900490990000.0,9004.9099,0.90049099,2001.0,1992.0,0.5011269722013524,9.0,101.0,36.0,65.0,2021,2021-02,50.11269722013524
2021-02-03,883957.TI,同花顺全A(沪深京),951547150000.0,9515.4715,0.95154715,951.0,3113.0,0.234005905511811,-2162.0,67.0,30.0,37.0,2021,2021-02,23.400590551181104
2021-02-04,883957.TI,同花顺全A(沪深京),942206260000.0,9422.0626,0.94220626,867.0,3229.0,0.211669921875,-2362.0,64.0,43.0,21.0,2021,2021-02,21.1669921875
2021-02-05,883957.TI,同花顺全A(沪深京),889159780000.0,8891.5978,0.88915978,1250.0,2772.0,0.3107906514172053,-1522.0,66.0,62.0,4.0,2021,2021-02,31.07906514172053
2021-02-08,883957.TI,同花顺全A(沪深京),801857970000.0,8018.5797,0.80185797,2006.0,1980.0,0.5032614149523331,26.0,78.0,32.0,46.0,2021,2021-02,50.32614149523332
2021-02-09,883957.TI,同花顺全A(沪深京),833022870000.0,8330.2287,0.83302287,3367.0,678.0,0.8323856613102596,2689.0,90.0,12.0,78.0,2021,2021-02,83.23856613102596
2021-02-10,883957.TI,同花顺全A(沪深京),868556680000.0,8685.5668,0.86855668,2530.0,1453.0,0.6351995982927442,1077.0,64.0,15.0,49.0,2021,2021-02,63.51995982927442
2021-02-18,883957.TI,同花顺全A(沪深京),1084870110000.0,10848.7011,1.08487011,3604.0,520.0,0.8739088263821533,3084.0,132.0,8.0,124.0,2021,2021-02,87.39088263821533
2021-02-19,883957.TI,同花顺全A(沪深京),1041883190000.0,10418.8319,1.04188319,3637.0,504.0,0.8782902680511954,3133.0,143.0,10.0,133.0,2021,2021-02,87.82902680511954
2021-02-22,883957.TI,同花顺全A(沪深京),1292640670000.0,12926.4067,1.29264067,2611.0,1458.0,0.6416810027033669,1153.0,112.0,12.0,100.0,2021,2021-02,64.1681002703367
2021-02-23,883957.TI,同花顺全A(沪深京),1019876320000.0,10198.7632,1.01987632,1255.0,2818.0,0.3081266879450037,-1563.0,87.0,13.0,74.0,2021,2021-02,30.812668794500368
2021-02-24,883957.TI,同花顺全A(沪深京),1062898310000.0,10628.9831,1.06289831,2068.0,1945.0,0.5153251931223524,123.0,71.0,21.0,50.0,2021,2021-02,51.53251931223524
2021-02-25,883957.TI,同花顺全A(沪深京),930589600000.0,9305.896,0.9305896,1276.0,2777.0,0.3148285220824081,-1501.0,71.0,7.0,64.0,2021,2021-02,31.482852208240807
2021-02-26,883957.TI,同花顺全A(沪深京),903006210000.0,9030.0621,0.90300621,1774.0,2250.0,0.4408548707753479,-476.0,59.0,13.0,46.0,2021,2021-02,44.08548707753479
2021-03-01,883957.TI,同花顺全A(沪深京),871965040000.0,8719.6504,0.87196504,3598.0,483.0,0.8816466552315609,3115.0,109.0,8.0,101.0,2021,2021-03,88.16466552315609
2021-03-02,883957.TI,同花顺全A(沪深京),914972110000.0,9149.7211,0.91497211,1248.0,2834.0,0.3057324840764331,-1586.0,59.0,17.0,42.0,2021,2021-03,30.573248407643312
2021-03-03,883957.TI,同花顺全A(沪深京),857252790000.0,8572.5279,0.85725279,3191.0,851.0,0.7894606630380999,2340.0,111.0,1.0,110.0,2021,2021-03,78.94606630380999
2021-03-04,883957.TI,同花顺全A(沪深京),971568590000.0,9715.6859,0.97156859,1242.0,2807.0,0.3067424055322302,-1565.0,77.0,14.0,63.0,2021,2021-03,30.67424055322302
2021-03-05,883957.TI,同花顺全A(沪深京),876066090000.0,8760.6609,0.87606609,2895.0,1171.0,0.7120019675356616,1724.0,101.0,12.0,89.0,2021,2021-03,71.20019675356616
2021-03-08,883957.TI,同花顺全A(沪深京),978866190000.0,9788.6619,0.97886619,1028.0,3052.0,0.2519607843137255,-2024.0,69.0,35.0,34.0,2021,2021-03,25.19607843137255
2021-03-09,883957.TI,同花顺全A(沪深京),985119530000.0,9851.1953,0.98511953,618.0,3507.0,0.1498181818181818,-2889.0,46.0,70.0,-24.0,2021,2021-03,14.981818181818182
2021-03-10,883957.TI,同花顺全A(沪深京),748649630000.0,7486.4963,0.74864963,1020.0,3081.0,0.2487198244330651,-2061.0,53.0,23.0,30.0,2021,2021-03,24.87198244330651
2021-03-11,883957.TI,同花顺全A(沪深京),797816610000.0,7978.1661,0.79781661,3678.0,433.0,0.8946728289953783,3245.0,81.0,5.0,76.0,2021,2021-03,89.46728289953782
2021-03-12,883957.TI,同花顺全A(沪深京),814948140000.0,8149.4814,0.81494814,1905.0,2142.0,0.4707190511489992,-237.0,62.0,9.0,53.0,2021,2021-03,47.07190511489993
2021-03-15,883957.TI,同花顺全A(沪深京),806661580000.0,8066.6158,0.80666158,1796.0,2257.0,0.4431285467554897,-461.0,63.0,10.0,53.0,2021,2021-03,44.31285467554898
2021-03-16,883957.TI,同花顺全A(沪深京),731971710000.0,7319.7171,0.73197171,3076.0,982.0,0.7580088713652046,2094.0,92.0,6.0,86.0,2021,2021-03,75.80088713652046
2021-03-17,883957.TI,同花顺全A(沪深京),709831090000.0,7098.3109,0.70983109,2325.0,1699.0,0.5777833001988072,626.0,79.0,6.0,73.0,2021,2021-03,57.77833001988072
2021-03-18,883957.TI,同花顺全A(沪深京),733947100000.0,7339.471,0.7339471,1758.0,2280.0,0.4353640416047548,-522.0,80.0,5.0,75.0,2021,2021-03,43.536404160475485
2021-03-19,883957.TI,同花顺全A(沪深京),771413780000.0,7714.1378,0.77141378,1737.0,2294.0,0.4309104440585463,-557.0,66.0,7.0,59.0,2021,2021-03,43.09104440585463
2021-03-22,883957.TI,同花顺全A(沪深京),756546670000.0,7565.4667,0.75654667,3425.0,657.0,0.8390494855463009,2768.0,109.0,2.0,107.0,2021,2021-03,83.90494855463008
2021-03-23,883957.TI,同花顺全A(沪深京),787486270000.0,7874.8627,0.78748627,1169.0,2947.0,0.2840136054421768,-1778.0,75.0,30.0,45.0,2021,2021-03,28.401360544217685
2021-03-24,883957.TI,同花顺全A(沪深京),760010430000.0,7600.1043,0.76001043,1323.0,2739.0,0.3257016248153619,-1416.0,82.0,30.0,52.0,2021,2021-03,32.570162481536194
2021-03-25,883957.TI,同花顺全A(沪深京),666350500000.0,6663.505,0.6663505,1655.0,2412.0,0.4069338578805015,-757.0,69.0,31.0,38.0,2021,2021-03,40.69338578805016
2021-03-26,883957.TI,同花顺全A(沪深京),746340950000.0,7463.4095,0.74634095,3176.0,835.0,0.7918224881575667,2341.0,91.0,3.0,88.0,2021,2021-03,79.18224881575668
2021-03-29,883957.TI,同花顺全A(沪深京),754751880000.0,7547.5188,0.75475188,1859.0,2225.0,0.4551909892262488,-366.0,84.0,13.0,71.0,2021,2021-03,45.51909892262488
2021-03-30,883957.TI,同花顺全A(沪深京),746924290000.0,7469.2429,0.74692429,1304.0,2825.0,0.3158149673044321,-1521.0,74.0,28.0,46.0,2021,2021-03,31.58149673044321
2021-03-31,883957.TI,同花顺全A(沪深京),685547270000.0,6855.4727,0.68554727,2283.0,1764.0,0.56412157153447,519.0,90.0,11.0,79.0,2021,2021-03,56.412157153447
2021-04-01,883957.TI,同花顺全A(沪深京),653525400000.0,6535.254,0.6535254,2051.0,2033.0,0.502203721841332,18.0,96.0,13.0,83.0,2021,2021-04,50.2203721841332
2021-04-02,883957.TI,同花顺全A(沪深京),715024940000.0,7150.2494,0.71502494,2217.0,1800.0,0.5519044062733384,417.0,90.0,7.0,83.0,2021,2021-04,55.19044062733384
2021-04-06,883957.TI,同花顺全A(沪深京),659318840000.0,6593.1884,0.65931884,2849.0,1193.0,0.7048490846115785,1656.0,103.0,7.0,96.0,2021,2021-04,70.48490846115784
2021-04-07,883957.TI,同花顺全A(沪深京),739279470000.0,7392.7947,0.73927947,2613.0,1463.0,0.6410696761530913,1150.0,106.0,7.0,99.0,2021,2021-04,64.10696761530913
2021-04-08,883957.TI,同花顺全A(沪深京),765468560000.0,7654.6856,0.76546856,1229.0,2912.0,0.2967882154069065,-1683.0,53.0,22.0,31.0,2021,2021-04,29.67882154069065
2021-04-09,883957.TI,同花顺全A(沪深京),690622430000.0,6906.2243,0.69062243,1949.0,2063.0,0.4857926221335992,-114.0,73.0,12.0,61.0,2021,2021-04,48.57926221335992
2021-04-12,883957.TI,同花顺全A(沪深京),772843720000.0,7728.4372,0.77284372,1067.0,3051.0,0.2591063623118018,-1984.0,81.0,30.0,51.0,2021,2021-04,25.910636231180185
2021-04-13,883957.TI,同花顺全A(沪深京),668480480000.0,6684.8048,0.66848048,1315.0,2813.0,0.3185562015503876,-1498.0,66.0,43.0,23.0,2021,2021-04,31.85562015503876
2021-04-14,883957.TI,同花顺全A(沪深京),652055980000.0,6520.5598,0.65205598,3155.0,957.0,0.7672665369649806,2198.0,89.0,9.0,80.0,2021,2021-04,76.72665369649806
2021-04-15,883957.TI,同花顺全A(沪深京),655491070000.0,6554.9107,0.65549107,1769.0,2334.0,0.4311479405313185,-565.0,56.0,36.0,20.0,2021,2021-04,43.11479405313185
2021-04-16,883957.TI,同花顺全A(沪深京),690059880000.0,6900.5988,0.69005988,3394.0,776.0,0.8139088729016787,2618.0,94.0,10.0,84.0,2021,2021-04,81.39088729016787
2021-04-19,883957.TI,同花顺全A(沪深京),858067450000.0,8580.6745,0.85806745,3040.0,1030.0,0.7469287469287469,2010.0,95.0,7.0,88.0,2021,2021-04,74.69287469287468
2021-04-20,883957.TI,同花顺全A(沪深京),842558840000.0,8425.5884,0.84255884,1352.0,2766.0,0.3283147158814958,-1414.0,54.0,16.0,38.0,2021,2021-04,32.83147158814958
2021-04-21,883957.TI,同花顺全A(沪深京),737203740000.0,7372.0374,0.73720374,1490.0,2624.0,0.3621779290228488,-1134.0,50.0,18.0,32.0,2021,2021-04,36.21779290228488
2021-04-22,883957.TI,同花顺全A(沪深京),740175540000.0,7401.7554,0.74017554,2123.0,1922.0,0.5248454882571075,201.0,62.0,8.0,54.0,2021,2021-04,52.48454882571075
2021-04-23,883957.TI,同花顺全A(沪深京),778453350000.0,7784.5335,0.77845335,1180.0,2988.0,0.283109404990403,-1808.0,56.0,14.0,42.0,2021,2021-04,28.310940499040303
2021-04-26,883957.TI,同花顺全A(沪深京),900791480000.0,9007.9148,0.90079148,1563.0,2574.0,0.3778100072516316,-1011.0,60.0,27.0,33.0,2021,2021-04,37.78100072516316
2021-04-27,883957.TI,同花顺全A(沪深京),760191100000.0,7601.911,0.7601911,1462.0,2677.0,0.3532254167673351,-1215.0,51.0,50.0,1.0,2021,2021-04,35.32254167673351
2021-04-28,883957.TI,同花顺全A(沪深京),785357010000.0,7853.5701,0.78535701,2214.0,1885.0,0.540131739448646,329.0,74.0,44.0,30.0,2021,2021-04,54.01317394486461
2021-04-29,883957.TI,同花顺全A(沪深京),820012310000.0,8200.1231,0.82001231,1820.0,2280.0,0.4439024390243902,-460.0,62.0,41.0,21.0,2021,2021-04,44.39024390243903
2021-04-30,883957.TI,同花顺全A(沪深京),863010070000.0,8630.1007,0.86301007,1428.0,2669.0,0.3485477178423236,-1241.0,59.0,56.0,3.0,2021,2021-04,34.85477178423236
2021-05-06,883957.TI,同花顺全A(沪深京),873581660000.0,8735.8166,0.87358166,2458.0,1667.0,0.5958787878787879,791.0,87.0,52.0,35.0,2021,2021-05,59.58787878787879
2021-05-07,883957.TI,同花顺全A(沪深京),882244540000.0,8822.4454,0.88224454,1776.0,2353.0,0.4301283603778154,-577.0,83.0,38.0,45.0,2021,2021-05,43.01283603778154
2021-05-10,883957.TI,同花顺全A(沪深京),853963180000.0,8539.6318,0.85396318,2207.0,1925.0,0.5341239109390126,282.0,128.0,29.0,99.0,2021,2021-05,53.412391093901256
2021-05-11,883957.TI,同花顺全A(沪深京),840756510000.0,8407.5651,0.84075651,2547.0,1593.0,0.6152173913043478,954.0,88.0,29.0,59.0,2021,2021-05,61.52173913043478
2021-05-12,883957.TI,同花顺全A(沪深京),761347250000.0,7613.4725,0.76134725,2853.0,1266.0,0.6926438455935907,1587.0,120.0,10.0,110.0,2021,2021-05,69.26438455935907
2021-05-13,883957.TI,同花顺全A(沪深京),797982720000.0,7979.8272,0.79798272,1444.0,2701.0,0.3483715319662244,-1257.0,83.0,10.0,73.0,2021,2021-05,34.83715319662244
2021-05-14,883957.TI,同花顺全A(沪深京),901344270000.0,9013.4427,0.90134427,3194.0,955.0,0.769824053988913,2239.0,113.0,6.0,107.0,2021,2021-05,76.9824053988913
2021-05-17,883957.TI,同花顺全A(沪深京),926667450000.0,9266.6745,0.92666745,1313.0,2890.0,0.3123959076849869,-1577.0,41.0,131.0,-90.0,2021,2021-05,31.239590768498694
2021-05-18,883957.TI,同花顺全A(沪深京),750826080000.0,7508.2608,0.75082608,2446.0,1653.0,0.5967309099780435,793.0,93.0,34.0,59.0,2021,2021-05,59.67309099780434
2021-05-19,883957.TI,同花顺全A(沪深京),783890580000.0,7838.9058,0.78389058,1556.0,2588.0,0.3754826254826255,-1032.0,85.0,13.0,72.0,2021,2021-05,37.54826254826255
2021-05-20,883957.TI,同花顺全A(沪深京),859688510000.0,8596.8851,0.85968851,1534.0,2628.0,0.3685728015377222,-1094.0,62.0,36.0,26.0,2021,2021-05,36.85728015377222
2021-05-21,883957.TI,同花顺全A(沪深京),805403210000.0,8054.0321,0.80540321,2039.0,2080.0,0.4950230638504491,-41.0,80.0,19.0,61.0,2021,2021-05,49.50230638504492
2021-05-24,883957.TI,同花顺全A(沪深京),841019770000.0,8410.1977,0.84101977,2605.0,1510.0,0.6330498177399757,1095.0,83.0,20.0,63.0,2021,2021-05,63.30498177399757
2021-05-25,883957.TI,同花顺全A(沪深京),1002250750000.0,10022.5075,1.00225075,2805.0,1288.0,0.6853163938431468,1517.0,75.0,4.0,71.0,2021,2021-05,68.53163938431467
2021-05-26,883957.TI,同花顺全A(沪深京),965527370000.0,9655.2737,0.96552737,2590.0,1520.0,0.6301703163017032,1070.0,80.0,6.0,74.0,2021,2021-05,63.01703163017032
2021-05-27,883957.TI,同花顺全A(沪深京),938839630000.0,9388.3963,0.93883963,2586.0,1491.0,0.6342899190581309,1095.0,90.0,5.0,85.0,2021,2021-05,63.42899190581309
2021-05-28,883957.TI,同花顺全A(沪深京),1006837570000.0,10068.3757,1.00683757,1343.0,2838.0,0.3212150203300646,-1495.0,75.0,2.0,73.0,2021,2021-05,32.12150203300646
2021-05-31,883957.TI,同花顺全A(沪深京),1008783890000.0,10087.8389,1.00878389,2810.0,1360.0,0.6738609112709832,1450.0,117.0,11.0,106.0,2021,2021-05,67.38609112709833
2021-06-01,883957.TI,同花顺全A(沪深京),1045554760000.0,10455.5476,1.04555476,2735.0,1408.0,0.6601496500120686,1327.0,100.0,10.0,90.0,2021,2021-06,66.01496500120686
2021-06-02,883957.TI,同花顺全A(沪深京),1010019770000.0,10100.1977,1.01001977,1379.0,2814.0,0.328881469115192,-1435.0,81.0,20.0,61.0,2021,2021-06,32.8881469115192
2021-06-03,883957.TI,同花顺全A(沪深京),952712070000.0,9527.1207,0.95271207,1844.0,2296.0,0.4454106280193237,-452.0,107.0,9.0,98.0,2021,2021-06,44.54106280193237
2021-06-04,883957.TI,同花顺全A(沪深京),936838600000.0,9368.386,0.9368386,1803.0,2374.0,0.4316495092171415,-571.0,77.0,11.0,66.0,2021,2021-06,43.16495092171415
2021-06-07,883957.TI,同花顺全A(沪深京),945868720000.0,9458.6872,0.94586872,2539.0,1614.0,0.6113652781122081,925.0,108.0,10.0,98.0,2021,2021-06,61.13652781122081
2021-06-08,883957.TI,同花顺全A(沪深京),980478550000.0,9804.7855,0.98047855,1948.0,2228.0,0.4664750957854406,-280.0,95.0,26.0,69.0,2021,2021-06,46.64750957854406
2021-06-09,883957.TI,同花顺全A(沪深京),878746330000.0,8787.4633,0.87874633,2108.0,2037.0,0.5085645355850422,71.0,91.0,9.0,82.0,2021,2021-06,50.85645355850422
2021-06-10,883957.TI,同花顺全A(沪深京),1000624610000.0,10006.2461,1.00062461,2156.0,2016.0,0.5167785234899329,140.0,88.0,24.0,64.0,2021,2021-06,51.67785234899329
2021-06-11,883957.TI,同花顺全A(沪深京),1117594750000.0,11175.9475,1.11759475,1471.0,2722.0,0.3508227999046029,-1251.0,86.0,18.0,68.0,2021,2021-06,35.08227999046029
2021-06-15,883957.TI,同花顺全A(沪深京),999399360000.0,9993.9936,0.99939936,1349.0,2909.0,0.3168154062940347,-1560.0,65.0,23.0,42.0,2021,2021-06,31.681540629403475
2021-06-16,883957.TI,同花顺全A(沪深京),930479970000.0,9304.7997,0.93047997,1245.0,2905.0,0.3,-1660.0,56.0,30.0,26.0,2021,2021-06,30.0
2021-06-17,883957.TI,同花顺全A(沪深京),888727430000.0,8887.2743,0.88872743,2286.0,1869.0,0.5501805054151625,417.0,75.0,4.0,71.0,2021,2021-06,55.01805054151625
2021-06-18,883957.TI,同花顺全A(沪深京),1008520830000.0,10085.2083,1.00852083,2657.0,1494.0,0.6400867260900988,1163.0,75.0,8.0,67.0,2021,2021-06,64.00867260900988
2021-06-21,883957.TI,同花顺全A(沪深京),1012062900000.0,10120.629,1.0120629,2725.0,1433.0,0.6553631553631554,1292.0,101.0,3.0,98.0,2021,2021-06,65.53631553631554
2021-06-22,883957.TI,同花顺全A(沪深京),1004420610000.0,10044.2061,1.00442061,2497.0,1682.0,0.5975113663555874,815.0,99.0,3.0,96.0,2021,2021-06,59.75113663555874
2021-06-23,883957.TI,同花顺全A(沪深京),1064265350000.0,10642.6535,1.06426535,2038.0,2118.0,0.4903753609239653,-80.0,92.0,3.0,89.0,2021,2021-06,49.037536092396536
2021-06-24,883957.TI,同花顺全A(沪深京),1011676650000.0,10116.7665,1.01167665,1507.0,2690.0,0.3590659995234691,-1183.0,104.0,11.0,93.0,2021,2021-06,35.90659995234692
2021-06-25,883957.TI,同花顺全A(沪深京),1036243880000.0,10362.4388,1.03624388,2198.0,1972.0,0.5270983213429257,226.0,91.0,7.0,84.0,2021,2021-06,52.70983213429257
2021-06-28,883957.TI,同花顺全A(沪深京),1014311130000.0,10143.1113,1.01431113,2273.0,1960.0,0.5369714150720529,313.0,79.0,34.0,45.0,2021,2021-06,53.697141507205295
2021-06-29,883957.TI,同花顺全A(沪深京),994705110000.0,9947.0511,0.99470511,1131.0,3136.0,0.2650574173892664,-2005.0,71.0,4.0,67.0,2021,2021-06,26.50574173892665
2021-06-30,883957.TI,同花顺全A(沪深京),937620090000.0,9376.2009,0.93762009,2493.0,1658.0,0.6005781739339918,835.0,69.0,24.0,45.0,2021,2021-06,60.05781739339918
2021-07-01,883957.TI,同花顺全A(沪深京),1012293700000.0,10122.937,1.0122937,1099.0,3163.0,0.2578601595495072,-2064.0,67.0,19.0,48.0,2021,2021-07,25.786015954950724
2021-07-02,883957.TI,同花顺全A(沪深京),1001853370000.0,10018.5337,1.00185337,1580.0,2613.0,0.3768185070355354,-1033.0,54.0,10.0,44.0,2021,2021-07,37.68185070355354
2021-07-05,883957.TI,同花顺全A(沪深京),1003657780000.0,10036.5778,1.00365778,3026.0,1206.0,0.7150283553875236,1820.0,117.0,13.0,104.0,2021,2021-07,71.50283553875236
2021-07-06,883957.TI,同花顺全A(沪深京),1117304400000.0,11173.044,1.1173044,2238.0,1955.0,0.5337467207250179,283.0,70.0,11.0,59.0,2021,2021-07,53.3746720725018
2021-07-07,883957.TI,同花顺全A(沪深京),1047837480000.0,10478.3748,1.04783748,2308.0,1844.0,0.5558766859344894,464.0,97.0,6.0,91.0,2021,2021-07,55.58766859344894
2021-07-08,883957.TI,同花顺全A(沪深京),1191954170000.0,11919.5417,1.19195417,1403.0,2879.0,0.3276506305464736,-1476.0,83.0,10.0,73.0,2021,2021-07,32.76506305464736
2021-07-09,883957.TI,同花顺全A(沪深京),1124225930000.0,11242.2593,1.12422593,2625.0,1583.0,0.6238117870722434,1042.0,99.0,9.0,90.0,2021,2021-07,62.381178707224336
2021-07-12,883957.TI,同花顺全A(沪深京),1317581630000.0,13175.8163,1.31758163,2843.0,1348.0,0.6783583870198043,1495.0,110.0,15.0,95.0,2021,2021-07,67.83583870198044
2021-07-13,883957.TI,同花顺全A(沪深京),1217410750000.0,12174.1075,1.21741075,2480.0,1717.0,0.5908982606623779,763.0,89.0,15.0,74.0,2021,2021-07,59.08982606623779
2021-07-14,883957.TI,同花顺全A(沪深京),1214953690000.0,12149.5369,1.21495369,1230.0,3054.0,0.2871148459383753,-1824.0,73.0,29.0,44.0,2021,2021-07,28.71148459383753
2021-07-15,883957.TI,同花顺全A(沪深京),1167914930000.0,11679.1493,1.16791493,1449.0,2828.0,0.3387888707037643,-1379.0,74.0,24.0,50.0,2021,2021-07,33.87888707037644
2021-07-16,883957.TI,同花顺全A(沪深京),1178214810000.0,11782.1481,1.17821481,1738.0,2415.0,0.4184926559113893,-677.0,54.0,8.0,46.0,2021,2021-07,41.84926559113894
2021-07-19,883957.TI,同花顺全A(沪深京),1120208120000.0,11202.0812,1.12020812,1791.0,2474.0,0.4199296600234466,-683.0,74.0,32.0,42.0,2021,2021-07,41.992966002344666
2021-07-20,883957.TI,同花顺全A(沪深京),962827000000.0,9628.27,0.962827,2128.0,2081.0,0.5055832739368021,47.0,68.0,8.0,60.0,2021,2021-07,50.558327393680216
2021-07-21,883957.TI,同花顺全A(沪深京),1209010130000.0,12090.1013,1.20901013,2842.0,1369.0,0.6748990738541915,1473.0,109.0,5.0,104.0,2021,2021-07,67.48990738541914
2021-07-22,883957.TI,同花顺全A(沪深京),1289557500000.0,12895.575,1.2895575,2276.0,1949.0,0.538698224852071,327.0,74.0,9.0,65.0,2021,2021-07,53.869822485207095
2021-07-23,883957.TI,同花顺全A(沪深京),1375746100000.0,13757.461,1.3757461,1199.0,3115.0,0.2779323133982383,-1916.0,63.0,20.0,43.0,2021,2021-07,27.79323133982384
2021-07-26,883957.TI,同花顺全A(沪深京),1418647200000.0,14186.472,1.4186472,1075.0,3265.0,0.2476958525345622,-2190.0,51.0,59.0,-8.0,2021,2021-07,24.76958525345622
2021-07-27,883957.TI,同花顺全A(沪深京),1533295600000.0,15332.956,1.5332956,961.0,3350.0,0.2229181164463001,-2389.0,38.0,75.0,-37.0,2021,2021-07,22.291811644630016
2021-07-28,883957.TI,同花顺全A(沪深京),1269687140000.0,12696.8714,1.26968714,919.0,3431.0,0.2112643678160919,-2512.0,52.0,78.0,-26.0,2021,2021-07,21.1264367816092
2021-07-29,883957.TI,同花顺全A(沪深京),1248064480000.0,12480.6448,1.24806448,3658.0,625.0,0.8540742470231146,3033.0,139.0,9.0,130.0,2021,2021-07,85.40742470231146
2021-07-30,883957.TI,同花顺全A(沪深京),1339575690000.0,13395.7569,1.33957569,2631.0,1634.0,0.6168815943728019,997.0,95.0,23.0,72.0,2021,2021-07,61.68815943728019
2021-08-02,883957.TI,同花顺全A(沪深京),1511811600000.0,15118.116,1.5118116,3504.0,824.0,0.8096118299445472,2680.0,119.0,18.0,101.0,2021,2021-08,80.96118299445472
2021-08-03,883957.TI,同花顺全A(沪深京),1416236300000.0,14162.363,1.4162363,2036.0,2226.0,0.4777099953073674,-190.0,70.0,43.0,27.0,2021,2021-08,47.77099953073674
2021-08-04,883957.TI,同花顺全A(沪深京),1288926070000.0,12889.2607,1.28892607,2599.0,1636.0,0.6136953955135773,963.0,100.0,7.0,93.0,2021,2021-08,61.36953955135773
2021-08-05,883957.TI,同花顺全A(沪深京),1285003630000.0,12850.0363,1.28500363,1352.0,2954.0,0.3139804923362749,-1602.0,63.0,10.0,53.0,2021,2021-08,31.398049233627496
2021-08-06,883957.TI,同花顺全A(沪深京),1224822270000.0,12248.2227,1.22482227,1830.0,2435.0,0.429073856975381,-605.0,80.0,4.0,76.0,2021,2021-08,42.9073856975381
2021-08-09,883957.TI,同花顺全A(沪深京),1248917270000.0,12489.1727,1.24891727,3112.0,1220.0,0.7183748845798708,1892.0,103.0,8.0,95.0,2021,2021-08,71.83748845798708
2021-08-10,883957.TI,同花顺全A(沪深京),1314104730000.0,13141.0473,1.31410473,2994.0,1244.0,0.7064653138272771,1750.0,89.0,5.0,84.0,2021,2021-08,70.6465313827277
2021-08-11,883957.TI,同花顺全A(沪深京),1282627610000.0,12826.2761,1.28262761,2263.0,1973.0,0.5342304060434372,290.0,109.0,8.0,101.0,2021,2021-08,53.42304060434372
2021-08-12,883957.TI,同花顺全A(沪深京),1304747720000.0,13047.4772,1.30474772,2052.0,2201.0,0.4824829532094992,-149.0,87.0,9.0,78.0,2021,2021-08,48.24829532094992
2021-08-13,883957.TI,同花顺全A(沪深京),1294700220000.0,12947.0022,1.29470022,1840.0,2420.0,0.431924882629108,-580.0,83.0,4.0,79.0,2021,2021-08,43.1924882629108
2021-08-16,883957.TI,同花顺全A(沪深京),1257123890000.0,12571.2389,1.25712389,2279.0,2007.0,0.5317312179188054,272.0,101.0,17.0,84.0,2021,2021-08,53.17312179188054
2021-08-17,883957.TI,同花顺全A(沪深京),1308243090000.0,13082.4309,1.30824309,597.0,3800.0,0.1357743916306572,-3203.0,42.0,28.0,14.0,2021,2021-08,13.577439163065726
2021-08-18,883957.TI,同花顺全A(沪深京),1197044820000.0,11970.4482,1.19704482,2965.0,1354.0,0.6865015049780042,1611.0,96.0,10.0,86.0,2021,2021-08,68.65015049780042
2021-08-19,883957.TI,同花顺全A(沪深京),1214854830000.0,12148.5483,1.21485483,1668.0,2624.0,0.3886300093196645,-956.0,62.0,18.0,44.0,2021,2021-08,38.86300093196645
2021-08-20,883957.TI,同花顺全A(沪深京),1232507350000.0,12325.0735,1.23250735,1519.0,2796.0,0.3520278099652375,-1277.0,60.0,19.0,41.0,2021,2021-08,35.20278099652375
2021-08-23,883957.TI,同花顺全A(沪深京),1322466940000.0,13224.6694,1.32246694,3649.0,688.0,0.8413649988471293,2961.0,149.0,8.0,141.0,2021,2021-08,84.13649988471293
2021-08-24,883957.TI,同花顺全A(沪深京),1408099400000.0,14080.994,1.4080994,2386.0,1867.0,0.5610157535857042,519.0,92.0,5.0,87.0,2021,2021-08,56.10157535857042
2021-08-25,883957.TI,同花顺全A(沪深京),1315516430000.0,13155.1643,1.31551643,2666.0,1636.0,0.6197117619711762,1030.0,109.0,4.0,105.0,2021,2021-08,61.971176197117614
2021-08-26,883957.TI,同花顺全A(沪深京),1375326800000.0,13753.268,1.3753268,1544.0,2789.0,0.3563351027002077,-1245.0,81.0,14.0,67.0,2021,2021-08,35.63351027002077
2021-08-27,883957.TI,同花顺全A(沪深京),1345354800000.0,13453.548,1.3453548,1788.0,2520.0,0.415041782729805,-732.0,103.0,13.0,90.0,2021,2021-08,41.5041782729805
2021-08-30,883957.TI,同花顺全A(沪深京),1579197700000.0,15791.977,1.5791977,1935.0,2412.0,0.4451345755693582,-477.0,108.0,23.0,85.0,2021,2021-08,44.51345755693582
2021-08-31,883957.TI,同花顺全A(沪深京),1483122800000.0,14831.228,1.4831228,2086.0,2265.0,0.4794300160882556,-179.0,107.0,28.0,79.0,2021,2021-08,47.94300160882556
2021-09-01,883957.TI,同花顺全A(沪深京),1711978000000.0,17119.78,1.711978,2221.0,2136.0,0.5097544181776452,85.0,86.0,59.0,27.0,2021,2021-09,50.97544181776452
2021-09-02,883957.TI,同花顺全A(沪深京),1434587800000.0,14345.878,1.4345878,2640.0,1669.0,0.6126711533998608,971.0,135.0,0.0,135.0,2021,2021-09,61.26711533998608
2021-09-03,883957.TI,同花顺全A(沪深京),1573693000000.0,15736.93,1.573693,2450.0,1889.0,0.5646462318506569,561.0,68.0,30.0,38.0,2021,2021-09,56.46462318506569
2021-09-06,883957.TI,同花顺全A(沪深京),1426619500000.0,14266.195,1.4266195,3082.0,1216.0,0.7170777105630526,1866.0,101.0,25.0,76.0,2021,2021-09,71.70777105630526
2021-09-07,883957.TI,同花顺全A(沪深京),1402505200000.0,14025.052,1.4025052,2912.0,1385.0,0.6776821037933441,1527.0,116.0,5.0,111.0,2021,2021-09,67.76821037933442
2021-09-08,883957.TI,同花顺全A(沪深京),1474892200000.0,14748.922,1.4748922,2736.0,1637.0,0.6256574434026984,1099.0,103.0,2.0,101.0,2021,2021-09,62.56574434026984
2021-09-09,883957.TI,同花顺全A(沪深京),1432324200000.0,14323.242,1.4323242,1947.0,2370.0,0.4510076441973593,-423.0,93.0,4.0,89.0,2021,2021-09,45.10076441973593
2021-09-10,883957.TI,同花顺全A(沪深京),1542863300000.0,15428.633,1.5428633,1461.0,2925.0,0.3331053351573187,-1464.0,69.0,3.0,66.0,2021,2021-09,33.31053351573187
2021-09-13,883957.TI,同花顺全A(沪深京),1460453000000.0,14604.53,1.460453,2473.0,1890.0,0.5668118267247307,583.0,104.0,16.0,88.0,2021,2021-09,56.68118267247307
2021-09-14,883957.TI,同花顺全A(沪深京),1513898900000.0,15138.989,1.5138989,1151.0,3267.0,0.2605251244907198,-2116.0,79.0,10.0,69.0,2021,2021-09,26.05251244907198
2021-09-15,883957.TI,同花顺全A(沪深京),1355164800000.0,13551.648,1.3551648,2529.0,1831.0,0.580045871559633,698.0,105.0,8.0,97.0,2021,2021-09,58.00458715596331
2021-09-16,883957.TI,同花顺全A(沪深京),1478853400000.0,14788.534,1.4788534,1060.0,3335.0,0.2411831626848691,-2275.0,59.0,37.0,22.0,2021,2021-09,24.11831626848692
2021-09-17,883957.TI,同花顺全A(沪深京),1342283200000.0,13422.832,1.3422832,1773.0,2608.0,0.404702122803013,-835.0,63.0,18.0,45.0,2021,2021-09,40.4702122803013
2021-09-22,883957.TI,同花顺全A(沪深京),1152653920000.0,11526.5392,1.15265392,2156.0,2199.0,0.4950631458094144,-43.0,124.0,7.0,117.0,2021,2021-09,49.50631458094145
2021-09-23,883957.TI,同花顺全A(沪深京),1321438680000.0,13214.3868,1.32143868,2923.0,1447.0,0.6688787185354691,1476.0,89.0,33.0,56.0,2021,2021-09,66.88787185354691
2021-09-24,883957.TI,同花顺全A(沪深京),1279776400000.0,12797.764,1.2797764,984.0,3446.0,0.2221218961625282,-2462.0,51.0,63.0,-12.0,2021,2021-09,22.21218961625282
2021-09-27,883957.TI,同花顺全A(沪深京),1365646300000.0,13656.463,1.3656463,860.0,3588.0,0.1933453237410071,-2728.0,47.0,193.0,-146.0,2021,2021-09,19.33453237410072
2021-09-28,883957.TI,同花顺全A(沪深京),1043797780000.0,10437.9778,1.04379778,2469.0,1881.0,0.5675862068965517,588.0,87.0,23.0,64.0,2021,2021-09,56.75862068965517
2021-09-29,883957.TI,同花顺全A(沪深京),1076816600000.0,10768.166,1.0768166,472.0,3969.0,0.1062823688358477,-3497.0,27.0,76.0,-49.0,2021,2021-09,10.628236883584778
2021-09-30,883957.TI,同花顺全A(沪深京),950443940000.0,9504.4394,0.95044394,3769.0,624.0,0.8579558388345094,3145.0,89.0,1.0,88.0,2021,2021-09,85.79558388345094
2021-10-08,883957.TI,同花顺全A(沪深京),1060542030000.0,10605.4203,1.06054203,3433.0,1007.0,0.7731981981981982,2426.0,100.0,20.0,80.0,2021,2021-10,77.31981981981983
2021-10-11,883957.TI,同花顺全A(沪深京),992102830000.0,9921.0283,0.99210283,2034.0,2275.0,0.4720352750058018,-241.0,94.0,33.0,61.0,2021,2021-10,47.203527500580186
2021-10-12,883957.TI,同花顺全A(沪深京),996468510000.0,9964.6851,0.99646851,787.0,3629.0,0.1782155797101449,-2842.0,54.0,18.0,36.0,2021,2021-10,17.821557971014492
2021-10-13,883957.TI,同花顺全A(沪深京),889580980000.0,8895.8098,0.88958098,2571.0,1764.0,0.5930795847750865,807.0,79.0,56.0,23.0,2021,2021-10,59.30795847750865
2021-10-14,883957.TI,同花顺全A(沪深京),859940090000.0,8599.4009,0.85994009,2375.0,1908.0,0.5545178613121644,467.0,84.0,13.0,71.0,2021,2021-10,55.45178613121644
2021-10-15,883957.TI,同花顺全A(沪深京),989245740000.0,9892.4574,0.98924574,1292.0,3107.0,0.2937031143441691,-1815.0,43.0,38.0,5.0,2021,2021-10,29.370311434416912
2021-10-18,883957.TI,同花顺全A(沪深京),1002358090000.0,10023.5809,1.00235809,2723.0,1663.0,0.6208390332877337,1060.0,91.0,12.0,79.0,2021,2021-10,62.083903328773374
2021-10-19,883957.TI,同花顺全A(沪深京),972380540000.0,9723.8054,0.97238054,2288.0,2018.0,0.5313516024152346,270.0,84.0,8.0,76.0,2021,2021-10,53.13516024152346
2021-10-20,883957.TI,同花顺全A(沪深京),1018044150000.0,10180.4415,1.01804415,1596.0,2782.0,0.3645500228414801,-1186.0,61.0,21.0,40.0,2021,2021-10,36.455002284148016
2021-10-21,883957.TI,同花顺全A(沪深京),991511030000.0,9915.1103,0.99151103,1337.0,3037.0,0.3056698673982624,-1700.0,51.0,6.0,45.0,2021,2021-10,30.566986739826245
2021-10-22,883957.TI,同花顺全A(沪深京),1014661760000.0,10146.6176,1.01466176,1367.0,2985.0,0.3141084558823529,-1618.0,51.0,15.0,36.0,2021,2021-10,31.410845588235293
2021-10-25,883957.TI,同花顺全A(沪深京),1011865810000.0,10118.6581,1.01186581,2513.0,1858.0,0.5749256463051933,655.0,80.0,9.0,71.0,2021,2021-10,57.492564630519325
2021-10-26,883957.TI,同花顺全A(沪深京),1082434990000.0,10824.3499,1.08243499,1598.0,2783.0,0.364756904816252,-1185.0,44.0,17.0,27.0,2021,2021-10,36.4756904816252
2021-10-27,883957.TI,同花顺全A(沪深京),1073383250000.0,10733.8325,1.07338325,898.0,3538.0,0.2024346257889991,-2640.0,53.0,27.0,26.0,2021,2021-10,20.24346257889991
2021-10-28,883957.TI,同花顺全A(沪深京),1107473200000.0,11074.732,1.1074732,1033.0,3401.0,0.2329724853405503,-2368.0,54.0,58.0,-4.0,2021,2021-10,23.29724853405503
2021-10-29,883957.TI,同花顺全A(沪深京),1138306010000.0,11383.0601,1.13830601,3500.0,948.0,0.7868705035971223,2552.0,86.0,14.0,72.0,2021,2021-10,78.68705035971223
2021-11-01,883957.TI,同花顺全A(沪深京),1221870530000.0,12218.7053,1.22187053,3110.0,1269.0,0.7102078100022836,1841.0,103.0,17.0,86.0,2021,2021-11,71.02078100022837
2021-11-02,883957.TI,同花顺全A(沪深京),1258055140000.0,12580.5514,1.25805514,1110.0,3363.0,0.2481556002682763,-2253.0,52.0,29.0,23.0,2021,2021-11,24.81556002682764
2021-11-03,883957.TI,同花顺全A(沪深京),1000145460000.0,10001.4546,1.00014546,2957.0,1409.0,0.6772789738891434,1548.0,63.0,12.0,51.0,2021,2021-11,67.72789738891434
2021-11-04,883957.TI,同花顺全A(沪深京),1078633500000.0,10786.335,1.0786335,3311.0,1053.0,0.7587076076993584,2258.0,125.0,2.0,123.0,2021,2021-11,75.87076076993584
2021-11-05,883957.TI,同花顺全A(沪深京),1150922850000.0,11509.2285,1.15092285,1793.0,2609.0,0.4073148568832349,-816.0,69.0,28.0,41.0,2021,2021-11,40.73148568832349
2021-11-08,883957.TI,同花顺全A(沪深京),1039052820000.0,10390.5282,1.03905282,2591.0,1792.0,0.5911476157882729,799.0,97.0,4.0,93.0,2021,2021-11,59.11476157882729
2021-11-09,883957.TI,同花顺全A(沪深京),1010939840000.0,10109.3984,1.01093984,3098.0,1225.0,0.7166319685403655,1873.0,95.0,3.0,92.0,2021,2021-11,71.66319685403654
2021-11-10,883957.TI,同花顺全A(沪深京),1080379450000.0,10803.7945,1.08037945,2724.0,1592.0,0.6311399443929564,1132.0,66.0,3.0,63.0,2021,2021-11,63.11399443929564
2021-11-11,883957.TI,同花顺全A(沪深京),1123285130000.0,11232.8513,1.12328513,3012.0,1373.0,0.6868871151653364,1639.0,90.0,6.0,84.0,2021,2021-11,68.68871151653364
2021-11-12,883957.TI,同花顺全A(沪深京),1095971330000.0,10959.7133,1.09597133,2707.0,1625.0,0.6248845798707294,1082.0,96.0,6.0,90.0,2021,2021-11,62.48845798707294
2021-11-15,883957.TI,同花顺全A(沪深京),1158159190000.0,11581.5919,1.15815919,3020.0,1399.0,0.6834125367730256,1621.0,88.0,25.0,63.0,2021,2021-11,68.34125367730256
2021-11-16,883957.TI,同花顺全A(沪深京),1111504400000.0,11115.044,1.1115044,1227.0,3201.0,0.27710027100271,-1974.0,77.0,8.0,69.0,2021,2021-11,27.710027100271
2021-11-17,883957.TI,同花顺全A(沪深京),1037241400000.0,10372.414,1.0372414,3281.0,1096.0,0.7496001827735892,2185.0,113.0,5.0,108.0,2021,2021-11,74.96001827735893
2021-11-18,883957.TI,同花顺全A(沪深京),1124356820000.0,11243.5682,1.12435682,1274.0,3151.0,0.287909604519774,-1877.0,65.0,7.0,58.0,2021,2021-11,28.7909604519774
2021-11-19,883957.TI,同花顺全A(沪深京),1112410770000.0,11124.1077,1.11241077,3294.0,1116.0,0.746938775510204,2178.0,88.0,4.0,84.0,2021,2021-11,74.6938775510204
2021-11-22,883957.TI,同花顺全A(沪深京),1254737160000.0,12547.3716,1.25473716,2414.0,1953.0,0.5527822303640944,461.0,101.0,17.0,84.0,2021,2021-11,55.27822303640944
2021-11-23,883957.TI,同花顺全A(沪深京),1231361560000.0,12313.6156,1.23136156,2396.0,1946.0,0.551819438046983,450.0,77.0,6.0,71.0,2021,2021-11,55.1819438046983
2021-11-24,883957.TI,同花顺全A(沪深京),1202392020000.0,12023.9202,1.20239202,2303.0,2060.0,0.5278478111391245,243.0,89.0,9.0,80.0,2021,2021-11,52.78478111391245
2021-11-25,883957.TI,同花顺全A(沪深京),1113027600000.0,11130.276,1.1130276,1976.0,2416.0,0.4499089253187613,-440.0,73.0,10.0,63.0,2021,2021-11,44.990892531876135
2021-11-26,883957.TI,同花顺全A(沪深京),1098111270000.0,10981.1127,1.09811127,1542.0,2906.0,0.3466726618705036,-1364.0,68.0,5.0,63.0,2021,2021-11,34.66726618705036
2021-11-29,883957.TI,同花顺全A(沪深京),1177483770000.0,11774.8377,1.17748377,1614.0,2837.0,0.3626151426645697,-1223.0,95.0,3.0,92.0,2021,2021-11,36.26151426645697
2021-11-30,883957.TI,同花顺全A(沪深京),1222068570000.0,12220.6857,1.22206857,2883.0,1525.0,0.6540381125226861,1358.0,99.0,5.0,94.0,2021,2021-11,65.40381125226861
2021-12-01,883957.TI,同花顺全A(沪深京),1143580620000.0,11435.8062,1.14358062,3218.0,1250.0,0.7202327663384065,1968.0,121.0,4.0,117.0,2021,2021-12,72.02327663384065
2021-12-02,883957.TI,同花顺全A(沪深京),1154407810000.0,11544.0781,1.15440781,1096.0,3353.0,0.2463474938188357,-2257.0,77.0,7.0,70.0,2021,2021-12,24.63474938188357
2021-12-03,883957.TI,同花顺全A(沪深京),1136503830000.0,11365.0383,1.13650383,2641.0,1716.0,0.6061510213449621,925.0,79.0,9.0,70.0,2021,2021-12,60.61510213449621
2021-12-06,883957.TI,同花顺全A(沪深京),1204799980000.0,12047.9998,1.20479998,955.0,3528.0,0.2130269908543386,-2573.0,64.0,12.0,52.0,2021,2021-12,21.30269908543386
2021-12-07,883957.TI,同花顺全A(沪深京),1200734060000.0,12007.3406,1.20073406,1712.0,2716.0,0.3866305329719964,-1004.0,97.0,19.0,78.0,2021,2021-12,38.66305329719964
2021-12-08,883957.TI,同花顺全A(沪深京),1101067400000.0,11010.674,1.1010674,3238.0,1123.0,0.7424902545287778,2115.0,89.0,22.0,67.0,2021,2021-12,74.24902545287779
2021-12-09,883957.TI,同花顺全A(沪深京),1264781930000.0,12647.8193,1.26478193,2660.0,1758.0,0.6020823902218199,902.0,77.0,18.0,59.0,2021,2021-12,60.20823902218199
2021-12-10,883957.TI,同花顺全A(沪深京),1231206790000.0,12312.0679,1.23120679,2235.0,2173.0,0.5070326678765881,62.0,87.0,4.0,83.0,2021,2021-12,50.703266787658805
2021-12-13,883957.TI,同花顺全A(沪深京),1271885380000.0,12718.8538,1.27188538,2269.0,2138.0,0.5148627184025414,131.0,87.0,17.0,70.0,2021,2021-12,51.48627184025414
2021-12-14,883957.TI,同花顺全A(沪深京),1141776740000.0,11417.7674,1.14177674,2486.0,1946.0,0.5609205776173285,540.0,108.0,8.0,100.0,2021,2021-12,56.092057761732846
2021-12-15,883957.TI,同花顺全A(沪深京),1137084420000.0,11370.8442,1.13708442,2092.0,2301.0,0.4762121557022535,-209.0,95.0,8.0,87.0,2021,2021-12,47.62121557022535
2021-12-16,883957.TI,同花顺全A(沪深京),1114494440000.0,11144.9444,1.11449444,2975.0,1443.0,0.6733816206428248,1532.0,98.0,5.0,93.0,2021,2021-12,67.33816206428249
2021-12-17,883957.TI,同花顺全A(沪深京),1160268330000.0,11602.6833,1.16026833,1350.0,3084.0,0.3044654939106901,-1734.0,97.0,8.0,89.0,2021,2021-12,30.446549391069013
2021-12-20,883957.TI,同花顺全A(沪深京),1159378020000.0,11593.7802,1.15937802,1411.0,3069.0,0.3149553571428571,-1658.0,112.0,27.0,85.0,2021,2021-12,31.495535714285715
2021-12-21,883957.TI,同花顺全A(沪深京),1001130160000.0,10011.3016,1.00113016,3624.0,896.0,0.8017699115044248,2728.0,160.0,11.0,149.0,2021,2021-12,80.17699115044248
2021-12-22,883957.TI,同花顺全A(沪深京),1057865770000.0,10578.6577,1.05786577,2328.0,2125.0,0.5227936222771166,203.0,96.0,12.0,84.0,2021,2021-12,52.27936222771166
2021-12-23,883957.TI,同花顺全A(沪深京),1078128070000.0,10781.2807,1.07812807,1503.0,2994.0,0.3342228152101401,-1491.0,76.0,35.0,41.0,2021,2021-12,33.42228152101401
2021-12-24,883957.TI,同花顺全A(沪深京),1128701720000.0,11287.0172,1.12870172,1026.0,3490.0,0.2271922054915854,-2464.0,58.0,41.0,17.0,2021,2021-12,22.719220549158543
2021-12-27,883957.TI,同花顺全A(沪深京),975730640000.0,9757.3064,0.97573064,2724.0,1726.0,0.6121348314606742,998.0,76.0,31.0,45.0,2021,2021-12,61.21348314606742
2021-12-28,883957.TI,同花顺全A(沪深京),1004023310000.0,10040.2331,1.00402331,2750.0,1714.0,0.6160394265232975,1036.0,70.0,18.0,52.0,2021,2021-12,61.60394265232975
2021-12-29,883957.TI,同花顺全A(沪深京),998772460000.0,9987.7246,0.99877246,1893.0,2517.0,0.4292517006802721,-624.0,73.0,15.0,58.0,2021,2021-12,42.925170068027214
2021-12-30,883957.TI,同花顺全A(沪深京),1020190430000.0,10201.9043,1.02019043,2924.0,1469.0,0.6656043705895743,1455.0,102.0,5.0,97.0,2021,2021-12,66.56043705895743
2021-12-31,883957.TI,同花顺全A(沪深京),1063610860000.0,10636.1086,1.06361086,2728.0,1691.0,0.6173342385155013,1037.0,73.0,12.0,61.0,2021,2021-12,61.73342385155013
2022-01-04,883957.TI,同花顺全A(沪深京),1268683340000.0,12686.8334,1.26868334,3299.0,1243.0,0.7263320123293703,2056.0,121.0,24.0,97.0,2022,2022-01,72.63320123293703
2022-01-05,883957.TI,同花顺全A(沪深京),1307550270000.0,13075.5027,1.30755027,1109.0,3400.0,0.245952539365713,-2291.0,71.0,37.0,34.0,2022,2022-01,24.5952539365713
2022-01-06,883957.TI,同花顺全A(沪深京),1136833220000.0,11368.3322,1.13683322,2965.0,1480.0,0.6670416197975253,1485.0,98.0,9.0,89.0,2022,2022-01,66.70416197975253
2022-01-07,883957.TI,同花顺全A(沪深京),1208681970000.0,12086.8197,1.20868197,1213.0,3298.0,0.2688982487253381,-2085.0,53.0,26.0,27.0,2022,2022-01,26.889824872533808
2022-01-10,883957.TI,同花顺全A(沪深京),1052561020000.0,10525.6102,1.05256102,3063.0,1394.0,0.6872335651783711,1669.0,91.0,15.0,76.0,2022,2022-01,68.7233565178371
2022-01-11,883957.TI,同花顺全A(沪深京),1055308450000.0,10553.0845,1.05530845,1686.0,2751.0,0.3799864773495605,-1065.0,71.0,12.0,59.0,2022,2022-01,37.99864773495605
2022-01-12,883957.TI,同花顺全A(沪深京),1062265620000.0,10622.6562,1.06226562,3353.0,1107.0,0.7517937219730941,2246.0,106.0,4.0,102.0,2022,2022-01,75.17937219730942
2022-01-13,883957.TI,同花顺全A(沪深京),1094312330000.0,10943.1233,1.09431233,1240.0,3218.0,0.2781516375056079,-1978.0,65.0,16.0,49.0,2022,2022-01,27.81516375056079
2022-01-14,883957.TI,同花顺全A(沪深京),1108759210000.0,11087.5921,1.10875921,1528.0,3029.0,0.3353083168751371,-1501.0,84.0,19.0,65.0,2022,2022-01,33.53083168751371
2022-01-17,883957.TI,同花顺全A(沪深京),1121965640000.0,11219.6564,1.12196564,3292.0,1178.0,0.7364653243847875,2114.0,115.0,30.0,85.0,2022,2022-01,73.64653243847876
2022-01-18,883957.TI,同花顺全A(沪深京),1198614490000.0,11986.1449,1.19861449,1339.0,3179.0,0.2963700752545374,-1840.0,55.0,63.0,-8.0,2022,2022-01,29.63700752545374
2022-01-19,883957.TI,同花顺全A(沪深京),1067539400000.0,10675.394,1.0675394,2348.0,2134.0,0.5238732708612227,214.0,71.0,20.0,51.0,2022,2022-01,52.38732708612227
2022-01-20,883957.TI,同花顺全A(沪深京),1133017200000.0,11330.172,1.1330172,744.0,3829.0,0.1626940739120927,-3085.0,50.0,30.0,20.0,2022,2022-01,16.269407391209274
2022-01-21,883957.TI,同花顺全A(沪深京),986996640000.0,9869.9664,0.98699664,1374.0,3107.0,0.3066279848248159,-1733.0,60.0,51.0,9.0,2022,2022-01,30.66279848248159
2022-01-24,883957.TI,同花顺全A(沪深京),865500680000.0,8655.0068,0.86550068,1781.0,2704.0,0.3971014492753623,-923.0,66.0,44.0,22.0,2022,2022-01,39.71014492753624
2022-01-25,883957.TI,同花顺全A(沪深京),938360550000.0,9383.6055,0.93836055,266.0,4333.0,0.0578386605783866,-4067.0,32.0,81.0,-49.0,2022,2022-01,5.78386605783866
2022-01-26,883957.TI,同花顺全A(沪深京),785147040000.0,7851.4704,0.78514704,3086.0,1406.0,0.6869991095280499,1680.0,61.0,49.0,12.0,2022,2022-01,68.69991095280498
2022-01-27,883957.TI,同花顺全A(沪深京),820355770000.0,8203.5577,0.82035577,263.0,4328.0,0.0572859943367458,-4065.0,18.0,110.0,-92.0,2022,2022-01,5.728599433674581
2022-01-28,883957.TI,同花顺全A(沪深京),817926360000.0,8179.2636,0.81792636,3291.0,1258.0,0.7234557045504506,2033.0,63.0,39.0,24.0,2022,2022-01,72.34557045504506
2022-02-07,883957.TI,同花顺全A(沪深京),824117410000.0,8241.1741,0.82411741,3448.0,1110.0,0.7564721369021501,2338.0,110.0,47.0,63.0,2022,2022-02,75.64721369021501
2022-02-08,883957.TI,同花顺全A(沪深京),879697640000.0,8796.9764,0.87969764,3630.0,949.0,0.7927495086263376,2681.0,97.0,18.0,79.0,2022,2022-02,79.27495086263376
2022-02-09,883957.TI,同花顺全A(沪深京),932810670000.0,9328.1067,0.93281067,3499.0,969.0,0.7831244404655326,2530.0,115.0,6.0,109.0,2022,2022-02,78.31244404655327
2022-02-10,883957.TI,同花顺全A(沪深京),937310110000.0,9373.1011,0.93731011,1698.0,2771.0,0.379950771984784,-1073.0,68.0,8.0,60.0,2022,2022-02,37.995077198478405
2022-02-11,883957.TI,同花顺全A(沪深京),992721200000.0,9927.212,0.9927212,597.0,3964.0,0.1308923481692611,-3367.0,59.0,21.0,38.0,2022,2022-02,13.089234816926112
2022-02-14,883957.TI,同花顺全A(沪深京),863522560000.0,8635.2256,0.86352256,2179.0,2301.0,0.4863839285714286,-122.0,97.0,19.0,78.0,2022,2022-02,48.63839285714286
2022-02-15,883957.TI,同花顺全A(沪深京),827922570000.0,8279.2257,0.82792257,2380.0,2082.0,0.5333930972658001,298.0,68.0,18.0,50.0,2022,2022-02,53.33930972658001
2022-02-16,883957.TI,同花顺全A(沪深京),808070050000.0,8080.7005,0.80807005,3519.0,999.0,0.7788844621513944,2520.0,83.0,4.0,79.0,2022,2022-02,77.88844621513944
2022-02-17,883957.TI,同花顺全A(沪深京),910061660000.0,9100.6166,0.91006166,1580.0,2946.0,0.3490941228457799,-1366.0,58.0,15.0,43.0,2022,2022-02,34.909412284578
2022-02-18,883957.TI,同花顺全A(沪深京),806708150000.0,8067.0815,0.80670815,3059.0,1447.0,0.678872614292055,1612.0,70.0,1.0,69.0,2022,2022-02,67.88726142920551
2022-02-21,883957.TI,同花顺全A(沪深京),901617940000.0,9016.1794,0.90161794,3388.0,1138.0,0.7485638532920902,2250.0,115.0,6.0,109.0,2022,2022-02,74.85638532920902
2022-02-22,883957.TI,同花顺全A(沪深京),979275440000.0,9792.7544,0.97927544,885.0,3698.0,0.1931049530874972,-2813.0,62.0,10.0,52.0,2022,2022-02,19.31049530874973
2022-02-23,883957.TI,同花顺全A(沪深京),1040948490000.0,10409.4849,1.04094849,3542.0,961.0,0.7865867199644682,2581.0,102.0,3.0,99.0,2022,2022-02,78.65867199644681
2022-02-24,883957.TI,同花顺全A(沪深京),1364143800000.0,13641.438,1.3641438,652.0,3951.0,0.1416467521181837,-3299.0,46.0,36.0,10.0,2022,2022-02,14.16467521181838
2022-02-25,883957.TI,同花顺全A(沪深京),1019565220000.0,10195.6522,1.01956522,3336.0,1159.0,0.7421579532814238,2177.0,75.0,7.0,68.0,2022,2022-02,74.21579532814238
2022-02-28,883957.TI,同花顺全A(沪深京),949932470000.0,9499.3247,0.94993247,1971.0,2528.0,0.4380973549677706,-557.0,60.0,20.0,40.0,2022,2022-02,43.809735496777066
2022-03-01,883957.TI,同花顺全A(沪深京),969645630000.0,9696.4563,0.96964563,3166.0,1347.0,0.7015289164635498,1819.0,70.0,7.0,63.0,2022,2022-03,70.15289164635497
2022-03-02,883957.TI,同花顺全A(沪深京),898558250000.0,8985.5825,0.89855825,2594.0,1893.0,0.5781145531535548,701.0,74.0,2.0,72.0,2022,2022-03,57.811455315355474
2022-03-03,883957.TI,同花顺全A(沪深京),1011173000000.0,10111.73,1.011173,1850.0,2674.0,0.4089301503094606,-824.0,90.0,10.0,80.0,2022,2022-03,40.89301503094607
2022-03-04,883957.TI,同花顺全A(沪深京),1007270630000.0,10072.7063,1.00727063,1019.0,3547.0,0.2231712658782303,-2528.0,59.0,26.0,33.0,2022,2022-03,22.31712658782304
2022-03-07,883957.TI,同花顺全A(沪深京),1021614660000.0,10216.1466,1.02161466,829.0,3745.0,0.1812418014866637,-2916.0,64.0,23.0,41.0,2022,2022-03,18.124180148666376
2022-03-08,883957.TI,同花顺全A(沪深京),1110704610000.0,11107.0461,1.11070461,444.0,4176.0,0.0961038961038961,-3732.0,23.0,75.0,-52.0,2022,2022-03,9.61038961038961
2022-03-09,883957.TI,同花顺全A(沪深京),1161482520000.0,11614.8252,1.16148252,1076.0,3525.0,0.2338622038687242,-2449.0,53.0,23.0,30.0,2022,2022-03,23.38622038687242
2022-03-10,883957.TI,同花顺全A(沪深京),1079256350000.0,10792.5635,1.07925635,3567.0,971.0,0.7860290877038343,2596.0,98.0,4.0,94.0,2022,2022-03,78.60290877038342
2022-03-11,883957.TI,同花顺全A(沪深京),1050942870000.0,10509.4287,1.05094287,2893.0,1598.0,0.6441772433756402,1295.0,78.0,9.0,69.0,2022,2022-03,64.41772433756402
2022-03-14,883957.TI,同花顺全A(沪深京),970516920000.0,9705.1692,0.97051692,430.0,4196.0,0.0929528750540423,-3766.0,51.0,35.0,16.0,2022,2022-03,9.295287505404238
2022-03-15,883957.TI,同花顺全A(沪深京),1124685070000.0,11246.8507,1.12468507,245.0,4400.0,0.0527448869752422,-4155.0,34.0,137.0,-103.0,2022,2022-03,5.27448869752422
2022-03-16,883957.TI,同花顺全A(沪深京),1192830760000.0,11928.3076,1.19283076,4254.0,373.0,0.9193862113680572,3881.0,137.0,7.0,130.0,2022,2022-03,91.93862113680572
2022-03-17,883957.TI,同花顺全A(沪深京),1272777990000.0,12727.7799,1.27277799,3690.0,842.0,0.8142100617828774,2848.0,114.0,3.0,111.0,2022,2022-03,81.42100617828774
2022-03-18,883957.TI,同花顺全A(沪深京),989248140000.0,9892.4814,0.98924814,3477.0,1111.0,0.757846556233653,2366.0,123.0,2.0,121.0,2022,2022-03,75.78465562336531
2022-03-21,883957.TI,同花顺全A(沪深京),1016169070000.0,10161.6907,1.01616907,3192.0,1316.0,0.7080745341614907,1876.0,136.0,2.0,134.0,2022,2022-03,70.80745341614907
2022-03-22,883957.TI,同花顺全A(沪深京),958348730000.0,9583.4873,0.95834873,1947.0,2559.0,0.4320905459387483,-612.0,97.0,13.0,84.0,2022,2022-03,43.20905459387483
2022-03-23,883957.TI,同花顺全A(沪深京),942798460000.0,9427.9846,0.94279846,2272.0,2219.0,0.5059006902694277,53.0,84.0,13.0,71.0,2022,2022-03,50.59006902694277
2022-03-24,883957.TI,同花顺全A(沪深京),920877240000.0,9208.7724,0.92087724,1337.0,5221.0,0.203873132052455,-3884.0,76.0,17.0,59.0,2022,2022-03,20.3873132052455
2022-03-25,883957.TI,同花顺全A(沪深京),919044710000.0,9190.4471,0.91904471,1743.0,2750.0,0.3879367905630981,-1007.0,86.0,23.0,63.0,2022,2022-03,38.79367905630981
2022-03-28,883957.TI,同花顺全A(沪深京),870845860000.0,8708.4586,0.87084586,1782.0,2743.0,0.3938121546961326,-961.0,71.0,36.0,35.0,2022,2022-03,39.38121546961326
2022-03-29,883957.TI,同花顺全A(沪深京),864339210000.0,8643.3921,0.86433921,1548.0,4620.0,0.2509727626459144,-3072.0,70.0,25.0,45.0,2022,2022-03,25.09727626459144
2022-03-30,883957.TI,同花顺全A(沪深京),958578620000.0,9585.7862,0.95857862,3784.0,790.0,0.8272846523830345,2994.0,91.0,7.0,84.0,2022,2022-03,82.72846523830346
2022-03-31,883957.TI,同花顺全A(沪深京),1009444390000.0,10094.4439,1.00944439,2062.0,2478.0,0.4541850220264317,-416.0,58.0,22.0,36.0,2022,2022-03,45.418502202643175
2022-04-01,883957.TI,同花顺全A(沪深京),936050800000.0,9360.508,0.9360508,1958.0,2588.0,0.4307083150021997,-630.0,89.0,20.0,69.0,2022,2022-04,43.07083150021997
2022-04-06,883957.TI,同花顺全A(沪深京),966247050000.0,9662.4705,0.96624705,3223.0,1375.0,0.7009569377990431,1848.0,101.0,18.0,83.0,2022,2022-04,70.09569377990431
2022-04-07,883957.TI,同花顺全A(沪深京),923244550000.0,9232.4455,0.92324455,576.0,4054.0,0.1244060475161987,-3478.0,51.0,32.0,19.0,2022,2022-04,12.44060475161987
2022-04-08,883957.TI,同花顺全A(沪深京),926632500000.0,9266.325,0.9266325,1554.0,3025.0,0.339375409478052,-1471.0,78.0,20.0,58.0,2022,2022-04,33.9375409478052
2022-04-11,883957.TI,同花顺全A(沪深京),963936830000.0,9639.3683,0.96393683,557.0,4088.0,0.1199138858988159,-3531.0,61.0,63.0,-2.0,2022,2022-04,11.991388589881591
2022-04-12,883957.TI,同花顺全A(沪深京),916525400000.0,9165.254,0.9165254,3752.0,859.0,0.8137063543699848,2893.0,108.0,23.0,85.0,2022,2022-04,81.37063543699848
2022-04-13,883957.TI,同花顺全A(沪深京),873828200000.0,8738.282,0.8738282,839.0,3781.0,0.1816017316017316,-2942.0,59.0,63.0,-4.0,2022,2022-04,18.16017316017316
2022-04-14,883957.TI,同花顺全A(沪深京),870458720000.0,8704.5872,0.87045872,3191.0,1392.0,0.6962688195505128,1799.0,85.0,17.0,68.0,2022,2022-04,69.62688195505127
2022-04-15,883957.TI,同花顺全A(沪深京),911458960000.0,9114.5896,0.91145896,1018.0,3687.0,0.216365568544102,-2669.0,45.0,59.0,-14.0,2022,2022-04,21.6365568544102
2022-04-18,883957.TI,同花顺全A(沪深京),778577000000.0,7785.77,0.778577,2857.0,1779.0,0.6162640207075065,1078.0,92.0,61.0,31.0,2022,2022-04,61.62640207075065
2022-04-19,883957.TI,同花顺全A(沪深京),779495940000.0,7794.9594,0.77949594,2716.0,1911.0,0.5869894099848714,805.0,72.0,39.0,33.0,2022,2022-04,58.69894099848714
2022-04-20,883957.TI,同花顺全A(沪深京),820764000000.0,8207.64,0.820764,1313.0,3376.0,0.2800170612070804,-2063.0,66.0,38.0,28.0,2022,2022-04,28.001706120708043
2022-04-21,883957.TI,同花顺全A(沪深京),856551640000.0,8565.5164,0.85655164,334.0,4421.0,0.070241850683491,-4087.0,41.0,118.0,-77.0,2022,2022-04,7.024185068349106
2022-04-22,883957.TI,同花顺全A(沪深京),753409860000.0,7534.0986,0.75340986,1646.0,3036.0,0.3515591627509611,-1390.0,86.0,109.0,-23.0,2022,2022-04,35.15591627509611
2022-04-25,883957.TI,同花顺全A(沪深京),897001160000.0,8970.0116,0.89700116,151.0,4619.0,0.0316561844863731,-4468.0,31.0,683.0,-652.0,2022,2022-04,3.165618448637317
2022-04-26,883957.TI,同花顺全A(沪深京),838972470000.0,8389.7247,0.83897247,753.0,3979.0,0.1591293322062552,-3226.0,45.0,283.0,-238.0,2022,2022-04,15.912933220625527
2022-04-27,883957.TI,同花顺全A(沪深京),917979260000.0,9179.7926,0.91797926,3992.0,727.0,0.8459419368510278,3265.0,139.0,75.0,64.0,2022,2022-04,84.59419368510278
2022-04-28,883957.TI,同花顺全A(沪深京),840702060000.0,8407.0206,0.84070206,1224.0,3469.0,0.2608139782655018,-2245.0,90.0,75.0,15.0,2022,2022-04,26.08139782655018
2022-04-29,883957.TI,同花顺全A(沪深京),965308170000.0,9653.0817,0.96530817,4482.0,261.0,0.9449715370018976,4221.0,246.0,32.0,214.0,2022,2022-04,94.49715370018976
2022-05-05,883957.TI,同花顺全A(沪深京),901065440000.0,9010.6544,0.90106544,3528.0,1062.0,0.7686274509803922,2466.0,176.0,30.0,146.0,2022,2022-05,76.86274509803923
2022-05-06,883957.TI,同花顺全A(沪深京),760002830000.0,7600.0283,0.76000283,1266.0,3396.0,0.2715572715572715,-2130.0,106.0,58.0,48.0,2022,2022-05,27.15572715572716
2022-05-09,883957.TI,同花顺全A(沪深京),671703850000.0,6717.0385,0.67170385,3712.0,939.0,0.7981079337776822,2773.0,165.0,30.0,135.0,2022,2022-05,79.81079337776822
2022-05-10,883957.TI,同花顺全A(沪深京),847165020000.0,8471.6502,0.84716502,3766.0,835.0,0.8185177135405347,2931.0,124.0,27.0,97.0,2022,2022-05,81.85177135405347
2022-05-11,883957.TI,同花顺全A(沪深京),1078630070000.0,10786.3007,1.07863007,2174.0,2409.0,0.4743617717652192,-235.0,106.0,30.0,76.0,2022,2022-05,47.43617717652192
2022-05-12,883957.TI,同花顺全A(沪深京),821491860000.0,8214.9186,0.82149186,3142.0,1439.0,0.685876446190788,1703.0,89.0,29.0,60.0,2022,2022-05,68.5876446190788
2022-05-13,883957.TI,同花顺全A(沪深京),757655780000.0,7576.5578,0.75765578,2799.0,1766.0,0.6131434830230011,1033.0,120.0,29.0,91.0,2022,2022-05,61.31434830230012
2022-05-16,883957.TI,同花顺全A(沪深京),786597630000.0,7865.9763,0.78659763,2183.0,2375.0,0.4789381307591048,-192.0,113.0,22.0,91.0,2022,2022-05,47.89381307591049
2022-05-17,883957.TI,同花顺全A(沪深京),790267080000.0,7902.6708,0.79026708,1968.0,2640.0,0.4270833333333333,-672.0,87.0,29.0,58.0,2022,2022-05,42.70833333333333
2022-05-18,883957.TI,同花顺全A(沪深京),770633340000.0,7706.3334,0.77063334,2834.0,1762.0,0.6166231505657093,1072.0,116.0,9.0,107.0,2022,2022-05,61.662315056570925
2022-05-19,883957.TI,同花顺全A(沪深京),806819550000.0,8068.1955,0.80681955,2760.0,1805.0,0.6046002190580504,955.0,95.0,6.0,89.0,2022,2022-05,60.46002190580504
2022-05-20,883957.TI,同花顺全A(沪深京),920662320000.0,9206.6232,0.92066232,3553.0,1060.0,0.7702146108822892,2493.0,109.0,4.0,105.0,2022,2022-05,77.02146108822892
2022-05-23,883957.TI,同花顺全A(沪深京),859635330000.0,8596.3533,0.85963533,3506.0,1130.0,0.7562553925798102,2376.0,114.0,13.0,101.0,2022,2022-05,75.62553925798102
2022-05-24,883957.TI,同花顺全A(沪深京),990869460000.0,9908.6946,0.99086946,282.0,4463.0,0.0594309799789251,-4181.0,47.0,69.0,-22.0,2022,2022-05,5.943097997892519
2022-05-25,883957.TI,同花顺全A(沪深京),762119430000.0,7621.1943,0.76211943,4044.0,657.0,0.8602425015954053,3387.0,117.0,10.0,107.0,2022,2022-05,86.02425015954053
2022-05-26,883957.TI,同花顺全A(沪深京),822813530000.0,8228.1353,0.82281353,2753.0,1863.0,0.5964038128249567,890.0,75.0,10.0,65.0,2022,2022-05,59.64038128249567
2022-05-27,883957.TI,同花顺全A(沪深京),815701600000.0,8157.016,0.8157016,1898.0,2670.0,0.4154991243432574,-772.0,90.0,16.0,74.0,2022,2022-05,41.54991243432574
2022-05-30,883957.TI,同花顺全A(沪深京),810981180000.0,8109.8118,0.81098118,2986.0,1604.0,0.6505446623093681,1382.0,106.0,17.0,89.0,2022,2022-05,65.05446623093681
2022-05-31,883957.TI,同花顺全A(沪深京),935006230000.0,9350.0623,0.93500623,3363.0,1235.0,0.731404958677686,2128.0,106.0,17.0,89.0,2022,2022-05,73.14049586776859
2022-06-01,883957.TI,同花顺全A(沪深京),884927880000.0,8849.2788,0.88492788,2793.0,1804.0,0.6075701544485534,989.0,91.0,11.0,80.0,2022,2022-06,60.75701544485534
2022-06-02,883957.TI,同花顺全A(沪深京),891511680000.0,8915.1168,0.89151168,2989.0,1653.0,0.6439034898750539,1336.0,97.0,16.0,81.0,2022,2022-06,64.39034898750539
2022-06-06,883957.TI,同花顺全A(沪深京),1112544880000.0,11125.4488,1.11254488,3757.0,874.0,0.8112718635283956,2883.0,96.0,18.0,78.0,2022,2022-06,81.12718635283956
2022-06-07,883957.TI,同花顺全A(沪深京),1038890370000.0,10388.9037,1.03889037,1565.0,3105.0,0.3351177730192719,-1540.0,72.0,18.0,54.0,2022,2022-06,33.51177730192719
2022-06-08,883957.TI,同花顺全A(沪深京),1101245500000.0,11012.455,1.1012455,1702.0,2917.0,0.3684780255466551,-1215.0,81.0,10.0,71.0,2022,2022-06,36.84780255466551
2022-06-09,883957.TI,同花顺全A(沪深京),976903970000.0,9769.0397,0.97690397,722.0,3988.0,0.1532908704883227,-3266.0,50.0,13.0,37.0,2022,2022-06,15.329087048832273
2022-06-10,883957.TI,同花顺全A(沪深京),1050414130000.0,10504.1413,1.05041413,3996.0,636.0,0.8626943005181347,3360.0,104.0,5.0,99.0,2022,2022-06,86.26943005181347
2022-06-13,883957.TI,同花顺全A(沪深京),1090722680000.0,10907.2268,1.09072268,2384.0,2284.0,0.5107112253641817,100.0,84.0,7.0,77.0,2022,2022-06,51.071122536418166
2022-06-14,883957.TI,同花顺全A(沪深京),1099413320000.0,10994.1332,1.09941332,2155.0,2426.0,0.4704213053918358,-271.0,72.0,8.0,64.0,2022,2022-06,47.04213053918359
2022-06-15,883957.TI,同花顺全A(沪深京),1298629700000.0,12986.297,1.2986297,2085.0,2512.0,0.4535566673917772,-427.0,61.0,16.0,45.0,2022,2022-06,45.35566673917772
2022-06-16,883957.TI,同花顺全A(沪深京),1080604810000.0,10806.0481,1.08060481,2988.0,1655.0,0.6435494292483308,1333.0,74.0,6.0,68.0,2022,2022-06,64.35494292483308
2022-06-17,883957.TI,同花顺全A(沪深京),1093372160000.0,10933.7216,1.09337216,2342.0,2277.0,0.5070361550119074,65.0,72.0,3.0,69.0,2022,2022-06,50.70361550119073
2022-06-20,883957.TI,同花顺全A(沪深京),1164520680000.0,11645.2068,1.16452068,3223.0,1413.0,0.6952113891285591,1810.0,104.0,13.0,91.0,2022,2022-06,69.5211389128559
2022-06-21,883957.TI,同花顺全A(沪深京),1080123200000.0,10801.232,1.0801232,1711.0,2903.0,0.370827915041179,-1192.0,60.0,10.0,50.0,2022,2022-06,37.0827915041179
2022-06-22,883957.TI,同花顺全A(沪深京),996378770000.0,9963.7877,0.99637877,937.0,3784.0,0.1984748993857233,-2847.0,82.0,6.0,76.0,2022,2022-06,19.84748993857233
2022-06-23,883957.TI,同花顺全A(沪深京),1075938630000.0,10759.3863,1.07593863,3996.0,694.0,0.8520255863539445,3302.0,117.0,2.0,115.0,2022,2022-06,85.20255863539445
2022-06-24,883957.TI,同花顺全A(沪深京),1160368290000.0,11603.6829,1.16036829,3037.0,1556.0,0.6612236011321576,1481.0,117.0,3.0,114.0,2022,2022-06,66.12236011321576
2022-06-27,883957.TI,同花顺全A(沪深京),1229131820000.0,12291.3182,1.22913182,2739.0,1829.0,0.5996059544658494,910.0,116.0,4.0,112.0,2022,2022-06,59.96059544658494
2022-06-28,883957.TI,同花顺全A(沪深京),1222174340000.0,12221.7434,1.22217434,3607.0,1086.0,0.76859151928404,2521.0,139.0,0.0,139.0,2022,2022-06,76.859151928404
2022-06-29,883957.TI,同花顺全A(沪深京),1316687200000.0,13166.872,1.3166872,769.0,3967.0,0.1623733108108108,-3198.0,70.0,48.0,22.0,2022,2022-06,16.23733108108108
2022-06-30,883957.TI,同花顺全A(沪深京),1159985130000.0,11599.8513,1.15998513,2792.0,1774.0,0.6114761279018834,1018.0,97.0,18.0,79.0,2022,2022-06,61.14761279018835
2022-07-01,883957.TI,同花顺全A(沪深京),1051454540000.0,10514.5454,1.05145454,1921.0,2735.0,0.4125859106529209,-814.0,78.0,30.0,48.0,2022,2022-07,41.258591065292094
2022-07-04,883957.TI,同花顺全A(沪深京),1130725890000.0,11307.2589,1.13072589,2548.0,2097.0,0.5485468245425188,451.0,98.0,17.0,81.0,2022,2022-07,54.85468245425188
2022-07-05,883957.TI,同花顺全A(沪深京),1181241150000.0,11812.4115,1.18124115,1255.0,3462.0,0.2660589357642569,-2207.0,47.0,10.0,37.0,2022,2022-07,26.605893576425693
2022-07-06,883957.TI,同花顺全A(沪深京),1086829970000.0,10868.2997,1.08682997,1318.0,3398.0,0.2794741306191688,-2080.0,60.0,18.0,42.0,2022,2022-07,27.947413061916883
2022-07-07,883957.TI,同花顺全A(沪深京),1053247900000.0,10532.479,1.0532479,2604.0,1987.0,0.5671966891744717,617.0,89.0,3.0,86.0,2022,2022-07,56.71966891744717
2022-07-08,883957.TI,同花顺全A(沪深京),1029565130000.0,10295.6513,1.02956513,2553.0,2064.0,0.552956465237167,489.0,73.0,10.0,63.0,2022,2022-07,55.2956465237167
2022-07-11,883957.TI,同花顺全A(沪深京),1008960460000.0,10089.6046,1.00896046,1432.0,3255.0,0.3055259227650949,-1823.0,66.0,17.0,49.0,2022,2022-07,30.552592276509493
2022-07-12,883957.TI,同花顺全A(沪深京),976934320000.0,9769.3432,0.97693432,1014.0,3700.0,0.2151039456936784,-2686.0,55.0,18.0,37.0,2022,2022-07,21.51039456936784
2022-07-13,883957.TI,同花顺全A(沪深京),942444120000.0,9424.4412,0.94244412,3387.0,1287.0,0.7246469833119383,2100.0,107.0,9.0,98.0,2022,2022-07,72.46469833119383
2022-07-14,883957.TI,同花顺全A(沪深京),1027936010000.0,10279.3601,1.02793601,2600.0,2087.0,0.5547258374226585,513.0,78.0,15.0,63.0,2022,2022-07,55.47258374226585
2022-07-15,883957.TI,同花顺全A(沪深京),1088054150000.0,10880.5415,1.08805415,1009.0,3778.0,0.2107791936494673,-2769.0,64.0,52.0,12.0,2022,2022-07,21.07791936494673
2022-07-18,883957.TI,同花顺全A(沪深京),1021650720000.0,10216.5072,1.02165072,4109.0,668.0,0.8601632823948084,3441.0,132.0,2.0,130.0,2022,2022-07,86.01632823948084
2022-07-19,883957.TI,同花顺全A(沪深京),997141010000.0,9971.4101,0.99714101,3307.0,1378.0,0.7058697972251867,1929.0,100.0,5.0,95.0,2022,2022-07,70.58697972251868
2022-07-20,883957.TI,同花顺全A(沪深京),952958320000.0,9529.5832,0.95295832,3125.0,1493.0,0.676699870073625,1632.0,104.0,7.0,97.0,2022,2022-07,67.6699870073625
2022-07-21,883957.TI,同花顺全A(沪深京),1018826300000.0,10188.263,1.0188263,1594.0,3070.0,0.3417667238421955,-1476.0,82.0,2.0,80.0,2022,2022-07,34.17667238421955
2022-07-22,883957.TI,同花顺全A(沪深京),941887480000.0,9418.8748,0.94188748,1889.0,2763.0,0.4060619088564058,-874.0,73.0,8.0,65.0,2022,2022-07,40.606190885640586
2022-07-25,883957.TI,同花顺全A(沪深京),862531940000.0,8625.3194,0.86253194,1472.0,3239.0,0.3124601995330078,-1767.0,68.0,21.0,47.0,2022,2022-07,31.246019953300785
2022-07-26,883957.TI,同花顺全A(沪深京),834805890000.0,8348.0589,0.83480589,3553.0,1145.0,0.7562792677735206,2408.0,93.0,7.0,86.0,2022,2022-07,75.62792677735206
2022-07-27,883957.TI,同花顺全A(沪深京),869428080000.0,8694.2808,0.86942808,2816.0,1828.0,0.6063738156761412,988.0,100.0,7.0,93.0,2022,2022-07,60.63738156761412
2022-07-28,883957.TI,同花顺全A(沪深京),1008035880000.0,10080.3588,1.00803588,2913.0,1704.0,0.6309291747888239,1209.0,102.0,3.0,99.0,2022,2022-07,63.09291747888239
2022-07-29,883957.TI,同花顺全A(沪深京),1014993530000.0,10149.9353,1.01499353,1385.0,3336.0,0.2933700487184918,-1951.0,69.0,13.0,56.0,2022,2022-07,29.33700487184919
2022-08-01,883957.TI,同花顺全A(沪深京),996286550000.0,9962.8655,0.99628655,2536.0,2138.0,0.5425759520753102,398.0,101.0,9.0,92.0,2022,2022-08,54.25759520753102
2022-08-02,883957.TI,同花顺全A(沪深京),1183940970000.0,11839.4097,1.18394097,401.0,4430.0,0.0830055889049886,-4029.0,55.0,85.0,-30.0,2022,2022-08,8.300558890498861
2022-08-03,883957.TI,同花顺全A(沪深京),1117471650000.0,11174.7165,1.11747165,1725.0,2998.0,0.3652339614651704,-1273.0,49.0,29.0,20.0,2022,2022-08,36.52339614651704
2022-08-04,883957.TI,同花顺全A(沪深京),901470770000.0,9014.7077,0.90147077,3786.0,969.0,0.7962145110410095,2817.0,89.0,10.0,79.0,2022,2022-08,79.62145110410094
2022-08-05,883957.TI,同花顺全A(沪深京),997187660000.0,9971.8766,0.99718766,3468.0,1266.0,0.7325728770595691,2202.0,69.0,19.0,50.0,2022,2022-08,73.25728770595691
2022-08-08,883957.TI,同花顺全A(沪深京),954152800000.0,9541.528,0.9541528,3500.0,1173.0,0.748983522362508,2327.0,118.0,3.0,115.0,2022,2022-08,74.8983522362508
2022-08-09,883957.TI,同花顺全A(沪深京),954330080000.0,9543.3008,0.95433008,2182.0,2479.0,0.4681398841450332,-297.0,91.0,1.0,90.0,2022,2022-08,46.81398841450333
2022-08-10,883957.TI,同花顺全A(沪深京),968425650000.0,9684.2565,0.96842565,2197.0,2394.0,0.4785449793073404,-197.0,87.0,4.0,83.0,2022,2022-08,47.85449793073405
2022-08-11,883957.TI,同花顺全A(沪深京),1067251910000.0,10672.5191,1.06725191,3582.0,1078.0,0.7686695278969957,2504.0,81.0,8.0,73.0,2022,2022-08,76.86695278969957
2022-08-12,883957.TI,同花顺全A(沪深京),1000717970000.0,10007.1797,1.00071797,1940.0,2646.0,0.4230266027038813,-706.0,66.0,9.0,57.0,2022,2022-08,42.30266027038814
2022-08-15,883957.TI,同花顺全A(沪深京),976853370000.0,9768.5337,0.97685337,2244.0,2336.0,0.4899563318777292,-92.0,92.0,8.0,84.0,2022,2022-08,48.99563318777293
2022-08-16,883957.TI,同花顺全A(沪深京),1020818890000.0,10208.1889,1.02081889,2785.0,1799.0,0.6075479930191972,986.0,96.0,1.0,95.0,2022,2022-08,60.75479930191972
2022-08-17,883957.TI,同花顺全A(沪深京),1074831240000.0,10748.3124,1.07483124,2448.0,2131.0,0.5346145446604063,317.0,85.0,4.0,81.0,2022,2022-08,53.46145446604063
2022-08-18,883957.TI,同花顺全A(沪深京),1054718720000.0,10547.1872,1.05471872,1944.0,2729.0,0.4160068478493473,-785.0,89.0,6.0,83.0,2022,2022-08,41.600684784934735
2022-08-19,883957.TI,同花顺全A(沪深京),1120696480000.0,11206.9648,1.12069648,1194.0,3427.0,0.2583856308158407,-2233.0,65.0,12.0,53.0,2022,2022-08,25.83856308158407
2022-08-22,883957.TI,同花顺全A(沪深京),1026443000000.0,10264.43,1.026443,2861.0,1759.0,0.6192640692640693,1102.0,88.0,11.0,77.0,2022,2022-08,61.926406926406926
2022-08-23,883957.TI,同花顺全A(沪深京),1002299440000.0,10022.9944,1.00229944,2348.0,2262.0,0.5093275488069414,86.0,81.0,5.0,76.0,2022,2022-08,50.93275488069414
2022-08-24,883957.TI,同花顺全A(沪深京),1126046150000.0,11260.4615,1.12604615,417.0,4324.0,0.0879561273992828,-3907.0,40.0,37.0,3.0,2022,2022-08,8.795612739928286
2022-08-25,883957.TI,同花顺全A(沪深京),986412290000.0,9864.1229,0.98641229,2047.0,2617.0,0.438893653516295,-570.0,69.0,29.0,40.0,2022,2022-08,43.8893653516295
2022-08-26,883957.TI,同花顺全A(沪深京),929146680000.0,9291.4668,0.92914668,1694.0,2949.0,0.3648503122980831,-1255.0,45.0,35.0,10.0,2022,2022-08,36.48503122980832
2022-08-29,883957.TI,同花顺全A(沪深京),845772060000.0,8457.7206,0.84577206,2987.0,1653.0,0.64375,1334.0,68.0,10.0,58.0,2022,2022-08,64.375
2022-08-30,883957.TI,同花顺全A(沪深京),838383270000.0,8383.8327,0.83838327,2174.0,2487.0,0.4664235142673246,-313.0,46.0,17.0,29.0,2022,2022-08,46.64235142673246
2022-08-31,883957.TI,同花顺全A(沪深京),1002179860000.0,10021.7986,1.00217986,674.0,4070.0,0.1420741989881956,-3396.0,39.0,65.0,-26.0,2022,2022-08,14.207419898819564
2022-09-01,883957.TI,同花顺全A(沪深京),794622960000.0,7946.2296,0.79462296,1737.0,2904.0,0.3742727860374919,-1167.0,46.0,19.0,27.0,2022,2022-09,37.4272786037492
2022-09-02,883957.TI,同花顺全A(沪深京),746711740000.0,7467.1174,0.74671174,3539.0,1113.0,0.7607480653482374,2426.0,69.0,10.0,59.0,2022,2022-09,76.07480653482374
2022-09-05,883957.TI,同花顺全A(沪深京),769577080000.0,7695.7708,0.76957708,2489.0,2195.0,0.5313834329632793,294.0,64.0,11.0,53.0,2022,2022-09,53.138343296327925
2022-09-06,883957.TI,同花顺全A(沪深京),869164140000.0,8691.6414,0.86916414,3589.0,1046.0,0.7743257820927724,2543.0,67.0,2.0,65.0,2022,2022-09,77.43257820927724
2022-09-07,883957.TI,同花顺全A(沪深京),872133990000.0,8721.3399,0.87213399,2263.0,2379.0,0.487505385609651,-116.0,66.0,12.0,54.0,2022,2022-09,48.750538560965104
2022-09-08,883957.TI,同花顺全A(沪深京),788287560000.0,7882.8756,0.78828756,1120.0,3547.0,0.2399828583672595,-2427.0,49.0,7.0,42.0,2022,2022-09,23.998285836725948
2022-09-09,883957.TI,同花顺全A(沪深京),779525900000.0,7795.259,0.7795259,2340.0,2287.0,0.5057272530797493,53.0,51.0,9.0,42.0,2022,2022-09,50.57272530797493
2022-09-13,883957.TI,同花顺全A(沪深京),771216500000.0,7712.165,0.7712165,2524.0,2096.0,0.5463203463203463,428.0,65.0,10.0,55.0,2022,2022-09,54.63203463203463
2022-09-14,883957.TI,同花顺全A(沪深京),722552740000.0,7225.5274,0.72255274,1146.0,3545.0,0.2442975911319548,-2399.0,43.0,9.0,34.0,2022,2022-09,24.42975911319548
2022-09-15,883957.TI,同花顺全A(沪深京),918759590000.0,9187.5959,0.91875959,671.0,4079.0,0.1412631578947368,-3408.0,38.0,43.0,-5.0,2022,2022-09,14.126315789473685
2022-09-16,883957.TI,同花顺全A(沪深京),798874370000.0,7988.7437,0.79887437,571.0,4194.0,0.1198321091290661,-3623.0,27.0,43.0,-16.0,2022,2022-09,11.98321091290661
2022-09-19,883957.TI,同花顺全A(沪深京),665131370000.0,6651.3137,0.66513137,1098.0,3613.0,0.2330715347060072,-2515.0,37.0,45.0,-8.0,2022,2022-09,23.30715347060072
2022-09-20,883957.TI,同花顺全A(沪深京),650727640000.0,6507.2764,0.65072764,3747.0,939.0,0.7996158770806658,2808.0,66.0,3.0,63.0,2022,2022-09,79.96158770806659
2022-09-21,883957.TI,同花顺全A(沪深京),635777370000.0,6357.7737,0.63577737,2877.0,1775.0,0.6184436801375752,1102.0,47.0,10.0,37.0,2022,2022-09,61.84436801375752
2022-09-22,883957.TI,同花顺全A(沪深京),638254860000.0,6382.5486,0.63825486,1553.0,3129.0,0.3316958564715933,-1576.0,40.0,8.0,32.0,2022,2022-09,33.16958564715933
2022-09-23,883957.TI,同花顺全A(沪深京),667127610000.0,6671.2761,0.66712761,574.0,4161.0,0.1212249208025343,-3587.0,27.0,26.0,1.0,2022,2022-09,12.122492080253432
2022-09-26,883957.TI,同花顺全A(沪深京),667215180000.0,6672.1518,0.66721518,913.0,3861.0,0.1912442396313364,-2948.0,41.0,37.0,4.0,2022,2022-09,19.12442396313364
2022-09-27,883957.TI,同花顺全A(沪深京),665866940000.0,6658.6694,0.66586694,4314.0,452.0,0.9051615610574906,3862.0,80.0,7.0,73.0,2022,2022-09,90.51615610574906
2022-09-28,883957.TI,同花顺全A(沪深京),646972640000.0,6469.7264,0.64697264,417.0,4371.0,0.0870927318295739,-3954.0,43.0,29.0,14.0,2022,2022-09,8.709273182957393
2022-09-29,883957.TI,同花顺全A(沪深京),624338110000.0,6243.3811,0.62433811,1618.0,3078.0,0.3445485519591141,-1460.0,29.0,30.0,-1.0,2022,2022-09,34.45485519591141
2022-09-30,883957.TI,同花顺全A(沪深京),560620430000.0,5606.2043,0.56062043,1250.0,3381.0,0.2699201036493198,-2131.0,45.0,27.0,18.0,2022,2022-09,26.99201036493198
2022-10-10,883957.TI,同花顺全A(沪深京),627695320000.0,6276.9532,0.62769532,825.0,3897.0,0.1747141041931385,-3072.0,35.0,61.0,-26.0,2022,2022-10,17.47141041931385
2022-10-11,883957.TI,同花顺全A(沪深京),563623030000.0,5636.2303,0.56362303,2937.0,1749.0,0.6267605633802817,1188.0,57.0,16.0,41.0,2022,2022-10,62.676056338028175
2022-10-12,883957.TI,同花顺全A(沪深京),709921070000.0,7099.2107,0.70992107,4457.0,335.0,0.9300918196994992,4122.0,91.0,2.0,89.0,2022,2022-10,93.00918196994992
2022-10-13,883957.TI,同花顺全A(沪深京),728126180000.0,7281.2618,0.72812618,3143.0,1502.0,0.6766415500538213,1641.0,78.0,10.0,68.0,2022,2022-10,67.66415500538213
2022-10-14,883957.TI,同花顺全A(沪深京),860523540000.0,8605.2354,0.86052354,4409.0,358.0,0.9249003566184184,4051.0,110.0,3.0,107.0,2022,2022-10,92.49003566184184
2022-10-17,883957.TI,同花顺全A(沪深京),807108390000.0,8071.0839,0.80710839,3868.0,865.0,0.8172406507500528,3003.0,97.0,4.0,93.0,2022,2022-10,81.72406507500529
2022-10-18,883957.TI,同花顺全A(沪深京),793590700000.0,7935.907,0.7935907,2107.0,2512.0,0.456159341848885,-405.0,75.0,4.0,71.0,2022,2022-10,45.6159341848885
2022-10-19,883957.TI,同花顺全A(沪深京),758198500000.0,7581.985,0.7581985,1023.0,3704.0,0.2164163317114449,-2681.0,56.0,8.0,48.0,2022,2022-10,21.641633171144488
2022-10-20,883957.TI,同花顺全A(沪深京),796003420000.0,7960.0342,0.79600342,1767.0,2865.0,0.3814766839378238,-1098.0,57.0,15.0,42.0,2022,2022-10,38.14766839378238
2022-10-21,883957.TI,同花顺全A(沪深京),712148230000.0,7121.4823,0.71214823,2156.0,2438.0,0.4693077927731824,-282.0,56.0,19.0,37.0,2022,2022-10,46.93077927731824
2022-10-24,883957.TI,同花顺全A(沪深京),880620730000.0,8806.2073,0.88062073,1000.0,3776.0,0.2093802345058626,-2776.0,37.0,41.0,-4.0,2022,2022-10,20.938023450586265
2022-10-25,883957.TI,同花顺全A(沪深京),802599190000.0,8025.9919,0.80259919,1851.0,2848.0,0.393913598638008,-997.0,57.0,29.0,28.0,2022,2022-10,39.39135986380081
2022-10-26,883957.TI,同花顺全A(沪深京),913931220000.0,9139.3122,0.91393122,3961.0,772.0,0.8368899218254807,3189.0,83.0,8.0,75.0,2022,2022-10,83.68899218254808
2022-10-27,883957.TI,同花顺全A(沪深京),923665220000.0,9236.6522,0.92366522,2204.0,2465.0,0.4720496894409938,-261.0,51.0,20.0,31.0,2022,2022-10,47.20496894409938
2022-10-28,883957.TI,同花顺全A(沪深京),909335870000.0,9093.3587,0.90933587,381.0,4439.0,0.0790456431535269,-4058.0,26.0,83.0,-57.0,2022,2022-10,7.904564315352696
2022-10-31,883957.TI,同花顺全A(沪深京),882680510000.0,8826.8051,0.88268051,3219.0,1528.0,0.6781124921002739,1691.0,80.0,39.0,41.0,2022,2022-10,67.8112492100274
2022-11-01,883957.TI,同花顺全A(沪深京),977233090000.0,9772.3309,0.97723309,4345.0,470.0,0.9023883696780892,3875.0,89.0,2.0,87.0,2022,2022-11,90.23883696780894
2022-11-02,883957.TI,同花顺全A(沪深京),1051852810000.0,10518.5281,1.05185281,3568.0,1072.0,0.7689655172413793,2496.0,90.0,5.0,85.0,2022,2022-11,76.89655172413794
2022-11-03,883957.TI,同花顺全A(沪深京),886361700000.0,8863.617,0.8863617,2524.0,2140.0,0.5411663807890223,384.0,51.0,5.0,46.0,2022,2022-11,54.11663807890224
2022-11-04,883957.TI,同花顺全A(沪深京),1080349270000.0,10803.4927,1.08034927,4086.0,667.0,0.8596675783715548,3419.0,79.0,2.0,77.0,2022,2022-11,85.96675783715548
2022-11-07,883957.TI,同花顺全A(沪深京),1005956790000.0,10059.5679,1.00595679,3013.0,1684.0,0.6414732808175431,1329.0,77.0,0.0,77.0,2022,2022-11,64.14732808175431
2022-11-08,883957.TI,同花顺全A(沪深京),835584030000.0,8355.8403,0.83558403,1924.0,2723.0,0.4140305573488272,-799.0,55.0,1.0,54.0,2022,2022-11,41.40305573488272
2022-11-09,883957.TI,同花顺全A(沪深京),778498540000.0,7784.9854,0.77849854,1991.0,2610.0,0.4327320147793957,-619.0,58.0,4.0,54.0,2022,2022-11,43.27320147793958
2022-11-10,883957.TI,同花顺全A(沪深京),842647980000.0,8426.4798,0.84264798,1748.0,2942.0,0.3727078891257995,-1194.0,68.0,6.0,62.0,2022,2022-11,37.27078891257995
2022-11-11,883957.TI,同花顺全A(沪深京),1222822660000.0,12228.2266,1.22282266,2738.0,1950.0,0.5840443686006825,788.0,60.0,7.0,53.0,2022,2022-11,58.40443686006825
2022-11-14,883957.TI,同花顺全A(沪深京),1067017620000.0,10670.1762,1.06701762,1965.0,2733.0,0.4182630906768838,-768.0,75.0,13.0,62.0,2022,2022-11,41.82630906768838
2022-11-15,883957.TI,同花顺全A(沪深京),1058341770000.0,10583.4177,1.05834177,4172.0,598.0,0.8746331236897275,3574.0,98.0,4.0,94.0,2022,2022-11,87.46331236897275
2022-11-16,883957.TI,同花顺全A(沪深京),942457880000.0,9424.5788,0.94245788,1943.0,2745.0,0.4144624573378839,-802.0,55.0,6.0,49.0,2022,2022-11,41.4462457337884
2022-11-17,883957.TI,同花顺全A(沪深京),912744380000.0,9127.4438,0.91274438,2731.0,1958.0,0.582426956707187,773.0,74.0,1.0,73.0,2022,2022-11,58.2426956707187
2022-11-18,883957.TI,同花顺全A(沪深京),978449260000.0,9784.4926,0.97844926,1274.0,3467.0,0.2687196793925332,-2193.0,54.0,5.0,49.0,2022,2022-11,26.87196793925332
2022-11-21,883957.TI,同花顺全A(沪深京),849112200000.0,8491.122,0.8491122,2441.0,2286.0,0.5163951766448064,155.0,63.0,14.0,49.0,2022,2022-11,51.63951766448064
2022-11-22,883957.TI,同花顺全A(沪深京),884398110000.0,8843.9811,0.88439811,1150.0,3603.0,0.2419524510835262,-2453.0,48.0,26.0,22.0,2022,2022-11,24.19524510835262
2022-11-23,883957.TI,同花顺全A(沪深京),830251440000.0,8302.5144,0.83025144,1631.0,3102.0,0.3446017325163744,-1471.0,50.0,35.0,15.0,2022,2022-11,34.460173251637435
2022-11-24,883957.TI,同花顺全A(沪深京),747876560000.0,7478.7656,0.74787656,2596.0,2096.0,0.5532821824381927,500.0,56.0,12.0,44.0,2022,2022-11,55.32821824381927
2022-11-25,883957.TI,同花顺全A(沪深京),739730450000.0,7397.3045,0.73973045,1493.0,3259.0,0.3141835016835017,-1766.0,48.0,19.0,29.0,2022,2022-11,31.41835016835017
2022-11-28,883957.TI,同花顺全A(沪深京),758194030000.0,7581.9403,0.75819403,1472.0,3251.0,0.3116663137836121,-1779.0,62.0,8.0,54.0,2022,2022-11,31.16663137836121
2022-11-29,883957.TI,同花顺全A(沪深京),967809080000.0,9678.0908,0.96780908,4087.0,721.0,0.8500415973377704,3366.0,112.0,0.0,112.0,2022,2022-11,85.00415973377704
2022-11-30,883957.TI,同花顺全A(沪深京),931135860000.0,9311.3586,0.93113586,1861.0,2813.0,0.3981600342319212,-952.0,72.0,5.0,67.0,2022,2022-11,39.81600342319213
2022-12-01,883957.TI,同花顺全A(沪深京),1058085470000.0,10580.8547,1.05808547,3148.0,1575.0,0.6665255134448443,1573.0,66.0,6.0,60.0,2022,2022-12,66.65255134448444
2022-12-02,883957.TI,同花顺全A(沪深京),864285180000.0,8642.8518,0.86428518,2960.0,1752.0,0.6281833616298812,1208.0,78.0,10.0,68.0,2022,2022-12,62.81833616298812
2022-12-05,883957.TI,同花顺全A(沪深京),1054820090000.0,10548.2009,1.05482009,3315.0,1460.0,0.694240837696335,1855.0,71.0,5.0,66.0,2022,2022-12,69.4240837696335
2022-12-06,883957.TI,同花顺全A(沪深京),997942050000.0,9979.4205,0.99794205,1642.0,3114.0,0.3452481076534903,-1472.0,54.0,17.0,37.0,2022,2022-12,34.52481076534903
2022-12-07,883957.TI,同花顺全A(沪深京),948394930000.0,9483.9493,0.94839493,1985.0,2734.0,0.4206399660945115,-749.0,61.0,6.0,55.0,2022,2022-12,42.06399660945115
2022-12-08,883957.TI,同花顺全A(沪深京),869635680000.0,8696.3568,0.86963568,1642.0,3100.0,0.3462673977224799,-1458.0,61.0,16.0,45.0,2022,2022-12,34.626739772247994
2022-12-09,883957.TI,同花顺全A(沪深京),1008881480000.0,10088.8148,1.00888148,1878.0,2845.0,0.3976286258733855,-967.0,48.0,13.0,35.0,2022,2022-12,39.76286258733855
2022-12-12,883957.TI,同花顺全A(沪深京),909585030000.0,9095.8503,0.90958503,1979.0,2814.0,0.4128938034633841,-835.0,50.0,22.0,28.0,2022,2022-12,41.28938034633841
2022-12-13,883957.TI,同花顺全A(沪深京),816240540000.0,8162.4054,0.81624054,1965.0,2786.0,0.4135971374447484,-821.0,64.0,15.0,49.0,2022,2022-12,41.359713744474845
2022-12-14,883957.TI,同花顺全A(沪深京),810683690000.0,8106.8369,0.81068369,1876.0,2850.0,0.3969530258146424,-974.0,56.0,15.0,41.0,2022,2022-12,39.69530258146424
2022-12-15,883957.TI,同花顺全A(沪深京),766119480000.0,7661.1948,0.76611948,2733.0,1989.0,0.5787801778907242,744.0,39.0,6.0,33.0,2022,2022-12,57.87801778907242
2022-12-16,883957.TI,同花顺全A(沪深京),761168780000.0,7611.6878,0.76116878,1298.0,3483.0,0.2714913198075716,-2185.0,41.0,13.0,28.0,2022,2022-12,27.14913198075716
2022-12-19,883957.TI,同花顺全A(沪深京),756632520000.0,7566.3252,0.75663252,536.0,4326.0,0.1102426984779925,-3790.0,29.0,33.0,-4.0,2022,2022-12,11.02426984779926
2022-12-20,883957.TI,同花顺全A(沪深京),639674810000.0,6396.7481,0.63967481,2148.0,2545.0,0.4577029618580865,-397.0,33.0,34.0,-1.0,2022,2022-12,45.770296185808654
2022-12-21,883957.TI,同花顺全A(沪深京),574579950000.0,5745.7995,0.57457995,1279.0,3470.0,0.2693198568119604,-2191.0,34.0,15.0,19.0,2022,2022-12,26.931985681196043
2022-12-22,883957.TI,同花顺全A(沪深京),657307430000.0,6573.0743,0.65730743,830.0,3977.0,0.1726648637403786,-3147.0,36.0,18.0,18.0,2022,2022-12,17.26648637403786
2022-12-23,883957.TI,同花顺全A(沪深京),585102290000.0,5851.0229,0.58510229,2026.0,2651.0,0.4331836647423562,-625.0,41.0,24.0,17.0,2022,2022-12,43.31836647423562
2022-12-26,883957.TI,同花顺全A(沪深京),624146860000.0,6241.4686,0.62414686,3651.0,1104.0,0.7678233438485804,2547.0,70.0,11.0,59.0,2022,2022-12,76.78233438485805
2022-12-27,883957.TI,同花顺全A(沪深京),668500140000.0,6685.0014,0.66850014,2930.0,1773.0,0.6230065915373166,1157.0,55.0,13.0,42.0,2022,2022-12,62.30065915373167
2022-12-28,883957.TI,同花顺全A(沪深京),650667960000.0,6506.6796,0.65066796,920.0,3864.0,0.1923076923076923,-2944.0,40.0,14.0,26.0,2022,2022-12,19.23076923076924
2022-12-29,883957.TI,同花顺全A(沪深京),614620270000.0,6146.2027,0.61462027,1540.0,3226.0,0.3231221149811162,-1686.0,48.0,12.0,36.0,2022,2022-12,32.31221149811162
2022-12-30,883957.TI,同花顺全A(沪深京),603888100000.0,6038.881,0.6038881,3226.0,1499.0,0.6827513227513228,1727.0,53.0,7.0,46.0,2022,2022-12,68.27513227513228
2023-01-03,883957.TI,同花顺全A(沪深京),788657740000.0,7886.5774,0.78865774,4158.0,665.0,0.8621190130624092,3493.0,116.0,3.0,113.0,2023,2023-01,86.21190130624092
2023-01-04,883957.TI,同花顺全A(沪深京),783549760000.0,7835.4976,0.78354976,2817.0,1871.0,0.60089590443686,946.0,61.0,9.0,52.0,2023,2023-01,60.089590443686006
2023-01-05,883957.TI,同花顺全A(沪深京),842550940000.0,8425.5094,0.84255094,2931.0,1726.0,0.6293751342065708,1205.0,52.0,9.0,43.0,2023,2023-01,62.93751342065708
2023-01-06,883957.TI,同花顺全A(沪深京),837879760000.0,8378.7976,0.83787976,1807.0,2917.0,0.3825148179508891,-1110.0,36.0,14.0,22.0,2023,2023-01,38.25148179508891
2023-01-09,883957.TI,同花顺全A(沪深京),806969260000.0,8069.6926,0.80696926,2895.0,1721.0,0.6271663778162911,1174.0,46.0,6.0,40.0,2023,2023-01,62.71663778162912
2023-01-10,883957.TI,同花顺全A(沪深京),747001450000.0,7470.0145,0.74700145,1733.0,3037.0,0.3633123689727463,-1304.0,39.0,7.0,32.0,2023,2023-01,36.33123689727464
2023-01-11,883957.TI,同花顺全A(沪深京),741530510000.0,7415.3051,0.74153051,983.0,3800.0,0.2055195484005854,-2817.0,31.0,11.0,20.0,2023,2023-01,20.55195484005854
2023-01-12,883957.TI,同花顺全A(沪深京),681236750000.0,6812.3675,0.68123675,2216.0,2447.0,0.4752305382800772,-231.0,40.0,9.0,31.0,2023,2023-01,47.52305382800772
2023-01-13,883957.TI,同花顺全A(沪深京),702166690000.0,7021.6669,0.70216669,2844.0,1875.0,0.6026700572155118,969.0,38.0,10.0,28.0,2023,2023-01,60.26700572155118
2023-01-16,883957.TI,同花顺全A(沪深京),916882140000.0,9168.8214,0.91688214,3779.0,995.0,0.7915793883535819,2784.0,49.0,12.0,37.0,2023,2023-01,79.1579388353582
2023-01-17,883957.TI,同花顺全A(沪深京),706995720000.0,7069.9572,0.70699572,1891.0,2809.0,0.4023404255319149,-918.0,38.0,10.0,28.0,2023,2023-01,40.23404255319149
2023-01-18,883957.TI,同花顺全A(沪深京),635530930000.0,6355.3093,0.63553093,2956.0,1698.0,0.6351525569402664,1258.0,39.0,8.0,31.0,2023,2023-01,63.51525569402664
2023-01-19,883957.TI,同花顺全A(沪深京),686727080000.0,6867.2708,0.68672708,3419.0,1337.0,0.7188814129520605,2082.0,35.0,15.0,20.0,2023,2023-01,71.88814129520605
2023-01-20,883957.TI,同花顺全A(沪深京),748858660000.0,7488.5866,0.74885866,3660.0,1126.0,0.7647304638529043,2534.0,27.0,10.0,17.0,2023,2023-01,76.47304638529043
2023-01-30,883957.TI,同花顺全A(沪深京),1061768760000.0,10617.6876,1.06176876,3681.0,1097.0,0.770406027626622,2584.0,93.0,9.0,84.0,2023,2023-01,77.0406027626622
2023-01-31,883957.TI,同花顺全A(沪深京),899889520000.0,8998.8952,0.89988952,2813.0,1906.0,0.5961008688281415,907.0,49.0,28.0,21.0,2023,2023-01,59.61008688281415
2023-02-01,883957.TI,同花顺全A(沪深京),1004366450000.0,10043.6645,1.00436645,4276.0,541.0,0.8876894332572141,3735.0,80.0,12.0,68.0,2023,2023-02,88.76894332572141
2023-02-02,883957.TI,同花顺全A(沪深京),1024046480000.0,10240.4648,1.02404648,2303.0,2418.0,0.4878203770387629,-115.0,53.0,14.0,39.0,2023,2023-02,48.7820377038763
2023-02-03,883957.TI,同花顺全A(沪深京),914464240000.0,9144.6424,0.91446424,1826.0,2919.0,0.3848261327713382,-1093.0,41.0,9.0,32.0,2023,2023-02,38.48261327713382
2023-02-06,883957.TI,同花顺全A(沪深京),874512110000.0,8745.1211,0.87451211,1823.0,2870.0,0.3884508842957596,-1047.0,41.0,12.0,29.0,2023,2023-02,38.845088429575966
2023-02-07,883957.TI,同花顺全A(沪深京),845520160000.0,8455.2016,0.84552016,3274.0,1454.0,0.6924703891708968,1820.0,47.0,9.0,38.0,2023,2023-02,69.24703891708968
2023-02-08,883957.TI,同花顺全A(沪深京),804657290000.0,8046.5729,0.80465729,1350.0,3414.0,0.2833753148614609,-2064.0,35.0,6.0,29.0,2023,2023-02,28.33753148614609
2023-02-09,883957.TI,同花顺全A(沪深京),900820800000.0,9008.208,0.9008208,4091.0,684.0,0.8567539267015707,3407.0,35.0,9.0,26.0,2023,2023-02,85.67539267015707
2023-02-10,883957.TI,同花顺全A(沪深京),892711290000.0,8927.1129,0.89271129,2140.0,2555.0,0.4558040468583599,-415.0,28.0,9.0,19.0,2023,2023-02,45.580404685836
2023-02-13,883957.TI,同花顺全A(沪深京),978947920000.0,9789.4792,0.97894792,3357.0,1335.0,0.7154731457800512,2022.0,47.0,4.0,43.0,2023,2023-02,71.54731457800511
2023-02-14,883957.TI,同花顺全A(沪深京),913844690000.0,9138.4469,0.91384469,2210.0,2475.0,0.471718249733191,-265.0,31.0,8.0,23.0,2023,2023-02,47.171824973319104
2023-02-15,883957.TI,同花顺全A(沪深京),937153660000.0,9371.5366,0.93715366,2112.0,2651.0,0.4434180138568129,-539.0,43.0,1.0,42.0,2023,2023-02,44.34180138568129
2023-02-16,883957.TI,同花顺全A(沪深京),1192761300000.0,11927.613,1.1927613,482.0,4391.0,0.0989123743074081,-3909.0,23.0,4.0,19.0,2023,2023-02,9.891237430740816
2023-02-17,883957.TI,同花顺全A(沪深京),913937750000.0,9139.3775,0.91393775,1835.0,2862.0,0.3906748988716201,-1027.0,33.0,6.0,27.0,2023,2023-02,39.06748988716202
2023-02-20,883957.TI,同花顺全A(沪深京),949591150000.0,9495.9115,0.94959115,3875.0,939.0,0.804943913585376,2936.0,41.0,16.0,25.0,2023,2023-02,80.4943913585376
2023-02-21,883957.TI,同花顺全A(沪深京),921212440000.0,9212.1244,0.92121244,2891.0,1817.0,0.6140611724723875,1074.0,20.0,5.0,15.0,2023,2023-02,61.40611724723875
2023-02-22,883957.TI,同花顺全A(沪深京),783185050000.0,7831.8505,0.78318505,2208.0,2484.0,0.4705882352941176,-276.0,28.0,6.0,22.0,2023,2023-02,47.05882352941176
2023-02-23,883957.TI,同花顺全A(沪深京),807087730000.0,8070.8773,0.80708773,1822.0,2882.0,0.3873299319727891,-1060.0,26.0,4.0,22.0,2023,2023-02,38.73299319727892
2023-02-24,883957.TI,同花顺全A(沪深京),725648650000.0,7256.4865,0.72564865,1719.0,2969.0,0.3666808873720136,-1250.0,17.0,6.0,11.0,2023,2023-02,36.668088737201366
2023-02-27,883957.TI,同花顺全A(沪深京),753468240000.0,7534.6824,0.75346824,1031.0,3778.0,0.2143896860054065,-2747.0,21.0,7.0,14.0,2023,2023-02,21.43896860054065
2023-02-28,883957.TI,同花顺全A(沪深京),756500310000.0,7565.0031,0.75650031,3735.0,1071.0,0.7771535580524345,2664.0,33.0,2.0,31.0,2023,2023-02,77.71535580524345
2023-03-01,883957.TI,同花顺全A(沪深京),918722740000.0,9187.2274,0.91872274,3374.0,1335.0,0.7165003185389679,2039.0,44.0,2.0,42.0,2023,2023-03,71.65003185389679
2023-03-02,883957.TI,同花顺全A(沪深京),933332490000.0,9333.3249,0.93333249,1650.0,3091.0,0.3480278422273782,-1441.0,28.0,8.0,20.0,2023,2023-03,34.80278422273782
2023-03-03,883957.TI,同花顺全A(沪深京),869355020000.0,8693.5502,0.86935502,2168.0,2547.0,0.4598091198303287,-379.0,29.0,4.0,25.0,2023,2023-03,45.98091198303288
2023-03-06,883957.TI,同花顺全A(沪深京),950730360000.0,9507.3036,0.95073036,2263.0,2484.0,0.4767221402991363,-221.0,31.0,2.0,29.0,2023,2023-03,47.672214029913626
2023-03-07,883957.TI,同花顺全A(沪深京),932422080000.0,9324.2208,0.93242208,430.0,4454.0,0.088042588042588,-4024.0,30.0,1.0,29.0,2023,2023-03,8.804258804258804
2023-03-08,883957.TI,同花顺全A(沪深京),718329480000.0,7183.2948,0.71832948,3494.0,1261.0,0.7348054679284963,2233.0,41.0,0.0,41.0,2023,2023-03,73.48054679284964
2023-03-09,883957.TI,同花顺全A(沪深京),756518840000.0,7565.1884,0.75651884,2290.0,2457.0,0.4824099431219718,-167.0,35.0,2.0,33.0,2023,2023-03,48.24099431219718
2023-03-10,883957.TI,同花顺全A(沪深京),809328310000.0,8093.2831,0.80932831,719.0,4146.0,0.1477903391572456,-3427.0,26.0,4.0,22.0,2023,2023-03,14.779033915724565
2023-03-13,883957.TI,同花顺全A(沪深京),839124850000.0,8391.2485,0.83912485,2290.0,2468.0,0.4812946616225305,-178.0,36.0,8.0,28.0,2023,2023-03,48.129466162253046
2023-03-14,883957.TI,同花顺全A(沪深京),932210180000.0,9322.1018,0.93221018,944.0,3921.0,0.1940390544707091,-2977.0,24.0,12.0,12.0,2023,2023-03,19.403905447070915
2023-03-15,883957.TI,同花顺全A(沪深京),818211190000.0,8182.1119,0.81821119,3469.0,1359.0,0.7185169842584921,2110.0,37.0,1.0,36.0,2023,2023-03,71.85169842584921
2023-03-16,883957.TI,同花顺全A(沪深京),844855340000.0,8448.5534,0.84485534,674.0,4196.0,0.1383983572895277,-3522.0,23.0,13.0,10.0,2023,2023-03,13.839835728952773
2023-03-17,883957.TI,同花顺全A(沪深京),972891350000.0,9728.9135,0.97289135,3121.0,1638.0,0.6558100441269175,1483.0,36.0,3.0,33.0,2023,2023-03,65.58100441269174
2023-03-20,883957.TI,同花顺全A(沪深京),1057290290000.0,10572.9029,1.05729029,1852.0,2984.0,0.3829611248966088,-1132.0,25.0,15.0,10.0,2023,2023-03,38.29611248966088
2023-03-21,883957.TI,同花顺全A(沪深京),892881240000.0,8928.8124,0.89288124,4030.0,791.0,0.8359261563990873,3239.0,43.0,10.0,33.0,2023,2023-03,83.59261563990873
2023-03-22,883957.TI,同花顺全A(沪深京),957665130000.0,9576.6513,0.95766513,3023.0,1713.0,0.6383023648648649,1310.0,34.0,5.0,29.0,2023,2023-03,63.83023648648649
2023-03-23,883957.TI,同花顺全A(沪深京),1020498370000.0,10204.9837,1.02049837,2001.0,2724.0,0.4234920634920635,-723.0,27.0,5.0,22.0,2023,2023-03,42.34920634920635
2023-03-24,883957.TI,同花顺全A(沪深京),1074565730000.0,10745.6573,1.07456573,2243.0,2501.0,0.4728077571669477,-258.0,29.0,6.0,23.0,2023,2023-03,47.28077571669477
2023-03-27,883957.TI,同花顺全A(沪深京),1139766870000.0,11397.6687,1.13976687,1936.0,2883.0,0.4017431002282631,-947.0,43.0,9.0,34.0,2023,2023-03,40.17431002282631
2023-03-28,883957.TI,同花顺全A(沪深京),1004024780000.0,10040.2478,1.00402478,1363.0,3455.0,0.2828974678289747,-2092.0,33.0,10.0,23.0,2023,2023-03,28.289746782897467
2023-03-29,883957.TI,同花顺全A(沪深京),980874490000.0,9808.7449,0.98087449,1522.0,3298.0,0.3157676348547718,-1776.0,23.0,5.0,18.0,2023,2023-03,31.576763485477176
2023-03-30,883957.TI,同花顺全A(沪深京),944234320000.0,9442.3432,0.94423432,1901.0,2903.0,0.3957119067443796,-1002.0,22.0,6.0,16.0,2023,2023-03,39.571190674437965
2023-03-31,883957.TI,同花顺全A(沪深京),953023640000.0,9530.2364,0.95302364,3435.0,1331.0,0.7207301720520353,2104.0,36.0,2.0,34.0,2023,2023-03,72.07301720520353
2023-04-03,883957.TI,同花顺全A(沪深京),1252762490000.0,12527.6249,1.25276249,3285.0,1497.0,0.6869510664993727,1788.0,47.0,6.0,41.0,2023,2023-04,68.69510664993726
2023-04-04,883957.TI,同花顺全A(沪深京),1324403390000.0,13244.0339,1.32440339,1336.0,3503.0,0.276090101260591,-2167.0,26.0,8.0,18.0,2023,2023-04,27.609010126059104
2023-04-06,883957.TI,同花顺全A(沪深京),1193098870000.0,11930.9887,1.19309887,1988.0,2842.0,0.4115942028985507,-854.0,31.0,15.0,16.0,2023,2023-04,41.15942028985507
2023-04-07,883957.TI,同花顺全A(沪深京),1053776060000.0,10537.7606,1.05377606,3354.0,1424.0,0.7019673503557974,1930.0,49.0,5.0,44.0,2023,2023-04,70.19673503557974
2023-04-10,883957.TI,同花顺全A(沪深京),1225387680000.0,12253.8768,1.22538768,1232.0,3630.0,0.253393665158371,-2398.0,22.0,25.0,-3.0,2023,2023-04,25.339366515837103
2023-04-11,883957.TI,同花顺全A(沪深京),1083037760000.0,10830.3776,1.08303776,2296.0,2486.0,0.480133835215391,-190.0,33.0,9.0,24.0,2023,2023-04,48.013383521539104
2023-04-12,883957.TI,同花顺全A(沪深京),1131949120000.0,11319.4912,1.13194912,3100.0,1704.0,0.6452955870108243,1396.0,60.0,7.0,53.0,2023,2023-04,64.52955870108244
2023-04-13,883957.TI,同花顺全A(沪深京),1136585130000.0,11365.8513,1.13658513,1828.0,2968.0,0.3811509591326105,-1140.0,36.0,9.0,27.0,2023,2023-04,38.11509591326105
2023-04-14,883957.TI,同花顺全A(沪深京),1114807240000.0,11148.0724,1.11480724,2654.0,2102.0,0.5580319596299411,552.0,38.0,4.0,34.0,2023,2023-04,55.80319596299411
2023-04-17,883957.TI,同花顺全A(沪深京),1120557580000.0,11205.5758,1.12055758,2679.0,2114.0,0.558940121009806,565.0,37.0,20.0,17.0,2023,2023-04,55.8940121009806
2023-04-18,883957.TI,同花顺全A(沪深京),1059809120000.0,10598.0912,1.05980912,1441.0,3392.0,0.2981584936892199,-1951.0,23.0,15.0,8.0,2023,2023-04,29.81584936892199
2023-04-19,883957.TI,同花顺全A(沪深京),1082444560000.0,10824.4456,1.08244456,1541.0,3279.0,0.3197095435684647,-1738.0,32.0,18.0,14.0,2023,2023-04,31.97095435684647
2023-04-20,883957.TI,同花顺全A(沪深京),1138505200000.0,11385.052,1.1385052,1568.0,3295.0,0.3224347110836932,-1727.0,36.0,25.0,11.0,2023,2023-04,32.24347110836932
2023-04-21,883957.TI,同花顺全A(沪深京),1217654600000.0,12176.546,1.2176546,555.0,4371.0,0.112667478684531,-3816.0,12.0,44.0,-32.0,2023,2023-04,11.266747868453104
2023-04-24,883957.TI,同花顺全A(沪深京),1083142690000.0,10831.4269,1.08314269,1963.0,2841.0,0.4086178184845961,-878.0,39.0,47.0,-8.0,2023,2023-04,40.861781848459614
2023-04-25,883957.TI,同花顺全A(沪深京),1133737300000.0,11337.373,1.1337373,828.0,4069.0,0.1690831121094547,-3241.0,33.0,73.0,-40.0,2023,2023-04,16.908311210945477
2023-04-26,883957.TI,同花顺全A(沪深京),1122033070000.0,11220.3307,1.12203307,3375.0,1501.0,0.6921657095980311,1874.0,56.0,52.0,4.0,2023,2023-04,69.21657095980311
2023-04-27,883957.TI,同花顺全A(沪深京),1044723000000.0,10447.23,1.044723,2552.0,2224.0,0.5343383584589615,328.0,40.0,56.0,-16.0,2023,2023-04,53.43383584589615
2023-04-28,883957.TI,同花顺全A(沪深京),1116454370000.0,11164.5437,1.11645437,3868.0,1005.0,0.7937615431972092,2863.0,98.0,29.0,69.0,2023,2023-04,79.37615431972091
2023-05-04,883957.TI,同花顺全A(沪深京),1171327740000.0,11713.2774,1.17132774,2894.0,1914.0,0.6019134775374376,980.0,102.0,30.0,72.0,2023,2023-05,60.19134775374376
2023-05-05,883957.TI,同花顺全A(沪深京),1070937870000.0,10709.3787,1.07093787,1384.0,3435.0,0.2871965137995435,-2051.0,49.0,50.0,-1.0,2023,2023-05,28.719651379954342
2023-05-08,883957.TI,同花顺全A(沪深京),1136648420000.0,11366.4842,1.13664842,2825.0,1917.0,0.5957401940109658,908.0,60.0,51.0,9.0,2023,2023-05,59.57401940109658
2023-05-09,883957.TI,同花顺全A(沪深京),1221520790000.0,12215.2079,1.22152079,814.0,4037.0,0.1678004535147392,-3223.0,24.0,72.0,-48.0,2023,2023-05,16.780045351473923
2023-05-10,883957.TI,同花顺全A(沪深京),1019799580000.0,10197.9958,1.01979958,2908.0,1863.0,0.6095158247746804,1045.0,40.0,49.0,-9.0,2023,2023-05,60.95158247746804
2023-05-11,883957.TI,同花顺全A(沪深京),895656700000.0,8956.567,0.8956567,3064.0,1732.0,0.6388657214345288,1332.0,61.0,37.0,24.0,2023,2023-05,63.88657214345288
2023-05-12,883957.TI,同花顺全A(沪深京),847894430000.0,8478.9443,0.84789443,1122.0,3702.0,0.2325870646766169,-2580.0,31.0,37.0,-6.0,2023,2023-05,23.258706467661693
2023-05-15,883957.TI,同花顺全A(沪深京),938084770000.0,9380.8477,0.93808477,3413.0,1364.0,0.7144651454888005,2049.0,39.0,38.0,1.0,2023,2023-05,71.44651454888005
2023-05-16,883957.TI,同花顺全A(沪深京),866121490000.0,8661.2149,0.86612149,1415.0,3428.0,0.2921742721453644,-2013.0,26.0,65.0,-39.0,2023,2023-05,29.21742721453645
2023-05-17,883957.TI,同花顺全A(沪深京),781254490000.0,7812.5449,0.78125449,3477.0,1339.0,0.721968438538206,2138.0,47.0,35.0,12.0,2023,2023-05,72.1968438538206
2023-05-18,883957.TI,同花顺全A(沪深京),879765460000.0,8797.6546,0.87976546,2445.0,2299.0,0.5153878583473862,146.0,49.0,21.0,28.0,2023,2023-05,51.53878583473862
2023-05-19,883957.TI,同花顺全A(沪深京),847801910000.0,8478.0191,0.84780191,2409.0,2406.0,0.5003115264797507,3.0,36.0,22.0,14.0,2023,2023-05,50.03115264797508
2023-05-22,883957.TI,同花顺全A(沪深京),795283680000.0,7952.8368,0.79528368,2827.0,1960.0,0.5905577606016295,867.0,50.0,23.0,27.0,2023,2023-05,59.05577606016295
2023-05-23,883957.TI,同花顺全A(沪深京),765616530000.0,7656.1653,0.76561653,1138.0,3721.0,0.2342045688413253,-2583.0,43.0,12.0,31.0,2023,2023-05,23.420456884132538
2023-05-24,883957.TI,同花顺全A(沪深京),802525180000.0,8025.2518,0.80252518,1961.0,2817.0,0.4104227710339054,-856.0,47.0,24.0,23.0,2023,2023-05,41.04227710339054
2023-05-25,883957.TI,同花顺全A(沪深京),856697120000.0,8566.9712,0.85669712,2031.0,2738.0,0.4258754455860767,-707.0,49.0,36.0,13.0,2023,2023-05,42.58754455860768
2023-05-26,883957.TI,同花顺全A(沪深京),820293850000.0,8202.9385,0.82029385,2825.0,1961.0,0.5902632678646051,864.0,52.0,25.0,27.0,2023,2023-05,59.02632678646052
2023-05-29,883957.TI,同花顺全A(沪深京),920616260000.0,9206.1626,0.92061626,1623.0,3229.0,0.3345012366034625,-1606.0,41.0,43.0,-2.0,2023,2023-05,33.45012366034625
2023-05-30,883957.TI,同花顺全A(沪深京),932942280000.0,9329.4228,0.93294228,2793.0,1982.0,0.5849214659685864,811.0,50.0,25.0,25.0,2023,2023-05,58.49214659685864
2023-05-31,883957.TI,同花顺全A(沪深京),938204000000.0,9382.04,0.938204,1814.0,2997.0,0.3770525878195801,-1183.0,60.0,20.0,40.0,2023,2023-05,37.705258781958015
2023-06-01,883957.TI,同花顺全A(沪深京),986354840000.0,9863.5484,0.98635484,2563.0,2214.0,0.5365292024283023,349.0,51.0,25.0,26.0,2023,2023-06,53.65292024283023
2023-06-02,883957.TI,同花顺全A(沪深京),940444310000.0,9404.4431,0.94044431,3270.0,1543.0,0.679409931435695,1727.0,67.0,13.0,54.0,2023,2023-06,67.9409931435695
2023-06-05,883957.TI,同花顺全A(沪深京),873620690000.0,8736.2069,0.87362069,2605.0,2160.0,0.546694648478489,445.0,71.0,11.0,60.0,2023,2023-06,54.6694648478489
2023-06-06,883957.TI,同花顺全A(沪深京),937305910000.0,9373.0591,0.93730591,557.0,4362.0,0.1132343972352104,-3805.0,50.0,19.0,31.0,2023,2023-06,11.32343972352104
2023-06-07,883957.TI,同花顺全A(沪深京),814352600000.0,8143.526,0.8143526,2698.0,2107.0,0.5614984391259105,591.0,77.0,7.0,70.0,2023,2023-06,56.149843912591045
2023-06-08,883957.TI,同花顺全A(沪深京),859323170000.0,8593.2317,0.85932317,1729.0,3087.0,0.3590116279069767,-1358.0,39.0,18.0,21.0,2023,2023-06,35.90116279069768
2023-06-09,883957.TI,同花顺全A(沪深京),989465660000.0,9894.6566,0.98946566,2678.0,2115.0,0.558731483413311,563.0,74.0,11.0,63.0,2023,2023-06,55.8731483413311
2023-06-12,883957.TI,同花顺全A(沪深京),965198450000.0,9651.9845,0.96519845,2913.0,1906.0,0.6044822577298194,1007.0,69.0,13.0,56.0,2023,2023-06,60.44822577298194
2023-06-13,883957.TI,同花顺全A(沪深京),941996790000.0,9419.9679,0.94199679,2583.0,2160.0,0.5445920303605313,423.0,55.0,3.0,52.0,2023,2023-06,54.459203036053125
2023-06-14,883957.TI,同花顺全A(沪深京),1000388820000.0,10003.8882,1.00038882,2115.0,2658.0,0.4431175361407919,-543.0,56.0,3.0,53.0,2023,2023-06,44.3117536140792
2023-06-15,883957.TI,同花顺全A(沪深京),1072138090000.0,10721.3809,1.07213809,2637.0,2146.0,0.5513276186493832,491.0,44.0,7.0,37.0,2023,2023-06,55.13276186493832
2023-06-16,883957.TI,同花顺全A(沪深京),1067378210000.0,10673.7821,1.06737821,2963.0,1769.0,0.6261622992392223,1194.0,60.0,3.0,57.0,2023,2023-06,62.61622992392223
2023-06-19,883957.TI,同花顺全A(沪深京),1106265350000.0,11062.6535,1.10626535,1935.0,2931.0,0.3976572133168927,-996.0,52.0,6.0,46.0,2023,2023-06,39.76572133168928
2023-06-20,883957.TI,同花顺全A(沪深京),1089594000000.0,10895.94,1.089594,1469.0,3402.0,0.301580784233217,-1933.0,42.0,11.0,31.0,2023,2023-06,30.158078423321697
2023-06-21,883957.TI,同花顺全A(沪深京),1021629680000.0,10216.2968,1.02162968,806.0,4076.0,0.165096272019664,-3270.0,44.0,20.0,24.0,2023,2023-06,16.509627201966406
2023-06-26,883957.TI,同花顺全A(沪深京),976918040000.0,9769.1804,0.97691804,882.0,4036.0,0.1793411956079707,-3154.0,44.0,31.0,13.0,2023,2023-06,17.934119560797072
2023-06-27,883957.TI,同花顺全A(沪深京),840726340000.0,8407.2634,0.84072634,4195.0,730.0,0.8517766497461929,3465.0,73.0,4.0,69.0,2023,2023-06,85.17766497461929
2023-06-28,883957.TI,同花顺全A(沪深京),887829160000.0,8878.2916,0.88782916,2098.0,2690.0,0.4381787802840434,-592.0,41.0,11.0,30.0,2023,2023-06,43.81787802840434
2023-06-29,883957.TI,同花顺全A(沪深京),864747430000.0,8647.4743,0.86474743,3188.0,1621.0,0.6629236847577459,1567.0,63.0,2.0,61.0,2023,2023-06,66.2923684757746
2023-06-30,883957.TI,同花顺全A(沪深京),918323710000.0,9183.2371,0.91832371,3822.0,1036.0,0.7867435158501441,2786.0,60.0,2.0,58.0,2023,2023-06,78.6743515850144
2023-07-03,883957.TI,同花顺全A(沪深京),1024287450000.0,10242.8745,1.02428745,3069.0,1775.0,0.6335672997522709,1294.0,58.0,11.0,47.0,2023,2023-07,63.35672997522709
2023-07-04,883957.TI,同花顺全A(沪深京),928996800000.0,9289.968,0.9289968,2878.0,1876.0,0.6053849389987379,1002.0,58.0,5.0,53.0,2023,2023-07,60.53849389987379
2023-07-05,883957.TI,同花顺全A(沪深京),867542650000.0,8675.4265,0.86754265,1287.0,3502.0,0.2687408644811025,-2215.0,34.0,8.0,26.0,2023,2023-07,26.87408644811025
2023-07-06,883957.TI,同花顺全A(沪深京),819618660000.0,8196.1866,0.81961866,1980.0,2765.0,0.4172813487881981,-785.0,38.0,6.0,32.0,2023,2023-07,41.72813487881981
2023-07-07,883957.TI,同花顺全A(沪深京),799601550000.0,7996.0155,0.79960155,1728.0,3057.0,0.361128526645768,-1329.0,26.0,9.0,17.0,2023,2023-07,36.1128526645768
2023-07-10,883957.TI,同花顺全A(沪深京),761124360000.0,7611.2436,0.76112436,2446.0,2313.0,0.5139735238495482,133.0,41.0,11.0,30.0,2023,2023-07,51.39735238495482
2023-07-11,883957.TI,同花顺全A(沪深京),773325580000.0,7733.2558,0.77332558,3507.0,1287.0,0.7315394242803505,2220.0,47.0,3.0,44.0,2023,2023-07,73.15394242803505
2023-07-12,883957.TI,同花顺全A(沪深京),911713660000.0,9117.1366,0.91171366,873.0,4044.0,0.1775472849298352,-3171.0,35.0,10.0,25.0,2023,2023-07,17.754728492983528
2023-07-13,883957.TI,同花顺全A(沪深京),920657020000.0,9206.5702,0.92065702,3774.0,1082.0,0.7771828665568369,2692.0,39.0,11.0,28.0,2023,2023-07,77.71828665568368
2023-07-14,883957.TI,同花顺全A(沪深京),922439740000.0,9224.3974,0.92243974,2028.0,2768.0,0.4228523769808173,-740.0,43.0,12.0,31.0,2023,2023-07,42.28523769808174
2023-07-17,883957.TI,同花顺全A(沪深京),802406640000.0,8024.0664,0.80240664,2017.0,2783.0,0.4202083333333333,-766.0,33.0,18.0,15.0,2023,2023-07,42.020833333333336
2023-07-18,883957.TI,同花顺全A(沪深京),776967560000.0,7769.6756,0.77696756,2492.0,2318.0,0.5180873180873181,174.0,21.0,2.0,19.0,2023,2023-07,51.80873180873181
2023-07-19,883957.TI,同花顺全A(沪深京),702304420000.0,7023.0442,0.70230442,2124.0,2682.0,0.4419475655430712,-558.0,22.0,2.0,20.0,2023,2023-07,44.19475655430712
2023-07-20,883957.TI,同花顺全A(沪深京),785487110000.0,7854.8711,0.78548711,967.0,3913.0,0.198155737704918,-2946.0,30.0,4.0,26.0,2023,2023-07,19.8155737704918
2023-07-21,883957.TI,同花顺全A(沪深京),710779240000.0,7107.7924,0.71077924,2080.0,2713.0,0.4339662007093678,-633.0,35.0,16.0,19.0,2023,2023-07,43.396620070936784
2023-07-24,883957.TI,同花顺全A(沪深京),658768690000.0,6587.6869,0.65876869,2390.0,2428.0,0.4960564549605645,-38.0,27.0,11.0,16.0,2023,2023-07,49.60564549605645
2023-07-25,883957.TI,同花顺全A(沪深京),947887570000.0,9478.8757,0.94788757,4243.0,698.0,0.8587330499898805,3545.0,62.0,0.0,62.0,2023,2023-07,85.87330499898805
2023-07-26,883957.TI,同花顺全A(沪深京),791970080000.0,7919.7008,0.79197008,2047.0,2838.0,0.4190378710337769,-791.0,45.0,3.0,42.0,2023,2023-07,41.90378710337769
2023-07-27,883957.TI,同花顺全A(沪深京),779815730000.0,7798.1573,0.77981573,1257.0,3571.0,0.2603562551781276,-2314.0,25.0,5.0,20.0,2023,2023-07,26.03562551781276
2023-07-28,883957.TI,同花顺全A(沪深京),948078580000.0,9480.7858,0.94807858,3511.0,1377.0,0.7182896890343698,2134.0,50.0,1.0,49.0,2023,2023-07,71.82896890343699
2023-07-31,883957.TI,同花顺全A(沪深京),1104908040000.0,11049.0804,1.10490804,3509.0,1408.0,0.7136465324384788,2101.0,56.0,2.0,54.0,2023,2023-07,71.36465324384787
2023-08-01,883957.TI,同花顺全A(沪深京),956504520000.0,9565.0452,0.95650452,1873.0,2957.0,0.3877846790890269,-1084.0,39.0,3.0,36.0,2023,2023-08,38.77846790890269
2023-08-02,883957.TI,同花顺全A(沪深京),835836750000.0,8358.3675,0.83583675,2014.0,2794.0,0.4188851913477537,-780.0,33.0,0.0,33.0,2023,2023-08,41.88851913477538
2023-08-03,883957.TI,同花顺全A(沪深京),832733260000.0,8327.3326,0.83273326,2006.0,2821.0,0.4155790345970582,-815.0,27.0,6.0,21.0,2023,2023-08,41.55790345970582
2023-08-04,883957.TI,同花顺全A(沪深京),1048995910000.0,10489.9591,1.04899591,2193.0,2658.0,0.4520717377860235,-465.0,22.0,1.0,21.0,2023,2023-08,45.20717377860235
2023-08-07,883957.TI,同花顺全A(沪深京),889927860000.0,8899.2786,0.88992786,1441.0,3444.0,0.2949846468781986,-2003.0,34.0,10.0,24.0,2023,2023-08,29.49846468781985
2023-08-08,883957.TI,同花顺全A(沪深京),798768760000.0,7987.6876,0.79876876,1955.0,2877.0,0.4045943708609271,-922.0,37.0,7.0,30.0,2023,2023-08,40.45943708609271
2023-08-09,883957.TI,同花顺全A(沪深京),736415960000.0,7364.1596,0.73641596,1146.0,3754.0,0.2338775510204081,-2608.0,29.0,2.0,27.0,2023,2023-08,23.387755102040817
2023-08-10,883957.TI,同花顺全A(沪深京),694005810000.0,6940.0581,0.69400581,2959.0,1851.0,0.6151767151767151,1108.0,34.0,2.0,32.0,2023,2023-08,61.51767151767152
2023-08-11,883957.TI,同花顺全A(沪深京),763353870000.0,7633.5387,0.76335387,534.0,4463.0,0.1068641184710826,-3929.0,26.0,4.0,22.0,2023,2023-08,10.686411847108266
2023-08-14,883957.TI,同花顺全A(沪深京),741746490000.0,7417.4649,0.74174649,2898.0,1954.0,0.5972794723825227,944.0,36.0,7.0,29.0,2023,2023-08,59.72794723825226
2023-08-15,883957.TI,同花顺全A(沪深京),706371670000.0,7063.7167,0.70637167,1424.0,3454.0,0.2919229192291923,-2030.0,39.0,3.0,36.0,2023,2023-08,29.192291922919228
2023-08-16,883957.TI,同花顺全A(沪深京),704045390000.0,7040.4539,0.70404539,1048.0,3847.0,0.2140960163432073,-2799.0,34.0,5.0,29.0,2023,2023-08,21.409601634320737
2023-08-17,883957.TI,同花顺全A(沪深京),739600410000.0,7396.0041,0.73960041,3891.0,1013.0,0.7934339314845025,2878.0,43.0,1.0,42.0,2023,2023-08,79.34339314845025
2023-08-18,883957.TI,同花顺全A(沪深京),744522960000.0,7445.2296,0.74452296,1024.0,3932.0,0.2066182405165456,-2908.0,37.0,9.0,28.0,2023,2023-08,20.66182405165456
2023-08-21,883957.TI,同花顺全A(沪深京),678105560000.0,6781.0556,0.67810556,1340.0,3540.0,0.2745901639344262,-2200.0,38.0,6.0,32.0,2023,2023-08,27.459016393442624
2023-08-22,883957.TI,同花顺全A(沪深京),818202860000.0,8182.0286,0.81820286,2502.0,2376.0,0.5129151291512916,126.0,45.0,14.0,31.0,2023,2023-08,51.291512915129154
2023-08-23,883957.TI,同花顺全A(沪深京),705778060000.0,7057.7806,0.70577806,585.0,4388.0,0.1176352302433138,-3803.0,36.0,19.0,17.0,2023,2023-08,11.76352302433139
2023-08-24,883957.TI,同花顺全A(沪深京),785568370000.0,7855.6837,0.78556837,2215.0,2658.0,0.4545454545454545,-443.0,36.0,13.0,23.0,2023,2023-08,45.45454545454545
2023-08-25,883957.TI,同花顺全A(沪深京),766126810000.0,7661.2681,0.76612681,858.0,4074.0,0.1739659367396593,-3216.0,23.0,39.0,-16.0,2023,2023-08,17.39659367396594
2023-08-28,883957.TI,同花顺全A(沪深京),1126376220000.0,11263.7622,1.12637622,3471.0,1463.0,0.7034860154033239,2008.0,37.0,11.0,26.0,2023,2023-08,70.3486015403324
2023-08-29,883957.TI,同花顺全A(沪深京),1036901850000.0,10369.0185,1.03690185,4560.0,434.0,0.9130957148578294,4126.0,82.0,1.0,81.0,2023,2023-08,91.30957148578294
2023-08-30,883957.TI,同花顺全A(沪深京),984188670000.0,9841.8867,0.98418867,3066.0,1874.0,0.6206477732793523,1192.0,47.0,3.0,44.0,2023,2023-08,62.064777327935225
2023-08-31,883957.TI,同花顺全A(沪深京),828489480000.0,8284.8948,0.82848948,1688.0,3211.0,0.3445601143090426,-1523.0,37.0,9.0,28.0,2023,2023-08,34.45601143090427
2023-09-01,883957.TI,同花顺全A(沪深京),745053430000.0,7450.5343,0.74505343,2529.0,2355.0,0.5178132678132679,174.0,39.0,0.0,39.0,2023,2023-09,51.78132678132678
2023-09-04,883957.TI,同花顺全A(沪深京),884626290000.0,8846.2629,0.88462629,3976.0,990.0,0.8006443817962142,2986.0,56.0,2.0,54.0,2023,2023-09,80.06443817962142
2023-09-05,883957.TI,同花顺全A(沪深京),803715430000.0,8037.1543,0.80371543,1570.0,3326.0,0.3206699346405229,-1756.0,23.0,5.0,18.0,2023,2023-09,32.06699346405229
2023-09-06,883957.TI,同花顺全A(沪深京),771153770000.0,7711.5377,0.77115377,2743.0,2124.0,0.5635915348263818,619.0,38.0,5.0,33.0,2023,2023-09,56.35915348263818
2023-09-07,883957.TI,同花顺全A(沪深京),766695030000.0,7666.9503,0.76669503,457.0,4537.0,0.0915098117741289,-4080.0,23.0,4.0,19.0,2023,2023-09,9.150981177412897
2023-09-08,883957.TI,同花顺全A(沪深京),681689700000.0,6816.897,0.6816897,2637.0,2150.0,0.5508669312721955,487.0,44.0,5.0,39.0,2023,2023-09,55.086693127219554
2023-09-11,883957.TI,同花顺全A(沪深京),841023800000.0,8410.238,0.8410238,3638.0,1265.0,0.7419946971242096,2373.0,36.0,6.0,30.0,2023,2023-09,74.19946971242096
2023-09-12,883957.TI,同花顺全A(沪深京),708212020000.0,7082.1202,0.70821202,1978.0,2808.0,0.4132887588800669,-830.0,35.0,2.0,33.0,2023,2023-09,41.32887588800669
2023-09-13,883957.TI,同花顺全A(沪深京),698082430000.0,6980.8243,0.69808243,826.0,4078.0,0.1684339314845024,-3252.0,27.0,0.0,27.0,2023,2023-09,16.843393148450243
2023-09-14,883957.TI,同花顺全A(沪深京),665756100000.0,6657.561,0.6657561,1171.0,3738.0,0.2385414544713791,-2567.0,31.0,2.0,29.0,2023,2023-09,23.85414544713791
2023-09-15,883957.TI,同花顺全A(沪深京),721544040000.0,7215.4404,0.72154404,2571.0,2258.0,0.5324083661213502,313.0,46.0,1.0,45.0,2023,2023-09,53.24083661213502
2023-09-18,883957.TI,同花顺全A(沪深京),698413010000.0,6984.1301,0.69841301,3307.0,1572.0,0.6778028284484525,1735.0,53.0,14.0,39.0,2023,2023-09,67.78028284484525
2023-09-19,883957.TI,同花顺全A(沪深京),634771770000.0,6347.7177,0.63477177,1038.0,3855.0,0.2121397915389331,-2817.0,33.0,9.0,24.0,2023,2023-09,21.21397915389332
2023-09-20,883957.TI,同花顺全A(沪深京),573177440000.0,5731.7744,0.57317744,1062.0,3816.0,0.2177121771217712,-2754.0,38.0,13.0,25.0,2023,2023-09,21.771217712177123
2023-09-21,883957.TI,同花顺全A(沪深京),578927580000.0,5789.2758,0.57892758,1007.0,3876.0,0.2062256809338521,-2869.0,29.0,0.0,29.0,2023,2023-09,20.62256809338521
2023-09-22,883957.TI,同花顺全A(沪深京),765325190000.0,7653.2519,0.76532519,4440.0,547.0,0.8903148185281733,3893.0,35.0,13.0,22.0,2023,2023-09,89.03148185281734
2023-09-25,883957.TI,同花顺全A(沪深京),717828990000.0,7178.2899,0.71782899,1594.0,3336.0,0.3233265720081136,-1742.0,30.0,29.0,1.0,2023,2023-09,32.33265720081136
2023-09-26,883957.TI,同花顺全A(沪深京),665551700000.0,6655.517,0.6655517,1487.0,3368.0,0.3062821833161689,-1881.0,36.0,16.0,20.0,2023,2023-09,30.628218331616893
2023-09-27,883957.TI,同花顺全A(沪深京),716453970000.0,7164.5397,0.71645397,2850.0,1965.0,0.5919003115264797,885.0,41.0,10.0,31.0,2023,2023-09,59.19003115264797
2023-09-28,883957.TI,同花顺全A(沪深京),717059250000.0,7170.5925,0.71705925,3630.0,1264.0,0.741724560686555,2366.0,47.0,8.0,39.0,2023,2023-09,74.1724560686555
2023-10-09,883957.TI,同花顺全A(沪深京),769837840000.0,7698.3784,0.76983784,1645.0,3304.0,0.3323903818953324,-1659.0,65.0,20.0,45.0,2023,2023-10,33.23903818953324
2023-10-10,883957.TI,同花顺全A(沪深京),774572110000.0,7745.7211,0.77457211,1836.0,3006.0,0.379182156133829,-1170.0,48.0,15.0,33.0,2023,2023-10,37.9182156133829
2023-10-11,883957.TI,同花顺全A(沪深京),838613640000.0,8386.1364,0.83861364,2443.0,2429.0,0.5014367816091954,14.0,41.0,9.0,32.0,2023,2023-10,50.143678160919535
2023-10-12,883957.TI,同花顺全A(沪深京),831820950000.0,8318.2095,0.83182095,3318.0,1784.0,0.6503332026656213,1534.0,33.0,9.0,24.0,2023,2023-10,65.03332026656213
2023-10-13,883957.TI,同花顺全A(沪深京),809050210000.0,8090.5021,0.80905021,1297.0,3848.0,0.252089407191448,-2551.0,43.0,5.0,38.0,2023,2023-10,25.208940719144803
2023-10-16,883957.TI,同花顺全A(沪深京),813664280000.0,8136.6428,0.81366428,1523.0,3565.0,0.2993317610062893,-2042.0,64.0,14.0,50.0,2023,2023-10,29.93317610062893
2023-10-17,883957.TI,同花顺全A(沪深京),733847370000.0,7338.4737,0.73384737,2192.0,2827.0,0.4367403865311815,-635.0,32.0,16.0,16.0,2023,2023-10,43.67403865311815
2023-10-18,883957.TI,同花顺全A(沪深京),767112780000.0,7671.1278,0.76711278,512.0,4731.0,0.0976540148769788,-4219.0,42.0,25.0,17.0,2023,2023-10,9.765401487697885
2023-10-19,883957.TI,同花顺全A(沪深京),813192640000.0,8131.9264,0.81319264,1171.0,3933.0,0.2294278996865204,-2762.0,29.0,31.0,-2.0,2023,2023-10,22.94278996865204
2023-10-20,883957.TI,同花顺全A(沪深京),732175930000.0,7321.7593,0.73217593,1350.0,3694.0,0.267644726407613,-2344.0,41.0,21.0,20.0,2023,2023-10,26.7644726407613
2023-10-23,883957.TI,同花顺全A(沪深京),720832430000.0,7208.3243,0.72083243,472.0,4787.0,0.0897509032135387,-4315.0,38.0,39.0,-1.0,2023,2023-10,8.97509032135387
2023-10-24,883957.TI,同花顺全A(沪深京),803848820000.0,8038.4882,0.80384882,4669.0,562.0,0.8925635633722042,4107.0,68.0,7.0,61.0,2023,2023-10,89.25635633722042
2023-10-25,883957.TI,同花顺全A(沪深京),874311970000.0,8743.1197,0.87431197,4015.0,1158.0,0.7761453701913783,2857.0,72.0,3.0,69.0,2023,2023-10,77.61453701913783
2023-10-26,883957.TI,同花顺全A(沪深京),842953920000.0,8429.5392,0.84295392,2866.0,2206.0,0.5650630914826499,660.0,48.0,5.0,43.0,2023,2023-10,56.50630914826499
2023-10-27,883957.TI,同花顺全A(沪深京),965683700000.0,9656.837,0.9656837,4047.0,1130.0,0.7817268688429593,2917.0,85.0,4.0,81.0,2023,2023-10,78.17268688429593
2023-10-30,883957.TI,同花顺全A(沪深京),1037345210000.0,10373.4521,1.03734521,3672.0,1460.0,0.7155105222135619,2212.0,73.0,11.0,62.0,2023,2023-10,71.55105222135619
2023-10-31,883957.TI,同花顺全A(沪深京),918075340000.0,9180.7534,0.91807534,2019.0,3064.0,0.3972063741884714,-1045.0,47.0,16.0,31.0,2023,2023-10,39.72063741884714
2023-11-01,883957.TI,同花顺全A(沪深京),810274040000.0,8102.7404,0.81027404,2777.0,2287.0,0.5483807266982622,490.0,43.0,10.0,33.0,2023,2023-11,54.83807266982622
2023-11-02,883957.TI,同花顺全A(沪深京),767842690000.0,7678.4269,0.76784269,909.0,4228.0,0.1769515281292583,-3319.0,39.0,4.0,35.0,2023,2023-11,17.695152812925834
2023-11-03,883957.TI,同花顺全A(沪深京),809713350000.0,8097.1335,0.80971335,3886.0,1200.0,0.7640581989775855,2686.0,48.0,2.0,46.0,2023,2023-11,76.40581989775855
2023-11-06,883957.TI,同花顺全A(沪深京),1065867010000.0,10658.6701,1.06586701,4654.0,547.0,0.8948279177081331,4107.0,63.0,3.0,60.0,2023,2023-11,89.48279177081331
2023-11-07,883957.TI,同花顺全A(沪深京),993307950000.0,9933.0795,0.99330795,2855.0,2116.0,0.5743311204988936,739.0,62.0,0.0,62.0,2023,2023-11,57.43311204988936
2023-11-08,883957.TI,同花顺全A(沪深京),1039541170000.0,10395.4117,1.03954117,2375.0,2733.0,0.4649569303054033,-358.0,55.0,6.0,49.0,2023,2023-11,46.49569303054033
2023-11-09,883957.TI,同花顺全A(沪深京),963910700000.0,9639.107,0.9639107,1497.0,3584.0,0.2946270419208817,-2087.0,35.0,26.0,9.0,2023,2023-11,29.46270419208817
2023-11-10,883957.TI,同花顺全A(沪深京),829473380000.0,8294.7338,0.82947338,2148.0,2880.0,0.4272076372315035,-732.0,40.0,17.0,23.0,2023,2023-11,42.72076372315036
2023-11-13,883957.TI,同花顺全A(沪深京),869866650000.0,8698.6665,0.86986665,3898.0,1242.0,0.7583657587548638,2656.0,48.0,9.0,39.0,2023,2023-11,75.83657587548637
2023-11-14,883957.TI,同花顺全A(沪深京),896108380000.0,8961.0838,0.89610838,2990.0,2021.0,0.5966872879664737,969.0,46.0,5.0,41.0,2023,2023-11,59.66872879664737
2023-11-15,883957.TI,同花顺全A(沪深京),993181140000.0,9931.8114,0.99318114,3340.0,1712.0,0.6611243072050673,1628.0,61.0,4.0,57.0,2023,2023-11,66.11243072050674
2023-11-16,883957.TI,同花顺全A(沪深京),851558600000.0,8515.586,0.8515586,949.0,4179.0,0.1850624024960998,-3230.0,37.0,8.0,29.0,2023,2023-11,18.506240249609984
2023-11-17,883957.TI,同花顺全A(沪深京),827811350000.0,8278.1135,0.82781135,3711.0,1349.0,0.733399209486166,2362.0,52.0,10.0,42.0,2023,2023-11,73.3399209486166
2023-11-20,883957.TI,同花顺全A(沪深京),931023000000.0,9310.23,0.931023,3921.0,1189.0,0.7673189823874755,2732.0,64.0,7.0,57.0,2023,2023-11,76.73189823874755
2023-11-21,883957.TI,同花顺全A(沪深京),1008158590000.0,10081.5859,1.00815859,1735.0,3364.0,0.3402627966267895,-1629.0,62.0,5.0,57.0,2023,2023-11,34.02627966267895
2023-11-22,883957.TI,同花顺全A(沪深京),888365320000.0,8883.6532,0.88836532,1168.0,4000.0,0.2260061919504644,-2832.0,75.0,11.0,64.0,2023,2023-11,22.60061919504644
2023-11-23,883957.TI,同花顺全A(沪深京),839035090000.0,8390.3509,0.83903509,4170.0,1013.0,0.8045533474821532,3157.0,51.0,16.0,35.0,2023,2023-11,80.45533474821532
2023-11-24,883957.TI,同花顺全A(沪深京),830363380000.0,8303.6338,0.83036338,1144.0,4034.0,0.2209347238315952,-2890.0,57.0,13.0,44.0,2023,2023-11,22.09347238315952
2023-11-27,883957.TI,同花顺全A(沪深京),858817820000.0,8588.1782,0.85881782,2544.0,2573.0,0.4971663083838186,-29.0,70.0,25.0,45.0,2023,2023-11,49.71663083838187
2023-11-28,883957.TI,同花顺全A(沪深京),793974330000.0,7939.7433,0.79397433,3715.0,1402.0,0.7260113347664647,2313.0,50.0,13.0,37.0,2023,2023-11,72.60113347664647
2023-11-29,883957.TI,同花顺全A(沪深京),791028430000.0,7910.2843,0.79102843,1224.0,3943.0,0.2368879427133733,-2719.0,35.0,13.0,22.0,2023,2023-11,23.688794271337333
2023-11-30,883957.TI,同花顺全A(沪深京),784650480000.0,7846.5048,0.78465048,1556.0,3565.0,0.3038469049013864,-2009.0,30.0,9.0,21.0,2023,2023-11,30.384690490138645
2023-12-01,883957.TI,同花顺全A(沪深京),843128770000.0,8431.2877,0.84312877,2992.0,2126.0,0.5846033606877686,866.0,53.0,3.0,50.0,2023,2023-12,58.46033606877686
2023-12-04,883957.TI,同花顺全A(沪深京),858933230000.0,8589.3323,0.85893323,2326.0,2754.0,0.4578740157480315,-428.0,57.0,8.0,49.0,2023,2023-12,45.78740157480315
2023-12-05,883957.TI,同花顺全A(沪深京),835410600000.0,8354.106,0.8354106,648.0,4613.0,0.123170499904961,-3965.0,53.0,12.0,41.0,2023,2023-12,12.317049990496104
2023-12-06,883957.TI,同花顺全A(沪深京),830641900000.0,8306.419,0.8306419,3249.0,1832.0,0.6394410549104507,1417.0,45.0,11.0,34.0,2023,2023-12,63.944105491045065
2023-12-07,883957.TI,同花顺全A(沪深京),833969960000.0,8339.6996,0.83396996,1940.0,3183.0,0.3786843646300995,-1243.0,45.0,21.0,24.0,2023,2023-12,37.86843646300995
2023-12-08,883957.TI,同花顺全A(沪深京),974319190000.0,9743.1919,0.97431919,1465.0,3750.0,0.2809204218600192,-2285.0,40.0,17.0,23.0,2023,2023-12,28.09204218600192
2023-12-11,883957.TI,同花顺全A(沪深京),922626200000.0,9226.262,0.9226262,3947.0,1246.0,0.7600616214134411,2701.0,42.0,9.0,33.0,2023,2023-12,76.00616214134412
2023-12-12,883957.TI,同花顺全A(沪深京),796648800000.0,7966.488,0.7966488,3125.0,1974.0,0.612865267699549,1151.0,52.0,7.0,45.0,2023,2023-12,61.2865267699549
2023-12-13,883957.TI,同花顺全A(沪深京),783760560000.0,7837.6056,0.78376056,1587.0,3580.0,0.3071414747435649,-1993.0,40.0,9.0,31.0,2023,2023-12,30.71414747435649
2023-12-14,883957.TI,同花顺全A(沪深京),757378150000.0,7573.7815,0.75737815,2078.0,2996.0,0.4095388253843122,-918.0,46.0,19.0,27.0,2023,2023-12,40.953882538431216
2023-12-15,883957.TI,同花顺全A(沪深京),747351130000.0,7473.5113,0.74735113,1627.0,3495.0,0.3176493557204217,-1868.0,48.0,14.0,34.0,2023,2023-12,31.76493557204217
2023-12-18,883957.TI,同花顺全A(沪深京),707926190000.0,7079.2619,0.70792619,862.0,4396.0,0.1639406618486116,-3534.0,39.0,39.0,0.0,2023,2023-12,16.394066184861163
2023-12-19,883957.TI,同花顺全A(沪深京),657919470000.0,6579.1947,0.65791947,2725.0,2381.0,0.5336858597728162,344.0,35.0,20.0,15.0,2023,2023-12,53.368585977281626
2023-12-20,883957.TI,同花顺全A(沪深京),680723540000.0,6807.2354,0.68072354,1208.0,3979.0,0.2328899171004434,-2771.0,37.0,17.0,20.0,2023,2023-12,23.28899171004434
2023-12-21,883957.TI,同花顺全A(沪深京),753743410000.0,7537.4341,0.75374341,3542.0,1567.0,0.6932863574084948,1975.0,39.0,15.0,24.0,2023,2023-12,69.32863574084948
2023-12-22,883957.TI,同花顺全A(沪深京),789285670000.0,7892.8567,0.78928567,1123.0,4087.0,0.2155470249520153,-2964.0,24.0,61.0,-37.0,2023,2023-12,21.554702495201536
2023-12-25,883957.TI,同花顺全A(沪深京),623325530000.0,6233.2553,0.62332553,2044.0,3126.0,0.395357833655706,-1082.0,41.0,35.0,6.0,2023,2023-12,39.5357833655706
2023-12-26,883957.TI,同花顺全A(沪深京),625084850000.0,6250.8485,0.62508485,829.0,4400.0,0.1585389175750621,-3571.0,46.0,16.0,30.0,2023,2023-12,15.853891757506217
2023-12-27,883957.TI,同花顺全A(沪深京),651152140000.0,6511.5214,0.65115214,3761.0,1396.0,0.7292999806088811,2365.0,42.0,22.0,20.0,2023,2023-12,72.92999806088811
2023-12-28,883957.TI,同花顺全A(沪深京),901278090000.0,9012.7809,0.90127809,4428.0,819.0,0.8439108061749572,3609.0,68.0,11.0,57.0,2023,2023-12,84.39108061749572
2023-12-29,883957.TI,同花顺全A(沪深京),840163600000.0,8401.636,0.8401636,4319.0,841.0,0.837015503875969,3478.0,74.0,4.0,70.0,2023,2023-12,83.7015503875969
2024-01-02,883957.TI,同花顺全A(沪深京),809849720000.0,8098.4972,0.80984972,2875.0,2307.0,0.5548050945580857,568.0,65.0,8.0,57.0,2024,2024-01,55.480509455808566
2024-01-03,883957.TI,同花顺全A(沪深京),755081870000.0,7550.8187,0.75508187,1969.0,3157.0,0.3841201716738197,-1188.0,45.0,11.0,34.0,2024,2024-01,38.412017167381975
2024-01-04,883957.TI,同花顺全A(沪深京),689967340000.0,6899.6734,0.68996734,1876.0,3235.0,0.3670514576403835,-1359.0,46.0,11.0,35.0,2024,2024-01,36.70514576403835
2024-01-05,883957.TI,同花顺全A(沪深京),754232260000.0,7542.3226,0.75423226,505.0,4758.0,0.0959528785863575,-4253.0,30.0,17.0,13.0,2024,2024-01,9.59528785863576
2024-01-08,883957.TI,同花顺全A(沪深京),670261870000.0,6702.6187,0.67026187,388.0,4895.0,0.0734431194397122,-4507.0,35.0,22.0,13.0,2024,2024-01,7.3443119439712286
2024-01-09,883957.TI,同花顺全A(沪深京),686976380000.0,6869.7638,0.68697638,3449.0,1678.0,0.6727130875755802,1771.0,48.0,10.0,38.0,2024,2024-01,67.27130875755802
2024-01-10,883957.TI,同花顺全A(沪深京),655908630000.0,6559.0863,0.65590863,1310.0,3818.0,0.2554602184087363,-2508.0,42.0,16.0,26.0,2024,2024-01,25.546021840873635
2024-01-11,883957.TI,同花顺全A(沪深京),719607200000.0,7196.072,0.7196072,4465.0,760.0,0.8545454545454545,3705.0,59.0,6.0,53.0,2024,2024-01,85.45454545454545
2024-01-12,883957.TI,同花顺全A(沪深京),689105190000.0,6891.0519,0.68910519,1401.0,3752.0,0.2718804579856394,-2351.0,28.0,9.0,19.0,2024,2024-01,27.18804579856394
2024-01-15,883957.TI,同花顺全A(沪深京),618871190000.0,6188.7119,0.61887119,1991.0,3115.0,0.3899334116725421,-1124.0,43.0,8.0,35.0,2024,2024-01,38.99334116725421
2024-01-16,883957.TI,同花顺全A(沪深京),696423490000.0,6964.2349,0.69642349,1630.0,3520.0,0.316504854368932,-1890.0,39.0,9.0,30.0,2024,2024-01,31.65048543689321
2024-01-17,883957.TI,同花顺全A(沪深京),649281290000.0,6492.8129,0.64928129,279.0,5035.0,0.0525028227324049,-4756.0,39.0,18.0,21.0,2024,2024-01,5.250282273240496
2024-01-18,883957.TI,同花顺全A(沪深京),874340900000.0,8743.409,0.8743409,1667.0,3539.0,0.3202074529389166,-1872.0,43.0,13.0,30.0,2024,2024-01,32.020745293891665
2024-01-19,883957.TI,同花顺全A(沪深京),679454410000.0,6794.5441,0.67945441,1042.0,4176.0,0.1996933691069375,-3134.0,48.0,26.0,22.0,2024,2024-01,19.96933691069375
2024-01-22,883957.TI,同花顺全A(沪深京),805162650000.0,8051.6265,0.80516265,147.0,5183.0,0.0275797373358348,-5036.0,22.0,105.0,-83.0,2024,2024-01,2.7579737335834897
2024-01-23,883957.TI,同花顺全A(沪深京),713193620000.0,7131.9362,0.71319362,2977.0,2199.0,0.5751545595054096,778.0,51.0,30.0,21.0,2024,2024-01,57.51545595054096
2024-01-24,883957.TI,同花顺全A(沪深京),775743070000.0,7757.4307,0.77574307,4013.0,1237.0,0.7643809523809524,2776.0,82.0,4.0,78.0,2024,2024-01,76.43809523809524
2024-01-25,883957.TI,同花顺全A(沪深京),903030190000.0,9030.3019,0.90303019,4885.0,426.0,0.9197891169271324,4459.0,109.0,5.0,104.0,2024,2024-01,91.97891169271324
2024-01-26,883957.TI,同花顺全A(沪深京),838974930000.0,8389.7493,0.83897493,2144.0,3031.0,0.4142995169082125,-887.0,65.0,11.0,54.0,2024,2024-01,41.429951690821255
2024-01-29,883957.TI,同花顺全A(沪深京),815050020000.0,8150.5002,0.81505002,486.0,4821.0,0.0915771622385528,-4335.0,34.0,83.0,-49.0,2024,2024-01,9.157716223855289
2024-01-30,883957.TI,同花顺全A(沪深京),670059330000.0,6700.5933,0.67005933,311.0,5007.0,0.0584806318164723,-4696.0,25.0,87.0,-62.0,2024,2024-01,5.848063181647236
2024-01-31,883957.TI,同花顺全A(沪深京),766990800000.0,7669.908,0.7669908,488.0,4815.0,0.0920233829907599,-4327.0,30.0,184.0,-154.0,2024,2024-01,9.202338299075995
2024-02-01,883957.TI,同花顺全A(沪深京),710864000000.0,7108.64,0.710864,1104.0,4162.0,0.2096467907330041,-3058.0,31.0,99.0,-68.0,2024,2024-02,20.964679073300417
2024-02-02,883957.TI,同花顺全A(沪深京),813202750000.0,8132.0275,0.81320275,388.0,4925.0,0.0730284208545078,-4537.0,28.0,108.0,-80.0,2024,2024-02,7.302842085450781
2024-02-05,883957.TI,同花顺全A(沪深京),884939610000.0,8849.3961,0.88493961,427.0,4897.0,0.0802028549962434,-4470.0,20.0,1368.0,-1348.0,2024,2024-02,8.020285499624343
2024-02-06,883957.TI,同花顺全A(沪深京),935884160000.0,9358.8416,0.93588416,3828.0,1465.0,0.7232193463064425,2363.0,145.0,135.0,10.0,2024,2024-02,72.32193463064425
2024-02-07,883957.TI,同花顺全A(沪深京),1031902060000.0,10319.0206,1.03190206,2208.0,3090.0,0.4167610419026047,-882.0,100.0,282.0,-182.0,2024,2024-02,41.67610419026048
2024-02-08,883957.TI,同花顺全A(沪深京),1022308110000.0,10223.0811,1.02230811,4802.0,506.0,0.9046721929163528,4296.0,517.0,7.0,510.0,2024,2024-02,90.46721929163527
2024-02-19,883957.TI,同花顺全A(沪深京),964674660000.0,9646.7466,0.96467466,4257.0,1037.0,0.8041178692859842,3220.0,272.0,3.0,269.0,2024,2024-02,80.41178692859842
2024-02-20,883957.TI,同花顺全A(沪深京),798494310000.0,7984.9431,0.79849431,3578.0,1569.0,0.6951622304254905,2009.0,155.0,0.0,155.0,2024,2024-02,69.51622304254906
2024-02-21,883957.TI,同花顺全A(沪深京),989938330000.0,9899.3833,0.98993833,4106.0,1108.0,0.7874952052167242,2998.0,155.0,0.0,155.0,2024,2024-02,78.74952052167242
2024-02-22,883957.TI,同花顺全A(沪深京),830657210000.0,8306.5721,0.83065721,4582.0,613.0,0.8820019249278153,3969.0,96.0,1.0,95.0,2024,2024-02,88.20019249278153
2024-02-23,883957.TI,同花顺全A(沪深京),930071970000.0,9300.7197,0.93007197,4399.0,824.0,0.8422362626842811,3575.0,141.0,1.0,140.0,2024,2024-02,84.2236262684281
2024-02-26,883957.TI,同花顺全A(沪深京),997214050000.0,9972.1405,0.99721405,3686.0,1513.0,0.7089824966339681,2173.0,124.0,1.0,123.0,2024,2024-02,70.89824966339681
2024-02-27,883957.TI,同花顺全A(沪深京),1002638050000.0,10026.3805,1.00263805,5030.0,277.0,0.9478047861315244,4753.0,115.0,2.0,113.0,2024,2024-02,94.78047861315244
2024-02-28,883957.TI,同花顺全A(沪深京),1369996800000.0,13699.968,1.3699968,269.0,5056.0,0.0505164319248826,-4787.0,34.0,326.0,-292.0,2024,2024-02,5.051643192488263
2024-02-29,883957.TI,同花顺全A(沪深京),1063388950000.0,10633.8895,1.06338895,5224.0,103.0,0.980664539140229,5121.0,115.0,6.0,109.0,2024,2024-02,98.0664539140229
2024-03-01,883957.TI,同花顺全A(沪深京),1063820510000.0,10638.2051,1.06382051,3521.0,1643.0,0.6818357862122386,1878.0,80.0,9.0,71.0,2024,2024-03,68.18357862122386
2024-03-04,883957.TI,同花顺全A(沪深京),1086002200000.0,10860.022,1.0860022,2083.0,3169.0,0.3966108149276466,-1086.0,87.0,15.0,72.0,2024,2024-03,39.66108149276466
2024-03-05,883957.TI,同花顺全A(沪深京),1075136620000.0,10751.3662,1.07513662,933.0,4345.0,0.1767715043577112,-3412.0,59.0,20.0,39.0,2024,2024-03,17.677150435771125
2024-03-06,883957.TI,同花顺全A(沪深京),939304490000.0,9393.0449,0.93930449,3438.0,1740.0,0.6639629200463499,1698.0,105.0,3.0,102.0,2024,2024-03,66.396292004635
2024-03-07,883957.TI,同花顺全A(沪深京),989400180000.0,9894.0018,0.98940018,1517.0,3661.0,0.2929702587871765,-2144.0,69.0,8.0,61.0,2024,2024-03,29.29702587871765
2024-03-08,883957.TI,同花顺全A(沪深京),866117330000.0,8661.1733,0.86611733,3627.0,1496.0,0.7079836033574077,2131.0,75.0,4.0,71.0,2024,2024-03,70.79836033574077
2024-03-11,883957.TI,同花顺全A(沪深京),1012195150000.0,10121.9515,1.01219515,4482.0,781.0,0.851605548166445,3701.0,99.0,0.0,99.0,2024,2024-03,85.16055481664449
2024-03-12,883957.TI,同花顺全A(沪深京),1151480400000.0,11514.804,1.1514804,3700.0,1525.0,0.7081339712918661,2175.0,79.0,2.0,77.0,2024,2024-03,70.81339712918661
2024-03-13,883957.TI,同花顺全A(沪深京),1059013630000.0,10590.1363,1.05901363,2234.0,2930.0,0.4326103795507359,-696.0,61.0,4.0,57.0,2024,2024-03,43.26103795507359
2024-03-14,883957.TI,同花顺全A(沪深京),1012812870000.0,10128.1287,1.01281287,1558.0,3585.0,0.3029360295547346,-2027.0,51.0,2.0,49.0,2024,2024-03,30.29360295547346
2024-03-15,883957.TI,同花顺全A(沪深京),953506390000.0,9535.0639,0.95350639,4391.0,860.0,0.8362216720624643,3531.0,87.0,1.0,86.0,2024,2024-03,83.62216720624643
2024-03-18,883957.TI,同花顺全A(沪深京),1145056370000.0,11450.5637,1.14505637,4587.0,655.0,0.8750476917207173,3932.0,93.0,3.0,90.0,2024,2024-03,87.50476917207173
2024-03-19,883957.TI,同花顺全A(沪深京),1084517880000.0,10845.1788,1.08451788,1742.0,3445.0,0.3358395989974937,-1703.0,69.0,8.0,61.0,2024,2024-03,33.583959899749374
2024-03-20,883957.TI,同花顺全A(沪深京),1003587990000.0,10035.8799,1.00358799,3874.0,1266.0,0.7536964980544747,2608.0,87.0,6.0,81.0,2024,2024-03,75.36964980544747
2024-03-21,883957.TI,同花顺全A(沪深京),1073696650000.0,10736.9665,1.07369665,2208.0,2911.0,0.4313342449697206,-703.0,79.0,9.0,70.0,2024,2024-03,43.13342449697207
2024-03-22,883957.TI,同花顺全A(沪深京),1102716100000.0,11027.161,1.1027161,924.0,4388.0,0.1739457831325301,-3464.0,66.0,13.0,53.0,2024,2024-03,17.39457831325301
2024-03-25,883957.TI,同花顺全A(沪深京),1048092770000.0,10480.9277,1.04809277,732.0,4549.0,0.1386101117212649,-3817.0,46.0,37.0,9.0,2024,2024-03,13.861011172126492
2024-03-26,883957.TI,同花顺全A(沪深京),960732180000.0,9607.3218,0.96073218,2528.0,2628.0,0.4903025601241272,-100.0,63.0,21.0,42.0,2024,2024-03,49.03025601241272
2024-03-27,883957.TI,同花顺全A(沪深京),894175730000.0,8941.7573,0.89417573,589.0,4716.0,0.1110273327049952,-4127.0,45.0,66.0,-21.0,2024,2024-03,11.10273327049953
2024-03-28,883957.TI,同花顺全A(沪深京),934825720000.0,9348.2572,0.93482572,4569.0,662.0,0.8734467597017779,3907.0,79.0,10.0,69.0,2024,2024-03,87.34467597017779
2024-03-29,883957.TI,同花顺全A(沪深京),862944510000.0,8629.4451,0.86294451,3873.0,1354.0,0.7409603979338052,2519.0,76.0,11.0,65.0,2024,2024-03,74.09603979338051
2024-04-01,883957.TI,同花顺全A(沪深京),1003611570000.0,10036.1157,1.00361157,4649.0,627.0,0.8811599696739955,4022.0,90.0,16.0,74.0,2024,2024-04,88.11599696739954
2024-04-02,883957.TI,同花顺全A(沪深京),970882920000.0,9708.8292,0.97088292,2277.0,2898.0,0.44,-621.0,65.0,11.0,54.0,2024,2024-04,44.0
2024-04-03,883957.TI,同花顺全A(沪深京),922444500000.0,9224.445,0.9224445,1765.0,3452.0,0.3383170404447,-1687.0,55.0,20.0,35.0,2024,2024-04,33.83170404447
2024-04-08,883957.TI,同花顺全A(沪深京),934669030000.0,9346.6903,0.93466903,793.0,4517.0,0.1493408662900188,-3724.0,59.0,51.0,8.0,2024,2024-04,14.934086629001882
2024-04-09,883957.TI,同花顺全A(沪深京),799621070000.0,7996.2107,0.79962107,4163.0,1092.0,0.792197906755471,3071.0,64.0,18.0,46.0,2024,2024-04,79.2197906755471
2024-04-10,883957.TI,同花顺全A(沪深京),837258200000.0,8372.582,0.8372582,937.0,4374.0,0.1764262850687253,-3437.0,32.0,32.0,0.0,2024,2024-04,17.64262850687253
2024-04-11,883957.TI,同花顺全A(沪深京),816844430000.0,8168.4443,0.81684443,2672.0,2480.0,0.5186335403726708,192.0,51.0,21.0,30.0,2024,2024-04,51.86335403726709
2024-04-12,883957.TI,同花顺全A(沪深京),814451050000.0,8144.5105,0.81445105,1517.0,3740.0,0.2885676241202206,-2223.0,68.0,20.0,48.0,2024,2024-04,28.856762412022064
2024-04-15,883957.TI,同花顺全A(沪深京),1000699040000.0,10006.9904,1.00069904,1227.0,4094.0,0.230595752678068,-2867.0,26.0,315.0,-289.0,2024,2024-04,23.059575267806803
2024-04-16,883957.TI,同花顺全A(沪深京),951736210000.0,9517.3621,0.95173621,278.0,5065.0,0.0520306943664607,-4787.0,19.0,746.0,-727.0,2024,2024-04,5.203069436646079
2024-04-17,883957.TI,同花顺全A(沪深京),923623150000.0,9236.2315,0.92362315,5141.0,203.0,0.9620134730538922,4938.0,247.0,34.0,213.0,2024,2024-04,96.20134730538922
2024-04-18,883957.TI,同花顺全A(沪深京),955337150000.0,9553.3715,0.95533715,2116.0,3118.0,0.4042797095911349,-1002.0,69.0,38.0,31.0,2024,2024-04,40.42797095911349
2024-04-19,883957.TI,同花顺全A(沪深京),865132720000.0,8651.3272,0.86513272,1684.0,3540.0,0.3223583460949464,-1856.0,61.0,49.0,12.0,2024,2024-04,32.23583460949464
2024-04-22,883957.TI,同花顺全A(沪深京),825555340000.0,8255.5534,0.82555534,1922.0,3319.0,0.3667239076512116,-1397.0,62.0,62.0,0.0,2024,2024-04,36.67239076512116
2024-04-23,883957.TI,同花顺全A(沪深京),779127740000.0,7791.2774,0.77912774,3235.0,1994.0,0.6186651367374258,1241.0,62.0,44.0,18.0,2024,2024-04,61.86651367374259
2024-04-24,883957.TI,同花顺全A(沪深京),799124310000.0,7991.2431,0.79912431,4193.0,1026.0,0.8034106150603564,3167.0,72.0,26.0,46.0,2024,2024-04,80.34106150603564
2024-04-25,883957.TI,同花顺全A(沪深京),777889170000.0,7778.8917,0.77788917,2938.0,2236.0,0.5678391959798995,702.0,61.0,21.0,40.0,2024,2024-04,56.78391959798995
2024-04-26,883957.TI,同花顺全A(沪深京),1090913520000.0,10909.1352,1.09091352,3931.0,1292.0,0.7526325866360329,2639.0,82.0,21.0,61.0,2024,2024-04,75.2632586636033
2024-04-29,883957.TI,同花顺全A(沪深京),1216659350000.0,12166.5935,1.21665935,4513.0,773.0,0.8537646613696557,3740.0,135.0,24.0,111.0,2024,2024-04,85.37646613696556
2024-04-30,883957.TI,同花顺全A(沪深京),1035331580000.0,10353.3158,1.03533158,1927.0,3248.0,0.3723671497584541,-1321.0,76.0,40.0,36.0,2024,2024-04,37.23671497584541
2024-05-06,883957.TI,同花顺全A(沪深京),1106930160000.0,11069.3016,1.10693016,4515.0,741.0,0.8590182648401826,3774.0,104.0,67.0,37.0,2024,2024-05,85.90182648401826
2024-05-07,883957.TI,同花顺全A(沪深京),972725780000.0,9727.2578,0.97272578,3003.0,2106.0,0.5877862595419847,897.0,65.0,57.0,8.0,2024,2024-05,58.77862595419848
2024-05-08,883957.TI,同花顺全A(沪深京),868554970000.0,8685.5497,0.86855497,978.0,4289.0,0.1856844503512436,-3311.0,60.0,49.0,11.0,2024,2024-05,18.56844503512436
2024-05-09,883957.TI,同花顺全A(沪深京),904981370000.0,9049.8137,0.90498137,4286.0,934.0,0.8210727969348659,3352.0,62.0,51.0,11.0,2024,2024-05,82.10727969348659
2024-05-10,883957.TI,同花顺全A(沪深京),916558810000.0,9165.5881,0.91655881,1366.0,3876.0,0.2605875619992369,-2510.0,43.0,73.0,-30.0,2024,2024-05,26.058756199923693
2024-05-13,883957.TI,同花顺全A(沪深京),912496540000.0,9124.9654,0.91249654,1123.0,4130.0,0.2137826004188083,-3007.0,39.0,77.0,-38.0,2024,2024-05,21.378260041880832
2024-05-14,883957.TI,同花顺全A(沪深京),827428100000.0,8274.281,0.8274281,3468.0,1681.0,0.6735288405515634,1787.0,81.0,40.0,41.0,2024,2024-05,67.35288405515634
2024-05-15,883957.TI,同花顺全A(沪深京),763804620000.0,7638.0462,0.76380462,1325.0,3881.0,0.2545140222819823,-2556.0,65.0,32.0,33.0,2024,2024-05,25.45140222819824
2024-05-16,883957.TI,同花顺全A(沪深京),850304240000.0,8503.0424,0.85030424,2823.0,2342.0,0.5465634075508229,481.0,63.0,19.0,44.0,2024,2024-05,54.65634075508229
2024-05-17,883957.TI,同花顺全A(沪深京),889973330000.0,8899.7333,0.88997333,4086.0,1125.0,0.7841105354058722,2961.0,94.0,17.0,77.0,2024,2024-05,78.41105354058722
2024-05-20,883957.TI,同花顺全A(沪深京),997966070000.0,9979.6607,0.99796607,2755.0,2411.0,0.5332946186604723,344.0,54.0,45.0,9.0,2024,2024-05,53.32946186604723
2024-05-21,883957.TI,同花顺全A(沪深京),801762780000.0,8017.6278,0.80176278,1148.0,4093.0,0.2190421675252814,-2945.0,33.0,47.0,-14.0,2024,2024-05,21.904216752528143
2024-05-22,883957.TI,同花顺全A(沪深京),834138710000.0,8341.3871,0.83413871,3108.0,2020.0,0.6060842433697348,1088.0,53.0,34.0,19.0,2024,2024-05,60.60842433697348
2024-05-23,883957.TI,同花顺全A(沪深京),855711770000.0,8557.1177,0.85571177,735.0,4578.0,0.1383399209486166,-3843.0,37.0,28.0,9.0,2024,2024-05,13.83399209486166
2024-05-24,883957.TI,同花顺全A(沪深京),769071280000.0,7690.7128,0.76907128,1313.0,3851.0,0.2542602633617351,-2538.0,57.0,28.0,29.0,2024,2024-05,25.426026336173507
2024-05-27,883957.TI,同花顺全A(沪深京),778386450000.0,7783.8645,0.77838645,3397.0,1760.0,0.6587163079309676,1637.0,45.0,47.0,-2.0,2024,2024-05,65.87163079309676
2024-05-28,883957.TI,同花顺全A(沪深京),745253830000.0,7452.5383,0.74525383,1149.0,4103.0,0.2187738004569688,-2954.0,34.0,49.0,-15.0,2024,2024-05,21.87738004569688
2024-05-29,883957.TI,同花顺全A(沪深京),711664200000.0,7116.642,0.7116642,2752.0,2311.0,0.5435512541971164,441.0,33.0,58.0,-25.0,2024,2024-05,54.355125419711634
2024-05-30,883957.TI,同花顺全A(沪深京),726306090000.0,7263.0609,0.72630609,1672.0,3515.0,0.3223443223443223,-1843.0,39.0,60.0,-21.0,2024,2024-05,32.234432234432234
2024-05-31,883957.TI,同花顺全A(沪深京),717575770000.0,7175.7577,0.71757577,3264.0,1826.0,0.6412573673870334,1438.0,43.0,38.0,5.0,2024,2024-05,64.12573673870334
2024-06-03,883957.TI,同花顺全A(沪深京),833591970000.0,8335.9197,0.83359197,907.0,4399.0,0.1709385601206181,-3492.0,23.0,107.0,-84.0,2024,2024-06,17.093856012061817
2024-06-04,883957.TI,同花顺全A(沪深京),748690240000.0,7486.9024,0.74869024,2075.0,3127.0,0.3988850442137639,-1052.0,41.0,71.0,-30.0,2024,2024-06,39.88850442137639
2024-06-05,883957.TI,同花顺全A(沪深京),689944020000.0,6899.4402,0.68994402,672.0,4601.0,0.1274416840508249,-3929.0,26.0,40.0,-14.0,2024,2024-06,12.744168405082496
2024-06-06,883957.TI,同花顺全A(沪深京),848862050000.0,8488.6205,0.84886205,507.0,4805.0,0.0954442771084337,-4298.0,24.0,149.0,-125.0,2024,2024-06,9.544427710843372
2024-06-07,883957.TI,同花顺全A(沪深京),717258500000.0,7172.585,0.7172585,4114.0,1158.0,0.7803490136570561,2956.0,75.0,38.0,37.0,2024,2024-06,78.03490136570561
2024-06-11,883957.TI,同花顺全A(沪深京),705090020000.0,7050.9002,0.70509002,3040.0,2135.0,0.58743961352657,905.0,46.0,33.0,13.0,2024,2024-06,58.743961352657
2024-06-12,883957.TI,同花顺全A(沪深京),691089950000.0,6910.8995,0.69108995,3969.0,1183.0,0.7703804347826086,2786.0,91.0,21.0,70.0,2024,2024-06,77.03804347826086
2024-06-13,883957.TI,同花顺全A(沪深京),754877480000.0,7548.7748,0.75487748,1737.0,3479.0,0.3330138036809816,-1742.0,64.0,20.0,44.0,2024,2024-06,33.30138036809816
2024-06-14,883957.TI,同花顺全A(沪深京),850602860000.0,8506.0286,0.85060286,2680.0,2397.0,0.5278707898365176,283.0,50.0,17.0,33.0,2024,2024-06,52.78707898365176
2024-06-17,883957.TI,同花顺全A(沪深京),753798840000.0,7537.9884,0.75379884,1594.0,3598.0,0.3070107858243451,-2004.0,43.0,21.0,22.0,2024,2024-06,30.70107858243452
2024-06-18,883957.TI,同花顺全A(沪深京),739450420000.0,7394.5042,0.73945042,3989.0,1202.0,0.7684453862454248,2787.0,64.0,10.0,54.0,2024,2024-06,76.84453862454248
2024-06-19,883957.TI,同花顺全A(沪深京),708746310000.0,7087.4631,0.70874631,1604.0,3577.0,0.3095927427137618,-1973.0,61.0,14.0,47.0,2024,2024-06,30.95927427137618
2024-06-20,883957.TI,同花顺全A(沪深京),727704740000.0,7277.0474,0.72770474,829.0,4463.0,0.1566515495086923,-3634.0,39.0,48.0,-9.0,2024,2024-06,15.665154950869235
2024-06-21,883957.TI,同花顺全A(沪深京),623353850000.0,6233.5385,0.62335385,2381.0,2685.0,0.46999605211212,-304.0,49.0,36.0,13.0,2024,2024-06,46.999605211212
2024-06-24,883957.TI,同花顺全A(沪深京),698529350000.0,6985.2935,0.69852935,324.0,4990.0,0.0609710199473089,-4666.0,29.0,78.0,-49.0,2024,2024-06,6.0971019947309
2024-06-25,883957.TI,同花顺全A(沪深京),650982860000.0,6509.8286,0.65098286,2839.0,2318.0,0.5505138646499903,521.0,69.0,58.0,11.0,2024,2024-06,55.05138646499903
2024-06-26,883957.TI,同花顺全A(沪深京),646101940000.0,6461.0194,0.64610194,4796.0,480.0,0.909021986353298,4316.0,64.0,22.0,42.0,2024,2024-06,90.9021986353298
2024-06-27,883957.TI,同花顺全A(沪深京),629002080000.0,6290.0208,0.62900208,534.0,4731.0,0.1014245014245014,-4197.0,43.0,20.0,23.0,2024,2024-06,10.142450142450144
2024-06-28,883957.TI,同花顺全A(沪深京),705754240000.0,7057.5424,0.70575424,3035.0,2066.0,0.594981376200745,969.0,47.0,24.0,23.0,2024,2024-06,59.4981376200745
2024-07-01,883957.TI,同花顺全A(沪深京),660480150000.0,6604.8015,0.66048015,3580.0,1617.0,0.6888589570906292,1963.0,60.0,18.0,42.0,2024,2024-07,68.88589570906292
2024-07-02,883957.TI,同花顺全A(沪深京),647174840000.0,6471.7484,0.64717484,2423.0,2729.0,0.4703027950310559,-306.0,67.0,5.0,62.0,2024,2024-07,47.03027950310559
2024-07-03,883957.TI,同花顺全A(沪深京),582866670000.0,5828.6667,0.58286667,1348.0,3760.0,0.2638997650743931,-2412.0,61.0,6.0,55.0,2024,2024-07,26.38997650743931
2024-07-04,883957.TI,同花顺全A(沪深京),585906570000.0,5859.0657,0.58590657,424.0,4884.0,0.0798794272795779,-4460.0,24.0,23.0,1.0,2024,2024-07,7.987942727957799
2024-07-05,883957.TI,同花顺全A(沪深京),577240760000.0,5772.4076,0.57724076,3926.0,1229.0,0.7615906886517944,2697.0,54.0,3.0,51.0,2024,2024-07,76.15906886517944
2024-07-08,883957.TI,同花顺全A(沪深京),584158360000.0,5841.5836,0.58415836,454.0,4847.0,0.0856442180720618,-4393.0,24.0,38.0,-14.0,2024,2024-07,8.564421807206188
2024-07-09,883957.TI,同花顺全A(沪深京),726960220000.0,7269.6022,0.72696022,4272.0,917.0,0.8232800154172287,3355.0,57.0,22.0,35.0,2024,2024-07,82.32800154172287
2024-07-10,883957.TI,同花顺全A(沪深京),679878780000.0,6798.7878,0.67987878,1544.0,3653.0,0.2970944775832211,-2109.0,50.0,40.0,10.0,2024,2024-07,29.70944775832211
2024-07-11,883957.TI,同花顺全A(沪深京),789840280000.0,7898.4028,0.78984028,4988.0,312.0,0.941132075471698,4676.0,104.0,8.0,96.0,2024,2024-07,94.1132075471698
2024-07-12,883957.TI,同花顺全A(沪深京),689848530000.0,6898.4853,0.68984853,1993.0,3098.0,0.3914751522294245,-1105.0,51.0,11.0,40.0,2024,2024-07,39.147515222942445
2024-07-15,883957.TI,同花顺全A(沪深京),604889450000.0,6048.8945,0.60488945,890.0,4364.0,0.1693947468595356,-3474.0,47.0,13.0,34.0,2024,2024-07,16.93947468595356
2024-07-16,883957.TI,同花顺全A(沪深京),646342250000.0,6463.4225,0.64634225,2464.0,2598.0,0.4867641248518372,-134.0,59.0,10.0,49.0,2024,2024-07,48.676412485183725
2024-07-17,883957.TI,同花顺全A(沪深京),687888610000.0,6878.8861,0.68788861,1625.0,3531.0,0.315166795965865,-1906.0,55.0,13.0,42.0,2024,2024-07,31.5166795965865
2024-07-18,883957.TI,同花顺全A(沪深京),681690910000.0,6816.9091,0.68169091,2154.0,2914.0,0.4250197316495659,-760.0,52.0,13.0,39.0,2024,2024-07,42.50197316495659
2024-07-19,883957.TI,同花顺全A(沪深京),676489950000.0,6764.8995,0.67648995,3102.0,1980.0,0.6103896103896104,1122.0,62.0,10.0,52.0,2024,2024-07,61.03896103896104
2024-07-22,883957.TI,同花顺全A(沪深京),661271090000.0,6612.7109,0.66127109,2904.0,2189.0,0.5701943844492441,715.0,68.0,10.0,58.0,2024,2024-07,57.01943844492441
2024-07-23,883957.TI,同花顺全A(沪深京),666629560000.0,6666.2956,0.66662956,567.0,4672.0,0.1082267608322199,-4105.0,50.0,16.0,34.0,2024,2024-07,10.822676083221989
2024-07-24,883957.TI,同花顺全A(沪深京),631428770000.0,6314.2877,0.63142877,799.0,4445.0,0.1523646071700991,-3646.0,51.0,27.0,24.0,2024,2024-07,15.236460717009916
2024-07-25,883957.TI,同花顺全A(沪深京),592861010000.0,5928.6101,0.59286101,3420.0,1677.0,0.6709829311359623,1743.0,60.0,8.0,52.0,2024,2024-07,67.09829311359623
2024-07-26,883957.TI,同花顺全A(沪深京),610356760000.0,6103.5676,0.61035676,4484.0,746.0,0.8573613766730401,3738.0,67.0,13.0,54.0,2024,2024-07,85.736137667304
2024-07-29,883957.TI,同花顺全A(沪深京),589698930000.0,5896.9893,0.58969893,2341.0,2741.0,0.4606454151908697,-400.0,76.0,4.0,72.0,2024,2024-07,46.06454151908697
2024-07-30,883957.TI,同花顺全A(沪深京),603503870000.0,6035.0387,0.60350387,3388.0,1750.0,0.659400544959128,1638.0,82.0,4.0,78.0,2024,2024-07,65.9400544959128
2024-07-31,883957.TI,同花顺全A(沪深京),908065360000.0,9080.6536,0.90806536,5050.0,255.0,0.9519321394910462,4795.0,90.0,4.0,86.0,2024,2024-07,95.19321394910462
2024-08-01,883957.TI,同花顺全A(沪深京),786508690000.0,7865.0869,0.78650869,2170.0,2861.0,0.4313257801629894,-691.0,73.0,6.0,67.0,2024,2024-08,43.13257801629894
2024-08-02,883957.TI,同花顺全A(沪深京),726134400000.0,7261.344,0.7261344,995.0,4193.0,0.1917887432536623,-3198.0,57.0,10.0,47.0,2024,2024-08,19.17887432536623
2024-08-05,883957.TI,同花顺全A(沪深京),793630120000.0,7936.3012,0.79363012,507.0,4753.0,0.0963878326996197,-4246.0,51.0,36.0,15.0,2024,2024-08,9.638783269961976
2024-08-06,883957.TI,同花顺全A(沪深京),656860820000.0,6568.6082,0.65686082,4767.0,488.0,0.9071360608943864,4279.0,73.0,26.0,47.0,2024,2024-08,90.71360608943864
2024-08-07,883957.TI,同花顺全A(沪深京),594557510000.0,5945.5751,0.59455751,2161.0,2936.0,0.4239748871885422,-775.0,71.0,17.0,54.0,2024,2024-08,42.39748871885423
2024-08-08,883957.TI,同花顺全A(沪深京),623003670000.0,6230.0367,0.62300367,2355.0,2771.0,0.4594225516972298,-416.0,70.0,19.0,51.0,2024,2024-08,45.942255169722976
2024-08-09,883957.TI,同花顺全A(沪深京),565925030000.0,5659.2503,0.56592503,1281.0,3811.0,0.2515710919088766,-2530.0,40.0,22.0,18.0,2024,2024-08,25.157109190887667
2024-08-12,883957.TI,同花顺全A(沪深京),498657190000.0,4986.5719,0.49865719,1512.0,3648.0,0.2930232558139535,-2136.0,38.0,45.0,-7.0,2024,2024-08,29.30232558139535
2024-08-13,883957.TI,同花顺全A(沪深京),479877010000.0,4798.7701,0.47987701,3729.0,1377.0,0.7303172737955347,2352.0,47.0,11.0,36.0,2024,2024-08,73.03172737955347
2024-08-14,883957.TI,同花顺全A(沪深京),480186400000.0,4801.864,0.4801864,1370.0,3744.0,0.2678920610089949,-2374.0,43.0,4.0,39.0,2024,2024-08,26.78920610089949
2024-08-15,883957.TI,同花顺全A(沪深京),594344190000.0,5943.4419,0.59434419,3867.0,1276.0,0.7518957806727591,2591.0,54.0,9.0,45.0,2024,2024-08,75.1895780672759
2024-08-16,883957.TI,同花顺全A(沪深京),594134490000.0,5941.3449,0.59413449,1670.0,3530.0,0.3211538461538462,-1860.0,43.0,11.0,32.0,2024,2024-08,32.11538461538462
2024-08-19,883957.TI,同花顺全A(沪深京),573276110000.0,5732.7611,0.57327611,1912.0,3174.0,0.3759339362957137,-1262.0,53.0,17.0,36.0,2024,2024-08,37.593393629571366
2024-08-20,883957.TI,同花顺全A(沪深京),561189370000.0,5611.8937,0.56118937,669.0,4591.0,0.1271863117870722,-3922.0,37.0,13.0,24.0,2024,2024-08,12.718631178707223
2024-08-21,883957.TI,同花顺全A(沪深京),512685080000.0,5126.8508,0.51268508,1849.0,3236.0,0.3636184857423795,-1387.0,52.0,6.0,46.0,2024,2024-08,36.36184857423795
2024-08-22,883957.TI,同花顺全A(沪深京),552040240000.0,5520.4024,0.55204024,777.0,4468.0,0.148141086749285,-3691.0,41.0,12.0,29.0,2024,2024-08,14.814108674928503
2024-08-23,883957.TI,同花顺全A(沪深京),512858330000.0,5128.5833,0.51285833,1886.0,3230.0,0.3686473807662236,-1344.0,50.0,14.0,36.0,2024,2024-08,36.86473807662236
2024-08-26,883957.TI,同花顺全A(沪深京),528900670000.0,5289.0067,0.52890067,3843.0,1346.0,0.7406051262285605,2497.0,59.0,10.0,49.0,2024,2024-08,74.06051262285604
2024-08-27,883957.TI,同花顺全A(沪深京),513992960000.0,5139.9296,0.51399296,1053.0,4174.0,0.2014539889037689,-3121.0,58.0,8.0,50.0,2024,2024-08,20.14539889037689
2024-08-28,883957.TI,同花顺全A(沪深京),498951950000.0,4989.5195,0.498951
95,3417.0,1685.0,0.6697373578988632,1732.0,53.0,7.0,46.0,2024,2024-08,66.97373578988632
2024-08-29,883957.TI,同花顺全A(沪深京),609933160000.0,6099.3316,0.60993316,4177.0,966.0,0.8121718841143302,3211.0,65.0,1.0,64.0,2024,2024-08,81.21718841143301
2024-08-30,883957.TI,同花顺全A(沪深京),880016710000.0,8800.1671,0.88001671,4679.0,565.0,0.8922578184591915,4114.0,80.0,0.0,80.0,2024,2024-08,89.22578184591914
2024-09-02,883957.TI,同花顺全A(沪深京),708274660000.0,7082.7466,0.70827466,823.0,4415.0,0.1571210385643375,-3592.0,54.0,9.0,45.0,2024,2024-09,15.712103856433751
2024-09-03,883957.TI,同花顺全A(沪深京),582638620000.0,5826.3862,0.58263862,3923.0,1167.0,0.7707269155206287,2756.0,74.0,7.0,67.0,2024,2024-09,77.07269155206286
2024-09-04,883957.TI,同花顺全A(沪深京),561567050000.0,5615.6705,0.56156705,1291.0,3873.0,0.25,-2582.0,44.0,34.0,10.0,2024,2024-09,25.0
2024-09-05,883957.TI,同花顺全A(沪深京),536877240000.0,5368.7724,0.53687724,3947.0,1175.0,0.7705974228816869,2772.0,66.0,8.0,58.0,2024,2024-09,77.05974228816869
2024-09-06,883957.TI,同花顺全A(沪深京),544800850000.0,5448.0085,0.54480085,539.0,4712.0,0.1026471148352694,-4173.0,43.0,4.0,39.0,2024,2024-09,10.264711483526948
2024-09-09,883957.TI,同花顺全A(沪深京),520447370000.0,5204.4737,0.52044737,1945.0,3093.0,0.3860658991663358,-1148.0,57.0,18.0,39.0,2024,2024-09,38.60658991663358
2024-09-10,883957.TI,同花顺全A(沪深京),529414290000.0,5294.1429,0.52941429,3324.0,1768.0,0.6527886881382561,1556.0,49.0,31.0,18.0,2024,2024-09,65.27886881382561
2024-09-11,883957.TI,同花顺全A(沪深京),501132710000.0,5011.3271,0.50113271,1605.0,3548.0,0.3114690471569959,-1943.0,35.0,30.0,5.0,2024,2024-09,31.14690471569959
2024-09-12,883957.TI,同花顺全A(沪深京),517323820000.0,5173.2382,0.51732382,1893.0,3140.0,0.3761176236836877,-1247.0,48.0,6.0,42.0,2024,2024-09,37.611762368368765
2024-09-13,883957.TI,同花顺全A(沪深京),528495700000.0,5284.957,0.5284957,1094.0,4085.0,0.2112376906738752,-2991.0,47.0,15.0,32.0,2024,2024-09,21.123769067387528
2024-09-18,883957.TI,同花顺全A(沪深京),481733790000.0,4817.3379,0.48173379,1520.0,3649.0,0.294060746759528,-2129.0,32.0,27.0,5.0,2024,2024-09,29.4060746759528
2024-09-19,883957.TI,同花顺全A(沪深京),629391960000.0,6293.9196,0.62939196,4799.0,489.0,0.9075264750378216,4310.0,76.0,7.0,69.0,2024,2024-09,90.75264750378214
2024-09-20,883957.TI,同花顺全A(沪深京),576786750000.0,5767.8675,0.57678675,1639.0,3479.0,0.3202422821414615,-1840.0,57.0,5.0,52.0,2024,2024-09,32.02422821414615
2024-09-23,883957.TI,同花顺全A(沪深京),552857370000.0,5528.5737,0.55285737,2565.0,2514.0,0.5050206733608978,51.0,59.0,18.0,41.0,2024,2024-09,50.50206733608979
2024-09-24,883957.TI,同花顺全A(沪深京),974422620000.0,9744.2262,0.97442262,5167.0,161.0,0.9697822822822822,5006.0,98.0,7.0,91.0,2024,2024-09,96.97822822822822
2024-09-25,883957.TI,同花顺全A(沪深京),1161675970000.0,11616.7597,1.16167597,4164.0,1011.0,0.8046376811594202,3153.0,66.0,5.0,61.0,2024,2024-09,80.46376811594203
2024-09-26,883957.TI,同花顺全A(沪深京),1166360600000.0,11663.606,1.1663606,5143.0,177.0,0.9667293233082708,4966.0,151.0,3.0,148.0,2024,2024-09,96.67293233082708
2024-09-27,883957.TI,同花顺全A(沪深京),1455627600000.0,14556.276,1.4556276,5226.0,96.0,0.9819616685456596,5130.0,138.0,3.0,135.0,2024,2024-09,98.19616685456594
2024-09-30,883957.TI,同花顺全A(沪深京),2611488000000.0,26114.88,2.611488,5336.0,8.0,0.998502994011976,5328.0,711.0,2.0,709.0,2024,2024-09,99.8502994011976
2024-10-08,883957.TI,同花顺全A(沪深京),3483543400000.0,34835.434,3.4835434,5029.0,291.0,0.9453007518796992,4738.0,787.0,3.0,784.0,2024,2024-10,94.53007518796991
2024-10-09,883957.TI,同花顺全A(沪深京),2966552100000.0,29665.521,2.9665521,295.0,5043.0,0.0552641438741101,-4748.0,50.0,854.0,-804.0,2024,2024-10,5.526414387411015
2024-10-10,883957.TI,同花顺全A(沪深京),2160912600000.0,21609.126,2.1609126,2998.0,2229.0,0.5735603596709393,769.0,82.0,48.0,34.0,2024,2024-10,57.35603596709393
2024-10-11,883957.TI,同花顺全A(沪深京),1586803400000.0,15868.034,1.5868034,442.0,4862.0,0.0833333333333333,-4420.0,51.0,33.0,18.0,2024,2024-10,8.333333333333332
2024-10-14,883957.TI,同花顺全A(沪深京),1648999300000.0,16489.993,1.6489993,5023.0,282.0,0.94684260131951,4741.0,121.0,5.0,116.0,2024,2024-10,94.684260131951
2024-10-15,883957.TI,同花顺全A(沪深京),1651511900000.0,16515.119,1.6515119,801.0,4482.0,0.151618398637138,-3681.0,72.0,2.0,70.0,2024,2024-10,15.1618398637138
2024-10-16,883957.TI,同花顺全A(沪深京),1389582400000.0,13895.824,1.3895824,2726.0,2457.0,0.5259502218792206,269.0,106.0,5.0,101.0,2024,2024-10,52.595022187922055
2024-10-17,883957.TI,同花顺全A(沪深京),1519266600000.0,15192.666,1.5192666,1800.0,3448.0,0.3429878048780488,-1648.0,67.0,7.0,60.0,2024,2024-10,34.29878048780488
2024-10-18,883957.TI,同花顺全A(沪深京),2130593500000.0,21305.935,2.1305935,5094.0,200.0,0.9622213826973932,4894.0,138.0,0.0,138.0,2024,2024-10,96.22213826973932
2024-10-21,883957.TI,同花顺全A(沪深京),2228893400000.0,22288.934,2.2288934,3773.0,1441.0,0.7236286919831224,2332.0,190.0,0.0,190.0,2024,2024-10,72.36286919831224
2024-10-22,883957.TI,同花顺全A(沪深京),1960746500000.0,19607.465,1.9607465,3595.0,1681.0,0.6813874147081123,1914.0,132.0,0.0,132.0,2024,2024-10,68.13874147081123
2024-10-23,883957.TI,同花顺全A(沪深京),1964774700000.0,19647.747,1.9647747,2752.0,2423.0,0.5317874396135266,329.0,127.0,2.0,125.0,2024,2024-10,53.17874396135266
2024-10-24,883957.TI,同花顺全A(沪深京),1563416800000.0,15634.168,1.5634168,2141.0,3050.0,0.4124446156809863,-909.0,133.0,3.0,130.0,2024,2024-10,41.24446156809864
2024-10-25,883957.TI,同花顺全A(沪深京),1830766000000.0,18307.66,1.830766,4295.0,988.0,0.8129850463751657,3307.0,191.0,1.0,190.0,2024,2024-10,81.29850463751657
2024-10-28,883957.TI,同花顺全A(沪深京),1904060400000.0,19040.604,1.9040604,4223.0,1073.0,0.7973942598187311,3150.0,294.0,1.0,293.0,2024,2024-10,79.73942598187311
2024-10-29,883957.TI,同花顺全A(沪深京),2114867600000.0,21148.676,2.1148676,1060.0,4247.0,0.1997361974750329,-3187.0,152.0,19.0,133.0,2024,2024-10,19.973619747503296
2024-10-30,883957.TI,同花顺全A(沪深京),1893388900000.0,18933.889,1.8933889,2320.0,2916.0,0.4430863254392666,-596.0,194.0,8.0,186.0,2024,2024-10,44.30863254392666
2024-10-31,883957.TI,同花顺全A(沪深京),2262179800000.0,22621.798,2.2621798,3510.0,1721.0,0.6709998088319633,1789.0,212.0,14.0,198.0,2024,2024-10,67.09998088319634
2024-11-01,883957.TI,同花顺全A(沪深京),2267790000000.0,22677.9,2.26779,975.0,4326.0,0.1839275608375778,-3351.0,124.0,165.0,-41.0,2024,2024-11,18.39275608375778
2024-11-04,883957.TI,同花顺全A(沪深京),1723497400000.0,17234.974,1.7234974,4496.0,772.0,0.853454821564161,3724.0,186.0,43.0,143.0,2024,2024-11,85.3454821564161
2024-11-05,883957.TI,同花顺全A(沪深京),2350648700000.0,23506.487,2.3506487,5069.0,239.0,0.9549736247174077,4830.0,218.0,2.0,216.0,2024,2024-11,95.49736247174076
2024-11-06,883957.TI,同花顺全A(沪深京),2624052400000.0,26240.524,2.6240524,2828.0,2379.0,0.5431150374495871,449.0,181.0,7.0,174.0,2024,2024-11,54.31150374495871
2024-11-07,883957.TI,同花顺全A(沪深京),2563109500000.0,25631.095,2.5631095,4526.0,791.0,0.8512318976866654,3735.0,233.0,10.0,223.0,2024,2024-11,85.12318976866653
2024-11-08,883957.TI,同花顺全A(沪深京),2732299800000.0,27322.998,2.7322998,2221.0,3046.0,0.4216821720144295,-825.0,155.0,6.0,149.0,2024,2024-11,42.16821720144295
2024-11-11,883957.TI,同花顺全A(沪深京),2546534700000.0,25465.347,2.5465347,3938.0,1330.0,0.7475322703113136,2608.0,213.0,19.0,194.0,2024,2024-11,74.75322703113136
2024-11-12,883957.TI,同花顺全A(沪深京),2587030300000.0,25870.303,2.5870303,1486.0,3773.0,0.2825632249477087,-2287.0,112.0,20.0,92.0,2024,2024-11,28.25632249477087
2024-11-13,883957.TI,同花顺全A(沪深京),2041785800000.0,20417.858,2.0417858,2586.0,2610.0,0.4976905311778291,-24.0,87.0,25.0,62.0,2024,2024-11,49.76905311778291
2024-11-14,883957.TI,同花顺全A(沪深京),1871203000000.0,18712.03,1.871203,487.0,4849.0,0.0912668665667166,-4362.0,58.0,26.0,32.0,2024,2024-11,9.126686656671664
2024-11-15,883957.TI,同花顺全A(沪深京),1863282400000.0,18632.824,1.8632824,929.0,4366.0,0.1754485363550519,-3437.0,81.0,54.0,27.0,2024,2024-11,17.544853635505195
2024-11-18,883957.TI,同花顺全A(沪深京),1795980500000.0,17959.805,1.7959805,1165.0,4120.0,0.2204351939451277,-2955.0,90.0,101.0,-11.0,2024,2024-11,22.04351939451277
2024-11-19,883957.TI,同花顺全A(沪深京),1596624100000.0,15966.241,1.5966241,4515.0,777.0,0.8531746031746031,3738.0,103.0,35.0,68.0,2024,2024-11,85.31746031746032
2024-11-20,883957.TI,同花顺全A(沪深京),1651577700000.0,16515.777,1.6515777,4571.0,713.0,0.8650643451930355,3858.0,178.0,6.0,172.0,2024,2024-11,86.50643451930355
2024-11-21,883957.TI,同花顺全A(沪深京),1655826700000.0,16558.267,1.6558267,2564.0,2645.0,0.4922249952006143,-81.0,125.0,12.0,113.0,2024,2024-11,49.22249952006143
2024-11-22,883957.TI,同花顺全A(沪深京),1832184700000.0,18321.847,1.8321847,428.0,4917.0,0.0800748362956033,-4489.0,78.0,17.0,61.0,2024,2024-11,8.007483629560337
2024-11-25,883957.TI,同花顺全A(沪深京),1521385500000.0,15213.855,1.5213855,3734.0,1537.0,0.7084044773287801,2197.0,170.0,26.0,144.0,2024,2024-11,70.840447732878
2024-11-26,883957.TI,同花顺全A(沪深京),1334559870000.0,13345.5987,1.33455987,1535.0,3707.0,0.2928271652041205,-2172.0,106.0,65.0,41.0,2024,2024-11,29.28271652041205
2024-11-27,883957.TI,同花顺全A(沪深京),1487471300000.0,14874.713,1.4874713,4329.0,915.0,0.8255148741418764,3414.0,108.0,22.0,86.0,2024,2024-11,82.55148741418765
2024-11-28,883957.TI,同花顺全A(沪深京),1525635300000.0,15256.353,1.5256353,2530.0,2699.0,0.4838401223943392,-169.0,113.0,7.0,106.0,2024,2024-11,48.38401223943393
2024-11-29,883957.TI,同花顺全A(沪深京),1746371400000.0,17463.714,1.7463714,4288.0,931.0,0.8216133358881011,3357.0,144.0,11.0,133.0,2024,2024-11,82.16133358881011
2024-12-02,883957.TI,同花顺全A(沪深京),1825335200000.0,18253.352,1.8253352,4644.0,659.0,0.8757307184612484,3985.0,185.0,6.0,179.0,2024,2024-12,87.57307184612483
2024-12-03,883957.TI,同花顺全A(沪深京),1755957100000.0,17559.571,1.7559571,2448.0,2720.0,0.4736842105263157,-272.0,134.0,6.0,128.0,2024,2024-12,47.368421052631575
2024-12-04,883957.TI,同花顺全A(沪深京),1697394600000.0,16973.946,1.6973946,980.0,4339.0,0.1842451588644482,-3359.0,97.0,19.0,78.0,2024,2024-12,18.42451588644482
2024-12-05,883957.TI,同花顺全A(沪深京),1526552400000.0,15265.524,1.5265524,3821.0,1407.0,0.7308722264728386,2414.0,142.0,11.0,131.0,2024,2024-12,73.08722264728385
2024-12-06,883957.TI,同花顺全A(沪深京),1817572800000.0,18175.728,1.8175728,3635.0,1649.0,0.6879258137774413,1986.0,133.0,6.0,127.0,2024,2024-12,68.79258137774413
2024-12-09,883957.TI,同花顺全A(沪深京),1661216200000.0,16612.162,1.6612162,2040.0,3216.0,0.3881278538812785,-1176.0,118.0,27.0,91.0,2024,2024-12,38.81278538812785
2024-12-10,883957.TI,同花顺全A(沪深京),2227901800000.0,22279.018,2.2279018,2890.0,2280.0,0.5589941972920697,610.0,119.0,6.0,113.0,2024,2024-12,55.89941972920697
2024-12-11,883957.TI,同花顺全A(沪深京),1798392500000.0,17983.925,1.7983925,3852.0,1421.0,0.730513938934193,2431.0,156.0,11.0,145.0,2024,2024-12,73.0513938934193
2024-12-12,883957.TI,同花顺全A(沪深京),1887397600000.0,18873.976,1.8873976,3535.0,1717.0,0.6730769230769231,1818.0,155.0,7.0,148.0,2024,2024-12,67.3076923076923
2024-12-13,883957.TI,同花顺全A(沪深京),2089812100000.0,20898.121,2.0898121,920.0,4410.0,0.1726078799249531,-3490.0,100.0,17.0,83.0,2024,2024-12,17.26078799249531
2024-12-16,883957.TI,同花顺全A(沪深京),1716848200000.0,17168.482,1.7168482,1768.0,3478.0,0.3370186808997331,-1710.0,115.0,30.0,85.0,2024,2024-12,33.70186808997332
2024-12-17,883957.TI,同花顺全A(沪深京),1525196900000.0,15251.969,1.5251969,553.0,4794.0,0.1034224798952683,-4241.0,31.0,162.0,-131.0,2024,2024-12,10.342247989526838
2024-12-18,883957.TI,同花顺全A(沪深京),1375320300000.0,13753.203,1.3753203,2800.0,2358.0,0.5428460643660333,442.0,108.0,15.0,93.0,2024,2024-12,54.28460643660333
2024-12-19,883957.TI,同花顺全A(沪深京),1464744600000.0,14647.446,1.4647446,2422.0,2801.0,0.4637181696343098,-379.0,81.0,25.0,56.0,2024,2024-12,46.37181696343098
2024-12-20,883957.TI,同花顺全A(沪深京),1532757000000.0,15327.57,1.532757,3553.0,1664.0,0.6810427448725321,1889.0,98.0,16.0,82.0,2024,2024-12,68.1042744872532
2024-12-23,883957.TI,同花顺全A(沪深京),1545660900000.0,15456.609,1.5456609,555.0,4795.0,0.1037383177570093,-4240.0,33.0,207.0,-174.0,2024,2024-12,10.373831775700934
2024-12-24,883957.TI,同花顺全A(沪深京),1321306850000.0,13213.0685,1.32130685,3912.0,1345.0,0.7441506562678334,2567.0,83.0,37.0,46.0,2024,2024-12,74.41506562678335
2024-12-25,883957.TI,同花顺全A(沪深京),1294648360000.0,12946.4836,1.29464836,910.0,4400.0,0.1713747645951036,-3490.0,46.0,62.0,-16.0,2024,2024-12,17.13747645951036
2024-12-26,883957.TI,同花顺全A(沪深京),1286353990000.0,12863.5399,1.28635399,3647.0,1521.0,0.7056888544891641,2126.0,107.0,9.0,98.0,2024,2024-12,70.5688854489164
2024-12-27,883957.TI,同花顺全A(沪深京),1447454700000.0,14474.547,1.4474547,3546.0,1731.0,0.6719727117680501,1815.0,79.0,13.0,66.0,2024,2024-12,67.197271176805
2024-12-30,883957.TI,同花顺全A(沪深京),1288477410000.0,12884.7741,1.28847741,1321.0,3956.0,0.2503316278188364,-2635.0,54.0,20.0,34.0,2024,2024-12,25.033162781883643
2024-12-31,883957.TI,同花顺全A(沪深京),1358625200000.0,13586.252,1.3586252,705.0,4619.0,0.132419233658903,-3914.0,57.0,30.0,27.0,2024,2024-12,13.241923365890306
2025-01-02,883957.TI,同花顺全A(沪深京),1409498100000.0,14094.981,1.4094981,924.0,4383.0,0.1741096664782362,-3459.0,67.0,32.0,35.0,2025,2025-01,17.410966647823628
2025-01-03,883957.TI,同花顺全A(沪深京),1282194120000.0,12821.9412,1.28219412,613.0,4726.0,0.1148155085221951,-4113.0,54.0,111.0,-57.0,2025,2025-01,11.481550852219517
2025-01-06,883957.TI,同花顺全A(沪深京),1071200120000.0,10712.0012,1.07120012,2292.0,2932.0,0.4387442572741195,-640.0,68.0,91.0,-23.0,2025,2025-01,43.874425727411946
2025-01-07,883957.TI,同花顺全A(沪深京),1089148700000.0,10891.487,1.0891487,4393.0,902.0,0.8296506137865911,3491.0,104.0,18.0,86.0,2025,2025-01,82.96506137865912
2025-01-08,883957.TI,同花顺全A(沪深京),1257629560000.0,12576.2956,1.25762956,1978.0,3250.0,0.3783473603672532,-1272.0,74.0,9.0,65.0,2025,2025-01,37.834736036725324
2025-01-09,883957.TI,同花顺全A(沪深京),1129504990000.0,11295.0499,1.12950499,2728.0,2459.0,0.5259302101407365,269.0,97.0,11.0,86.0,2025,2025-01,52.59302101407365
2025-01-10,883957.TI,同花顺全A(沪深京),1162956850000.0,11629.5685,1.16295685,532.0,4802.0,0.0997375328083989,-4270.0,44.0,52.0,-8.0,2025,2025-01,9.973753280839896
2025-01-13,883957.TI,同花顺全A(沪深京),976208100000.0,9762.081,0.9762081,3007.0,2180.0,0.5797185270869482,827.0,52.0,41.0,11.0,2025,2025-01,57.97185270869482
2025-01-14,883957.TI,同花顺全A(沪深京),1371994200000.0,13719.942,1.3719942,5333.0,38.0,0.9929249674176132,5295.0,157.0,3.0,154.0,2025,2025-01,99.29249674176133
2025-01-15,883957.TI,同花顺全A(沪深京),1211885460000.0,12118.8546,1.21188546,1664.0,3554.0,0.3188961287849751,-1890.0,81.0,10.0,71.0,2025,2025-01,31.88961287849751
2025-01-16,883957.TI,同花顺全A(沪深京),1292987260000.0,12929.8726,1.29298726,3368.0,1816.0,0.6496913580246914,1552.0,84.0,7.0,77.0,2025,2025-01,64.96913580246914
2025-01-17,883957.TI,同花顺全A(沪深京),1151081950000.0,11510.8195,1.15108195,2619.0,2535.0,0.5081490104772992,84.0,65.0,16.0,49.0,2025,2025-01,50.81490104772992
2025-01-20,883957.TI,同花顺全A(沪深京),1196291760000.0,11962.9176,1.19629176,3617.0,1587.0,0.6950422751729439,2030.0,80.0,26.0,54.0,2025,2025-01,69.5042275172944
2025-01-21,883957.TI,同花顺全A(沪深京),1217553890000.0,12175.5389,1.21755389,1985.0,3257.0,0.3786722624952308,-1272.0,52.0,27.0,25.0,2025,2025-01,37.867226249523085
2025-01-22,883957.TI,同花顺全A(沪深京),1147705130000.0,11477.0513,1.14770513,1030.0,4261.0,0.1946701946701946,-3231.0,48.0,26.0,22.0,2025,2025-01,19.467019467019465
2025-01-23,883957.TI,同花顺全A(沪深京),1369465100000.0,13694.651,1.3694651,2333.0,2795.0,0.4549531981279251,-462.0,46.0,29.0,17.0,2025,2025-01,45.49531981279251
2025-01-24,883957.TI,同花顺全A(沪深京),1233733300000.0,12337.333,1.2337333,3956.0,1226.0,0.7634118101119259,2730.0,74.0,29.0,45.0,2025,2025-01,76.34118101119259
2025-01-27,883957.TI,同花顺全A(沪深京),1127594260000.0,11275.9426,1.12759426,1814.0,3422.0,0.3464476699770817,-1608.0,45.0,48.0,-3.0,2025,2025-01,34.644766997708174
2025-02-05,883957.TI,同花顺全A(沪深京),1300285840000.0,13002.8584,1.30028584,3433.0,1850.0,0.6498201779292069,1583.0,83.0,45.0,38.0,2025,2025-02,64.98201779292069
2025-02-06,883957.TI,同花顺全A(沪深京),1554808400000.0,15548.084,1.5548084,4800.0,471.0,0.910643141718839,4329.0,101.0,4.0,97.0,2025,2025-02,91.0643141718839
2025-02-07,883957.TI,同花顺全A(沪深京),1991805200000.0,19918.052,1.9918052,4169.0,1087.0,0.7931887366818874,3082.0,93.0,2.0,91.0,2025,2025-02,79.31887366818874
2025-02-10,883957.TI,同花顺全A(沪深京),1759550900000.0,17595.509,1.7595509,4146.0,1109.0,0.7889628924833492,3037.0,140.0,1.0,139.0,2025,2025-02,78.89628924833491
2025-02-11,883957.TI,同花顺全A(沪深京),1677939500000.0,16779.395,1.6779395,1834.0,3417.0,0.3492668063226052,-1583.0,84.0,2.0,82.0,2025,2025-02,34.92668063226052
2025-02-12,883957.TI,同花顺全A(沪深京),1711841500000.0,17118.415,1.7118415,3560.0,1568.0,0.6942277691107644,1992.0,95.0,2.0,93.0,2025,2025-02,69.42277691107644
2025-02-13,883957.TI,同花顺全A(沪深京),1853935400000.0,18539.354,1.8539354,1151.0,4111.0,0.2187381223869251,-2960.0,74.0,7.0,67.0,2025,2025-02,21.873812238692512
2025-02-14,883957.TI,同花顺全A(沪深京),1744766900000.0,17447.669,1.7447669,2400.0,2798.0,0.461716044632551,-398.0,87.0,9.0,78.0,2025,2025-02,46.1716044632551
2025-02-17,883957.TI,同花顺全A(沪深京),1971764600000.0,19717.646,1.9717646,3675.0,1603.0,0.6962864721485411,2072.0,114.0,7.0,107.0,2025,2025-02,69.62864721485411
2025-02-18,883957.TI,同花顺全A(沪深京),1826269300000.0,18262.693,1.8262693,731.0,4626.0,0.1364569721859249,-3895.0,53.0,21.0,32.0,2025,2025-02,13.645697218592495
2025-02-19,883957.TI,同花顺全A(沪深京),1749214800000.0,17492.148,1.7492148,4645.0,591.0,0.8871275783040489,4054.0,119.0,4.0,115.0,2025,2025-02,88.71275783040488
2025-02-20,883957.TI,同花顺全A(沪深京),1791432800000.0,17914.328,1.7914328,3376.0,1842.0,0.6469911843618245,1534.0,105.0,1.0,104.0,2025,2025-02,64.69911843618245
2025-02-21,883957.TI,同花顺全A(沪深京),2231025900000.0,22310.259,2.2310259,2872.0,2352.0,0.5497702909647779,520.0,119.0,4.0,115.0,2025,2025-02,54.97702909647779
2025-02-24,883957.TI,同花顺全A(沪深京),2115351500000.0,21153.515,2.1153515,2778.0,2467.0,0.5296472831267874,311.0,91.0,18.0,73.0,2025,2025-02,52.96472831267874
2025-02-25,883957.TI,同花顺全A(沪深京),1925458100000.0,19254.581,1.9254581,1536.0,3735.0,0.2914058053500284,-2199.0,65.0,7.0,58.0,2025,2025-02,29.140580535002847
2025-02-26,883957.TI,同花顺全A(沪深京),1969673400000.0,19696.734,1.9696734,4249.0,1054.0,0.8012445785404488,3195.0,106.0,3.0,103.0,2025,2025-02,80.12445785404488
2025-02-27,883957.TI,同花顺全A(沪深京),2041859400000.0,20418.594,2.0418594,2132.0,3095.0,0.4078821503730629,-963.0,89.0,12.0,77.0,2025,2025-02,40.78821503730629
2025-02-28,883957.TI,同花顺全A(沪深京),1905495500000.0,19054.955,1.9054955,570.0,4773.0,0.1066816395283548,-4203.0,56.0,52.0,4.0,2025,2025-02,10.668163952835483
2025-03-03,883957.TI,同花顺全A(沪深京),1664260100000.0,16642.601,1.6642601,3222.0,1966.0,0.6210485736314572,1256.0,70.0,34.0,36.0,2025,2025-03,62.10485736314572
2025-03-04,883957.TI,同花顺全A(沪深京),1479896900000.0,14798.969,1.4798969,4048.0,1172.0,0.7754789272030651,2876.0,88.0,13.0,75.0,2025,2025-03,77.5478927203065
2025-03-05,883957.TI,同花顺全A(沪深京),1545688600000.0,15456.886,1.5456886,2358.0,2884.0,0.4498283098054177,-526.0,70.0,6.0,64.0,2025,2025-03,44.98283098054178
2025-03-06,883957.TI,同花顺全A(沪深京),1953216000000.0,19532.16,1.953216,4276.0,973.0,0.8146313583539722,3303.0,118.0,5.0,113.0,2025,2025-03,81.46313583539721
2025-03-07,883957.TI,同花顺全A(沪深京),1861574800000.0,18615.748,1.8615748,1714.0,3556.0,0.3252371916508539,-1842.0,62.0,12.0,50.0,2025,2025-03,32.52371916508539
2025-03-10,883957.TI,同花顺全A(沪深京),1544009300000.0,15440.093,1.5440093,3279.0,1953.0,0.6267201834862385,1326.0,93.0,8.0,85.0,2025,2025-03,62.67201834862385
2025-03-11,883957.TI,同花顺全A(沪深京),1519815900000.0,15198.159,1.5198159,2879.0,2282.0,0.5578376283665957,597.0,66.0,5.0,61.0,2025,2025-03,55.78376283665957
2025-03-12,883957.TI,同花顺全A(沪深京),1725542600000.0,17255.426,1.7255426,2627.0,2560.0,0.5064584538268749,67.0,94.0,2.0,92.0,2025,2025-03,50.64584538268749
2025-03-13,883957.TI,同花顺全A(沪深京),1648364500000.0,16483.645,1.6483645,1494.0,3777.0,0.2834376778599886,-2283.0,57.0,14.0,43.0,2025,2025-03,28.343767785998864
2025-03-14,883957.TI,同花顺全A(沪深京),1840945700000.0,18409.457,1.8409457,4495.0,790.0,0.8505203405865658,3705.0,96.0,6.0,90.0,2025,2025-03,85.05203405865657
2025-03-17,883957.TI,同花顺全A(沪深京),1620934200000.0,16209.342,1.6209342,3146.0,2062.0,0.6040706605222734,1084.0,84.0,11.0,73.0,2025,2025-03,60.40706605222734
2025-03-18,883957.TI,同花顺全A(沪深京),1564221000000.0,15642.21,1.564221,2985.0,2199.0,0.5758101851851852,786.0,79.0,11.0,68.0,2025,2025-03,57.581018518518526
2025-03-19,883957.TI,同花顺全A(沪深京),1506896700000.0,15068.967,1.5068967,1493.0,3755.0,0.2844893292682927,-2262.0,57.0,8.0,49.0,2025,2025-03,28.44893292682927
2025-03-20,883957.TI,同花顺全A(沪深京),1476618100000.0,14766.181,1.4766181,1980.0,3222.0,0.3806228373702422,-1242.0,73.0,7.0,66.0,2025,2025-03,38.062283737024224
2025-03-21,883957.TI,同花顺全A(沪深京),1579747800000.0,15797.478,1.5797478,996.0,4289.0,0.1884578997161778,-3293.0,56.0,31.0,25.0,2025,2025-03,18.845789971617783
2025-03-24,883957.TI,同花顺全A(沪深京),1474431400000.0,14744.314,1.4744314,1460.0,3854.0,0.2747459540835529,-2394.0,54.0,47.0,7.0,2025,2025-03,27.47459540835529
2025-03-25,883957.TI,同花顺全A(沪深京),1287496400000.0,12874.964,1.2874964,2502.0,2741.0,0.4772077055121114,-239.0,57.0,46.0,11.0,2025,2025-03,47.72077055121114
2025-03-26,883957.TI,同花顺全A(沪深京),1180175750000.0,11801.7575,1.18017575,3548.0,1669.0,0.6800843396588078,1879.0,90.0,12.0,78.0,2025,2025-03,68.00843396588078
2025-03-27,883957.TI,同花顺全A(沪深京),1216764520000.0,12167.6452,1.21676452,1903.0,3364.0,0.3613062464400987,-1461.0,55.0,29.0,26.0,2025,2025-03,36.13062464400987
2025-03-28,883957.TI,同花顺全A(沪深京),1145017330000.0,11450.1733,1.14501733,942.0,4352.0,0.1779372874952776,-3410.0,35.0,33.0,2.0,2025,2025-03,17.79372874952777
2025-03-31,883957.TI,同花顺全A(沪深京),1243292450000.0,12432.9245,1.24329245,1295.0,4027.0,0.2433295753476136,-2732.0,41.0,43.0,-2.0,2025,2025-03,24.33295753476137
2025-04-01,883957.TI,同花顺全A(沪深京),1152781460000.0,11527.8146,1.15278146,3854.0,1406.0,0.7326996197718632,2448.0,65.0,19.0,46.0,2025,2025-04,73.26996197718631
2025-04-02,883957.TI,同花顺全A(沪深京),992702620000.0,9927.0262,0.99270262,2758.0,2430.0,0.5316114109483423,328.0,48.0,19.0,29.0,2025,2025-04,53.16114109483423
2025-04-03,883957.TI,同花顺全A(沪深京),1158224780000.0,11582.2478,1.15822478,2075.0,3157.0,0.3965978593272171,-1082.0,59.0,30.0,29.0,2025,2025-04,39.65978593272171
2025-04-07,883957.TI,同花顺全A(沪深京),1617968000000.0,16179.68,1.617968,106.0,5284.0,0.0196660482374768,-5178.0,25.0,2895.0,-2870.0,2025,2025-04,1.9666048237476808
2025-04-08,883957.TI,同花顺全A(沪深京),1653206400000.0,16532.064,1.6532064,3299.0,2048.0,0.6169814849448289,1251.0,127.0,168.0,-41.0,2025,2025-04,61.698148494482886
2025-04-09,883957.TI,同花顺全A(沪深京),1740998500000.0,17409.985,1.7409985,4529.0,780.0,0.8530796760218496,3749.0,127.0,13.0,114.0,2025,2025-04,85.30796760218496
2025-04-10,883957.TI,同花顺全A(沪深京),1659050000000.0,16590.5,1.65905,4950.0,386.0,0.9276611694152924,4564.0,174.0,2.0,172.0,2025,2025-04,92.76611694152923
2025-04-11,883957.TI,同花顺全A(沪深京),1390685400000.0,13906.854,1.3906854,3292.0,1913.0,0.6324687800192123,1379.0,104.0,11.0,93.0,2025,2025-04,63.246878001921225
2025-04-14,883957.TI,同花顺全A(沪深京),1312666530000.0,13126.6653,1.31266653,4552.0,757.0,0.857411941985308,3795.0,129.0,5.0,124.0,2025,2025-04,85.7411941985308
2025-04-15,883957.TI,同花顺全A(沪深京),1110222730000.0,11102.2273,1.11022273,2419.0,2814.0,0.4622587425950697,-395.0,81.0,11.0,70.0,2025,2025-04,46.22587425950698
2025-04-16,883957.TI,同花顺全A(沪深京),1140807050000.0,11408.0705,1.14080705,1010.0,4314.0,0.1897069872276484,-3304.0,54.0,14.0,40.0,2025,2025-04,18.97069872276484
2025-04-17,883957.TI,同花顺全A(沪深京),1030415930000.0,10304.1593,1.03041593,3127.0,2039.0,0.605303910181959,1088.0,99.0,12.0,87.0,2025,2025-04,60.53039101819589
2025-04-18,883957.TI,同花顺全A(沪深京),949173670000.0,9491.7367,0.94917367,2392.0,2741.0,0.4660042859925969,-349.0,67.0,20.0,47.0,2025,2025-04,46.60042859925969
2025-04-21,883957.TI,同花顺全A(沪深京),1073580710000.0,10735.8071,1.07358071,4363.0,875.0,0.8329515082092401,3488.0,114.0,23.0,91.0,2025,2025-04,83.29515082092401
2025-04-22,883957.TI,同花顺全A(沪深京),1121207910000.0,11212.0791,1.12120791,2532.0,2671.0,0.4866423217374591,-139.0,93.0,24.0,69.0,2025,2025-04,48.66423217374592
2025-04-23,883957.TI,同花顺全A(沪深京),1262462750000.0,12624.6275,1.26246275,3185.0,2050.0,0.6084049665711557,1135.0,72.0,34.0,38.0,2025,2025-04,60.84049665711557
2025-04-24,883957.TI,同花顺全A(沪深京),1138919100000.0,11389.191,1.1389191,1545.0,3694.0,0.2949036075586944,-2149.0,64.0,35.0,29.0,2025,2025-04,29.49036075586944
2025-04-25,883957.TI,同花顺全A(沪深京),1137010750000.0,11370.1075,1.13701075,2832.0,2371.0,0.5443013645973477,461.0,76.0,34.0,42.0,2025,2025-04,54.43013645973477
2025-04-28,883957.TI,同花顺全A(沪深京),1076684570000.0,10766.8457,1.07668457,1216.0,4109.0,0.2283568075117371,-2893.0,48.0,77.0,-29.0,2025,2025-04,22.835680751173708
2025-04-29,883957.TI,同花顺全A(沪深京),1041698130000.0,10416.9813,1.04169813,3556.0,1674.0,0.679923518164436,1882.0,73.0,57.0,16.0,2025,2025-04,67.9923518164436
2025-04-30,883957.TI,同花顺全A(沪深京),1193064400000.0,11930.644,1.1930644,3443.0,1769.0,0.6605909439754413,1674.0,99.0,39.0,60.0,2025,2025-04,66.05909439754413
2025-05-06,883957.TI,同花顺全A(沪深京),1364427000000.0,13644.27,1.364427,4962.0,378.0,0.9292134831460674,4584.0,143.0,27.0,116.0,2025,2025-05,92.92134831460676
2025-05-07,883957.TI,同花顺全A(沪深京),1505055400000.0,15050.554,1.5050554,3293.0,1891.0,0.6352237654320988,1402.0,99.0,14.0,85.0,2025,2025-05,63.52237654320988
2025-05-08,883957.TI,同花顺全A(沪深京),1321771760000.0,13217.7176,1.32177176,3838.0,1367.0,0.7373679154658982,2471.0,104.0,9.0,95.0,2025,2025-05,73.73679154658981
2025-05-09,883957.TI,同花顺全A(沪深京),1222373330000.0,12223.7333,1.22237333,1213.0,4062.0,0.229952606635071,-2849.0,58.0,8.0,50.0,2025,2025-05,22.995260663507107
2025-05-12,883957.TI,同花顺全A(沪深京),1340855820000.0,13408.5582,1.34085582,4111.0,1101.0,0.7887567152724482,3010.0,89.0,3.0,86.0,2025,2025-05,78.87567152724482
2025-05-13,883957.TI,同花顺全A(沪深京),1325994570000.0,13259.9457,1.32599457,1940.0,3234.0,0.3749516814843448,-1294.0,70.0,14.0,56.0,2025,2025-05,37.49516814843448
2025-05-14,883957.TI,同花顺全A(沪深京),1349894900000.0,13498.949,1.3498949,2329.0,2816.0,0.4526724975704567,-487.0,90.0,9.0,81.0,2025,2025-05,45.26724975704568
2025-05-15,883957.TI,同花顺全A(沪深京),1190408770000.0,11904.0877,1.19040877,1408.0,3854.0,0.2675788673508172,-2446.0,76.0,11.0,65.0,2025,2025-05,26.75788673508172
2025-05-16,883957.TI,同花顺全A(沪深京),1124101060000.0,11241.0106,1.12410106,3002.0,2186.0,0.5786430223592907,816.0,68.0,11.0,57.0,2025,2025-05,57.86430223592907
2025-05-19,883957.TI,同花顺全A(沪深京),1118855770000.0,11188.5577,1.11885577,3564.0,1691.0,0.6782112274024739,1873.0,121.0,0.0,121.0,2025,2025-05,67.82112274024739
2025-05-20,883957.TI,同花顺全A(沪深京),1211204760000.0,12112.0476,1.21120476,3836.0,1379.0,0.7355704697986577,2457.0,101.0,9.0,92.0,2025,2025-05,73.55704697986577
2025-05-21,883957.TI,同花顺全A(沪深京),1214340020000.0,12143.4002,1.21434002,1615.0,3604.0,0.3094462540716612,-1989.0,84.0,3.0,81.0,2025,2025-05,30.944625407166125
2025-05-22,883957.TI,同花顺全A(沪深京),1139704990000.0,11397.0499,1.13970499,887.0,4451.0,0.1661671037841888,-3564.0,50.0,17.0,33.0,2025,2025-05,16.616710378418883
2025-05-23,883957.TI,同花顺全A(沪深京),1182563790000.0,11825.6379,1.18256379,1108.0,4203.0,0.2086236113726228,-3095.0,51.0,20.0,31.0,2025,2025-05,20.862361137262287
2025-05-26,883957.TI,同花顺全A(沪深京),1033872090000.0,10338.7209,1.03387209,3797.0,1432.0,0.7261426659017021,2365.0,85.0,4.0,81.0,2025,2025-05,72.6142665901702
2025-05-27,883957.TI,同花顺全A(沪深京),1024122640000.0,10241.2264,1.02412264,2637.0,2576.0,0.5058507577210819,61.0,95.0,5.0,90.0,2025,2025-05,50.58507577210819
2025-05-28,883957.TI,同花顺全A(沪深京),1033873270000.0,10338.7327,1.03387327,1751.0,3480.0,0.3347352322691646,-1729.0,75.0,9.0,66.0,2025,2025-05,33.473523226916456
2025-05-29,883957.TI,同花顺全A(沪深京),1213409880000.0,12134.0988,1.21340988,4472.0,831.0,0.843296247407128,3641.0,120.0,15.0,105.0,2025,2025-05,84.3296247407128
2025-05-30,883957.TI,同花顺全A(沪深京),1164246590000.0,11642.4659,1.16424659,1116.0,4163.0,0.2114036749384353,-3047.0,53.0,19.0,34.0,2025,2025-05,21.14036749384353
2025-06-03,883957.TI,同花顺全A(沪深京),1163829550000.0,11638.2955,1.16382955,3391.0,1782.0,0.6555190411753334,1609.0,82.0,12.0,70.0,2025,2025-06,65.55190411753334
2025-06-04,883957.TI,同花顺全A(沪深京),1177412860000.0,11774.1286,1.17741286,3964.0,1238.0,0.7620146097654749,2726.0,86.0,2.0,84.0,2025,2025-06,76.20146097654748
2025-06-05,883957.TI,同花顺全A(沪深京),1316962270000.0,13169.6227,1.31696227,2677.0,2541.0,0.5130318129551552,136.0,76.0,12.0,64.0,2025,2025-06,51.30318129551552
2025-06-06,883957.TI,同花顺全A(沪深京),1177171740000.0,11771.7174,1.17717174,2602.0,2602.0,0.5,0.0,65.0,5.0,60.0,2025,2025-06,50.0
2025-06-09,883957.TI,同花顺全A(沪深京),1312635870000.0,13126.3587,1.31263587,4124.0,1091.0,0.7907957813998082,3033.0,87.0,3.0,84.0,2025,2025-06,79.07957813998082
2025-06-10,883957.TI,同花顺全A(沪深京),1451189400000.0,14511.894,1.4511894,1265.0,4033.0,0.2387693469233673,-2768.0,62.0,2.0,60.0,2025,2025-06,23.87693469233673
2025-06-11,883957.TI,同花顺全A(沪深京),1286570530000.0,12865.7053,1.28657053,3414.0,1737.0,0.6627839254513687,1677.0,71.0,6.0,65.0,2025,2025-06,66.27839254513687
2025-06-12,883957.TI,同花顺全A(沪深京),1303485460000.0,13034.8546,1.30348546,2328.0,2866.0,0.4482094724682325,-538.0,74.0,5.0,69.0,2025,2025-06,44.82094724682326
2025-06-13,883957.TI,同花顺全A(沪深京),1503870100000.0,15038.701,1.5038701,849.0,4475.0,0.1594665664913598,-3626.0,62.0,15.0,47.0,2025,2025-06,15.946656649135988
2025-06-16,883957.TI,同花顺全A(沪深京),1243478080000.0,12434.7808,1.24347808,3559.0,1637.0,0.684949961508853,1922.0,73.0,5.0,68.0,2025,2025-06,68.4949961508853
2025-06-17,883957.TI,同花顺全A(沪深京),1237056500000.0,12370.565,1.2370565,2250.0,2917.0,0.4354557770466422,-667.0,61.0,8.0,53.0,2025,2025-06,43.54557770466422
2025-06-18,883957.TI,同花顺全A(沪深京),1221696400000.0,12216.964,1.2216964,1813.0,3476.0,0.3427869162412554,-1663.0,49.0,12.0,37.0,2025,2025-06,34.27869162412554
2025-06-19,883957.TI,同花顺全A(沪深京),1280805920000.0,12808.0592,1.28080592,715.0,4643.0,0.1334453154162,-3928.0,39.0,20.0,19.0,2025,2025-06,13.344531541620007
2025-06-20,883957.TI,同花顺全A(沪深京),1091642590000.0,10916.4259,1.09164259,1542.0,3646.0,0.2972243639167309,-2104.0,53.0,19.0,34.0,2025,2025-06,29.72243639167309
2025-06-23,883957.TI,同花顺全A(沪深京),1146855760000.0,11468.5576,1.14685576,4442.0,844.0,0.8403329549754067,3598.0,83.0,1.0,82.0,2025,2025-06,84.03329549754068
2025-06-24,883957.TI,同花顺全A(沪深京),1447948000000.0,14479.48,1.447948,4771.0,574.0,0.8926099158091675,4197.0,85.0,19.0,66.0,2025,2025-06,89.26099158091675
2025-06-25,883957.TI,同花顺全A(沪深京),1639412300000.0,16394.123,1.6394123,3918.0,1277.0,0.754186717998075,2641.0,80.0,5.0,75.0,2025,2025-06,75.4186717998075
2025-06-26,883957.TI,同花顺全A(沪深京),1623144800000.0,16231.448,1.6231448,1621.0,3605.0,0.3101798698813624,-1984.0,72.0,2.0,70.0,2025,2025-06,31.017986988136244
2025-06-27,883957.TI,同花顺全A(沪深京),1575626300000.0,15756.263,1.5756263,3381.0,1772.0,0.6561226470017466,1609.0,60.0,5.0,55.0,2025,2025-06,65.61226470017466
2025-06-30,883957.TI,同花顺全A(沪深京),1517211000000.0,15172.11,1.517211,4056.0,1123.0,0.7831627727360494,2933.0,92.0,5.0,87.0,2025,2025-06,78.31627727360494
2025-07-01,883957.TI,同花顺全A(沪深京),1496481300000.0,14964.813,1.4964813,2625.0,2545.0,0.5077369439071566,80.0,72.0,6.0,66.0,2025,2025-07,50.77369439071566
2025-07-02,883957.TI,同花顺全A(沪深京),1405051200000.0,14050.512,1.4050512,1944.0,3282.0,0.3719862227324914,-1338.0,63.0,9.0,54.0,2025,2025-07,37.198622273249136
2025-07-03,883957.TI,同花顺全A(沪深京),1333438170000.0,13334.3817,1.33343817,3266.0,1867.0,0.6362750827975843,1399.0,65.0,7.0,58.0,2025,2025-07,63.62750827975843
2025-07-04,883957.TI,同花顺全A(沪深京),1454466500000.0,14544.665,1.4544665,1167.0,4119.0,0.220771850170261,-2952.0,41.0,12.0,29.0,2025,2025-07,22.077185017026107
2025-07-07,883957.TI,同花顺全A(沪深京),1227028830000.0,12270.2883,1.22702883,3252.0,1977.0,0.6219162363740677,1275.0,76.0,4.0,72.0,2025,2025-07,62.19162363740677
2025-07-08,883957.TI,同花顺全A(沪深京),1474581600000.0,14745.816,1.4745816,4283.0,979.0,0.813949068795135,3304.0,75.0,7.0,68.0,2025,2025-07,81.3949068795135
2025-07-09,883957.TI,同花顺全A(沪深京),1527398900000.0,15273.989,1.5273989,1857.0,3326.0,0.3582867065406135,-1469.0,61.0,6.0,55.0,2025,2025-07,35.828670654061355
2025-07-10,883957.TI,同花顺全A(沪深京),1515032300000.0,15150.323,1.5150323,2944.0,2279.0,0.5636607313804327,665.0,68.0,14.0,54.0,2025,2025-07,56.36607313804327
2025-07-11,883957.TI,同花顺全A(沪深京),1736565800000.0,17365.658,1.7365658,2960.0,2204.0,0.5731990704879938,756.0,67.0,13.0,54.0,2025,2025-07,57.31990704879938
2025-07-14,883957.TI,同花顺全A(沪深京),1480887000000.0,14808.87,1.480887,3178.0,2063.0,0.6063728296126694,1115.0,71.0,18.0,53.0,2025,2025-07,60.63728296126693
2025-07-15,883957.TI,同花顺全A(沪深京),1634970300000.0,16349.703,1.6349703,1330.0,4017.0,0.2487376098746961,-2687.0,49.0,25.0,24.0,2025,2025-07,24.87376098746961
2025-07-16,883957.TI,同花顺全A(沪深京),1461712300000.0,14617.123,1.4617123,3277.0,1930.0,0.6293451123487613,1347.0,67.0,8.0,59.0,2025,2025-07,62.93451123487613
2025-07-17,883957.TI,同花顺全A(沪深京),1560246200000.0,15602.462,1.5602462,3536.0,1611.0,0.6870021371672819,1925.0,66.0,6.0,60.0,2025,2025-07,68.70021371672819
2025-07-18,883957.TI,同花顺全A(沪深京),1593279900000.0,15932.799,1.5932799,2603.0,2565.0,0.5036764705882353,38.0,52.0,3.0,49.0,2025,2025-07,50.36764705882353
2025-07-21,883957.TI,同花顺全A(沪深京),1727135300000.0,17271.353,1.7271353,4005.0,1291.0,0.7562311178247734,2714.0,129.0,5.0,124.0,2025,2025-07,75.62311178247734
2025-07-22,883957.TI,同花顺全A(沪深京),1928645500000.0,19286.455,1.9286455,2540.0,2724.0,0.4825227963525836,-184.0,111.0,9.0,102.0,2025,2025-07,48.25227963525836
2025-07-23,883957.TI,同花顺全A(沪深京),1898368200000.0,18983.682,1.8983682,1271.0,4027.0,0.2399018497546244,-2756.0,56.0,10.0,46.0,2025,2025-07,23.99018497546244
2025-07-24,883957.TI,同花顺全A(沪深京),1873881000000.0,18738.81,1.873881,4391.0,914.0,0.8277097078228086,3477.0,79.0,1.0,78.0,2025,2025-07,82.77097078228086
2025-07-25,883957.TI,同花顺全A(沪深京),1815452500000.0,18154.525,1.8154525,2533.0,2726.0,0.4816505038980795,-193.0,49.0,15.0,34.0,2025,2025-07,48.16505038980795
2025-07-28,883957.TI,同花顺全A(沪深京),1766149400000.0,17661.494,1.7661494,2781.0,2438.0,0.5328607012837708,343.0,62.0,12.0,50.0,2025,2025-07,53.28607012837709
2025-07-29,883957.TI,同花顺全A(沪深京),1829308100000.0,18293.081,1.8293081,2240.0,3002.0,0.42731781762686,-762.0,48.0,7.0,41.0,2025,2025-07,42.731781762686
2025-07-30,883957.TI,同花顺全A(沪深京),1870975800000.0,18709.758,1.8709758,1713.0,3559.0,0.3249241274658573,-1846.0,55.0,9.0,46.0,2025,2025-07,32.492412746585735
2025-07-31,883957.TI,同花顺全A(沪深京),1961847400000.0,19618.474,1.9618474,1061.0,4287.0,0.1983919222139117,-3226.0,49.0,6.0,43.0,2025,2025-07,19.839192221391176
2025-08-01,883957.TI,同花顺全A(沪深京),1619885400000.0,16198.854,1.6198854,3307.0,1909.0,0.634010736196319,1398.0,49.0,9.0,40.0,2025,2025-08,63.4010736196319
2025-08-04,883957.TI,同花顺全A(沪深京),1518203100000.0,15182.031,1.5182031,3877.0,1312.0,0.7471574484486414,2565.0,69.0,6.0,63.0,2025,2025-08,74.71574484486413
2025-08-05,883957.TI,同花顺全A(沪深京),1615821200000.0,16158.212,1.6158212,3903.0,1327.0,0.7462715105162524,2576.0,68.0,2.0,66.0,2025,2025-08,74.62715105162523
2025-08-06,883957.TI,同花顺全A(沪深京),1759240800000.0,17592.408,1.7592408,3357.0,1817.0,0.6488210282180131,1540.0,77.0,3.0,74.0,2025,2025-08,64.88210282180131
2025-08-07,883957.TI,同花顺全A(沪深京),1852478400000.0,18524.784,1.8524784,2118.0,3086.0,0.4069946195234435,-968.0,73.0,8.0,65.0,2025,2025-08,40.69946195234435
2025-08-08,883957.TI,同花顺全A(沪深京),1736303300000.0,17363.033,1.7363033,2430.0,2802.0,0.4644495412844037,-372.0,72.0,2.0,70.0,2025,2025-08,46.44495412844037
2025-08-11,883957.TI,同花顺全A(沪深京),1849917700000.0,18499.177,1.8499177,4188.0,1068.0,0.7968036529680366,3120.0,84.0,12.0,72.0,2025,2025-08,79.68036529680366
2025-08-12,883957.TI,同花顺全A(沪深京),1905209300000.0,19052.093,1.9052093,2084.0,3167.0,0.3968767853742144,-1083.0,60.0,5.0,55.0,2025,2025-08,39.68767853742145
2025-08-13,883957.TI,同花顺全A(沪深京),2175210100000.0,21752.101,2.1752101,2733.0,2458.0,0.5264881525717588,275.0,100.0,5.0,95.0,2025,2025-08,52.64881525717588
2025-08-14,883957.TI,同花顺全A(沪深京),2306282300000.0,23062.823,2.3062823,735.0,4648.0,0.1365409622886866,-3913.0,52.0,15.0,37.0,2025,2025-08,13.654096228868662
2025-08-15,883957.TI,同花顺全A(沪深京),2272836400000.0,22728.364,2.2728364,4625.0,645.0,0.8776091081593927,3980.0,104.0,4.0,100.0,2025,2025-08,87.76091081593927
2025-08-18,883957.TI,同花顺全A(沪深京),2809130900000.0,28091.309,2.8091309,4037.0,1223.0,0.7674904942965779,2814.0,122.0,2.0,120.0,2025,2025-08,76.74904942965779
2025-08-19,883957.TI,同花顺全A(沪深京),2640678200000.0,26406.782,2.6406782,2984.0,2255.0,0.5695743462492843,729.0,104.0,10.0,94.0,2025,2025-08,56.957434624928425
2025-08-20,883957.TI,同花顺全A(沪深京),2448415200000.0,24484.152,2.4484152,3676.0,1587.0,0.6984609538286148,2089.0,102.0,14.0,88.0,2025,2025-08,69.84609538286148
2025-08-21,883957.TI,同花顺全A(沪深京),2460335600000.0,24603.356,2.4603356,2170.0,3091.0,0.4124691123360577,-921.0,56.0,14.0,42.0,2025,2025-08,41.24691123360578
2025-08-22,883957.TI,同花顺全A(沪深京),2578839500000.0,25788.395,2.5788395,2803.0,2396.0,0.5391421427197538,407.0,79.0,2.0,77.0,2025,2025-08,53.91421427197538
2025-08-25,883957.TI,同花顺全A(沪深京),3176951600000.0,31769.516,3.1769516,3351.0,1898.0,0.638407315679177,1453.0,92.0,8.0,84.0,2025,2025-08,63.8407315679177
2025-08-26,883957.TI,同花顺全A(沪深京),2709831800000.0,27098.318,2.7098318,2804.0,2470.0,0.5316647705726204,334.0,90.0,8.0,82.0,2025,2025-08,53.16647705726204
2025-08-27,883957.TI,同花顺全A(沪深京),3197790400000.0,31977.904,3.1977904,633.0,4764.0,0.1172873818788215,-4131.0,47.0,14.0,33.0,2025,2025-08,11.728738187882156
2025-08-28,883957.TI,同花顺全A(沪深京),3000888900000.0,30008.889,3.0008889,2868.0,2402.0,0.5442125237191651,466.0,66.0,9.0,57.0,2025,2025-08,54.42125237191651
2025-08-29,883957.TI,同花顺全A(沪深京),2830195900000.0,28301.959,2.8301959,1997.0,3309.0,0.3763663776856389,-1312.0,76.0,12.0,64.0,2025,2025-08,37.63663776856389
2025-09-01,883957.TI,同花顺全A(沪深京),2777646500000.0,27776.465,2.7776465,3208.0,2086.0,0.6059690215338118,1122.0,122.0,7.0,115.0,2025,2025-09,60.59690215338118
2025-09-02,883957.TI,同花顺全A(沪深京),2912423700000.0,29124.237,2.9124237,1259.0,4056.0,0.2368767638758231,-2797.0,54.0,25.0,29.0,2025,2025-09,23.687676387582314
2025-09-03,883957.TI,同花顺全A(沪深京),2395681400000.0,23956.814,2.3956814,823.0,4560.0,0.1528887237599851,-3737.0,40.0,22.0,18.0,2025,2025-09,15.288872375998514
2025-09-04,883957.TI,同花顺全A(沪深京),2581892800000.0,25818.928,2.5818928,2298.0,2990.0,0.4345688350983359,-692.0,43.0,47.0,-4.0,2025,2025-09,43.45688350983359
2025-09-05,883957.TI,同花顺全A(沪深京),2348360100000.0,23483.601,2.3483601,4857.0,473.0,0.9112570356472796,4384.0,107.0,7.0,100.0,2025,2025-09,91.12570356472796
2025-09-08,883957.TI,同花顺全A(沪深京),2463140200000.0,24631.402,2.4631402,3957.0,1350.0,0.7456189937817976,2607.0,85.0,7.0,78.0,2025,2025-09,74.56189937817976
2025-09-09,883957.TI,同花顺全A(沪深京),2152079200000.0,21520.792,2.1520792,1299.0,4011.0,0.2446327683615819,-2712.0,63.0,7.0,56.0,2025,2025-09,24.4632768361582
2025-09-10,883957.TI,同花顺全A(沪深京),2003951200000.0,20039.512,2.0039512,2442.0,2769.0,0.4686240644789867,-327.0,63.0,5.0,58.0,2025,2025-09,46.86240644789868
2025-09-11,883957.TI,同花顺全A(沪深京),2464589800000.0,24645.898,2.4645898,4221.0,1047.0,0.80125284738041,3174.0,94.0,6.0,88.0,2025,2025-09,80.125284738041
2025-09-12,883957.TI,同花顺全A(沪深京),2548313200000.0,25483.132,2.5483132,1926.0,3373.0,0.3634648046801283,-1447.0,74.0,7.0,67.0,2025,2025-09,36.34648046801283
2025-09-15,883957.TI,同花顺全A(沪深京),2303144900000.0,23031.449,2.3031449,1916.0,3374.0,0.3621928166351607,-1458.0,81.0,11.0,70.0,2025,2025-09,36.21928166351607
2025-09-16,883957.TI,同花顺全A(沪深京),2367047400000.0,23670.474,2.3670474,3629.0,1688.0,0.6825277412074479,1941.0,88.0,7.0,81.0,2025,2025-09,68.25277412074479
2025-09-17,883957.TI,同花顺全A(沪深京),2402915800000.0,24029.158,2.4029158,2504.0,2756.0,0.4760456273764258,-252.0,80.0,4.0,76.0,2025,2025-09,47.60456273764259
2025-09-18,883957.TI,同花顺全A(沪深京),3166628300000.0,31666.283,3.1666283,1027.0,4349.0,0.1910342261904762,-3322.0,64.0,8.0,56.0,2025,2025-09,19.10342261904762
2025-09-19,883957.TI,同花顺全A(沪深京),2349405200000.0,23494.052,2.3494052,1911.0,3403.0,0.3596161083929243,-1492.0,59.0,26.0,33.0,2025,2025-09,35.96161083929243
2025-09-22,883957.TI,同花顺全A(沪深京),2142456100000.0,21424.561,2.1424561,2175.0,3152.0,0.4082973531068143,-977.0,73.0,12.0,61.0,2025,2025-09,40.82973531068144
2025-09-23,883957.TI,同花顺全A(沪深京),2518466200000.0,25184.662,2.5184662,1107.0,4266.0,0.2060301507537688,-3159.0,53.0,24.0,29.0,2025,2025-09,20.603015075376884
2025-09-24,883957.TI,同花顺全A(沪深京),2347146700000.0,23471.467,2.3471467,4457.0,853.0,0.8393596986817325,3604.0,88.0,13.0,75.0,2025,2025-09,83.93596986817326
2025-09-25,883957.TI,同花顺全A(沪深京),2391764100000.0,23917.641,2.3917641,1477.0,3876.0,0.2759200448346721,-2399.0,52.0,9.0,43.0,2025,2025-09,27.59200448346721
2025-09-26,883957.TI,同花顺全A(沪深京),2166102200000.0,21661.022,2.1661022,1806.0,3413.0,0.3460433033148112,-1607.0,57.0,24.0,33.0,2025,2025-09,34.60433033148112
2025-09-29,883957.TI,同花顺全A(沪深京),2178138700000.0,21781.387,2.1781387,3576.0,1657.0,0.6833556277469902,1919.0,66.0,7.0,59.0,2025,2025-09,68.33556277469903
2025-09-30,883957.TI,同花顺全A(沪深京),2197244400000.0,21972.444,2.1972444,2657.0,2577.0,0.507642338555598,80.0,63.0,10.0,53.0,2025,2025-09,50.7642338555598
2025-10-09,883957.TI,同花顺全A(沪深京),2671813200000.0,26718.132,2.6718132,3115.0,2186.0,0.5876249764195435,929.0,97.0,24.0,73.0,2025,2025-10,58.76249764195435
2025-10-10,883957.TI,同花顺全A(沪深京),2534141000000.0,25341.41,2.534141,2774.0,2536.0,0.5224105461393597,238.0,69.0,15.0,54.0,2025,2025-10,52.241054613935965
2025-10-13,883957.TI,同花顺全A(沪深京),2374209800000.0,23742.098,2.3742098,1684.0,3633.0,0.3167199548617641,-1949.0,72.0,10.0,62.0,2025,2025-10,31.671995486176414
2025-10-14,883957.TI,同花顺全A(沪深京),2596587200000.0,25965.872,2.5965872,1734.0,3554.0,0.327912254160363,-1820.0,45.0,8.0,37.0,2025,2025-10,32.791225416036305
2025-10-15,883957.TI,同花顺全A(沪深京),2090386800000.0,20903.868,2.0903868,4333.0,950.0,0.82017792920689,3383.0,82.0,7.0,75.0,2025,2025-10,82.017792920689
2025-10-16,883957.TI,同花顺全A(沪深京),1948659800000.0,19486.598,1.9486598,1177.0,4171.0,0.2200822737471952,-2994.0,55.0,7.0,48.0,2025,2025-10,22.00822737471952
2025-10-17,883957.TI,同花顺全A(沪深京),1954407100000.0,19544.071,1.9544071,603.0,4783.0,0.1119569253620497,-4180.0,44.0,28.0,16.0,2025,2025-10,11.195692536204977
2025-10-20,883957.TI,同花顺全A(沪深京),1751295000000.0,17512.95,1.751295,4064.0,1253.0,0.764340793680647,2811.0,94.0,6.0,88.0,2025,2025-10,76.4340793680647
2025-10-21,883957.TI,同花顺全A(沪深京),1892692300000.0,18926.923,1.8926923,4628.0,729.0,0.8639163711032294,3899.0,90.0,5.0,85.0,2025,2025-10,86.39163711032293
2025-10-22,883957.TI,同花顺全A(沪深京),1690258800000.0,16902.588,1.6902588,2280.0,2965.0,0.434699714013346,-685.0,72.0,8.0,64.0,2025,2025-10,43.46997140133461
2025-10-23,883957.TI,同花顺全A(沪深京),1660709200000.0,16607.092,1.6607092,2994.0,2302.0,0.5653323262839879,692.0,72.0,9.0,63.0,2025,2025-10,56.53323262839879
2025-10-24,883957.TI,同花顺全A(沪深京),1991617000000.0,19916.17,1.991617,3028.0,2275.0,0.5709975485574204,753.0,71.0,10.0,61.0,2025,2025-10,57.099754855742034
2025-10-27,883957.TI,同花顺全A(沪深京),2356587600000.0,23565.876,2.3565876,3361.0,1862.0,0.6434999042695768,1499.0,63.0,15.0,48.0,2025,2025-10,64.34999042695767
2025-10-28,883957.TI,同花顺全A(沪深京),2165307300000.0,21653.073,2.1653073,2366.0,2908.0,0.4486158513462268,-542.0,70.0,10.0,60.0,2025,2025-10,44.86158513462268
2025-10-29,883957.TI,同花顺全A(沪深京),2290674600000.0,22906.746,2.2906746,2672.0,2621.0,0.5048176837332325,51.0,62.0,10.0,52.0,2025,2025-10,50.481768373323256
2025-10-30,883957.TI,同花顺全A(沪深京),2464293900000.0,24642.939,2.4642939,1242.0,4100.0,0.2324971920628978,-2858.0,61.0,10.0,51.0,2025,2025-10,23.24971920628978
2025-10-31,883957.TI,同花顺全A(沪深京),2349811500000.0,23498.115,2.3498115,3760.0,1553.0,0.7076980990024468,2207.0,76.0,17.0,59.0,2025,2025-10,70.76980990024468
2025-11-03,883957.TI,同花顺全A(沪深京),2132906300000.0,21329.063,2.1329063,3535.0,1801.0,0.6624812593703149,1734.0,90.0,11.0,79.0,2025,2025-11,66.24812593703149
2025-11-04,883957.TI,同花顺全A(沪深京),1938395600000.0,19383.956,1.9383956,1630.0,3650.0,0.3087121212121212,-2020.0,67.0,8.0,59.0,2025,2025-11,30.87121212121212
2025-11-05,883957.TI,同花顺全A(沪深京),1894339700000.0,18943.397,1.8943397,3380.0,1906.0,0.6394248959515701,1474.0,82.0,7.0,75.0,2025,2025-11,63.94248959515701
2025-11-06,883957.TI,同花顺全A(沪深京),2075903400000.0,20759.034,2.0759034,2880.0,2388.0,0.5466970387243736,492.0,72.0,17.0,55.0,2025,2025-11,54.66970387243736
2025-11-07,883957.TI,同花顺全A(沪深京),2020205800000.0,20202.058,2.0202058,2101.0,3162.0,0.3992019760592817,-1061.0,63.0,8.0,55.0,2025,2025-11,39.92019760592817
2025-11-10,883957.TI,同花顺全A(沪深京),2194372600000.0,21943.726,2.1943726,3376.0,1957.0,0.6330395649728108,1419.0,92.0,10.0,82.0,2025,2025-11,63.30395649728108
2025-11-11,883957.TI,同花顺全A(沪深京),2013884300000.0,20138.843,2.0138843,2785.0,2504.0,0.526564567971261,281.0,81.0,6.0,75.0,2025,2025-11,52.6564567971261
2025-11-12,883957.TI,同花顺全A(沪深京),1964813500000.0,19648.135,1.9648135,1758.0,3563.0,0.3303890246194324,-1805.0,77.0,10.0,67.0,2025,2025-11,33.038902461943245
2025-11-13,883957.TI,同花顺全A(沪深京),2065681000000.0,20656.81,2.065681,3953.0,1338.0,0.7471177471177471,2615.0,104.0,0.0,104.0,2025,2025-11,74.71177471177471
2025-11-14,883957.TI,同花顺全A(沪深京),1980381400000.0,19803.814,1.9803814,1961.0,3323.0,0.3711203633610901,-1362.0,89.0,9.0,80.0,2025,2025-11,37.11203633610901
2025-11-17,883957.TI,同花顺全A(沪深京),1930321700000.0,19303.217,1.9303217,2584.0,2726.0,0.4866290018832391,-142.0,100.0,10.0,90.0,2025,2025-11,48.66290018832392
2025-11-18,883957.TI,同花顺全A(沪深京),1945959300000.0,19459.593,1.9459593,1278.0,4106.0,0.2373699851411589,-2828.0,62.0,36.0,26.0,2025,2025-11,23.736998514115896
2025-11-19,883957.TI,同花顺全A(沪深京),1742665300000.0,17426.653,1.7426653,1200.0,4175.0,0.2232558139534883,-2975.0,64.0,33.0,31.0,2025,2025-11,22.32558139534884
2025-11-20,883957.TI,同花顺全A(沪深京),1722634200000.0,17226.342,1.7226342,1453.0,3850.0,0.2739958514048651,-2397.0,49.0,20.0,29.0,2025,2025-11,27.399585140486515
2025-11-21,883957.TI,同花顺全A(沪深京),1983599600000.0,19835.996,1.9835996,354.0,5072.0,0.0652414301511242,-4718.0,33.0,99.0,-66.0,2025,2025-11,6.524143015112421
2025-11-24,883957.TI,同花顺全A(沪深京),1740347100000.0,17403.471,1.7403471,4228.0,1104.0,0.7929482370592649,3124.0,79.0,33.0,46.0,2025,2025-11,79.29482370592649
2025-11-25,883957.TI,同花顺全A(沪深京),1826169700000.0,18261.697,1.8261697,4299.0,994.0,0.8122047987908558,3305.0,95.0,5.0,90.0,2025,2025-11,81.22047987908559
2025-11-26,883957.TI,同花顺全A(沪深京),1797190800000.0,17971.908,1.7971908,1692.0,3593.0,0.3201513718070009,-1901.0,76.0,6.0,70.0,2025,2025-11,32.015137180700094
2025-11-27,883957.TI,同花顺全A(沪深京),1723171900000.0,17231.719,1.7231719,2790.0,2447.0,0.5327477563490548,343.0,63.0,14.0,49.0,2025,2025-11,53.27477563490548
2025-11-28,883957.TI,同花顺全A(沪深京),1597730900000.0,15977.309,1.5977309,4122.0,1193.0,0.7755409219190968,2929.0,81.0,6.0,75.0,2025,2025-11,77.55409219190969
2025-12-01,883957.TI,同花顺全A(沪深京),1889448900000.0,18894.489,1.8894489,3398.0,1872.0,0.6447817836812144,1526.0,75.0,7.0,68.0,2025,2025-12,64.47817836812145
2025-12-02,883957.TI,同花顺全A(沪深京),1607266000000.0,16072.66,1.607266,1544.0,3740.0,0.2922028766086298,-2196.0,54.0,7.0,47.0,2025,2025-12,29.220287660862983
2025-12-03,883957.TI,同花顺全A(沪深京),1683556000000.0,16835.56,1.683556,1443.0,3876.0,0.2712915961646926,-2433.0,54.0,14.0,40.0,2025,2025-12,27.129159616469263
2025-12-04,883957.TI,同花顺全A(沪深京),1561664100000.0,15616.641,1.5616641,1455.0,3878.0,0.2728295518469904,-2423.0,39.0,26.0,13.0,2025,2025-12,27.28295518469904
2025-12-05,883957.TI,同花顺全A(沪深京),1738953000000.0,17389.53,1.738953,4387.0,975.0,0.8181648638567699,3412.0,80.0,12.0,68.0,2025,2025-12,81.816486385677
2025-12-08,883957.TI,同花顺全A(沪深京),2051613500000.0,20516.135,2.0516135,3409.0,1866.0,0.6462559241706161,1543.0,78.0,8.0,70.0,2025,2025-12,64.62559241706161
2025-12-09,883957.TI,同花顺全A(沪深京),1917598700000.0,19175.987,1.9175987,1308.0,4057.0,0.2438024231127679,-2749.0,54.0,12.0,42.0,2025,2025-12,24.380242311276795
2025-12-10,883957.TI,同花顺全A(沪深京),1791609600000.0,17916.096,1.7916096,2434.0,2844.0,0.4611595301250473,-410.0,59.0,11.0,48.0,2025,2025-12,46.11595301250473
2025-12-11,883957.TI,同花顺全A(沪深京),1885173500000.0,18851.735,1.8851735,1032.0,4377.0,0.1907931225734886,-3345.0,36.0,29.0,7.0,2025,2025-12,19.079312257348864
2025-12-12,883957.TI,同花顺全A(沪深京),2118945400000.0,21189.454,2.1189454,2684.0,2610.0,0.5069890442009822,74.0,82.0,25.0,57.0,2025,2025-12,50.69890442009822
2025-12-15,883957.TI,同花顺全A(沪深京),1794376000000.0,17943.76,1.794376,2314.0,2966.0,0.4382575757575757,-652.0,63.0,23.0,40.0,2025,2025-12,43.82575757575757
2025-12-16,883957.TI,同花顺全A(沪深京),1748054000000.0,17480.54,1.748054,1091.0,4300.0,0.2023743275830087,-3209.0,44.0,36.0,8.0,2025,2025-12,20.23743275830088
2025-12-17,883957.TI,同花顺全A(沪深京),1834334600000.0,18343.346,1.8343346,3626.0,1633.0,0.6894846929073969,1993.0,57.0,25.0,32.0,2025,2025-12,68.9484692907397
2025-12-18,883957.TI,同花顺全A(沪深京),1676779100000.0,16767.791,1.6767791,2844.0,2415.0,0.5407872219053051,429.0,71.0,8.0,63.0,2025,2025-12,54.07872219053051
2025-12-19,883957.TI,同花顺全A(沪深京),1748717300000.0,17487.173,1.7487173,4477.0,904.0,0.832001486712507,3573.0,82.0,6.0,76.0,2025,2025-12,83.2001486712507
2025-12-22,883957.TI,同花顺全A(沪深京),1882168600000.0,18821.686,1.8821686,2984.0,2263.0,0.5687059271964933,721.0,104.0,7.0,97.0,2025,2025-12,56.87059271964932
2025-12-23,883957.TI,同花顺全A(沪深京),1921350400000.0,19213.504,1.9213504,1512.0,3854.0,0.2817741334327245,-2342.0,68.0,15.0,53.0,2025,2025-12,28.17741334327245
2025-12-24,883957.TI,同花顺全A(沪深京),1897209400000.0,18972.094,1.8972094,4126.0,1137.0,0.7839635189055671,2989.0,85.0,6.0,79.0,2025,2025-12,78.39635189055672
2025-12-25,883957.TI,同花顺全A(沪深京),1943871100000.0,19438.711,1.9438711,3772.0,1473.0,0.719161105815062,2299.0,92.0,2.0,90.0,2025,2025-12,71.9161105815062
2025-12-26,883957.TI,同花顺全A(沪深京),2181039300000.0,21810.393,2.1810393,1864.0,3414.0,0.3531640773020083,-1550.0,91.0,3.0,88.0,2025,2025-12,35.31640773020083
2025-12-29,883957.TI,同花顺全A(沪深京),2157656700000.0,21576.567,2.1576567,1995.0,3330.0,0.3746478873239436,-1335.0,87.0,24.0,63.0,2025,2025-12,37.46478873239437
2025-12-30,883957.TI,同花顺全A(沪深京),2161235700000.0,21612.357,2.1612357,1840.0,3479.0,0.3459296860312089,-1639.0,65.0,18.0,47.0,2025,2025-12,34.59296860312089
2025-12-31,883957.TI,同花顺全A(沪深京),2065667300000.0,20656.673,2.0656673,2473.0,2775.0,0.4712271341463415,-302.0,62.0,12.0,50.0,2025,2025-12,47.12271341463415
2026-01-05,883957.TI,同花顺全A(沪深京),2567164200000.0,25671.642,2.5671642,4184.0,1168.0,0.7817638266068759,3016.0,126.0,12.0,114.0,2026,2026-01,78.1763826606876
2026-01-06,883957.TI,同花顺全A(沪深京),2832209800000.0,28322.098,2.8322098,4107.0,1222.0,0.7706886845562019,2885.0,140.0,2.0,138.0,2026,2026-01,77.06886845562019
2026-01-07,883957.TI,同花顺全A(沪深京),2881485200000.0,28814.852,2.8814852,2172.0,3190.0,0.4050727340544573,-1018.0,97.0,7.0,90.0,2026,2026-01,40.50727340544573
2026-01-08,883957.TI,同花顺全A(沪深京),2826181500000.0,28261.815,2.8261815,3730.0,1595.0,0.7004694835680751,2135.0,111.0,6.0,105.0,2026,2026-01,70.04694835680752
2026-01-09,883957.TI,同花顺全A(沪深京),3152298500000.0,31522.985,3.1522985,3920.0,1348.0,0.7441154138192863,2572.0,107.0,1.0,106.0,2026,2026-01,74.41154138192863
2026-01-12,883957.TI,同花顺全A(沪深京),3644537100000.0,36445.371,3.6445371,4143.0,1182.0,0.7780281690140846,2961.0,196.0,9.0,187.0,2026,2026-01,77.80281690140846
2026-01-13,883957.TI,同花顺全A(沪深京),3698730900000.0,36987.309,3.6987309,1621.0,3729.0,0.3029906542056075,-2108.0,74.0,56.0,18.0,2026,2026-01,30.29906542056075
2026-01-14,883957.TI,同花顺全A(沪深京),3986765000000.0,39867.65,3.986765,2747.0,2591.0,0.5146122143124766,156.0,107.0,19.0,88.0,2026,2026-01,51.46122143124766
2026-01-15,883957.TI,同花顺全A(沪深京),2938427500000.0,29384.275,2.9384275,2229.0,3121.0,0.4166355140186916,-892.0,63.0,71.0,-8.0,2026,2026-01,41.66355140186916
2026-01-16,883957.TI,同花顺全A(沪深京),3056434200000.0,30564.342,3.0564342,2371.0,2972.0,0.4437581882837357,-601.0,67.0,57.0,10.0,2026,2026-01,44.375818828373575
2026-01-19,883957.TI,同花顺全A(沪深京),2732137800000.0,27321.378,2.7321378,3526.0,1828.0,0.6585730295106462,1698.0,102.0,30.0,72.0,2026,2026-01,65.85730295106463
2026-01-20,883957.TI,同花顺全A(沪深京),2804094300000.0,28040.943,2.8040943,2233.0,3102.0,0.4185567010309278,-869.0,61.0,23.0,38.0,2026,2026-01,41.855670103092784
2026-01-21,883957.TI,同花顺全A(沪深京),2623643800000.0,26236.438,2.6236438,3096.0,2196.0,0.5850340136054422,900.0,87.0,11.0,76.0,2026,2026-01,58.50340136054422
2026-01-22,883957.TI,同花顺全A(沪深京),2716403700000.0,27164.037,2.7164037,3577.0,1777.0,0.6680986178558087,1800.0,91.0,5.0,86.0,2026,2026-01,66.80986178558086
2026-01-23,883957.TI,同花顺全A(沪深京),3118107600000.0,31181.076,3.1181076,3941.0,1390.0,0.7392609266554118,2551.0,119.0,2.0,117.0,2026,2026-01,73.92609266554118
2026-01-26,883957.TI,同花顺全A(沪深京),3280643800000.0,32806.438,3.2806438,1604.0,3771.0,0.2984186046511627,-2167.0,77.0,40.0,37.0,2026,2026-01,29.84186046511628
2026-01-27,883957.TI,同花顺全A(沪深京),2921453700000.0,29214.537,2.9214537,1928.0,3454.0,0.3582311408398365,-1526.0,59.0,12.0,47.0,2026,2026-01,35.82311408398365
2026-01-28,883957.TI,同花顺全A(沪深京),2992287300000.0,29922.873,2.9922873,1739.0,3640.0,0.323294292619446,-1901.0,84.0,28.0,56.0,2026,2026-01,32.3294292619446
2026-01-29,883957.TI,同花顺全A(沪深京),3259415900000.0,32594.159,3.2594159,1803.0,3566.0,0.3358167256472341,-1763.0,86.0,35.0,51.0,2026,2026-01,33.58167256472341
2026-01-30,883957.TI,同花顺全A(沪深京),2862425500000.0,28624.255,2.8624255,2453.0,2896.0,0.4585903907272387,-443.0,57.0,60.0,-3.0,2026,2026-01,45.859039072723874
2026-02-02,883957.TI,同花顺全A(沪深京),2606636400000.0,26066.364,2.6066364,771.0,4652.0,0.1421722293933247,-3881.0,44.0,123.0,-79.0,2026,2026-02,14.217222939332473
2026-02-03,883957.TI,同花顺全A(沪深京),2565615300000.0,25656.153,2.5656153,4856.0,532.0,0.9012620638455828,4324.0,82.0,22.0,60.0,2026,2026-02,90.12620638455827
2026-02-04,883957.TI,同花顺全A(沪深京),2503261900000.0,25032.619,2.5032619,3254.0,2130.0,0.6043833580980683,1124.0,77.0,14.0,63.0,2026,2026-02,60.43833580980683
2026-02-05,883957.TI,同花顺全A(沪深京),2194276800000.0,21942.768,2.1942768,1618.0,3719.0,0.3031665729810755,-2101.0,56.0,23.0,33.0,2026,2026-02,30.31665729810755
2026-02-06,883957.TI,同花顺全A(沪深京),2163476000000.0,21634.76,2.163476,2749.0,2550.0,0.5187771277599547,199.0,61.0,10.0,51.0,2026,2026-02,51.87771277599546
2026-02-09,883957.TI,同花顺全A(沪深京),2270178500000.0,22701.785,2.2701785,4612.0,759.0,0.8586855334202197,3853.0,96.0,8.0,88.0,2026,2026-02,85.86855334202197
2026-02-10,883957.TI,同花顺全A(沪深京),2124744000000.0,21247.44,2.124744,2195.0,3128.0,0.4123614503099755,-933.0,71.0,10.0,61.0,2026,2026-02,41.23614503099756
2026-02-11,883957.TI,同花顺全A(沪深京),2001044100000.0,20010.441,2.0010441,2050.0,3241.0,0.3874503874503874,-1191.0,60.0,10.0,50.0,2026,2026-02,38.74503874503875
2026-02-12,883957.TI,同花顺全A(沪深京),2160772600000.0,21607.726,2.1607726,2108.0,3280.0,0.3912397921306607,-1172.0,69.0,22.0,47.0,2026,2026-02,39.12397921306607
2026-02-13,883957.TI,同花顺全A(沪深京),1998942100000.0,19989.421,1.9989421,1540.0,3829.0,0.286831812255541,-2289.0,46.0,16.0,30.0,2026,2026-02,28.683181225554105
2026-02-24,883957.TI,同花顺全A(沪深京),2218160400000.0,22181.604,2.2181604,4006.0,1392.0,0.7421267135976287,2614.0,108.0,21.0,87.0,2026,2026-02,74.21267135976287
2026-02-25,883957.TI,同花顺全A(沪深京),2480893000000.0,24808.93,2.480893,3748.0,1609.0,0.6996453238753033,2139.0,101.0,4.0,97.0,2026,2026-02,69.96453238753033
2026-02-26,883957.TI,同花顺全A(沪深京),2556639300000.0,25566.393,2.5566393,2485.0,2870.0,0.4640522875816993,-385.0,78.0,5.0,73.0,2026,2026-02,46.40522875816993
2026-02-27,883957.TI,同花顺全A(沪深京),2505480700000.0,25054.807,2.5054807,3271.0,2068.0,0.6126615471061997,1203.0,91.0,1.0,90.0,2026,2026-02,61.26615471061997
2026-03-02,883957.TI,同花顺全A(沪深京),3045765000000.0,30457.65,3.045765,1142.0,4282.0,0.2105457227138643,-3140.0,93.0,21.0,72.0,2026,2026-03,21.05457227138644
2026-03-03,883957.TI,同花顺全A(沪深京),3157556900000.0,31575.569,3.1575569,643.0,4807.0,0.1179816513761467,-4164.0,79.0,82.0,-3.0,2026,2026-03,11.798165137614678
2026-03-04,883957.TI,同花顺全A(沪深京),2387942300000.0,23879.423,2.3879423,1745.0,3640.0,0.3240482822655524,-1895.0,46.0,21.0,25.0,2026,2026-03,32.404828226555246
2026-03-05,883957.TI,同花顺全A(沪深京),2412591200000.0,24125.912,2.4125912,4079.0,1306.0,0.7574744661095636,2773.0,78.0,7.0,71.0,2026,2026-03,75.74744661095636
2026-03-06,883957.TI,同花顺全A(沪深京),2219241400000.0,22192.414,2.2192414,4260.0,1154.0,0.78684891023273,3106.0,88.0,5.0,83.0,2026,2026-03,78.684891023273
2026-03-09,883957.TI,同花顺全A(沪深京),2670582200000.0,26705.822,2.6705822,1423.0,3964.0,0.2641544458882495,-2541.0,50.0,9.0,41.0,2026,2026-03,26.41544458882495
2026-03-10,883957.TI,同花顺全A(沪深京),2416829700000.0,24168.297,2.4168297,4536.0,850.0,0.8421834385443743,3686.0,70.0,7.0,63.0,2026,2026-03,84.21834385443742
2026-03-11,883957.TI,同花顺全A(沪深京),2528293000000.0,25282.93,2.528293,2060.0,3284.0,0.3854790419161676,-1224.0,67.0,2.0,65.0,2026,2026-03,38.547904191616766
2026-03-12,883957.TI,同花顺全A(沪深京),2460555500000.0,24605.555,2.4605555,1494.0,3893.0,0.2773343233710785,-2399.0,64.0,6.0,58.0,2026,2026-03,27.73343233710785
2026-03-13,883957.TI,同花顺全A(沪深京),2417275900000.0,24172.759,2.4172759,1502.0,3828.0,0.2818011257035647,-2326.0,68.0,22.0,46.0,2026,2026-03,28.180112570356474
2026-03-16,883957.TI,同花顺全A(沪深京),2339903000000.0,23399.03,2.339903,2843.0,2494.0,0.532696271313472,349.0,60.0,10.0,50.0,2026,2026-03,53.2696271313472
2026-03-17,883957.TI,同花顺全A(沪深京),2224568700000.0,22245.687,2.2245687,867.0,4541.0,0.1603180473372781,-3674.0,52.0,15.0,37.0,2026,2026-03,16.03180473372781
2026-03-18,883957.TI,同花顺全A(沪深京),2061028900000.0,20610.289,2.0610289,3554.0,1831.0,0.6599814298978645,1723.0,70.0,14.0,56.0,2026,2026-03,65.99814298978644
2026-03-19,883957.TI,同花顺全A(沪深京),2127262100000.0,21272.621,2.1272621,505.0,4955.0,0.0924908424908425,-4450.0,36.0,14.0,22.0,2026,2026-03,9.24908424908425
2026-03-20,883957.TI,同花顺全A(沪深京),2302776900000.0,23027.769,2.3027769,662.0,4785.0,0.1215347897925463,-4123.0,39.0,23.0,16.0,2026,2026-03,12.153478979254634
2026-03-23,883957.TI,同花顺全A(沪深京),2448074400000.0,24480.744,2.4480744,305.0,5171.0,0.0556975894813732,-4866.0,38.0,133.0,-95.0,2026,2026-03,5.569758948137327
2026-03-24,883957.TI,同花顺全A(沪深京),2096042200000.0,20960.422,2.0960422,5135.0,329.0,0.939787701317716,4806.0,100.0,8.0,92.0,2026,2026-03,93.9787701317716
2026-03-25,883957.TI,同花顺全A(沪深京),2192828200000.0,21928.282,2.1928282,4874.0,560.0,0.8969451601030548,4314.0,105.0,4.0,101.0,2026,2026-03,89.69451601030548
2026-03-26,883957.TI,同花顺全A(沪深京),1956954700000.0,19569.547,1.9569547,916.0,4492.0,0.169378698224852,-3576.0,51.0,13.0,38.0,2026,2026-03,16.937869822485208
2026-03-27,883957.TI,同花顺全A(沪深京),1863781700000.0,18637.817,1.8637817,4337.0,1072.0,0.8018117951562211,3265.0,93.0,5.0,88.0,2026,2026-03,80.18117951562212
2026-03-30,883957.TI,同花顺全A(沪深京),1927536400000.0,19275.364,1.9275364,2868.0,2464.0,0.5378844711177795,404.0,76.0,16.0,60.0,2026,2026-03,53.78844711177795
2026-03-31,883957.TI,同花顺全A(沪深京),2005798200000.0,20057.982,2.0057982,1011.0,4376.0,0.1876740300723965,-3365.0,59.0,17.0,42.0,2026,2026-03,18.76740300723965
2026-04-01,883957.TI,同花顺全A(沪深京),2024774000000.0,20247.74,2.024774,4495.0,885.0,0.8355018587360595,3610.0,65.0,14.0,51.0,2026,2026-04,83.55018587360595
2026-04-02,883957.TI,同花顺全A(沪深京),1857747400000.0,18577.474,1.8577474,1051.0,4378.0,0.1935899797384417,-3327.0,31.0,16.0,15.0,2026,2026-04,19.35899797384417
2026-04-03,883957.TI,同花顺全A(沪深京),1668872000000.0,16688.72,1.668872,716.0,4744.0,0.1311355311355311,-4028.0,38.0,41.0,-3.0,2026,2026-04,13.113553113553117
2026-04-07,883957.TI,同花顺全A(沪深京),1623545300000.0,16235.453,1.6235453,3977.0,1424.0,0.7363451212738382,2553.0,101.0,18.0,83.0,2026,2026-04,73.63451212738383
2026-04-08,883957.TI,同花顺全A(沪深京),2450619900000.0,24506.199,2.4506199,5174.0,300.0,0.9451954694921448,4874.0,134.0,12.0,122.0,2026,2026-04,94.51954694921449
2026-04-09,883957.TI,同花顺全A(沪深京),2147313100000.0,21473.131,2.1473131,1140.0,4297.0,0.2096744528232481,-3157.0,61.0,13.0,48.0,2026,2026-04,20.96744528232481
2026-04-10,883957.TI,同花顺全A(沪深京),2337581400000.0,23375.814,2.3375814,3976.0,1397.0,0.7399962776847199,2579.0,77.0,12.0,65.0,2026,2026-04,73.99962776847198
2026-04-13,883957.TI,同花顺全A(沪深京),2163051100000.0,21630.511,2.1630511,2378.0,2959.0,0.4455686715383174,-581.0,86.0,10.0,76.0,2026,2026-04,44.55686715383174
2026-04-14,883957.TI,同花顺全A(沪深京),2396779700000.0,23967.797,2.3967797,3722.0,1594.0,0.700150489089541,2128.0,71.0,10.0,61.0,2026,2026-04,70.0150489089541
2026-04-15,883957.TI,同花顺全A(沪深京),2429466400000.0,24294.664,2.4294664,1841.0,3540.0,0.342129715666233,-1699.0,68.0,14.0,54.0,2026,2026-04,34.21297156662331
2026-04-16,883957.TI,同花顺全A(沪深京),2354953300000.0,23549.533,2.3549533,4293.0,1071.0,0.8003355704697986,3222.0,88.0,9.0,79.0,2026,2026-04,80.03355704697987
2026-04-17,883957.TI,同花顺全A(沪深京),2452879500000.0,24528.795,2.4528795,2396.0,2986.0,0.4451876625789669,-590.0,74.0,7.0,67.0,2026,2026-04,44.51876625789669
2026-04-20,883957.TI,同花顺全A(沪深京),2606509300000.0,26065.093,2.6065093,3424.0,1897.0,0.6434880661529787,1527.0,90.0,17.0,73.0,2026,2026-04,64.34880661529787
2026-04-21,883957.TI,同花顺全A(沪深京),2426625800000.0,24266.258,2.4266258,1949.0,3432.0,0.3622003345103141,-1483.0,65.0,19.0,46.0,2026,2026-04,36.220033451031405
2026-04-22,883957.TI,同花顺全A(沪深京),2578848100000.0,25788.481,2.5788481,2920.0,2433.0,0.5454885111152624,487.0,62.0,15.0,47.0,2026,2026-04,54.54885111152624
2026-04-23,883957.TI,同花顺全A(沪深京),2823104600000.0,28231.046,2.8231046,1330.0,4077.0,0.2459774366561864,-2747.0,58.0,29.0,29.0,2026,2026-04,24.597743665618644
2026-04-24,883957.TI,同花顺全A(沪深京),2657622200000.0,26576.222,2.6576222,2036.0,3352.0,0.3778767631774313,-1316.0,68.0,37.0,31.0,2026,2026-04,37.787676317743134
2026-04-27,883957.TI,同花顺全A(沪深京),2604807600000.0,26048.076,2.6048076,3284.0,2105.0,0.6093894971237707,1179.0,84.0,52.0,32.0,2026,2026-04,60.93894971237707
2026-04-28,883957.TI,同花顺全A(沪深京),2550474400000.0,25504.744,2.5504744,1699.0,3681.0,0.3157992565055762,-1982.0,75.0,54.0,21.0,2026,2026-04,31.579925650557623
2026-04-29,883957.TI,同花顺全A(沪深京),2608873800000.0,26088.738,2.6088738,3973.0,1403.0,0.7390252976190477,2570.0,118.0,39.0,79.0,2026,2026-04,73.90252976190477
2026-04-30,883957.TI,同花顺全A(沪深京),2759207200000.0,27592.072,2.7592072,2879.0,2461.0,0.5391385767790262,418.0,97.0,52.0,45.0,2026,2026-04,53.91385767790262
2026-05-06,883957.TI,同花顺全A(沪深京),3246582500000.0,32465.825,3.2465825,3889.0,1482.0,0.7240737292869112,2407.0,124.0,61.0,63.0,2026,2026-05,72.40737292869112
2026-05-07,883957.TI,同花顺全A(沪深京),3168270700000.0,31682.707,3.1682707,3520.0,1832.0,0.6576980568011959,1688.0,126.0,54.0,72.0,2026,2026-05,65.76980568011959
2026-05-08,883957.TI,同花顺全A(沪深京),3075716700000.0,30757.167,3.0757167,3638.0,1728.0,0.677972418934029,1910.0,125.0,32.0,93.0,2026,2026-05,67.7972418934029
2026-05-11,883957.TI,同花顺全A(沪深京),3565451900000.0,35654.519,3.5654519,3121.0,2239.0,0.5822761194029851,882.0,133.0,27.0,106.0,2026,2026-05,58.22761194029851
2026-05-12,883957.TI,同花顺全A(沪深京),3269735900000.0,32697.359,3.2697359,1379.0,4048.0,0.2540998710152939,-2669.0,94.0,32.0,62.0,2026,2026-05,25.409987101529392
2026-05-13,883957.TI,同花顺全A(沪深京),3264211900000.0,32642.119,3.2642119,3215.0,2134.0,0.6010469246588147,1081.0,146.0,17.0,129.0,2026,2026-05,60.10469246588147
2026-05-14,883957.TI,同花顺全A(沪深京),3388083400000.0,33880.834,3.3880834,1047.0,4387.0,0.1926757453073242,-3340.0,79.0,44.0,35.0,2026,2026-05,19.267574530732425
2026-05-15,883957.TI,同花顺全A(沪深京),3370231300000.0,33702.313,3.3702313,1816.0,3584.0,0.3362962962962963,-1768.0,72.0,44.0,28.0,2026,2026-05,33.62962962962963
2026-05-18,883957.TI,同花顺全A(沪深京),2917069600000.0,29170.696,2.9170696,2375.0,3003.0,0.4416139828932688,-628.0,101.0,53.0,48.0,2026,2026-05,44.16139828932689
2026-05-19,883957.TI,同花顺全A(沪深京),2908954000000.0,29089.54,2.908954,3608.0,1773.0,0.6705073406430032,1835.0,122.0,26.0,96.0,2026,2026-05,67.05073406430031
2026-05-20,883957.TI,同花顺全A(沪深京),2976448600000.0,29764.486,2.9764486,1638.0,3803.0,0.3010476015438338,-2165.0,69.0,38.0,31.0,2026,2026-05,30.104760154383385
2026-05-21,883957.TI,同花顺全A(沪深京),3507273600000.0,35072.736,3.5072736,695.0,4772.0,0.1271263947320285,-4077.0,35.0,65.0,-30.0,2026,2026-05,12.712639473202852
2026-05-22,883957.TI,同花顺全A(沪深京),2924655100000.0,29246.551,2.9246551,3869.0,1509.0,0.7194124209743399,2360.0,136.0,18.0,118.0,2026,2026-05,71.94124209743399
2026-05-25,883957.TI,同花顺全A(沪深京),3226945200000.0,32269.452,3.2269452,2181.0,3224.0,0.4035152636447733,-1043.0,128.0,24.0,104.0,2026,2026-05,40.35152636447734
2026-05-26,883957.TI,同花顺全A(沪深京),3264355500000.0,32643.555,3.2643555,1354.0,4081.0,0.2491260349586016,-2727.0,64.0,34.0,30.0,2026,2026-05,24.912603495860168
2026-05-27,883957.TI,同花顺全A(沪深京),3259898800000.0,32598.988,3.2598988,975.0,4488.0,0.1784733662822624,-3513.0,61.0,32.0,29.0,2026,2026-05,17.847336628226248
2026-05-28,883957.TI,同花顺全A(沪深京),2987322200000.0,29873.222,2.9873222,3018.0,2365.0,0.5606539104588519,653.0,125.0,12.0,113.0,2026,2026-05,56.06539104588519
2026-05-29,883957.TI,同花顺全A(沪深京),3340853800000.0,33408.538,3.3408538,1542.0,3883.0,0.2842396313364055,-2341.0,67.0,59.0,8.0,2026,2026-05,28.42396313364055
2026-06-01,883957.TI,同花顺全A(沪深京),2896463400000.0,28964.634,2.8964634,3775.0,1678.0,0.6922794791857693,2097.0,164.0,23.0,141.0,2026,2026-06,69.22794791857693
2026-06-02,883957.TI,同花顺全A(沪深京),2812750600000.0,28127.506,2.8127506,1542.0,3873.0,0.2847645429362881,-2331.0,93.0,15.0,78.0,2026,2026-06,28.47645429362881
2026-06-03,883957.TI,同花顺全A(沪深京),3153054600000.0,31530.546,3.1530546,1712.0,3723.0,0.3149954001839926,-2011.0,81.0,26.0,55.0,2026,2026-06,31.499540018399266
2026-06-04,883957.TI,同花顺全A(沪深京),2779082900000.0,27790.829,2.7790829,1342.0,4118.0,0.2457875457875457,-2776.0,89.0,32.0,57.0,2026,2026-06,24.578754578754577
2026-06-05,883957.TI,同花顺全A(沪深京),3100634600000.0,31006.346,3.1006346,3274.0,2112.0,0.6078722614184924,1162.0,82.0,17.0,65.0,2026,2026-06,60.78722614184924
2026-06-08,883957.TI,同花顺全A(沪深京),2823337800000.0,28233.378,2.8233378,897.0,4585.0,0.1636264137176213,-3688.0,64.0,51.0,13.0,2026,2026-06,16.36264137176213
2026-06-09,883957.TI,同花顺全A(沪深京),2666663600000.0,26666.636,2.6666636,3322.0,2044.0,0.6190831159150205,1278.0,141.0,11.0,130.0,2026,2026-06,61.908311591502056
2026-06-10,883957.TI,同花顺全A(沪深京),2644082200000.0,26440.822,2.6440822,1556.0,3875.0,0.2865034063708341,-2319.0,75.0,62.0,13.0,2026,2026-06,28.65034063708341
2026-06-11,883957.TI,同花顺全A(沪深京),2574895800000.0,25748.958,2.5748958,1367.0,4068.0,0.2515179392824287,-2701.0,78.0,50.0,28.0,2026,2026-06,25.15179392824287
2026-06-12,883957.TI,同花顺全A(沪深京),3236086100000.0,32360.861,3.2360861,3920.0,1513.0,0.7215166574636481,2407.0,100.0,23.0,77.0,2026,2026-06,72.15166574636481
2026-06-15,883957.TI,同花顺全A(沪深京),3050713700000.0,30507.137,3.0507137,3903.0,1475.0,0.7257344737820751,2428.0,159.0,10.0,149.0,2026,2026-06,72.57344737820752
2026-06-16,883957.TI,同花顺全A(沪深京),3086307300000.0,30863.073,3.0863073,2728.0,2676.0,0.5048112509252406,52.0,138.0,11.0,127.0,2026,2026-06,50.48112509252406
2026-06-17,883957.TI,同花顺全A(沪深京),3114006300000.0,31140.063,3.1140063,1721.0,3733.0,0.3155482214888155,-2012.0,96.0,18.0,78.0,2026,2026-06,31.55482214888156
2026-06-18,883957.TI,同花顺全A(沪深京),3331663500000.0,33316.635,3.3316635,2021.0,3391.0,0.3734294161123429,-1370.0,101.0,34.0,67.0,2026,2026-06,37.342941611234295
2026-06-22,883957.TI,同花顺全A(沪深京),3762049600000.0,37620.496,3.7620496,2915.0,2463.0,0.5420230568984753,452.0,151.0,29.0,122.0,2026,2026-06,54.20230568984753
2026-06-23,883957.TI,同花顺全A(沪深京),3465997100000.0,34659.971,3.4659971,2765.0,2642.0,0.5113741446273349,123.0,124.0,50.0,74.0,2026,2026-06,51.13741446273349
2026-06-24,883957.TI,同花顺全A(沪深京),3306923500000.0,33069.235,3.3069235,1434.0,4029.0,0.2624931356397584,-2595.0,106.0,56.0,50.0,2026,2026-06,26.24931356397584
2026-06-25,883957.TI,同花顺全A(沪深京),3618931300000.0,36189.313,3.6189313,1230.0,4225.0,0.225481209899175,-2995.0,92.0,79.0,13.0,2026,2026-06,22.548120989917507
2026-06-26,883957.TI,同花顺全A(沪深京),3575370500000.0,35753.705,3.5753705,787.0,4676.0,0.1440600402709134,-3889.0,73.0,44.0,29.0,2026,2026-06,14.406004027091344
2026-06-29,883957.TI,同花顺全A(沪深京),3539325200000.0,35393.252,3.5393252,2465.0,2932.0,0.4567352232721882,-467.0,123.0,68.0,55.0,2026,2026-06,45.673522327218826
2026-06-30,883957.TI,同花顺全A(沪深京),3293805400000.0,32938.054,3.2938054,3051.0,2364.0,0.5634349030470914,687.0,168.0,20.0,148.0,2026,2026-06,56.34349030470914
2026-07-01,883957.TI,同花顺全A(沪深京),3682789200000.0,36827.892,3.6827892,4327.0,1145.0,0.7907529239766082,3182.0,219.0,11.0,208.0,2026,2026-07,79.07529239766082
2026-07-02,883957.TI,同花顺全A(沪深京),3473910700000.0,34739.107,3.4739107,2215.0,3162.0,0.4119397433513111,-947.0,155.0,41.0,114.0,2026,2026-07,41.19397433513111
2026-07-03,883957.TI,同花顺全A(沪深京),3205251000000.0,32052.51,3.205251,3803.0,1625.0,0.7006263817243921,2178.0,159.0,24.0,135.0,2026,2026-07,70.06263817243921
2026-07-06,883957.TI,同花顺全A(沪深京),3112424000000.0,31124.24,3.112424,1876.0,3538.0,0.3465090506095308,-1662.0,71.0,51.0,20.0,2026,2026-07,34.650905060953086
2026-07-07,883957.TI,同花顺全A(沪深京),2598454800000.0,25984.548,2.5984548,693.0,4793.0,0.1263215457528253,-4100.0,34.0,44.0,-10.0,2026,2026-07,12.632154575282536
2026-07-08,883957.TI,同花顺全A(沪深京),2582584100000.0,25825.841,2.5825841,1591.0,3788.0,0.2957798847369399,-2197.0,56.0,43.0,13.0,2026,2026-07,29.577988473694
2026-07-09,883957.TI,同花顺全A(沪深京),2932234800000.0,29322.348,2.9322348,2487.0,2884.0,0.4630422640104263,-397.0,74.0,14.0,60.0,2026,2026-07,46.30422640104264
2026-07-10,883957.TI,同花顺全A(沪深京),3410678300000.0,34106.783,3.4106783,3769.0,1677.0,0.6920675725302975,2092.0,92.0,5.0,87.0,2026,2026-07,69.20675725302975
2026-07-13,883957.TI,同花顺全A(沪深京),2834693700000.0,28346.937,2.8346937,797.0,4684.0,0.1454114212734902,-3887.0,30.0,176.0,-146.0,2026,2026-07,14.541142127349024
2026-07-14,883957.TI,同花顺全A(沪深京),2719474600000.0,27194.746,2.7194746,4209.0,1247.0,0.7714442815249267,2962.0,86.0,25.0,61.0,2026,2026-07,77.14442815249268
2026-07-15,883957.TI,同花顺全A(沪深京),2587389300000.0,25873.893,2.5873893,3350.0,2097.0,0.6150174407930972,1253.0,73.0,33.0,40.0,2026,2026-07,61.50174407930972
2026-07-16,883957.TI,同花顺全A(沪深京),2418911400000.0,24189.114,2.4189114,2499.0,2860.0,0.4663183429744355,-361.0,47.0,38.0,9.0,2026,2026-07,46.631834297443554
2026-07-17,883957.TI,同花顺全A(沪深京),2671614700000.0,26716.147,2.6716147,481.0,5001.0,0.0877417001094491,-4520.0,34.0,198.0,-164.0,2026,2026-07,8.77417001094491
2026-07-20,883957.TI,同花顺全A(沪深京),2718074900000.0,27180.749,2.7180749,1740.0,3709.0,0.3193246467241695,-1969.0,54.0,236.0,-182.0,2026,2026-07,31.932464672416955
2026-07-21,883957.TI,同花顺全A(沪深京),2974201000000.0,29742.01,2.974201,3108.0,2300.0,0.5747041420118343,808.0,121.0,26.0,95.0,2026,2026-07,57.47041420118343
2026-07-22,883957.TI,同花顺全A(沪深京),2668612300000.0,26686.123,2.6686123,1529.0,3876.0,0.2828862164662349,-2347.0,47.0,9.0,38.0,2026,2026-07,28.288621646623497
2026-07-23,883957.TI,同花顺全A(沪深京),2209445900000.0,22094.459,2.2094459,4259.0,1208.0,0.7790378635449058,3051.0,128.0,2.0,126.0,2026,2026-07,77.90378635449058
2026-07-24,883957.TI,同花顺全A(沪深京),1944438900000.0,19444.389,1.9444389,555.0,4939.0,0.1010192937750273,-4384.0,42.0,24.0,18.0,2026,2026-07,10.10192937750273
2026-07-27,883957.TI,同花顺全A(沪深京),2088681300000.0,20886.813,2.0886813,5195.0,285.0,0.947992700729927,4910.0,121.0,6.0,115.0,2026,2026-07,94.7992700729927
2026-07-28,883957.TI,同花顺全A(沪深京),2039121100000.0,20391.211,2.0391211,2603.0,2769.0,0.4845495160089352,-166.0,68.0,49.0,19.0,2026,2026-07,48.45495160089352
2026-07-29,883957.TI,同花顺全A(沪深京),2311715900000.0,23117.159,2.3117159,4253.0,1214.0,0.7779403694896653,3039.0,86.0,9.0,77.0,2026,2026-07,77.79403694896652
2026-07-30,883957.TI,同花顺全A(沪深京),2358420200000.0,23584.202,2.3584202,1768.0,3635.0,0.3272256153988525,-1867.0,56.0,76.0,-20.0,2026,2026-07,32.72256153988525
2026-07-31,883957.TI,同花顺全A(沪深京),2559898300000.0,25598.983,2.5598983,4691.0,728.0,0.8656578704558037,3963.0,101.0,0.0,101.0,2026,2026-07,86.56578704558036
2026-08-03,883957.TI,同花顺全A(沪深京),2011058200000.0,20110.582,2.0110582,4005.0,1466.0,0.7320416742825809,2539.0,83.0,9.0,74.0,2026,2026-08,73.20416742825809
2026-08-04,883957.TI,同花顺全A(沪深京),2228443100000.0,22284.431,2.2284431,3642.0,1747.0,0.6758211170903693,1895.0,140.0,1.0,139.0,2026,2026-08,67.58211170903692
2026-08-05,883957.TI,同花顺全A(沪深京),2679889200000.0,26798.892,2.6798892,3725.0,1621.0,0.6967826412270857,2104.0,104.0,1.0,103.0,2026,2026-08,69.67826412270857
2026-08-06,883957.TI,同花顺全A(沪深京),2547510900000.0,25475.109,2.5475109,2789.0,2590.0,0.5184978620561442,199.0,83.0,1.0,82.0,2026,2026-08,51.84978620561442
2026-08-07,883957.TI,同花顺全A(沪深京),2683403200000.0,26834.032,2.6834032,2856.0,2536.0,0.5296735905044511,320.0,74.0,4.0,70.0,2026,2026-08,52.967359050445104
2026-08-10,883957.TI,同花顺全A(沪深京),2538710800000.0,25387.108,2.5387108,4068.0,1391.0,0.7451914270012823,2677.0,103.0,5.0,98.0,2026,2026-08,74.51914270012823
2026-08-11,883957.TI,同花顺全A(沪深京),2335592900000.0,23355.929,2.3355929,1615.0,3777.0,0.2995178041543027,-2162.0,60.0,2.0,58.0,2026,2026-08,29.951780415430267
2026-08-12,883957.TI,同花顺全A(沪深京),2167161900000.0,21671.619,2.1671619,4128.0,1280.0,0.7633136094674556,2848.0,96.0,0.0,96.0,2026,2026-08,76.33136094674556
2026-08-13,883957.TI,同花顺全A(沪深京),2567977000000.0,25679.77,2.567977,1141.0,4319.0,0.2089743589743589,-3178.0,62.0,4.0,58.0,2026,2026-08,20.89743589743589
2026-08-14,883957.TI,同花顺全A(沪深京),2156576000000.0,21565.76,2.156576,2399.0,2971.0,0.4467411545623836,-572.0,64.0,10.0,54.0,2026,2026-08,44.67411545623836
2026-08-17,883957.TI,同花顺全A(沪深京),2402509800000.0,24025.098,2.4025098,4335.0,1064.0,0.8029264678644193,3271.0,110.0,1.0,109.0,2026,2026-08,80.29264678644194
2026-08-18,883957.TI,同花顺全A(沪深京),2419778000000.0,24197.78,2.419778,2121.0,3292.0,0.3918344725660447,-1171.0,80.0,5.0,75.0,2026,2026-08,39.18344725660447
2026-08-19,KPH,A股市场宽度,2511042520000,25110.4252,2.51104252,449,5069,0.08137006161652773,-4620,37,119,-82,2026,2026-08,8.137006161652772

